open_time_utc,open,high,low,close,volume,quote_volume,trades,taker_buy_base,taker_buy_quote
2026-05-28T00:00Z,0.10720000,0.10760000,0.10680000,0.10720000,1051175.20000000,112760.13114000,764,544066.60000000,58350.99014000
2026-05-28T01:00Z,0.10720000,0.10720000,0.10500000,0.10650000,2325708.40000000,246557.51756000,1488,1206853.00000000,128063.28545000
2026-05-28T02:00Z,0.10660000,0.10700000,0.10630000,0.10660000,686355.70000000,73209.73905000,627,381407.30000000,40687.40990000
2026-05-28T03:00Z,0.10650000,0.10650000,0.10320000,0.10360000,5745647.70000000,599819.38841000,3538,2714218.00000000,283339.43410000
2026-05-28T04:00Z,0.10350000,0.10350000,0.10140000,0.10300000,6089398.00000000,624004.84717000,3306,3169666.20000000,324885.96398000
2026-05-28T05:00Z,0.10310000,0.10320000,0.10190000,0.10240000,2073493.80000000,212230.02776000,1014,950341.40000000,97283.56975000
2026-05-28T06:00Z,0.10230000,0.10250000,0.10120000,0.10200000,3581772.90000000,364581.08165000,1423,1579864.60000000,160898.49246000
2026-05-28T07:00Z,0.10200000,0.10320000,0.10190000,0.10320000,1252022.90000000,128588.27966000,769,682279.20000000,70108.19681000
2026-05-28T08:00Z,0.10320000,0.10330000,0.10240000,0.10250000,1049257.00000000,107940.98542000,654,498131.20000000,51241.70000000
2026-05-28T09:00Z,0.10240000,0.10310000,0.10230000,0.10290000,1000671.20000000,102835.11508000,536,512445.60000000,52663.06524000
2026-05-28T10:00Z,0.10280000,0.10310000,0.10210000,0.10210000,1442698.90000000,148146.58145000,718,606470.50000000,62286.35489000
2026-05-28T11:00Z,0.10210000,0.10250000,0.10180000,0.10220000,1367790.20000000,139777.62467000,675,553198.80000000,56549.79388000
2026-05-28T12:00Z,0.10220000,0.10270000,0.10130000,0.10260000,1645074.50000000,167984.19412000,824,922557.70000000,94317.08036000
2026-05-28T13:00Z,0.10260000,0.10280000,0.10140000,0.10180000,2867993.00000000,292314.99417000,1233,1333562.60000000,135921.62700000
2026-05-28T14:00Z,0.10180000,0.10290000,0.10050000,0.10190000,4341600.30000000,441353.99663000,2238,1982996.30000000,201817.39324000
2026-05-28T15:00Z,0.10190000,0.10250000,0.10110000,0.10200000,1053188.50000000,107264.18633000,677,583060.10000000,59393.72434000
2026-05-28T16:00Z,0.10200000,0.10390000,0.10110000,0.10370000,1750874.90000000,179630.97934000,1001,1083988.60000000,111379.50761000
2026-05-28T17:00Z,0.10380000,0.10500000,0.10350000,0.10490000,1466145.50000000,152679.60567000,759,697967.70000000,72748.70305000
2026-05-28T18:00Z,0.10490000,0.10610000,0.10470000,0.10600000,1144032.60000000,120738.85107000,804,756850.10000000,79858.26547000
2026-05-28T19:00Z,0.10590000,0.10600000,0.10470000,0.10490000,1323985.40000000,139314.19260000,923,652924.80000000,68681.67940000
2026-05-28T20:00Z,0.10490000,0.10580000,0.10400000,0.10520000,1529470.80000000,160668.73993000,1363,827882.80000000,86992.62682000
2026-05-28T21:00Z,0.10520000,0.10600000,0.10480000,0.10540000,1164214.30000000,122664.06851000,768,535326.20000000,56481.56251000
2026-05-28T22:00Z,0.10530000,0.10550000,0.10380000,0.10400000,1027589.00000000,107473.83383000,735,400839.90000000,41948.28123000
2026-05-28T23:00Z,0.10390000,0.10470000,0.10380000,0.10440000,569159.20000000,59365.21117000,480,345277.20000000,36029.43149000
2026-05-29T00:00Z,0.10440000,0.10490000,0.10420000,0.10440000,3241905.20000000,338913.62471000,1676,1303733.30000000,136332.03774000
2026-05-29T01:00Z,0.10450000,0.10500000,0.10390000,0.10450000,3446205.70000000,359695.61267000,2397,2048600.80000000,213861.74102000
2026-05-29T02:00Z,0.10460000,0.10500000,0.10340000,0.10360000,3027119.40000000,315624.08999000,2720,1243320.50000000,129682.41928000
2026-05-29T03:00Z,0.10370000,0.10430000,0.10360000,0.10370000,1204915.90000000,125366.47023000,1066,602221.40000000,62643.98567000
2026-05-29T04:00Z,0.10380000,0.10430000,0.10300000,0.10430000,521776.60000000,54085.77869000,350,295754.50000000,30696.41524000
2026-05-29T05:00Z,0.10440000,0.10490000,0.10410000,0.10450000,759649.00000000,79339.57561000,443,268664.70000000,28067.25006000
2026-05-29T06:00Z,0.10460000,0.10650000,0.10450000,0.10570000,2847689.50000000,300797.04493000,1278,1110017.20000000,117131.83785000
2026-05-29T07:00Z,0.10570000,0.10620000,0.10460000,0.10500000,1121750.80000000,118113.96476000,1075,404199.30000000,42613.71103000
2026-05-29T08:00Z,0.10500000,0.10580000,0.10490000,0.10510000,821582.10000000,86481.04080000,1049,395198.80000000,41620.74365000
2026-05-29T09:00Z,0.10510000,0.10590000,0.10500000,0.10560000,811142.70000000,85576.91940000,514,275906.30000000,29115.06680000
2026-05-29T10:00Z,0.10550000,0.10550000,0.10430000,0.10460000,821172.30000000,86017.26861000,444,490469.70000000,51389.06531000
2026-05-29T11:00Z,0.10450000,0.10460000,0.10320000,0.10380000,918321.40000000,95432.02833000,585,451038.20000000,46908.64505000
2026-05-29T12:00Z,0.10380000,0.10400000,0.10260000,0.10270000,1945249.80000000,200583.57975000,1031,686805.00000000,70830.09236000
2026-05-29T13:00Z,0.10260000,0.10290000,0.10200000,0.10270000,1463874.70000000,149965.33274000,985,491602.80000000,50396.89042000
2026-05-29T14:00Z,0.10270000,0.10300000,0.10050000,0.10250000,3818459.30000000,388530.45416000,2540,1954478.50000000,198938.69346000
2026-05-29T15:00Z,0.10260000,0.10660000,0.10230000,0.10530000,7534912.30000000,787288.58259000,3546,3709852.30000000,388045.88537000
2026-05-29T16:00Z,0.10530000,0.10550000,0.10400000,0.10500000,2612469.10000000,274121.96295000,1528,1381800.20000000,144992.65410000
2026-05-29T17:00Z,0.10500000,0.10560000,0.10450000,0.10500000,2610910.90000000,274510.89356000,1165,1447751.30000000,152267.50184000
2026-05-29T18:00Z,0.10500000,0.10550000,0.10340000,0.10370000,2218779.80000000,231939.49174000,1176,840788.10000000,87976.09782000
2026-05-29T19:00Z,0.10380000,0.10400000,0.10260000,0.10350000,3637674.70000000,375182.24406000,1144,1296307.70000000,133769.20960000
2026-05-29T20:00Z,0.10360000,0.10400000,0.10320000,0.10330000,1042502.40000000,107957.70672000,557,447978.90000000,46419.26337000
2026-05-29T21:00Z,0.10340000,0.10400000,0.10260000,0.10270000,1565665.20000000,161807.60527000,695,636830.10000000,65776.15543000
2026-05-29T22:00Z,0.10270000,0.10320000,0.10240000,0.10300000,860179.20000000,88409.25652000,510,587567.80000000,60382.28262000
2026-05-29T23:00Z,0.10300000,0.10340000,0.10270000,0.10320000,599767.00000000,61836.31078000,345,252106.70000000,25984.66280000
2026-05-30T00:00Z,0.10320000,0.10390000,0.10300000,0.10380000,2207291.40000000,228291.32922000,765,718484.70000000,74367.22924000
2026-05-30T01:00Z,0.10370000,0.10540000,0.10370000,0.10530000,3432123.80000000,359075.28047000,1367,2312965.90000000,241835.48890000
2026-05-30T02:00Z,0.10540000,0.10660000,0.10530000,0.10660000,1682000.20000000,178234.95398000,780,818163.50000000,86690.80135000
2026-05-30T03:00Z,0.10660000,0.10700000,0.10520000,0.10550000,1159440.20000000,123212.51467000,817,526664.30000000,55952.18412000
2026-05-30T04:00Z,0.10550000,0.10610000,0.10340000,0.10470000,3051687.40000000,318531.80436000,1506,1298210.90000000,135312.91625000
2026-05-30T05:00Z,0.10470000,0.10550000,0.10430000,0.10520000,2708048.20000000,284372.09019000,1050,1947544.40000000,204444.99299000
2026-05-30T06:00Z,0.10520000,0.10540000,0.10470000,0.10500000,1580848.00000000,166126.50624000,594,1074024.20000000,112911.30759000
2026-05-30T07:00Z,0.10500000,0.10510000,0.10450000,0.10480000,466082.80000000,48792.44520000,323,248366.10000000,26001.61818000
2026-05-30T08:00Z,0.10480000,0.10490000,0.10430000,0.10440000,948636.70000000,99262.16473000,362,520158.40000000,54460.82053000
2026-05-30T09:00Z,0.10440000,0.10500000,0.10400000,0.10480000,1338498.60000000,139909.28884000,559,686328.90000000,71833.23550000
2026-05-30T10:00Z,0.10470000,0.10480000,0.10450000,0.10460000,542131.90000000,56756.56681000,293,321286.40000000,33644.14223000
2026-05-30T11:00Z,0.10460000,0.10490000,0.10410000,0.10460000,539164.60000000,56347.82198000,353,242344.50000000,25348.26722000
2026-05-30T12:00Z,0.10470000,0.10490000,0.10430000,0.10480000,473822.10000000,49571.39122000,294,276108.20000000,28888.31334000
2026-05-30T13:00Z,0.10490000,0.10540000,0.10440000,0.10520000,1092918.90000000,114857.43561000,574,564925.70000000,59383.70828000
2026-05-30T14:00Z,0.10520000,0.10590000,0.10510000,0.10530000,1244511.40000000,131314.12765000,694,578478.30000000,61078.13316000
2026-05-30T15:00Z,0.10540000,0.10560000,0.10470000,0.10490000,917636.90000000,96477.18235000,624,429127.00000000,45150.80171000
2026-05-30T16:00Z,0.10500000,0.10570000,0.10470000,0.10500000,1306262.50000000,137332.21614000,519,941604.80000000,98971.75176000
2026-05-30T17:00Z,0.10500000,0.10510000,0.10420000,0.10490000,912515.50000000,95630.74793000,542,499828.20000000,52398.85180000
2026-05-30T18:00Z,0.10480000,0.10510000,0.10460000,0.10500000,759640.20000000,79698.61087000,553,340951.60000000,35775.05031000
2026-05-30T19:00Z,0.10490000,0.10520000,0.10460000,0.10480000,910638.80000000,95479.77841000,501,579828.60000000,60795.72013000
2026-05-30T20:00Z,0.10490000,0.10500000,0.10460000,0.10480000,491583.10000000,51503.86723000,312,259842.00000000,27224.98069000
2026-05-30T21:00Z,0.10480000,0.10510000,0.10460000,0.10470000,911450.70000000,95616.99254000,442,590033.10000000,61899.30856000
2026-05-30T22:00Z,0.10470000,0.10470000,0.10330000,0.10360000,726931.70000000,75465.68067000,556,286120.60000000,29696.43923000
2026-05-30T23:00Z,0.10370000,0.10390000,0.10290000,0.10340000,2325020.10000000,240037.99694000,776,1089430.10000000,112484.43710000
2026-05-31T00:00Z,0.10340000,0.10410000,0.10310000,0.10410000,1617410.00000000,167744.54944000,645,945905.60000000,98168.30757000
2026-05-31T01:00Z,0.10410000,0.10460000,0.10400000,0.10420000,462635.30000000,48257.51386000,383,259348.30000000,27047.68060000
2026-05-31T02:00Z,0.10420000,0.10490000,0.10370000,0.10440000,989110.90000000,103092.39650000,601,468300.50000000,48885.81356000
2026-05-31T03:00Z,0.10450000,0.10480000,0.10410000,0.10460000,477279.20000000,49868.00794000,391,222152.00000000,23220.42870000
2026-05-31T04:00Z,0.10460000,0.10520000,0.10440000,0.10500000,1390683.00000000,145709.20838000,527,822695.50000000,86250.13357000
2026-05-31T05:00Z,0.10500000,0.10510000,0.10450000,0.10460000,490787.20000000,51420.20240000,287,210585.60000000,22061.85541000
2026-05-31T06:00Z,0.10450000,0.10450000,0.10370000,0.10370000,744676.40000000,77426.49085000,523,208535.80000000,21704.89776000
2026-05-31T07:00Z,0.10360000,0.10370000,0.10240000,0.10300000,2138993.60000000,220164.93300000,1053,1184149.30000000,121891.25743000
2026-05-31T08:00Z,0.10300000,0.10340000,0.10270000,0.10290000,702628.60000000,72422.72767000,481,390363.40000000,40253.96830000
2026-05-31T09:00Z,0.10290000,0.10360000,0.10260000,0.10290000,1006579.40000000,103730.10147000,605,582118.10000000,59995.26461000
2026-05-31T10:00Z,0.10290000,0.10300000,0.10200000,0.10250000,1553375.30000000,159013.85629000,791,660901.60000000,67690.71745000
2026-05-31T11:00Z,0.10260000,0.10310000,0.10250000,0.10300000,1558970.20000000,160376.99380000,659,944526.50000000,97174.50521000
2026-05-31T12:00Z,0.10300000,0.10350000,0.10260000,0.10330000,923360.20000000,95198.20593000,546,367843.70000000,37932.31704000
2026-05-31T13:00Z,0.10330000,0.10340000,0.10250000,0.10260000,1014383.40000000,104606.28829000,583,563560.30000000,58134.16966000
2026-05-31T14:00Z,0.10260000,0.10260000,0.10030000,0.10130000,6983378.10000000,707256.09622000,3562,3192717.80000000,323469.36244000
2026-05-31T15:00Z,0.10130000,0.10210000,0.10110000,0.10120000,1727441.10000000,175288.39933000,1062,855832.90000000,86863.13979000
2026-05-31T16:00Z,0.10110000,0.10120000,0.10020000,0.10070000,2967574.40000000,299143.12280000,1374,1182872.60000000,119241.67668000
2026-05-31T17:00Z,0.10070000,0.10160000,0.10040000,0.10160000,892345.00000000,90072.60843000,775,424137.40000000,42824.64151000
2026-05-31T18:00Z,0.10150000,0.10180000,0.10100000,0.10120000,856307.90000000,86805.79444000,522,467949.20000000,47437.36930000
2026-05-31T19:00Z,0.10120000,0.10140000,0.10050000,0.10120000,1213989.20000000,122471.73883000,770,438416.80000000,44243.15849000
2026-05-31T20:00Z,0.10120000,0.10190000,0.10120000,0.10170000,1203903.10000000,122343.27970000,676,703348.90000000,71483.24435000
2026-05-31T21:00Z,0.10180000,0.10300000,0.10160000,0.10280000,956908.60000000,97947.13594000,637,510545.70000000,52261.60361000
2026-05-31T22:00Z,0.10280000,0.10380000,0.10230000,0.10370000,2073003.80000000,213822.52575000,916,1063551.70000000,109756.05885000
2026-05-31T23:00Z,0.10370000,0.10440000,0.10260000,0.10370000,1103210.70000000,114269.46571000,831,488299.40000000,50630.21793000
2026-06-01T00:00Z,0.10370000,0.10410000,0.10330000,0.10340000,2042543.00000000,211820.50069000,1060,979725.50000000,101564.77616000
2026-06-01T01:00Z,0.10340000,0.10340000,0.10160000,0.10190000,2315668.10000000,237219.27616000,1045,1129060.20000000,115770.40795000
2026-06-01T02:00Z,0.10180000,0.10360000,0.10150000,0.10350000,1009932.50000000,103746.96209000,812,497802.30000000,51116.27402000
2026-06-01T03:00Z,0.10350000,0.10430000,0.10340000,0.10360000,2445445.30000000,253664.39990000,931,1155128.60000000,119902.77305000
2026-06-01T04:00Z,0.10360000,0.10420000,0.10200000,0.10290000,1386299.00000000,142882.10716000,874,754649.30000000,77887.87549000
2026-06-01T05:00Z,0.10290000,0.10300000,0.10190000,0.10240000,797793.20000000,81790.43684000,599,355052.90000000,36403.68278000
2026-06-01T06:00Z,0.10240000,0.10250000,0.10070000,0.10160000,2142606.00000000,217313.45410000,1305,989261.40000000,100492.41071000
2026-06-01T07:00Z,0.10160000,0.10190000,0.10050000,0.10080000,2055431.20000000,208066.28680000,1216,1008482.90000000,102078.17078000
2026-06-01T08:00Z,0.10080000,0.10110000,0.10020000,0.10070000,1891844.60000000,190511.00662000,1098,957363.70000000,96473.37764000
2026-06-01T09:00Z,0.10090000,0.10170000,0.10090000,0.10130000,1162156.30000000,117711.93873000,814,502430.50000000,50867.35225000
2026-06-01T10:00Z,0.10120000,0.10140000,0.10050000,0.10120000,1587349.70000000,160269.79798000,856,713044.70000000,71984.89119000
2026-06-01T11:00Z,0.10120000,0.10160000,0.10050000,0.10070000,1324170.90000000,133728.59087000,694,615548.80000000,62172.50030000
2026-06-01T12:00Z,0.10080000,0.10100000,0.09980000,0.10020000,2868903.40000000,288084.63806000,1744,1349645.80000000,135629.73174000
2026-06-01T13:00Z,0.10030000,0.10040000,0.09830000,0.09920000,7115778.70000000,708015.88678000,3306,3684688.20000000,366661.81099000
2026-06-01T14:00Z,0.09930000,0.09970000,0.09880000,0.09920000,4272334.20000000,424172.93689000,1626,2068680.60000000,205411.90605000
2026-06-01T15:00Z,0.09930000,0.10030000,0.09870000,0.10000000,2381484.90000000,236677.88145000,1309,1107732.80000000,110115.39088000
2026-06-01T16:00Z,0.10000000,0.10120000,0.09910000,0.10120000,3118609.90000000,312045.97220000,1634,1570283.50000000,157146.47301000
2026-06-01T17:00Z,0.10120000,0.10280000,0.10090000,0.10250000,4063437.00000000,413697.36346000,2152,2161486.70000000,220130.82069000
2026-06-01T18:00Z,0.10240000,0.10360000,0.10200000,0.10290000,2396967.90000000,246488.26056000,1680,1100512.30000000,113192.01319000
2026-06-01T19:00Z,0.10280000,0.10330000,0.10190000,0.10320000,1784419.60000000,183156.22310000,1117,928207.60000000,95219.26630000
2026-06-01T20:00Z,0.10330000,0.10380000,0.10270000,0.10280000,1773460.30000000,183161.83194000,1272,908085.80000000,93818.52417000
2026-06-01T21:00Z,0.10280000,0.10290000,0.10130000,0.10160000,1712250.10000000,174402.88612000,1092,734746.10000000,74844.47656000
2026-06-01T22:00Z,0.10150000,0.10200000,0.10080000,0.10190000,2317939.30000000,234854.81398000,1223,816668.70000000,82831.42809000
2026-06-01T23:00Z,0.10190000,0.10240000,0.10150000,0.10230000,1823297.70000000,186159.07554000,918,841805.80000000,85948.64942000
2026-06-02T00:00Z,0.10230000,0.10280000,0.10160000,0.10160000,1464765.70000000,149853.19741000,921,694550.60000000,71072.63058000
2026-06-02T01:00Z,0.10160000,0.10200000,0.10000000,0.10000000,2160522.80000000,218023.95450000,1230,989795.90000000,100004.76617000
2026-06-02T02:00Z,0.10010000,0.10090000,0.09900000,0.10090000,3910682.50000000,389967.84821000,2246,1728796.60000000,172563.34466000
2026-06-02T03:00Z,0.10090000,0.10150000,0.10050000,0.10140000,1773079.10000000,179220.07324000,951,1207165.30000000,122045.36839000
2026-06-02T04:00Z,0.10140000,0.10170000,0.10050000,0.10050000,1473419.90000000,148773.39399000,807,633867.50000000,63984.65285000
2026-06-02T05:00Z,0.10050000,0.10090000,0.09930000,0.09940000,1956464.30000000,195690.96724000,1065,1117568.00000000,111853.68477000
2026-06-02T06:00Z,0.09930000,0.09970000,0.09830000,0.09880000,3813098.70000000,377852.31945000,1816,1983956.20000000,196843.07694000
2026-06-02T07:00Z,0.09890000,0.09900000,0.09760000,0.09850000,2318781.40000000,228129.40420000,1670,816018.40000000,80359.58859000
2026-06-02T08:00Z,0.09840000,0.09870000,0.09800000,0.09830000,1779447.50000000,174953.86464000,1299,670719.80000000,65937.94534000
2026-06-02T09:00Z,0.09840000,0.09840000,0.09730000,0.09750000,2809988.00000000,274541.38809000,1561,1359824.20000000,132889.23944000
2026-06-02T10:00Z,0.09750000,0.09830000,0.09700000,0.09830000,2455119.30000000,239680.67576000,1246,1202327.20000000,117470.30776000
2026-06-02T11:00Z,0.09830000,0.09880000,0.09800000,0.09820000,2113274.00000000,207744.04705000,1063,1151652.90000000,113238.29663000
2026-06-02T12:00Z,0.09800000,0.09870000,0.09770000,0.09840000,1507708.90000000,147946.91086000,887,462378.90000000,45403.58108000
2026-06-02T13:00Z,0.09830000,0.09890000,0.09800000,0.09820000,2685934.10000000,264610.62516000,1285,1112020.50000000,109579.00291000
2026-06-02T14:00Z,0.09830000,0.09830000,0.09360000,0.09510000,9490976.10000000,905567.62926000,5648,4081928.90000000,389234.90182000
2026-06-02T15:00Z,0.09510000,0.09570000,0.09240000,0.09420000,12715574.90000000,1192730.06618000,7333,6508019.20000000,610731.47101000
2026-06-02T16:00Z,0.09410000,0.09630000,0.09370000,0.09510000,3778761.70000000,360851.28321000,2130,2168322.10000000,207106.62493000
2026-06-02T17:00Z,0.09510000,0.09690000,0.09500000,0.09600000,3978878.60000000,382467.11327000,1912,1906006.90000000,183316.23662000
2026-06-02T18:00Z,0.09600000,0.09670000,0.09420000,0.09470000,2800766.00000000,267353.38717000,1819,1301118.20000000,124349.01158000
2026-06-02T19:00Z,0.09470000,0.09520000,0.09280000,0.09470000,4076663.10000000,383196.46337000,2768,2087228.00000000,196482.90364000
2026-06-02T20:00Z,0.09470000,0.09540000,0.09370000,0.09450000,2293402.30000000,217287.80665000,1319,1396189.10000000,132308.05010000
2026-06-02T21:00Z,0.09450000,0.09540000,0.09400000,0.09450000,1857100.60000000,176182.79973000,1126,983821.00000000,93340.09705000
2026-06-02T22:00Z,0.09450000,0.09460000,0.09140000,0.09200000,9863129.40000000,914462.26678000,4658,4438424.70000000,411795.51118000
2026-06-02T23:00Z,0.09210000,0.09300000,0.09090000,0.09290000,4658316.80000000,428235.08795000,2681,2274956.80000000,209107.17056000
2026-06-03T00:00Z,0.09300000,0.09360000,0.09250000,0.09300000,2561879.30000000,238730.61710000,1519,1343318.30000000,125180.70197000
2026-06-03T01:00Z,0.09290000,0.09320000,0.09170000,0.09200000,2812636.10000000,259713.10593000,1274,1155997.90000000,106766.94937000
2026-06-03T02:00Z,0.09200000,0.09210000,0.09120000,0.09180000,1909474.00000000,175083.81091000,916,1273522.20000000,116798.35144000
2026-06-03T03:00Z,0.09170000,0.09190000,0.08930000,0.08980000,6003498.60000000,542811.02750000,2949,2055598.70000000,185939.81717000
2026-06-03T04:00Z,0.08980000,0.09200000,0.08980000,0.09200000,4293702.10000000,390845.91699000,1913,2598808.10000000,236733.45968000
2026-06-03T05:00Z,0.09190000,0.09420000,0.09190000,0.09400000,4245464.10000000,396470.10352000,1946,2431509.30000000,226881.73928000
2026-06-03T06:00Z,0.09400000,0.09600000,0.09370000,0.09510000,5216322.80000000,495900.55926000,1589,3344650.80000000,317928.47925000
2026-06-03T07:00Z,0.09490000,0.09610000,0.09460000,0.09610000,1863181.30000000,178154.95121000,886,1092656.60000000,104454.75647000
2026-06-03T08:00Z,0.09610000,0.09610000,0.09530000,0.09560000,2107713.10000000,201602.12443000,905,1196013.60000000,114412.53788000
2026-06-03T09:00Z,0.09550000,0.09620000,0.09470000,0.09570000,4846951.00000000,462759.35192000,1744,2837515.40000000,271128.50595000
2026-06-03T10:00Z,0.09570000,0.09760000,0.09570000,0.09730000,4256218.80000000,411039.58540000,1940,2387220.20000000,230649.80890000
2026-06-03T11:00Z,0.09730000,0.09810000,0.09610000,0.09640000,2687984.00000000,261637.97423000,1375,1351457.60000000,131611.96902000
2026-06-03T12:00Z,0.09640000,0.09650000,0.09550000,0.09650000,2441785.40000000,234328.73680000,1176,1026920.60000000,98561.27342000
2026-06-03T13:00Z,0.09650000,0.09700000,0.09570000,0.09640000,3883281.40000000,374555.49388000,1657,1817428.20000000,175261.09243000
2026-06-03T14:00Z,0.09640000,0.09670000,0.09550000,0.09610000,2772975.50000000,266629.21203000,1369,1226801.70000000,118054.88108000
2026-06-03T15:00Z,0.09610000,0.09620000,0.09470000,0.09480000,2367360.60000000,225676.22097000,1279,1202033.60000000,114593.14566000
2026-06-03T16:00Z,0.09490000,0.09500000,0.09310000,0.09430000,4683653.10000000,439573.25714000,1834,2217356.80000000,208246.52590000
2026-06-03T17:00Z,0.09430000,0.09520000,0.09310000,0.09460000,3060263.30000000,288377.12901000,1323,1687899.60000000,159193.46568000
2026-06-03T18:00Z,0.09470000,0.09510000,0.09360000,0.09490000,1935385.40000000,182680.03661000,1062,880505.00000000,83171.24256000
2026-06-03T19:00Z,0.09490000,0.09510000,0.09310000,0.09340000,2987014.70000000,281207.30540000,1424,1491501.60000000,140531.47421000
2026-06-03T20:00Z,0.09330000,0.09490000,0.09160000,0.09220000,9744436.00000000,910363.75632000,3310,4601611.00000000,429828.09010000
2026-06-03T21:00Z,0.09220000,0.09550000,0.09200000,0.09510000,3958355.00000000,371247.46345000,1771,2337430.00000000,219268.75876000
2026-06-03T22:00Z,0.09500000,0.09550000,0.09350000,0.09400000,2726789.00000000,257708.84761000,1299,1553835.60000000,147217.04947000
2026-06-03T23:00Z,0.09400000,0.09410000,0.09300000,0.09300000,2575648.70000000,240265.64443000,1053,1245365.70000000,116210.84298000
2026-06-04T00:00Z,0.09290000,0.09410000,0.09140000,0.09210000,3179741.30000000,295019.50670000,1702,1451854.70000000,134976.96496000
2026-06-04T01:00Z,0.09220000,0.09270000,0.08900000,0.08940000,7851522.00000000,710731.41009000,3878,3701063.10000000,335248.56491000
2026-06-04T02:00Z,0.08940000,0.09060000,0.08530000,0.08970000,19622602.70000000,1719284.74135000,10369,8795760.00000000,770486.69328000
2026-06-04T03:00Z,0.08980000,0.09250000,0.08980000,0.09230000,3570343.40000000,327040.02294000,1652,2025705.30000000,185552.36239000
2026-06-04T04:00Z,0.09230000,0.09280000,0.09120000,0.09140000,2590147.60000000,238245.60528000,1172,1481947.90000000,136335.62708000
2026-06-04T05:00Z,0.09140000,0.09140000,0.08960000,0.09050000,3218870.20000000,291084.08303000,1383,1553094.30000000,140578.96053000
2026-06-04T06:00Z,0.09050000,0.09160000,0.09030000,0.09060000,2223577.10000000,202427.04095000,1093,1199068.50000000,109154.56073000
2026-06-04T07:00Z,0.09060000,0.09070000,0.08920000,0.08930000,4297962.50000000,386767.71577000,1591,1765063.30000000,158879.01167000
2026-06-04T08:00Z,0.08920000,0.08980000,0.08830000,0.08920000,2622422.90000000,233429.97755000,1409,1241142.60000000,110493.64604000
2026-06-04T09:00Z,0.08910000,0.08910000,0.08640000,0.08760000,5920801.20000000,517234.54941000,2155,2863867.50000000,250146.18624000
2026-06-04T10:00Z,0.08770000,0.08790000,0.08620000,0.08670000,6714968.10000000,584749.84308000,2203,3436565.30000000,298963.54923000
2026-06-04T11:00Z,0.08680000,0.08840000,0.08660000,0.08840000,5022352.90000000,438541.20927000,2001,2712270.40000000,237106.09850000
2026-06-04T12:00Z,0.08830000,0.09070000,0.08760000,0.09050000,5597235.30000000,499618.68477000,2056,3551158.80000000,316916.28846000
2026-06-04T13:00Z,0.09060000,0.09140000,0.08900000,0.09130000,4653582.50000000,421346.50387000,1962,2681164.90000000,242795.49734000
2026-06-04T14:00Z,0.09140000,0.09150000,0.09020000,0.09060000,2867841.90000000,260708.15005000,1433,1377818.60000000,125372.31710000
2026-06-04T15:00Z,0.09060000,0.09200000,0.09010000,0.09160000,3826977.30000000,348033.65516000,1611,1785089.10000000,162706.65738000
2026-06-04T16:00Z,0.09160000,0.09180000,0.09040000,0.09100000,3714707.50000000,338666.01056000,1517,2245006.10000000,204816.51284000
2026-06-04T17:00Z,0.09090000,0.09140000,0.08930000,0.08990000,2830120.00000000,254695.31757000,1346,1548964.10000000,139297.67898000
2026-06-04T18:00Z,0.09000000,0.09110000,0.08920000,0.09070000,1915762.20000000,173143.86552000,1168,876975.90000000,79309.49737000
2026-06-04T19:00Z,0.09060000,0.09110000,0.09000000,0.09040000,1793842.90000000,162305.45194000,957,948561.40000000,85901.37237000
2026-06-04T20:00Z,0.09030000,0.09030000,0.08920000,0.08980000,1278805.20000000,114668.48374000,720,481059.10000000,43141.32481000
2026-06-04T21:00Z,0.08970000,0.09010000,0.08750000,0.08780000,1937205.30000000,171592.21986000,1234,864659.00000000,76687.36875000
2026-06-04T22:00Z,0.08780000,0.08890000,0.08740000,0.08880000,3199344.60000000,281475.90725000,1812,1651847.90000000,145331.90014000
2026-06-04T23:00Z,0.08880000,0.08940000,0.08810000,0.08930000,972695.60000000,86366.90384000,790,505648.30000000,44929.57202000
2026-06-05T00:00Z,0.08930000,0.08990000,0.08850000,0.08860000,2826325.40000000,251953.29626000,1329,1235280.10000000,110242.49066000
2026-06-05T01:00Z,0.08850000,0.08940000,0.08780000,0.08920000,1466171.30000000,129922.62324000,1078,757250.40000000,67124.50053000
2026-06-05T02:00Z,0.08920000,0.08920000,0.08620000,0.08630000,1965496.30000000,172170.07057000,1399,942974.90000000,82606.84598000
2026-06-05T03:00Z,0.08620000,0.08720000,0.08540000,0.08600000,3417358.60000000,294409.27036000,1884,1868436.10000000,160813.54009000
2026-06-05T04:00Z,0.08600000,0.08770000,0.08550000,0.08750000,3718647.10000000,322333.83986000,1613,2114955.70000000,183541.35478000
2026-06-05T05:00Z,0.08760000,0.08770000,0.08440000,0.08460000,4926523.50000000,422288.39304000,2065,2026480.40000000,173893.09624000
2026-06-05T06:00Z,0.08470000,0.08470000,0.08020000,0.08260000,15437062.20000000,1267962.33460000,7838,7056433.00000000,579395.51077000
2026-06-05T07:00Z,0.08250000,0.08440000,0.08080000,0.08410000,11923055.20000000,982443.13611000,4001,7814008.00000000,643610.51981000
2026-06-05T08:00Z,0.08410000,0.08420000,0.08270000,0.08320000,3342512.80000000,278513.52362000,1351,1755007.20000000,146301.72275000
2026-06-05T09:00Z,0.08320000,0.08520000,0.08320000,0.08470000,3231319.80000000,271985.27310000,1522,1752854.10000000,147539.48223000
2026-06-05T10:00Z,0.08480000,0.08510000,0.08370000,0.08400000,1620288.60000000,136336.36342000,908,880903.30000000,74153.62016000
2026-06-05T11:00Z,0.08400000,0.08420000,0.08180000,0.08200000,7351094.80000000,610032.51647000,2281,3233059.30000000,268240.73758000
2026-06-05T12:00Z,0.08200000,0.08260000,0.08050000,0.08140000,6884077.80000000,560309.46603000,3210,3222517.00000000,262369.69772000
2026-06-05T13:00Z,0.08140000,0.08440000,0.08100000,0.08110000,8194857.00000000,681427.75542000,3252,4445914.60000000,369950.42688000
2026-06-05T14:00Z,0.08100000,0.08320000,0.08000000,0.08240000,7693430.50000000,629217.59797000,3213,4307082.90000000,352728.21276000
2026-06-05T15:00Z,0.08240000,0.08270000,0.08030000,0.08110000,6794639.60000000,553129.08990000,2899,3003611.90000000,244702.21385000
2026-06-05T16:00Z,0.08100000,0.08270000,0.07910000,0.08260000,13055747.90000000,1062067.99795000,5360,7170994.00000000,584924.25835000
2026-06-05T17:00Z,0.08250000,0.08270000,0.08090000,0.08130000,5050747.40000000,412636.15383000,2272,2150647.30000000,175696.05298000
2026-06-05T18:00Z,0.08130000,0.08200000,0.07800000,0.07840000,7679802.80000000,613222.25190000,3086,3103119.40000000,248192.51220000
2026-06-05T19:00Z,0.07840000,0.08050000,0.07710000,0.07990000,8050260.30000000,631440.12466000,3042,3967195.60000000,311855.59582000
2026-06-05T20:00Z,0.07990000,0.08190000,0.07900000,0.08180000,5529907.80000000,445874.46697000,2299,3356029.10000000,271025.96229000
2026-06-05T21:00Z,0.08180000,0.08240000,0.08170000,0.08170000,2299695.30000000,188811.10316000,996,1042662.30000000,85626.32389000
2026-06-05T22:00Z,0.08160000,0.08170000,0.08010000,0.08120000,2477898.10000000,200587.29800000,1407,1466520.40000000,118760.79439000
2026-06-05T23:00Z,0.08120000,0.08160000,0.07910000,0.08040000,6494482.90000000,521685.33134000,1871,3911586.10000000,314279.08027000
2026-06-06T00:00Z,0.08040000,0.08120000,0.08040000,0.08080000,2367205.80000000,191465.21319000,707,1106906.90000000,89478.68664000
2026-06-06T01:00Z,0.08090000,0.08120000,0.08000000,0.08020000,1208942.70000000,97330.06645000,610,776889.50000000,62540.23330000
2026-06-06T02:00Z,0.08020000,0.08030000,0.07950000,0.07970000,1253966.70000000,100244.02758000,669,733381.20000000,58642.72773000
2026-06-06T03:00Z,0.07970000,0.07970000,0.07860000,0.07890000,2469411.70000000,195178.53800000,804,1250488.10000000,98883.30527000
2026-06-06T04:00Z,0.07900000,0.07920000,0.07470000,0.07520000,12422893.90000000,944613.70453000,3668,5677817.50000000,431948.53442000
2026-06-06T05:00Z,0.07520000,0.07760000,0.07400000,0.07760000,7842803.20000000,593859.96430000,3073,4278615.20000000,324117.82468000
2026-06-06T06:00Z,0.07760000,0.07910000,0.07760000,0.07790000,3053644.60000000,239320.60502000,1211,1635284.80000000,128209.11200000
2026-06-06T07:00Z,0.07790000,0.07910000,0.07770000,0.07900000,3528035.20000000,277125.88648000,1043,1941052.20000000,152461.16630000
2026-06-06T08:00Z,0.07890000,0.08030000,0.07870000,0.08000000,2683129.50000000,214036.76931000,1237,1683560.20000000,134317.79108000
2026-06-06T09:00Z,0.07990000,0.08080000,0.07930000,0.07950000,2666498.00000000,213629.00014000,987,1447061.30000000,116068.42497000
2026-06-06T10:00Z,0.07950000,0.07950000,0.07780000,0.07900000,4949458.20000000,388598.48907000,2145,2374750.20000000,186387.65573000
2026-06-06T11:00Z,0.07890000,0.07990000,0.07860000,0.07960000,2115078.50000000,167733.33250000,770,1043384.10000000,82735.32449000
2026-06-06T12:00Z,0.07970000,0.08030000,0.07880000,0.08000000,2972260.80000000,236489.44553000,987,1544691.20000000,122879.48596000
2026-06-06T13:00Z,0.07990000,0.08070000,0.07980000,0.08030000,1884284.50000000,151117.84163000,770,1151571.20000000,92402.24965000
2026-06-06T14:00Z,0.08020000,0.08090000,0.08020000,0.08030000,2467773.60000000,198669.60703000,664,910027.20000000,73250.21999000
2026-06-06T15:00Z,0.08030000,0.08040000,0.07890000,0.07950000,4241125.00000000,337021.78466000,1193,2252878.00000000,179214.06853000
2026-06-06T16:00Z,0.07940000,0.07990000,0.07880000,0.07980000,1612926.30000000,128043.78399000,827,708336.00000000,56281.32132000
2026-06-06T17:00Z,0.07980000,0.08000000,0.07860000,0.07880000,2162037.10000000,171181.60943000,878,948562.20000000,75124.16381000
2026-06-06T18:00Z,0.07880000,0.07970000,0.07870000,0.07930000,1264254.10000000,100167.42072000,601,642796.90000000,50971.91363000
2026-06-06T19:00Z,0.07920000,0.07980000,0.07870000,0.07870000,1511868.30000000,119805.97665000,474,729956.20000000,57891.65806000
2026-06-06T20:00Z,0.07870000,0.07910000,0.07850000,0.07900000,1355324.90000000,106853.36119000,595,649739.30000000,51215.20724000
2026-06-06T21:00Z,0.07910000,0.07970000,0.07900000,0.07920000,1374939.70000000,109079.92830000,477,837074.00000000,66381.83425000
2026-06-06T22:00Z,0.07910000,0.07950000,0.07880000,0.07920000,1166227.30000000,92275.61227000,488,534235.10000000,42275.78871000
2026-06-06T23:00Z,0.07920000,0.08010000,0.07910000,0.07990000,844035.50000000,67230.91167000,425,381037.70000000,30350.24732000
2026-06-07T00:00Z,0.08000000,0.08060000,0.07980000,0.08010000,3146632.00000000,252348.88286000,833,1820525.50000000,146026.65790000
2026-06-07T01:00Z,0.08000000,0.08240000,0.08000000,0.08210000,3666128.50000000,299029.01800000,1634,2290145.10000000,186769.85566000
2026-06-07T02:00Z,0.08200000,0.08220000,0.08140000,0.08200000,1620153.60000000,132612.25534000,720,627999.70000000,51354.57197000
2026-06-07T03:00Z,0.08190000,0.08230000,0.08160000,0.08210000,1460177.00000000,119670.55611000,608,717828.80000000,58799.07125000
2026-06-07T04:00Z,0.08210000,0.08220000,0.08100000,0.08210000,1750599.10000000,143072.84770000,820,547886.80000000,44829.83892000
2026-06-07T05:00Z,0.08210000,0.08300000,0.08170000,0.08260000,4833249.20000000,398064.25683000,1716,3312419.50000000,272858.63987000
2026-06-07T06:00Z,0.08260000,0.08400000,0.08230000,0.08290000,24677903.60000000,2056615.69815000,7671,13616066.00000000,1134326.56124000
2026-06-07T07:00Z,0.08300000,0.08340000,0.08190000,0.08270000,32147198.50000000,2659308.36839000,6423,21977567.20000000,1817851.73490000
2026-06-07T08:00Z,0.08270000,0.08360000,0.08210000,0.08360000,3412673.30000000,282751.69640000,1471,1922240.10000000,159346.43111000
2026-06-07T09:00Z,0.08360000,0.08400000,0.08270000,0.08280000,3228062.00000000,269126.48230000,1209,1403951.70000000,117074.40616000
2026-06-07T10:00Z,0.08280000,0.08320000,0.08200000,0.08210000,16195305.70000000,1337917.97585000,1970,3545779.90000000,292389.89564000
2026-06-07T11:00Z,0.08220000,0.08300000,0.08200000,0.08260000,1644527.20000000,135613.79113000,624,1222947.00000000,100839.32652000
2026-06-07T12:00Z,0.08250000,0.08260000,0.08070000,0.08140000,3005186.50000000,244688.54973000,1339,1166221.40000000,95113.80648000
2026-06-07T13:00Z,0.08130000,0.08160000,0.08100000,0.08140000,924449.00000000,75187.90226000,485,502659.90000000,40895.57070000
2026-06-07T14:00Z,0.08140000,0.08280000,0.08140000,0.08210000,2443766.00000000,200673.24856000,1029,1288835.80000000,105791.24994000
2026-06-07T15:00Z,0.08220000,0.08220000,0.08150000,0.08190000,2305509.50000000,188727.35623000,850,1034611.20000000,84726.26923000
2026-06-07T16:00Z,0.08190000,0.08200000,0.08150000,0.08170000,1099840.40000000,89930.06873000,551,589902.70000000,48242.65818000
2026-06-07T17:00Z,0.08170000,0.08230000,0.08160000,0.08190000,1338705.70000000,109829.62933000,806,750576.00000000,61591.76561000
2026-06-07T18:00Z,0.08190000,0.08210000,0.08110000,0.08110000,1018883.10000000,83255.97994000,596,385075.20000000,31496.90981000
2026-06-07T19:00Z,0.08120000,0.08120000,0.07930000,0.07980000,5260207.50000000,420757.62996000,2020,2056796.80000000,164621.49416000
2026-06-07T20:00Z,0.07970000,0.08080000,0.07960000,0.08070000,3022587.50000000,242732.89713000,893,1912089.60000000,153464.73567000
2026-06-07T21:00Z,0.08070000,0.08080000,0.08010000,0.08050000,1133207.60000000,91134.12320000,477,523772.50000000,42132.84930000
2026-06-07T22:00Z,0.08060000,0.08530000,0.08050000,0.08240000,9635895.40000000,803824.28056000,4309,4580855.00000000,382190.27122000
2026-06-07T23:00Z,0.08240000,0.08320000,0.08240000,0.08310000,2363342.50000000,195663.43029000,992,1108808.70000000,91804.63846000
2026-06-08T00:00Z,0.08310000,0.08410000,0.08260000,0.08360000,1914137.30000000,159258.85098000,925,1153766.20000000,95988.24885000
2026-06-08T01:00Z,0.08360000,0.08370000,0.08170000,0.08250000,2241651.10000000,184503.84781000,1477,863306.40000000,71032.08157000
2026-06-08T02:00Z,0.08250000,0.08280000,0.08210000,0.08240000,1383882.10000000,114215.58538000,637,802147.30000000,66221.71574000
2026-06-08T03:00Z,0.08250000,0.08300000,0.08210000,0.08250000,733302.30000000,60490.24037000,522,497407.50000000,41033.16710000
2026-06-08T04:00Z,0.08260000,0.08260000,0.08120000,0.08130000,925217.00000000,75639.24068000,603,368815.00000000,30149.19358000
2026-06-08T05:00Z,0.08130000,0.08160000,0.08090000,0.08160000,2056547.80000000,167254.24725000,730,958725.60000000,77988.96793000
2026-06-08T06:00Z,0.08150000,0.08220000,0.08150000,0.08190000,1535632.30000000,125777.51702000,667,784180.80000000,64258.47886000
2026-06-08T07:00Z,0.08190000,0.08250000,0.08150000,0.08230000,1556132.40000000,127683.86909000,686,943619.50000000,77422.38478000
2026-06-08T08:00Z,0.08230000,0.08230000,0.08120000,0.08150000,1859182.40000000,151993.20886000,771,1131440.90000000,92496.02697000
2026-06-08T09:00Z,0.08150000,0.08270000,0.08140000,0.08270000,3194917.90000000,262172.25920000,1102,1916951.60000000,157317.75697000
2026-06-08T10:00Z,0.08270000,0.08320000,0.08220000,0.08290000,2378255.10000000,196627.91457000,909,1172554.00000000,96938.08071000
2026-06-08T11:00Z,0.08290000,0.08410000,0.08270000,0.08340000,3344326.70000000,278937.75877000,1517,1833042.80000000,152843.05736000
2026-06-08T12:00Z,0.08340000,0.08430000,0.08250000,0.08410000,2880295.20000000,240056.54680000,1479,1424348.60000000,118845.55135000
2026-06-08T13:00Z,0.08410000,0.08420000,0.08320000,0.08340000,2432398.40000000,203477.59825000,1085,1201948.40000000,100629.47116000
2026-06-08T14:00Z,0.08340000,0.08400000,0.08320000,0.08390000,3280409.30000000,274226.87524000,1213,1820541.80000000,152202.82153000
2026-06-08T15:00Z,0.08390000,0.08460000,0.08350000,0.08350000,1735046.50000000,145812.19356000,871,832809.20000000,70039.71252000
2026-06-08T16:00Z,0.08350000,0.08440000,0.08300000,0.08310000,2999560.50000000,251128.14402000,1301,1141345.70000000,95594.98095000
2026-06-08T17:00Z,0.08320000,0.08370000,0.08270000,0.08370000,2452121.50000000,203791.09395000,1017,1457359.40000000,121162.71326000
2026-06-08T18:00Z,0.08380000,0.08400000,0.08310000,0.08320000,1190282.00000000,99574.97261000,599,501220.00000000,41936.54917000
2026-06-08T19:00Z,0.08330000,0.08370000,0.08310000,0.08330000,1321147.00000000,110241.28057000,610,703020.10000000,58681.94992000
2026-06-08T20:00Z,0.08330000,0.08330000,0.08250000,0.08310000,1526573.10000000,126607.71117000,708,820820.90000000,68059.97292000
2026-06-08T21:00Z,0.08320000,0.08400000,0.08310000,0.08310000,1165342.30000000,97380.19379000,629,576998.60000000,48229.99316000
2026-06-08T22:00Z,0.08310000,0.08310000,0.08220000,0.08260000,1823097.00000000,150578.29038000,869,914955.10000000,75568.16027000
2026-06-08T23:00Z,0.08250000,0.08290000,0.08180000,0.08220000,2143661.70000000,176363.59762000,1064,1024031.70000000,84289.69861000
2026-06-09T00:00Z,0.08220000,0.08220000,0.08010000,0.08030000,3810009.50000000,308643.19498000,1500,1728336.10000000,140045.20045000
2026-06-09T01:00Z,0.08030000,0.08090000,0.08010000,0.08070000,2314304.00000000,186448.70018000,809,941391.80000000,75859.62469000
2026-06-09T02:00Z,0.08080000,0.08090000,0.07980000,0.08030000,2375213.10000000,190325.37881000,855,955337.50000000,76596.65470000
2026-06-09T03:00Z,0.08040000,0.08060000,0.07970000,0.08050000,1965521.30000000,157630.06735000,812,1031957.10000000,82798.10437000
2026-06-09T04:00Z,0.08050000,0.08220000,0.08030000,0.08170000,3490255.90000000,283477.04763000,1171,1680758.30000000,136483.35580000
2026-06-09T05:00Z,0.08170000,0.08240000,0.08150000,0.08190000,1209168.20000000,99116.47967000,480,781459.40000000,64084.26810000
2026-06-09T06:00Z,0.08200000,0.08230000,0.08160000,0.08170000,1938468.80000000,158837.80618000,664,850847.80000000,69722.48785000
2026-06-09T07:00Z,0.08170000,0.08220000,0.08130000,0.08170000,1068417.10000000,87342.43913000,551,393450.10000000,32187.35982000
2026-06-09T08:00Z,0.08180000,0.08190000,0.08100000,0.08110000,1685256.90000000,136973.39825000,732,588828.00000000,47864.40055000
2026-06-09T09:00Z,0.08110000,0.08130000,0.08040000,0.08050000,1752122.10000000,141579.28845000,779,631498.80000000,51018.87081000
2026-06-09T10:00Z,0.08060000,0.08090000,0.08020000,0.08070000,1996218.60000000,160794.12893000,894,921705.20000000,74276.47121000
2026-06-09T11:00Z,0.08080000,0.08080000,0.08010000,0.08040000,1172481.70000000,94233.66497000,646,450850.60000000,36283.10152000
2026-06-09T12:00Z,0.08040000,0.08100000,0.08030000,0.08080000,2840125.20000000,229081.49909000,1141,1523831.30000000,122952.95988000
2026-06-09T13:00Z,0.08090000,0.08170000,0.08060000,0.08110000,2965075.20000000,240477.27456000,1434,1413106.40000000,114584.83833000
2026-06-09T14:00Z,0.08110000,0.08130000,0.07890000,0.08010000,6399911.90000000,509973.05668000,2580,2260560.00000000,180210.79745000
2026-06-09T15:00Z,0.08010000,0.08060000,0.07900000,0.07920000,3499505.80000000,278638.03543000,1252,1916681.20000000,152585.32749000
2026-06-09T16:00Z,0.07910000,0.07950000,0.07790000,0.07900000,6628599.20000000,521985.08264000,2475,3057742.20000000,240904.46295000
2026-06-09T17:00Z,0.07900000,0.08070000,0.07900000,0.08030000,3688714.30000000,295300.29377000,1489,1861178.80000000,149097.87334000
2026-06-09T18:00Z,0.08030000,0.08120000,0.08010000,0.08080000,1534783.50000000,123690.50818000,873,703092.30000000,56664.67380000
2026-06-09T19:00Z,0.08080000,0.08130000,0.08050000,0.08110000,2485308.60000000,201003.67804000,1012,1529699.50000000,123722.60835000
2026-06-09T20:00Z,0.08110000,0.08170000,0.08100000,0.08140000,1940230.10000000,157791.80307000,773,1050139.60000000,85429.81134000
2026-06-09T21:00Z,0.08150000,0.08150000,0.08030000,0.08050000,1214670.20000000,98184.60270000,746,511514.80000000,41311.90261000
2026-06-09T22:00Z,0.08040000,0.08110000,0.08010000,0.08030000,1794473.70000000,144699.56795000,1008,891666.60000000,71952.55644000
2026-06-09T23:00Z,0.08030000,0.08080000,0.08020000,0.08030000,2967010.20000000,238804.08513000,1601,1929909.10000000,155350.03945000
2026-06-10T00:00Z,0.08040000,0.08140000,0.08030000,0.08120000,7087397.80000000,573423.80624000,2371,5344451.80000000,432450.92920000
2026-06-10T01:00Z,0.08130000,0.08140000,0.08030000,0.08050000,1273670.40000000,102998.10859000,666,561752.00000000,45419.46119000
2026-06-10T02:00Z,0.08050000,0.08070000,0.07950000,0.07980000,1149209.40000000,91806.91514000,580,619932.80000000,49478.09798000
2026-06-10T03:00Z,0.07980000,0.08030000,0.07970000,0.07990000,878006.60000000,70251.04669000,456,367951.20000000,29432.27173000
2026-06-10T04:00Z,0.07990000,0.08010000,0.07920000,0.07960000,900734.70000000,71658.75803000,479,197318.60000000,15706.30965000
2026-06-10T05:00Z,0.07960000,0.07970000,0.07900000,0.07930000,962063.50000000,76333.26694000,535,366979.80000000,29124.25039000
2026-06-10T06:00Z,0.07930000,0.07980000,0.07910000,0.07950000,1157873.40000000,91940.26882000,777,618612.90000000,49131.70327000
2026-06-10T07:00Z,0.07940000,0.08020000,0.07940000,0.08000000,2547748.00000000,203663.63772000,1159,1269660.30000000,101504.63202000
2026-06-10T08:00Z,0.07990000,0.07990000,0.07820000,0.07860000,6987656.90000000,549547.79203000,1916,1836856.50000000,144775.72608000
2026-06-10T09:00Z,0.07850000,0.07910000,0.07800000,0.07890000,1463831.30000000,114997.98078000,867,810934.70000000,63738.08333000
2026-06-10T10:00Z,0.07900000,0.07930000,0.07840000,0.07900000,1265282.90000000,99686.00384000,706,699226.00000000,55129.29390000
2026-06-10T11:00Z,0.07910000,0.07930000,0.07790000,0.07820000,3488093.80000000,273971.72911000,1346,1571576.50000000,123376.19130000
2026-06-10T12:00Z,0.07820000,0.08010000,0.07780000,0.07960000,5593339.20000000,442456.92703000,2221,2733037.80000000,216222.35244000
2026-06-10T13:00Z,0.07960000,0.08140000,0.07940000,0.08050000,4755165.60000000,381985.94517000,2061,2341135.10000000,188104.99283000
2026-06-10T14:00Z,0.08050000,0.08080000,0.07980000,0.08030000,2992301.70000000,239875.19416000,1588,1385166.70000000,111075.25113000
2026-06-10T15:00Z,0.08030000,0.08170000,0.07960000,0.08100000,6407336.10000000,517827.11510000,3072,3283881.80000000,265460.41716000
2026-06-10T16:00Z,0.08100000,0.08110000,0.07870000,0.07940000,4927611.80000000,394461.71573000,2023,2584532.70000000,206961.79778000
2026-06-10T17:00Z,0.07950000,0.07990000,0.07850000,0.07920000,3573585.50000000,282754.74320000,1509,1796741.30000000,142282.01988000
2026-06-10T18:00Z,0.07930000,0.07950000,0.07860000,0.07920000,2109424.50000000,166616.32385000,952,1135417.40000000,89708.24408000
2026-06-10T19:00Z,0.07930000,0.07950000,0.07800000,0.07840000,2123931.50000000,167066.33382000,1088,907158.00000000,71408.48359000
2026-06-10T20:00Z,0.07830000,0.07860000,0.07620000,0.07710000,4244283.60000000,328385.19540000,1733,2076689.20000000,160663.88794000
2026-06-10T21:00Z,0.07710000,0.07710000,0.07570000,0.07600000,2767989.50000000,211480.81471000,1414,1587855.60000000,121352.18521000
2026-06-10T22:00Z,0.07610000,0.07710000,0.07560000,0.07650000,4944616.60000000,376917.65102000,1670,2272039.50000000,173046.51056000
2026-06-10T23:00Z,0.07660000,0.07770000,0.07620000,0.07760000,3757086.90000000,289683.29058000,1832,2075367.60000000,159990.55490000
2026-06-11T00:00Z,0.07760000,0.07810000,0.07750000,0.07780000,2629573.30000000,204596.57294000,998,1430345.80000000,111301.37759000
2026-06-11T01:00Z,0.07770000,0.07890000,0.07770000,0.07870000,1693053.40000000,132632.21546000,761,804117.60000000,62931.24928000
2026-06-11T02:00Z,0.07860000,0.07870000,0.07760000,0.07800000,1790390.10000000,139756.57573000,841,988258.10000000,77101.97523000
2026-06-11T03:00Z,0.07800000,0.08150000,0.07790000,0.08050000,8804043.40000000,707779.39359000,3164,5002699.40000000,402184.31486000
2026-06-11T04:00Z,0.08060000,0.08130000,0.08010000,0.08070000,2626159.80000000,211463.43660000,1083,1493873.90000000,120304.40209000
2026-06-11T05:00Z,0.08070000,0.08080000,0.08000000,0.08000000,1507861.20000000,121336.95545000,966,759206.10000000,61123.75807000
2026-06-11T06:00Z,0.08010000,0.08080000,0.08000000,0.08030000,2618857.20000000,210197.16344000,860,1248152.40000000,100233.30407000
2026-06-11T07:00Z,0.08010000,0.08060000,0.08000000,0.08030000,1480497.00000000,118830.92002000,590,865260.10000000,69443.95770000
2026-06-11T08:00Z,0.08030000,0.08120000,0.08030000,0.08070000,2361811.80000000,190815.28137000,835,1392324.30000000,112492.49644000
2026-06-11T09:00Z,0.08080000,0.08080000,0.08000000,0.08040000,1599093.70000000,128558.12112000,684,889189.40000000,71519.80517000
2026-06-11T10:00Z,0.08050000,0.08120000,0.08030000,0.08100000,4142919.60000000,335215.87004000,1518,3043091.00000000,246338.54758000
2026-06-11T11:00Z,0.08100000,0.08190000,0.08080000,0.08140000,2375028.80000000,193123.57037000,1025,1296226.80000000,105408.22043000
2026-06-11T12:00Z,0.08150000,0.08160000,0.08000000,0.08080000,4146857.50000000,334442.42069000,1728,2108631.90000000,169858.81490000
2026-06-11T13:00Z,0.08070000,0.08140000,0.08040000,0.08110000,2030829.30000000,164318.00920000,1076,1027659.00000000,83230.61219000
2026-06-11T14:00Z,0.08100000,0.08140000,0.08050000,0.08080000,1500438.60000000,121486.04823000,819,522317.90000000,42292.98995000
2026-06-11T15:00Z,0.08080000,0.08100000,0.08020000,0.08070000,3859859.50000000,310744.06312000,1398,896496.50000000,72322.38186000
2026-06-11T16:00Z,0.08080000,0.08100000,0.08010000,0.08030000,2117717.60000000,170479.50655000,1014,1065129.30000000,85767.93551000
2026-06-11T17:00Z,0.08020000,0.08270000,0.07980000,0.08250000,6048246.10000000,492599.50454000,3567,3659898.10000000,298458.22928000
2026-06-11T18:00Z,0.08250000,0.08610000,0.08250000,0.08300000,29644430.00000000,2496517.99803000,9956,15879921.50000000,1336655.19771000
2026-06-11T19:00Z,0.08300000,0.08500000,0.08280000,0.08370000,4130397.70000000,346260.63468000,2411,2596043.10000000,217594.94868000
2026-06-11T20:00Z,0.08370000,0.08380000,0.08280000,0.08380000,1716594.40000000,143066.89387000,993,666775.20000000,55628.39729000
2026-06-11T21:00Z,0.08380000,0.08460000,0.08370000,0.08430000,2407219.20000000,202467.56268000,882,1288463.10000000,108307.66954000
2026-06-11T22:00Z,0.08440000,0.08460000,0.08330000,0.08330000,1603865.60000000,134346.88571000,915,815225.00000000,68309.03785000
2026-06-11T23:00Z,0.08330000,0.08370000,0.08290000,0.08350000,1605244.00000000,133686.96355000,687,722990.00000000,60248.03342000
2026-06-12T00:00Z,0.08360000,0.08390000,0.08320000,0.08330000,1657269.20000000,138427.79302000,728,749487.40000000,62677.46560000
2026-06-12T01:00Z,0.08330000,0.08330000,0.08250000,0.08300000,1141357.90000000,94528.25797000,652,688095.30000000,57007.84793000
2026-06-12T02:00Z,0.08310000,0.08360000,0.08290000,0.08340000,779075.50000000,64933.92801000,443,496518.10000000,41367.93251000
2026-06-12T03:00Z,0.08340000,0.08380000,0.08330000,0.08350000,2180136.20000000,182149.90904000,687,1016725.80000000,85013.93189000
2026-06-12T04:00Z,0.08360000,0.08410000,0.08330000,0.08380000,1019782.60000000,85364.61337000,467,377324.70000000,31582.49696000
2026-06-12T05:00Z,0.08380000,0.08390000,0.08280000,0.08300000,2109798.50000000,175709.59061000,842,1247030.10000000,103849.86562000
2026-06-12T06:00Z,0.08290000,0.08300000,0.08190000,0.08200000,2233352.30000000,183822.82699000,901,1026999.60000000,84582.17182000
2026-06-12T07:00Z,0.08200000,0.08270000,0.08200000,0.08260000,1657786.50000000,136704.22061000,699,889210.10000000,73303.49003000
2026-06-12T08:00Z,0.08270000,0.08380000,0.08260000,0.08370000,2020257.70000000,168533.73210000,1232,995951.30000000,83090.64230000
2026-06-12T09:00Z,0.08370000,0.08500000,0.08350000,0.08450000,3845846.30000000,324229.75480000,1455,2126413.50000000,179278.87673000
2026-06-12T10:00Z,0.08440000,0.08520000,0.08400000,0.08400000,3778118.40000000,319893.32762000,2148,1557284.90000000,131871.96376000
2026-06-12T11:00Z,0.08400000,0.08470000,0.08400000,0.08440000,1527115.60000000,128771.14824000,748,858703.40000000,72396.91149000
2026-06-12T12:00Z,0.08430000,0.08500000,0.08390000,0.08410000,2866193.40000000,241594.32689000,1777,1307456.70000000,110291.24420000
2026-06-12T13:00Z,0.08420000,0.08430000,0.08200000,0.08300000,5310182.10000000,441453.20770000,2838,2407803.00000000,200050.09414000
2026-06-12T14:00Z,0.08290000,0.08550000,0.08290000,0.08540000,5292868.50000000,443970.99421000,2233,2708188.90000000,227574.94876000
2026-06-12T15:00Z,0.08530000,0.08550000,0.08330000,0.08350000,4145684.00000000,350603.23584000,1854,1653909.40000000,140055.54517000
2026-06-12T16:00Z,0.08340000,0.08440000,0.08310000,0.08430000,2728582.50000000,228600.19951000,1525,1289105.60000000,107997.48775000
2026-06-12T17:00Z,0.08440000,0.08470000,0.08400000,0.08400000,2506246.20000000,211362.99767000,1760,1081423.10000000,91222.71458000
2026-06-12T18:00Z,0.08400000,0.08430000,0.08350000,0.08370000,1037464.90000000,87002.68939000,723,442691.80000000,37155.90446000
2026-06-12T19:00Z,0.08370000,0.08450000,0.08370000,0.08390000,1221063.10000000,102634.90831000,671,763289.30000000,64149.44042000
2026-06-12T20:00Z,0.08390000,0.08430000,0.08350000,0.08360000,2021848.10000000,169483.72982000,633,486992.70000000,40828.23489000
2026-06-12T21:00Z,0.08370000,0.08440000,0.08350000,0.08380000,1504566.90000000,126410.29752000,586,797842.10000000,67016.18422000
2026-06-12T22:00Z,0.08380000,0.08400000,0.08360000,0.08390000,718976.50000000,60218.95683000,386,315786.40000000,26437.24822000
2026-06-12T23:00Z,0.08380000,0.08390000,0.08320000,0.08390000,909540.50000000,75969.10327000,550,439791.10000000,36729.12035000
2026-06-13T00:00Z,0.08390000,0.08440000,0.08380000,0.08430000,1146958.90000000,96472.86704000,1524,359630.80000000,30241.43179000
2026-06-13T01:00Z,0.08420000,0.08510000,0.08410000,0.08480000,2610822.50000000,220634.22638000,1210,1611103.30000000,136158.13359000
2026-06-13T02:00Z,0.08480000,0.08480000,0.08410000,0.08450000,809540.00000000,68385.35039000,490,398164.50000000,33625.52483000
2026-06-13T03:00Z,0.08450000,0.08470000,0.08390000,0.08420000,1024532.30000000,86191.26385000,538,487707.40000000,41022.87938000
2026-06-13T04:00Z,0.08420000,0.08460000,0.08390000,0.08400000,1149276.90000000,96738.26133000,497,510624.20000000,42965.37365000
2026-06-13T05:00Z,0.08400000,0.08440000,0.08380000,0.08410000,806248.00000000,67743.15559000,489,379690.40000000,31909.89990000
2026-06-13T06:00Z,0.08420000,0.08540000,0.08390000,0.08510000,2450563.70000000,207690.00219000,1264,1293460.20000000,109683.44799000
2026-06-13T07:00Z,0.08510000,0.08600000,0.08460000,0.08570000,3404731.10000000,291824.11575000,1620,1707735.90000000,146372.44912000
2026-06-13T08:00Z,0.08570000,0.08630000,0.08550000,0.08570000,1429255.30000000,122757.98247000,835,991554.30000000,85192.06983000
2026-06-13T09:00Z,0.08570000,0.08610000,0.08540000,0.08550000,967983.70000000,82918.77940000,506,396142.50000000,33959.05175000
2026-06-13T10:00Z,0.08560000,0.08610000,0.08550000,0.08570000,845110.30000000,72530.88162000,416,386554.50000000,33179.95440000
2026-06-13T11:00Z,0.08570000,0.08650000,0.08570000,0.08640000,883728.50000000,76190.65725000,541,477074.30000000,41125.73308000
2026-06-13T12:00Z,0.08640000,0.08680000,0.08590000,0.08620000,1902580.50000000,164230.64461000,937,1075783.30000000,92929.95935000
2026-06-13T13:00Z,0.08620000,0.08680000,0.08600000,0.08620000,1736996.90000000,150005.33978000,761,939646.40000000,81154.15896000
2026-06-13T14:00Z,0.08620000,0.08660000,0.08590000,0.08650000,1632920.00000000,140922.84147000,745,974601.30000000,84104.97079000
2026-06-13T15:00Z,0.08650000,0.08700000,0.08620000,0.08630000,2484002.80000000,215250.57181000,977,1369141.60000000,118675.87508000
2026-06-13T16:00Z,0.08640000,0.08640000,0.08540000,0.08580000,2242818.90000000,192384.87020000,976,1215554.60000000,104288.54427000
2026-06-13T17:00Z,0.08580000,0.08640000,0.08560000,0.08580000,2506899.40000000,215523.50990000,864,1106721.90000000,95111.01427000
2026-06-13T18:00Z,0.08580000,0.08600000,0.08520000,0.08550000,1600018.20000000,137285.12134000,550,724446.90000000,62192.11904000
2026-06-13T19:00Z,0.08550000,0.08590000,0.08530000,0.08550000,1286014.40000000,110096.59070000,557,803167.00000000,68753.11193000
2026-06-13T20:00Z,0.08560000,0.08560000,0.08520000,0.08540000,1383149.90000000,118143.77103000,417,593717.30000000,50741.92190000
2026-06-13T21:00Z,0.08540000,0.08630000,0.08530000,0.08600000,783766.10000000,67143.51374000,429,311633.60000000,26745.59287000
2026-06-13T22:00Z,0.08600000,0.08610000,0.08530000,0.08530000,679847.70000000,58292.61827000,397,345368.20000000,29607.38349000
2026-06-13T23:00Z,0.08540000,0.08560000,0.08510000,0.08520000,1059750.80000000,90467.98543000,431,694276.90000000,59286.22117000
2026-06-14T00:00Z,0.08530000,0.08530000,0.08400000,0.08450000,2761454.40000000,233572.93229000,1159,983099.50000000,83153.71082000
2026-06-14T01:00Z,0.08450000,0.08480000,0.08410000,0.08440000,1546683.40000000,130747.15190000,645,920334.30000000,77855.43301000
2026-06-14T02:00Z,0.08440000,0.08480000,0.08410000,0.08420000,1001098.50000000,84481.55247000,379,335478.10000000,28342.90569000
2026-06-14T03:00Z,0.08410000,0.08440000,0.08400000,0.08430000,478785.30000000,40323.12053000,350,304584.70000000,25654.61548000
2026-06-14T04:00Z,0.08430000,0.08430000,0.08340000,0.08360000,1255438.20000000,105189.38358000,629,476714.10000000,39973.21923000
2026-06-14T05:00Z,0.08360000,0.08400000,0.08330000,0.08380000,1429813.20000000,119538.77832000,457,514696.00000000,43059.40733000
2026-06-14T06:00Z,0.08380000,0.08430000,0.08350000,0.08370000,816262.20000000,68386.31214000,419,515288.70000000,43185.95632000
2026-06-14T07:00Z,0.08360000,0.08370000,0.08330000,0.08350000,571863.90000000,47716.24546000,454,340867.70000000,28446.60466000
2026-06-14T08:00Z,0.08360000,0.08390000,0.08330000,0.08340000,1182659.10000000,98679.59920000,363,635032.80000000,53003.39473000
2026-06-14T09:00Z,0.08340000,0.08370000,0.08290000,0.08350000,1546666.00000000,128854.06713000,601,852150.60000000,71023.52878000
2026-06-14T10:00Z,0.08350000,0.08370000,0.08320000,0.08320000,640164.20000000,53454.91952000,452,265462.60000000,22162.15394000
2026-06-14T11:00Z,0.08320000,0.08360000,0.08300000,0.08340000,1347443.60000000,112201.10970000,554,957644.10000000,79744.85598000
2026-06-14T12:00Z,0.08340000,0.08360000,0.08280000,0.08280000,1821118.80000000,151275.32392000,563,416163.00000000,34649.47507000
2026-06-14T13:00Z,0.08290000,0.08340000,0.08270000,0.08310000,1612219.20000000,133855.72451000,603,868191.80000000,72189.24715000
2026-06-14T14:00Z,0.08300000,0.08310000,0.08180000,0.08240000,2438459.60000000,201060.20670000,1065,1151867.80000000,94999.53799000
2026-06-14T15:00Z,0.08250000,0.08260000,0.08230000,0.08230000,738112.20000000,60874.63638000,629,355287.80000000,29301.39796000
2026-06-14T16:00Z,0.08230000,0.08240000,0.08190000,0.08200000,1751092.40000000,143892.74013000,619,693105.60000000,56962.29304000
2026-06-14T17:00Z,0.08190000,0.08240000,0.08170000,0.08170000,779260.90000000,63924.79386000,434,322811.70000000,26490.34339000
2026-06-14T18:00Z,0.08180000,0.08210000,0.08170000,0.08210000,857252.50000000,70169.31618000,516,577466.60000000,47271.95801000
2026-06-14T19:00Z,0.08200000,0.08350000,0.08200000,0.08240000,3232463.50000000,267529.78030000,1258,1528946.60000000,126509.38731000
2026-06-14T20:00Z,0.08250000,0.08300000,0.08230000,0.08260000,1039218.60000000,85845.89223000,451,543282.60000000,44885.42648000
2026-06-14T21:00Z,0.08260000,0.08610000,0.08260000,0.08540000,3183186.90000000,269764.99096000,1836,2008132.10000000,170091.36056000
2026-06-14T22:00Z,0.08550000,0.08590000,0.08490000,0.08510000,4161589.90000000,355007.77189000,1909,1918651.40000000,163804.60715000
2026-06-14T23:00Z,0.08510000,0.08590000,0.08470000,0.08580000,1660935.20000000,141796.99890000,893,836976.70000000,71480.15123000
2026-06-15T00:00Z,0.08580000,0.08630000,0.08520000,0.08550000,2944647.80000000,252034.30838000,1142,1049743.80000000,89972.97541000
2026-06-15T01:00Z,0.08550000,0.08560000,0.08490000,0.08520000,1920833.00000000,163633.05363000,1539,1127054.30000000,96014.49654000
2026-06-15T02:00Z,0.08510000,0.08590000,0.08510000,0.08550000,1228067.90000000,105014.25592000,978,521288.50000000,44563.82256000
2026-06-15T03:00Z,0.08550000,0.08640000,0.08540000,0.08610000,815505.40000000,70128.72977000,554,453993.70000000,39037.97829000
2026-06-15T04:00Z,0.08600000,0.08630000,0.08550000,0.08570000,1018466.10000000,87556.21807000,715,506874.20000000,43572.26196000
2026-06-15T05:00Z,0.08580000,0.08690000,0.08570000,0.08690000,1670551.20000000,144303.78748000,939,900566.20000000,77776.77955000
2026-06-15T06:00Z,0.08680000,0.08730000,0.08630000,0.08670000,4732886.10000000,411229.00625000,1693,3542005.40000000,307885.52444000
2026-06-15T07:00Z,0.08670000,0.08720000,0.08630000,0.08630000,1312259.40000000,113778.46314000,596,966647.70000000,83830.29415000
2026-06-15T08:00Z,0.08640000,0.08720000,0.08630000,0.08660000,2724835.30000000,236622.76404000,1068,1385354.30000000,120302.08409000
2026-06-15T09:00Z,0.08660000,0.08700000,0.08630000,0.08670000,1270097.00000000,109992.54843000,646,693409.20000000,60083.55166000
2026-06-15T10:00Z,0.08670000,0.08770000,0.08650000,0.08750000,3478297.90000000,302671.33113000,1343,1786492.00000000,155525.81666000
2026-06-15T11:00Z,0.08750000,0.08850000,0.08710000,0.08810000,4013702.70000000,352969.44799000,1627,1896812.10000000,166843.86025000
2026-06-15T12:00Z,0.08810000,0.08860000,0.08770000,0.08840000,2537482.60000000,223560.40386000,1066,1470153.50000000,129612.64158000
2026-06-15T13:00Z,0.08840000,0.08980000,0.08830000,0.08960000,4711039.00000000,420579.86082000,2071,2454408.50000000,219025.62936000
2026-06-15T14:00Z,0.08960000,0.08970000,0.08890000,0.08910000,2502215.20000000,223089.20014000,1072,839887.90000000,74944.66932000
2026-06-15T15:00Z,0.08910000,0.08970000,0.08790000,0.08960000,6942218.40000000,614220.49757000,2118,1471179.60000000,130292.70971000
2026-06-15T16:00Z,0.08960000,0.08990000,0.08920000,0.08920000,2803559.20000000,251097.91324000,1027,1352063.50000000,121178.62867000
2026-06-15T17:00Z,0.08920000,0.08940000,0.08850000,0.08910000,3969383.20000000,352765.88400000,1418,1995071.80000000,177408.74835000
2026-06-15T18:00Z,0.08890000,0.08920000,0.08830000,0.08830000,1461406.30000000,129746.06010000,915,529721.80000000,47026.75646000
2026-06-15T19:00Z,0.08820000,0.08870000,0.08690000,0.08730000,3337391.70000000,292245.97927000,2063,1130142.30000000,98874.56147000
2026-06-15T20:00Z,0.08730000,0.08750000,0.08680000,0.08680000,1097786.70000000,95711.51642000,876,450165.50000000,39259.94026000
2026-06-15T21:00Z,0.08700000,0.08730000,0.08670000,0.08690000,714072.80000000,62122.00788000,738,286096.60000000,24895.95351000
2026-06-15T22:00Z,0.08690000,0.08730000,0.08540000,0.08570000,2477166.10000000,213452.05044000,1571,709644.30000000,61154.81631000
2026-06-15T23:00Z,0.08580000,0.08640000,0.08550000,0.08630000,965110.40000000,82908.43677000,785,406737.80000000,34934.64842000
2026-06-16T00:00Z,0.08630000,0.08680000,0.08600000,0.08630000,1187361.50000000,102546.45111000,852,669373.20000000,57791.86511000
2026-06-16T01:00Z,0.08610000,0.08660000,0.08610000,0.08610000,1340590.70000000,115861.49383000,569,813383.60000000,70302.15544000
2026-06-16T02:00Z,0.08610000,0.08630000,0.08480000,0.08520000,2373244.50000000,202656.17734000,1364,986041.80000000,84281.68049000
2026-06-16T03:00Z,0.08530000,0.08630000,0.08510000,0.08630000,938466.60000000,80312.24791000,586,528258.20000000,45181.46300000
2026-06-16T04:00Z,0.08620000,0.08650000,0.08520000,0.08550000,1240129.00000000,106303.25864000,587,546238.40000000,46886.13658000
2026-06-16T05:00Z,0.08540000,0.08610000,0.08540000,0.08590000,1334115.70000000,114559.61517000,551,770202.50000000,66143.69470000
2026-06-16T06:00Z,0.08590000,0.08650000,0.08580000,0.08630000,716137.10000000,61694.24292000,482,439441.30000000,37853.65699000
2026-06-16T07:00Z,0.08630000,0.08670000,0.08590000,0.08630000,766078.00000000,66120.31536000,528,184879.40000000,15979.43544000
2026-06-16T08:00Z,0.08640000,0.08790000,0.08630000,0.08770000,2218229.40000000,193227.17177000,1168,1180919.90000000,102869.52516000
2026-06-16T09:00Z,0.08760000,0.08810000,0.08660000,0.08670000,1558313.30000000,136143.20157000,819,833122.30000000,72769.17749000
2026-06-16T10:00Z,0.08670000,0.08710000,0.08650000,0.08660000,651207.90000000,56523.16737000,487,363360.70000000,31555.94682000
2026-06-16T11:00Z,0.08660000,0.08690000,0.08610000,0.08670000,2168867.40000000,187361.20159000,837,960774.20000000,83029.05876000
2026-06-16T12:00Z,0.08670000,0.08770000,0.08650000,0.08710000,1550279.50000000,135026.80581000,925,821288.50000000,71548.87899000
2026-06-16T13:00Z,0.08720000,0.08730000,0.08560000,0.08570000,1877618.30000000,161640.88691000,1301,765281.20000000,65895.30089000
2026-06-16T14:00Z,0.08570000,0.08610000,0.08360000,0.08410000,3902488.00000000,329938.85728000,2111,1532891.00000000,129678.90186000
2026-06-16T15:00Z,0.08410000,0.08500000,0.08400000,0.08480000,1136154.80000000,95985.84051000,779,404453.70000000,34181.04259000
2026-06-16T16:00Z,0.08480000,0.08490000,0.08430000,0.08450000,1441624.50000000,122071.08848000,630,507316.20000000,42939.74048000
2026-06-16T17:00Z,0.08460000,0.08550000,0.08440000,0.08550000,441054.80000000,37455.32700000,515,273715.40000000,23246.91203000
2026-06-16T18:00Z,0.08550000,0.08660000,0.08550000,0.08600000,2433267.40000000,209338.60552000,1067,1705735.50000000,146727.65409000
2026-06-16T19:00Z,0.08580000,0.08580000,0.08500000,0.08540000,1394231.20000000,119077.08623000,860,664564.70000000,56732.66395000
2026-06-16T20:00Z,0.08540000,0.08650000,0.08520000,0.08620000,708382.40000000,60770.93595000,612,350269.20000000,30059.58252000
2026-06-16T21:00Z,0.08630000,0.08630000,0.08560000,0.08580000,760488.10000000,65308.49005000,442,296021.90000000,25433.55086000
2026-06-16T22:00Z,0.08580000,0.08620000,0.08560000,0.08590000,566794.00000000,48679.22980000,449,288537.70000000,24787.42034000
2026-06-16T23:00Z,0.08590000,0.08600000,0.08550000,0.08560000,357655.10000000,30671.10976000,296,69468.90000000,5953.67221000
2026-06-17T00:00Z,0.08570000,0.08650000,0.08560000,0.08620000,521617.50000000,44916.49260000,505,330875.00000000,28485.42950000
2026-06-17T01:00Z,0.08630000,0.08850000,0.08590000,0.08830000,1846203.90000000,161248.43663000,1068,1243969.90000000,108748.01502000
2026-06-17T02:00Z,0.08840000,0.08990000,0.08830000,0.08910000,2239360.10000000,199195.87220000,1282,1318728.70000000,117246.26838000
2026-06-17T03:00Z,0.08920000,0.08920000,0.08770000,0.08880000,1883573.30000000,166450.20607000,1016,1085719.20000000,95947.49440000
2026-06-17T04:00Z,0.08880000,0.08920000,0.08830000,0.08840000,1415553.30000000,125634.49961000,662,1059184.70000000,94010.55488000
2026-06-17T05:00Z,0.08850000,0.08890000,0.08790000,0.08800000,1313372.50000000,115759.27723000,660,562759.60000000,49611.76621000
2026-06-17T06:00Z,0.08810000,0.08840000,0.08750000,0.08750000,895941.00000000,78848.91842000,469,415503.60000000,36568.36686000
2026-06-17T07:00Z,0.08760000,0.08840000,0.08720000,0.08780000,2149012.10000000,188383.77467000,917,1358157.50000000,118979.06983000
2026-06-17T08:00Z,0.08780000,0.08790000,0.08620000,0.08650000,1555318.00000000,135003.41687000,754,685550.50000000,59620.06503000
2026-06-17T09:00Z,0.08650000,0.08680000,0.08620000,0.08650000,1883542.00000000,162948.80062000,604,1036415.30000000,89664.74374000
2026-06-17T10:00Z,0.08660000,0.08680000,0.08600000,0.08610000,1143625.50000000,98914.17642000,750,656184.80000000,56774.77595000
2026-06-17T11:00Z,0.08610000,0.08630000,0.08550000,0.08580000,1557350.80000000,133968.74714000,719,826550.40000000,71119.16120000
2026-06-17T12:00Z,0.08580000,0.08650000,0.08520000,0.08640000,2451827.20000000,210417.78519000,1272,1351160.70000000,116047.02508000
2026-06-17T13:00Z,0.08640000,0.08690000,0.08600000,0.08610000,1650482.00000000,142670.11114000,1226,875495.20000000,75714.18985000
2026-06-17T14:00Z,0.08610000,0.08670000,0.08540000,0.08610000,2948470.00000000,253959.48821000,1622,976863.20000000,84111.26813000
2026-06-17T15:00Z,0.08620000,0.08840000,0.08590000,0.08840000,2215593.80000000,193190.01024000,1038,1529855.10000000,133443.64640000
2026-06-17T16:00Z,0.08840000,0.08910000,0.08770000,0.08780000,2703161.10000000,238752.32030000,2361,1454537.10000000,128524.54343000
2026-06-17T17:00Z,0.08780000,0.08840000,0.08730000,0.08830000,1589025.50000000,139463.33389000,947,848762.10000000,74529.00945000
2026-06-17T18:00Z,0.08830000,0.08830000,0.08530000,0.08740000,5113789.10000000,444331.27904000,3553,2541234.40000000,220513.53195000
2026-06-17T19:00Z,0.08730000,0.08760000,0.08420000,0.08470000,4843738.60000000,414035.71134000,3307,2078928.80000000,177926.59738000
2026-06-17T20:00Z,0.08470000,0.08610000,0.08440000,0.08590000,2750447.50000000,234184.63426000,2096,1971499.90000000,167841.12598000
2026-06-17T21:00Z,0.08590000,0.08590000,0.08470000,0.08530000,1372148.20000000,117134.43320000,891,683420.80000000,58306.57125000
2026-06-17T22:00Z,0.08530000,0.08580000,0.08400000,0.08550000,1705398.80000000,144567.07448000,1028,535180.00000000,45357.04112000
2026-06-17T23:00Z,0.08560000,0.08610000,0.08550000,0.08570000,922187.60000000,79093.52716000,578,528295.00000000,45320.44167000
2026-06-18T00:00Z,0.08580000,0.08680000,0.08570000,0.08630000,2363785.10000000,204197.23712000,999,1708656.90000000,147610.31977000
2026-06-18T01:00Z,0.08630000,0.08770000,0.08630000,0.08720000,1304325.40000000,113441.07095000,651,706398.70000000,61472.72457000
2026-06-18T02:00Z,0.08730000,0.08780000,0.08680000,0.08730000,998895.90000000,87250.02934000,864,605527.30000000,52890.96583000
2026-06-18T03:00Z,0.08720000,0.08720000,0.08560000,0.08570000,1003082.40000000,86482.02752000,862,512709.50000000,44158.13542000
2026-06-18T04:00Z,0.08570000,0.08590000,0.08420000,0.08430000,2400984.80000000,203379.45918000,1093,980935.20000000,83024.51756000
2026-06-18T05:00Z,0.08430000,0.08440000,0.08360000,0.08430000,1556521.50000000,130626.75432000,862,632598.30000000,53118.79920000
2026-06-18T06:00Z,0.08420000,0.08460000,0.08390000,0.08450000,1328817.70000000,111895.98622000,705,461516.70000000,38907.79017000
2026-06-18T07:00Z,0.08440000,0.08530000,0.08400000,0.08510000,1261172.40000000,106866.69285000,738,613160.60000000,51948.03604000
2026-06-18T08:00Z,0.08510000,0.08560000,0.08480000,0.08520000,894215.30000000,76296.84688000,548,498866.90000000,42573.77417000
2026-06-18T09:00Z,0.08510000,0.08600000,0.08500000,0.08550000,1295092.30000000,110568.85112000,722,768989.20000000,65627.14793000
2026-06-18T10:00Z,0.08550000,0.08550000,0.08450000,0.08470000,2328918.10000000,197509.78411000,1204,1129770.60000000,95767.63119000
2026-06-18T11:00Z,0.08470000,0.08500000,0.08400000,0.08430000,1254788.90000000,105967.34595000,861,797480.70000000,67378.83880000
2026-06-18T12:00Z,0.08430000,0.08530000,0.08420000,0.08530000,2351164.10000000,199262.67577000,806,1187061.90000000,100670.20563000
2026-06-18T13:00Z,0.08530000,0.08560000,0.08380000,0.08450000,1778999.70000000,151038.64624000,1020,967039.80000000,82134.03381000
2026-06-18T14:00Z,0.08460000,0.08570000,0.08420000,0.08530000,2742163.00000000,232984.80883000,1395,1452379.70000000,123409.50665000
2026-06-18T15:00Z,0.08530000,0.08530000,0.08120000,0.08160000,7216260.00000000,599949.92624000,2947,3370973.90000000,280407.40827000
2026-06-18T16:00Z,0.08150000,0.08270000,0.08140000,0.08250000,3467437.10000000,284425.44159000,1612,2127096.80000000,174447.89722000
2026-06-18T17:00Z,0.08260000,0.08260000,0.08150000,0.08210000,2306636.50000000,189279.01382000,1436,1303935.50000000,106985.21757000
2026-06-18T18:00Z,0.08210000,0.08280000,0.08190000,0.08250000,2079145.30000000,171056.44272000,967,1227520.90000000,100981.18246000
2026-06-18T19:00Z,0.08250000,0.08370000,0.08220000,0.08360000,1087673.60000000,90239.45245000,645,699056.00000000,58039.30455000
2026-06-18T20:00Z,0.08360000,0.08510000,0.08360000,0.08480000,1927895.10000000,163257.20349000,1486,967611.90000000,81965.29879000
2026-06-18T21:00Z,0.08490000,0.08490000,0.08410000,0.08460000,1070380.40000000,90513.42414000,782,576296.90000000,48712.76612000
2026-06-18T22:00Z,0.08450000,0.08490000,0.08420000,0.08470000,647918.20000000,54786.45119000,575,424858.40000000,35931.41681000
2026-06-18T23:00Z,0.08470000,0.08550000,0.08440000,0.08530000,791965.40000000,67283.06191000,733,388618.70000000,33023.45585000
2026-06-19T00:00Z,0.08540000,0.08580000,0.08510000,0.08580000,1702664.30000000,145644.43537000,1194,1236053.90000000,105740.90816000
2026-06-19T01:00Z,0.08580000,0.08620000,0.08530000,0.08620000,1053202.90000000,90386.79398000,1112,541185.10000000,46482.27385000
2026-06-19T02:00Z,0.08620000,0.08660000,0.08560000,0.08650000,1077773.70000000,92880.50749000,1410,479138.70000000,41295.67891000
2026-06-19T03:00Z,0.08650000,0.08670000,0.08410000,0.08480000,3275132.90000000,279115.19039000,2073,1557370.70000000,132923.82375000
2026-06-19T04:00Z,0.08480000,0.08500000,0.08280000,0.08310000,2478166.50000000,207189.84099000,1102,823986.50000000,68871.24705000
2026-06-19T05:00Z,0.08310000,0.08370000,0.08310000,0.08340000,951205.20000000,79231.97261000,535,424141.10000000,35339.54417000
2026-06-19T06:00Z,0.08340000,0.08370000,0.08300000,0.08360000,1370561.40000000,114253.22376000,704,551997.60000000,46050.12263000
2026-06-19T07:00Z,0.08350000,0.08350000,0.08230000,0.08300000,2533991.80000000,210020.46571000,1314,1435552.40000000,118966.91790000
2026-06-19T08:00Z,0.08300000,0.08400000,0.08290000,0.08350000,1013416.00000000,84540.55541000,678,632256.70000000,52746.82415000
2026-06-19T09:00Z,0.08350000,0.08370000,0.08250000,0.08270000,1435975.80000000,119092.33462000,737,632315.40000000,52442.32525000
2026-06-19T10:00Z,0.08270000,0.08270000,0.08210000,0.08250000,984363.80000000,81159.63015000,622,599898.20000000,49470.09343000
2026-06-19T11:00Z,0.08250000,0.08280000,0.08220000,0.08250000,624478.10000000,51524.79668000,604,304509.70000000,25120.28549000
2026-06-19T12:00Z,0.08260000,0.08370000,0.08230000,0.08370000,1575252.60000000,130591.16609000,1025,589926.20000000,48847.72341000
2026-06-19T13:00Z,0.08380000,0.08510000,0.08320000,0.08500000,1941247.60000000,163689.50415000,1310,1121803.00000000,94771.54718000
2026-06-19T14:00Z,0.08490000,0.08540000,0.08430000,0.08440000,1653347.50000000,140209.72000000,1126,1012470.30000000,85837.29204000
2026-06-19T15:00Z,0.08450000,0.08490000,0.08410000,0.08450000,649655.90000000,54915.92368000,573,237931.30000000,20123.03960000
2026-06-19T16:00Z,0.08460000,0.08510000,0.08390000,0.08400000,1129489.50000000,95558.39911000,895,480632.20000000,40667.83505000
2026-06-19T17:00Z,0.08400000,0.08500000,0.08390000,0.08470000,620494.90000000,52437.44158000,476,388577.80000000,32837.93859000
2026-06-19T18:00Z,0.08470000,0.08470000,0.08360000,0.08380000,912150.30000000,76736.97220000,620,479024.80000000,40298.94038000
2026-06-19T19:00Z,0.08380000,0.08380000,0.08290000,0.08310000,802344.60000000,66796.57453000,415,361354.50000000,30075.71902000
2026-06-19T20:00Z,0.08310000,0.08380000,0.08280000,0.08380000,840863.80000000,70033.14116000,553,404513.30000000,33686.63881000
2026-06-19T21:00Z,0.08370000,0.08390000,0.08290000,0.08310000,966398.50000000,80528.45541000,380,344595.00000000,28698.04494000
2026-06-19T22:00Z,0.08310000,0.08370000,0.08290000,0.08350000,431757.20000000,36064.18515000,286,266786.50000000,22278.73970000
2026-06-19T23:00Z,0.08350000,0.08400000,0.08320000,0.08390000,991400.30000000,83057.57289000,459,420491.00000000,35230.70303000
2026-06-20T00:00Z,0.08390000,0.08470000,0.08370000,0.08370000,809706.80000000,68031.00941000,528,295394.80000000,24827.66017000
2026-06-20T01:00Z,0.08370000,0.08390000,0.08340000,0.08340000,1051658.80000000,87934.60931000,506,318499.30000000,26654.18979000
2026-06-20T02:00Z,0.08350000,0.08360000,0.08280000,0.08280000,1113267.50000000,92454.26162000,771,705073.00000000,58559.08816000
2026-06-20T03:00Z,0.08280000,0.08320000,0.08270000,0.08310000,646944.40000000,53656.33752000,345,506970.20000000,42046.02457000
2026-06-20T04:00Z,0.08310000,0.08360000,0.08290000,0.08350000,714201.80000000,59418.52895000,396,313246.70000000,26079.13893000
2026-06-20T05:00Z,0.08360000,0.08480000,0.08330000,0.08410000,1988174.30000000,167138.16897000,947,1063884.70000000,89403.71223000
2026-06-20T06:00Z,0.08410000,0.08450000,0.08400000,0.08440000,550780.10000000,46390.55611000,341,342063.90000000,28824.36594000
2026-06-20T07:00Z,0.08440000,0.08470000,0.08390000,0.08420000,1242292.80000000,104707.69814000,588,691633.30000000,58359.34920000
2026-06-20T08:00Z,0.08430000,0.08460000,0.08390000,0.08410000,1406758.70000000,118516.82032000,758,850452.50000000,71668.30442000
2026-06-20T09:00Z,0.08410000,0.08460000,0.08410000,0.08440000,731802.50000000,61717.45174000,455,477088.70000000,40239.95288000
2026-06-20T10:00Z,0.08440000,0.08470000,0.08390000,0.08410000,562099.70000000,47395.52831000,463,159465.00000000,13465.34334000
2026-06-20T11:00Z,0.08410000,0.08440000,0.08370000,0.08370000,1123270.60000000,94283.38748000,519,237416.00000000,19930.62513000
2026-06-20T12:00Z,0.08380000,0.08410000,0.08320000,0.08340000,880479.90000000,73703.27807000,681,288563.90000000,24172.30982000
2026-06-20T13:00Z,0.08340000,0.08340000,0.08240000,0.08280000,2608999.10000000,216218.09836000,1161,1229845.90000000,101861.46993000
2026-06-20T14:00Z,0.08270000,0.08410000,0.08180000,0.08340000,2336052.90000000,194166.21600000,1454,996479.90000000,82828.93187000
2026-06-20T15:00Z,0.08340000,0.08450000,0.08320000,0.08400000,2990429.90000000,250970.24201000,1171,1959252.30000000,164362.12428000
2026-06-20T16:00Z,0.08400000,0.08400000,0.08310000,0.08350000,432417.10000000,36136.73875000,462,208487.50000000,17416.03190000
2026-06-20T17:00Z,0.08350000,0.08350000,0.08250000,0.08290000,760163.80000000,63032.03659000,463,360434.00000000,29932.31299000
2026-06-20T18:00Z,0.08300000,0.08330000,0.08280000,0.08300000,436605.40000000,36270.71823000,257,331029.60000000,27507.55145000
2026-06-20T19:00Z,0.08300000,0.08330000,0.08290000,0.08320000,429440.50000000,35664.78462000,225,146357.40000000,12151.78965000
2026-06-20T20:00Z,0.08320000,0.08330000,0.08290000,0.08320000,437240.40000000,36374.54768000,200,154969.50000000,12895.42626000
2026-06-20T21:00Z,0.08330000,0.08370000,0.08320000,0.08350000,573686.00000000,47872.54589000,334,199141.30000000,16622.70618000
2026-06-20T22:00Z,0.08350000,0.08490000,0.08330000,0.08470000,1618601.30000000,136593.28198000,782,916193.00000000,77323.34956000
2026-06-20T23:00Z,0.08470000,0.08510000,0.08450000,0.08460000,748558.50000000,63458.60756000,658,324624.50000000,27519.93314000
2026-06-21T00:00Z,0.08460000,0.08460000,0.08400000,0.08430000,462550.20000000,38962.61676000,291,92015.60000000,7752.87296000
2026-06-21T01:00Z,0.08440000,0.08450000,0.08400000,0.08420000,176320.10000000,14851.70520000,265,97497.60000000,8212.95312000
2026-06-21T02:00Z,0.08410000,0.08410000,0.08370000,0.08400000,680584.70000000,57153.61942000,299,254945.80000000,21418.83523000
2026-06-21T03:00Z,0.08390000,0.08430000,0.08370000,0.08380000,645402.20000000,54187.58919000,392,270623.00000000,22733.46260000
2026-06-21T04:00Z,0.08380000,0.08390000,0.08320000,0.08320000,1237423.90000000,103520.44195000,513,842036.00000000,70439.61867000
2026-06-21T05:00Z,0.08320000,0.08340000,0.08290000,0.08310000,682357.60000000,56707.12568000,482,396995.10000000,32988.37260000
2026-06-21T06:00Z,0.08310000,0.08360000,0.08300000,0.08340000,391137.20000000,32589.97816000,251,182709.50000000,15218.46071000
2026-06-21T07:00Z,0.08340000,0.08390000,0.08320000,0.08350000,1012832.70000000,84614.75246000,445,388374.10000000,32431.95174000
2026-06-21T08:00Z,0.08360000,0.08370000,0.08280000,0.08350000,1322140.30000000,109986.47116000,510,438065.80000000,36496.12747000
2026-06-21T09:00Z,0.08360000,0.08450000,0.08330000,0.08450000,1313282.50000000,110164.63402000,500,877846.80000000,73665.01157000
2026-06-21T10:00Z,0.08450000,0.08480000,0.08410000,0.08410000,665719.40000000,56255.97439000,496,253265.70000000,21417.35806000
2026-06-21T11:00Z,0.08410000,0.08440000,0.08340000,0.08370000,842521.00000000,70596.37761000,589,269947.30000000,22639.25332000
2026-06-21T12:00Z,0.08370000,0.08390000,0.08330000,0.08390000,909639.00000000,75963.02369000,573,414297.40000000,34645.38824000
2026-06-21T13:00Z,0.08380000,0.08420000,0.08360000,0.08410000,970416.40000000,81573.54582000,459,520558.50000000,43780.18356000
2026-06-21T14:00Z,0.08420000,0.08440000,0.08360000,0.08410000,818428.70000000,68720.73445000,721,577390.60000000,48502.07973000
2026-06-21T15:00Z,0.08410000,0.08470000,0.08390000,0.08440000,744989.30000000,62788.39413000,560,327912.10000000,27635.66495000
2026-06-21T16:00Z,0.08440000,0.08450000,0.08350000,0.08400000,1079394.70000000,90752.89932000,722,662283.60000000,55683.59427000
2026-06-21T17:00Z,0.08410000,0.08440000,0.08360000,0.08370000,1125656.30000000,94543.10516000,516,690224.30000000,57959.06727000
2026-06-21T18:00Z,0.08370000,0.08410000,0.08320000,0.08380000,538986.50000000,45099.49334000,440,273239.60000000,22850.11890000
2026-06-21T19:00Z,0.08380000,0.08410000,0.08360000,0.08360000,223111.90000000,18707.64831000,213,133568.80000000,11203.03304000
2026-06-21T20:00Z,0.08360000,0.08380000,0.08280000,0.08290000,1687047.20000000,140192.55531000,747,765790.10000000,63681.59697000
2026-06-21T21:00Z,0.08300000,0.08300000,0.08160000,0.08230000,2337389.10000000,191991.79544000,1620,914322.00000000,75152.01169000
2026-06-21T22:00Z,0.08230000,0.08270000,0.08200000,0.08230000,1180077.60000000,97096.25331000,1275,505433.40000000,41605.78732000
2026-06-21T23:00Z,0.08230000,0.08250000,0.08170000,0.08190000,2000559.40000000,164233.67372000,1292,1244709.70000000,102226.82204000
2026-06-22T00:00Z,0.08190000,0.08340000,0.08190000,0.08330000,1500397.50000000,123978.88861000,753,497741.30000000,41128.75643000
2026-06-22T01:00Z,0.08330000,0.08520000,0.08310000,0.08470000,2529637.20000000,213574.43618000,1209,1409963.30000000,119033.86214000
2026-06-22T02:00Z,0.08470000,0.08480000,0.08390000,0.08390000,725006.50000000,61154.27822000,761,320832.50000000,27052.31456000
2026-06-22T03:00Z,0.08390000,0.08400000,0.08300000,0.08320000,692604.00000000,57843.99439000,652,298144.90000000,24891.68061000
2026-06-22T04:00Z,0.08310000,0.08370000,0.08290000,0.08350000,1377874.80000000,114630.24494000,503,543354.40000000,45222.91013000
2026-06-22T05:00Z,0.08360000,0.08410000,0.08350000,0.08390000,1189956.30000000,99795.57665000,432,499080.80000000,41865.78999000
2026-06-22T06:00Z,0.08400000,0.08430000,0.08370000,0.08420000,1363692.70000000,114720.98936000,711,786655.50000000,66195.73810000
2026-06-22T07:00Z,0.08410000,0.08530000,0.08410000,0.08500000,2072749.30000000,175876.33639000,859,958842.00000000,81266.97674000
2026-06-22T08:00Z,0.08510000,0.08550000,0.08480000,0.08520000,941689.10000000,80092.99389000,631,540044.90000000,45946.15006000
2026-06-22T09:00Z,0.08520000,0.08560000,0.08510000,0.08540000,1516535.10000000,129418.35109000,817,622741.60000000,53168.93499000
2026-06-22T10:00Z,0.08530000,0.08570000,0.08480000,0.08520000,1013991.80000000,86527.11555000,729,381156.20000000,32564.31433000
2026-06-22T11:00Z,0.08520000,0.08650000,0.08500000,0.08610000,2375759.20000000,204528.12506000,1346,1443637.60000000,124279.81948000
2026-06-22T12:00Z,0.08620000,0.08650000,0.08580000,0.08620000,2789193.20000000,240172.13000000,1330,1757340.40000000,151339.62308000
2026-06-22T13:00Z,0.08610000,0.08700000,0.08580000,0.08680000,2706589.90000000,233522.53757000,1326,1653055.00000000,142661.04890000
2026-06-22T14:00Z,0.08680000,0.08680000,0.08490000,0.08560000,1613396.10000000,138181.62328000,1090,723597.70000000,62056.24112000
2026-06-22T15:00Z,0.08560000,0.08590000,0.08450000,0.08470000,2968674.10000000,252672.66407000,1234,1079490.20000000,91909.08899000
2026-06-22T16:00Z,0.08470000,0.08520000,0.08430000,0.08510000,2064742.90000000,174857.39306000,919,1304774.60000000,110464.31327000
2026-06-22T17:00Z,0.08500000,0.08500000,0.08410000,0.08480000,1180162.40000000,99825.42719000,933,436696.60000000,36938.51129000
2026-06-22T18:00Z,0.08480000,0.08510000,0.08380000,0.08390000,1414390.20000000,119616.82700000,1007,617400.80000000,52230.47910000
2026-06-22T19:00Z,0.08390000,0.08400000,0.08340000,0.08370000,1744523.40000000,146068.68993000,853,778386.80000000,65151.68113000
2026-06-22T20:00Z,0.08370000,0.08420000,0.08370000,0.08400000,775726.00000000,65153.24330000,538,545103.40000000,45781.30545000
2026-06-22T21:00Z,0.08400000,0.08400000,0.08320000,0.08360000,623648.70000000,52106.50785000,321,273720.80000000,22856.70769000
2026-06-22T22:00Z,0.08360000,0.08380000,0.08240000,0.08300000,1844581.50000000,153008.68017000,993,907177.00000000,75260.19139000
2026-06-22T23:00Z,0.08290000,0.08330000,0.08280000,0.08320000,545433.10000000,45312.54807000,407,314847.10000000,26154.43437000
2026-06-23T00:00Z,0.08320000,0.08320000,0.08260000,0.08320000,1031167.20000000,85516.03126000,541,277033.60000000,22998.29235000
2026-06-23T01:00Z,0.08320000,0.08340000,0.08240000,0.08300000,1050809.20000000,87072.29724000,671,505204.00000000,41809.81498000
2026-06-23T02:00Z,0.08300000,0.08300000,0.08260000,0.08290000,771941.50000000,63963.47114000,443,318571.90000000,26394.46024000
2026-06-23T03:00Z,0.08280000,0.08290000,0.08230000,0.08280000,1432260.00000000,118237.76529000,533,527349.60000000,43564.62585000
2026-06-23T04:00Z,0.08280000,0.08290000,0.08200000,0.08200000,1186294.90000000,97724.79288000,603,501698.10000000,41367.99017000
2026-06-23T05:00Z,0.08210000,0.08220000,0.08140000,0.08170000,1456857.00000000,119140.44331000,762,661066.20000000,54084.30820000
2026-06-23T06:00Z,0.08170000,0.08170000,0.07910000,0.07980000,5994310.00000000,479798.02682000,3130,2856163.10000000,228519.05738000
2026-06-23T07:00Z,0.07990000,0.08020000,0.07950000,0.07960000,2356507.40000000,188395.42504000,1020,1305421.00000000,104388.00341000
2026-06-23T08:00Z,0.07960000,0.07960000,0.07670000,0.07740000,9757886.20000000,760504.47186000,4456,4770400.70000000,371160.28985000
2026-06-23T09:00Z,0.07750000,0.07810000,0.07720000,0.07780000,3429269.50000000,266024.20281000,1341,1797894.50000000,139466.78900000
2026-06-23T10:00Z,0.07780000,0.07820000,0.07750000,0.07780000,2450729.60000000,190664.98564000,1217,1315469.90000000,102329.74414000
2026-06-23T11:00Z,0.07780000,0.07910000,0.07770000,0.07910000,2529763.10000000,198411.01935000,1304,1535933.80000000,120540.25980000
2026-06-23T12:00Z,0.07900000,0.07920000,0.07860000,0.07870000,1988534.60000000,156906.78910000,860,1014312.50000000,80103.33254000
2026-06-23T13:00Z,0.07880000,0.08000000,0.07840000,0.07980000,1526136.10000000,120850.49433000,1086,815378.30000000,64526.55826000
2026-06-23T14:00Z,0.07980000,0.08060000,0.07910000,0.07920000,2123266.00000000,169829.96126000,1155,1281866.40000000,102580.67416000
2026-06-23T15:00Z,0.07920000,0.07920000,0.07810000,0.07860000,1762081.70000000,138700.16404000,1006,681158.30000000,53608.82100000
2026-06-23T16:00Z,0.07860000,0.07920000,0.07830000,0.07850000,2202813.20000000,173665.48758000,1084,1353343.90000000,106744.70142000
2026-06-23T17:00Z,0.07840000,0.07900000,0.07810000,0.07820000,1189249.00000000,93385.19548000,604,373276.60000000,29326.81993000
2026-06-23T18:00Z,0.07820000,0.07870000,0.07790000,0.07830000,1461137.60000000,114257.26870000,616,329948.10000000,25814.99389000
2026-06-23T19:00Z,0.07830000,0.07870000,0.07820000,0.07860000,816362.80000000,63996.06341000,481,470713.80000000,36900.28387000
2026-06-23T20:00Z,0.07860000,0.07920000,0.07860000,0.07900000,1267181.40000000,100052.54966000,586,758708.00000000,59921.44556000
2026-06-23T21:00Z,0.07900000,0.07930000,0.07890000,0.07910000,766280.40000000,60645.58096000,317,404620.90000000,32037.95561000
2026-06-23T22:00Z,0.07900000,0.07950000,0.07890000,0.07910000,467554.30000000,37054.32287000,357,261851.60000000,20757.13637000
2026-06-23T23:00Z,0.07910000,0.07930000,0.07880000,0.07910000,603535.40000000,47645.09917000,275,372205.80000000,29387.05587000
2026-06-24T00:00Z,0.07910000,0.07940000,0.07900000,0.07910000,757858.60000000,60019.65559000,469,350444.30000000,27757.51493000
2026-06-24T01:00Z,0.07910000,0.07940000,0.07860000,0.07870000,985053.60000000,77766.49442000,574,463031.50000000,36593.73872000
2026-06-24T02:00Z,0.07880000,0.07880000,0.07810000,0.07820000,1376021.90000000,107899.73132000,488,662891.70000000,51948.94629000
2026-06-24T03:00Z,0.07820000,0.07840000,0.07770000,0.07810000,1087330.30000000,84987.91363000,379,444139.60000000,34740.57319000
2026-06-24T04:00Z,0.07810000,0.07850000,0.07740000,0.07830000,745098.50000000,58068.95756000,469,433938.20000000,33847.81943000
2026-06-24T05:00Z,0.07830000,0.07890000,0.07830000,0.07870000,647140.20000000,50890.49416000,434,395770.90000000,31114.38381000
2026-06-24T06:00Z,0.07880000,0.07880000,0.07830000,0.07860000,569124.30000000,44712.16643000,279,379788.60000000,29839.96166000
2026-06-24T07:00Z,0.07860000,0.07870000,0.07830000,0.07840000,818064.70000000,64238.16945000,387,585783.30000000,46017.74754000
2026-06-24T08:00Z,0.07840000,0.07870000,0.07830000,0.07860000,696205.90000000,54615.35739000,374,310057.20000000,24315.49353000
2026-06-24T09:00Z,0.07860000,0.07870000,0.07810000,0.07850000,1027069.30000000,80568.08138000,395,523974.80000000,41098.15360000
2026-06-24T10:00Z,0.07840000,0.07850000,0.07770000,0.07790000,1941690.50000000,151429.61221000,576,721683.10000000,56286.44165000
2026-06-24T11:00Z,0.07780000,0.07910000,0.07740000,0.07860000,2016806.80000000,157450.63979000,863,955438.00000000,74690.05332000
2026-06-24T12:00Z,0.07860000,0.07870000,0.07810000,0.07820000,968094.70000000,75998.77651000,467,334464.40000000,26256.81092000
2026-06-24T13:00Z,0.07820000,0.07820000,0.07620000,0.07690000,6615058.20000000,507643.58560000,2836,3545218.10000000,272012.36730000
2026-06-24T14:00Z,0.07680000,0.07750000,0.07640000,0.07720000,4717871.50000000,363284.76984000,2027,2393729.70000000,184401.85005000
2026-06-24T15:00Z,0.07730000,0.07730000,0.07520000,0.07550000,4833678.10000000,367527.71188000,2116,1733890.40000000,131880.74314000
2026-06-24T16:00Z,0.07540000,0.07650000,0.07300000,0.07390000,11596287.50000000,865542.85777000,4530,5413067.60000000,404298.25520000
2026-06-24T17:00Z,0.07380000,0.07450000,0.07270000,0.07310000,6013989.10000000,441092.34495000,3170,2852146.70000000,209297.65148000
2026-06-24T18:00Z,0.07320000,0.07450000,0.07270000,0.07370000,4309416.10000000,318148.99356000,1854,2165048.80000000,160009.58153000
2026-06-24T19:00Z,0.07380000,0.07450000,0.07350000,0.07450000,2611675.70000000,193437.84757000,1260,1156329.60000000,85650.35075000
2026-06-24T20:00Z,0.07450000,0.07640000,0.07430000,0.07620000,2974278.80000000,225283.43936000,1716,2010128.20000000,152163.95561000
2026-06-24T21:00Z,0.07620000,0.07650000,0.07580000,0.07650000,812202.40000000,61744.65394000,516,545163.30000000,41472.75449000
2026-06-24T22:00Z,0.07640000,0.07700000,0.07590000,0.07590000,753352.00000000,57578.81729000,572,406896.20000000,31117.27765000
2026-06-24T23:00Z,0.07600000,0.07620000,0.07580000,0.07610000,1154650.40000000,87678.49419000,488,758654.50000000,57619.49628000
2026-06-25T00:00Z,0.07610000,0.07650000,0.07590000,0.07600000,1382905.00000000,105330.72113000,595,896114.40000000,68252.67450000
2026-06-25T01:00Z,0.07610000,0.07700000,0.07600000,0.07600000,4061505.90000000,310503.52212000,1608,2473559.40000000,189105.50144000
2026-06-25T02:00Z,0.07600000,0.07620000,0.07580000,0.07600000,716478.90000000,54441.45852000,335,297237.30000000,22582.28972000
2026-06-25T03:00Z,0.07590000,0.07610000,0.07540000,0.07560000,774345.00000000,58629.29416000,388,245855.70000000,18601.32962000
2026-06-25T04:00Z,0.07560000,0.07650000,0.07540000,0.07650000,837441.10000000,63583.68001000,416,425944.70000000,32356.49683000
2026-06-25T05:00Z,0.07640000,0.07740000,0.07640000,0.07710000,2114453.40000000,162810.90156000,815,601775.80000000,46364.12043000
2026-06-25T06:00Z,0.07710000,0.07740000,0.07690000,0.07700000,1196470.70000000,92245.26208000,684,594614.10000000,45850.42904000
2026-06-25T07:00Z,0.07700000,0.07730000,0.07680000,0.07730000,1835662.10000000,141454.71827000,620,1044537.60000000,80532.75936000
2026-06-25T08:00Z,0.07730000,0.07740000,0.07690000,0.07700000,663833.70000000,51208.25435000,324,257972.90000000,19898.38747000
2026-06-25T09:00Z,0.07700000,0.07710000,0.07670000,0.07690000,686239.60000000,52804.50315000,361,436525.10000000,33606.21233000
2026-06-25T10:00Z,0.07690000,0.07700000,0.07620000,0.07620000,1447495.50000000,110862.94058000,598,536062.30000000,41084.11242000
2026-06-25T11:00Z,0.07620000,0.07640000,0.07590000,0.07600000,1474579.70000000,112272.73490000,616,521340.70000000,39717.64868000
2026-06-25T12:00Z,0.07600000,0.07700000,0.07550000,0.07610000,2667355.80000000,203216.57826000,1082,1505128.40000000,114607.33613000
2026-06-25T13:00Z,0.07610000,0.07670000,0.07050000,0.07080000,12361559.10000000,903866.09074000,5365,5233951.60000000,383458.88559000
2026-06-25T14:00Z,0.07080000,0.07460000,0.07080000,0.07320000,8582136.70000000,626088.79070000,4184,4593548.40000000,335099.01251000
2026-06-25T15:00Z,0.07320000,0.07340000,0.07220000,0.07330000,3287932.30000000,239634.38861000,1746,1416258.60000000,103177.72254000
2026-06-25T16:00Z,0.07330000,0.07420000,0.07230000,0.07240000,2061513.60000000,151205.38718000,1374,1119480.00000000,82301.98542000
2026-06-25T17:00Z,0.07250000,0.07380000,0.07240000,0.07380000,2522895.80000000,184645.06171000,1295,1229234.70000000,89931.08143000
2026-06-25T18:00Z,0.07370000,0.07400000,0.07260000,0.07280000,1901054.80000000,139096.63728000,1087,958965.00000000,70215.38936000
2026-06-25T19:00Z,0.07290000,0.07290000,0.07190000,0.07220000,1681055.20000000,121387.53466000,876,543339.40000000,39250.06051000
2026-06-25T20:00Z,0.07230000,0.07300000,0.07200000,0.07220000,1615048.10000000,117182.40705000,808,822604.30000000,59733.18315000
2026-06-25T21:00Z,0.07220000,0.07380000,0.07220000,0.07370000,1012370.20000000,73778.03988000,519,592013.30000000,43127.16473000
2026-06-25T22:00Z,0.07370000,0.07380000,0.07310000,0.07320000,828099.80000000,60701.30506000,494,457273.40000000,33513.43307000
2026-06-25T23:00Z,0.07310000,0.07370000,0.07300000,0.07330000,474083.50000000,34794.81236000,363,182431.80000000,13399.86880000
2026-06-26T00:00Z,0.07330000,0.07350000,0.07320000,0.07320000,986820.10000000,72408.54645000,424,479533.10000000,35182.07372000
2026-06-26T01:00Z,0.07320000,0.07340000,0.07240000,0.07260000,1016848.20000000,73916.91642000,570,405029.60000000,29464.43416000
2026-06-26T02:00Z,0.07260000,0.07270000,0.07080000,0.07110000,5434040.10000000,388086.54856000,2208,2931492.90000000,209440.99404000
2026-06-26T03:00Z,0.07110000,0.07300000,0.07050000,0.07280000,5262486.30000000,376462.75294000,1896,2790504.00000000,199791.13093000
2026-06-26T04:00Z,0.07280000,0.07310000,0.07230000,0.07240000,1729125.30000000,125580.32514000,876,821209.40000000,59683.72962000
2026-06-26T05:00Z,0.07230000,0.07310000,0.07220000,0.07280000,773989.30000000,56173.40747000,539,319621.20000000,23193.64036000
2026-06-26T06:00Z,0.07270000,0.07390000,0.07230000,0.07370000,3413447.70000000,250086.88398000,1247,1207926.70000000,88510.34634000
2026-06-26T07:00Z,0.07380000,0.07430000,0.07370000,0.07410000,2391319.50000000,177058.28748000,1137,1334719.60000000,98884.52652000
2026-06-26T08:00Z,0.07410000,0.07430000,0.07290000,0.07310000,2118456.40000000,155827.66660000,828,820268.10000000,60336.83618000
2026-06-26T09:00Z,0.07310000,0.07310000,0.07200000,0.07210000,1859287.00000000,134935.87000000,743,763810.50000000,55436.70423000
2026-06-26T10:00Z,0.07210000,0.07240000,0.07170000,0.07180000,1330566.20000000,95858.70378000,812,762951.90000000,54989.32345000
2026-06-26T11:00Z,0.07190000,0.07220000,0.07120000,0.07150000,1597825.90000000,114540.87568000,880,857281.40000000,61467.81128000
2026-06-26T12:00Z,0.07150000,0.07230000,0.07100000,0.07160000,2287418.00000000,164051.97727000,1362,992306.30000000,71162.14818000
2026-06-26T13:00Z,0.07160000,0.07310000,0.07060000,0.07290000,5077985.50000000,364739.36276000,2919,2518729.40000000,180768.88386000
2026-06-26T14:00Z,0.07290000,0.07330000,0.07210000,0.07240000,3707471.50000000,269452.28487000,2145,2138649.20000000,155450.55622000
2026-06-26T15:00Z,0.07250000,0.07390000,0.07230000,0.07340000,2754926.70000000,201643.38731000,1441,1326921.50000000,97017.61459000
2026-06-26T16:00Z,0.07350000,0.07440000,0.07300000,0.07390000,2938878.50000000,217074.56142000,1314,1545908.00000000,114285.17517000
2026-06-26T17:00Z,0.07380000,0.07470000,0.07380000,0.07440000,2709105.30000000,201228.60459000,1169,1332277.50000000,98929.89585000
2026-06-26T18:00Z,0.07430000,0.07520000,0.07370000,0.07380000,2872153.80000000,213834.95208000,1337,1488958.20000000,110851.26747000
2026-06-26T19:00Z,0.07380000,0.07470000,0.07360000,0.07390000,2292540.20000000,170295.87518000,1615,979721.60000000,72781.51229000
2026-06-26T20:00Z,0.07400000,0.07500000,0.07370000,0.07380000,2055849.00000000,152548.12458000,1153,911967.10000000,67680.60183000
2026-06-26T21:00Z,0.07380000,0.07430000,0.07350000,0.07400000,1344456.10000000,99345.64545000,621,694697.80000000,51344.73003000
2026-06-26T22:00Z,0.07390000,0.07430000,0.07370000,0.07430000,855288.60000000,63235.99497000,390,585052.10000000,43267.49940000
2026-06-26T23:00Z,0.07430000,0.07450000,0.07400000,0.07440000,815636.30000000,60553.21404000,236,470121.70000000,34906.68524000
2026-06-27T00:00Z,0.07440000,0.07480000,0.07410000,0.07460000,987527.80000000,73609.56917000,435,475369.80000000,35422.15709000
2026-06-27T01:00Z,0.07470000,0.07470000,0.07440000,0.07450000,751192.80000000,55972.92095000,268,256146.80000000,19097.38394000
2026-06-27T02:00Z,0.07460000,0.07550000,0.07450000,0.07540000,909683.50000000,68328.01791000,534,382234.30000000,28714.92672000
2026-06-27T03:00Z,0.07540000,0.07550000,0.07500000,0.07530000,634644.00000000,47783.95991000,350,280353.40000000,21117.78195000
2026-06-27T04:00Z,0.07530000,0.07570000,0.07480000,0.07490000,924082.30000000,69592.46967000,458,621619.80000000,46820.50134000
2026-06-27T05:00Z,0.07500000,0.07510000,0.07460000,0.07510000,839883.30000000,62819.84008000,317,258852.10000000,19364.15893000
2026-06-27T06:00Z,0.07500000,0.07550000,0.07460000,0.07500000,692103.40000000,51964.20751000,372,306073.90000000,22975.05195000
2026-06-27T07:00Z,0.07510000,0.07530000,0.07480000,0.07500000,674296.60000000,50617.12814000,498,398188.00000000,29905.91310000
2026-06-27T08:00Z,0.07500000,0.07500000,0.07450000,0.07470000,748689.00000000,55954.04174000,504,306630.80000000,22901.27988000
2026-06-27T09:00Z,0.07470000,0.07470000,0.07420000,0.07440000,1175407.20000000,87441.74812000,587,318468.20000000,23691.62384000
2026-06-27T10:00Z,0.07440000,0.07450000,0.07420000,0.07450000,1066123.70000000,79224.92251000,696,349728.80000000,26006.35396000
2026-06-27T11:00Z,0.07440000,0.07570000,0.07400000,0.07440000,4617448.40000000,345340.81298000,1693,2290298.20000000,171288.43689000
2026-06-27T12:00Z,0.07450000,0.07540000,0.07440000,0.07520000,2833623.00000000,212537.81500000,976,1431996.20000000,107410.97808000
2026-06-27T13:00Z,0.07510000,0.07570000,0.07500000,0.07550000,1194598.80000000,90085.92195000,707,679596.10000000,51253.58543000
2026-06-27T14:00Z,0.07550000,0.07580000,0.07480000,0.07520000,2756821.20000000,207581.62083000,927,1477652.10000000,111373.78093000
2026-06-27T15:00Z,0.07530000,0.07580000,0.07510000,0.07580000,1694866.90000000,128043.88194000,560,881419.20000000,66608.23143000
2026-06-27T16:00Z,0.07570000,0.07590000,0.07540000,0.07550000,541106.70000000,40923.39261000,383,278337.60000000,21057.01947000
2026-06-27T17:00Z,0.07550000,0.07550000,0.07470000,0.07470000,1968253.30000000,147518.45398000,672,1043490.40000000,78166.78539000
2026-06-27T18:00Z,0.07460000,0.07470000,0.07410000,0.07440000,1310854.20000000,97445.02927000,435,317624.90000000,23640.67226000
2026-06-27T19:00Z,0.07440000,0.07560000,0.07350000,0.07400000,4422302.90000000,329691.95035000,1480,2259707.10000000,168686.96122000
2026-06-27T20:00Z,0.07400000,0.07420000,0.07380000,0.07400000,847898.70000000,62752.62149000,329,321621.60000000,23795.87973000
2026-06-27T21:00Z,0.07400000,0.07440000,0.07330000,0.07360000,1376413.40000000,101780.10056000,511,600773.50000000,44398.64748000
2026-06-27T22:00Z,0.07350000,0.07380000,0.07290000,0.07380000,942908.40000000,69093.05069000,507,383955.30000000,28160.15078000
2026-06-27T23:00Z,0.07370000,0.07380000,0.07330000,0.07340000,654041.40000000,48062.69328000,302,365516.10000000,26850.93470000
2026-06-28T00:00Z,0.07340000,0.07370000,0.07330000,0.07360000,628876.10000000,46269.85125000,224,285137.50000000,20988.50148000
2026-06-28T01:00Z,0.07350000,0.07370000,0.07340000,0.07360000,419994.30000000,30862.94778000,166,137437.20000000,10114.12951000
2026-06-28T02:00Z,0.07370000,0.07390000,0.07340000,0.07350000,623141.40000000,45880.26465000,251,348930.40000000,25696.54691000
2026-06-28T03:00Z,0.07360000,0.07400000,0.07360000,0.07400000,257228.50000000,18986.81741000,202,132532.90000000,9784.31581000
2026-06-28T04:00Z,0.07400000,0.07410000,0.07370000,0.07390000,405842.20000000,30014.33272000,162,237026.30000000,17537.52686000
2026-06-28T05:00Z,0.07380000,0.07390000,0.07320000,0.07350000,507930.00000000,37309.31210000,312,266161.60000000,19548.94516000
2026-06-28T06:00Z,0.07350000,0.07360000,0.07290000,0.07330000,701569.90000000,51326.70652000,476,319639.00000000,23387.49560000
2026-06-28T07:00Z,0.07320000,0.07380000,0.07320000,0.07360000,713551.30000000,52486.79954000,320,258759.90000000,19044.85287000
2026-06-28T08:00Z,0.07360000,0.07440000,0.07350000,0.07410000,1236570.20000000,91486.34605000,481,511432.60000000,37838.99491000
2026-06-28T09:00Z,0.07410000,0.07440000,0.07370000,0.07370000,551815.80000000,40869.15745000,324,186081.60000000,13775.58206000
2026-06-28T10:00Z,0.07370000,0.07410000,0.07360000,0.07410000,403768.80000000,29851.09604000,296,338904.60000000,25059.43471000
2026-06-28T11:00Z,0.07420000,0.07450000,0.07400000,0.07450000,1014017.20000000,75308.06499000,463,519289.70000000,38568.58655000
2026-06-28T12:00Z,0.07460000,0.07460000,0.07400000,0.07420000,475316.10000000,35336.18158000,376,233608.10000000,17367.46992000
2026-06-28T13:00Z,0.07420000,0.07420000,0.07370000,0.07370000,806252.50000000,59571.80200000,539,395938.90000000,29255.44273000
2026-06-28T14:00Z,0.07370000,0.07440000,0.07370000,0.07400000,745248.90000000,55162.03941000,435,265841.20000000,19675.73581000
2026-06-28T15:00Z,0.07400000,0.07450000,0.07370000,0.07400000,1732366.40000000,128353.31420000,693,656676.80000000,48653.15630000
2026-06-28T16:00Z,0.07410000,0.07410000,0.07320000,0.07360000,1349625.60000000,99327.85775000,599,972247.80000000,71566.85694000
2026-06-28T17:00Z,0.07350000,0.07370000,0.07280000,0.07340000,1269128.80000000,92931.22685000,671,692150.90000000,50688.22559000
2026-06-28T18:00Z,0.07330000,0.07340000,0.07310000,0.07340000,387959.80000000,28416.45111000,339,243441.60000000,17836.02539000
2026-06-28T19:00Z,0.07340000,0.07360000,0.07270000,0.07320000,852999.10000000,62312.37203000,427,461323.20000000,33722.36335000
2026-06-28T20:00Z,0.07310000,0.07370000,0.07300000,0.07330000,1696863.80000000,124583.27910000,554,797387.60000000,58567.07369000
2026-06-28T21:00Z,0.07330000,0.07340000,0.07240000,0.07280000,1026831.80000000,74975.25347000,635,429776.20000000,31399.39802000
2026-06-28T22:00Z,0.07290000,0.07380000,0.07230000,0.07270000,1457624.10000000,106568.26797000,963,312928.50000000,22940.15106000
2026-06-28T23:00Z,0.07260000,0.07420000,0.07260000,0.07390000,1520042.30000000,111666.16430000,650,787614.00000000,57770.54779000
2026-06-29T00:00Z,0.07390000,0.07430000,0.07310000,0.07430000,1618066.30000000,119109.38433000,1018,767447.70000000,56517.71492000
2026-06-29T01:00Z,0.07420000,0.07430000,0.07370000,0.07410000,820762.60000000,60786.74712000,569,416416.80000000,30845.74371000
2026-06-29T02:00Z,0.07400000,0.07500000,0.07320000,0.07490000,1411144.00000000,104733.65443000,789,795359.00000000,58950.97007000
2026-06-29T03:00Z,0.07490000,0.07630000,0.07490000,0.07570000,19557762.20000000,1484057.10978000,4499,8036269.90000000,609311.48921000
2026-06-29T04:00Z,0.07570000,0.07620000,0.07480000,0.07480000,18796700.50000000,1415585.26889000,4334,14157046.50000000,1065701.05400000
2026-06-29T05:00Z,0.07490000,0.07580000,0.07440000,0.07530000,3884287.50000000,291561.40874000,1746,1969709.30000000,147874.87895000
2026-06-29T06:00Z,0.07530000,0.07600000,0.07520000,0.07560000,2424495.00000000,183336.69985000,852,1391406.20000000,105224.28141000
2026-06-29T07:00Z,0.07550000,0.07600000,0.07520000,0.07570000,1390595.10000000,105094.88855000,576,519749.20000000,39345.48369000
2026-06-29T08:00Z,0.07570000,0.07600000,0.07530000,0.07530000,769826.60000000,58218.57785000,516,352896.80000000,26705.53275000
2026-06-29T09:00Z,0.07530000,0.07580000,0.07520000,0.07570000,1242021.10000000,93686.36709000,657,610013.80000000,46029.25386000
2026-06-29T10:00Z,0.07580000,0.07680000,0.07580000,0.07630000,2916214.10000000,222872.82360000,949,1261130.90000000,96401.77201000
2026-06-29T11:00Z,0.07630000,0.07650000,0.07560000,0.07590000,2740009.80000000,208422.76082000,799,1602186.00000000,121753.28874000
2026-06-29T12:00Z,0.07600000,0.07730000,0.07530000,0.07590000,3531720.00000000,270058.42072000,1753,1662175.20000000,127190.15026000
2026-06-29T13:00Z,0.07600000,0.07650000,0.07490000,0.07530000,3172891.70000000,239528.25860000,1518,1257265.90000000,94989.31339000
2026-06-29T14:00Z,0.07530000,0.07560000,0.07460000,0.07550000,2413438.90000000,181018.82452000,1251,1380281.60000000,103494.59434000
2026-06-29T15:00Z,0.07540000,0.07610000,0.07470000,0.07610000,1583646.70000000,119606.18908000,926,781206.20000000,59067.31840000
2026-06-29T16:00Z,0.07600000,0.07650000,0.07560000,0.07620000,1952841.00000000,148381.05864000,729,647826.60000000,49286.89739000
2026-06-29T17:00Z,0.07610000,0.07790000,0.07610000,0.07740000,3098430.10000000,239201.92585000,1408,1836396.50000000,141503.25876000
2026-06-29T18:00Z,0.07730000,0.07820000,0.07670000,0.07700000,3183877.00000000,246878.65739000,1283,1375305.80000000,106760.31322000
2026-06-29T19:00Z,0.07690000,0.07830000,0.07670000,0.07720000,4286721.00000000,333776.93970000,1580,1352627.80000000,105259.28259000
2026-06-29T20:00Z,0.07730000,0.07780000,0.07690000,0.07690000,1456420.80000000,112647.06362000,727,817472.10000000,63243.71566000
2026-06-29T21:00Z,0.07700000,0.07720000,0.07660000,0.07700000,1043747.30000000,80332.38209000,655,556212.80000000,42808.14764000
2026-06-29T22:00Z,0.07710000,0.07730000,0.07680000,0.07680000,869063.20000000,66925.44554000,457,352627.40000000,27170.11681000
2026-06-29T23:00Z,0.07680000,0.07700000,0.07660000,0.07680000,751183.80000000,57658.75835000,363,380020.00000000,29182.76581000
2026-06-30T00:00Z,0.07680000,0.07680000,0.07570000,0.07610000,1949774.80000000,148364.42848000,1071,1297118.10000000,98696.86171000
2026-06-30T01:00Z,0.07610000,0.07650000,0.07580000,0.07610000,1133781.60000000,86271.57379000,605,445214.50000000,33905.75872000
2026-06-30T02:00Z,0.07610000,0.07660000,0.07570000,0.07640000,1038521.30000000,79064.62986000,359,558869.90000000,42586.35440000
2026-06-30T03:00Z,0.07640000,0.07650000,0.07590000,0.07590000,808420.40000000,61614.84025000,407,287900.80000000,21951.59452000
2026-06-30T04:00Z,0.07590000,0.07620000,0.07570000,0.07600000,444675.50000000,33775.60669000,323,188347.80000000,14311.97651000
2026-06-30T05:00Z,0.07590000,0.07600000,0.07550000,0.07580000,1321920.20000000,100232.91180000,439,443493.40000000,33645.38556000
2026-06-30T06:00Z,0.07580000,0.07690000,0.07560000,0.07600000,3825997.20000000,291530.50014000,1197,1780135.70000000,135734.70894000
2026-06-30T07:00Z,0.07600000,0.07610000,0.07520000,0.07530000,1352281.30000000,102454.49350000,501,450597.90000000,34111.69876000
2026-06-30T08:00Z,0.07530000,0.07530000,0.07430000,0.07460000,2080367.90000000,155326.55220000,1010,992690.90000000,74089.07272000
2026-06-30T09:00Z,0.07460000,0.07480000,0.07440000,0.07470000,1555050.50000000,115982.37450000,773,387717.60000000,28932.15229000
2026-06-30T10:00Z,0.07470000,0.07500000,0.07460000,0.07490000,928806.40000000,69441.32538000,544,429744.00000000,32140.85011000
2026-06-30T11:00Z,0.07480000,0.07490000,0.07410000,0.07440000,1539711.90000000,114627.01834000,553,779123.10000000,57958.68194000
2026-06-30T12:00Z,0.07430000,0.07430000,0.07360000,0.07360000,2186209.30000000,161651.83081000,871,972612.50000000,71913.50872000
2026-06-30T13:00Z,0.07360000,0.07520000,0.07360000,0.07490000,2761152.10000000,205139.24402000,1428,1391993.20000000,103487.54962000
2026-06-30T14:00Z,0.07490000,0.07560000,0.07450000,0.07450000,1899767.00000000,142901.42972000,982,899630.20000000,67717.15884000
2026-06-30T15:00Z,0.07450000,0.07490000,0.07410000,0.07440000,4109463.70000000,306387.82815000,940,2694852.20000000,200847.68655000
2026-06-30T16:00Z,0.07440000,0.07550000,0.07440000,0.07540000,1709615.90000000,128019.94003000,800,1035911.10000000,77552.31230000
2026-06-30T17:00Z,0.07540000,0.07590000,0.07530000,0.07540000,1294172.50000000,97766.32579000,571,560926.10000000,42406.19647000
2026-06-30T18:00Z,0.07540000,0.07680000,0.07520000,0.07650000,3854550.60000000,293234.43885000,1450,1598258.60000000,121464.11107000
2026-06-30T19:00Z,0.07640000,0.07660000,0.07590000,0.07610000,1928559.10000000,147082.05202000,1017,1035456.00000000,78952.65394000
2026-06-30T20:00Z,0.07600000,0.07620000,0.07560000,0.07580000,1332404.40000000,101170.07447000,809,866200.50000000,65786.70446000
2026-06-30T21:00Z,0.07570000,0.07630000,0.07550000,0.07610000,976227.70000000,74122.40874000,507,444629.40000000,33754.82876000
2026-06-30T22:00Z,0.07600000,0.07660000,0.07590000,0.07600000,1164598.90000000,88710.78517000,555,547394.30000000,41719.06108000
2026-06-30T23:00Z,0.07610000,0.07620000,0.07590000,0.07610000,1090982.00000000,82987.37643000,290,740747.20000000,56361.35332000
2026-07-01T00:00Z,0.07620000,0.07650000,0.07590000,0.07630000,1346143.20000000,102577.13161000,699,331953.60000000,25290.56530000
2026-07-01T01:00Z,0.07640000,0.07710000,0.07500000,0.07660000,4909801.50000000,374745.93137000,1944,2588768.10000000,197656.21983000
2026-07-01T02:00Z,0.07670000,0.07750000,0.07640000,0.07750000,1165268.20000000,89840.89238000,639,552810.20000000,42678.10405000
2026-07-01T03:00Z,0.07740000,0.07790000,0.07700000,0.07750000,1950136.00000000,151106.76287000,846,1179646.30000000,91440.32835000
2026-07-01T04:00Z,0.07750000,0.07830000,0.07740000,0.07800000,1516617.50000000,118091.10984000,722,879129.90000000,68478.31846000
2026-07-01T05:00Z,0.07800000,0.07810000,0.07750000,0.07790000,903316.70000000,70346.52391000,441,544526.60000000,42428.90626000
2026-07-01T06:00Z,0.07790000,0.07800000,0.07670000,0.07690000,2211867.30000000,171055.79089000,874,939143.50000000,72634.20094000
2026-07-01T07:00Z,0.07700000,0.07760000,0.07650000,0.07730000,1688779.60000000,130099.39563000,693,703909.70000000,54265.52059000
2026-07-01T08:00Z,0.07730000,0.07790000,0.07710000,0.07780000,1946844.30000000,150838.37155000,933,996021.10000000,77262.01882000
2026-07-01T09:00Z,0.07780000,0.07820000,0.07720000,0.07780000,3429200.40000000,266347.47240000,924,1533909.70000000,119126.36850000
2026-07-01T10:00Z,0.07780000,0.07800000,0.07730000,0.07760000,1543073.50000000,119847.30467000,657,747204.50000000,58048.58026000
2026-07-01T11:00Z,0.07760000,0.07790000,0.07690000,0.07710000,1420276.20000000,109839.53297000,879,892374.10000000,69009.42577000
2026-07-01T12:00Z,0.07720000,0.07730000,0.07620000,0.07660000,2379910.40000000,182548.37026000,835,1235194.60000000,94819.56678000
2026-07-01T13:00Z,0.07670000,0.07760000,0.07600000,0.07750000,3802426.60000000,292075.57675000,1650,1909644.90000000,146800.52103000
2026-07-01T14:00Z,0.07740000,0.07820000,0.07710000,0.07740000,1899529.10000000,147623.77948000,1094,891573.70000000,69276.85148000
2026-07-01T15:00Z,0.07740000,0.07870000,0.07740000,0.07810000,2508336.90000000,196067.62655000,1161,1511886.60000000,118246.00826000
2026-07-01T16:00Z,0.07800000,0.07830000,0.07730000,0.07730000,1979880.50000000,154467.04312000,579,899055.80000000,70162.04141000
2026-07-01T17:00Z,0.07740000,0.07820000,0.07700000,0.07800000,3299449.70000000,256410.59689000,1201,2146442.60000000,166886.53287000
2026-07-01T18:00Z,0.07790000,0.07860000,0.07730000,0.07750000,3861926.00000000,300998.64950000,1172,1848683.20000000,144069.81502000
2026-07-01T19:00Z,0.07750000,0.07820000,0.07720000,0.07790000,2182395.50000000,169425.05470000,854,995417.90000000,77337.29066000
2026-07-01T20:00Z,0.07790000,0.07800000,0.07690000,0.07760000,2594571.40000000,200478.17235000,1077,953661.60000000,73668.78513000
2026-07-01T21:00Z,0.07760000,0.07860000,0.07750000,0.07840000,1124968.50000000,87907.25918000,507,536182.70000000,41880.76630000
2026-07-01T22:00Z,0.07830000,0.07930000,0.07800000,0.07810000,2629447.30000000,206721.09747000,1357,1581508.80000000,124312.74050000
2026-07-01T23:00Z,0.07810000,0.07810000,0.07660000,0.07680000,2908036.30000000,224773.10587000,1146,1320975.30000000,102189.28698000
2026-07-02T00:00Z,0.07670000,0.07680000,0.07630000,0.07680000,1379774.70000000,105667.65584000,717,606725.70000000,46481.52297000
2026-07-02T01:00Z,0.07680000,0.07740000,0.07680000,0.07680000,2608147.20000000,200995.30790000,999,1177108.80000000,90733.33083000
2026-07-02T02:00Z,0.07680000,0.07730000,0.07650000,0.07710000,982232.20000000,75544.19000000,427,647113.30000000,49777.37500000
2026-07-02T03:00Z,0.07700000,0.07850000,0.07680000,0.07850000,3175605.40000000,246376.28305000,1209,2007451.00000000,155603.10286000
2026-07-02T04:00Z,0.07850000,0.07890000,0.07810000,0.07840000,2323916.40000000,182396.70383000,1043,932864.00000000,73261.98386000
2026-07-02T05:00Z,0.07830000,0.07830000,0.07780000,0.07800000,1043756.90000000,81423.43354000,437,414978.00000000,32376.12448000
2026-07-02T06:00Z,0.07790000,0.07800000,0.07730000,0.07730000,1082753.50000000,84063.86925000,504,402156.20000000,31228.51283000
2026-07-02T07:00Z,0.07730000,0.07740000,0.07640000,0.07700000,3766518.70000000,289653.72022000,1656,1595920.90000000,122706.92727000
2026-07-02T08:00Z,0.07710000,0.07820000,0.07680000,0.07770000,4805114.30000000,373001.90756000,1595,2807188.10000000,217878.75597000
2026-07-02T09:00Z,0.07770000,0.07850000,0.07740000,0.07780000,3196989.90000000,249262.81420000,1148,1832152.40000000,142891.72865000
2026-07-02T10:00Z,0.07790000,0.07840000,0.07780000,0.07820000,1466931.60000000,114589.60345000,827,914392.60000000,71421.67494000
2026-07-02T11:00Z,0.07820000,0.07830000,0.07780000,0.07810000,1844923.60000000,144013.37810000,891,897199.30000000,70077.23435000
2026-07-02T12:00Z,0.07800000,0.07880000,0.07790000,0.07840000,3936181.30000000,308627.72080000,1896,1945331.60000000,152600.89889000
2026-07-02T13:00Z,0.07850000,0.07970000,0.07760000,0.07900000,15888257.00000000,1252858.36416000,3804,10994785.40000000,867516.15914000
2026-07-02T14:00Z,0.07910000,0.07930000,0.07720000,0.07740000,5942181.90000000,464064.81700000,2585,2303371.60000000,179817.26462000
2026-07-02T15:00Z,0.07740000,0.07760000,0.07710000,0.07730000,2560000.20000000,197978.76971000,1422,1428224.70000000,110471.24393000
2026-07-02T16:00Z,0.07730000,0.07750000,0.07680000,0.07730000,3227167.60000000,249020.83098000,1400,915847.40000000,70698.72027000
2026-07-02T17:00Z,0.07730000,0.07790000,0.07720000,0.07760000,1044513.40000000,81074.28143000,691,585440.00000000,45459.08445000
2026-07-02T18:00Z,0.07750000,0.07840000,0.07750000,0.07820000,981433.40000000,76538.03221000,505,407871.60000000,31808.29141000
2026-07-02T19:00Z,0.07820000,0.07820000,0.07770000,0.07770000,1178833.70000000,91854.96326000,642,755225.50000000,58840.30373000
2026-07-02T20:00Z,0.07770000,0.07800000,0.07760000,0.07780000,931420.00000000,72468.73293000,459,406385.90000000,31631.94489000
2026-07-02T21:00Z,0.07780000,0.07790000,0.07720000,0.07750000,1022835.00000000,79326.55021000,526,358803.90000000,27841.84209000
2026-07-02T22:00Z,0.07760000,0.07760000,0.07690000,0.07720000,1073224.60000000,82823.52348000,620,439090.40000000,33869.16981000
2026-07-02T23:00Z,0.07720000,0.07750000,0.07690000,0.07730000,808166.50000000,62465.38998000,438,408892.60000000,31629.99447000
2026-07-03T00:00Z,0.07730000,0.07740000,0.07660000,0.07670000,1915288.00000000,147457.72272000,772,915809.10000000,70508.35872000
2026-07-03T01:00Z,0.07670000,0.07790000,0.07660000,0.07780000,818945.70000000,63349.98977000,470,509067.60000000,39358.80322000
2026-07-03T02:00Z,0.07780000,0.07820000,0.07750000,0.07790000,893731.80000000,69514.17226000,453,333742.50000000,25967.37672000
2026-07-03T03:00Z,0.07780000,0.07830000,0.07740000,0.07810000,904257.70000000,70510.18557000,442,494937.00000000,38579.76787000
2026-07-03T04:00Z,0.07820000,0.07820000,0.07750000,0.07770000,1183861.70000000,92065.19896000,390,545254.10000000,42415.22648000
2026-07-03T05:00Z,0.07760000,0.07850000,0.07750000,0.07810000,1947356.30000000,151574.55777000,756,933361.30000000,72662.76213000
2026-07-03T06:00Z,0.07810000,0.07840000,0.07780000,0.07800000,1051200.80000000,82030.25431000,503,625951.60000000,48873.17403000
2026-07-03T07:00Z,0.07810000,0.07840000,0.07790000,0.07820000,764867.50000000,59752.04924000,358,428240.80000000,33460.61863000
2026-07-03T08:00Z,0.07830000,0.07890000,0.07810000,0.07830000,1521355.10000000,119353.94882000,877,863670.60000000,67773.16418000
2026-07-03T09:00Z,0.07830000,0.07870000,0.07820000,0.07830000,1170081.30000000,91804.66873000,565,510091.80000000,40058.88054000
2026-07-03T10:00Z,0.07830000,0.07920000,0.07830000,0.07900000,1416350.30000000,111558.59005000,826,795375.80000000,62655.34918000
2026-07-03T11:00Z,0.07900000,0.07970000,0.07890000,0.07960000,2955147.10000000,234726.50395000,881,1609010.40000000,127813.87247000
2026-07-03T12:00Z,0.07960000,0.08040000,0.07960000,0.08000000,3959326.30000000,316264.38004000,1558,1928064.20000000,154087.94382000
2026-07-03T13:00Z,0.08010000,0.08070000,0.07990000,0.08000000,2996313.60000000,240486.82226000,1458,1287458.90000000,103368.02633000
2026-07-03T14:00Z,0.07990000,0.08020000,0.07900000,0.08000000,2980451.70000000,237262.99291000,1548,1614474.70000000,128531.14606000
2026-07-03T15:00Z,0.07990000,0.08020000,0.07940000,0.07940000,1403945.30000000,111911.67615000,883,691432.20000000,55117.31121000
2026-07-03T16:00Z,0.07950000,0.07990000,0.07910000,0.07980000,1223579.30000000,97274.60108000,615,507231.60000000,40343.27040000
2026-07-03T17:00Z,0.07980000,0.08010000,0.07960000,0.08000000,747089.30000000,59715.39108000,372,476000.70000000,38054.71177000
2026-07-03T18:00Z,0.08010000,0.08020000,0.07970000,0.07990000,1935798.20000000,154823.27374000,921,1120665.90000000,89638.34694000
2026-07-03T19:00Z,0.08000000,0.08060000,0.07980000,0.08010000,2702053.50000000,217304.10482000,854,1130808.10000000,90961.47844000
2026-07-03T20:00Z,0.08010000,0.08120000,0.07990000,0.08110000,2246580.30000000,181168.19322000,1215,1427092.70000000,115109.94490000
2026-07-03T21:00Z,0.08110000,0.08150000,0.08060000,0.08140000,3170927.00000000,256778.05408000,1250,1558955.30000000,126285.71887000
2026-07-03T22:00Z,0.08130000,0.08130000,0.08080000,0.08110000,1284450.50000000,104031.97106000,542,478219.30000000,38725.07031000
2026-07-03T23:00Z,0.08100000,0.08120000,0.08060000,0.08100000,2601539.90000000,210245.92406000,810,1123610.70000000,90778.44832000
2026-07-04T00:00Z,0.08110000,0.08140000,0.08060000,0.08100000,1624596.30000000,131482.78896000,765,889662.30000000,71982.17573000
2026-07-04T01:00Z,0.08100000,0.08100000,0.08000000,0.08060000,1483463.80000000,119239.55173000,665,537666.00000000,43205.42717000
2026-07-04T02:00Z,0.08070000,0.08130000,0.08040000,0.08110000,1353098.70000000,109456.28359000,814,638804.60000000,51644.35442000
2026-07-04T03:00Z,0.08120000,0.08140000,0.08090000,0.08100000,654135.30000000,53085.28785000,365,99415.20000000,8071.42786000
2026-07-04T04:00Z,0.08100000,0.08120000,0.08060000,0.08070000,1257869.70000000,101658.26012000,768,408928.10000000,33063.38303000
2026-07-04T05:00Z,0.08070000,0.08070000,0.08020000,0.08020000,426800.10000000,34323.26416000,318,146573.00000000,11787.27664000
2026-07-04T06:00Z,0.08030000,0.08060000,0.07970000,0.07990000,1391915.40000000,111278.57779000,568,470091.00000000,37547.38626000
2026-07-04T07:00Z,0.07990000,0.07990000,0.07910000,0.07960000,2170529.20000000,172502.09495000,537,591381.80000000,47065.34945000
2026-07-04T08:00Z,0.07960000,0.08000000,0.07940000,0.07980000,918774.70000000,73253.48154000,439,472553.90000000,37683.35267000
2026-07-04T09:00Z,0.07970000,0.08010000,0.07900000,0.07920000,2212502.30000000,175934.30668000,786,1352612.80000000,107680.20061000
2026-07-04T10:00Z,0.07920000,0.07950000,0.07900000,0.07940000,809277.10000000,64158.95563000,438,295546.20000000,23446.93605000
2026-07-04T11:00Z,0.07940000,0.07970000,0.07910000,0.07960000,2318082.80000000,184028.90487000,580,760506.40000000,60401.43541000
2026-07-04T12:00Z,0.07950000,0.07970000,0.07950000,0.07970000,494971.90000000,39420.66539000,251,230320.80000000,18345.65463000
2026-07-04T13:00Z,0.07960000,0.08000000,0.07940000,0.07970000,1566475.10000000,124834.77340000,727,887911.00000000,70756.68148000
2026-07-04T14:00Z,0.07970000,0.08030000,0.07960000,0.08030000,1098788.60000000,87786.10932000,468,614553.00000000,49104.36270000
2026-07-04T15:00Z,0.08020000,0.08120000,0.08010000,0.08090000,2760590.90000000,222962.36776000,1269,1676220.70000000,135362.98787000
2026-07-04T16:00Z,0.08090000,0.08100000,0.08050000,0.08090000,1301762.10000000,105121.14981000,730,717873.40000000,57991.85481000
2026-07-04T17:00Z,0.08080000,0.08210000,0.08050000,0.08200000,1533246.10000000,124950.96385000,979,658888.30000000,53729.52182000
2026-07-04T18:00Z,0.08200000,0.08200000,0.08100000,0.08130000,1806999.70000000,147184.16522000,834,692325.60000000,56414.12581000
2026-07-04T19:00Z,0.08140000,0.08150000,0.08080000,0.08120000,914034.60000000,74205.28322000,559,523986.40000000,42558.76121000
2026-07-04T20:00Z,0.08120000,0.08140000,0.08050000,0.08090000,638785.60000000,51646.45038000,452,392258.40000000,31729.52615000
2026-07-04T21:00Z,0.08090000,0.08160000,0.08080000,0.08100000,2588167.80000000,210526.45994000,614,1537409.60000000,125057.15221000
2026-07-04T22:00Z,0.08100000,0.08110000,0.08050000,0.08090000,1025569.80000000,82773.81673000,403,668256.30000000,53932.66069000
2026-07-04T23:00Z,0.08090000,0.08090000,0.08010000,0.08030000,1117997.30000000,89962.18407000,617,628252.60000000,50540.42023000
2026-07-05T00:00Z,0.08040000,0.08040000,0.07970000,0.07990000,2339726.80000000,187271.95274000,990,1043908.50000000,83607.46866000
2026-07-05T01:00Z,0.08000000,0.08020000,0.07930000,0.07960000,2672718.20000000,212805.92379000,1074,1237169.40000000,98522.29780000
2026-07-05T02:00Z,0.07960000,0.07960000,0.07840000,0.07880000,1458394.40000000,115086.88413000,795,629780.40000000,49694.57479000
2026-07-05T03:00Z,0.07870000,0.07890000,0.07830000,0.07840000,791178.20000000,62130.95964000,361,346634.80000000,27228.08842000
2026-07-05T04:00Z,0.07840000,0.07890000,0.07820000,0.07860000,1065526.30000000,83694.24124000,532,529279.30000000,41587.53608000
2026-07-05T05:00Z,0.07860000,0.07870000,0.07800000,0.07830000,875071.90000000,68590.67406000,495,404520.90000000,31705.75985000
2026-07-05T06:00Z,0.07830000,0.07840000,0.07800000,0.07820000,535029.90000000,41820.95879000,304,374501.20000000,29285.27288000
2026-07-05T07:00Z,0.07830000,0.07910000,0.07810000,0.07900000,888824.00000000,69687.37181000,400,530537.60000000,41673.60335000
2026-07-05T08:00Z,0.07900000,0.07910000,0.07860000,0.07870000,622410.40000000,49047.55456000,298,246305.30000000,19444.71103000
2026-07-05T09:00Z,0.07860000,0.07880000,0.07760000,0.07800000,1324474.90000000,103509.79205000,677,429374.70000000,33552.05179000
2026-07-05T10:00Z,0.07790000,0.07840000,0.07750000,0.07830000,921776.60000000,71965.06852000,460,461011.60000000,35971.35544000
2026-07-05T11:00Z,0.07830000,0.07860000,0.07820000,0.07860000,619625.50000000,48602.40883000,324,241270.30000000,18929.66396000
2026-07-05T12:00Z,0.07850000,0.07920000,0.07820000,0.07890000,800383.10000000,63110.26274000,449,346713.40000000,27368.74222000
2026-07-05T13:00Z,0.07890000,0.07900000,0.07850000,0.07890000,804279.20000000,63393.63829000,514,325104.10000000,25625.52435000
2026-07-05T14:00Z,0.07890000,0.07910000,0.07860000,0.07870000,961065.70000000,75750.71887000,462,401884.00000000,31666.52354000
2026-07-05T15:00Z,0.07870000,0.07910000,0.07850000,0.07880000,788214.10000000,62078.87509000,528,534005.50000000,42052.67355000
2026-07-05T16:00Z,0.07870000,0.07890000,0.07840000,0.07870000,673174.60000000,52910.61311000,372,238466.30000000,18742.44307000
2026-07-05T17:00Z,0.07870000,0.07940000,0.07860000,0.07900000,1244434.20000000,98399.25581000,570,502665.20000000,39748.10827000
2026-07-05T18:00Z,0.07900000,0.07970000,0.07890000,0.07950000,983570.30000000,78142.33016000,477,633198.30000000,50315.33183000
2026-07-05T19:00Z,0.07950000,0.08030000,0.07940000,0.07950000,3345551.30000000,267025.89300000,893,1720274.80000000,137458.63200000
2026-07-05T20:00Z,0.07950000,0.07990000,0.07930000,0.07970000,638637.50000000,50801.31556000,433,336054.50000000,26735.34052000
2026-07-05T21:00Z,0.07960000,0.08070000,0.07900000,0.08030000,2859355.30000000,227551.47606000,1004,1070237.10000000,85447.95246000
2026-07-05T22:00Z,0.08030000,0.08140000,0.08000000,0.08070000,3817383.90000000,307829.99469000,1757,2479104.40000000,199873.72099000
2026-07-05T23:00Z,0.08070000,0.08100000,0.08020000,0.08050000,584775.30000000,47118.95870000,423,292928.70000000,23582.52831000
2026-07-06T00:00Z,0.08050000,0.08090000,0.07950000,0.08060000,2596394.00000000,208446.46323000,1442,953877.90000000,76541.17605000
2026-07-06T01:00Z,0.08050000,0.08080000,0.08010000,0.08020000,1758347.70000000,141364.49987000,845,1084141.00000000,87110.77474000
2026-07-06T02:00Z,0.08030000,0.08070000,0.07990000,0.08040000,1942612.50000000,156001.67733000,1157,936517.20000000,75166.97660000
2026-07-06T03:00Z,0.08040000,0.08050000,0.07970000,0.08010000,1184897.90000000,94739.20672000,708,582611.80000000,46573.33554000
2026-07-06T04:00Z,0.08010000,0.08030000,0.07950000,0.07980000,1409839.00000000,112551.24812000,637,767711.40000000,61302.45168000
2026-07-06T05:00Z,0.07980000,0.07980000,0.07870000,0.07910000,2346923.30000000,185921.83246000,1047,1054178.00000000,83516.46751000
2026-07-06T06:00Z,0.07910000,0.07920000,0.07880000,0.07880000,1195804.40000000,94440.28285000,577,510295.30000000,40313.19376000
2026-07-06T07:00Z,0.07890000,0.07920000,0.07880000,0.07900000,644003.60000000,50868.62770000,391,362017.90000000,28597.15225000
2026-07-06T08:00Z,0.07900000,0.07920000,0.07850000,0.07870000,1372700.70000000,108211.32476000,809,833954.50000000,65761.22635000
2026-07-06T09:00Z,0.07870000,0.07880000,0.07800000,0.07840000,2030948.90000000,159296.28762000,1066,860968.30000000,67565.06026000
2026-07-06T10:00Z,0.07830000,0.07870000,0.07830000,0.07850000,993814.10000000,78006.61646000,474,337761.40000000,26522.13126000
2026-07-06T11:00Z,0.07860000,0.07870000,0.07780000,0.07780000,1491099.40000000,116856.32491000,773,463807.00000000,36368.08162000
2026-07-06T12:00Z,0.07780000,0.07780000,0.07610000,0.07670000,4853617.50000000,373088.82390000,2214,2583538.10000000,198714.21987000
2026-07-06T13:00Z,0.07670000,0.07770000,0.07630000,0.07750000,4320345.00000000,331760.54537000,1768,2241881.30000000,172196.71481000
2026-07-06T14:00Z,0.07740000,0.07820000,0.07730000,0.07770000,2087152.50000000,162152.21552000,913,1358357.60000000,105496.07689000
2026-07-06T15:00Z,0.07770000,0.07990000,0.07770000,0.07970000,3053716.20000000,241263.55362000,1424,1708372.00000000,134954.99911000
2026-07-06T16:00Z,0.07980000,0.08050000,0.07940000,0.08000000,3366444.90000000,269460.81549000,1625,1393622.30000000,111577.53387000
2026-07-06T17:00Z,0.07990000,0.08030000,0.07950000,0.07960000,1669997.70000000,133407.29227000,979,850831.40000000,67997.90220000
2026-07-06T18:00Z,0.07960000,0.08020000,0.07960000,0.07990000,821635.70000000,65652.27617000,651,488335.80000000,39015.19412000
2026-07-06T19:00Z,0.07980000,0.08030000,0.07970000,0.07990000,1767958.00000000,141407.35318000,593,680120.60000000,54401.61830000
2026-07-06T20:00Z,0.07980000,0.08020000,0.07970000,0.08000000,1013173.20000000,80928.36818000,444,447714.70000000,35771.61996000
2026-07-06T21:00Z,0.08000000,0.08180000,0.08000000,0.08120000,3339219.70000000,270789.90555000,1371,1733259.40000000,140548.35575000
2026-07-06T22:00Z,0.08130000,0.08140000,0.08040000,0.08050000,1273642.70000000,103029.99498000,756,523873.40000000,42387.87110000
2026-07-06T23:00Z,0.08050000,0.08070000,0.08020000,0.08030000,671035.80000000,53983.26716000,321,474335.30000000,38170.89017000
2026-07-07T00:00Z,0.08040000,0.08070000,0.08000000,0.08050000,1183630.10000000,95164.13470000,520,349104.70000000,28068.46329000
2026-07-07T01:00Z,0.08040000,0.08040000,0.07950000,0.07960000,2047178.40000000,163440.66468000,1263,946899.00000000,75601.47955000
2026-07-07T02:00Z,0.07960000,0.07970000,0.07860000,0.07870000,1090724.80000000,86366.25689000,629,551514.60000000,43648.75418000
2026-07-07T03:00Z,0.07880000,0.07890000,0.07810000,0.07820000,1509323.30000000,118416.75149000,768,650417.50000000,51110.72645000
2026-07-07T04:00Z,0.07820000,0.07890000,0.07800000,0.07840000,2918128.70000000,228831.48579000,1010,1754853.80000000,137654.83973000
2026-07-07T05:00Z,0.07850000,0.07870000,0.07770000,0.07850000,1762865.90000000,137736.69279000,724,870284.80000000,67994.72577000
2026-07-07T06:00Z,0.07850000,0.07910000,0.07820000,0.07890000,739835.20000000,58234.26273000,482,455002.30000000,35832.19811000
2026-07-07T07:00Z,0.07890000,0.07910000,0.07840000,0.07850000,1107669.50000000,87263.45252000,449,534038.60000000,42073.70471000
2026-07-07T08:00Z,0.07850000,0.07890000,0.07840000,0.07860000,1237573.90000000,97265.25922000,612,649643.20000000,51035.77845000
2026-07-07T09:00Z,0.07860000,0.07910000,0.07840000,0.07890000,881676.40000000,69494.48758000,442,345291.70000000,27205.47308000
2026-07-07T10:00Z,0.07890000,0.07930000,0.07860000,0.07870000,1341569.50000000,106037.88132000,590,465395.40000000,36773.99088000
2026-07-07T11:00Z,0.07860000,0.07920000,0.07840000,0.07910000,1548419.00000000,122027.70873000,530,673383.60000000,53041.80550000
2026-07-07T12:00Z,0.07910000,0.07970000,0.07890000,0.07890000,1176088.00000000,93182.03749000,522,485421.80000000,38456.49061000
2026-07-07T13:00Z,0.07880000,0.07900000,0.07810000,0.07810000,2518585.80000000,197786.24649000,1376,1385798.90000000,108857.34530000
2026-07-07T14:00Z,0.07810000,0.07890000,0.07730000,0.07880000,4358232.20000000,340406.86781000,1815,2108350.60000000,164664.55027000
2026-07-07T15:00Z,0.07880000,0.07970000,0.07870000,0.07940000,1291099.80000000,102129.46945000,973,720706.70000000,57032.28212000
2026-07-07T16:00Z,0.07950000,0.07980000,0.07910000,0.07940000,1397563.70000000,111071.03919000,807,623860.10000000,49592.31732000
2026-07-07T17:00Z,0.07940000,0.07960000,0.07910000,0.07960000,1346653.70000000,107024.69449000,785,929382.50000000,73869.15145000
2026-07-07T18:00Z,0.07970000,0.07970000,0.07800000,0.07800000,2073418.60000000,163680.85758000,896,1071539.90000000,84629.53581000
2026-07-07T19:00Z,0.07810000,0.07820000,0.07730000,0.07810000,1439169.90000000,112023.80088000,931,729258.20000000,56790.02781000
2026-07-07T20:00Z,0.07810000,0.07840000,0.07740000,0.07760000,855565.30000000,66575.02421000,513,250850.20000000,19536.93878000
2026-07-07T21:00Z,0.07770000,0.07800000,0.07690000,0.07700000,1717389.20000000,132917.61738000,833,672995.40000000,52062.69700000
2026-07-07T22:00Z,0.07700000,0.07720000,0.07650000,0.07710000,1166953.00000000,89743.79486000,624,530533.60000000,40815.65386000
2026-07-07T23:00Z,0.07710000,0.07740000,0.07700000,0.07700000,699538.80000000,53980.23655000,382,324902.60000000,25085.92991000
2026-07-08T00:00Z,0.07710000,0.07800000,0.07690000,0.07780000,2193873.00000000,169926.39858000,857,1082722.70000000,83897.94386000
2026-07-08T01:00Z,0.07780000,0.07840000,0.07590000,0.07630000,4715946.10000000,362594.13295000,1520,2087834.30000000,160406.15701000
2026-07-08T02:00Z,0.07620000,0.07620000,0.07520000,0.07600000,2068810.60000000,156515.42801000,1253,1084608.30000000,82102.89424000
2026-07-08T03:00Z,0.07610000,0.07670000,0.07600000,0.07630000,899303.80000000,68761.90954000,462,542983.70000000,41508.87402000
2026-07-08T04:00Z,0.07630000,0.07640000,0.07600000,0.07640000,1541890.20000000,117547.04262000,688,909698.50000000,69410.97405000
2026-07-08T05:00Z,0.07640000,0.07750000,0.07640000,0.07740000,7312338.10000000,563867.29384000,3098,3480374.90000000,268343.79188000
2026-07-08T06:00Z,0.07740000,0.07820000,0.07720000,0.07780000,9432595.10000000,733468.24755000,3663,2410939.80000000,187261.66525000
2026-07-08T07:00Z,0.07780000,0.07850000,0.07720000,0.07770000,3686498.20000000,286561.64177000,1180,2125468.10000000,165338.89032000
2026-07-08T08:00Z,0.07770000,0.07800000,0.07560000,0.07600000,6146285.10000000,470199.15720000,2693,3201888.40000000,244841.04415000
2026-07-08T09:00Z,0.07590000,0.07670000,0.07550000,0.07620000,1973320.90000000,150083.85052000,1052,1002530.10000000,76220.61383000
2026-07-08T10:00Z,0.07630000,0.07660000,0.07590000,0.07620000,1376583.90000000,105077.30752000,859,489216.60000000,37332.51546000
2026-07-08T11:00Z,0.07620000,0.07670000,0.07580000,0.07630000,1335480.50000000,101919.51191000,815,776755.40000000,59263.10570000
2026-07-08T12:00Z,0.07630000,0.07770000,0.07620000,0.07660000,2867815.40000000,220913.70452000,1042,1498143.90000000,115320.31565000
2026-07-08T13:00Z,0.07650000,0.07680000,0.07590000,0.07670000,2465846.80000000,188334.55296000,1300,1378707.60000000,105311.09495000
2026-07-08T14:00Z,0.07670000,0.07690000,0.07570000,0.07590000,2293249.20000000,175017.42116000,1274,923931.90000000,70620.44805000
2026-07-08T15:00Z,0.07600000,0.07600000,0.07540000,0.07560000,1051505.60000000,79526.55688000,751,471839.00000000,35676.54500000
2026-07-08T16:00Z,0.07570000,0.07640000,0.07560000,0.07630000,1106763.60000000,83914.81063000,542,651099.00000000,49401.22202000
2026-07-08T17:00Z,0.07630000,0.07720000,0.07630000,0.07630000,1282122.90000000,98312.49908000,735,444181.90000000,34060.37639000
2026-07-08T18:00Z,0.07630000,0.07660000,0.07590000,0.07630000,1282031.70000000,97745.46528000,659,672862.80000000,51337.23046000
2026-07-08T19:00Z,0.07640000,0.07660000,0.07620000,0.07650000,723758.30000000,55265.09759000,409,324942.10000000,24840.71596000
2026-07-08T20:00Z,0.07650000,0.07680000,0.07600000,0.07610000,1322686.50000000,101124.89375000,503,717095.80000000,54848.83541000
2026-07-08T21:00Z,0.07620000,0.07650000,0.07570000,0.07650000,2772159.90000000,210172.04726000,737,1692284.30000000,128328.02061000
2026-07-08T22:00Z,0.07640000,0.07700000,0.07640000,0.07680000,1123765.50000000,86243.94487000,780,533443.70000000,40942.84114000
2026-07-08T23:00Z,0.07680000,0.07710000,0.07650000,0.07690000,1976313.40000000,151654.53886000,855,1010784.90000000,77586.90209000
2026-07-09T00:00Z,0.07690000,0.07710000,0.07660000,0.07700000,2042829.30000000,157016.65796000,932,1013690.60000000,77912.61451000
2026-07-09T01:00Z,0.07700000,0.07830000,0.07700000,0.07780000,3659901.00000000,284501.21917000,1402,1690640.60000000,131387.79639000
2026-07-09T02:00Z,0.07780000,0.07840000,0.07740000,0.07770000,1776026.10000000,138509.42158000,755,889049.60000000,69356.22100000
2026-07-09T03:00Z,0.07760000,0.08070000,0.07750000,0.08070000,7307680.30000000,578274.60738000,2545,3662560.60000000,290012.22962000
2026-07-09T04:00Z,0.08070000,0.08390000,0.08060000,0.08380000,22448932.90000000,1846709.61400000,7236,12608106.90000000,1037741.39632000
2026-07-09T05:00Z,0.08370000,0.08490000,0.08170000,0.08360000,35362290.70000000,2955745.44109000,9852,16221959.90000000,1355693.93959000
2026-07-09T06:00Z,0.08360000,0.08690000,0.08360000,0.08550000,18849680.20000000,1610915.15126000,5471,9645165.30000000,824142.96481000
2026-07-09T07:00Z,0.08540000,0.08580000,0.08370000,0.08480000,10779968.70000000,912959.48375000,3132,5894877.20000000,499684.09161000
2026-07-09T08:00Z,0.08490000,0.08660000,0.08440000,0.08560000,11735472.90000000,1005153.20246000,3800,5719337.60000000,489985.42644000
2026-07-09T09:00Z,0.08560000,0.08650000,0.08490000,0.08570000,9808909.00000000,839615.11619000,2974,4974141.10000000,425511.09029000
2026-07-09T10:00Z,0.08570000,0.08720000,0.08530000,0.08610000,11582716.00000000,998774.17760000,3497,4202513.50000000,362719.36657000
2026-07-09T11:00Z,0.08620000,0.08690000,0.08610000,0.08650000,8455489.40000000,732248.26398000,2685,4706333.20000000,407590.15954000
2026-07-09T12:00Z,0.08660000,0.08780000,0.08570000,0.08600000,10911168.80000000,944820.04567000,4019,6679672.30000000,578248.74546000
2026-07-09T13:00Z,0.08590000,0.08680000,0.08440000,0.08530000,9548021.50000000,818127.74262000,3637,4782430.20000000,409708.34531000
2026-07-09T14:00Z,0.08530000,0.08720000,0.08440000,0.08700000,7445312.30000000,635570.92079000,2713,3738285.60000000,319306.52707000
2026-07-09T15:00Z,0.08710000,0.08740000,0.08540000,0.08590000,11833574.60000000,1023996.90695000,3763,5380612.60000000,465515.46410000
2026-07-09T16:00Z,0.08590000,0.08670000,0.08560000,0.08580000,5668843.10000000,488582.19996000,2266,3304584.10000000,284787.56774000
2026-07-09T17:00Z,0.08570000,0.08970000,0.08570000,0.08840000,12718712.90000000,1120882.48826000,4669,5941934.40000000,524003.97910000
2026-07-09T18:00Z,0.08840000,0.09100000,0.08840000,0.08990000,14647580.60000000,1318062.66022000,5732,8892289.30000000,800376.64460000
2026-07-09T19:00Z,0.08990000,0.09080000,0.08920000,0.09000000,6703893.40000000,603789.29665000,3623,3904212.40000000,351712.71486000
2026-07-09T20:00Z,0.09000000,0.09140000,0.08970000,0.09040000,5508525.90000000,499202.54097000,2625,2888014.10000000,261961.64308000
2026-07-09T21:00Z,0.09050000,0.09090000,0.08790000,0.08890000,16039499.30000000,1422022.29204000,4664,10337811.20000000,915091.73455000
2026-07-09T22:00Z,0.08900000,0.08990000,0.08800000,0.08940000,10199532.10000000,906019.28270000,3549,5131677.00000000,455763.27748000
2026-07-09T23:00Z,0.08940000,0.08970000,0.08700000,0.08750000,6505626.40000000,572417.96866000,2556,2896415.40000000,254945.58726000
2026-07-10T00:00Z,0.08750000,0.08840000,0.08670000,0.08740000,10768830.80000000,942462.48632000,4009,6580156.50000000,576130.80092000
2026-07-10T01:00Z,0.08740000,0.09010000,0.08700000,0.08970000,7716273.60000000,684571.32872000,3159,4088357.60000000,362717.33113000
2026-07-10T02:00Z,0.08970000,0.09330000,0.08920000,0.09250000,17778149.10000000,1628150.02093000,5468,9061561.20000000,830359.08697000
2026-07-10T03:00Z,0.09260000,0.09270000,0.09100000,0.09160000,10740501.80000000,983829.34023000,4079,4975243.30000000,455695.05128000
2026-07-10T04:00Z,0.09170000,0.09210000,0.09070000,0.09180000,5280661.20000000,482846.78366000,2144,2655613.20000000,242864.61979000
2026-07-10T05:00Z,0.09180000,0.09290000,0.09170000,0.09230000,5447124.70000000,502593.24888000,2285,2704505.90000000,249563.32333000
2026-07-10T06:00Z,0.09240000,0.09350000,0.09170000,0.09270000,8155386.40000000,755183.13513000,2602,4141985.60000000,383525.60904000
2026-07-10T07:00Z,0.09260000,0.09410000,0.09230000,0.09350000,11713661.40000000,1091723.93570000,3397,5972726.20000000,556739.59108000
2026-07-10T08:00Z,0.09350000,0.09420000,0.09300000,0.09380000,6309532.80000000,591619.10922000,2619,2933862.80000000,275156.59131000
2026-07-10T09:00Z,0.09380000,0.09580000,0.09340000,0.09380000,12937208.10000000,1227362.47847000,4890,6709946.60000000,636670.75999000
2026-07-10T10:00Z,0.09380000,0.09560000,0.09320000,0.09510000,9473222.80000000,891316.43082000,3510,4550075.10000000,428313.80802000
2026-07-10T11:00Z,0.09520000,0.09590000,0.09430000,0.09430000,11633281.20000000,1107799.23573000,3521,5547952.20000000,528245.39396000
2026-07-10T12:00Z,0.09430000,0.09460000,0.09190000,0.09210000,10431668.30000000,972690.34408000,3633,4502952.70000000,419881.73170000
2026-07-10T13:00Z,0.09210000,0.09300000,0.09210000,0.09280000,3958304.70000000,366258.06350000,2624,1543888.40000000,142895.51557000
2026-07-10T14:00Z,0.09280000,0.09360000,0.09010000,0.09170000,11070187.40000000,1010676.03161000,4492,5006029.60000000,456826.64972000
2026-07-10T15:00Z,0.09170000,0.09250000,0.09070000,0.09100000,8766997.00000000,803423.24645000,2916,3750915.90000000,343840.72114000
2026-07-10T16:00Z,0.09100000,0.09140000,0.08990000,0.09110000,5181595.80000000,470151.95146000,2534,2769837.60000000,251458.33238000
2026-07-10T17:00Z,0.09100000,0.09100000,0.09040000,0.09070000,1393179.90000000,126461.01574000,1515,657908.60000000,59729.97265000
2026-07-10T18:00Z,0.09070000,0.09090000,0.09010000,0.09040000,2163887.10000000,195584.99061000,1784,1029320.60000000,93060.27857000
2026-07-10T19:00Z,0.09040000,0.09180000,0.09020000,0.09100000,2610144.30000000,237909.34770000,1459,1609172.60000000,146729.59703000
2026-07-10T20:00Z,0.09100000,0.09230000,0.09080000,0.09160000,2640271.70000000,241698.38487000,1497,1583287.30000000,145013.68204000
2026-07-10T21:00Z,0.09150000,0.09390000,0.09150000,0.09330000,5350385.70000000,497646.68500000,2270,2993024.80000000,278030.29093000
2026-07-10T22:00Z,0.09340000,0.09380000,0.09310000,0.09340000,2385869.60000000,223064.59767000,1091,1074180.20000000,100432.46986000
2026-07-10T23:00Z,0.09340000,0.09340000,0.09220000,0.09300000,2815779.20000000,261421.82563000,1026,1163555.20000000,107990.63619000
2026-07-11T00:00Z,0.09300000,0.09380000,0.09110000,0.09140000,7120890.50000000,657313.46368000,2437,3507001.00000000,323954.97281000
2026-07-11T01:00Z,0.09150000,0.09260000,0.09120000,0.09120000,4780108.20000000,438713.85402000,1690,2793737.70000000,256400.02285000
2026-07-11T02:00Z,0.09120000,0.09320000,0.09110000,0.09290000,1632075.30000000,150216.97990000,1003,812767.90000000,74852.63793000
2026-07-11T03:00Z,0.09300000,0.09320000,0.09050000,0.09070000,5240855.10000000,480879.16644000,2034,2352704.60000000,215990.35053000
2026-07-11T04:00Z,0.09070000,0.09130000,0.09020000,0.09070000,5293905.20000000,479065.88993000,2185,2323101.80000000,210343.80854000
2026-07-11T05:00Z,0.09060000,0.09060000,0.08990000,0.09030000,2937284.60000000,265359.79643000,1306,1370902.30000000,123819.61403000
2026-07-11T06:00Z,0.09030000,0.09080000,0.09000000,0.09070000,2363483.20000000,213820.96520000,979,1056730.40000000,95647.87015000
2026-07-11T07:00Z,0.09060000,0.09110000,0.09050000,0.09070000,3530885.60000000,320336.42831000,1068,1931716.20000000,175220.42887000
2026-07-11T08:00Z,0.09080000,0.09180000,0.09070000,0.09090000,3910922.30000000,356528.53331000,1594,2018879.50000000,184090.73094000
2026-07-11T09:00Z,0.09100000,0.09160000,0.09090000,0.09130000,1903215.80000000,173690.84539000,952,706835.90000000,64514.78359000
2026-07-11T10:00Z,0.09120000,0.09280000,0.09100000,0.09250000,4191425.70000000,385183.49248000,1637,2500886.00000000,229550.91847000
2026-07-11T11:00Z,0.09250000,0.09310000,0.09200000,0.09230000,3057542.10000000,282776.38538000,1459,1318099.70000000,121902.06908000
2026-07-11T12:00Z,0.09230000,0.09300000,0.09160000,0.09160000,2529249.40000000,233360.54242000,1219,841515.60000000,77736.99746000
2026-07-11T13:00Z,0.09160000,0.09420000,0.09130000,0.09410000,6029478.50000000,559754.17928000,2348,3376060.90000000,313554.72932000
2026-07-11T14:00Z,0.09410000,0.09800000,0.09410000,0.09710000,17217471.80000000,1658887.59627000,7461,8595631.60000000,828307.49234000
2026-07-11T15:00Z,0.09720000,0.09810000,0.09490000,0.09740000,14004035.30000000,1352735.59122000,5163,6933281.90000000,669595.16406000
2026-07-11T16:00Z,0.09750000,0.09940000,0.09700000,0.09860000,13136384.30000000,1289141.93891000,4880,7046003.50000000,691770.87767000
2026-07-11T17:00Z,0.09850000,0.09880000,0.09640000,0.09680000,8275338.30000000,806563.59616000,3136,4110002.40000000,400754.43744000
2026-07-11T18:00Z,0.09680000,0.09840000,0.09650000,0.09760000,3399504.20000000,332026.74009000,2240,1597654.50000000,156050.74809000
2026-07-11T19:00Z,0.09760000,0.09810000,0.09670000,0.09790000,5923110.80000000,577118.39280000,1937,3046868.20000000,297208.70513000
2026-07-11T20:00Z,0.09780000,0.09970000,0.09750000,0.09820000,5874647.80000000,578610.97685000,2149,3154819.90000000,310739.08758000
2026-07-11T21:00Z,0.09820000,0.09990000,0.09820000,0.09870000,5925232.00000000,586748.48634000,2343,2865830.40000000,283756.25147000
2026-07-11T22:00Z,0.09870000,0.09890000,0.09730000,0.09790000,5346035.60000000,524030.91053000,2432,2572711.60000000,252152.19972000
2026-07-11T23:00Z,0.09800000,0.09810000,0.09470000,0.09500000,9324363.00000000,895031.52624000,3909,3500441.80000000,336177.51977000
2026-07-12T00:00Z,0.09500000,0.09650000,0.09470000,0.09530000,6993551.40000000,668036.70505000,2908,3510820.20000000,335291.10118000
2026-07-12T01:00Z,0.09530000,0.09700000,0.09530000,0.09670000,4048903.30000000,389050.34429000,1532,2583679.20000000,248339.12525000
2026-07-12T02:00Z,0.09660000,0.09800000,0.09620000,0.09790000,5040254.60000000,489231.28442000,1769,2451025.10000000,237813.33594000
2026-07-12T03:00Z,0.09780000,0.10130000,0.09750000,0.09980000,12758116.50000000,1274374.39503000,4489,6731091.60000000,672001.15725000
2026-07-12T04:00Z,0.09970000,0.10130000,0.09900000,0.09980000,8982887.70000000,898814.51387000,3823,4421253.50000000,442370.45461000
2026-07-12T05:00Z,0.09990000,0.10050000,0.09860000,0.09900000,6912428.10000000,688047.02592000,2668,3253586.90000000,323849.60406000
2026-07-12T06:00Z,0.09900000,0.09900000,0.09710000,0.09800000,6275790.10000000,613604.89464000,2548,2834293.30000000,277119.95962000
2026-07-12T07:00Z,0.09800000,0.09880000,0.09770000,0.09840000,2803592.50000000,275641.59888000,1545,1410749.10000000,138736.23772000
2026-07-12T08:00Z,0.09840000,0.09840000,0.09590000,0.09620000,6086114.40000000,590531.77093000,2313,2351055.40000000,227956.92389000
2026-07-12T09:00Z,0.09620000,0.09620000,0.09490000,0.09570000,5652740.10000000,540538.72409000,1750,2544453.60000000,243490.67682000
2026-07-12T10:00Z,0.09560000,0.09580000,0.09480000,0.09500000,3097861.10000000,295479.93807000,1183,1643857.10000000,156806.25617000
2026-07-12T11:00Z,0.09510000,0.09620000,0.09400000,0.09550000,6988507.90000000,664518.20609000,2325,3487038.90000000,331542.65746000
2026-07-12T12:00Z,0.09550000,0.09630000,0.09500000,0.09550000,5042645.30000000,482506.41833000,1715,2370825.10000000,226851.77236000
2026-07-12T13:00Z,0.09550000,0.09680000,0.09520000,0.09600000,4159692.70000000,400011.70454000,1650,2068774.40000000,199016.07482000
2026-07-12T14:00Z,0.09600000,0.09620000,0.09510000,0.09520000,3886629.50000000,371954.15334000,1543,1481878.20000000,141848.68646000
2026-07-12T15:00Z,0.09520000,0.09600000,0.09510000,0.09570000,2571654.10000000,245679.31011000,1225,1062487.50000000,101508.23327000
2026-07-12T16:00Z,0.09570000,0.09580000,0.09480000,0.09510000,2529664.80000000,241106.28068000,1526,930936.80000000,88720.07087000
2026-07-12T17:00Z,0.09510000,0.09510000,0.09330000,0.09390000,3434605.90000000,322986.39266000,1444,1560544.30000000,146652.49044000
2026-07-12T18:00Z,0.09390000,0.09410000,0.09360000,0.09360000,1791313.90000000,167983.02988000,770,728911.30000000,68367.89870000
2026-07-12T19:00Z,0.09360000,0.09420000,0.09360000,0.09390000,1113159.10000000,104582.02819000,408,628986.20000000,59074.10537000
2026-07-12T20:00Z,0.09390000,0.09390000,0.09290000,0.09320000,2833239.10000000,264144.14592000,887,749288.80000000,69917.21441000
2026-07-12T21:00Z,0.09330000,0.09350000,0.09220000,0.09290000,3647321.60000000,338114.26522000,1126,1885959.50000000,174763.59141000
2026-07-12T22:00Z,0.09280000,0.09340000,0.09220000,0.09300000,3225949.70000000,300003.75487000,1322,1729560.90000000,160860.96845000
2026-07-12T23:00Z,0.09310000,0.09350000,0.09260000,0.09320000,1286575.10000000,119639.95623000,673,556146.80000000,51724.62438000
2026-07-13T00:00Z,0.09320000,0.09480000,0.09190000,0.09290000,4539591.60000000,424017.04563000,2614,2172104.90000000,203142.69261000
2026-07-13T01:00Z,0.09290000,0.09360000,0.09210000,0.09250000,2601824.80000000,241234.02264000,1710,1302221.10000000,120816.99618000
2026-07-13T02:00Z,0.09250000,0.09280000,0.09140000,0.09160000,3533313.30000000,325681.37494000,1415,1927146.00000000,177627.14929000
2026-07-13T03:00Z,0.09170000,0.09170000,0.09010000,0.09060000,7937394.90000000,720830.31986000,2826,3847785.20000000,349365.03649000
2026-07-13T04:00Z,0.09060000,0.09130000,0.09020000,0.09050000,2880329.70000000,261154.83820000,1384,1636845.70000000,148398.61400000
2026-07-13T05:00Z,0.09050000,0.09280000,0.09020000,0.09180000,4738333.80000000,434907.24605000,1839,2661028.90000000,244306.65727000
2026-07-13T06:00Z,0.09190000,0.09240000,0.09160000,0.09190000,2786138.50000000,256038.36284000,1143,1756329.10000000,161412.31895000
2026-07-13T07:00Z,0.09200000,0.09290000,0.09180000,0.09270000,3110149.60000000,287571.83195000,1318,1727683.90000000,159788.52231000
2026-07-13T08:00Z,0.09280000,0.09310000,0.09220000,0.09280000,1880205.60000000,174227.73521000,975,822573.60000000,76262.44706000
2026-07-13T09:00Z,0.09280000,0.09400000,0.09280000,0.09340000,4063343.60000000,379266.03168000,1405,2044576.90000000,190911.42238000
2026-07-13T10:00Z,0.09350000,0.09430000,0.09260000,0.09290000,5863570.50000000,547813.18113000,1770,2547142.40000000,238186.59928000
2026-07-13T11:00Z,0.09290000,0.09340000,0.09280000,0.09280000,1575024.00000000,146509.07328000,628,675118.20000000,62792.45390000
2026-07-13T12:00Z,0.09290000,0.09340000,0.09220000,0.09280000,3210014.70000000,297431.00606000,1140,1649153.80000000,152826.86243000
2026-07-13T13:00Z,0.09280000,0.09580000,0.09200000,0.09380000,14644268.00000000,1380478.19093000,5170,7196326.30000000,678112.11558000
2026-07-13T14:00Z,0.09390000,0.09420000,0.09250000,0.09350000,9186543.60000000,858853.53786000,3472,4598437.10000000,429935.60276000
2026-07-13T15:00Z,0.09350000,0.09450000,0.09300000,0.09310000,3034164.20000000,284573.27850000,1271,1486277.80000000,139395.79019000
2026-07-13T16:00Z,0.09320000,0.09340000,0.09060000,0.09070000,6245930.00000000,573173.70800000,2340,2909045.20000000,266801.82029000
2026-07-13T17:00Z,0.09080000,0.09100000,0.08970000,0.09000000,3637177.20000000,328215.61755000,1436,1778591.70000000,160636.06348000
2026-07-13T18:00Z,0.09000000,0.09090000,0.09000000,0.09040000,2438904.80000000,220571.40758000,1602,1093829.80000000,98953.63611000
2026-07-13T19:00Z,0.09030000,0.09120000,0.09010000,0.09120000,2890424.70000000,261952.98381000,1284,1466428.90000000,132960.60686000
2026-07-13T20:00Z,0.09110000,0.09110000,0.08930000,0.08970000,3482487.50000000,313389.74192000,1249,1245546.10000000,111986.13584000
2026-07-13T21:00Z,0.08960000,0.08970000,0.08810000,0.08900000,3318147.40000000,295005.60714000,1173,1779759.80000000,158172.16717000
2026-07-13T22:00Z,0.08910000,0.08970000,0.08900000,0.08920000,1041606.30000000,93158.40670000,641,491858.10000000,43996.14142000
2026-07-13T23:00Z,0.08930000,0.09040000,0.08910000,0.09040000,1215397.30000000,109041.17368000,600,530115.00000000,47592.85910000
2026-07-14T00:00Z,0.09040000,0.09110000,0.09010000,0.09080000,2133704.70000000,193261.75204000,1036,1066596.10000000,96620.29214000
2026-07-14T01:00Z,0.09080000,0.09080000,0.08970000,0.08980000,1801984.70000000,162694.82481000,747,639337.30000000,57714.63056000
2026-07-14T02:00Z,0.08980000,0.09000000,0.08920000,0.08950000,1299828.20000000,116341.68228000,517,413090.50000000,37024.69029000
2026-07-14T03:00Z,0.08950000,0.08980000,0.08910000,0.08970000,1427421.20000000,127773.76689000,654,1000711.30000000,89619.60033000
2026-07-14T04:00Z,0.08970000,0.09010000,0.08950000,0.08960000,1111445.90000000,99706.32266000,557,571470.50000000,51269.37945000
2026-07-14T05:00Z,0.08950000,0.09130000,0.08930000,0.09020000,6578899.90000000,595658.29035000,1966,2735057.90000000,247676.95901000
2026-07-14T06:00Z,0.09020000,0.09050000,0.08950000,0.08970000,2940025.00000000,264871.58602000,1211,1414009.70000000,127386.59368000
2026-07-14T07:00Z,0.08970000,0.09000000,0.08930000,0.08930000,1232638.70000000,110511.92078000,748,694884.70000000,62308.49412000
2026-07-14T08:00Z,0.08930000,0.09050000,0.08910000,0.09020000,3596872.90000000,323593.65007000,1001,1771819.30000000,159421.48750000
2026-07-14T09:00Z,0.09020000,0.09030000,0.08950000,0.08970000,1453764.50000000,130637.59352000,708,672820.20000000,60470.45507000
2026-07-14T10:00Z,0.08970000,0.09010000,0.08870000,0.08940000,3970047.10000000,354564.55306000,1275,1649637.90000000,147335.93007000
2026-07-14T11:00Z,0.08940000,0.08950000,0.08890000,0.08930000,2738157.60000000,244201.86343000,831,1076779.20000000,96033.53830000
2026-07-14T12:00Z,0.08930000,0.09230000,0.08890000,0.09170000,9744098.00000000,884052.33969000,3237,4884382.20000000,443326.04816000
2026-07-14T13:00Z,0.09180000,0.09310000,0.09140000,0.09160000,6189388.10000000,570944.44189000,2503,3057839.60000000,282047.73590000
2026-07-14T14:00Z,0.09160000,0.09250000,0.09090000,0.09220000,6022079.70000000,552646.40657000,2141,3022157.10000000,277465.32226000
2026-07-14T15:00Z,0.09220000,0.09310000,0.09180000,0.09230000,3186609.60000000,294138.46402000,1667,1523848.10000000,140732.29323000
2026-07-14T16:00Z,0.09240000,0.09310000,0.09190000,0.09200000,2954072.20000000,273130.48070000,1212,1190161.70000000,110069.88986000
2026-07-14T17:00Z,0.09200000,0.09210000,0.09100000,0.09160000,3004918.10000000,274789.80093000,1878,1360727.00000000,124458.61423000
2026-07-14T18:00Z,0.09160000,0.09160000,0.09070000,0.09120000,2908967.40000000,264680.27277000,1901,1503414.00000000,136767.41974000
2026-07-14T19:00Z,0.09120000,0.09150000,0.09080000,0.09120000,1924159.10000000,175424.28137000,1201,969838.80000000,88435.47016000
2026-07-14T20:00Z,0.09120000,0.09120000,0.09060000,0.09090000,1133763.70000000,103052.75111000,625,677711.60000000,61622.28027000
2026-07-14T21:00Z,0.09090000,0.09180000,0.09070000,0.09130000,1783525.00000000,162929.03487000,1480,1003572.70000000,91700.02745000
2026-07-14T22:00Z,0.09130000,0.09160000,0.09080000,0.09140000,2597328.50000000,236930.03749000,1485,1327523.60000000,121074.95642000
2026-07-14T23:00Z,0.09130000,0.09250000,0.09110000,0.09220000,2024621.40000000,185580.70275000,1121,1126313.50000000,103283.49591000
2026-07-15T00:00Z,0.09230000,0.09380000,0.09200000,0.09350000,4057733.20000000,376371.07029000,2113,2131509.70000000,197712.31192000
2026-07-15T01:00Z,0.09350000,0.09350000,0.09130000,0.09170000,3529642.10000000,326224.69550000,1485,1750849.60000000,161847.81125000
2026-07-15T02:00Z,0.09170000,0.09220000,0.09030000,0.09050000,5911149.90000000,537594.78910000,1303,3228828.00000000,293194.18937000
2026-07-15T03:00Z,0.09060000,0.09100000,0.09050000,0.09100000,1566144.40000000,142211.25264000,1076,921921.60000000,83739.20741000
2026-07-15T04:00Z,0.09100000,0.09110000,0.08940000,0.08970000,4768449.70000000,429788.67470000,1467,2268036.70000000,204624.81315000
2026-07-15T05:00Z,0.08980000,0.09010000,0.08900000,0.09000000,4833514.30000000,431959.85181000,1780,2082704.00000000,186251.22158000
2026-07-15T06:00Z,0.09000000,0.09070000,0.08930000,0.08940000,10468037.30000000,943101.10652000,2234,5507696.90000000,495454.70035000
2026-07-15T07:00Z,0.08940000,0.08950000,0.08760000,0.08810000,3517158.90000000,311209.34778000,1379,1839063.00000000,162868.91385000
2026-07-15T08:00Z,0.08810000,0.08850000,0.08780000,0.08840000,1872577.90000000,164908.96645000,838,864303.70000000,76147.81933000
2026-07-15T09:00Z,0.08840000,0.08920000,0.08830000,0.08890000,2123850.90000000,188741.62177000,912,1384683.30000000,123027.51377000
2026-07-15T10:00Z,0.08890000,0.08960000,0.08890000,0.08930000,3341195.00000000,298307.39231000,1547,2069602.10000000,184781.79876000
2026-07-15T11:00Z,0.08930000,0.08950000,0.08890000,0.08920000,1776756.50000000,158499.69115000,648,790745.50000000,70550.83965000
2026-07-15T12:00Z,0.08920000,0.09120000,0.08890000,0.09080000,4205951.40000000,378193.79666000,1594,2147391.00000000,193067.90364000
2026-07-15T13:00Z,0.09070000,0.09130000,0.08910000,0.08960000,4568357.20000000,412709.24885000,1788,2105590.90000000,190177.27429000
2026-07-15T14:00Z,0.08970000,0.09020000,0.08890000,0.08950000,4511564.50000000,404018.55515000,1444,1557864.50000000,139639.22840000
2026-07-15T15:00Z,0.08950000,0.08960000,0.08830000,0.08850000,3585117.80000000,318575.72444000,1435,1776438.00000000,157811.31097000
2026-07-15T16:00Z,0.08860000,0.08870000,0.08690000,0.08790000,5987676.30000000,525717.75187000,2296,2853087.60000000,250633.27083000
2026-07-15T17:00Z,0.08790000,0.08820000,0.08750000,0.08800000,3272159.10000000,287384.88558000,1284,1717362.20000000,150872.66441000
2026-07-15T18:00Z,0.08800000,0.08900000,0.08800000,0.08830000,2651597.10000000,234781.93745000,977,1221609.60000000,108146.60317000
2026-07-15T19:00Z,0.08830000,0.08860000,0.08750000,0.08780000,2498036.90000000,220045.82582000,886,1494487.90000000,131659.78702000
2026-07-15T20:00Z,0.08790000,0.08880000,0.08780000,0.08850000,2195717.00000000,193959.80061000,814,1416756.50000000,125202.41665000
2026-07-15T21:00Z,0.08850000,0.08890000,0.08810000,0.08830000,1907048.20000000,168813.94674000,1138,1099748.10000000,97345.45876000
2026-07-15T22:00Z,0.08830000,0.08880000,0.08810000,0.08840000,1459595.80000000,129239.68356000,404,865473.00000000,76609.61547000
2026-07-15T23:00Z,0.08850000,0.08860000,0.08820000,0.08850000,747884.50000000,66057.30396000,286,368074.60000000,32494.98705000
2026-07-16T00:00Z,0.08850000,0.08860000,0.08660000,0.08750000,4319177.00000000,378954.22860000,1816,1451180.60000000,127506.00559000
2026-07-16T01:00Z,0.08750000,0.08800000,0.08710000,0.08780000,1161627.20000000,101687.64722000,567,675518.90000000,59117.50576000
2026-07-16T02:00Z,0.08780000,0.08780000,0.08740000,0.08780000,711753.50000000,62349.69259000,394,282029.10000000,24699.87413000
2026-07-16T03:00Z,0.08770000,0.08780000,0.08690000,0.08710000,1658173.50000000,144573.67804000,658,662448.60000000,57769.23346000
2026-07-16T04:00Z,0.08710000,0.08770000,0.08700000,0.08740000,841958.10000000,73536.77742000,310,289582.60000000,25298.27101000
2026-07-16T05:00Z,0.08730000,0.08810000,0.08730000,0.08770000,1632552.00000000,143320.69536000,664,908236.80000000,79705.24038000
2026-07-16T06:00Z,0.08780000,0.08820000,0.08680000,0.08730000,4053703.60000000,354155.29691000,1321,1676665.60000000,146787.32589000
2026-07-16T07:00Z,0.08730000,0.08740000,0.08610000,0.08680000,3093802.60000000,268073.51098000,1549,1433182.00000000,124145.15163000
2026-07-16T08:00Z,0.08680000,0.08710000,0.08550000,0.08650000,4022546.80000000,346599.85158000,1428,1913118.00000000,164934.50666000
2026-07-16T09:00Z,0.08650000,0.08660000,0.08610000,0.08640000,1920764.60000000,165863.20769000,634,620637.40000000,53621.67397000
2026-07-16T10:00Z,0.08650000,0.08690000,0.08640000,0.08690000,978786.20000000,84939.72067000,439,654646.10000000,56822.06527000
2026-07-16T11:00Z,0.08690000,0.08720000,0.08660000,0.08720000,1208234.30000000,104980.08380000,557,570143.60000000,49542.91067000
2026-07-16T12:00Z,0.08730000,0.08730000,0.08650000,0.08670000,1586199.70000000,137897.53119000,708,715620.70000000,62219.92492000
2026-07-16T13:00Z,0.08670000,0.08790000,0.08660000,0.08770000,2000335.00000000,174914.29813000,962,1201695.80000000,105099.03775000
2026-07-16T14:00Z,0.08770000,0.08880000,0.08770000,0.08800000,3830385.00000000,338456.50936000,1360,2049206.00000000,181152.56845000
2026-07-16T15:00Z,0.08810000,0.08920000,0.08770000,0.08840000,2646576.40000000,234301.22727000,1087,1567542.60000000,138741.48359000
2026-07-16T16:00Z,0.08840000,0.08900000,0.08800000,0.08860000,3020550.60000000,267021.55124000,1504,1560976.70000000,138052.33809000
2026-07-16T17:00Z,0.08860000,0.08880000,0.08780000,0.08830000,2906017.20000000,256713.01263000,1492,1608274.50000000,141980.74504000
2026-07-16T18:00Z,0.08830000,0.08950000,0.08820000,0.08930000,3274544.70000000,291351.78113000,1296,1906076.50000000,169700.09572000
2026-07-16T19:00Z,0.08940000,0.09040000,0.08930000,0.08980000,2969359.10000000,266871.19292000,1227,1691391.90000000,152055.27214000
2026-07-16T20:00Z,0.08980000,0.09110000,0.08960000,0.08990000,3008662.80000000,271771.58483000,1220,1533155.50000000,138545.48986000
2026-07-16T21:00Z,0.09000000,0.09040000,0.08930000,0.08950000,1387327.30000000,124536.37806000,488,614349.60000000,55183.61981000
2026-07-16T22:00Z,0.08950000,0.08980000,0.08860000,0.08910000,1856964.80000000,165489.46385000,828,806861.80000000,71907.75856000
2026-07-16T23:00Z,0.08900000,0.08930000,0.08790000,0.08900000,3196253.30000000,283108.37856000,1197,1453392.90000000,128831.72297000
2026-07-17T00:00Z,0.08910000,0.09010000,0.08850000,0.08920000,3264946.80000000,291088.71113000,1314,1671687.00000000,149077.99177000
2026-07-17T01:00Z,0.08930000,0.08980000,0.08780000,0.08800000,2307546.30000000,205128.00754000,1011,1150511.80000000,102195.31398000
2026-07-17T02:00Z,0.08810000,0.08900000,0.08750000,0.08900000,1966939.60000000,173503.61510000,979,1012551.70000000,89266.65830000
2026-07-17T03:00Z,0.08900000,0.09140000,0.08870000,0.08990000,5854299.70000000,529911.83517000,2362,3007504.10000000,272017.88360000
2026-07-17T04:00Z,0.08990000,0.09010000,0.08890000,0.08910000,1742615.00000000,155895.68382000,818,800183.20000000,71612.59463000
2026-07-17T05:00Z,0.08910000,0.08920000,0.08790000,0.08910000,5080414.90000000,449965.23748000,1631,2849932.10000000,252527.25168000
2026-07-17T06:00Z,0.08910000,0.08910000,0.08800000,0.08820000,1915955.60000000,169575.84173000,845,753478.50000000,66667.89086000
2026-07-17T07:00Z,0.08820000,0.08880000,0.08810000,0.08840000,1999049.20000000,176823.73956000,697,948394.20000000,83918.78705000
2026-07-17T08:00Z,0.08830000,0.08970000,0.08780000,0.08940000,1783008.10000000,157813.17031000,795,968594.60000000,85737.81149000
2026-07-17T09:00Z,0.08940000,0.09060000,0.08940000,0.09030000,3739440.90000000,336846.23663000,1282,1900773.40000000,171119.45851000
2026-07-17T10:00Z,0.09030000,0.09090000,0.09010000,0.09040000,2867287.70000000,259330.41679000,1115,1533174.90000000,138651.45337000
2026-07-17T11:00Z,0.09040000,0.09070000,0.08940000,0.08950000,2222667.10000000,200198.74990000,933,1028714.90000000,92681.22910000
2026-07-17T12:00Z,0.08940000,0.08940000,0.08840000,0.08850000,1607005.90000000,142893.58417000,679,732353.80000000,65116.47591000
2026-07-17T13:00Z,0.08860000,0.08860000,0.08710000,0.08860000,4198093.40000000,367989.68529000,1595,2140598.60000000,187724.99731000
2026-07-17T14:00Z,0.08870000,0.08900000,0.08810000,0.08830000,1525549.50000000,134992.90756000,711,760425.70000000,67336.82347000
2026-07-17T15:00Z,0.08830000,0.08860000,0.08730000,0.08860000,2981708.70000000,261544.30721000,1105,1383251.60000000,121451.64761000
2026-07-17T16:00Z,0.08850000,0.09010000,0.08820000,0.08930000,3426956.30000000,305816.53938000,1345,1468723.50000000,131080.63476000
2026-07-17T17:00Z,0.08930000,0.09030000,0.08920000,0.08950000,2499850.20000000,224276.25168000,919,1043068.50000000,93572.23309000
2026-07-17T18:00Z,0.08940000,0.09000000,0.08910000,0.08970000,1266589.20000000,113329.18642000,568,774806.90000000,69346.42154000
2026-07-17T19:00Z,0.08970000,0.09000000,0.08910000,0.08970000,1099097.20000000,98494.44961000,541,587794.00000000,52704.11530000
2026-07-17T20:00Z,0.08970000,0.09010000,0.08950000,0.09000000,1320454.00000000,118526.30403000,452,526577.90000000,47283.08619000
2026-07-17T21:00Z,0.09000000,0.09080000,0.08990000,0.09050000,4632672.30000000,419072.61273000,1458,2006070.10000000,181559.94489000
2026-07-17T22:00Z,0.09050000,0.09110000,0.09010000,0.09040000,2258396.50000000,204401.35082000,774,1159817.10000000,105024.57432000
2026-07-17T23:00Z,0.09050000,0.09140000,0.09000000,0.09060000,2928738.80000000,265856.63996000,1097,1500329.50000000,136228.35342000
2026-07-18T00:00Z,0.09060000,0.09140000,0.09040000,0.09090000,3332224.00000000,303040.27598000,1268,2000130.20000000,181899.21377000
2026-07-18T01:00Z,0.09090000,0.09280000,0.09080000,0.09180000,4488088.40000000,413995.62649000,1749,2732935.60000000,252317.63189000
2026-07-18T02:00Z,0.09180000,0.09200000,0.09030000,0.09050000,3027973.70000000,276333.88597000,1047,1305302.10000000,119171.06707000
2026-07-18T03:00Z,0.09050000,0.09070000,0.09010000,0.09050000,2063753.00000000,186552.45395000,456,988786.40000000,89358.87501000
2026-07-18T04:00Z,0.09060000,0.09060000,0.08970000,0.08990000,1832806.70000000,165150.38863000,538,901178.40000000,81186.13187000
2026-07-18T05:00Z,0.09000000,0.09050000,0.08960000,0.08990000,2527512.70000000,227703.03262000,861,1378254.10000000,124231.87826000
2026-07-18T06:00Z,0.08980000,0.09090000,0.08970000,0.09060000,1301066.50000000,117491.16986000,555,607232.40000000,54833.78086000
2026-07-18T07:00Z,0.09060000,0.09060000,0.08980000,0.09000000,939524.10000000,84629.47120000,360,430472.50000000,38794.29981000
2026-07-18T08:00Z,0.09000000,0.09040000,0.08980000,0.09000000,906351.40000000,81609.14246000,319,257345.70000000,23185.69478000
2026-07-18T09:00Z,0.08990000,0.09000000,0.08910000,0.08970000,2729874.40000000,243914.83169000,709,1239295.20000000,110757.66300000
2026-07-18T10:00Z,0.08970000,0.09080000,0.08970000,0.09040000,2532500.80000000,228824.25844000,1114,1172660.30000000,105916.54145000
2026-07-18T11:00Z,0.09040000,0.09050000,0.08960000,0.09010000,2713702.20000000,244667.94615000,894,1488256.70000000,134147.03571000
2026-07-18T12:00Z,0.09010000,0.09030000,0.08960000,0.09010000,1851119.70000000,166429.00407000,696,910591.30000000,81900.85774000
2026-07-18T13:00Z,0.09000000,0.09030000,0.08970000,0.09000000,2150435.70000000,193615.71724000,853,1100304.00000000,99077.41066000
2026-07-18T14:00Z,0.09010000,0.09010000,0.08940000,0.08990000,1898435.10000000,170574.38748000,620,1160409.60000000,104284.91000000
2026-07-18T15:00Z,0.08990000,0.09010000,0.08820000,0.08860000,4412815.10000000,391843.89542000,1523,1806401.70000000,160496.85361000
2026-07-18T16:00Z,0.08860000,0.08900000,0.08790000,0.08820000,4228469.50000000,373891.67714000,1418,2467463.40000000,218184.23754000
2026-07-18T17:00Z,0.08820000,0.08880000,0.08820000,0.08860000,1059736.10000000,93800.48583000,469,359805.00000000,31836.86195000
2026-07-18T18:00Z,0.08850000,0.08900000,0.08800000,0.08820000,1516519.00000000,134187.66231000,555,864200.90000000,76502.84683000
2026-07-18T19:00Z,0.08820000,0.08830000,0.08790000,0.08820000,1119396.00000000,98738.94086000,274,380760.00000000,33575.15850000
2026-07-18T20:00Z,0.08820000,0.08840000,0.08800000,0.08820000,631223.60000000,55711.31696000,352,302837.80000000,26731.15670000
2026-07-18T21:00Z,0.08820000,0.08850000,0.08810000,0.08850000,1269849.80000000,112176.28653000,674,764258.40000000,67499.50306000
2026-07-18T22:00Z,0.08850000,0.08880000,0.08840000,0.08850000,901493.20000000,79843.26024000,377,417843.80000000,37011.75772000
2026-07-18T23:00Z,0.08850000,0.08850000,0.08820000,0.08840000,609948.30000000,53885.48364000,209,330967.60000000,29241.10221000
2026-07-19T00:00Z,0.08830000,0.08840000,0.08770000,0.08810000,1334065.80000000,117341.20494000,471,458658.20000000,40378.73323000
2026-07-19T01:00Z,0.08810000,0.08810000,0.08750000,0.08780000,890867.30000000,78176.20423000,310,179671.80000000,15772.28628000
2026-07-19T02:00Z,0.08790000,0.08880000,0.08780000,0.08840000,1190145.70000000,105027.21356000,484,691431.80000000,61026.83948000
2026-07-19T03:00Z,0.08850000,0.08850000,0.08770000,0.08780000,871717.30000000,76655.22885000,443,330902.40000000,29117.25127000
2026-07-19T04:00Z,0.08790000,0.08810000,0.08760000,0.08790000,507339.60000000,44587.01710000,314,173487.60000000,15249.73387000
2026-07-19T05:00Z,0.08800000,0.08810000,0.08760000,0.08790000,1344847.80000000,118204.95576000,387,469589.50000000,41274.86114000
2026-07-19T06:00Z,0.08790000,0.08850000,0.08790000,0.08850000,1256034.80000000,110836.01262000,484,794706.50000000,70189.62134000
2026-07-19T07:00Z,0.08850000,0.08870000,0.08820000,0.08830000,1409550.40000000,124645.50211000,392,628457.20000000,55591.12279000
2026-07-19T08:00Z,0.08830000,0.08920000,0.08820000,0.08910000,1452616.90000000,128966.77472000,619,742031.00000000,65854.22530000
2026-07-19T09:00Z,0.08920000,0.08990000,0.08880000,0.08990000,3649452.60000000,325917.98157000,1550,1750987.40000000,156479.37712000
2026-07-19T10:00Z,0.08990000,0.08990000,0.08920000,0.08940000,3035378.60000000,271752.80767000,1060,1304339.70000000,116768.08880000
2026-07-19T11:00Z,0.08930000,0.08980000,0.08890000,0.08910000,2680252.80000000,239139.69870000,842,1370070.80000000,122223.09042000
2026-07-19T12:00Z,0.08910000,0.08960000,0.08810000,0.08820000,2985007.50000000,264997.05269000,1439,1157038.80000000,102764.90108000
2026-07-19T13:00Z,0.08820000,0.08880000,0.08810000,0.08850000,3209798.30000000,284073.37808000,989,1674551.90000000,148164.27685000
2026-07-19T14:00Z,0.08850000,0.08910000,0.08850000,0.08870000,1669663.60000000,148314.42455000,705,777093.00000000,69052.80426000
2026-07-19T15:00Z,0.08870000,0.09020000,0.08860000,0.08970000,3847324.20000000,344855.91357000,1957,2037181.80000000,182542.00727000
2026-07-19T16:00Z,0.08980000,0.09000000,0.08900000,0.08920000,2337345.20000000,209225.76229000,1056,1021067.50000000,91387.22600000
2026-07-19T17:00Z,0.08930000,0.08930000,0.08840000,0.08880000,1987066.20000000,176616.98525000,747,812541.30000000,72266.68060000
2026-07-19T18:00Z,0.08870000,0.08880000,0.08800000,0.08880000,1471444.90000000,130056.87498000,636,824450.70000000,72910.85849000
2026-07-19T19:00Z,0.08880000,0.08900000,0.08850000,0.08870000,399932.90000000,35508.30359000,288,171380.80000000,15220.91767000
2026-07-19T20:00Z,0.08870000,0.08890000,0.08850000,0.08870000,259260.90000000,22987.94541000,221,133565.40000000,11838.67774000
2026-07-19T21:00Z,0.08880000,0.08890000,0.08820000,0.08830000,564910.70000000,50014.56488000,315,241028.30000000,21319.93030000
2026-07-19T22:00Z,0.08820000,0.08940000,0.08810000,0.08910000,1890833.70000000,168511.74286000,1048,1022658.30000000,91077.56046000
2026-07-19T23:00Z,0.08910000,0.08920000,0.08860000,0.08910000,924646.00000000,82254.50199000,657,526040.00000000,46775.56697000
2026-07-20T00:00Z,0.08910000,0.09020000,0.08840000,0.08860000,3181157.20000000,284465.98683000,2269,1501557.90000000,134173.83833000
2026-07-20T01:00Z,0.08860000,0.08950000,0.08780000,0.08800000,961994.40000000,85190.90178000,725,421154.00000000,37308.48628000
2026-07-20T02:00Z,0.08810000,0.08880000,0.08800000,0.08850000,556840.00000000,49254.51047000,440,215588.70000000,19062.76126000
2026-07-20T03:00Z,0.08850000,0.08870000,0.08760000,0.08770000,1920984.00000000,169157.10170000,990,917404.40000000,80794.89394000
2026-07-20T04:00Z,0.08780000,0.08780000,0.08640000,0.08660000,3459413.70000000,300831.50090000,1266,1700997.60000000,147806.96745000
2026-07-20T05:00Z,0.08670000,0.08670000,0.08580000,0.08610000,2675776.80000000,230857.36553000,1230,1322843.00000000,114154.88195000
2026-07-20T06:00Z,0.08610000,0.08630000,0.08530000,0.08590000,2346321.90000000,201466.03321000,928,1016767.00000000,87348.39581000
2026-07-20T07:00Z,0.08600000,0.08690000,0.08580000,0.08680000,729626.50000000,63038.19289000,479,318193.10000000,27508.37857000
2026-07-20T08:00Z,0.08680000,0.08680000,0.08590000,0.08630000,1711625.40000000,147720.11632000,888,1002641.40000000,86578.10967000
2026-07-20T09:00Z,0.08640000,0.08730000,0.08620000,0.08710000,1800306.80000000,156339.40536000,664,744811.90000000,64664.07451000
2026-07-20T10:00Z,0.08700000,0.08740000,0.08690000,0.08710000,909275.20000000,79242.85133000,386,366291.80000000,31944.36237000
2026-07-20T11:00Z,0.08710000,0.08860000,0.08700000,0.08840000,2824825.10000000,248297.75017000,1478,1187632.40000000,104290.72812000
2026-07-20T12:00Z,0.08840000,0.08850000,0.08790000,0.08820000,1776351.50000000,156701.15951000,911,719970.70000000,63554.47718000
2026-07-20T13:00Z,0.08830000,0.08900000,0.08780000,0.08840000,2727452.70000000,241338.49469000,1445,1553499.00000000,137575.85401000
2026-07-20T14:00Z,0.08840000,0.09000000,0.08810000,0.08910000,2374070.40000000,211784.58111000,1285,1495762.70000000,133523.30509000
2026-07-20T15:00Z,0.08910000,0.09150000,0.08900000,0.09080000,3403846.40000000,308158.75563000,2108,1673636.20000000,151573.68996000
2026-07-20T16:00Z,0.09080000,0.09120000,0.08960000,0.09000000,2451820.70000000,221605.28916000,1195,1106153.10000000,100032.91377000
2026-07-20T17:00Z,0.09000000,0.09050000,0.08970000,0.09010000,1918631.40000000,172901.20550000,821,721232.30000000,65016.32830000
2026-07-20T18:00Z,0.09010000,0.09080000,0.08970000,0.08980000,2057660.70000000,185702.28723000,965,574075.00000000,51802.04342000
2026-07-20T19:00Z,0.08990000,0.08990000,0.08920000,0.08960000,1225233.60000000,109681.83894000,642,733785.60000000,65687.05653000
2026-07-20T20:00Z,0.08960000,0.09020000,0.08940000,0.08990000,959509.40000000,86262.74079000,486,410182.90000000,36865.21238000
2026-07-20T21:00Z,0.08990000,0.09010000,0.08940000,0.08980000,2748384.70000000,246819.41925000,1006,1082006.70000000,97192.43614000
2026-07-20T22:00Z,0.08980000,0.09000000,0.08930000,0.08960000,1210800.10000000,108585.29588000,467,717333.10000000,64311.45520000
2026-07-20T23:00Z,0.08970000,0.09060000,0.08950000,0.09040000,1171809.50000000,105705.72851000,558,491685.20000000,44359.40264000
2026-07-21T00:00Z,0.09030000,0.09100000,0.09000000,0.09070000,1720249.40000000,155703.35977000,697,898141.10000000,81266.29361000
2026-07-21T01:00Z,0.09080000,0.09140000,0.09010000,0.09030000,2794692.90000000,253325.87312000,1097,909623.20000000,82545.81861000
2026-07-21T02:00Z,0.09040000,0.09060000,0.08950000,0.09040000,1267394.70000000,114117.68886000,646,567679.20000000,51145.03841000
2026-07-21T03:00Z,0.09040000,0.09090000,0.09040000,0.09070000,592082.80000000,53648.14157000,434,140137.70000000,12707.79398000
2026-07-21T04:00Z,0.09060000,0.09090000,0.09010000,0.09020000,1599696.70000000,144562.14606000,1103,643704.80000000,58217.59078000
2026-07-21T05:00Z,0.09010000,0.09060000,0.09000000,0.09030000,967690.50000000,87374.29867000,614,535957.70000000,48405.93001000
2026-07-21T06:00Z,0.09020000,0.09120000,0.08990000,0.09080000,3016113.40000000,273137.70980000,1217,1707046.90000000,154605.22559000
2026-07-21T07:00Z,0.09070000,0.09190000,0.09070000,0.09090000,3095459.80000000,282278.59456000,1324,1121752.60000000,102294.28419000
2026-07-21T08:00Z,0.09100000,0.09120000,0.09070000,0.09080000,1078987.70000000,98105.71251000,581,598433.90000000,54415.69412000
2026-07-21T09:00Z,0.09080000,0.09120000,0.09030000,0.09110000,1348123.50000000,122252.11190000,647,645188.60000000,58566.93642000
2026-07-21T10:00Z,0.09110000,0.09140000,0.09030000,0.09050000,1796084.20000000,163313.45286000,903,864189.80000000,78693.64865000
2026-07-21T11:00Z,0.09050000,0.09060000,0.09030000,0.09030000,1026283.40000000,92824.65745000,462,267871.90000000,24242.06034000
2026-07-21T12:00Z,0.09020000,0.09080000,0.09000000,0.09030000,5433509.50000000,490991.95338000,1458,3193508.30000000,288486.43398000
2026-07-21T13:00Z,0.09030000,0.09040000,0.08940000,0.09030000,3623586.10000000,325939.77334000,1325,1699113.60000000,152948.81808000
2026-07-21T14:00Z,0.09020000,0.09030000,0.08950000,0.08970000,1459556.00000000,131096.81622000,773,662179.90000000,59483.24755000
2026-07-21T15:00Z,0.08960000,0.08990000,0.08920000,0.08990000,1309609.50000000,117252.71491000,710,623468.20000000,55822.89895000
2026-07-21T16:00Z,0.08980000,0.08990000,0.08920000,0.08940000,1466784.20000000,131124.94246000,499,760534.40000000,67976.22002000
2026-07-21T17:00Z,0.08940000,0.08950000,0.08810000,0.08900000,3007785.50000000,267036.16844000,1383,1292128.90000000,114716.91195000
2026-07-21T18:00Z,0.08900000,0.08930000,0.08880000,0.08910000,381530.20000000,33995.74044000,216,178871.00000000,15939.20771000
2026-07-21T19:00Z,0.08920000,0.08930000,0.08890000,0.08920000,689567.30000000,61457.19074000,375,439683.00000000,39177.23124000
2026-07-21T20:00Z,0.08920000,0.08930000,0.08890000,0.08890000,952722.80000000,84886.95155000,434,558909.80000000,49815.16080000
2026-07-21T21:00Z,0.08890000,0.08930000,0.08880000,0.08910000,553776.70000000,49345.43400000,235,363707.20000000,32408.65634000
2026-07-21T22:00Z,0.08910000,0.08910000,0.08840000,0.08850000,669267.50000000,59360.61997000,325,317348.40000000,28144.62562000
2026-07-21T23:00Z,0.08860000,0.08900000,0.08820000,0.08900000,1148559.90000000,101770.82373000,491,811991.60000000,71963.25096000
2026-07-22T00:00Z,0.08890000,0.09050000,0.08870000,0.09050000,1918014.20000000,171953.47031000,799,973467.60000000,87334.77950000
2026-07-22T01:00Z,0.09050000,0.09050000,0.08980000,0.09000000,2731957.20000000,246123.53422000,1219,795772.40000000,71740.91969000
2026-07-22T02:00Z,0.09010000,0.09020000,0.08950000,0.08970000,575926.80000000,51746.16860000,343,252445.60000000,22691.48052000
2026-07-22T03:00Z,0.08980000,0.09020000,0.08940000,0.08940000,974726.60000000,87545.95889000,558,417746.40000000,37551.91396000
2026-07-22T04:00Z,0.08940000,0.09110000,0.08940000,0.09090000,2747052.60000000,248262.00266000,1322,1160214.80000000,104918.91899000
2026-07-22T05:00Z,0.09100000,0.09180000,0.08990000,0.09080000,12023713.20000000,1095530.05658000,2970,4264791.00000000,387888.68254000
2026-07-22T06:00Z,0.09080000,0.09150000,0.09000000,0.09020000,3374566.80000000,306091.69975000,1560,1690349.20000000,153351.53813000
2026-07-22T07:00Z,0.09020000,0.09030000,0.08920000,0.08930000,2041634.90000000,183158.79000000,823,966991.10000000,86758.83490000
2026-07-22T08:00Z,0.08930000,0.09020000,0.08920000,0.08980000,1946190.10000000,174913.83414000,956,1201919.80000000,108072.53369000
2026-07-22T09:00Z,0.08970000,0.09010000,0.08920000,0.08950000,1361160.40000000,121954.38778000,758,808053.00000000,72412.32511000
2026-07-22T10:00Z,0.08950000,0.09060000,0.08940000,0.09000000,1510534.90000000,136183.72109000,817,616339.30000000,55608.97773000
2026-07-22T11:00Z,0.08990000,0.09010000,0.08930000,0.08950000,1142668.00000000,102486.65653000,674,522168.40000000,46863.30452000
2026-07-22T12:00Z,0.08950000,0.08950000,0.08830000,0.08910000,3092762.20000000,274763.79745000,1636,1510954.20000000,134301.69517000
2026-07-22T13:00Z,0.08910000,0.09080000,0.08900000,0.09070000,4666749.30000000,420290.75384000,1449,2674506.10000000,241030.67236000
2026-07-22T14:00Z,0.09070000,0.09160000,0.09020000,0.09050000,2261086.90000000,205188.52300000,1081,1157695.30000000,105011.26548000
2026-07-22T15:00Z,0.09050000,0.09140000,0.09050000,0.09090000,2887420.70000000,262586.74709000,1332,1047819.80000000,95320.09959000
2026-07-22T16:00Z,0.09090000,0.09190000,0.09060000,0.09180000,1992785.00000000,182154.04884000,931,1182574.00000000,108125.27552000
2026-07-22T17:00Z,0.09170000,0.09180000,0.09060000,0.09070000,1817140.50000000,165411.23927000,696,916145.50000000,83384.88687000
2026-07-22T18:00Z,0.09070000,0.09080000,0.08980000,0.09030000,1530638.60000000,138195.14179000,685,820154.40000000,74148.79091000
2026-07-22T19:00Z,0.09030000,0.09070000,0.09000000,0.09050000,791514.10000000,71495.94940000,518,523102.30000000,47261.31652000
2026-07-22T20:00Z,0.09040000,0.09090000,0.09040000,0.09050000,706811.70000000,64032.01417000,452,464316.30000000,42061.11769000
2026-07-22T21:00Z,0.09050000,0.09080000,0.09030000,0.09070000,704494.60000000,63765.72124000,433,403634.60000000,36553.81705000
2026-07-22T22:00Z,0.09070000,0.09090000,0.09000000,0.09030000,1198856.00000000,108540.91389000,630,697929.30000000,63217.35064000
2026-07-22T23:00Z,0.09020000,0.09020000,0.08840000,0.09010000,10012126.80000000,893248.92005000,4703,5124041.70000000,457259.42430000
2026-07-23T00:00Z,0.09010000,0.09130000,0.08990000,0.09090000,2192340.10000000,198929.16007000,1133,1404461.80000000,127443.33564000
2026-07-23T01:00Z,0.09090000,0.09110000,0.09030000,0.09050000,914327.50000000,83068.52912000,616,381078.60000000,34625.54455000
2026-07-23T02:00Z,0.09060000,0.09060000,0.09000000,0.09010000,749955.80000000,67690.63256000,465,361642.20000000,32627.89088000
2026-07-23T03:00Z,0.09010000,0.09020000,0.08930000,0.08950000,810778.00000000,72672.29017000,360,507617.10000000,45503.09736000
2026-07-23T04:00Z,0.08940000,0.08970000,0.08910000,0.08930000,1075001.30000000,96064.04026000,567,576267.20000000,51509.55733000
2026-07-23T05:00Z,0.08930000,0.08980000,0.08890000,0.08950000,1016382.40000000,90751.36504000,545,501590.10000000,44833.60851000
2026-07-23T06:00Z,0.08940000,0.08960000,0.08910000,0.08930000,1510840.70000000,134895.05922000,558,444168.70000000,39710.90543000
2026-07-23T07:00Z,0.08930000,0.08930000,0.08830000,0.08850000,2910783.40000000,257752.63691000,783,1540585.60000000,136386.02005000
2026-07-23T08:00Z,0.08850000,0.08900000,0.08840000,0.08890000,719239.30000000,63826.43169000,349,377624.90000000,33533.68400000
2026-07-23T09:00Z,0.08880000,0.08920000,0.08860000,0.08890000,830806.70000000,73885.99066000,397,462818.20000000,41160.13571000
2026-07-23T10:00Z,0.08880000,0.08910000,0.08870000,0.08880000,544854.50000000,48450.73369000,334,399661.20000000,35540.87756000
2026-07-23T11:00Z,0.08880000,0.08910000,0.08800000,0.08830000,1774709.40000000,156999.05301000,778,850871.20000000,75276.45352000
2026-07-23T12:00Z,0.08820000,0.08840000,0.08690000,0.08730000,3067311.80000000,268240.99323000,1274,1235755.20000000,107984.13894000
2026-07-23T13:00Z,0.08730000,0.08750000,0.08670000,0.08680000,2883044.40000000,251213.14039000,1161,1409815.30000000,122895.28309000
2026-07-23T14:00Z,0.08680000,0.08730000,0.08630000,0.08640000,1387971.80000000,120596.08862000,722,526795.50000000,45788.66397000
2026-07-23T15:00Z,0.08650000,0.08670000,0.08550000,0.08660000,4243815.40000000,365957.91811000,1566,2404098.20000000,207358.71484000
2026-07-23T16:00Z,0.08660000,0.08660000,0.08610000,0.08650000,1550071.30000000,133853.55559000,875,938123.00000000,81028.56123000
2026-07-23T17:00Z,0.08640000,0.08680000,0.08560000,0.08590000,1545088.30000000,133222.07142000,693,437489.00000000,37775.32855000
2026-07-23T18:00Z,0.08580000,0.08660000,0.08580000,0.08630000,1618980.00000000,139574.61518000,789,830898.70000000,71663.96046000
2026-07-23T19:00Z,0.08640000,0.08660000,0.08600000,0.08650000,956616.40000000,82624.19923000,631,650211.20000000,56170.11604000
2026-07-23T20:00Z,0.08650000,0.08720000,0.08650000,0.08710000,842015.30000000,73307.06822000,325,619957.50000000,53983.40374000
2026-07-23T21:00Z,0.08710000,0.08720000,0.08670000,0.08690000,541003.10000000,47059.53314000,276,260778.00000000,22701.08724000
2026-07-23T22:00Z,0.08690000,0.08690000,0.08630000,0.08640000,856617.60000000,74237.59089000,554,449918.90000000,39001.53948000
2026-07-23T23:00Z,0.08650000,0.08650000,0.08590000,0.08620000,1688816.90000000,145517.77336000,615,686710.80000000,59192.08981000
2026-07-24T00:00Z,0.08620000,0.08630000,0.08570000,0.08620000,1950240.20000000,167633.48259000,953,569714.90000000,48955.51566000
2026-07-24T01:00Z,0.08610000,0.08630000,0.08580000,0.08610000,893933.90000000,76880.28228000,328,342963.40000000,29535.84680000
2026-07-24T02:00Z,0.08610000,0.08620000,0.08480000,0.08500000,3569386.10000000,305475.55995000,1199,1944501.20000000,166609.26972000
2026-07-24T03:00Z,0.08490000,0.08570000,0.08490000,0.08540000,2040819.30000000,174220.27162000,594,1035229.30000000,88315.59311000
2026-07-24T04:00Z,0.08530000,0.08550000,0.08500000,0.08510000,640623.40000000,54579.17530000,337,377477.80000000,32142.88490000
2026-07-24T05:00Z,0.08510000,0.08560000,0.08510000,0.08540000,1296001.50000000,110762.05624000,693,403521.80000000,34481.47859000
2026-07-24T06:00Z,0.08540000,0.08630000,0.08530000,0.08590000,2051554.40000000,176073.20812000,981,960234.40000000,82440.24258000
2026-07-24T07:00Z,0.08600000,0.08700000,0.08580000,0.08640000,1500150.40000000,129745.52958000,882,782591.30000000,67663.52734000
2026-07-24T08:00Z,0.08640000,0.08640000,0.08580000,0.08600000,445181.50000000,38308.26140000,241,160202.90000000,13802.04144000
2026-07-24T09:00Z,0.08600000,0.08610000,0.08530000,0.08570000,1625504.60000000,139397.47876000,673,611733.40000000,52463.80743000
2026-07-24T10:00Z,0.08560000,0.08570000,0.08500000,0.08510000,1010619.30000000,86115.42806000,446,422104.40000000,35963.73764000
2026-07-24T11:00Z,0.08510000,0.08520000,0.08470000,0.08510000,1152261.60000000,97849.70227000,586,732818.90000000,62243.91506000
2026-07-24T12:00Z,0.08500000,0.08530000,0.08440000,0.08460000,1233256.40000000,104666.70746000,467,301511.40000000,25627.33109000
2026-07-24T13:00Z,0.08460000,0.08460000,0.08340000,0.08390000,3174906.00000000,266171.54758000,1433,1238637.30000000,103920.53933000
2026-07-24T14:00Z,0.08400000,0.08440000,0.08300000,0.08430000,5883342.00000000,492175.95271000,1524,2345293.80000000,196250.42389000
2026-07-24T15:00Z,0.08430000,0.08450000,0.08380000,0.08380000,1390830.90000000,116987.34167000,713,653415.90000000,54981.00529000
2026-07-24T16:00Z,0.08380000,0.08390000,0.08340000,0.08360000,957916.20000000,80108.76773000,441,467396.20000000,39084.17627000
2026-07-24T17:00Z,0.08370000,0.08420000,0.08350000,0.08390000,1140717.30000000,95678.30344000,488,420173.90000000,35285.49475000
2026-07-24T18:00Z,0.08400000,0.08410000,0.08370000,0.08400000,181804.20000000,15249.73855000,141,93012.20000000,7803.98777000
2026-07-24T19:00Z,0.08390000,0.08410000,0.08380000,0.08390000,235353.90000000,19749.03873000,145,115391.30000000,9684.57001000
2026-07-24T20:00Z,0.08390000,0.08400000,0.08350000,0.08380000,1044657.80000000,87620.06938000,335,650599.60000000,54599.60018000
2026-07-24T21:00Z,0.08370000,0.08380000,0.08290000,0.08310000,1228931.30000000,102402.94966000,495,517667.00000000,43162.90778000
2026-07-24T22:00Z,0.08320000,0.08330000,0.08280000,0.08320000,846436.70000000,70318.20256000,522,452594.80000000,37587.97632000
2026-07-24T23:00Z,0.08320000,0.08330000,0.08300000,0.08310000,242614.60000000,20180.98228000,167,100866.40000000,8393.95068000
2026-07-25T00:00Z,0.08310000,0.08320000,0.08210000,0.08270000,1177460.80000000,97289.92857000,547,531114.10000000,43872.13080000
2026-07-25T01:00Z,0.08260000,0.08270000,0.08180000,0.08220000,1666196.90000000,136827.99640000,571,517724.80000000,42508.93449000
2026-07-25T02:00Z,0.08210000,0.08250000,0.08180000,0.08230000,846007.60000000,69474.69600000,461,494436.90000000,40601.23014000
2026-07-25T03:00Z,0.08220000,0.08250000,0.08210000,0.08230000,618134.10000000,50883.11684000,437,262610.80000000,21615.35868000
2026-07-25T04:00Z,0.08240000,0.08270000,0.08230000,0.08250000,328080.90000000,27080.76604000,203,183618.70000000,15156.89097000
2026-07-25T05:00Z,0.08260000,0.08270000,0.08240000,0.08260000,547291.60000000,45155.10903000,377,318893.90000000,26314.42153000
2026-07-25T06:00Z,0.08260000,0.08270000,0.08220000,0.08250000,1178155.80000000,97082.13831000,389,431824.10000000,35629.94337000
2026-07-25T07:00Z,0.08250000,0.08290000,0.08250000,0.08270000,629271.50000000,52028.36927000,321,380869.30000000,31493.77676000
2026-07-25T08:00Z,0.08260000,0.08340000,0.08250000,0.08290000,828275.00000000,68862.45533000,476,472842.80000000,39304.26178000
2026-07-25T09:00Z,0.08300000,0.08340000,0.08270000,0.08290000,718907.90000000,59708.87937000,385,419480.10000000,34840.99287000
2026-07-25T10:00Z,0.08300000,0.08320000,0.08290000,0.08300000,288676.00000000,23994.52140000,191,175822.90000000,14621.65592000
2026-07-25T11:00Z,0.08310000,0.08340000,0.08280000,0.08290000,731712.70000000,60780.52367000,300,172142.10000000,14306.97553000
2026-07-25T12:00Z,0.08290000,0.08320000,0.08280000,0.08320000,232889.20000000,19337.15115000,315,110931.40000000,9213.36952000
2026-07-25T13:00Z,0.08310000,0.08360000,0.08300000,0.08300000,1239987.60000000,103200.14979000,591,681132.50000000,56712.66843000
2026-07-25T14:00Z,0.08310000,0.08310000,0.08260000,0.08270000,825173.70000000,68281.26411000,446,383761.80000000,31763.29692000
2026-07-25T15:00Z,0.08280000,0.08310000,0.08240000,0.08300000,2227360.10000000,184413.73507000,798,1148901.60000000,95262.15116000
2026-07-25T16:00Z,0.08300000,0.08310000,0.08260000,0.08280000,1131721.10000000,93774.09107000,645,719918.50000000,59660.96363000
2026-07-25T17:00Z,0.08280000,0.08350000,0.08270000,0.08320000,1008894.50000000,83838.95647000,515,522254.30000000,43407.93343000
2026-07-25T18:00Z,0.08320000,0.08350000,0.08310000,0.08320000,1058317.80000000,88131.48559000,419,422577.50000000,35200.28852000
2026-07-25T19:00Z,0.08320000,0.08330000,0.08300000,0.08330000,884130.30000000,73544.36452000,453,466515.50000000,38829.06163000
2026-07-25T20:00Z,0.08320000,0.08330000,0.08300000,0.08320000,340716.90000000,28338.07029000,206,148467.90000000,12351.92482000
2026-07-25T21:00Z,0.08320000,0.08330000,0.08280000,0.08310000,1175616.20000000,97592.42945000,513,532849.50000000,44263.78669000
2026-07-25T22:00Z,0.08310000,0.08330000,0.08280000,0.08300000,1029774.00000000,85470.87367000,781,455657.70000000,37832.28607000
2026-07-25T23:00Z,0.08300000,0.08300000,0.08240000,0.08250000,893462.30000000,73849.73084000,656,554618.20000000,45846.45558000
2026-07-26T00:00Z,0.08250000,0.08250000,0.08210000,0.08220000,677052.00000000,55742.58794000,362,352363.90000000,29034.76435000
2026-07-26T01:00Z,0.08230000,0.08250000,0.08210000,0.08230000,764436.10000000,62941.19060000,373,277843.80000000,22884.22746000
2026-07-26T02:00Z,0.08240000,0.08260000,0.08200000,0.08250000,1092384.90000000,89926.69861000,569,433535.50000000,35669.74927000
2026-07-26T03:00Z,0.08240000,0.08270000,0.08230000,0.08250000,1716667.60000000,141639.30500000,1117,788093.20000000,65035.32116000
2026-07-26T04:00Z,0.08250000,0.08310000,0.08240000,0.08270000,1706172.70000000,141292.77312000,588,1160423.10000000,96148.96625000
2026-07-26T05:00Z,0.08280000,0.08300000,0.08260000,0.08290000,934264.90000000,77368.63113000,315,647002.20000000,53595.16007000
2026-07-26T06:00Z,0.08280000,0.08310000,0.08240000,0.08300000,1109799.10000000,91737.08369000,426,510940.50000000,42268.45782000
2026-07-26T07:00Z,0.08310000,0.08320000,0.08260000,0.08270000,930924.20000000,77149.68771000,413,581147.30000000,48181.91409000
2026-07-26T08:00Z,0.08280000,0.08290000,0.08240000,0.08260000,1643570.10000000,135795.03607000,542,814024.40000000,67276.09325000
2026-07-26T09:00Z,0.08260000,0.08280000,0.08220000,0.08220000,1333003.80000000,109997.61928000,624,439055.50000000,36247.69639000
2026-07-26T10:00Z,0.08220000,0.08300000,0.08210000,0.08290000,1496606.70000000,123520.84107000,827,407665.60000000,33702.50653000
2026-07-26T11:00Z,0.08280000,0.08340000,0.08260000,0.08280000,1659313.50000000,137828.44358000,593,992896.00000000,82484.87721000
2026-07-26T12:00Z,0.08280000,0.08310000,0.08270000,0.08280000,926379.80000000,76727.18608000,394,355525.50000000,29458.04314000
2026-07-26T13:00Z,0.08280000,0.08280000,0.08220000,0.08240000,1164332.30000000,96095.99407000,444,542841.50000000,44831.39593000
2026-07-26T14:00Z,0.08230000,0.08270000,0.08230000,0.08240000,903949.70000000,74615.82059000,501,461088.00000000,38069.48859000
2026-07-26T15:00Z,0.08240000,0.08280000,0.08220000,0.08270000,1215533.40000000,100207.79159000,491,753433.20000000,62136.78711000
2026-07-26T16:00Z,0.08270000,0.08310000,0.08250000,0.08260000,1806704.40000000,149604.13058000,803,598911.50000000,49604.26288000
2026-07-26T17:00Z,0.08260000,0.08270000,0.08240000,0.08250000,614128.10000000,50699.87738000,305,340496.70000000,28126.17476000
2026-07-26T18:00Z,0.08240000,0.08260000,0.08230000,0.08250000,807577.70000000,66593.38741000,273,453200.10000000,37382.34920000
2026-07-26T19:00Z,0.08250000,0.08250000,0.08210000,0.08240000,508047.30000000,41830.65194000,323,244475.80000000,20133.61645000
2026-07-26T20:00Z,0.08250000,0.08250000,0.08220000,0.08230000,522433.10000000,42999.88891000,213,221056.50000000,18195.80027000
2026-07-26T21:00Z,0.08220000,0.08280000,0.08220000,0.08250000,2969043.70000000,245119.05952000,1042,1681987.80000000,138875.21057000
2026-07-26T22:00Z,0.08250000,0.08370000,0.08250000,0.08340000,2174716.60000000,181124.56198000,1438,1307178.60000000,108865.38316000
2026-07-26T23:00Z,0.08340000,0.08370000,0.08300000,0.08330000,1370983.10000000,114187.32170000,656,629786.10000000,52461.26983000
2026-07-27T00:00Z,0.08320000,0.08330000,0.08230000,0.08240000,2432756.40000000,200818.62519000,886,905995.70000000,74773.62258000
2026-07-27T01:00Z,0.08240000,0.08250000,0.08160000,0.08210000,2762780.80000000,226514.28658000,1619,1220368.60000000,100067.63751000
2026-07-27T02:00Z,0.08210000,0.08240000,0.08180000,0.08230000,1311295.20000000,107711.35438000,686,642824.30000000,52805.03703000
2026-07-27T03:00Z,0.08240000,0.08260000,0.08210000,0.08210000,1101107.40000000,90597.34831000,954,437736.00000000,36031.71717000
2026-07-27T04:00Z,0.08220000,0.08250000,0.08180000,0.08210000,1246503.10000000,102343.78477000,813,506515.50000000,41627.29769000
2026-07-27T05:00Z,0.08210000,0.08230000,0.08180000,0.08200000,1291265.20000000,105893.33281000,734,604840.10000000,49617.41319000
2026-07-27T06:00Z,0.08200000,0.08270000,0.08190000,0.08230000,2349180.10000000,193404.84377000,1267,1609613.70000000,132490.63373000
2026-07-27T07:00Z,0.08220000,0.08240000,0.08180000,0.08220000,887318.70000000,72858.76930000,424,374052.20000000,30713.17583000
2026-07-27T08:00Z,0.08220000,0.08220000,0.08170000,0.08180000,739453.50000000,60595.62328000,356,313933.70000000,25726.32808000
2026-07-27T09:00Z,0.08180000,0.08200000,0.08120000,0.08200000,2322773.70000000,189283.83710000,855,1069818.50000000,87195.93755000
2026-07-27T10:00Z,0.08190000,0.08250000,0.08180000,0.08220000,1854014.00000000,152443.02844000,624,1054787.70000000,86729.69883000
2026-07-27T11:00Z,0.08210000,0.08220000,0.08170000,0.08170000,1809298.10000000,148177.09824000,497,738425.50000000,60524.13534000
2026-07-27T12:00Z,0.08170000,0.08210000,0.08080000,0.08160000,1807297.90000000,147125.64240000,777,950178.70000000,77416.36046000
2026-07-27T13:00Z,0.08160000,0.08240000,0.08090000,0.08160000,1917526.50000000,156524.83420000,1055,982463.70000000,80213.46718000
2026-07-27T14:00Z,0.08170000,0.08200000,0.07940000,0.07990000,5931658.60000000,477451.97796000,2954,2851974.00000000,229642.45094000
2026-07-27T15:00Z,0.07980000,0.08000000,0.07900000,0.07930000,4310988.20000000,342393.17349000,2427,2583476.90000000,205218.28448000
2026-07-27T16:00Z,0.07920000,0.07970000,0.07900000,0.07960000,1906926.50000000,151450.33787000,1337,872035.50000000,69253.43428000
2026-07-27T17:00Z,0.07960000,0.08010000,0.07960000,0.07980000,2120437.60000000,169324.69978000,656,780654.40000000,62345.61894000
2026-07-27T18:00Z,0.07980000,0.08000000,0.07900000,0.07950000,2513542.80000000,199473.09785000,859,1290286.70000000,102410.09816000
2026-07-27T19:00Z,0.07950000,0.07980000,0.07930000,0.07950000,525218.50000000,41758.91837000,401,223057.50000000,17733.92701000
2026-07-27T20:00Z,0.07960000,0.07970000,0.07920000,0.07950000,488455.70000000,38807.37865000,312,359920.40000000,28598.40415000
2026-07-27T21:00Z,0.07950000,0.07960000,0.07890000,0.07900000,1315232.40000000,104198.17399000,612,634602.00000000,50287.24411000
2026-07-27T22:00Z,0.07900000,0.07900000,0.07680000,0.07700000,4378798.40000000,340140.45494000,1964,1684632.70000000,130875.07962000
2026-07-27T23:00Z,0.07690000,0.07750000,0.07650000,0.07710000,2309572.00000000,178158.33245000,1232,1250794.10000000,96535.29634000
2026-07-28T00:00Z,0.07710000,0.07780000,0.07710000,0.07730000,1103068.80000000,85379.26240000,832,533246.50000000,41254.82640000
2026-07-28T01:00Z,0.07740000,0.07750000,0.07680000,0.07730000,2111345.60000000,162883.92010000,1127,1026084.30000000,79175.99763000
2026-07-28T02:00Z,0.07720000,0.07780000,0.07710000,0.07770000,579410.20000000,44885.15223000,354,299579.40000000,23207.14435000
2026-07-28T03:00Z,0.07780000,0.07790000,0.07750000,0.07770000,1182617.50000000,91900.90703000,466,622957.90000000,48442.24393000
2026-07-28T04:00Z,0.07770000,0.07780000,0.07730000,0.07760000,705803.30000000,54778.62739000,403,465790.70000000,36161.65169000
2026-07-28T05:00Z,0.07770000,0.07800000,0.07760000,0.07770000,455931.60000000,35484.31436000,235,195632.20000000,15233.23061000
2026-07-28T06:00Z,0.07770000,0.07820000,0.07760000,0.07810000,1367368.30000000,106558.96233000,625,617209.60000000,48081.22971000
2026-07-28T07:00Z,0.07810000,0.07820000,0.07770000,0.07800000,671462.80000000,52410.71720000,306,315345.10000000,24623.89606000
2026-07-28T08:00Z,0.07790000,0.07800000,0.07750000,0.07770000,687802.70000000,53468.40327000,323,235828.50000000,18336.99197000
2026-07-28T09:00Z,0.07770000,0.07780000,0.07740000,0.07760000,975185.70000000,75634.20378000,430,454218.60000000,35231.52254000
2026-07-28T10:00Z,0.07760000,0.07780000,0.07750000,0.07760000,885708.70000000,68760.65696000,322,418987.10000000,32544.48011000
2026-07-28T11:00Z,0.07770000,0.07800000,0.07740000,0.07770000,1276780.50000000,99182.13143000,639,679082.20000000,52746.32606000
2026-07-28T12:00Z,0.07760000,0.07890000,0.07760000,0.07840000,2266308.20000000,177154.93765000,1005,909171.40000000,71124.34533000
2026-07-28T13:00Z,0.07840000,0.07860000,0.07720000,0.07780000,1654489.50000000,128846.62112000,868,715224.00000000,55677.90034000
2026-07-28T14:00Z,0.07790000,0.07870000,0.07770000,0.07830000,1946133.90000000,152253.15503000,792,872093.50000000,68224.11466000
2026-07-28T15:00Z,0.07830000,0.07980000,0.07830000,0.07940000,3697259.70000000,292558.62821000,1156,1614165.70000000,127704.22515000
2026-07-28T16:00Z,0.07940000,0.07960000,0.07880000,0.07900000,1417374.20000000,112133.01636000,533,558332.30000000,44222.23175000
2026-07-28T17:00Z,0.07890000,0.07900000,0.07840000,0.07880000,639641.20000000,50347.44866000,446,200206.40000000,15769.59837000
2026-07-28T18:00Z,0.07880000,0.07910000,0.07820000,0.07830000,1203424.60000000,94651.72955000,505,502360.70000000,39535.41316000
2026-07-28T19:00Z,0.07840000,0.07850000,0.07800000,0.07830000,1440356.40000000,112776.76914000,476,648457.50000000,50773.27653000
2026-07-28T20:00Z,0.07830000,0.07840000,0.07800000,0.07820000,1272108.40000000,99522.78001000,695,659851.60000000,51627.47849000
2026-07-28T21:00Z,0.07830000,0.07920000,0.07830000,0.07910000,1319950.60000000,104000.11254000,627,750229.60000000,59129.94546000
2026-07-28T22:00Z,0.07900000,0.07950000,0.07870000,0.07870000,3221012.10000000,254970.51486000,1119,1175742.70000000,93111.71555000
2026-07-28T23:00Z,0.07870000,0.07930000,0.07860000,0.07900000,2531482.70000000,199739.99024000,677,1097193.60000000,86571.45167000
2026-07-29T00:00Z,0.07910000,0.07950000,0.07890000,0.07900000,2224667.10000000,176239.14158000,599,1353384.20000000,107189.63088000
2026-07-29T01:00Z,0.07900000,0.07920000,0.07830000,0.07840000,961987.40000000,75585.20919000,461,703703.40000000,55289.57884000
2026-07-29T02:00Z,0.07840000,0.07870000,0.07820000,0.07840000,1032018.10000000,80976.03695000,498,454353.40000000,35654.02599000
2026-07-29T03:00Z,0.07850000,0.07850000,0.07720000,0.07730000,1898767.30000000,147423.82850000,676,366807.00000000,28532.66531000
2026-07-29T04:00Z,0.07730000,0.07780000,0.07680000,0.07770000,2319971.40000000,179111.71904000,943,1012950.90000000,78280.23400000
2026-07-29T05:00Z,0.07760000,0.07800000,0.07760000,0.07780000,620668.40000000,48321.03360000,257,325032.80000000,25310.81420000
2026-07-29T06:00Z,0.07780000,0.07840000,0.07770000,0.07810000,1645769.40000000,128505.22527000,491,835765.60000000,65291.51464000
2026-07-29T07:00Z,0.07820000,0.07870000,0.07810000,0.07870000,1083751.80000000,84842.65769000,508,440545.80000000,34496.17186000
2026-07-29T08:00Z,0.07860000,0.07880000,0.07790000,0.07830000,1098457.20000000,85980.61684000,831,454157.20000000,35544.83842000
2026-07-29T09:00Z,0.07820000,0.07860000,0.07820000,0.07840000,826780.00000000,64856.25525000,515,362874.40000000,28469.20794000
2026-07-29T10:00Z,0.07840000,0.07850000,0.07780000,0.07790000,807651.20000000,63103.93175000,487,371404.40000000,29039.08943000
2026-07-29T11:00Z,0.07790000,0.07840000,0.07790000,0.07830000,1779342.20000000,139226.70623000,492,785569.70000000,61476.93352000
2026-07-29T12:00Z,0.07830000,0.07840000,0.07790000,0.07810000,1272390.20000000,99296.91238000,514,636502.70000000,49677.77803000
2026-07-29T13:00Z,0.07810000,0.07840000,0.07780000,0.07830000,1119133.20000000,87476.26214000,524,584013.80000000,45647.72583000
2026-07-29T14:00Z,0.07830000,0.07840000,0.07770000,0.07790000,1469831.70000000,114742.30843000,659,822151.80000000,64214.17519000
2026-07-29T15:00Z,0.07780000,0.07850000,0.07770000,0.07800000,2010163.80000000,156923.05282000,828,983133.40000000,76791.00703000
2026-07-29T16:00Z,0.07790000,0.07820000,0.07770000,0.07770000,2520559.00000000,196454.67791000,1367,882670.90000000,68812.19509000
2026-07-29T17:00Z,0.07770000,0.07880000,0.07770000,0.07880000,1180089.00000000,92135.39433000,751,403960.40000000,31555.94089000
2026-07-29T18:00Z,0.07890000,0.07960000,0.07810000,0.07900000,4417184.00000000,348520.32859000,2646,2270223.40000000,179088.81255000
2026-07-29T19:00Z,0.07910000,0.07920000,0.07770000,0.07800000,2403101.60000000,188070.07468000,1358,1307020.80000000,102315.78003000
2026-07-29T20:00Z,0.07800000,0.07820000,0.07730000,0.07760000,2419931.40000000,188061.44139000,1037,1090645.00000000,84792.02024000
2026-07-29T21:00Z,0.07760000,0.07820000,0.07700000,0.07820000,2373869.70000000,183856.12667000,719,952680.00000000,73848.01856000
2026-07-29T22:00Z,0.07810000,0.07920000,0.07810000,0.07910000,2216663.70000000,174483.39319000,870,1119007.20000000,88176.97901000
2026-07-29T23:00Z,0.07910000,0.07920000,0.07860000,0.07910000,1495076.50000000,118133.76702000,641,595696.60000000,47073.14460000
2026-07-30T00:00Z,0.07920000,0.07940000,0.07870000,0.07890000,1550734.20000000,122545.27538000,601,769829.50000000,60840.69209000
2026-07-30T01:00Z,0.07900000,0.08000000,0.07900000,0.07980000,1370036.00000000,108881.24374000,561,918536.30000000,73023.40724000
2026-07-30T02:00Z,0.07980000,0.08020000,0.07910000,0.07920000,2192296.50000000,174603.87601000,830,797909.90000000,63536.16740000
2026-07-30T03:00Z,0.07910000,0.07940000,0.07900000,0.07920000,471320.10000000,37320.47542000,291,222232.10000000,17604.13980000
2026-07-30T04:00Z,0.07920000,0.07930000,0.07890000,0.07900000,625952.40000000,49502.92222000,275,362489.80000000,28674.38421000
2026-07-30T05:00Z,0.07910000,0.07920000,0.07890000,0.07900000,765725.30000000,60533.63127000,359,323407.50000000,25578.08286000
2026-07-30T06:00Z,0.07900000,0.07910000,0.07870000,0.07880000,1247718.60000000,98397.17088000,388,665587.30000000,52500.43931000
2026-07-30T07:00Z,0.07880000,0.07920000,0.07870000,0.07890000,872309.50000000,68882.15306000,455,545229.10000000,43049.86997000
2026-07-30T08:00Z,0.07890000,0.07940000,0.07880000,0.07920000,811373.80000000,64119.01095000,336,255370.30000000,20207.27589000
2026-07-30T09:00Z,0.07920000,0.07940000,0.07910000,0.07920000,1338738.50000000,106113.55743000,431,563474.70000000,44669.16029000
2026-07-30T10:00Z,0.07920000,0.07950000,0.07810000,0.07830000,1698083.80000000,133724.04208000,673,781389.60000000,61457.35127000
2026-07-30T11:00Z,0.07830000,0.07850000,0.07800000,0.07830000,1913451.00000000,149786.76308000,579,685833.40000000,53758.62624000
2026-07-30T12:00Z,0.07830000,0.07840000,0.07790000,0.07810000,1623365.80000000,126810.75095000,621,759231.70000000,59287.15988000
2026-07-30T13:00Z,0.07800000,0.07850000,0.07780000,0.07840000,1375603.20000000,107540.46435000,558,877392.50000000,68595.91873000
2026-07-30T14:00Z,0.07840000,0.07870000,0.07810000,0.07820000,2233295.50000000,175184.59845000,824,1003421.60000000,78716.40089000
2026-07-30T15:00Z,0.07810000,0.07840000,0.07790000,0.07820000,1358476.50000000,106184.72972000,496,572722.90000000,44766.79317000
2026-07-30T16:00Z,0.07820000,0.07840000,0.07770000,0.07810000,2123205.50000000,165653.77794000,745,918735.80000000,71652.24547000
2026-07-30T17:00Z,0.07800000,0.07870000,0.07780000,0.07840000,1551999.20000000,121484.23322000,599,764128.60000000,59803.36405000
2026-07-30T18:00Z,0.07830000,0.07840000,0.07790000,0.07810000,661356.70000000,51666.69387000,313,313365.40000000,24482.56984000
2026-07-30T19:00Z,0.07800000,0.07870000,0.07800000,0.07820000,2211585.40000000,173456.89076000,615,1077460.40000000,84541.08722000
2026-07-30T20:00Z,0.07820000,0.07850000,0.07790000,0.07810000,1269227.20000000,99244.98583000,492,595343.60000000,46572.42252000
2026-07-30T21:00Z,0.07810000,0.07830000,0.07780000,0.07810000,1136923.20000000,88652.07925000,357,342796.60000000,26730.68882000
2026-07-30T22:00Z,0.07800000,0.07830000,0.07790000,0.07820000,1209374.20000000,94428.95692000,399,539926.60000000,42158.87801000
2026-07-30T23:00Z,0.07820000,0.07820000,0.07740000,0.07740000,1822432.80000000,141884.33537000,663,642355.00000000,50006.47889000
2026-07-31T00:00Z,0.07750000,0.07770000,0.07710000,0.07750000,2377238.00000000,184104.82184000,790,1267798.40000000,98136.24346000
2026-07-31T01:00Z,0.07760000,0.07820000,0.07720000,0.07740000,2206836.40000000,171866.13368000,782,1284517.60000000,100115.82384000
2026-07-31T02:00Z,0.07740000,0.07750000,0.07700000,0.07720000,1324559.40000000,102223.83354000,471,739025.10000000,57072.77076000
2026-07-31T03:00Z,0.07720000,0.07790000,0.07710000,0.07770000,897811.90000000,69558.94544000,377,381358.20000000,29532.57021000
2026-07-31T04:00Z,0.07760000,0.07770000,0.07740000,0.07760000,606619.30000000,47044.65722000,238,337580.40000000,26186.02485000
2026-07-31T05:00Z,0.07760000,0.07780000,0.07720000,0.07730000,844072.30000000,65366.45884000,273,389589.10000000,30176.96292000
2026-07-31T06:00Z,0.07740000,0.07740000,0.07670000,0.07680000,1805253.20000000,139219.92893000,668,918529.80000000,70873.37329000
2026-07-31T07:00Z,0.07680000,0.07720000,0.07650000,0.07700000,1782120.60000000,136784.56347000,666,708945.40000000,54451.24697000
2026-07-31T08:00Z,0.07710000,0.07720000,0.07680000,0.07690000,622543.70000000,47964.42375000,277,266854.60000000,20559.49399000
2026-07-31T09:00Z,0.07700000,0.07700000,0.07610000,0.07610000,2803726.60000000,214121.36849000,799,839440.60000000,64094.62600000
2026-07-31T10:00Z,0.07610000,0.07640000,0.07590000,0.07620000,1184753.80000000,90204.18455000,601,602211.10000000,45868.18789000
2026-07-31T11:00Z,0.07620000,0.07640000,0.07600000,0.07600000,1643309.90000000,125222.02059000,443,1133048.90000000,86334.19339000
2026-07-31T12:00Z,0.07600000,0.07650000,0.07560000,0.07650000,2445410.90000000,185627.91637000,913,927727.40000000,70441.58169000
2026-07-31T13:00Z,0.07640000,0.07680000,0.07610000,0.07630000,1252552.50000000,95781.99983000,437,675817.70000000,51656.73703000
2026-07-31T14:00Z,0.07640000,0.07750000,0.07570000,0.07730000,2825417.10000000,216406.87092000,1258,1866093.60000000,142934.71893000
2026-07-31T15:00Z,0.07720000,0.07750000,0.07700000,0.07710000,1673248.70000000,129188.77651000,605,860115.50000000,66430.81843000
2026-07-31T16:00Z,0.07710000,0.07740000,0.07690000,0.07710000,1154278.00000000,89040.96661000,430,376936.00000000,29083.41619000
2026-07-31T17:00Z,0.07710000,0.07770000,0.07700000,0.07750000,2550757.20000000,197338.95995000,1215,1141406.00000000,88334.43695000
2026-07-31T18:00Z,0.07750000,0.07760000,0.07720000,0.07740000,420382.20000000,32520.74555000,292,124795.00000000,9660.35654000
2026-07-31T19:00Z,0.07740000,0.07740000,0.07690000,0.07710000,450703.60000000,34769.56594000,248,185080.50000000,14269.06216000
2026-07-31T20:00Z,0.07710000,0.07740000,0.07700000,0.07710000,661719.60000000,51100.37714000,325,255910.50000000,19772.18097000
2026-07-31T21:00Z,0.07720000,0.07740000,0.07700000,0.07720000,684645.20000000,52891.61372000,468,268872.10000000,20767.39113000
2026-07-31T22:00Z,0.07720000,0.07750000,0.07710000,0.07720000,599957.50000000,46383.67758000,300,370241.70000000,28622.07380000
2026-07-31T23:00Z,0.07730000,0.07840000,0.07720000,0.07830000,1515198.70000000,118256.48296000,877,828017.80000000,64584.73088000
2026-08-01T00:00Z,0.07840000,0.07900000,0.07810000,0.07840000,2728763.40000000,214415.17853000,1023,1750783.50000000,137639.42698000
2026-08-01T01:00Z,0.07850000,0.07880000,0.07840000,0.07840000,1934892.20000000,152042.56155000,509,749852.40000000,58928.17621000
2026-08-01T02:00Z,0.07850000,0.07870000,0.07840000,0.07840000,473659.80000000,37168.54023000,240,233024.00000000,18285.86160000
2026-08-01T03:00Z,0.07840000,0.07860000,0.07810000,0.07830000,1045731.20000000,81857.95554000,210,426479.90000000,33376.18048000
2026-08-01T04:00Z,0.07830000,0.07850000,0.07820000,0.07840000,1218202.90000000,95513.86646000,424,817808.20000000,64121.10033000
2026-08-01T05:00Z,0.07850000,0.07850000,0.07790000,0.07790000,1324609.60000000,103534.34799000,505,954282.50000000,74599.68020000
2026-08-01T06:00Z,0.07790000,0.07810000,0.07770000,0.07800000,647407.80000000,50456.04873000,259,217278.40000000,16939.19067000
2026-08-01T07:00Z,0.07800000,0.07810000,0.07790000,0.07790000,424996.40000000,33142.73050000,169,244676.40000000,19086.37447000
2026-08-01T08:00Z,0.07800000,0.07810000,0.07780000,0.07800000,1248776.30000000,97342.89305000,329,373182.30000000,29108.76843000
2026-08-01T09:00Z,0.07800000,0.07830000,0.07780000,0.07820000,1075450.50000000,83934.07331000,332,572229.30000000,44643.30939000
2026-08-01T10:00Z,0.07820000,0.07830000,0.07790000,0.07810000,1078299.20000000,84295.90264000,339,488362.20000000,38194.98610000
2026-08-01T11:00Z,0.07800000,0.07840000,0.07800000,0.07840000,369070.50000000,28857.35614000,134,185039.00000000,14481.16007000
2026-08-01T12:00Z,0.07840000,0.07880000,0.07840000,0.07860000,732028.00000000,57529.61483000,385,304511.60000000,23926.84063000
2026-08-01T13:00Z,0.07860000,0.07890000,0.07820000,0.07850000,1070388.10000000,84087.43762000,402,547195.50000000,42996.71237000
2026-08-01T14:00Z,0.07850000,0.07850000,0.07790000,0.07830000,1134167.80000000,88712.36031000,605,531106.20000000,41574.96348000
2026-08-01T15:00Z,0.07840000,0.07850000,0.07820000,0.07830000,1096837.00000000,85979.59488000,296,801008.20000000,62810.18769000
2026-08-01T16:00Z,0.07830000,0.07860000,0.07820000,0.07830000,595807.80000000,46733.48063000,197,255587.70000000,20046.31425000
2026-08-01T17:00Z,0.07830000,0.07850000,0.07790000,0.07810000,1226022.30000000,95862.14168000,533,659437.30000000,51599.60650000
2026-08-01T18:00Z,0.07810000,0.07830000,0.07700000,0.07810000,3141994.70000000,243446.90767000,1202,1792659.90000000,138931.10811000
2026-08-01T19:00Z,0.07800000,0.07900000,0.07800000,0.07850000,3940487.40000000,309357.23961000,1257,1802604.70000000,141530.47139000
2026-08-01T20:00Z,0.07850000,0.07870000,0.07830000,0.07850000,660218.30000000,51825.83254000,460,342127.30000000,26854.57981000
2026-08-01T21:00Z,0.07860000,0.07960000,0.07840000,0.07950000,1675301.20000000,132067.75997000,722,829496.80000000,65373.08545000
2026-08-01T22:00Z,0.07940000,0.07980000,0.07890000,0.07900000,2342306.90000000,185741.37234000,872,1371657.10000000,108755.14842000
2026-08-01T23:00Z,0.07890000,0.07910000,0.07870000,0.07890000,1137014.80000000,89688.83728000,462,641100.40000000,50582.43816000
2026-08-02T00:00Z,0.07890000,0.07950000,0.07890000,0.07930000,4075048.50000000,322811.83977000,1181,2520261.00000000,199622.34381000
2026-08-02T01:00Z,0.07930000,0.07980000,0.07930000,0.07960000,646165.80000000,51403.96207000,398,389793.10000000,31015.21391000
2026-08-02T02:00Z,0.07960000,0.08060000,0.07960000,0.08050000,1703068.90000000,136773.48331000,854,750650.90000000,60265.54941000
2026-08-02T03:00Z,0.08040000,0.08080000,0.08020000,0.08080000,1599291.70000000,128629.03007000,832,613280.30000000,49400.18281000
2026-08-02T04:00Z,0.08080000,0.08130000,0.08070000,0.08110000,2238715.00000000,181468.87147000,860,1105384.00000000,89579.96848000
2026-08-02T05:00Z,0.08110000,0.08220000,0.08070000,0.08180000,4470869.90000000,364554.89125000,1617,2141069.10000000,174689.39528000
2026-08-02T06:00Z,0.08190000,0.08230000,0.08150000,0.08160000,2500629.00000000,204423.55417000,1486,1257977.40000000,102878.84038000
2026-08-02T07:00Z,0.08160000,0.08200000,0.08150000,0.08180000,932739.40000000,76266.01212000,556,559471.30000000,45742.12457000
2026-08-02T08:00Z,0.08190000,0.08220000,0.08160000,0.08190000,1927526.70000000,157811.90400000,909,1012084.60000000,82915.71138000
2026-08-02T09:00Z,0.08190000,0.08230000,0.08170000,0.08190000,1516452.30000000,124381.34747000,493,679895.20000000,55805.04564000
2026-08-02T10:00Z,0.08190000,0.08200000,0.08160000,0.08160000,1162463.40000000,95090.06126000,457,740415.70000000,60560.43977000
2026-08-02T11:00Z,0.08160000,0.08200000,0.08150000,0.08150000,1410332.40000000,115180.26085000,491,797855.10000000,65164.21852000
2026-08-02T12:00Z,0.08150000,0.08190000,0.08150000,0.08180000,844257.10000000,68938.40139000,333,438728.30000000,35826.15685000
2026-08-02T13:00Z,0.08180000,0.08180000,0.08110000,0.08120000,3168229.60000000,257663.83311000,1314,1215612.70000000,98858.26469000
2026-08-02T14:00Z,0.08120000,0.08150000,0.08010000,0.08050000,10488758.60000000,844848.67515000,2446,7585099.50000000,610225.59905000
2026-08-02T15:00Z,0.08050000,0.08070000,0.08020000,0.08070000,3600868.30000000,289890.08479000,1323,1685981.00000000,135849.06754000
2026-08-02T16:00Z,0.08070000,0.08120000,0.08040000,0.08060000,2551532.90000000,206133.50121000,1045,1176536.60000000,95107.54883000
2026-08-02T17:00Z,0.08060000,0.08100000,0.08060000,0.08090000,465508.40000000,37632.14412000,313,231038.40000000,18676.86398000
2026-08-02T18:00Z,0.08100000,0.08170000,0.08100000,0.08140000,2418939.70000000,196828.02866000,955,1254514.60000000,102075.30044000
2026-08-02T19:00Z,0.08140000,0.08170000,0.08130000,0.08160000,588615.90000000,47942.12603000,451,295457.10000000,24070.69539000
2026-08-02T20:00Z,0.08160000,0.08170000,0.08120000,0.08130000,810928.80000000,66063.82009000,231,470080.00000000,38311.14533000
2026-08-02T21:00Z,0.08130000,0.08190000,0.08120000,0.08170000,1021187.20000000,83264.35530000,435,531904.80000000,43367.95431000
2026-08-02T22:00Z,0.08180000,0.08190000,0.08120000,0.08140000,1326250.20000000,108126.67679000,693,540556.60000000,44080.82581000
2026-08-02T23:00Z,0.08140000,0.08180000,0.08120000,0.08160000,1847979.60000000,150391.91782000,431,883523.40000000,71901.29969000
2026-08-03T00:00Z,0.08170000,0.08180000,0.08110000,0.08120000,1504767.10000000,122707.51907000,922,480283.20000000,39152.26164000
2026-08-03T01:00Z,0.08120000,0.08120000,0.08060000,0.08080000,2444182.00000000,197985.38672000,664,962193.00000000,77931.70641000
2026-08-03T02:00Z,0.08070000,0.08080000,0.08030000,0.08040000,586694.90000000,47256.47563000,235,214786.30000000,17296.85419000
2026-08-03T03:00Z,0.08040000,0.08080000,0.08020000,0.08070000,1609805.50000000,129611.04996000,425,795971.90000000,64128.36968000
2026-08-03T04:00Z,0.08060000,0.08090000,0.08050000,0.08060000,821131.00000000,66293.43016000,390,349161.70000000,28192.49535000
2026-08-03T05:00Z,0.08050000,0.08100000,0.08050000,0.08100000,514907.60000000,41582.38045000,409,245479.90000000,19824.90243000
2026-08-03T06:00Z,0.08100000,0.08100000,0.08030000,0.08050000,935958.20000000,75422.09545000,661,357791.20000000,28839.50932000
2026-08-03T07:00Z,0.08040000,0.08070000,0.08020000,0.08030000,2543347.60000000,204687.18994000,997,1400720.10000000,112758.95065000
2026-08-03T08:00Z,0.08030000,0.08090000,0.07990000,0.08090000,1438186.00000000,115567.35914000,821,887449.50000000,71398.17088000
2026-08-03T09:00Z,0.08090000,0.08130000,0.08060000,0.08110000,2231784.50000000,180521.96794000,982,1256135.20000000,101642.99695000
2026-08-03T10:00Z,0.08110000,0.08130000,0.08030000,0.08050000,712642.30000000,57595.93653000,290,346082.80000000,27973.86562000
2026-08-03T11:00Z,0.08050000,0.08090000,0.08040000,0.08080000,1238895.50000000,99951.26486000,565,513566.90000000,41409.42549000
2026-08-03T12:00Z,0.08080000,0.08150000,0.08070000,0.08130000,1819248.90000000,147632.20343000,604,826984.80000000,67089.66950000
2026-08-03T13:00Z,0.08130000,0.08150000,0.08040000,0.08150000,1958814.00000000,158522.45596000,833,871726.70000000,70544.40140000
2026-08-03T14:00Z,0.08150000,0.08200000,0.08110000,0.08140000,2903999.00000000,236739.80759000,1723,1429637.70000000,116532.93887000
2026-08-03T15:00Z,0.08140000,0.08150000,0.08110000,0.08130000,1142410.70000000,92840.93898000,569,693900.90000000,56403.69329000
2026-08-03T16:00Z,0.08120000,0.08210000,0.08120000,0.08180000,1793381.60000000,146372.17667000,711,910449.10000000,74368.18755000
2026-08-03T17:00Z,0.08180000,0.08210000,0.08170000,0.08190000,1222335.10000000,100078.50649000,488,755982.10000000,61909.92963000
2026-08-03T18:00Z,0.08180000,0.08200000,0.08140000,0.08160000,2333977.00000000,190635.72859000,692,1129324.70000000,92255.71376000
2026-08-03T19:00Z,0.08170000,0.08240000,0.08160000,0.08230000,945470.50000000,77539.93797000,490,468415.50000000,38419.44702000
2026-08-03T20:00Z,0.08240000,0.08290000,0.08210000,0.08240000,1646723.30000000,135926.53618000,932,827377.20000000,68298.88656000
2026-08-03T21:00Z,0.08240000,0.08300000,0.08230000,0.08270000,715702.00000000,59202.33036000,316,448621.40000000,37122.06744000
2026-08-03T22:00Z,0.08270000,0.08270000,0.08210000,0.08240000,716091.40000000,58950.72273000,350,299781.90000000,24681.18752000
2026-08-03T23:00Z,0.08240000,0.08280000,0.08210000,0.08270000,527418.30000000,43429.30154000,420,163602.20000000,13473.22515000
2026-08-04T00:00Z,0.08270000,0.08320000,0.08180000,0.08200000,1119750.80000000,92417.14986000,607,508121.70000000,41928.99626000
2026-08-04T01:00Z,0.08200000,0.08370000,0.08200000,0.08370000,2854831.40000000,237527.46432000,1144,1785243.00000000,148500.95811000
2026-08-04T02:00Z,0.08360000,0.08410000,0.08330000,0.08390000,2073330.70000000,173722.58368000,1146,1112782.80000000,93273.04341000
2026-08-04T03:00Z,0.08390000,0.08400000,0.08310000,0.08310000,2499452.50000000,208902.21153000,1161,953557.00000000,79686.45884000
2026-08-04T04:00Z,0.08310000,0.08360000,0.08300000,0.08330000,873340.80000000,72767.23913000,416,556536.10000000,46381.95260000
2026-08-04T05:00Z,0.08330000,0.08340000,0.08300000,0.08320000,745580.10000000,62027.42934000,305,427583.60000000,35575.54120000
2026-08-04T06:00Z,0.08320000,0.08340000,0.08260000,0.08270000,1566198.60000000,129944.30460000,545,716157.70000000,59516.04964000
2026-08-04T07:00Z,0.08280000,0.08280000,0.08240000,0.08270000,1052484.80000000,86907.66234000,376,531216.50000000,43879.23494000
2026-08-04T08:00Z,0.08270000,0.08280000,0.08220000,0.08240000,681395.40000000,56251.71241000,287,340957.30000000,28153.10411000
2026-08-04T09:00Z,0.08240000,0.08260000,0.08220000,0.08250000,682193.90000000,56223.27719000,249,416696.50000000,34346.16989000
2026-08-04T10:00Z,0.08250000,0.08250000,0.08190000,0.08220000,915898.30000000,75337.04996000,380,531900.30000000,43752.01344000
2026-08-04T11:00Z,0.08220000,0.08240000,0.08190000,0.08230000,901705.60000000,74032.65432000,431,370319.40000000,30402.32064000
2026-08-04T12:00Z,0.08230000,0.08230000,0.08190000,0.08190000,618701.10000000,50776.00257000,320,368793.70000000,30270.60008000
2026-08-04T13:00Z,0.08200000,0.08210000,0.08120000,0.08150000,5440805.60000000,444210.21751000,2062,2901630.50000000,236888.42541000
2026-08-04T14:00Z,0.08150000,0.08200000,0.08100000,0.08170000,1945265.20000000,158531.54736000,1373,1208174.90000000,98476.63124000
2026-08-04T15:00Z,0.08170000,0.08200000,0.08130000,0.08180000,1195264.50000000,97533.36606000,667,601329.70000000,49071.26699000
2026-08-04T16:00Z,0.08170000,0.08180000,0.08120000,0.08130000,1521353.60000000,124005.45894000,556,934553.70000000,76193.56185000
2026-08-04T17:00Z,0.08130000,0.08200000,0.08130000,0.08150000,888401.80000000,72546.85002000,410,447682.10000000,36551.21583000
2026-08-04T18:00Z,0.08140000,0.08210000,0.08140000,0.08200000,1119733.90000000,91684.95545000,403,425048.20000000,34800.38633000
2026-08-04T19:00Z,0.08200000,0.08220000,0.08190000,0.08190000,1138299.20000000,93419.01149000,490,606333.40000000,49755.90990000
2026-08-04T20:00Z,0.08190000,0.08260000,0.08170000,0.08250000,1927105.50000000,158044.40348000,918,633614.10000000,52039.20196000
2026-08-04T21:00Z,0.08250000,0.08260000,0.08230000,0.08240000,520632.80000000,42919.49114000,311,259341.80000000,21379.37090000
2026-08-04T22:00Z,0.08240000,0.08250000,0.08220000,0.08240000,637034.00000000,52470.91820000,275,421045.70000000,34684.86513000
2026-08-04T23:00Z,0.08230000,0.08240000,0.08190000,0.08190000,713642.10000000,58618.08400000,466,253646.00000000,20843.24479000
2026-08-05T00:00Z,0.08180000,0.08200000,0.08080000,0.08090000,2277495.30000000,185219.94503000,908,854377.30000000,69511.40297000
2026-08-05T01:00Z,0.08080000,0.08130000,0.08080000,0.08120000,350796.20000000,28440.34848000,152,235729.20000000,19111.10723000
2026-08-05T02:00Z,0.08120000,0.08160000,0.08120000,0.08150000,779143.90000000,63437.59465000,357,457953.40000000,37280.25068000
2026-08-05T03:00Z,0.08140000,0.08140000,0.08050000,0.08060000,1702079.80000000,137749.38930000,627,709264.30000000,57457.18403000
2026-08-05T04:00Z,0.08060000,0.08080000,0.08040000,0.08060000,1699439.70000000,137023.95726000,513,947618.60000000,76415.03431000
2026-08-05T05:00Z,0.08050000,0.08110000,0.08050000,0.08090000,861969.10000000,69626.92185000,270,423404.70000000,34200.64244000
2026-08-05T06:00Z,0.08080000,0.08090000,0.08050000,0.08060000,1048473.70000000,84689.55704000,367,619254.40000000,50014.39921000
2026-08-05T07:00Z,0.08060000,0.08100000,0.08050000,0.08100000,689504.00000000,55729.72493000,348,349387.90000000,28236.27099000
2026-08-05T08:00Z,0.08110000,0.08140000,0.08080000,0.08090000,839292.90000000,68052.73465000,337,406865.40000000,32988.65944000
2026-08-05T09:00Z,0.08080000,0.08150000,0.08080000,0.08110000,1525068.50000000,123731.90496000,545,750628.10000000,60938.13773000
2026-08-05T10:00Z,0.08110000,0.08130000,0.08100000,0.08120000,715863.80000000,58065.76990000,284,346706.50000000,28116.90451000
2026-08-05T11:00Z,0.08120000,0.08130000,0.08090000,0.08110000,605593.50000000,49094.93198000,302,258334.00000000,20942.69082000
2026-08-05T12:00Z,0.08100000,0.08170000,0.08100000,0.08110000,728569.00000000,59279.97228000,342,411695.60000000,33502.36742000
2026-08-05T13:00Z,0.08120000,0.08130000,0.08010000,0.08080000,2239225.40000000,180651.03472000,891,1051724.20000000,84920.61670000
2026-08-05T14:00Z,0.08090000,0.08120000,0.08070000,0.08080000,2223013.90000000,179923.08958000,760,1394920.40000000,112890.00424000
2026-08-05T15:00Z,0.08080000,0.08130000,0.08060000,0.08070000,1335054.40000000,108090.07575000,422,771650.50000000,62498.23384000
2026-08-05T16:00Z,0.08060000,0.08140000,0.08060000,0.08120000,651138.20000000,52776.65807000,346,364891.00000000,29548.46382000
2026-08-05T17:00Z,0.08130000,0.08150000,0.08100000,0.08120000,1425164.90000000,115843.78304000,551,855198.20000000,69520.64294000
2026-08-05T18:00Z,0.08130000,0.08140000,0.08100000,0.08110000,908805.40000000,73796.61668000,392,462615.90000000,37574.37699000
2026-08-05T19:00Z,0.08110000,0.08120000,0.08060000,0.08070000,968948.80000000,78404.58149000,314,515867.10000000,41754.17833000
2026-08-05T20:00Z,0.08070000,0.08100000,0.08050000,0.08080000,607446.00000000,49062.31419000,325,386048.40000000,31183.03431000
2026-08-05T21:00Z,0.08080000,0.08080000,0.08040000,0.08060000,567800.50000000,45764.90004000,238,293960.60000000,23691.67914000
2026-08-05T22:00Z,0.08060000,0.08080000,0.08050000,0.08050000,634035.00000000,51146.79540000,293,278505.50000000,22474.52825000
2026-08-05T23:00Z,0.08050000,0.08070000,0.08040000,0.08040000,950842.20000000,76594.07171000,423,364632.90000000,29391.15638000
2026-08-06T00:00Z,0.08050000,0.08080000,0.08040000,0.08070000,1117123.90000000,90078.30692000,579,491798.60000000,39655.25148000
2026-08-06T01:00Z,0.08060000,0.08070000,0.07960000,0.07970000,3258997.70000000,261483.30151000,1406,1087401.90000000,87190.71007000
2026-08-06T02:00Z,0.07980000,0.07990000,0.07950000,0.07990000,938314.80000000,74803.38435000,410,404710.90000000,32266.12193000
2026-08-06T03:00Z,0.07980000,0.07990000,0.07950000,0.07960000,929712.40000000,74089.42020000,237,513844.60000000,40968.52538000
2026-08-06T04:00Z,0.07960000,0.08010000,0.07950000,0.08000000,1070047.90000000,85463.47722000,369,589625.10000000,47102.64684000
2026-08-06T05:00Z,0.08000000,0.08040000,0.07990000,0.08000000,878277.20000000,70372.20739000,346,398163.40000000,31900.41587000
2026-08-06T06:00Z,0.08010000,0.08010000,0.07990000,0.08000000,892718.40000000,71438.01965000,250,348452.50000000,27893.06858000
2026-08-06T07:00Z,0.07990000,0.08040000,0.07980000,0.08000000,979855.40000000,78481.26948000,465,652199.90000000,52251.64651000
2026-08-06T08:00Z,0.08000000,0.08020000,0.07980000,0.08010000,879925.90000000,70384.74359000,384,472708.70000000,37823.12495000
2026-08-06T09:00Z,0.08010000,0.08010000,0.07710000,0.07830000,11154181.40000000,870938.97148000,3961,5184391.20000000,404167.96266000
2026-08-06T10:00Z,0.07830000,0.07830000,0.07740000,0.07750000,2269910.90000000,176638.17482000,1002,1044748.20000000,81378.82324000
2026-08-06T11:00Z,0.07750000,0.07800000,0.07720000,0.07800000,1509522.10000000,117295.02203000,605,877797.80000000,68258.35293000
2026-08-06T12:00Z,0.07800000,0.07800000,0.07740000,0.07760000,1499204.40000000,116427.81332000,617,731718.10000000,56853.77297000
2026-08-06T13:00Z,0.07760000,0.07830000,0.07740000,0.07820000,1549098.90000000,120532.82263000,790,830369.90000000,64650.39813000
2026-08-06T14:00Z,0.07810000,0.07880000,0.07810000,0.07860000,1654126.40000000,129662.77544000,779,592302.30000000,46488.09347000
2026-08-06T15:00Z,0.07860000,0.07910000,0.07840000,0.07870000,1506233.60000000,118698.85554000,599,531510.70000000,41906.72490000
2026-08-06T16:00Z,0.07870000,0.07900000,0.07840000,0.07880000,1307255.50000000,102839.28386000,665,593281.50000000,46649.91623000
2026-08-06T17:00Z,0.07890000,0.07910000,0.07890000,0.07910000,1540591.00000000,121678.05367000,424,857746.70000000,67765.60168000
2026-08-06T18:00Z,0.07910000,0.07940000,0.07880000,0.07910000,1028807.00000000,81374.08770000,344,364472.00000000,28839.51649000
2026-08-06T19:00Z,0.07920000,0.07940000,0.07860000,0.07880000,1019536.70000000,80584.19046000,361,513504.00000000,40578.16080000
2026-08-06T20:00Z,0.07870000,0.07910000,0.07860000,0.07870000,542204.10000000,42749.86869000,203,372933.80000000,29402.93677000
2026-08-06T21:00Z,0.07870000,0.07910000,0.07870000,0.07900000,497027.40000000,39149.52991000,181,330832.30000000,26060.60646000
2026-08-06T22:00Z,0.07900000,0.07910000,0.07820000,0.07830000,737459.40000000,57890.43139000,360,327989.70000000,25759.91342000
2026-08-06T23:00Z,0.07830000,0.07850000,0.07820000,0.07840000,348721.40000000,27310.57557000,112,156802.20000000,12279.59812000
2026-08-07T00:00Z,0.07840000,0.07840000,0.07800000,0.07810000,533487.30000000,41704.61617000,274,211823.50000000,16563.15082000
2026-08-07T01:00Z,0.07820000,0.07840000,0.07810000,0.07810000,660777.10000000,51680.68164000,241,211769.10000000,16567.33732000
2026-08-07T02:00Z,0.07820000,0.07830000,0.07780000,0.07830000,885013.20000000,69125.91460000,393,595915.90000000,46561.10328000
2026-08-07T03:00Z,0.07830000,0.07850000,0.07790000,0.07800000,740744.10000000,57961.28469000,348,359451.10000000,28116.56623000
2026-08-07T04:00Z,0.07790000,0.07820000,0.07760000,0.07770000,1594091.70000000,124172.22535000,894,916636.30000000,71409.04055000
2026-08-07T05:00Z,0.07770000,0.07800000,0.07740000,0.07790000,1431628.40000000,111229.52517000,668,896655.30000000,69692.78771000
2026-08-07T06:00Z,0.07790000,0.07820000,0.07770000,0.07800000,1582678.20000000,123480.84061000,542,531569.30000000,41447.84384000
2026-08-07T07:00Z,0.07800000,0.07820000,0.07780000,0.07800000,1143955.10000000,89260.97628000,428,640440.00000000,50000.26037000
2026-08-07T08:00Z,0.07800000,0.07810000,0.07760000,0.07770000,942990.00000000,73390.79315000,455,489709.20000000,38114.81553000
2026-08-07T09:00Z,0.07780000,0.07810000,0.07750000,0.07760000,1044946.30000000,81408.39294000,348,508492.70000000,39632.64651000
2026-08-07T10:00Z,0.07760000,0.07800000,0.07760000,0.07780000,764331.40000000,59434.47470000,313,462826.80000000,35988.19109000
2026-08-07T11:00Z,0.07780000,0.07870000,0.07770000,0.07830000,1306561.60000000,102259.22458000,787,824133.30000000,64557.46851000
2026-08-07T12:00Z,0.07820000,0.07900000,0.07800000,0.07800000,1872562.80000000,146980.89590000,1012,954459.30000000,74933.55097000
2026-08-07T13:00Z,0.07810000,0.07820000,0.07760000,0.07800000,1572603.10000000,122504.28581000,542,651500.40000000,50757.74523000
2026-08-07T14:00Z,0.07800000,0.07810000,0.07730000,0.07740000,1392705.60000000,108117.12304000,701,617653.50000000,47990.72484000
2026-08-07T15:00Z,0.07740000,0.07840000,0.07730000,0.07810000,1346779.00000000,105106.62385000,576,728466.00000000,56836.24464000
2026-08-07T16:00Z,0.07810000,0.07840000,0.07800000,0.07800000,1414601.50000000,110723.37503000,526,837531.40000000,65581.39203000
2026-08-07T17:00Z,0.07790000,0.07850000,0.07770000,0.07850000,977540.30000000,76433.94018000,406,587491.10000000,45947.40110000
2026-08-07T18:00Z,0.07850000,0.07870000,0.07800000,0.07810000,1651093.40000000,129242.63646000,474,911892.20000000,71392.73451000
2026-08-07T19:00Z,0.07810000,0.07920000,0.07810000,0.07920000,1320555.90000000,104046.34656000,555,829211.40000000,65314.59824000
2026-08-07T20:00Z,0.07920000,0.07920000,0.07860000,0.07890000,915400.30000000,72257.37384000,435,496517.10000000,39184.74854000
2026-08-07T21:00Z,0.07900000,0.07930000,0.07880000,0.07880000,467789.90000000,36969.59360000,281,223270.60000000,17648.34025000
2026-08-07T22:00Z,0.07890000,0.07940000,0.07870000,0.07890000,671179.20000000,53048.48166000,316,347260.80000000,27458.76505000
2026-08-07T23:00Z,0.07890000,0.07920000,0.07880000,0.07920000,502973.00000000,39723.82456000,282,157945.80000000,12487.44712000
2026-08-08T00:00Z,0.07910000,0.07910000,0.07840000,0.07850000,813680.90000000,64154.12192000,272,95644.80000000,7552.38127000
2026-08-08T01:00Z,0.07850000,0.07860000,0.07820000,0.07830000,592431.80000000,46461.38998000,244,431234.10000000,33823.72591000
2026-08-08T02:00Z,0.07830000,0.07840000,0.07810000,0.07830000,697013.60000000,54523.53224000,145,577778.40000000,45193.79864000
2026-08-08T03:00Z,0.07830000,0.07890000,0.07820000,0.07890000,586758.00000000,46121.87764000,254,357549.30000000,28112.09852000
2026-08-08T04:00Z,0.07890000,0.07910000,0.07870000,0.07890000,742461.80000000,58573.69572000,277,355340.10000000,28048.90217000
2026-08-08T05:00Z,0.07880000,0.07910000,0.07860000,0.07880000,993195.80000000,78338.03346000,357,360383.20000000,28429.46187000
2026-08-08T06:00Z,0.07890000,0.07920000,0.07880000,0.07880000,962523.60000000,76079.87975000,297,484997.90000000,38339.01371000
2026-08-08T07:00Z,0.07890000,0.07890000,0.07860000,0.07880000,539646.80000000,42491.79050000,265,297472.50000000,23430.11966000
2026-08-08T08:00Z,0.07880000,0.07890000,0.07860000,0.07880000,465996.20000000,36693.78233000,177,242928.40000000,19134.46453000
2026-08-08T09:00Z,0.07880000,0.07910000,0.07870000,0.07890000,332015.10000000,26203.89452000,241,187872.10000000,14823.23470000
2026-08-08T10:00Z,0.07890000,0.07970000,0.07890000,0.07960000,1321554.30000000,104750.83061000,575,750257.00000000,59476.98779000
2026-08-08T11:00Z,0.07950000,0.07990000,0.07940000,0.07960000,1196063.70000000,95255.07203000,859,495771.00000000,39484.35489000
2026-08-08T12:00Z,0.07960000,0.07980000,0.07930000,0.07980000,787281.10000000,62618.68002000,450,216958.50000000,17250.84717000
2026-08-08T13:00Z,0.07970000,0.07990000,0.07960000,0.07960000,877032.40000000,69914.31428000,730,284296.40000000,22669.24219000
2026-08-08T14:00Z,0.07960000,0.08000000,0.07940000,0.07970000,2284494.00000000,182052.41478000,1261,872039.50000000,69504.50387000
2026-08-08T15:00Z,0.07970000,0.08000000,0.07960000,0.07970000,574442.30000000,45807.96280000,429,285162.70000000,22738.94293000
2026-08-08T16:00Z,0.07980000,0.08000000,0.07960000,0.07970000,1364274.00000000,108809.03417000,598,530374.40000000,42313.53780000
2026-08-08T17:00Z,0.07970000,0.07980000,0.07930000,0.07940000,619407.90000000,49305.89903000,361,369434.60000000,29417.09671000
2026-08-08T18:00Z,0.07940000,0.07940000,0.07910000,0.07910000,545454.70000000,43205.03999000,286,166872.80000000,13215.50854000
2026-08-08T19:00Z,0.07900000,0.07910000,0.07880000,0.07880000,603431.00000000,47628.39159000,404,257394.20000000,20324.58618000
2026-08-08T20:00Z,0.07880000,0.07900000,0.07870000,0.07890000,573763.60000000,45241.40589000,325,214428.20000000,16908.05652000
2026-08-08T21:00Z,0.07880000,0.07900000,0.07870000,0.07870000,562043.70000000,44311.68344000,307,345353.30000000,27234.87170000
2026-08-08T22:00Z,0.07880000,0.07880000,0.07840000,0.07840000,504188.80000000,39606.20803000,314,225577.20000000,17723.01067000
2026-08-08T23:00Z,0.07830000,0.07840000,0.07790000,0.07830000,1062532.00000000,82955.34958000,488,498193.60000000,38905.25169000
2026-08-09T00:00Z,0.07820000,0.07830000,0.07800000,0.07820000,613887.00000000,47981.03510000,241,314456.30000000,24583.44188000
2026-08-09T01:00Z,0.07830000,0.07840000,0.07790000,0.07810000,1554448.40000000,121520.09979000,595,1099726.30000000,85989.32474000
2026-08-09T02:00Z,0.07810000,0.07850000,0.07810000,0.07810000,1049123.20000000,82117.83448000,498,586534.50000000,45940.83885000
2026-08-09T03:00Z,0.07820000,0.07840000,0.07800000,0.07810000,727123.60000000,56848.93916000,304,448342.50000000,35054.32833000
2026-08-09T04:00Z,0.07810000,0.07840000,0.07800000,0.07800000,504413.60000000,39437.38941000,187,301598.60000000,23582.24635000
2026-08-09T05:00Z,0.07810000,0.07820000,0.07760000,0.07770000,1417224.90000000,110287.33606000,630,737044.80000000,57392.11472000
2026-08-09T06:00Z,0.07770000,0.07820000,0.07760000,0.07810000,542913.50000000,42306.24710000,409,393119.90000000,30632.62401000
2026-08-09T07:00Z,0.07810000,0.07810000,0.07760000,0.07780000,1826749.30000000,142156.07181000,614,1065686.00000000,82957.89951000
2026-08-09T08:00Z,0.07780000,0.07800000,0.07690000,0.07720000,2761299.50000000,213573.84607000,1025,1009269.30000000,78156.51897000
2026-08-09T09:00Z,0.07720000,0.07750000,0.07710000,0.07740000,1907291.30000000,147367.04195000,1124,1220862.70000000,94356.06839000
2026-08-09T10:00Z,0.07750000,0.07770000,0.07730000,0.07770000,721801.30000000,55935.78707000,274,398317.50000000,30883.66947000
2026-08-09T11:00Z,0.07770000,0.07770000,0.07740000,0.07760000,624283.10000000,48398.77111000,367,385434.30000000,29883.89642000
2026-08-09T12:00Z,0.07760000,0.07770000,0.07740000,0.07760000,1002984.10000000,77823.44829000,417,472506.60000000,36679.49961000
2026-08-09T13:00Z,0.07770000,0.07800000,0.07760000,0.07780000,1548536.40000000,120527.59444000,685,994997.30000000,77474.92235000
2026-08-09T14:00Z,0.07780000,0.07820000,0.07760000,0.07810000,1691517.40000000,131568.80383000,589,932340.60000000,72507.21251000
2026-08-09T15:00Z,0.07810000,0.07860000,0.07810000,0.07860000,1901546.30000000,149044.45466000,656,1197223.20000000,93863.74979000
2026-08-09T16:00Z,0.07860000,0.07880000,0.07830000,0.07860000,1278202.70000000,100349.67718000,495,784896.50000000,61623.89057000
2026-08-09T17:00Z,0.07860000,0.07880000,0.07840000,0.07870000,620981.30000000,48797.18135000,292,257288.00000000,20221.74513000
2026-08-09T18:00Z,0.07870000,0.07870000,0.07840000,0.07850000,513737.70000000,40364.91145000,211,204705.50000000,16085.81486000
2026-08-09T19:00Z,0.07850000,0.07890000,0.07830000,0.07880000,954396.00000000,75057.16169000,650,421843.70000000,33163.54973000
2026-08-09T20:00Z,0.07880000,0.07990000,0.07880000,0.07980000,2797968.10000000,222342.96124000,1929,1471791.50000000,116947.21406000
2026-08-09T21:00Z,0.07980000,0.08070000,0.07920000,0.08050000,2663756.20000000,212908.48208000,1345,1417705.60000000,113481.55123000
2026-08-09T22:00Z,0.08060000,0.08070000,0.07870000,0.07890000,2829652.60000000,226012.39520000,1651,1288974.00000000,103001.52399000
2026-08-09T23:00Z,0.07890000,0.07900000,0.07760000,0.07780000,2612230.90000000,204426.70067000,1001,1155111.00000000,90400.43190000
2026-08-10T00:00Z,0.07780000,0.07860000,0.07750000,0.07800000,1620295.40000000,126458.72675000,689,952196.40000000,74409.81065000
2026-08-10T01:00Z,0.07800000,0.07890000,0.07780000,0.07870000,1737131.10000000,135917.85907000,781,762285.00000000,59683.05885000
2026-08-10T02:00Z,0.07870000,0.07910000,0.07820000,0.07900000,1441876.00000000,113436.71658000,732,721542.60000000,56753.93723000
2026-08-10T03:00Z,0.07900000,0.07910000,0.07840000,0.07840000,990813.50000000,78013.55555000,581,394468.80000000,31083.51255000
2026-08-10T04:00Z,0.07840000,0.07880000,0.07840000,0.07860000,781256.50000000,61371.72823000,392,398109.90000000,31284.66931000
2026-08-10T05:00Z,0.07860000,0.07980000,0.07860000,0.07970000,1675923.20000000,133008.93963000,662,998526.60000000,79270.39468000
2026-08-10T06:00Z,0.07960000,0.08010000,0.07940000,0.07970000,4057647.60000000,323398.79166000,2145,2155055.30000000,171788.46315000
2026-08-10T07:00Z,0.07980000,0.08050000,0.07960000,0.08030000,3227163.50000000,258832.04522000,1369,1981319.50000000,158936.91025000
2026-08-10T08:00Z,0.08030000,0.08050000,0.07960000,0.08000000,2127514.80000000,170307.10795000,1224,1011312.30000000,80954.95023000
2026-08-10T09:00Z,0.07990000,0.08030000,0.07960000,0.07970000,1392351.00000000,111283.17484000,639,520135.30000000,41560.76519000
2026-08-10T10:00Z,0.07970000,0.07980000,0.07940000,0.07950000,1043274.50000000,82994.30748000,453,492045.00000000,39150.69206000
2026-08-10T11:00Z,0.07960000,0.08010000,0.07910000,0.07990000,1382407.60000000,110129.22586000,637,573524.50000000,45721.41468000
2026-08-10T12:00Z,0.07990000,0.08040000,0.07960000,0.08020000,1820611.50000000,145656.78007000,931,740794.70000000,59327.78294000
2026-08-10T13:00Z,0.08020000,0.08100000,0.08020000,0.08050000,3032770.60000000,244187.78901000,1468,1571976.10000000,126608.73512000
2026-08-10T14:00Z,0.08050000,0.08090000,0.07990000,0.08000000,1846311.30000000,148560.83615000,1091,755504.10000000,60799.65531000
2026-08-10T15:00Z,0.08000000,0.08040000,0.07970000,0.08010000,1786886.60000000,143114.68341000,995,894503.50000000,71670.87277000
2026-08-10T16:00Z,0.08000000,0.08050000,0.07950000,0.07990000,2864407.50000000,229162.30023000,1595,1437080.60000000,115019.83276000
2026-08-10T17:00Z,0.07990000,0.08090000,0.07970000,0.08040000,2180977.00000000,175448.27935000,1138,1108622.20000000,89203.58557000
2026-08-10T18:00Z,0.08040000,0.08080000,0.07990000,0.08010000,1508754.90000000,121069.40827000,780,522417.00000000,41954.13945000
2026-08-10T19:00Z,0.08000000,0.08090000,0.08000000,0.08060000,1751572.40000000,141089.29131000,635,993023.40000000,80052.78726000
2026-08-10T20:00Z,0.08060000,0.08070000,0.08040000,0.08050000,705002.80000000,56769.29252000,295,278640.10000000,22454.21793000
2026-08-10T21:00Z,0.08050000,0.08050000,0.07930000,0.07950000,1923521.40000000,153240.88906000,896,538522.40000000,42973.38638000
2026-08-10T22:00Z,0.07940000,0.07990000,0.07920000,0.07980000,1081723.50000000,86004.38200000,514,560774.90000000,44617.40134000
2026-08-10T23:00Z,0.07970000,0.08010000,0.07970000,0.08010000,952269.10000000,76145.35183000,443,560426.30000000,44809.58313000
2026-08-11T00:00Z,0.08010000,0.08120000,0.07980000,0.08080000,5751662.70000000,464307.02424000,2217,3298575.20000000,266245.40560000
2026-08-11T01:00Z,0.08090000,0.08150000,0.08080000,0.08120000,1351593.50000000,109668.74261000,649,829593.50000000,67328.94188000
2026-08-11T02:00Z,0.08120000,0.08140000,0.08070000,0.08070000,1551951.80000000,125739.97770000,834,624689.00000000,50591.57941000
2026-08-11T03:00Z,0.08070000,0.08100000,0.08030000,0.08050000,1079972.60000000,87113.37890000,606,445056.00000000,35927.64712000
2026-08-11T04:00Z,0.08060000,0.08070000,0.08010000,0.08020000,912904.70000000,73338.68891000,371,296267.80000000,23793.36960000
2026-08-11T05:00Z,0.08010000,0.08020000,0.07970000,0.08010000,1106269.70000000,88515.46792000,388,569892.60000000,45624.84629000
2026-08-11T06:00Z,0.08010000,0.08040000,0.07970000,0.07970000,717722.80000000,57412.51145000,328,304640.00000000,24381.76347000
2026-08-11T07:00Z,0.07980000,0.08010000,0.07930000,0.07990000,1141566.20000000,91009.01238000,628,521753.10000000,41629.92853000
2026-08-11T08:00Z,0.08000000,0.08020000,0.07980000,0.08010000,790385.80000000,63226.63629000,430,387091.90000000,30962.43263000
2026-08-11T09:00Z,0.08000000,0.08030000,0.07960000,0.08000000,1391627.30000000,111354.71135000,622,622704.60000000,49836.72538000
2026-08-11T10:00Z,0.08000000,0.08010000,0.07930000,0.07950000,1261771.30000000,100398.93308000,711,560634.70000000,44625.98314000
2026-08-11T11:00Z,0.07950000,0.08010000,0.07950000,0.08010000,1071353.50000000,85373.34344000,866,425477.30000000,33932.29038000
2026-08-11T12:00Z,0.08010000,0.08050000,0.07970000,0.08000000,1206972.20000000,96661.73400000,772,641189.50000000,51317.67257000
2026-08-11T13:00Z,0.08000000,0.08030000,0.07970000,0.07990000,1149400.30000000,91927.44910000,591,394797.80000000,31568.55059000
2026-08-11T14:00Z,0.07990000,0.08000000,0.07780000,0.07810000,2847814.40000000,224514.70771000,1486,1241345.10000000,97777.40463000
2026-08-11T15:00Z,0.07810000,0.07860000,0.07730000,0.07800000,2370143.70000000,185024.28807000,1092,1188744.60000000,92811.05878000
2026-08-11T16:00Z,0.07780000,0.07850000,0.07780000,0.07820000,1688740.00000000,132184.51332000,788,1069672.30000000,83744.19197000
2026-08-11T17:00Z,0.07820000,0.07850000,0.07780000,0.07820000,2837332.60000000,221676.52577000,1370,1019137.40000000,79659.92438000
2026-08-11T18:00Z,0.07810000,0.07810000,0.07750000,0.07760000,1234086.10000000,96029.69448000,668,502960.70000000,39142.43285000
2026-08-11T19:00Z,0.07750000,0.07840000,0.07730000,0.07830000,1941699.80000000,151281.92448000,1183,925638.40000000,72120.79293000
2026-08-11T20:00Z,0.07830000,0.07900000,0.07820000,0.07860000,1406640.10000000,110642.17648000,637,726687.60000000,57123.06492000
2026-08-11T21:00Z,0.07860000,0.07880000,0.07840000,0.07880000,664816.70000000,52269.16606000,347,443430.70000000,34859.98080000
2026-08-11T22:00Z,0.07880000,0.07940000,0.07860000,0.07940000,2645601.10000000,209186.94630000,1311,1513686.50000000,119689.41095000
2026-08-11T23:00Z,0.07940000,0.08040000,0.07920000,0.08030000,2324008.10000000,185665.37614000,972,1016013.00000000,81198.54167000
2026-08-12T00:00Z,0.08020000,0.08050000,0.07980000,0.08030000,3132133.80000000,251155.91951000,1177,1506631.60000000,120837.88284000
2026-08-12T01:00Z,0.08030000,0.08090000,0.08030000,0.08060000,1926648.40000000,155165.76663000,720,1161612.70000000,93548.48172000
2026-08-12T02:00Z,0.08060000,0.08060000,0.08000000,0.08010000,1620896.60000000,130091.98630000,620,476710.80000000,38271.72280000
2026-08-12T03:00Z,0.08010000,0.08050000,0.08010000,0.08020000,831829.80000000,66760.20257000,281,369993.40000000,29701.79874000
2026-08-12T04:00Z,0.08020000,0.08030000,0.07950000,0.07960000,1143546.70000000,91263.95485000,474,379433.90000000,30312.03311000
2026-08-12T05:00Z,0.07950000,0.07980000,0.07950000,0.07950000,545051.90000000,43386.18911000,234,186331.90000000,14835.18229000
2026-08-12T06:00Z,0.07950000,0.07970000,0.07850000,0.07870000,2630920.50000000,208029.16906000,879,809885.60000000,63956.82893000
2026-08-12T07:00Z,0.07870000,0.07890000,0.07850000,0.07870000,557253.20000000,43819.46035000,211,334044.50000000,26260.31429000
2026-08-12T08:00Z,0.07870000,0.07870000,0.07810000,0.07820000,1865318.10000000,146242.54699000,854,858647.80000000,67337.37671000
2026-08-12T09:00Z,0.07810000,0.07890000,0.07800000,0.07880000,993983.30000000,78166.99490000,398,693573.70000000,54542.95306000
2026-08-12T10:00Z,0.07880000,0.07910000,0.07870000,0.07900000,1484818.70000000,117098.94290000,580,950089.70000000,74941.62721000
2026-08-12T11:00Z,0.07890000,0.07910000,0.07860000,0.07900000,954160.90000000,75285.81413000,304,421543.30000000,33276.07987000
2026-08-12T12:00Z,0.07900000,0.07950000,0.07870000,0.07900000,3886046.90000000,307245.04852000,1476,2039534.90000000,161370.44176000
2026-08-12T13:00Z,0.07910000,0.07910000,0.07860000,0.07880000,1353033.00000000,106676.61042000,468,675281.80000000,53254.17967000
2026-08-12T14:00Z,0.07870000,0.07880000,0.07800000,0.07830000,3636068.90000000,284645.54888000,1857,2004829.10000000,157042.27897000
2026-08-12T15:00Z,0.07820000,0.07880000,0.07820000,0.07870000,1236563.90000000,97200.45950000,462,589657.70000000,46341.92152000
2026-08-12T16:00Z,0.07860000,0.07900000,0.07810000,0.07850000,1389314.40000000,109316.90637000,440,673351.90000000,52972.64687000
2026-08-12T17:00Z,0.07850000,0.07890000,0.07840000,0.07840000,1643391.90000000,129146.62052000,550,444712.00000000,34981.61235000
2026-08-12T18:00Z,0.07840000,0.07850000,0.07810000,0.07820000,961236.90000000,75329.59322000,338,449159.20000000,35196.49673000
2026-08-12T19:00Z,0.07820000,0.07840000,0.07660000,0.07720000,4524635.50000000,350469.45597000,1919,1613017.20000000,124904.84007000
2026-08-12T20:00Z,0.07720000,0.07730000,0.07570000,0.07650000,5985146.10000000,456738.06056000,3010,2696711.30000000,205829.01769000
2026-08-12T21:00Z,0.07650000,0.07670000,0.07460000,0.07500000,3793897.10000000,287328.87950000,2254,1639111.60000000,124356.28565000
2026-08-12T22:00Z,0.07490000,0.07520000,0.07420000,0.07440000,3978055.10000000,297430.72980000,1974,2394075.60000000,179071.11358000
2026-08-12T23:00Z,0.07440000,0.07440000,0.07360000,0.07410000,4510010.00000000,333910.21353000,2373,2504120.70000000,185483.67460000
2026-08-13T00:00Z,0.07410000,0.07470000,0.07400000,0.07410000,3496748.40000000,260003.07391000,1449,1765192.20000000,131286.18701000
2026-08-13T01:00Z,0.07410000,0.07460000,0.07370000,0.07460000,3746425.70000000,277135.76237000,1396,1471856.40000000,109018.02445000
2026-08-13T02:00Z,0.07460000,0.07490000,0.07400000,0.07470000,1831101.60000000,136347.61115000,614,959111.90000000,71419.43264000
2026-08-13T03:00Z,0.07470000,0.07620000,0.07470000,0.07560000,3331976.30000000,251626.61734000,1503,2010721.40000000,151789.27737000
2026-08-13T04:00Z,0.07560000,0.07620000,0.07550000,0.07610000,2125942.20000000,161447.47794000,912,1272961.70000000,96659.24271000
2026-08-13T05:00Z,0.07610000,0.07640000,0.07600000,0.07610000,1553957.70000000,118410.88241000,634,595974.50000000,45432.03509000
2026-08-13T06:00Z,0.07620000,0.07650000,0.07610000,0.07650000,740296.20000000,56530.61484000,347,312889.00000000,23893.82118000
2026-08-13T07:00Z,0.07650000,0.07670000,0.07540000,0.07540000,1884661.10000000,143318.92971000,885,603257.30000000,45927.22814000
2026-08-13T08:00Z,0.07550000,0.07560000,0.07470000,0.07490000,2461082.20000000,184977.89768000,974,848064.60000000,63745.41100000
2026-08-13T09:00Z,0.07490000,0.07500000,0.07470000,0.07490000,2262697.40000000,169270.87215000,986,1246562.00000000,93268.24773000
2026-08-13T10:00Z,0.07500000,0.07500000,0.07440000,0.07480000,1474188.10000000,110160.41214000,1176,573872.40000000,42873.97657000
2026-08-13T11:00Z,0.07480000,0.07500000,0.07440000,0.07460000,2236327.80000000,166995.92582000,616,825641.80000000,61696.07833000
2026-08-13T12:00Z,0.07460000,0.07500000,0.07460000,0.07490000,1159870.60000000,86771.42178000,492,649562.20000000,48592.25193000
2026-08-13T13:00Z,0.07500000,0.07560000,0.07460000,0.07550000,2129012.20000000,159754.48051000,923,1006551.40000000,75613.93722000
2026-08-13T14:00Z,0.07560000,0.07580000,0.07520000,0.07570000,2867783.40000000,216601.49090000,860,1787472.30000000,135015.85690000
2026-08-13T15:00Z,0.07570000,0.07580000,0.07480000,0.07480000,1867866.70000000,140879.58902000,764,890054.40000000,67146.47261000
2026-08-13T16:00Z,0.07480000,0.07540000,0.07420000,0.07460000,3759761.30000000,280942.13609000,1715,1722776.80000000,128702.00967000
2026-08-13T17:00Z,0.07450000,0.07500000,0.07450000,0.07480000,993530.50000000,74322.98489000,484,579520.20000000,43349.75761000
2026-08-13T18:00Z,0.07480000,0.07520000,0.07470000,0.07510000,1496020.80000000,112223.57723000,466,655573.20000000,49170.21480000
2026-08-13T19:00Z,0.07510000,0.07540000,0.07490000,0.07520000,843622.00000000,63381.61354000,433,438938.70000000,32966.42705000
2026-08-13T20:00Z,0.07520000,0.07530000,0.07490000,0.07510000,554111.20000000,41579.97852000,192,337315.00000000,25316.97638000
2026-08-13T21:00Z,0.07500000,0.07540000,0.07500000,0.07520000,404534.40000000,30446.31386000,141,191792.10000000,14424.67438000
2026-08-13T22:00Z,0.07520000,0.07600000,0.07520000,0.07580000,2354837.60000000,178048.02408000,909,1102853.40000000,83409.40569000
2026-08-13T23:00Z,0.07570000,0.07580000,0.07510000,0.07530000,841756.10000000,63510.43119000,391,360216.80000000,27190.41348000
2026-08-14T00:00Z,0.07530000,0.07560000,0.07510000,0.07550000,1069288.80000000,80532.24715000,331,484152.60000000,36465.56241000
2026-08-14T01:00Z,0.07540000,0.07550000,0.07500000,0.07520000,1308423.60000000,98491.68500000,526,393172.70000000,29599.89781000
2026-08-14T02:00Z,0.07520000,0.07530000,0.07500000,0.07510000,533903.50000000,40134.02739000,182,318469.00000000,23942.85092000
2026-08-14T03:00Z,0.07510000,0.07530000,0.07480000,0.07490000,963263.90000000,72349.67542000,259,566282.90000000,42546.03908000
2026-08-14T04:00Z,0.07490000,0.07550000,0.07490000,0.07490000,714291.30000000,53742.54184000,314,306509.30000000,23069.56521000
2026-08-14T05:00Z,0.07500000,0.07560000,0.07480000,0.07560000,786522.80000000,59136.53644000,347,365970.90000000,27523.07835000
2026-08-14T06:00Z,0.07570000,0.07580000,0.07530000,0.07550000,1261948.40000000,95286.61869000,454,593162.80000000,44786.93717000
2026-08-14T07:00Z,0.07550000,0.07550000,0.07500000,0.07530000,603502.70000000,45375.27074000,229,373283.50000000,28061.02025000
2026-08-14T08:00Z,0.07530000,0.07580000,0.07500000,0.07580000,3124406.00000000,235963.63009000,1037,1239531.10000000,93612.90726000
2026-08-14T09:00Z,0.07580000,0.07590000,0.07420000,0.07430000,2542256.30000000,190394.05418000,914,1078734.10000000,80848.51167000
2026-08-14T10:00Z,0.07420000,0.07470000,0.07420000,0.07440000,2118838.40000000,157858.97919000,588,1113660.30000000,82992.40360000
2026-08-14T11:00Z,0.07440000,0.07460000,0.07420000,0.07430000,1422422.20000000,105792.12256000,515,831540.30000000,61851.87931000
2026-08-14T12:00Z,0.07440000,0.07470000,0.07430000,0.07450000,1515206.20000000,112823.62299000,498,741746.70000000,55233.91181000
2026-08-14T13:00Z,0.07450000,0.07500000,0.07420000,0.07470000,1923080.00000000,143342.36183000,707,723741.90000000,53959.39720000
2026-08-14T14:00Z,0.07480000,0.07490000,0.07420000,0.07430000,1320806.50000000,98595.91747000,597,653950.60000000,48850.19611000
2026-08-14T15:00Z,0.07430000,0.07500000,0.07410000,0.07480000,1089142.60000000,81271.82650000,607,396237.20000000,29570.48708000
2026-08-14T16:00Z,0.07480000,0.07510000,0.07460000,0.07480000,2062403.60000000,154422.77820000,851,1064595.30000000,79724.72956000
2026-08-14T17:00Z,0.07480000,0.07520000,0.07470000,0.07510000,1096961.90000000,82324.40095000,323,631614.70000000,47422.43384000
2026-08-14T18:00Z,0.07500000,0.07510000,0.07450000,0.07450000,905097.00000000,67764.65801000,352,403608.40000000,30217.22882000
2026-08-14T19:00Z,0.07450000,0.07490000,0.07430000,0.07470000,518620.10000000,38656.67486000,250,265241.80000000,19757.18928000
2026-08-14T20:00Z,0.07470000,0.07470000,0.07440000,0.07440000,552656.10000000,41182.11503000,241,267658.10000000,19946.18638000
2026-08-14T21:00Z,0.07440000,0.07440000,0.07340000,0.07360000,3096217.10000000,228923.78802000,1042,1362207.40000000,100755.43544000
2026-08-14T22:00Z,0.07350000,0.07370000,0.07290000,0.07350000,2386407.70000000,174989.72203000,709,1135653.00000000,83336.34634000
2026-08-14T23:00Z,0.07350000,0.07460000,0.07340000,0.07450000,1131985.40000000,83523.05346000,414,716415.80000000,52905.36986000
2026-08-15T00:00Z,0.07460000,0.07490000,0.07450000,0.07480000,1095963.60000000,81864.05547000,423,560297.70000000,41855.88638000
2026-08-15T01:00Z,0.07480000,0.07500000,0.07450000,0.07460000,1108366.80000000,82803.46597000,280,458669.30000000,34292.24536000
2026-08-15T02:00Z,0.07460000,0.07550000,0.07460000,0.07530000,948437.00000000,71273.56989000,304,557410.40000000,41896.46842000
2026-08-15T03:00Z,0.07530000,0.07550000,0.07500000,0.07530000,1094317.20000000,82392.52863000,445,716768.70000000,53969.54132000
2026-08-15T04:00Z,0.07530000,0.07550000,0.07520000,0.07540000,850299.30000000,64034.84787000,309,565750.20000000,42608.58756000
2026-08-15T05:00Z,0.07530000,0.07540000,0.07500000,0.07520000,777259.50000000,58445.59978000,294,525841.90000000,39540.24135000
2026-08-15T06:00Z,0.07520000,0.07540000,0.07510000,0.07530000,773012.70000000,58154.51785000,437,401718.30000000,30223.41395000
2026-08-15T07:00Z,0.07520000,0.07530000,0.07430000,0.07430000,1961505.30000000,146546.82274000,709,987762.90000000,73765.90523000
2026-08-15T08:00Z,0.07430000,0.07450000,0.07410000,0.07410000,1487899.90000000,110500.93663000,594,619827.20000000,46040.04055000
2026-08-15T09:00Z,0.07420000,0.07440000,0.07400000,0.07430000,1720068.10000000,127702.13374000,785,640481.60000000,47576.79089000
2026-08-15T10:00Z,0.07430000,0.07460000,0.07420000,0.07440000,858846.60000000,63881.08358000,315,461469.50000000,34311.24942000
2026-08-15T11:00Z,0.07450000,0.07450000,0.07400000,0.07430000,439089.80000000,32599.70561000,208,80922.20000000,6010.42128000
2026-08-15T12:00Z,0.07430000,0.07440000,0.07390000,0.07410000,1762206.30000000,130582.94023000,486,934394.40000000,69232.51820000
2026-08-15T13:00Z,0.07410000,0.07450000,0.07390000,0.07400000,930687.60000000,69099.64489000,511,345956.30000000,25699.26908000
2026-08-15T14:00Z,0.07410000,0.07420000,0.07390000,0.07400000,285104.00000000,21122.74087000,138,180242.90000000,13356.20192000
2026-08-15T15:00Z,0.07400000,0.07430000,0.07380000,0.07410000,618379.90000000,45781.89117000,227,288943.70000000,21405.39591000
2026-08-15T16:00Z,0.07410000,0.07440000,0.07400000,0.07420000,779606.90000000,57798.72906000,254,542485.50000000,40219.13918000
2026-08-15T17:00Z,0.07410000,0.07420000,0.07390000,0.07400000,661539.20000000,48966.76525000,205,339408.60000000,25127.99450000
2026-08-15T18:00Z,0.07410000,0.07410000,0.07390000,0.07400000,665142.40000000,49235.91900000,237,351653.50000000,26033.14802000
2026-08-15T19:00Z,0.07390000,0.07400000,0.07380000,0.07400000,999121.60000000,73836.86033000,348,570680.50000000,42181.01005000
2026-08-15T20:00Z,0.07390000,0.07390000,0.07350000,0.07370000,818325.20000000,60267.51027000,291,284910.70000000,20982.32689000
2026-08-15T21:00Z,0.07360000,0.07380000,0.07350000,0.07360000,478180.30000000,35234.05690000,159,325720.80000000,24001.44629000
2026-08-15T22:00Z,0.07360000,0.07380000,0.07330000,0.07340000,545201.40000000,40118.41162000,283,264497.70000000,19476.82443000
2026-08-15T23:00Z,0.07340000,0.07350000,0.07270000,0.07280000,1976749.00000000,144521.36122000,751,1108337.80000000,81033.27398000
2026-08-16T00:00Z,0.07270000,0.07310000,0.07250000,0.07290000,1514103.50000000,110132.79713000,417,967759.90000000,70373.48902000
2026-08-16T01:00Z,0.07280000,0.07280000,0.07220000,0.07240000,2185492.30000000,158520.09873000,689,1084666.50000000,78717.26150000
2026-08-16T02:00Z,0.07240000,0.07300000,0.07230000,0.07290000,1079765.20000000,78503.87817000,476,604652.30000000,44004.90635000
2026-08-16T03:00Z,0.07290000,0.07320000,0.07280000,0.07290000,1808306.40000000,131988.40345000,475,604058.80000000,44091.41933000
2026-08-16T04:00Z,0.07280000,0.07310000,0.07270000,0.07290000,413421.60000000,30140.07591000,168,227801.50000000,16607.67602000
2026-08-16T05:00Z,0.07290000,0.07310000,0.07270000,0.07280000,880486.20000000,64163.27249000,264,548129.00000000,39963.15193000
2026-08-16T06:00Z,0.07270000,0.07320000,0.07260000,0.07310000,1843012.70000000,134526.10062000,537,1158525.30000000,84590.82260000
2026-08-16T07:00Z,0.07320000,0.07360000,0.07300000,0.07360000,861547.80000000,63245.08152000,393,485268.20000000,35635.40051000
2026-08-16T08:00Z,0.07360000,0.07400000,0.07350000,0.07390000,1177271.10000000,86821.72923000,376,571959.80000000,42186.26302000
2026-08-16T09:00Z,0.07390000,0.07400000,0.07380000,0.07380000,940971.30000000,69576.63701000,277,542057.00000000,40093.49484000
2026-08-16T10:00Z,0.07380000,0.07400000,0.07340000,0.07340000,1352254.40000000,99642.04200000,463,498205.20000000,36726.26134000
2026-08-16T11:00Z,0.07330000,0.07400000,0.07330000,0.07380000,1111041.30000000,81829.07830000,350,617185.80000000,45450.82809000
2026-08-16T12:00Z,0.07380000,0.07420000,0.07350000,0.07410000,807810.20000000,59634.75447000,378,452495.10000000,33429.58741000
2026-08-16T13:00Z,0.07420000,0.07440000,0.07400000,0.07420000,1062226.10000000,78824.73456000,485,404207.10000000,29977.57476000
2026-08-16T14:00Z,0.07420000,0.07440000,0.07400000,0.07440000,1168461.10000000,86731.55717000,400,608534.80000000,45189.37787000
2026-08-16T15:00Z,0.07440000,0.07510000,0.07420000,0.07490000,1619902.10000000,120979.25191000,717,899482.40000000,67206.52267000
2026-08-16T16:00Z,0.07500000,0.07510000,0.07460000,0.07500000,1668432.20000000,124859.39047000,779,742919.00000000,55611.38220000
2026-08-16T17:00Z,0.07500000,0.07500000,0.07430000,0.07450000,1809280.20000000,135002.48134000,883,480272.80000000,35845.24015000
2026-08-16T18:00Z,0.07440000,0.07450000,0.07420000,0.07430000,619661.50000000,46083.20010000,277,250434.70000000,18630.93524000
2026-08-16T19:00Z,0.07420000,0.07460000,0.07420000,0.07440000,567994.30000000,42276.40480000,311,327352.70000000,24370.16193000
2026-08-16T20:00Z,0.07430000,0.07440000,0.07380000,0.07390000,388878.80000000,28845.82929000,181,171140.20000000,12696.54698000
2026-08-16T21:00Z,0.07390000,0.07400000,0.07270000,0.07310000,1971659.70000000,144634.41117000,825,962334.40000000,70659.80662000
2026-08-16T22:00Z,0.07300000,0.07350000,0.07270000,0.07350000,1101972.30000000,80570.28916000,589,528231.20000000,38648.11731000
2026-08-16T23:00Z,0.07350000,0.07380000,0.07340000,0.07360000,624280.20000000,45926.18381000,392,321078.80000000,23631.13245000
2026-08-17T00:00Z,0.07360000,0.07390000,0.07340000,0.07380000,1441039.80000000,106082.27726000,627,822015.70000000,60540.86900000
2026-08-17T01:00Z,0.07390000,0.07480000,0.07390000,0.07440000,1768730.80000000,131741.81666000,690,939958.00000000,70003.65874000
2026-08-17T02:00Z,0.07440000,0.07480000,0.07400000,0.07470000,1834346.60000000,136365.00974000,822,755745.90000000,56268.02994000
2026-08-17T03:00Z,0.07470000,0.07490000,0.07440000,0.07460000,490304.70000000,36618.64452000,277,291119.80000000,21753.89467000
2026-08-17T04:00Z,0.07470000,0.07520000,0.07470000,0.07510000,971413.20000000,72844.92093000,522,524631.20000000,39337.24550000
2026-08-17T05:00Z,0.07510000,0.07540000,0.07500000,0.07530000,1068617.40000000,80338.75168000,582,313641.60000000,23600.91499000
2026-08-17T06:00Z,0.07540000,0.07570000,0.07520000,0.07540000,1350384.70000000,101827.05102000,646,582727.80000000,43953.49493000
2026-08-17T07:00Z,0.07540000,0.07570000,0.07500000,0.07530000,1354504.50000000,102084.84418000,545,715201.00000000,53892.58016000
2026-08-17T08:00Z,0.07540000,0.07540000,0.07440000,0.07460000,894585.70000000,66877.32533000,418,371591.90000000,27768.14828000
2026-08-17T09:00Z,0.07460000,0.07480000,0.07450000,0.07460000,576803.80000000,43057.20603000,199,312502.70000000,23334.35614000
2026-08-17T10:00Z,0.07460000,0.07490000,0.07440000,0.07480000,837386.30000000,62542.67103000,242,396123.30000000,29591.46208000
2026-08-17T11:00Z,0.07480000,0.07510000,0.07470000,0.07480000,446624.10000000,33443.04483000,214,132138.00000000,9896.60180000
2026-08-17T12:00Z,0.07480000,0.07510000,0.07470000,0.07500000,790258.90000000,59152.92929000,307,547951.30000000,41017.53052000
2026-08-17T13:00Z,0.07490000,0.07530000,0.07470000,0.07500000,1748811.60000000,131079.53604000,1089,927509.80000000,69521.39322000
2026-08-17T14:00Z,0.07500000,0.07520000,0.07470000,0.07510000,807485.50000000,60587.04912000,466,488369.40000000,36650.69338000
2026-08-17T15:00Z,0.07510000,0.07550000,0.07490000,0.07540000,900192.40000000,67667.08025000,511,466412.10000000,35032.37016000
2026-08-17T16:00Z,0.07540000,0.07540000,0.07470000,0.07470000,1621312.40000000,121701.76361000,564,949007.20000000,71304.37154000
2026-08-17T17:00Z,0.07470000,0.07570000,0.07470000,0.07560000,2555482.40000000,192710.46633000,789,1571427.80000000,118518.56216000
2026-08-17T18:00Z,0.07560000,0.07590000,0.07560000,0.07580000,940107.00000000,71211.02882000,476,615685.90000000,46637.01160000
2026-08-17T19:00Z,0.07570000,0.07580000,0.07540000,0.07560000,957644.80000000,72482.86610000,456,479503.70000000,36295.97626000
2026-08-17T20:00Z,0.07550000,0.07570000,0.07520000,0.07520000,680929.70000000,51351.60419000,418,283956.30000000,21416.66709000
2026-08-17T21:00Z,0.07530000,0.07530000,0.07510000,0.07510000,660985.30000000,49718.26201000,461,227973.10000000,17153.76827000
2026-08-17T22:00Z,0.07520000,0.07530000,0.07490000,0.07490000,344294.20000000,25840.62925000,192,158859.20000000,11924.60544000
2026-08-17T23:00Z,0.07490000,0.07540000,0.07480000,0.07510000,596090.60000000,44725.66518000,240,246590.10000000,18503.92356000
2026-08-18T00:00Z,0.07510000,0.07540000,0.07500000,0.07520000,1070910.10000000,80565.55546000,308,583656.10000000,43918.24709000
2026-08-18T01:00Z,0.07520000,0.07520000,0.07470000,0.07480000,626663.00000000,47023.08709000,255,244936.40000000,18387.15864000
2026-08-18T02:00Z,0.07460000,0.07490000,0.07360000,0.07380000,1803178.50000000,133872.21868000,726,780123.10000000,57960.88737000
2026-08-18T03:00Z,0.07380000,0.07410000,0.07370000,0.07400000,660724.60000000,48812.07392000,265,358635.10000000,26504.53820000
2026-08-18T04:00Z,0.07410000,0.07450000,0.07390000,0.07440000,766419.50000000,56893.96339000,271,294161.60000000,21853.97661000
2026-08-18T05:00Z,0.07440000,0.07470000,0.07420000,0.07440000,873635.30000000,65071.47301000,353,387774.30000000,28901.28916000
2026-08-18T06:00Z,0.07440000,0.07520000,0.07430000,0.07480000,1707486.50000000,127640.28818000,907,711454.80000000,53195.80906000
2026-08-18T07:00Z,0.07490000,0.07510000,0.07460000,0.07500000,442840.00000000,33152.72415000,222,232201.00000000,17382.34812000
2026-08-18T08:00Z,0.07490000,0.07600000,0.07460000,0.07590000,2338873.30000000,176401.27355000,662,1566032.50000000,118230.66865000
2026-08-18T09:00Z,0.07590000,0.07600000,0.07510000,0.07550000,3483944.60000000,263729.54352000,929,2077658.30000000,157337.71122000
2026-08-18T10:00Z,0.07550000,0.07560000,0.07520000,0.07530000,989891.60000000,74598.62601000,273,434428.40000000,32738.33934000
2026-08-18T11:00Z,0.07530000,0.07550000,0.07520000,0.07540000,830564.60000000,62625.04537000,340,503500.70000000,37974.29588000
2026-08-18T12:00Z,0.07540000,0.07550000,0.07520000,0.07530000,625642.70000000,47126.23552000,297,241669.40000000,18205.44720000
2026-08-18T13:00Z,0.07530000,0.07550000,0.07510000,0.07530000,1053080.70000000,79244.45760000,363,593864.40000000,44693.28044000
2026-08-18T14:00Z,0.07520000,0.07590000,0.07490000,0.07510000,1693218.30000000,127627.36234000,596,915654.10000000,69063.06980000
2026-08-18T15:00Z,0.07530000,0.07570000,0.07520000,0.07560000,838768.60000000,63346.17835000,388,369666.30000000,27911.78235000
2026-08-18T16:00Z,0.07560000,0.07570000,0.07480000,0.07490000,952106.40000000,71459.15728000,511,424666.20000000,31870.55773000
2026-08-18T17:00Z,0.07490000,0.07540000,0.07490000,0.07530000,1131385.20000000,85072.42104000,409,480089.50000000,36112.33200000
2026-08-18T18:00Z,0.07520000,0.07570000,0.07520000,0.07550000,561146.20000000,42327.58002000,287,401564.40000000,30276.84844000
2026-08-18T19:00Z,0.07550000,0.07570000,0.07500000,0.07510000,1039141.70000000,78333.74574000,491,417368.30000000,31476.29657000
2026-08-18T20:00Z,0.07510000,0.07520000,0.07490000,0.07510000,543627.80000000,40821.24439000,196,340434.40000000,25564.39626000
2026-08-18T21:00Z,0.07500000,0.07530000,0.07490000,0.07510000,345896.00000000,25962.26372000,131,264823.00000000,19880.76168000
2026-08-18T22:00Z,0.07510000,0.07540000,0.07500000,0.07510000,408937.70000000,30750.23887000,199,178129.90000000,13401.74080000
2026-08-18T23:00Z,0.07510000,0.07560000,0.07510000,0.07530000,286406.00000000,21615.59357000,185,93778.50000000,7072.49763000
2026-08-19T00:00Z,0.07530000,0.07540000,0.07500000,0.07520000,1033461.70000000,77748.39378000,441,524306.60000000,39455.79542000
2026-08-19T01:00Z,0.07520000,0.07570000,0.07510000,0.07560000,942931.00000000,71118.97684000,396,391039.30000000,29492.71995000
2026-08-19T02:00Z,0.07560000,0.07580000,0.07540000,0.07560000,551024.70000000,41682.13809000,263,390348.70000000,29536.76533000
2026-08-19T03:00Z,0.07550000,0.07590000,0.07540000,0.07580000,279391.30000000,21162.28208000,139,105777.90000000,8006.64413000
2026-08-19T04:00Z,0.07580000,0.07600000,0.07540000,0.07570000,2012183.40000000,152280.99652000,527,924212.30000000,69991.38835000
2026-08-19T05:00Z,0.07580000,0.07650000,0.07560000,0.07560000,1622099.20000000,123317.25646000,689,821257.00000000,62435.34021000
2026-08-19T06:00Z,0.07550000,0.07630000,0.07540000,0.07630000,2105108.90000000,159350.57390000,782,1293894.30000000,97959.12686000
2026-08-19T07:00Z,0.07640000,0.07720000,0.07610000,0.07670000,5110407.10000000,391714.24456000,1662,2404380.10000000,184350.94604000
2026-08-19T08:00Z,0.07680000,0.07770000,0.07660000,0.07730000,3851669.80000000,297215.35710000,1204,1849882.00000000,142806.64962000
2026-08-19T09:00Z,0.07730000,0.07760000,0.07680000,0.07700000,2626834.60000000,202968.70759000,885,1328314.30000000,102564.43139000
2026-08-19T10:00Z,0.07700000,0.07740000,0.07690000,0.07720000,1079785.40000000,83257.50733000,396,373984.10000000,28841.28213000
2026-08-19T11:00Z,0.07720000,0.07730000,0.07680000,0.07700000,1255889.60000000,96745.38507000,528,516647.10000000,39795.06789000
2026-08-19T12:00Z,0.07700000,0.07760000,0.07690000,0.07740000,1235777.50000000,95572.57977000,846,685234.80000000,53010.70328000
2026-08-19T13:00Z,0.07740000,0.07780000,0.07700000,0.07730000,2338911.10000000,180611.40695000,926,988285.60000000,76327.49617000
2026-08-19T14:00Z,0.07720000,0.07850000,0.07720000,0.07810000,2927724.70000000,228158.45274000,887,1484788.40000000,115768.27569000
2026-08-19T15:00Z,0.07820000,0.08070000,0.07800000,0.07970000,10881851.60000000,868708.72322000,5029,5455344.10000000,435272.43038000
2026-08-19T16:00Z,0.07980000,0.08120000,0.07980000,0.08090000,5757122.60000000,465068.14222000,2393,3385095.00000000,273460.84700000
2026-08-19T17:00Z,0.08090000,0.08090000,0.07970000,0.08030000,4204524.50000000,337565.13600000,1551,1710092.60000000,137178.71355000
2026-08-19T18:00Z,0.08040000,0.08060000,0.08010000,0.08040000,1033587.10000000,83037.08660000,506,522244.20000000,41960.78934000
2026-08-19T19:00Z,0.08040000,0.08360000,0.08040000,0.08340000,23396161.30000000,1933423.44040000,9089,9484099.40000000,782820.16394000
2026-08-19T20:00Z,0.08350000,0.08520000,0.08300000,0.08470000,14729844.90000000,1235996.69617000,5203,5351168.10000000,449517.68809000
2026-08-19T21:00Z,0.08470000,0.08930000,0.08430000,0.08910000,23504242.00000000,2057423.92530000,12318,11147940.80000000,973784.35574000
2026-08-19T22:00Z,0.08910000,0.09030000,0.08820000,0.08950000,12859861.40000000,1149926.81229000,9559,6479560.90000000,579424.66815000
2026-08-19T23:00Z,0.08950000,0.09060000,0.08920000,0.08950000,8912762.30000000,801382.26636000,5773,4864614.00000000,437243.23921000
2026-08-20T00:00Z,0.08950000,0.09000000,0.08750000,0.08860000,18622356.70000000,1648501.46438000,9149,9908758.20000000,876720.41625000
2026-08-20T01:00Z,0.08870000,0.08910000,0.08710000,0.08810000,7504431.70000000,658870.77614000,3747,4355921.50000000,382549.32521000
2026-08-20T02:00Z,0.08810000,0.08860000,0.08750000,0.08810000,4499952.40000000,395655.34068000,2139,2413828.80000000,212266.47256000
2026-08-20T03:00Z,0.08810000,0.08810000,0.08690000,0.08740000,2497141.60000000,218316.92011000,1544,920405.00000000,80488.70123000
2026-08-20T04:00Z,0.08740000,0.08800000,0.08720000,0.08780000,2452473.50000000,214985.89668000,1266,1442378.20000000,126382.22405000
2026-08-20T05:00Z,0.08780000,0.08780000,0.08700000,0.08740000,2368801.00000000,207122.99756000,1187,1119906.70000000,97965.75696000
2026-08-20T06:00Z,0.08730000,0.08930000,0.08690000,0.08900000,4545851.30000000,399723.52250000,3107,2383928.00000000,209782.04109000
2026-08-20T07:00Z,0.08890000,0.08960000,0.08830000,0.08910000,5568016.60000000,495922.69950000,2696,2725944.10000000,242645.36917000
2026-08-20T08:00Z,0.08900000,0.09070000,0.08880000,0.08980000,6164084.40000000,553689.22691000,3233,2990487.50000000,268685.87515000
2026-08-20T09:00Z,0.08980000,0.09010000,0.08880000,0.08920000,5290526.70000000,472914.09430000,2418,2867281.70000000,256552.66602000
2026-08-20T10:00Z,0.08920000,0.08930000,0.08780000,0.08860000,21681573.10000000,1915107.48253000,6929,15091021.30000000,1331418.99722000
2026-08-20T11:00Z,0.08870000,0.09000000,0.08850000,0.08860000,13071711.50000000,1164531.33336000,4066,9781262.90000000,871136.47771000
2026-08-20T12:00Z,0.08860000,0.08870000,0.08740000,0.08800000,4053712.30000000,355740.15252000,2660,1732786.80000000,152032.49684000
2026-08-20T13:00Z,0.08810000,0.08830000,0.08740000,0.08800000,3150854.90000000,276987.57350000,2013,1269242.60000000,111651.32413000
2026-08-20T14:00Z,0.08800000,0.08820000,0.08750000,0.08810000,1743464.80000000,153285.18533000,1287,1036036.30000000,91102.96768000
2026-08-20T15:00Z,0.08810000,0.08970000,0.08810000,0.08960000,5017340.60000000,446413.67183000,3211,2856369.50000000,254254.80003000
2026-08-20T16:00Z,0.08950000,0.09050000,0.08880000,0.09040000,4174148.70000000,374165.47929000,2212,1776829.70000000,159675.91974000
2026-08-20T17:00Z,0.09040000,0.09120000,0.08970000,0.09000000,4634868.90000000,418822.86412000,3763,2585907.40000000,233859.54239000
2026-08-20T18:00Z,0.09000000,0.09010000,0.08820000,0.08880000,4220565.50000000,375496.93400000,2989,2200739.50000000,195688.73475000
2026-08-20T19:00Z,0.08880000,0.08940000,0.08860000,0.08910000,2170277.40000000,193082.37389000,1487,1185435.20000000,105447.24989000
2026-08-20T20:00Z,0.08910000,0.08990000,0.08900000,0.08970000,2945958.80000000,263728.17996000,1568,1789976.60000000,160289.98593000
2026-08-20T21:00Z,0.08970000,0.09050000,0.08970000,0.09000000,1844108.90000000,165990.30211000,1202,732907.00000000,66008.43407000
2026-08-20T22:00Z,0.09000000,0.09090000,0.08970000,0.09040000,2213980.00000000,200031.57869000,1746,1122769.70000000,101432.09633000
2026-08-20T23:00Z,0.09040000,0.09130000,0.09040000,0.09090000,2154772.40000000,195759.59236000,1219,976172.50000000,88700.03109000
2026-08-21T00:00Z,0.09090000,0.09190000,0.09050000,0.09070000,3324252.30000000,303069.06311000,2233,1712372.00000000,156132.38689000
2026-08-21T01:00Z,0.09070000,0.09250000,0.09050000,0.09140000,4488163.80000000,410839.34811000,2761,1896266.40000000,173593.47821000
2026-08-21T02:00Z,0.09150000,0.09180000,0.09070000,0.09150000,3437439.90000000,314004.16136000,2183,1363709.10000000,124675.27262000
2026-08-21T03:00Z,0.09150000,0.09150000,0.09060000,0.09080000,3266658.00000000,297315.40520000,1703,1382031.60000000,125817.75452000
2026-08-21T04:00Z,0.09080000,0.09140000,0.09080000,0.09120000,3389277.30000000,308773.94403000,1348,2292996.60000000,208967.16079000
2026-08-21T05:00Z,0.09120000,0.09250000,0.09060000,0.09200000,4374769.70000000,400078.58308000,1788,2675176.70000000,245081.97794000
2026-08-21T06:00Z,0.09200000,0.09300000,0.09150000,0.09190000,4717742.60000000,435659.63371000,2302,2482274.10000000,229285.01031000
2026-08-21T07:00Z,0.09200000,0.09410000,0.09190000,0.09380000,3968661.70000000,370556.32686000,2910,2037943.10000000,190194.50367000
2026-08-21T08:00Z,0.09380000,0.09760000,0.09320000,0.09740000,6788372.60000000,648751.57945000,4352,3389056.10000000,322695.40547000
2026-08-21T09:00Z,0.09720000,0.09760000,0.09430000,0.09600000,8246471.60000000,788499.18799000,5551,4350527.70000000,415919.80006000
2026-08-21T10:00Z,0.09600000,0.09620000,0.09440000,0.09590000,4672886.40000000,446435.07611000,3376,2545082.20000000,243161.08223000
2026-08-21T11:00Z,0.09580000,0.09620000,0.09430000,0.09570000,5199076.30000000,496166.81219000,3547,2355672.90000000,224898.61074000
2026-08-21T12:00Z,0.09580000,0.09750000,0.09520000,0.09670000,3919500.20000000,377872.49151000,2525,2148511.60000000,207209.21617000
2026-08-21T13:00Z,0.09660000,0.09730000,0.09520000,0.09690000,7747481.30000000,745049.29052000,4275,2705942.60000000,260184.78797000
2026-08-21T14:00Z,0.09690000,0.09800000,0.09590000,0.09760000,4498342.20000000,436088.78653000,3891,2276462.60000000,220614.18616000
2026-08-21T15:00Z,0.09750000,0.09880000,0.09720000,0.09760000,6591459.30000000,646044.74752000,3782,3263280.50000000,319790.79511000
2026-08-21T16:00Z,0.09770000,0.09880000,0.09640000,0.09800000,4002825.00000000,391844.37132000,2938,2049148.50000000,200501.93916000
2026-08-21T17:00Z,0.09810000,0.09840000,0.09670000,0.09830000,5080640.00000000,496094.35054000,2806,2405409.00000000,235024.27238000
2026-08-21T18:00Z,0.09830000,0.09890000,0.09620000,0.09700000,3814520.40000000,372234.67748000,2529,2023761.60000000,197739.20359000
2026-08-21T19:00Z,0.09690000,0.09700000,0.09420000,0.09520000,8293724.70000000,788395.68750000,4424,3706508.00000000,352123.64555000
2026-08-21T20:00Z,0.09530000,0.09730000,0.09490000,0.09730000,3411883.60000000,328619.33567000,2364,1601294.10000000,154190.01964000
2026-08-21T21:00Z,0.09740000,0.09990000,0.09690000,0.09980000,4937150.40000000,486885.39846000,3485,2548431.70000000,251417.57064000
2026-08-21T22:00Z,0.09980000,0.10040000,0.09840000,0.09930000,5297631.70000000,526564.52580000,3693,3080499.50000000,306288.64189000
2026-08-21T23:00Z,0.09930000,0.09960000,0.09790000,0.09820000,3068128.90000000,303351.19607000,2468,1519046.60000000,150360.65738000
2026-08-22T00:00Z,0.09820000,0.09870000,0.09720000,0.09870000,3913860.90000000,382884.07955000,2718,2294441.90000000,224342.45518000
2026-08-22T01:00Z,0.09870000,0.10060000,0.09850000,0.09990000,5367228.40000000,534140.88168000,4124,2608981.80000000,259711.77007000
2026-08-22T02:00Z,0.10000000,0.10220000,0.09960000,0.10220000,4118647.50000000,415035.82946000,2841,2069509.90000000,208621.95892000
2026-08-22T03:00Z,0.10210000,0.10530000,0.10180000,0.10440000,11084617.80000000,1147357.37284000,6046,5855673.10000000,606282.40087000
2026-08-22T04:00Z,0.10450000,0.10960000,0.10450000,0.10840000,14811630.70000000,1585274.51745000,7771,7299085.80000000,781783.21350000
2026-08-22T05:00Z,0.10830000,0.10860000,0.09200000,0.10030000,56269234.00000000,5551711.85416000,30027,26924581.70000000,2657219.21385000
2026-08-22T06:00Z,0.10030000,0.10030000,0.09770000,0.10000000,10572955.90000000,1047050.89439000,5736,5084322.00000000,503499.28865000
2026-08-22T07:00Z,0.09990000,0.10130000,0.09940000,0.09990000,6675732.40000000,669342.09547000,4069,3661669.40000000,367093.66966000
2026-08-22T08:00Z,0.09990000,0.10030000,0.09780000,0.09950000,7852831.30000000,777526.46558000,4904,3844397.10000000,380744.97502000
2026-08-22T09:00Z,0.09960000,0.10020000,0.09800000,0.09910000,8146485.30000000,808035.22987000,3988,3139374.50000000,311628.01318000
2026-08-22T10:00Z,0.09910000,0.09910000,0.09590000,0.09760000,8027493.90000000,781498.21258000,4317,3537703.10000000,344552.25847000
2026-08-22T11:00Z,0.09760000,0.09830000,0.09700000,0.09820000,3226899.30000000,315112.16291000,1646,1564671.00000000,152861.09283000
2026-08-22T12:00Z,0.09810000,0.09930000,0.09800000,0.09870000,2393564.30000000,236689.61990000,1662,1095644.80000000,108333.91490000
2026-08-22T13:00Z,0.09870000,0.09930000,0.09800000,0.09910000,2854078.70000000,281684.00281000,1800,1479310.90000000,146005.89530000
2026-08-22T14:00Z,0.09910000,0.09920000,0.09720000,0.09770000,2054833.00000000,201695.37835000,1618,1031682.50000000,101242.97185000
2026-08-22T15:00Z,0.09760000,0.09810000,0.09680000,0.09790000,2243640.30000000,218762.28917000,1830,983148.60000000,95890.38658000
2026-08-22T16:00Z,0.09800000,0.09970000,0.09750000,0.09930000,1640763.60000000,161976.06247000,1367,743025.60000000,73257.65503000
2026-08-22T17:00Z,0.09930000,0.10110000,0.09880000,0.10070000,2694601.70000000,269194.68087000,1900,1395180.80000000,139411.93082000
2026-08-22T18:00Z,0.10080000,0.10090000,0.09910000,0.09980000,4795127.40000000,478848.73114000,2258,1986697.80000000,198540.21286000
2026-08-22T19:00Z,0.09980000,0.10020000,0.09920000,0.09990000,1671864.70000000,166656.80135000,1196,856163.00000000,85375.67762000
2026-08-22T20:00Z,0.10000000,0.10050000,0.09890000,0.09920000,1413856.10000000,140944.90848000,1032,842282.80000000,83991.16392000
2026-08-22T21:00Z,0.09920000,0.09920000,0.09670000,0.09700000,4898053.10000000,477243.48616000,1993,1283905.10000000,125438.12584000
2026-08-22T22:00Z,0.09700000,0.09970000,0.09650000,0.09950000,3484584.40000000,342983.76955000,2280,1673587.30000000,164702.47330000
2026-08-22T23:00Z,0.09960000,0.09980000,0.09860000,0.09900000,1763933.10000000,174990.39342000,1164,1103148.70000000,109394.13952000
2026-08-23T00:00Z,0.09900000,0.10050000,0.09890000,0.10010000,1929018.30000000,192542.90449000,1585,1244828.60000000,124317.89608000
2026-08-23T01:00Z,0.10010000,0.10010000,0.09820000,0.09870000,6208258.20000000,614709.55127000,2795,3184838.30000000,315592.38686000
2026-08-23T02:00Z,0.09860000,0.09860000,0.09680000,0.09700000,4048691.30000000,394741.85086000,2732,2218713.30000000,216328.74247000
2026-08-23T03:00Z,0.09700000,0.09710000,0.09540000,0.09590000,3650164.00000000,350334.83874000,2415,1443000.60000000,138570.67564000
2026-08-23T04:00Z,0.09590000,0.09650000,0.09470000,0.09510000,5223990.50000000,498250.98071000,2725,1420797.70000000,135951.42070000
2026-08-23T05:00Z,0.09500000,0.09670000,0.09420000,0.09560000,3972641.50000000,380147.38910000,2919,2054844.40000000,196642.76923000
2026-08-23T06:00Z,0.09550000,0.09640000,0.09500000,0.09610000,2974004.70000000,285041.98541000,1935,1533912.30000000,147069.54533000
2026-08-23T07:00Z,0.09620000,0.09690000,0.09600000,0.09640000,2714941.20000000,262125.99540000,1811,1012688.90000000,97737.16468000
2026-08-23T08:00Z,0.09640000,0.09830000,0.09640000,0.09820000,1216068.30000000,118700.11731000,1124,739857.30000000,72252.84395000
2026-08-23T09:00Z,0.09820000,0.09890000,0.09800000,0.09850000,2211073.30000000,217675.09452000,1371,1018614.20000000,100216.06700000
2026-08-23T10:00Z,0.09850000,0.09990000,0.09850000,0.09950000,2394185.00000000,237475.61899000,1552,1224395.30000000,121449.68981000
2026-08-23T11:00Z,0.09950000,0.10060000,0.09930000,0.10010000,3653423.30000000,365186.92069000,1935,2202501.20000000,220138.14456000
2026-08-23T12:00Z,0.10010000,0.10100000,0.09930000,0.10060000,3593953.60000000,359134.50417000,2258,1741136.10000000,174089.55594000
2026-08-23T13:00Z,0.10060000,0.10380000,0.10060000,0.10330000,6398707.40000000,653753.31792000,4056,3602787.50000000,368547.21700000
2026-08-23T14:00Z,0.10330000,0.10360000,0.09960000,0.10160000,7459791.40000000,760353.46606000,5484,3585906.90000000,365888.63607000
2026-08-23T15:00Z,0.10170000,0.10340000,0.10090000,0.10210000,5643694.20000000,577538.18359000,3174,2652867.20000000,271707.17022000
2026-08-23T16:00Z,0.10210000,0.10280000,0.10140000,0.10240000,2739747.60000000,279853.24057000,1858,1383467.30000000,141336.33529000
2026-08-23T17:00Z,0.10240000,0.10280000,0.10130000,0.10160000,2351658.90000000,240060.01977000,1905,1035474.40000000,105784.63612000
2026-08-23T18:00Z,0.10150000,0.10220000,0.10140000,0.10220000,1348474.40000000,137204.55244000,1088,724236.10000000,73717.67184000
2026-08-23T19:00Z,0.10220000,0.10230000,0.10130000,0.10150000,1818852.90000000,185145.44369000,1293,1228669.00000000,125078.56682000
2026-08-23T20:00Z,0.10150000,0.10240000,0.10090000,0.10220000,1529578.80000000,155561.37360000,1295,650399.50000000,66136.79605000
2026-08-23T21:00Z,0.10220000,0.10350000,0.10220000,0.10260000,2197718.60000000,226202.68038000,1746,1139204.50000000,117225.66485000
2026-08-23T22:00Z,0.10260000,0.10290000,0.10180000,0.10180000,1572790.10000000,160698.85051000,1597,736766.60000000,75244.38410000
2026-08-23T23:00Z,0.10190000,0.10210000,0.10100000,0.10130000,2790106.70000000,283316.93012000,1962,1437764.20000000,146064.44893000
2026-08-24T00:00Z,0.10130000,0.10140000,0.09970000,0.10090000,3055843.10000000,306640.11599000,2143,1374390.40000000,137949.29400000
2026-08-24T01:00Z,0.10090000,0.10100000,0.09850000,0.09860000,2325506.60000000,231897.60472000,1913,995289.20000000,99248.01141000
2026-08-24T02:00Z,0.09860000,0.10060000,0.09820000,0.10010000,3042322.80000000,302488.08141000,1912,1968557.00000000,195561.98957000
2026-08-24T03:00Z,0.10000000,0.10010000,0.09890000,0.09940000,2348492.40000000,233472.21700000,1566,958066.30000000,95257.65549000
2026-08-24T04:00Z,0.09950000,0.10100000,0.09950000,0.09980000,2300736.70000000,230639.34031000,1583,1127931.40000000,113050.66892000
2026-08-24T05:00Z,0.09980000,0.10090000,0.09930000,0.10000000,2781227.40000000,278486.45758000,1923,1588807.10000000,159163.33853000
2026-08-24T06:00Z,0.09990000,0.10020000,0.09900000,0.09950000,1363289.80000000,135797.46228000,1205,716489.00000000,71428.65041000
2026-08-24T07:00Z,0.09950000,0.10020000,0.09900000,0.09930000,1735535.90000000,172789.44758000,1327,890063.70000000,88565.80726000
2026-08-24T08:00Z,0.09930000,0.09940000,0.09800000,0.09880000,3385727.90000000,334185.85458000,2439,1696772.20000000,167638.26626000
2026-08-24T09:00Z,0.09870000,0.09950000,0.09860000,0.09880000,1914570.80000000,189635.34765000,1296,1015665.90000000,100641.37398000
2026-08-24T10:00Z,0.09880000,0.09960000,0.09800000,0.09820000,2449368.60000000,241876.80571000,1907,1282741.70000000,126712.79332000
2026-08-24T11:00Z,0.09820000,0.09990000,0.09740000,0.09940000,5423440.30000000,536099.23344000,3585,2695729.90000000,266652.87974000
2026-08-24T12:00Z,0.09940000,0.09980000,0.09820000,0.09960000,3833734.00000000,379350.27498000,2657,1912448.50000000,189368.09131000
2026-08-24T13:00Z,0.09950000,0.10020000,0.09710000,0.09800000,5384996.40000000,531245.02255000,5624,2545086.70000000,251369.24472000
2026-08-24T14:00Z,0.09810000,0.10010000,0.09800000,0.09960000,3006349.20000000,298242.30305000,2427,1639337.80000000,162699.49037000
2026-08-24T15:00Z,0.09950000,0.10080000,0.09880000,0.09920000,6689350.00000000,667185.04844000,3623,2053867.50000000,204928.58660000
2026-08-24T16:00Z,0.09930000,0.10020000,0.09880000,0.09900000,2617707.70000000,260661.65906000,2628,1258434.90000000,125223.03917000
2026-08-24T17:00Z,0.09910000,0.09910000,0.09700000,0.09790000,5609905.30000000,549764.56627000,3618,2584218.10000000,253193.02656000
2026-08-24T18:00Z,0.09800000,0.09860000,0.09770000,0.09790000,1115111.10000000,109486.72523000,1366,670006.30000000,65772.15557000
2026-08-24T19:00Z,0.09790000,0.09820000,0.09690000,0.09710000,2434524.10000000,236984.91242000,2157,1162230.60000000,113185.87998000
2026-08-24T20:00Z,0.09710000,0.09750000,0.09640000,0.09740000,2558700.40000000,247796.57293000,1638,1126404.30000000,109192.46888000
2026-08-24T21:00Z,0.09750000,0.09780000,0.09730000,0.09740000,1063442.80000000,103627.44429000,576,569325.40000000,55464.56152000
2026-08-24T22:00Z,0.09730000,0.09750000,0.09590000,0.09600000,1281415.80000000,123857.85980000,1018,471472.20000000,45560.12663000
2026-08-24T23:00Z,0.09610000,0.09700000,0.09560000,0.09700000,1298646.30000000,125124.28774000,1078,812936.80000000,78247.38784000
2026-08-25T00:00Z,0.09690000,0.09850000,0.09630000,0.09820000,4645294.40000000,453662.91622000,2253,2692648.90000000,263065.56361000
2026-08-25T01:00Z,0.09820000,0.09870000,0.09780000,0.09830000,2135210.30000000,209940.75503000,1554,1291351.70000000,126958.47311000
2026-08-25T02:00Z,0.09830000,0.10010000,0.09780000,0.09870000,3773467.40000000,373790.37966000,2904,1623173.90000000,160756.68439000
2026-08-25T03:00Z,0.09860000,0.09930000,0.09760000,0.09790000,2232808.80000000,219844.39819000,1801,1018404.50000000,100397.26970000
2026-08-25T04:00Z,0.09790000,0.09860000,0.09750000,0.09840000,2562998.50000000,251365.16930000,1531,1263020.90000000,123925.42390000
2026-08-25T05:00Z,0.09830000,0.09910000,0.09830000,0.09870000,1382386.40000000,136631.88929000,1088,674932.10000000,66713.72884000
2026-08-25T06:00Z,0.09870000,0.09900000,0.09690000,0.09720000,2629789.40000000,257719.27688000,1877,1365087.50000000,134107.63323000
2026-08-25T07:00Z,0.09720000,0.09790000,0.09550000,0.09630000,3353936.10000000,325411.09045000,2232,1816672.70000000,176480.81288000
2026-08-25T08:00Z,0.09630000,0.09730000,0.09600000,0.09630000,5770118.40000000,557893.63648000,2214,2023847.40000000,195719.90337000
2026-08-25T09:00Z,0.09630000,0.09660000,0.09510000,0.09560000,3589203.50000000,344450.74250000,1846,1983062.50000000,190372.08486000
2026-08-25T10:00Z,0.09560000,0.09590000,0.09520000,0.09580000,1732828.10000000,165634.98453000,959,1083105.30000000,103575.66507000
2026-08-25T11:00Z,0.09580000,0.09580000,0.09480000,0.09480000,2105305.80000000,200396.26822000,1617,959454.60000000,91346.37086000
2026-08-25T12:00Z,0.09480000,0.09560000,0.09440000,0.09540000,2932259.80000000,278192.71129000,2161,1527151.20000000,144828.83869000
2026-08-25T13:00Z,0.09530000,0.09550000,0.09340000,0.09450000,3774749.10000000,356039.97308000,2653,1823321.50000000,171964.94631000
2026-08-25T14:00Z,0.09450000,0.09570000,0.09420000,0.09520000,3094303.90000000,294278.78241000,2250,1459405.30000000,138847.65820000
2026-08-25T15:00Z,0.09520000,0.09520000,0.09450000,0.09520000,1811802.70000000,171858.38340000,1311,682871.90000000,64776.19957000
2026-08-25T16:00Z,0.09510000,0.09530000,0.09450000,0.09480000,1025774.60000000,97406.20055000,781,379347.90000000,36028.46758000
2026-08-25T17:00Z,0.09480000,0.09510000,0.09420000,0.09490000,1417887.00000000,134219.20152000,1036,668550.80000000,63316.14744000
2026-08-25T18:00Z,0.09490000,0.09540000,0.09470000,0.09510000,1046808.50000000,99595.80313000,716,642273.00000000,61112.69200000
2026-08-25T19:00Z,0.09510000,0.09530000,0.09390000,0.09410000,911563.80000000,86161.06942000,764,446163.80000000,42227.22502000
2026-08-25T20:00Z,0.09410000,0.09410000,0.09230000,0.09230000,5675874.40000000,527484.35526000,2679,1864781.80000000,173577.01284000
2026-08-25T21:00Z,0.09230000,0.09270000,0.09100000,0.09260000,3565253.50000000,327526.53454000,2091,1551349.90000000,142494.68879000
2026-08-25T22:00Z,0.09260000,0.09340000,0.09260000,0.09330000,821753.70000000,76535.61374000,740,460143.00000000,42878.70279000
2026-08-25T23:00Z,0.09330000,0.09350000,0.09190000,0.09210000,2028728.00000000,188441.18831000,1687,928658.40000000,86305.08612000
2026-08-26T00:00Z,0.09220000,0.09290000,0.09190000,0.09270000,1209329.50000000,111856.69158000,743,615246.00000000,56884.26066000
2026-08-26T01:00Z,0.09260000,0.09340000,0.09260000,0.09330000,3203774.30000000,298265.64797000,1312,1898184.10000000,176702.74882000
2026-08-26T02:00Z,0.09330000,0.09420000,0.09320000,0.09380000,1269454.30000000,118920.21235000,884,562808.50000000,52673.02093000
2026-08-26T03:00Z,0.09380000,0.09400000,0.09330000,0.09340000,1448291.50000000,135428.16683000,788,993748.30000000,92914.22832000
2026-08-26T04:00Z,0.09340000,0.09370000,0.09280000,0.09280000,1469850.00000000,137272.09256000,1108,850760.20000000,79483.74929000
2026-08-26T05:00Z,0.09280000,0.09350000,0.09220000,0.09330000,1649196.20000000,153165.05727000,961,710947.90000000,65981.80270000
2026-08-26T06:00Z,0.09330000,0.09370000,0.09310000,0.09350000,933539.20000000,87192.35193000,571,484850.50000000,45290.41538000
2026-08-26T07:00Z,0.09360000,0.09380000,0.09310000,0.09310000,1758237.50000000,164389.91508000,1040,914297.30000000,85474.04788000
2026-08-26T08:00Z,0.09310000,0.09350000,0.09260000,0.09270000,805038.70000000,74981.08850000,513,256929.40000000,23930.12083000
2026-08-26T09:00Z,0.09280000,0.09290000,0.09150000,0.09200000,1389054.10000000,128029.22356000,857,690602.30000000,63658.57774000
2026-08-26T10:00Z,0.09200000,0.09330000,0.09180000,0.09300000,920364.10000000,85125.38359000,740,526739.70000000,48711.39673000
2026-08-26T11:00Z,0.09300000,0.09320000,0.09180000,0.09200000,1623550.40000000,150004.88482000,1159,825494.70000000,76251.03924000
2026-08-26T12:00Z,0.09200000,0.09300000,0.09160000,0.09200000,2531769.70000000,233648.44473000,2019,1183304.80000000,109236.40070000
2026-08-26T13:00Z,0.09200000,0.09220000,0.09060000,0.09120000,3915705.10000000,357063.59697000,2465,1827171.20000000,166598.24159000
2026-08-26T14:00Z,0.09110000,0.09150000,0.08860000,0.08880000,6303280.10000000,566440.71310000,3834,3015130.20000000,271018.97416000
2026-08-26T15:00Z,0.08880000,0.08920000,0.08810000,0.08890000,4738450.70000000,420293.29742000,2588,2314951.70000000,205354.63863000
2026-08-26T16:00Z,0.08890000,0.08940000,0.08860000,0.08900000,1489570.30000000,132519.34980000,970,888650.40000000,79047.17367000
2026-08-26T17:00Z,0.08910000,0.09040000,0.08910000,0.08950000,1920795.70000000,172446.57993000,1082,1054809.90000000,94623.68585000
2026-08-26T18:00Z,0.08950000,0.08960000,0.08900000,0.08960000,1485132.10000000,132586.55583000,803,897807.90000000,80161.56928000
2026-08-26T19:00Z,0.08950000,0.08980000,0.08910000,0.08920000,908577.90000000,81239.37835000,577,529684.40000000,47349.93735000
2026-08-26T20:00Z,0.08920000,0.08950000,0.08860000,0.08950000,1059167.00000000,94293.28757000,757,502816.50000000,44784.22307000
2026-08-26T21:00Z,0.08960000,0.09040000,0.08930000,0.09030000,1498160.70000000,134660.26398000,1015,838319.90000000,75394.71096000
2026-08-26T22:00Z,0.09020000,0.09110000,0.09020000,0.09070000,2269450.80000000,205788.14777000,1729,1229119.30000000,111469.43408000
2026-08-26T23:00Z,0.09060000,0.09390000,0.09050000,0.09280000,6374848.60000000,588650.13956000,2464,3919672.50000000,361388.48990000
2026-08-27T00:00Z,0.09280000,0.09290000,0.09140000,0.09150000,1365451.10000000,125679.73991000,975,685908.20000000,63190.10263000
2026-08-27T01:00Z,0.09150000,0.09200000,0.09100000,0.09150000,1707480.70000000,156381.57026000,1117,631497.80000000,57819.52327000
2026-08-27T02:00Z,0.09150000,0.09170000,0.09060000,0.09060000,329296.30000000,30014.81986000,333,181296.50000000,16517.74593000
2026-08-27T03:00Z,0.09060000,0.09120000,0.09030000,0.09090000,794900.30000000,72256.19658000,528,504937.40000000,45918.40104000
2026-08-27T04:00Z,0.09100000,0.09120000,0.08990000,0.09020000,867880.10000000,78554.84726000,645,293310.70000000,26546.73230000
2026-08-27T05:00Z,0.09010000,0.09090000,0.08990000,0.09090000,1299584.90000000,117634.72036000,917,587731.60000000,53183.70464000
2026-08-27T06:00Z,0.09080000,0.09150000,0.09020000,0.09130000,864951.10000000,78499.48704000,729,295910.90000000,26877.76921000
2026-08-27T07:00Z,0.09130000,0.09140000,0.09070000,0.09120000,1435124.90000000,130693.46249000,809,709553.50000000,64631.92286000
2026-08-27T08:00Z,0.09120000,0.09300000,0.09110000,0.09280000,3461402.80000000,319828.96967000,2034,1837776.90000000,169799.58212000
2026-08-27T09:00Z,0.09270000,0.09340000,0.09200000,0.09210000,3018074.20000000,279967.32655000,1918,1419633.20000000,131749.84524000
2026-08-27T10:00Z,0.09220000,0.09250000,0.09030000,0.09070000,3209983.20000000,291969.93847000,1689,1106665.50000000,100682.71894000
2026-08-27T11:00Z,0.09070000,0.09110000,0.08970000,0.09020000,2205189.30000000,198981.84324000,1256,819022.90000000,73941.72839000
2026-08-27T12:00Z,0.09030000,0.09070000,0.09010000,0.09040000,1641925.50000000,148449.39391000,1109,730472.60000000,66064.16262000
2026-08-27T13:00Z,0.09050000,0.09120000,0.08990000,0.09110000,3983973.40000000,360327.12697000,1872,2339582.70000000,211553.49583000
2026-08-27T14:00Z,0.09100000,0.09230000,0.09040000,0.09150000,1814747.10000000,165871.96383000,1778,968587.10000000,88590.09017000
2026-08-27T15:00Z,0.09150000,0.09240000,0.09130000,0.09150000,3076483.50000000,282338.01059000,1860,1604847.00000000,147314.35864000
2026-08-27T16:00Z,0.09160000,0.09280000,0.09100000,0.09220000,2228047.20000000,205430.35404000,1429,996964.80000000,91947.02914000
2026-08-27T17:00Z,0.09210000,0.09250000,0.09150000,0.09170000,862519.30000000,79310.35028000,808,388831.50000000,35761.12704000
2026-08-27T18:00Z,0.09160000,0.09180000,0.09030000,0.09130000,2227545.90000000,202436.86339000,1313,988431.20000000,89778.54648000
2026-08-27T19:00Z,0.09140000,0.09140000,0.09080000,0.09110000,990852.30000000,90279.20630000,640,518259.50000000,47239.94291000
2026-08-27T20:00Z,0.09110000,0.09190000,0.09080000,0.09130000,782552.20000000,71412.62594000,562,256897.20000000,23463.88295000
2026-08-27T21:00Z,0.09140000,0.09170000,0.09100000,0.09130000,2408827.90000000,219593.14082000,681,1885925.40000000,171863.97043000
2026-08-27T22:00Z,0.09130000,0.09270000,0.09130000,0.09270000,1445740.90000000,133049.49541000,854,917463.50000000,84403.26101000
2026-08-27T23:00Z,0.09270000,0.09280000,0.09170000,0.09190000,1762086.90000000,162691.56363000,701,640846.90000000,59169.69973000
2026-08-28T00:00Z,0.09200000,0.09300000,0.09180000,0.09220000,1818889.90000000,168383.35369000,838,854594.50000000,79040.59963000
2026-08-28T01:00Z,0.09220000,0.09440000,0.09190000,0.09210000,2246332.90000000,209240.94887000,1512,1094061.30000000,101866.21432000
2026-08-28T02:00Z,0.09210000,0.09210000,0.09000000,0.09030000,2291955.70000000,207955.06675000,1011,1081862.20000000,98219.23724000
2026-08-28T03:00Z,0.09020000,0.09050000,0.08950000,0.09000000,1477564.30000000,133079.70690000,702,687385.10000000,61909.58053000
2026-08-28T04:00Z,0.09010000,0.09040000,0.08930000,0.08990000,1094638.50000000,98448.14807000,694,634261.70000000,56991.48658000
2026-08-28T05:00Z,0.08990000,0.09030000,0.08950000,0.09000000,703598.60000000,63322.87301000,358,439835.20000000,39596.58856000
2026-08-28T06:00Z,0.09010000,0.09080000,0.09010000,0.09050000,794606.80000000,71864.80828000,540,332898.50000000,30106.96955000
2026-08-28T07:00Z,0.09050000,0.09060000,0.09000000,0.09010000,1093387.00000000,98676.91372000,468,673855.90000000,60817.12189000
2026-08-28T08:00Z,0.09020000,0.09060000,0.08950000,0.08970000,1253997.80000000,112891.63269000,522,688435.80000000,62054.36636000
2026-08-28T09:00Z,0.08970000,0.09010000,0.08920000,0.08940000,1589513.20000000,142321.79661000,1010,608799.50000000,54559.74416000
2026-08-28T10:00Z,0.08940000,0.09020000,0.08870000,0.09020000,1570291.10000000,140216.07559000,872,724407.80000000,64746.01928000
2026-08-28T11:00Z,0.09020000,0.09050000,0.08990000,0.09010000,1094360.70000000,98745.64032000,634,492748.30000000,44483.60734000
2026-08-28T12:00Z,0.09010000,0.09020000,0.08950000,0.08970000,788399.70000000,70724.26963000,635,253384.60000000,22742.96903000
2026-08-28T13:00Z,0.08970000,0.09010000,0.08930000,0.08980000,1717571.00000000,153874.14783000,849,777795.20000000,69682.89217000
2026-08-28T14:00Z,0.08980000,0.09120000,0.08780000,0.09080000,6450554.20000000,576880.81565000,3621,3193193.20000000,285788.12906000
2026-08-28T15:00Z,0.09080000,0.09110000,0.08810000,0.08840000,3493395.90000000,313741.24083000,2232,1460288.30000000,131149.05759000
2026-08-28T16:00Z,0.08840000,0.08860000,0.08630000,0.08830000,6482903.50000000,567646.50784000,2889,2820386.70000000,247093.10714000
2026-08-28T17:00Z,0.08820000,0.08880000,0.08800000,0.08840000,1643329.30000000,145202.15374000,1243,609824.40000000,53922.46496000
2026-08-28T18:00Z,0.08830000,0.08840000,0.08680000,0.08740000,2137653.60000000,186741.86331000,1300,858287.70000000,75003.97409000
2026-08-28T19:00Z,0.08740000,0.08790000,0.08720000,0.08750000,609037.30000000,53324.11766000,526,263681.10000000,23093.29236000
2026-08-28T20:00Z,0.08740000,0.08780000,0.08730000,0.08750000,1122405.10000000,98268.88063000,487,645664.10000000,56548.75520000
2026-08-28T21:00Z,0.08750000,0.08770000,0.08680000,0.08700000,814822.60000000,71107.97914000,581,397791.50000000,34717.35847000
2026-08-28T22:00Z,0.08690000,0.08780000,0.08690000,0.08770000,1223082.60000000,106909.68520000,662,506565.00000000,44277.57121000
2026-08-28T23:00Z,0.08770000,0.08790000,0.08750000,0.08780000,976301.10000000,85573.12225000,691,161038.70000000,14129.25644000
2026-08-29T00:00Z,0.08780000,0.08890000,0.08780000,0.08860000,1031206.60000000,91125.32344000,741,587947.30000000,51934.48881000
2026-08-29T01:00Z,0.08860000,0.08860000,0.08800000,0.08810000,1069577.60000000,94455.18486000,520,382834.90000000,33861.71018000
2026-08-29T02:00Z,0.08820000,0.08830000,0.08740000,0.08770000,1075733.40000000,94312.50408000,448,299776.40000000,26268.58918000
2026-08-29T03:00Z,0.08770000,0.08770000,0.08730000,0.08740000,395829.90000000,34636.73820000,214,171835.00000000,15032.68479000
2026-08-29T04:00Z,0.08740000,0.08770000,0.08730000,0.08740000,536776.10000000,46978.35401000,351,208965.50000000,18292.17444000
2026-08-29T05:00Z,0.08740000,0.08830000,0.08730000,0.08830000,973660.10000000,85513.44144000,860,559633.20000000,49178.85360000
2026-08-29T06:00Z,0.08820000,0.08820000,0.08770000,0.08790000,626315.60000000,55008.15327000,390,306633.90000000,26929.14474000
2026-08-29T07:00Z,0.08780000,0.08810000,0.08750000,0.08770000,881115.80000000,77304.13842000,500,397198.80000000,34849.13459000
2026-08-29T08:00Z,0.08760000,0.08760000,0.08690000,0.08710000,1150911.40000000,100269.21971000,573,686448.40000000,59812.38934000
2026-08-29T09:00Z,0.08700000,0.08730000,0.08690000,0.08720000,738434.60000000,64322.22760000,466,192399.60000000,16767.73336000
2026-08-29T10:00Z,0.08710000,0.08740000,0.08700000,0.08710000,901407.70000000,78594.20493000,323,626924.10000000,54659.91654000
2026-08-29T11:00Z,0.08710000,0.08740000,0.08690000,0.08690000,395017.60000000,34414.13857000,218,269378.50000000,23476.27327000
2026-08-29T12:00Z,0.08700000,0.08740000,0.08690000,0.08710000,298539.60000000,26014.68020000,227,170433.10000000,14854.05916000
2026-08-29T13:00Z,0.08710000,0.08740000,0.08690000,0.08740000,602649.30000000,52521.51772000,303,318741.70000000,27791.31652000
2026-08-29T14:00Z,0.08740000,0.08850000,0.08730000,0.08820000,1168794.10000000,102624.83958000,771,644208.10000000,56575.72152000
2026-08-29T15:00Z,0.08820000,0.08820000,0.08760000,0.08780000,1042400.70000000,91646.21548000,589,448513.40000000,39440.09643000
2026-08-29T16:00Z,0.08770000,0.08830000,0.08760000,0.08800000,2130488.00000000,187430.94597000,740,671026.90000000,59052.57140000
2026-08-29T17:00Z,0.08800000,0.08820000,0.08770000,0.08790000,791934.40000000,69608.01459000,387,541675.30000000,47615.25195000
2026-08-29T18:00Z,0.08800000,0.08820000,0.08770000,0.08780000,342298.50000000,30095.83134000,281,113633.20000000,9996.00697000
2026-08-29T19:00Z,0.08780000,0.08810000,0.08770000,0.08780000,352323.90000000,30957.49440000,319,217298.60000000,19096.56872000
2026-08-29T20:00Z,0.08780000,0.08840000,0.08780000,0.08840000,705212.00000000,62201.23430000,373,457854.00000000,40387.69597000
2026-08-29T21:00Z,0.08840000,0.08840000,0.08780000,0.08790000,550464.90000000,48495.91328000,247,217575.30000000,19167.86797000
2026-08-29T22:00Z,0.08790000,0.08790000,0.08760000,0.08780000,163337.50000000,14335.30448000,163,86744.80000000,7615.11902000
2026-08-29T23:00Z,0.08790000,0.08790000,0.08740000,0.08770000,726746.20000000,63673.88767000,379,463186.90000000,40586.88420000
2026-08-30T00:00Z,0.08770000,0.08790000,0.08730000,0.08730000,407590.80000000,35675.96233000,220,223844.80000000,19593.81967000
2026-08-30T01:00Z,0.08730000,0.08740000,0.08670000,0.08670000,862111.80000000,75008.90743000,415,319090.70000000,27779.27217000
2026-08-30T02:00Z,0.08670000,0.08720000,0.08660000,0.08700000,645581.00000000,56072.10466000,347,309888.80000000,26913.54146000
2026-08-30T03:00Z,0.08700000,0.08700000,0.08640000,0.08650000,848343.00000000,73584.96353000,520,341499.40000000,29634.36498000
2026-08-30T04:00Z,0.08650000,0.08670000,0.08570000,0.08630000,1449469.40000000,124816.76041000,628,955637.90000000,82294.32063000
2026-08-30T05:00Z,0.08630000,0.08680000,0.08620000,0.08660000,1399420.40000000,121187.28990000,758,570420.30000000,49390.96647000
2026-08-30T06:00Z,0.08670000,0.08720000,0.08630000,0.08700000,1032093.80000000,89654.33786000,598,683511.40000000,59390.76839000
2026-08-30T07:00Z,0.08690000,0.08690000,0.08620000,0.08650000,835450.90000000,72365.78087000,580,411202.40000000,35630.77731000
2026-08-30T08:00Z,0.08640000,0.08660000,0.08630000,0.08630000,1194769.30000000,103228.05669000,493,691162.30000000,59704.88432000
2026-08-30T09:00Z,0.08640000,0.08660000,0.08630000,0.08660000,896649.60000000,77496.57115000,458,470865.50000000,40702.24292000
2026-08-30T10:00Z,0.08660000,0.08790000,0.08650000,0.08770000,2800006.70000000,244280.08232000,1074,1898414.40000000,165579.07839000
2026-08-30T11:00Z,0.08780000,0.08800000,0.08750000,0.08790000,945648.80000000,82952.94499000,404,586073.10000000,51429.93231000
2026-08-30T12:00Z,0.08790000,0.08860000,0.08780000,0.08860000,1697606.00000000,149711.50390000,769,934766.10000000,82461.93628000
2026-08-30T13:00Z,0.08860000,0.08950000,0.08840000,0.08930000,2296055.40000000,204286.52518000,1226,1333774.50000000,118712.97297000
2026-08-30T14:00Z,0.08920000,0.09000000,0.08910000,0.08930000,2613835.60000000,234223.78525000,1396,1536336.90000000,137618.91676000
2026-08-30T15:00Z,0.08930000,0.08940000,0.08820000,0.08850000,3423229.40000000,303662.64436000,1413,1900553.90000000,168592.71608000
2026-08-30T16:00Z,0.08850000,0.09000000,0.08830000,0.08970000,4252745.60000000,380100.40828000,2258,2641707.60000000,236191.94399000
2026-08-30T17:00Z,0.08970000,0.08990000,0.08880000,0.08940000,2895596.50000000,258610.08947000,1323,1267382.70000000,113233.07540000
2026-08-30T18:00Z,0.08950000,0.09100000,0.08910000,0.09020000,5286665.20000000,475632.08812000,2176,2896620.60000000,260578.29366000
2026-08-30T19:00Z,0.09020000,0.09020000,0.08920000,0.08940000,2087476.40000000,187126.66250000,879,1214977.40000000,108919.83736000
2026-08-30T20:00Z,0.08950000,0.09000000,0.08830000,0.08910000,2415390.00000000,215227.58328000,1556,1266383.00000000,112863.44956000
2026-08-30T21:00Z,0.08910000,0.08940000,0.08840000,0.08940000,3230291.60000000,287067.81094000,1721,1339287.60000000,119083.15541000
2026-08-30T22:00Z,0.08950000,0.09000000,0.08810000,0.08860000,1750781.20000000,155710.87985000,1250,849594.50000000,75634.84302000
2026-08-30T23:00Z,0.08850000,0.08870000,0.08310000,0.08430000,16662321.10000000,1418402.90167000,10026,7608414.60000000,646784.96812000
2026-08-31T00:00Z,0.08420000,0.08570000,0.08390000,0.08520000,2166813.90000000,184078.26999000,1629,873891.20000000,74174.74101000
2026-08-31T01:00Z,0.08520000,0.08540000,0.08410000,0.08420000,1640350.00000000,138975.24100000,1269,771464.70000000,65350.84257000
2026-08-31T02:00Z,0.08430000,0.08530000,0.08390000,0.08430000,1655562.00000000,140259.97399000,812,715948.90000000,60663.55046000
2026-08-31T03:00Z,0.08430000,0.08560000,0.08420000,0.08550000,594976.60000000,50576.41707000,435,314752.20000000,26729.22950000
2026-08-31T04:00Z,0.08550000,0.08550000,0.08460000,0.08500000,979117.60000000,83155.07710000,588,503190.60000000,42717.07695000
2026-08-31T05:00Z,0.08500000,0.08660000,0.08490000,0.08610000,1461529.00000000,125645.38964000,1052,682015.40000000,58660.53602000
2026-08-31T06:00Z,0.08610000,0.08650000,0.08600000,0.08630000,1412883.50000000,121818.05000000,878,640899.00000000,55295.66928000
2026-08-31T07:00Z,0.08620000,0.08710000,0.08620000,0.08630000,1290100.50000000,111842.63343000,889,783593.40000000,67959.89469000
2026-08-31T08:00Z,0.08630000,0.08660000,0.08570000,0.08630000,1429623.10000000,123298.28933000,887,613536.50000000,52894.48986000
2026-08-31T09:00Z,0.08630000,0.08700000,0.08620000,0.08650000,1584191.10000000,136979.77843000,667,770214.90000000,66630.67386000
2026-08-31T10:00Z,0.08660000,0.08660000,0.08600000,0.08630000,2113131.90000000,182408.79253000,917,812351.30000000,70125.86068000
2026-08-31T11:00Z,0.08630000,0.08660000,0.08590000,0.08600000,1320135.00000000,113824.77502000,610,564223.50000000,48644.00927000
2026-08-31T12:00Z,0.08600000,0.08680000,0.08540000,0.08570000,1660715.40000000,143032.51471000,999,760052.90000000,65459.50712000
2026-08-31T13:00Z,0.08570000,0.08600000,0.08490000,0.08520000,2018894.20000000,172616.19863000,1274,917158.70000000,78432.62432000
2026-08-31T14:00Z,0.08530000,0.08740000,0.08520000,0.08720000,3283320.40000000,283483.92130000,2103,2055895.00000000,177357.45579000
2026-08-31T15:00Z,0.08720000,0.08780000,0.08650000,0.08750000,3100633.10000000,270392.79088000,1640,1735335.80000000,151319.96847000
2026-08-31T16:00Z,0.08750000,0.08810000,0.08690000,0.08770000,2777475.20000000,243233.80599000,1690,1825719.90000000,159922.88339000
2026-08-31T17:00Z,0.08770000,0.09450000,0.08760000,0.09410000,24649022.60000000,2252475.95036000,11955,13128874.80000000,1200928.09785000
2026-08-31T18:00Z,0.09420000,0.09660000,0.09310000,0.09460000,22715764.50000000,2160289.30724000,12800,11911384.20000000,1132214.05117000
2026-08-31T19:00Z,0.09460000,0.09710000,0.09420000,0.09640000,10634682.30000000,1015615.25040000,5822,5886186.30000000,562673.34308000
2026-08-31T20:00Z,0.09640000,0.10070000,0.09640000,0.10030000,28204386.90000000,2791841.21007000,17059,15855966.60000000,1569972.32665000
2026-08-31T21:00Z,0.10030000,0.10770000,0.09900000,0.10650000,23355381.20000000,2430153.80756000,16404,11394153.50000000,1184271.77720000
2026-08-31T22:00Z,0.10640000,0.10870000,0.10520000,0.10710000,41960232.90000000,4482976.71539000,23835,19699858.40000000,2105787.92649000
2026-08-31T23:00Z,0.10720000,0.10990000,0.10630000,0.10940000,32699689.50000000,3544078.20677000,19409,16453559.70000000,1784253.23969000
2026-09-01T00:00Z,0.10940000,0.11770000,0.10720000,0.11710000,58352439.70000000,6602559.87804000,43675,30131812.00000000,3414042.30816000
2026-09-01T01:00Z,0.11700000,0.12020000,0.11330000,0.11440000,51022023.80000000,6005172.62362000,34433,25507902.70000000,3005337.45423000
2026-09-01T02:00Z,0.11440000,0.11440000,0.10980000,0.11250000,44556153.20000000,4998380.43812000,26278,21733202.50000000,2438259.01542000
2026-09-01T03:00Z,0.11240000,0.11530000,0.11080000,0.11150000,24386097.20000000,2754718.48715000,17291,12481523.30000000,1410729.46148000
2026-09-01T04:00Z,0.11150000,0.11230000,0.10820000,0.11100000,21204111.10000000,2343933.24196000,13947,10175770.00000000,1126612.17932000
2026-09-01T05:00Z,0.11100000,0.11250000,0.11060000,0.11180000,11196633.90000000,1248302.63722000,11818,5802371.30000000,646882.74144000
2026-09-01T06:00Z,0.11180000,0.11230000,0.10930000,0.11140000,13657524.40000000,1517893.17655000,10766,6922817.80000000,769709.19080000
2026-09-01T07:00Z,0.11140000,0.11460000,0.11050000,0.11290000,23437914.00000000,2650555.78927000,15012,12266261.00000000,1387875.91842000
2026-09-01T08:00Z,0.11290000,0.11310000,0.10520000,0.10680000,40656222.00000000,4416555.51453000,23252,19458773.40000000,2113026.19084000
2026-09-01T09:00Z,0.10690000,0.11070000,0.10630000,0.10990000,18384965.70000000,1995780.57080000,10576,10320337.80000000,1120359.45479000
2026-09-01T10:00Z,0.10990000,0.11360000,0.10890000,0.11250000,13260565.10000000,1477547.14095000,7841,6981857.40000000,778175.58679000
2026-09-01T11:00Z,0.11250000,0.11630000,0.11190000,0.11330000,34194625.80000000,3903458.04068000,21705,16259651.40000000,1856261.62383000
2026-09-01T12:00Z,0.11330000,0.11340000,0.10850000,0.10940000,18092226.10000000,2005722.22438000,14048,8618451.50000000,956089.76288000
2026-09-01T13:00Z,0.10940000,0.11180000,0.10840000,0.10970000,16875926.10000000,1854437.31022000,14529,8966389.80000000,985658.23971000
2026-09-01T14:00Z,0.10970000,0.11310000,0.10860000,0.10980000,31033498.10000000,3425127.98695000,19021,14870238.70000000,1641014.12372000
2026-09-01T15:00Z,0.10980000,0.11070000,0.10710000,0.10970000,14603827.50000000,1593606.85021000,13449,6714276.60000000,733233.37068000
2026-09-01T16:00Z,0.10970000,0.11050000,0.10710000,0.10880000,11369908.80000000,1236779.85423000,9667,5262626.20000000,573088.49334000
2026-09-01T17:00Z,0.10880000,0.10890000,0.10680000,0.10730000,8496184.90000000,917198.38702000,4856,4096512.20000000,442106.75904000
2026-09-01T18:00Z,0.10730000,0.10820000,0.10450000,0.10640000,12263295.70000000,1303721.37871000,8260,5042057.50000000,535790.49814000
2026-09-01T19:00Z,0.10650000,0.10910000,0.10550000,0.10820000,8130769.80000000,874407.07010000,4666,4018563.80000000,432168.28506000
2026-09-01T20:00Z,0.10820000,0.10830000,0.10630000,0.10720000,4096159.00000000,438028.03648000,2766,2107834.50000000,225337.28660000
2026-09-01T21:00Z,0.10710000,0.10860000,0.10570000,0.10850000,5019175.30000000,538047.82557000,3582,2334106.10000000,249929.07337000
2026-09-01T22:00Z,0.10840000,0.10940000,0.10740000,0.10840000,3941912.40000000,426919.49546000,4175,1743897.90000000,189007.08445000
2026-09-01T23:00Z,0.10850000,0.11060000,0.10850000,0.11040000,4662113.60000000,512215.82027000,3737,2357733.00000000,259090.57732000
2026-09-02T00:00Z,0.11040000,0.11050000,0.10760000,0.10800000,4819554.20000000,524886.11010000,4909,1865139.40000000,202946.53866000
2026-09-02T01:00Z,0.10800000,0.11070000,0.10780000,0.11040000,6756306.80000000,739150.37370000,5716,3649376.40000000,399179.55158000
2026-09-02T02:00Z,0.11050000,0.11280000,0.10930000,0.11150000,9667492.80000000,1075205.09607000,8408,4844578.00000000,538800.69995000
2026-09-02T03:00Z,0.11150000,0.11330000,0.11110000,0.11300000,7204905.60000000,809772.69384000,7724,3621607.30000000,406774.32744000
2026-09-02T04:00Z,0.11300000,0.11490000,0.11190000,0.11220000,10690142.90000000,1214057.78284000,8206,5394331.20000000,612314.42849000
2026-09-02T05:00Z,0.11220000,0.11350000,0.11130000,0.11340000,5539917.90000000,623460.48004000,6265,2788514.70000000,314035.14367000
2026-09-02T06:00Z,0.11350000,0.11500000,0.11280000,0.11410000,5841441.40000000,665334.79460000,5980,2889379.00000000,329265.82977000
2026-09-02T07:00Z,0.11420000,0.11580000,0.11370000,0.11460000,6618475.60000000,759558.25918000,6733,3090203.30000000,354628.18778000
2026-09-02T08:00Z,0.11470000,0.11960000,0.11440000,0.11630000,19430435.00000000,2283353.97910000,16388,10209568.90000000,1200849.63462000
2026-09-02T09:00Z,0.11640000,0.11830000,0.11410000,0.11490000,12669306.40000000,1473041.80590000,8910,6014710.60000000,699390.39574000
2026-09-02T10:00Z,0.11490000,0.11490000,0.10950000,0.11090000,27875049.30000000,3117989.73731000,17350,13272125.60000000,1486636.42645000
2026-09-02T11:00Z,0.11090000,0.11120000,0.10590000,0.10760000,20606835.40000000,2223886.08377000,14778,8789563.50000000,949733.91374000
2026-09-02T12:00Z,0.10760000,0.10910000,0.10720000,0.10870000,5588228.00000000,606248.54678000,5035,3891666.60000000,422346.15312000
2026-09-02T13:00Z,0.10870000,0.11250000,0.10870000,0.11090000,8984844.10000000,993574.04804000,6801,4477769.80000000,494764.96966000
2026-09-02T14:00Z,0.11090000,0.11780000,0.11050000,0.11590000,20630525.00000000,2367481.47908000,15044,9999211.40000000,1145410.14511000
2026-09-02T15:00Z,0.11600000,0.12000000,0.11460000,0.11660000,17700449.10000000,2065976.58559000,12496,10027833.80000000,1170058.32013000
2026-09-02T16:00Z,0.11660000,0.12560000,0.11540000,0.12210000,49419572.00000000,6008425.46870000,38326,22922902.60000000,2784300.64072000
2026-09-02T17:00Z,0.12200000,0.12490000,0.12010000,0.12230000,23569243.80000000,2887423.41417000,19149,12588112.40000000,1543641.73880000
2026-09-02T18:00Z,0.12230000,0.12670000,0.12200000,0.12410000,16303749.80000000,2032018.35524000,15467,9068882.50000000,1130494.48037000
2026-09-02T19:00Z,0.12410000,0.12550000,0.12330000,0.12410000,8948181.50000000,1113539.56671000,7416,4613093.60000000,574343.85852000
2026-09-02T20:00Z,0.12400000,0.12550000,0.12180000,0.12290000,9445087.60000000,1166045.40665000,6501,4565399.30000000,563781.26533000
2026-09-02T21:00Z,0.12290000,0.12320000,0.12120000,0.12210000,6268087.70000000,765586.42160000,4103,3273052.40000000,399734.36131000
2026-09-02T22:00Z,0.12210000,0.12450000,0.12170000,0.12340000,7861654.70000000,968893.40483000,6087,3871612.80000000,477260.72200000
2026-09-02T23:00Z,0.12340000,0.12780000,0.12240000,0.12410000,18019190.10000000,2243958.28023000,11742,8808896.10000000,1098250.07472000
2026-09-03T00:00Z,0.12410000,0.12490000,0.12280000,0.12310000,5683855.20000000,704480.66541000,5350,3165378.40000000,392493.09542000
2026-09-03T01:00Z,0.12300000,0.12590000,0.12240000,0.12460000,6464941.70000000,802390.47022000,6499,3290117.20000000,408262.83483000
2026-09-03T02:00Z,0.12460000,0.13270000,0.12390000,0.13200000,19315822.50000000,2487436.15136000,14801,11012806.10000000,1419057.36984000
2026-09-03T03:00Z,0.13210000,0.13210000,0.12690000,0.12730000,10160465.60000000,1318269.00105000,9861,4560890.30000000,592199.60648000
2026-09-03T04:00Z,0.12730000,0.13080000,0.12640000,0.13080000,12053883.40000000,1548934.03035000,12535,5747285.50000000,738650.47119000
2026-09-03T05:00Z,0.13070000,0.13180000,0.12820000,0.13150000,8316189.80000000,1082148.76312000,8076,4379862.10000000,570078.61560000
2026-09-03T06:00Z,0.13160000,0.13610000,0.13090000,0.13510000,18770172.00000000,2511598.46443000,14153,9891967.20000000,1324280.54619000
2026-09-03T07:00Z,0.13500000,0.13790000,0.13320000,0.13740000,15554453.00000000,2100778.73875000,12636,7724388.90000000,1044462.03924000
2026-09-03T08:00Z,0.13730000,0.13940000,0.13480000,0.13590000,19200226.30000000,2632863.26312000,13594,9698797.20000000,1330015.21653000
2026-09-03T09:00Z,0.13580000,0.14130000,0.13550000,0.13820000,18152897.70000000,2504848.66374000,17129,9429347.70000000,1302094.55912000
2026-09-03T10:00Z,0.13820000,0.13990000,0.13410000,0.13550000,20422123.10000000,2795194.09776000,18479,9282330.30000000,1271436.05125000
2026-09-03T11:00Z,0.13540000,0.13800000,0.13340000,0.13590000,13507669.50000000,1831968.15086000,12804,6113685.70000000,829485.76055000
2026-09-03T12:00Z,0.13590000,0.13760000,0.13460000,0.13500000,12591526.30000000,1711201.55423000,9483,6489322.00000000,882007.88315000
2026-09-03T13:00Z,0.13500000,0.13660000,0.13240000,0.13270000,11827629.10000000,1587593.89826000,10227,6176714.90000000,829158.53911000
2026-09-03T14:00Z,0.13260000,0.13730000,0.13160000,0.13380000,24949969.40000000,3340604.91934000,23557,14244698.80000000,1906563.37499000
2026-09-03T15:00Z,0.13390000,0.13430000,0.13030000,0.13220000,19153964.00000000,2529284.11843000,22095,8199324.20000000,1082754.14578000
2026-09-03T16:00Z,0.13210000,0.13230000,0.12980000,0.13100000,11768885.70000000,1544393.36316000,10933,6124337.10000000,803852.63787000
2026-09-03T17:00Z,0.13110000,0.13330000,0.13070000,0.13280000,8077358.50000000,1066980.33361000,6515,4013557.00000000,530146.08990000
2026-09-03T18:00Z,0.13290000,0.14500000,0.13240000,0.14470000,44835676.50000000,6241960.53286000,36027,25589034.30000000,3563633.46161000
2026-09-03T19:00Z,0.14470000,0.14480000,0.13700000,0.13860000,24406773.10000000,3452895.11797000,29193,12862513.30000000,1819832.53695000
2026-09-03T20:00Z,0.13860000,0.14190000,0.13680000,0.14050000,14355298.30000000,2000884.33182000,18069,7828164.30000000,1090673.51975000
2026-09-03T21:00Z,0.14050000,0.14400000,0.13870000,0.13880000,14250135.80000000,2018087.26739000,17166,7658093.70000000,1085786.24220000
2026-09-03T22:00Z,0.13880000,0.14130000,0.13680000,0.13870000,10774670.60000000,1499258.80008000,16679,5469960.50000000,760878.13809000
2026-09-03T23:00Z,0.13870000,0.14160000,0.13840000,0.14100000,7254926.20000000,1016005.55238000,6023,3553593.40000000,497744.51320000
2026-09-04T00:00Z,0.14100000,0.14630000,0.14070000,0.14540000,19479347.50000000,2802060.38698000,13244,10181456.40000000,1464679.70879000
2026-09-04T01:00Z,0.14540000,0.14680000,0.13440000,0.13680000,40272543.30000000,5587529.33639000,22310,21042339.20000000,2913944.79327000
2026-09-04T02:00Z,0.13690000,0.13790000,0.13560000,0.13750000,31007022.40000000,4245901.81977000,10393,16997176.10000000,2327663.80217000
2026-09-04T03:00Z,0.13760000,0.13850000,0.13610000,0.13680000,6539085.00000000,897720.65348000,6571,3083727.30000000,423654.55173000
2026-09-04T04:00Z,0.13690000,0.13750000,0.13380000,0.13530000,7306216.10000000,990133.03827000,8148,2693946.30000000,365111.79298000
2026-09-04T05:00Z,0.13530000,0.13620000,0.13460000,0.13600000,4935737.80000000,667229.90574000,5059,2157142.50000000,291750.40555000
2026-09-04T06:00Z,0.13600000,0.13710000,0.13420000,0.13630000,6547008.00000000,887984.19078000,5538,3120372.70000000,423410.45659000
2026-09-04T07:00Z,0.13630000,0.13840000,0.13590000,0.13830000,6192884.40000000,849562.79414000,5727,3382229.80000000,464211.52611000
2026-09-04T08:00Z,0.13830000,0.13860000,0.13680000,0.13700000,5626156.50000000,774462.44202000,4824,2754164.30000000,379177.77149000
2026-09-04T09:00Z,0.13700000,0.14210000,0.13690000,0.14040000,12519140.90000000,1753712.90589000,11543,6130189.70000000,859138.03444000
2026-09-04T10:00Z,0.14040000,0.14070000,0.13480000,0.13650000,16072182.70000000,2195433.37564000,12974,7279555.50000000,994502.85438000
2026-09-04T11:00Z,0.13650000,0.13690000,0.13350000,0.13430000,5234731.90000000,707859.82946000,4738,2082675.10000000,281740.83520000
2026-09-04T12:00Z,0.13430000,0.13430000,0.12820000,0.12890000,41277932.80000000,5402285.62444000,25546,10918062.40000000,1433121.56054000
2026-09-04T13:00Z,0.12890000,0.13680000,0.12840000,0.13530000,21608322.00000000,2868363.82314000,14266,10309616.00000000,1367747.13357000
2026-09-04T14:00Z,0.13540000,0.13580000,0.13090000,0.13200000,12647142.00000000,1686397.28025000,8669,6495347.80000000,864156.75637000
2026-09-04T15:00Z,0.13200000,0.13590000,0.13200000,0.13460000,6017238.50000000,806650.80125000,5526,3483855.10000000,467136.54650000
2026-09-04T16:00Z,0.13460000,0.13630000,0.13370000,0.13390000,4120407.60000000,556061.15227000,4056,2271638.70000000,306620.10652000
2026-09-04T17:00Z,0.13400000,0.13460000,0.13120000,0.13200000,3826693.80000000,508709.39058000,3101,1263450.90000000,168200.81050000
2026-09-04T18:00Z,0.13200000,0.13220000,0.13100000,0.13140000,3652919.10000000,480733.36693000,2629,1456937.00000000,191731.00702000
2026-09-04T19:00Z,0.13140000,0.13310000,0.13140000,0.13170000,4150730.90000000,549336.58283000,2919,2318089.00000000,307021.85307000
2026-09-04T20:00Z,0.13170000,0.13200000,0.13070000,0.13160000,3792586.10000000,497966.14433000,2987,2175450.90000000,285713.96330000
2026-09-04T21:00Z,0.13160000,0.13280000,0.13080000,0.13100000,2513190.20000000,331702.03125000,3406,1475629.10000000,194844.34388000
2026-09-04T22:00Z,0.13100000,0.13160000,0.12910000,0.12970000,5024835.50000000,654775.08407000,3262,2442130.50000000,318670.98246000
2026-09-04T23:00Z,0.12960000,0.13220000,0.12950000,0.13190000,2405445.60000000,316079.20061000,2392,1250708.00000000,164290.42362000
2026-09-05T00:00Z,0.13180000,0.13400000,0.13070000,0.13120000,5158369.90000000,681840.66448000,4026,2146323.20000000,283953.03659000
2026-09-05T01:00Z,0.13120000,0.13260000,0.13110000,0.13190000,3542928.80000000,467083.88678000,3021,1677614.70000000,221258.58399000
2026-09-05T02:00Z,0.13200000,0.13260000,0.13030000,0.13210000,4381157.50000000,576202.81657000,3368,1936177.10000000,254845.78043000
2026-09-05T03:00Z,0.13210000,0.13360000,0.13100000,0.13150000,3658450.20000000,483885.09440000,2929,1788770.30000000,236722.51627000
2026-09-05T04:00Z,0.13150000,0.13180000,0.13020000,0.13040000,1930963.10000000,252817.25593000,2207,866666.70000000,113466.46298000
2026-09-05T05:00Z,0.13040000,0.13110000,0.12960000,0.13070000,3583657.90000000,467392.59544000,2572,1927935.80000000,251547.60404000
2026-09-05T06:00Z,0.13070000,0.13430000,0.12890000,0.13370000,10925257.80000000,1436061.15776000,8129,5868567.50000000,771203.54965000
2026-09-05T07:00Z,0.13380000,0.13800000,0.13270000,0.13350000,15603155.20000000,2102805.94239000,11457,7763904.40000000,1046280.61516000
2026-09-05T08:00Z,0.13340000,0.13400000,0.13170000,0.13200000,6670048.20000000,885780.77719000,5862,2492105.10000000,330932.44344000
2026-09-05T09:00Z,0.13200000,0.13710000,0.13120000,0.13580000,11846424.80000000,1597671.34253000,10178,6058934.80000000,816514.93168000
2026-09-05T10:00Z,0.13580000,0.13640000,0.13340000,0.13380000,5729703.20000000,772788.67135000,7176,2877249.90000000,387993.41450000
2026-09-05T11:00Z,0.13370000,0.13450000,0.13140000,0.13210000,3877488.10000000,516141.05505000,3599,1719567.30000000,229068.29441000
2026-09-05T12:00Z,0.13220000,0.13470000,0.13200000,0.13450000,2446871.20000000,326241.06406000,3275,1378209.90000000,183682.77501000
2026-09-05T13:00Z,0.13450000,0.13570000,0.13270000,0.13320000,4731737.90000000,633730.43793000,4212,2362850.20000000,316811.78122000
2026-09-05T14:00Z,0.13320000,0.13580000,0.13310000,0.13450000,3463476.70000000,465680.48065000,3104,1848108.50000000,248414.48063000
2026-09-05T15:00Z,0.13450000,0.13490000,0.13190000,0.13260000,4178548.60000000,555649.79473000,3659,2026237.50000000,269536.86449000
2026-09-05T16:00Z,0.13260000,0.13650000,0.13240000,0.13550000,7479174.50000000,1011115.30145000,6619,4169333.10000000,563760.14513000
2026-09-05T17:00Z,0.13560000,0.14000000,0.13430000,0.13920000,32215972.70000000,4402563.70603000,28061,14177602.70000000,1939698.24295000
2026-09-05T18:00Z,0.13930000,0.14380000,0.13890000,0.14330000,12200249.10000000,1730594.48458000,14364,6158134.00000000,873720.75252000
2026-09-05T19:00Z,0.14340000,0.15000000,0.14200000,0.14940000,19037320.40000000,2789793.12597000,21265,10058336.20000000,1474301.96827000
2026-09-05T20:00Z,0.14950000,0.16670000,0.14900000,0.16160000,63889822.10000000,10308898.20273000,68570,34419751.70000000,5544272.45659000
2026-09-05T21:00Z,0.16160000,0.17430000,0.16030000,0.17220000,38556958.10000000,6492311.47272000,45211,20590678.10000000,3469808.77246000
2026-09-05T22:00Z,0.17230000,0.18310000,0.17030000,0.17900000,42460343.90000000,7571037.73710000,47187,20623645.00000000,3679246.09174000
2026-09-05T23:00Z,0.17910000,0.18040000,0.17500000,0.17720000,22876941.80000000,4066633.23622000,27561,11255330.90000000,2002283.19962000
2026-09-06T00:00Z,0.17720000,0.19600000,0.17720000,0.19330000,64164506.60000000,11969296.11014000,95232,36084641.30000000,6722325.76297000
2026-09-06T01:00Z,0.19330000,0.19870000,0.18780000,0.19300000,73038970.80000000,14150092.14261000,106338,38631681.50000000,7491289.12785000
2026-09-06T02:00Z,0.19310000,0.19710000,0.18750000,0.18890000,37517361.90000000,7233798.35095000,62913,18877317.60000000,3648260.27169000
2026-09-06T03:00Z,0.18880000,0.19820000,0.18480000,0.19810000,25741186.60000000,4948914.91415000,41614,13226143.70000000,2547024.07238000
2026-09-06T04:00Z,0.19810000,0.20510000,0.18860000,0.19390000,44505406.30000000,8738280.38925000,54100,23288893.90000000,4577657.86579000
2026-09-06T05:00Z,0.19390000,0.19660000,0.18940000,0.19390000,17674178.70000000,3411008.09197000,20487,8237361.80000000,1590655.32343000
2026-09-06T06:00Z,0.19390000,0.19500000,0.18820000,0.19450000,21305662.10000000,4085248.19660000,25421,9804807.60000000,1881285.17651000
2026-09-06T07:00Z,0.19430000,0.20420000,0.19190000,0.20170000,25691324.90000000,5050521.93232000,28312,13361883.90000000,2630048.63639000
2026-09-06T08:00Z,0.20170000,0.20660000,0.19200000,0.19580000,28993520.40000000,5760997.01676000,34744,13509083.60000000,2686458.72319000
2026-09-06T09:00Z,0.19580000,0.19850000,0.19180000,0.19360000,18735652.90000000,3643361.53578000,22237,9755402.40000000,1896495.58959000
2026-09-06T10:00Z,0.19360000,0.19770000,0.19120000,0.19540000,13335241.80000000,2591225.11456000,20153,6675423.50000000,1297445.23053000
2026-09-06T11:00Z,0.19530000,0.19620000,0.19160000,0.19380000,9808069.50000000,1903582.86186000,13908,5080834.30000000,986076.51475000
2026-09-06T12:00Z,0.19380000,0.19640000,0.18820000,0.18980000,14364788.70000000,2760607.28653000,19981,6953187.30000000,1337832.84514000
2026-09-06T13:00Z,0.18980000,0.19470000,0.18780000,0.19330000,11428402.40000000,2183991.21909000,19301,5387993.00000000,1030203.84325000
2026-09-06T14:00Z,0.19330000,0.19330000,0.18360000,0.18630000,20391752.40000000,3823747.00302000,28304,10307545.80000000,1933198.12503000
2026-09-06T15:00Z,0.18640000,0.18940000,0.18070000,0.18740000,22672388.30000000,4187809.67604000,30859,12488556.80000000,2306166.82086000
2026-09-06T16:00Z,0.18740000,0.19240000,0.18530000,0.18850000,11372341.60000000,2149090.27573000,16333,6249848.30000000,1181565.83069000
2026-09-06T17:00Z,0.18840000,0.18870000,0.18190000,0.18290000,11553568.30000000,2135866.40409000,14149,5809498.00000000,1073912.30923000
2026-09-06T18:00Z,0.18300000,0.18660000,0.18230000,0.18530000,8065631.90000000,1491123.06607000,11676,4679497.90000000,865603.37984000
2026-09-06T19:00Z,0.18540000,0.18550000,0.18070000,0.18350000,8065021.70000000,1474657.01108000,8946,3383867.80000000,618495.04287000
2026-09-06T20:00Z,0.18350000,0.18690000,0.18220000,0.18490000,11564058.00000000,2137435.73009000,11780,6278390.50000000,1160815.31162000
2026-09-06T21:00Z,0.18500000,0.19210000,0.18460000,0.18990000,9518228.10000000,1789264.64339000,10525,5587755.70000000,1050259.85127000
2026-09-06T22:00Z,0.19000000,0.19150000,0.18740000,0.18950000,7656972.40000000,1452559.78851000,12176,4030113.60000000,764670.88507000
2026-09-06T23:00Z,0.18940000,0.19080000,0.18820000,0.18930000,5736645.50000000,1087499.26382000,6806,2307400.90000000,437645.38878000
2026-09-07T00:00Z,0.18930000,0.19170000,0.18780000,0.18970000,9383989.80000000,1780982.00174000,8187,4681818.60000000,888789.32487000
2026-09-07T01:00Z,0.18970000,0.19190000,0.18730000,0.18970000,8103644.10000000,1536291.66630000,9140,3436198.20000000,651311.97728000
2026-09-07T02:00Z,0.18970000,0.18990000,0.18440000,0.18500000,11146385.70000000,2083308.19132000,10191,5477246.90000000,1023182.84929000
2026-09-07T03:00Z,0.18510000,0.18610000,0.17490000,0.17530000,32021159.30000000,5726745.93582000,22959,19502032.80000000,3486520.69664000
2026-09-07T04:00Z,0.17530000,0.17890000,0.17320000,0.17500000,45979484.50000000,8062468.49338000,29943,30367191.30000000,5325018.24406000
2026-09-07T05:00Z,0.17490000,0.17510000,0.17080000,0.17130000,51037708.00000000,8814623.36169000,36290,30358198.00000000,5243613.89239000
2026-09-07T06:00Z,0.17140000,0.17380000,0.17000000,0.17160000,8117331.30000000,1396357.15271000,8819,4096280.90000000,704815.57360000
2026-09-07T07:00Z,0.17170000,0.17360000,0.16720000,0.16770000,16799320.80000000,2850279.68900000,14403,6542664.00000000,1110864.06270000
2026-09-07T08:00Z,0.16770000,0.16960000,0.16010000,0.16520000,33592275.50000000,5497824.39022000,27566,19303951.80000000,3156910.42563000
2026-09-07T09:00Z,0.16520000,0.16730000,0.16360000,0.16510000,15640267.10000000,2589972.23473000,12455,8238914.00000000,1363416.76831000
2026-09-07T10:00Z,0.16510000,0.16840000,0.16440000,0.16640000,11553415.30000000,1918781.07961000,10495,6331467.10000000,1051133.30483000
2026-09-07T11:00Z,0.16640000,0.16740000,0.16440000,0.16540000,7052588.80000000,1167026.94360000,6731,3235267.50000000,535493.95236000
2026-09-07T12:00Z,0.16540000,0.16580000,0.16040000,0.16420000,15095946.20000000,2463544.59354000,11714,7395300.10000000,1206952.04252000
2026-09-07T13:00Z,0.16410000,0.16930000,0.16400000,0.16800000,16555594.60000000,2764609.56767000,12036,9535020.80000000,1592672.15101000
2026-09-07T14:00Z,0.16790000,0.17180000,0.16470000,0.17140000,16352975.80000000,2747152.54939000,12514,8788711.80000000,1476921.56086000
2026-09-07T15:00Z,0.17130000,0.17130000,0.16110000,0.16230000,16103694.90000000,2654586.65438000,12811,7268057.50000000,1199832.09603000
2026-09-07T16:00Z,0.16240000,0.16580000,0.16060000,0.16530000,9193921.60000000,1498162.26867000,8366,4216876.30000000,687869.32172000
2026-09-07T17:00Z,0.16520000,0.16670000,0.16410000,0.16610000,6596327.70000000,1092233.56541000,6348,3462011.40000000,573327.85687000
2026-09-07T18:00Z,0.16610000,0.16730000,0.16490000,0.16630000,4968969.30000000,826411.47768000,3897,2830270.90000000,470612.56037000
2026-09-07T19:00Z,0.16630000,0.17110000,0.16610000,0.17050000,9767038.20000000,1653979.05396000,7578,4791697.80000000,811495.01962000
2026-09-07T20:00Z,0.17060000,0.17070000,0.16660000,0.16900000,5689406.50000000,955627.63847000,3643,2571905.60000000,432107.13879000
2026-09-07T21:00Z,0.16900000,0.17130000,0.16880000,0.17020000,6878189.50000000,1170385.72592000,5087,3404977.30000000,579278.98505000
2026-09-07T22:00Z,0.17000000,0.17070000,0.16780000,0.16880000,5959356.60000000,1009112.96457000,4814,2663921.80000000,451349.47309000
2026-09-07T23:00Z,0.16890000,0.16990000,0.16860000,0.16940000,2930974.00000000,496395.14121000,3172,1656042.60000000,280509.39419000
2026-09-08T00:00Z,0.16950000,0.17080000,0.16730000,0.16890000,5048315.40000000,852651.31212000,4791,2607015.80000000,440203.92026000
2026-09-08T01:00Z,0.16880000,0.17310000,0.16660000,0.16860000,23619359.00000000,3993540.71194000,11291,15743677.90000000,2658250.90637000
2026-09-08T02:00Z,0.16860000,0.17100000,0.16780000,0.16850000,6139019.60000000,1038956.97412000,7481,2644873.70000000,447949.97257000
2026-09-08T03:00Z,0.16840000,0.17140000,0.16790000,0.17030000,5655891.20000000,958907.37059000,6714,3026880.30000000,513593.27466000
2026-09-08T04:00Z,0.17040000,0.17230000,0.16910000,0.17100000,5658695.70000000,967152.50211000,5245,3337375.90000000,570703.08076000
2026-09-08T05:00Z,0.17100000,0.17720000,0.17100000,0.17480000,20520047.90000000,3586194.08411000,16434,10065214.20000000,1759445.03314000
2026-09-08T06:00Z,0.17480000,0.17480000,0.17020000,0.17230000,12541498.90000000,2154986.94549000,9811,5426046.90000000,932671.46662000
2026-09-08T07:00Z,0.17240000,0.17270000,0.16990000,0.17080000,6134148.70000000,1049140.41798000,5797,2557155.30000000,437473.74491000
2026-09-08T08:00Z,0.17080000,0.17310000,0.16990000,0.17160000,6540600.20000000,1120832.47813000,5602,2944557.60000000,505142.61289000
2026-09-08T09:00Z,0.17160000,0.17650000,0.17030000,0.17520000,11611311.80000000,2025637.99311000,8887,5770723.30000000,1006512.45021000
2026-09-08T10:00Z,0.17510000,0.17870000,0.17260000,0.17420000,12671295.10000000,2229187.87715000,10792,6014330.20000000,1058994.00700000
2026-09-08T11:00Z,0.17430000,0.17600000,0.17310000,0.17540000,5361956.40000000,934963.27181000,5760,2640437.60000000,460386.43727000
2026-09-08T12:00Z,0.17550000,0.17610000,0.17070000,0.17210000,8071624.70000000,1394782.81566000,6939,3077131.00000000,531887.29036000
2026-09-08T13:00Z,0.17200000,0.17290000,0.16520000,0.17200000,14451291.40000000,2449250.61950000,11626,6974802.10000000,1180482.66220000
2026-09-08T14:00Z,0.17200000,0.17590000,0.16840000,0.16900000,9305621.30000000,1599640.96994000,8822,4641371.90000000,798428.68055000
2026-09-08T15:00Z,0.16890000,0.17100000,0.16610000,0.17050000,9301718.20000000,1566911.02303000,8261,4610590.30000000,777375.34683000
2026-09-08T16:00Z,0.17040000,0.17110000,0.16710000,0.16770000,5202897.50000000,879792.70496000,5439,2488755.30000000,420791.88445000
2026-09-08T17:00Z,0.16770000,0.17000000,0.16760000,0.16800000,3187468.40000000,537567.49995000,3351,1847380.60000000,311575.07161000
2026-09-08T18:00Z,0.16790000,0.17010000,0.16690000,0.16770000,3358869.20000000,565624.42074000,4138,1615224.20000000,272162.02328000
2026-09-08T19:00Z,0.16770000,0.16960000,0.16700000,0.16840000,2927813.50000000,492907.50177000,3591,1249827.60000000,210552.17034000
2026-09-08T20:00Z,0.16840000,0.17030000,0.16760000,0.16890000,4640003.90000000,784877.33622000,4550,2386098.50000000,403712.32694000
2026-09-08T21:00Z,0.16890000,0.16960000,0.16590000,0.16730000,3256232.80000000,546157.07379000,3260,1685810.10000000,282562.35400000
2026-09-08T22:00Z,0.16730000,0.16830000,0.16560000,0.16580000,2250226.80000000,374977.38486000,2672,1272915.60000000,212095.13203000
2026-09-08T23:00Z,0.16590000,0.16610000,0.16410000,0.16500000,2935813.70000000,484212.70864000,3046,1592033.70000000,262498.28320000
2026-09-09T00:00Z,0.16490000,0.16640000,0.16270000,0.16480000,3928235.70000000,645875.83964000,3995,1934927.40000000,317946.84835000
2026-09-09T01:00Z,0.16490000,0.16560000,0.16370000,0.16550000,2303166.80000000,379133.11620000,2830,1105808.80000000,181993.59764000
2026-09-09T02:00Z,0.16540000,0.16720000,0.16460000,0.16610000,3100236.40000000,514889.80135000,3428,1673002.30000000,277882.14117000
2026-09-09T03:00Z,0.16600000,0.16650000,0.16430000,0.16500000,4005993.50000000,662412.17818000,4824,1529718.50000000,253136.06078000
2026-09-09T04:00Z,0.16500000,0.16940000,0.16500000,0.16860000,5595233.20000000,935984.25034000,5102,2586475.40000000,432712.40816000
2026-09-09T05:00Z,0.16860000,0.16860000,0.16590000,0.16650000,3192704.00000000,534085.70600000,3441,1652858.50000000,276553.09457000
2026-09-09T06:00Z,0.16640000,0.17480000,0.16630000,0.17240000,11376307.70000000,1957154.98145000,9732,5600501.30000000,962563.54864000
2026-09-09T07:00Z,0.17230000,0.17240000,0.16880000,0.17090000,5279284.50000000,900604.89019000,4683,2219888.30000000,378477.85325000
2026-09-09T08:00Z,0.17080000,0.17150000,0.16890000,0.16980000,7326221.60000000,1243719.29329000,5118,4322457.50000000,733139.72543000
2026-09-09T09:00Z,0.16980000,0.17240000,0.16610000,0.16660000,45104982.30000000,7713707.33228000,31067,13072424.30000000,2233937.11168000
2026-09-09T10:00Z,0.16670000,0.16860000,0.16450000,0.16580000,26001940.00000000,4336274.14340000,25161,10037139.90000000,1674056.61657000
2026-09-09T11:00Z,0.16590000,0.16710000,0.16340000,0.16660000,7829589.80000000,1294855.18508000,8144,3731652.00000000,617384.80921000
2026-09-09T12:00Z,0.16650000,0.16830000,0.16640000,0.16750000,5338957.20000000,893526.80553000,5207,2700119.60000000,451785.66267000
2026-09-09T13:00Z,0.16740000,0.16860000,0.16420000,0.16500000,7278495.70000000,1208530.98702000,7939,3287972.50000000,546318.29042000
2026-09-09T14:00Z,0.16490000,0.16620000,0.16050000,0.16360000,22274354.00000000,3638155.36685000,19279,10562047.30000000,1726184.74888000
2026-09-09T15:00Z,0.16370000,0.16460000,0.15270000,0.15350000,43789215.30000000,6840578.54894000,40053,23922395.30000000,3725484.12285000
2026-09-09T16:00Z,0.15360000,0.15580000,0.15030000,0.15120000,55591872.80000000,8475920.35638000,41466,29277223.60000000,4464954.91547000
2026-09-09T17:00Z,0.15120000,0.15510000,0.15070000,0.15480000,24635458.80000000,3746347.66610000,22352,11838253.20000000,1802534.69827000
2026-09-09T18:00Z,0.15480000,0.15540000,0.15330000,0.15370000,8746082.10000000,1350006.41286000,12756,4778926.00000000,737915.54647000
2026-09-09T19:00Z,0.15370000,0.15420000,0.15050000,0.15130000,9064531.10000000,1379617.53967000,11065,4363756.50000000,664400.62568000
2026-09-09T20:00Z,0.15130000,0.15200000,0.14950000,0.15080000,10408218.70000000,1566421.59939000,10935,6241479.80000000,939611.37135000
2026-09-09T21:00Z,0.15090000,0.15250000,0.15030000,0.15250000,5613210.40000000,849259.95820000,6080,2864991.80000000,433371.35656000
2026-09-09T22:00Z,0.15240000,0.15290000,0.15000000,0.15170000,9151980.90000000,1387552.89558000,9879,4870578.00000000,737950.43371000
2026-09-09T23:00Z,0.15170000,0.15400000,0.14790000,0.14950000,8739468.50000000,1323395.30002000,9632,3354499.30000000,508125.95382000
2026-09-10T00:00Z,0.14950000,0.15060000,0.14760000,0.14790000,11262735.00000000,1674819.10847000,11123,5021286.80000000,746040.55102000
2026-09-10T01:00Z,0.14790000,0.14930000,0.14560000,0.14640000,10676575.70000000,1570626.20346000,10705,5051732.20000000,743888.21428000
2026-09-10T02:00Z,0.14640000,0.14960000,0.14600000,0.14940000,4353186.90000000,643409.20211000,5347,1969726.00000000,291388.73510000
2026-09-10T03:00Z,0.14940000,0.15100000,0.14930000,0.15070000,4762325.70000000,716134.71460000,5214,2441249.80000000,367070.41043000
2026-09-10T04:00Z,0.15060000,0.15210000,0.14990000,0.15160000,3726018.00000000,563418.72197000,3853,1682211.10000000,254387.87463000
2026-09-10T05:00Z,0.15150000,0.15320000,0.15020000,0.15200000,8587054.60000000,1305778.43589000,7095,4352596.70000000,661420.86966000
2026-09-10T06:00Z,0.15190000,0.15190000,0.14980000,0.15050000,7578526.30000000,1139970.58984000,5529,3614724.70000000,543246.67017000
2026-09-10T07:00Z,0.15050000,0.15060000,0.14810000,0.14950000,5308256.80000000,792767.72553000,4170,2346019.40000000,349521.42735000
2026-09-10T08:00Z,0.14960000,0.15070000,0.14890000,0.14910000,4961794.50000000,742490.89564000,5537,3153583.50000000,471714.56769000
2026-09-10T09:00Z,0.14910000,0.14970000,0.14800000,0.14950000,4402008.40000000,654475.81868000,6516,2208360.60000000,328511.41179000
2026-09-10T10:00Z,0.14950000,0.15030000,0.14770000,0.14780000,4550746.70000000,678987.22588000,6910,2560425.40000000,382300.36606000
2026-09-10T11:00Z,0.14780000,0.14900000,0.14750000,0.14820000,5045887.10000000,748036.56658000,6866,2153057.90000000,319225.50643000
2026-09-10T12:00Z,0.14820000,0.14920000,0.14560000,0.14820000,14618624.80000000,2156102.75397000,17835,7215226.20000000,1064029.26516000
2026-09-10T13:00Z,0.14820000,0.15010000,0.14710000,0.14960000,10778334.30000000,1602638.48040000,12115,5923758.40000000,880751.41111000
2026-09-10T14:00Z,0.14960000,0.15370000,0.14950000,0.15220000,11890811.20000000,1806996.91331000,11359,5798120.00000000,881204.13816000
2026-09-10T15:00Z,0.15210000,0.15350000,0.14940000,0.15000000,6725089.00000000,1013980.78025000,7911,3449811.20000000,520216.54464000
2026-09-10T16:00Z,0.14990000,0.15060000,0.14700000,0.14840000,10265607.60000000,1526022.61606000,10188,5081374.90000000,755543.40453000
2026-09-10T17:00Z,0.14830000,0.15060000,0.14790000,0.15030000,4389660.50000000,653063.26101000,6342,2374946.90000000,353230.01871000
2026-09-10T18:00Z,0.15020000,0.15040000,0.14850000,0.15000000,3507207.00000000,524123.87535000,7100,1701427.20000000,254270.31901000
2026-09-10T19:00Z,0.15000000,0.15000000,0.14740000,0.14750000,5509858.70000000,818307.45220000,12227,2493740.50000000,370335.30995000
2026-09-10T20:00Z,0.14750000,0.14890000,0.14680000,0.14820000,4553144.60000000,673805.85572000,10919,1497600.90000000,221618.85487000
2026-09-10T21:00Z,0.14830000,0.14870000,0.14600000,0.14650000,2326993.90000000,342692.24459000,7272,716770.20000000,105516.44507000
2026-09-10T22:00Z,0.14660000,0.14720000,0.14180000,0.14240000,9107673.00000000,1306732.57003000,17599,3127377.30000000,449124.36822000
2026-09-10T23:00Z,0.14240000,0.14340000,0.13960000,0.13980000,11146537.80000000,1576314.31236000,16731,5642532.70000000,798601.17908000
2026-09-11T00:00Z,0.13990000,0.14370000,0.13990000,0.14340000,3463656.80000000,491586.15824000,8010,1316861.20000000,186986.59196000
2026-09-11T01:00Z,0.14340000,0.14430000,0.14200000,0.14380000,4307038.60000000,616924.85268000,7887,1384454.80000000,198299.63661000
2026-09-11T02:00Z,0.14390000,0.14470000,0.14310000,0.14460000,4096088.40000000,589061.76417000,7319,1878093.50000000,270181.00677000
2026-09-11T03:00Z,0.14460000,0.14680000,0.14360000,0.14620000,5397326.90000000,784192.29814000,10387,2120091.10000000,308200.32335000
2026-09-11T04:00Z,0.14610000,0.14970000,0.14570000,0.14770000,5598613.60000000,826277.45734000,9992,2655472.20000000,391928.52124000
2026-09-11T05:00Z,0.14780000,0.14790000,0.14550000,0.14710000,3476597.80000000,509871.51133000,5535,1484361.80000000,217659.74978000
2026-09-11T06:00Z,0.14720000,0.14720000,0.14410000,0.14480000,2974067.40000000,432279.19462000,5073,1089832.60000000,158404.78530000
2026-09-11T07:00Z,0.14480000,0.14590000,0.14350000,0.14390000,4080249.70000000,590882.94138000,5751,1417471.50000000,205179.14809000
2026-09-11T08:00Z,0.14390000,0.14520000,0.14320000,0.14330000,2747582.80000000,396106.63893000,4690,1212513.80000000,174963.39430000
2026-09-11T09:00Z,0.14340000,0.14410000,0.14140000,0.14200000,5933014.20000000,846324.63437000,7049,3400249.60000000,485179.94025000
2026-09-11T10:00Z,0.14210000,0.14270000,0.13970000,0.14020000,7121475.40000000,1002671.79749000,9108,1758354.10000000,248147.86190000
2026-09-11T11:00Z,0.14030000,0.14040000,0.13810000,0.14010000,7200115.50000000,1002284.48887000,7045,3357206.90000000,467156.18419000
2026-09-11T12:00Z,0.14010000,0.14510000,0.13900000,0.14380000,26180458.00000000,3732850.43720000,30677,11331496.50000000,1616078.11797000
2026-09-11T13:00Z,0.14390000,0.15160000,0.14090000,0.15150000,19064507.60000000,2780838.55173000,21278,10877988.30000000,1592359.78139000
2026-09-11T14:00Z,0.15140000,0.15190000,0.14590000,0.14700000,18102369.90000000,2701356.40951000,25086,8731859.00000000,1304156.67406000
2026-09-11T15:00Z,0.14690000,0.15010000,0.14340000,0.14410000,13260990.50000000,1952854.27112000,16956,6912652.50000000,1020003.03170000
2026-09-11T16:00Z,0.14400000,0.14640000,0.14340000,0.14550000,8802061.90000000,1275066.57474000,10416,4419104.40000000,640693.77434000
2026-09-11T17:00Z,0.14550000,0.14580000,0.14340000,0.14400000,2253539.70000000,325836.96354000,3188,849615.40000000,123014.87481000
2026-09-11T18:00Z,0.14410000,0.14450000,0.13940000,0.14030000,6285964.90000000,891703.83411000,8025,2789068.80000000,395479.21232000
2026-09-11T19:00Z,0.14030000,0.14200000,0.13990000,0.14170000,2702294.90000000,380228.35916000,3900,1383696.00000000,194760.00920000
2026-09-11T20:00Z,0.14160000,0.14270000,0.13900000,0.13980000,3133091.10000000,440446.61341000,4537,1791643.20000000,251632.07087000
2026-09-11T21:00Z,0.13970000,0.14140000,0.13780000,0.13840000,4397697.10000000,614303.40705000,4575,1838589.20000000,257191.79847000
2026-09-11T22:00Z,0.13840000,0.13970000,0.13740000,0.13770000,5705312.40000000,790372.02107000,6800,3064843.80000000,424644.92276000
2026-09-11T23:00Z,0.13770000,0.13960000,0.13770000,0.13950000,1661143.70000000,230253.11644000,2762,931940.50000000,129238.09316000
2026-09-12T00:00Z,0.13960000,0.14190000,0.13940000,0.14170000,1781477.30000000,250445.65219000,3108,932072.60000000,131084.44645000
2026-09-12T01:00Z,0.14170000,0.14300000,0.14130000,0.14210000,4247485.50000000,603591.41335000,3723,3042363.90000000,432258.87385000
2026-09-12T02:00Z,0.14200000,0.14220000,0.14040000,0.14100000,2026450.10000000,286055.73828000,3469,1003947.70000000,141738.35370000
2026-09-12T03:00Z,0.14090000,0.14130000,0.14030000,0.14110000,2507905.80000000,353243.21224000,3287,1141671.80000000,160875.85032000
2026-09-12T04:00Z,0.14120000,0.14210000,0.14080000,0.14090000,1404528.60000000,198633.46921000,2354,621043.80000000,87867.27700000
2026-09-12T05:00Z,0.14080000,0.14160000,0.14050000,0.14070000,1764815.80000000,248796.70347000,2508,747377.20000000,105349.29330000
2026-09-12T06:00Z,0.14070000,0.14390000,0.14040000,0.14300000,3054499.10000000,434935.14322000,4360,1609630.30000000,229367.26671000
2026-09-12T07:00Z,0.14310000,0.14640000,0.14260000,0.14440000,7970423.10000000,1154868.80957000,7823,4631247.90000000,671293.22414000
2026-09-12T08:00Z,0.14440000,0.14520000,0.14340000,0.14360000,2604961.90000000,375316.40942000,3446,1162705.40000000,167734.26958000
2026-09-12T09:00Z,0.14360000,0.14370000,0.14260000,0.14300000,5428005.50000000,776613.69892000,4367,1711307.70000000,244883.91495000
2026-09-12T10:00Z,0.14300000,0.14370000,0.14240000,0.14300000,2367413.90000000,338259.90978000,2557,892979.90000000,127705.60135000
2026-09-12T11:00Z,0.14310000,0.14410000,0.14220000,0.14360000,2414357.60000000,345205.11719000,2462,1153659.80000000,165247.11208000
2026-09-12T12:00Z,0.14350000,0.14500000,0.14300000,0.14450000,2601235.20000000,375058.87820000,3153,1459006.70000000,210322.78038000
2026-09-12T13:00Z,0.14450000,0.14510000,0.14260000,0.14330000,2722850.00000000,391388.79040000,3518,1406973.40000000,202288.98070000
2026-09-12T14:00Z,0.14330000,0.14480000,0.14320000,0.14360000,1302656.00000000,187633.63638000,2370,582939.80000000,83968.25085000
2026-09-12T15:00Z,0.14360000,0.14460000,0.14330000,0.14380000,2281364.50000000,328403.46076000,2777,1198393.50000000,172514.38100000
2026-09-12T16:00Z,0.14370000,0.14430000,0.14170000,0.14270000,2218888.60000000,317007.30077000,3166,819946.30000000,117140.09718000
2026-09-12T17:00Z,0.14260000,0.14270000,0.14070000,0.14110000,2170668.00000000,306974.40072000,3241,1048403.00000000,148431.19756000
2026-09-12T18:00Z,0.14110000,0.14120000,0.14020000,0.14090000,1682080.80000000,236801.29168000,2678,765160.20000000,107728.11638000
2026-09-12T19:00Z,0.14090000,0.14090000,0.13880000,0.13940000,4450253.10000000,620799.76542000,2995,2004640.40000000,279627.67123000
2026-09-12T20:00Z,0.13940000,0.14020000,0.13920000,0.13990000,855569.50000000,119679.15341000,1302,443281.30000000,62020.91004000
2026-09-12T21:00Z,0.13990000,0.14070000,0.13910000,0.13940000,1865857.20000000,261458.07595000,2959,1070974.10000000,150123.51668000
2026-09-12T22:00Z,0.13930000,0.14040000,0.13900000,0.13990000,1423223.10000000,198969.86615000,2301,745483.60000000,104230.33223000
2026-09-12T23:00Z,0.14000000,0.14070000,0.13920000,0.14050000,643899.80000000,89981.50819000,1320,288482.00000000,40355.76887000
2026-09-13T00:00Z,0.14050000,0.14110000,0.14000000,0.14040000,1715706.10000000,241103.14828000,2456,704709.40000000,99062.10461000
2026-09-13T01:00Z,0.14040000,0.14200000,0.13990000,0.14060000,1716789.80000000,241809.05955000,2674,851470.30000000,119991.32767000
2026-09-13T02:00Z,0.14050000,0.14100000,0.13970000,0.14030000,1669231.60000000,234122.06806000,2267,737069.30000000,103347.52857000
2026-09-13T03:00Z,0.14020000,0.14230000,0.13940000,0.14160000,5320922.10000000,750741.03077000,8736,2629514.90000000,370705.96921000
2026-09-13T04:00Z,0.14170000,0.14190000,0.14070000,0.14120000,1934247.10000000,273196.25316000,2974,862022.30000000,121779.31102000
2026-09-13T05:00Z,0.14130000,0.14330000,0.14120000,0.14300000,1227185.00000000,174910.50553000,2132,688309.20000000,98101.69234000
2026-09-13T06:00Z,0.14290000,0.14290000,0.13900000,0.13970000,2289517.90000000,321404.93526000,3177,898931.00000000,126138.43987000
2026-09-13T07:00Z,0.13970000,0.14040000,0.13870000,0.13890000,5110803.00000000,713000.08614000,3642,2361562.30000000,329547.27859000
2026-09-13T08:00Z,0.13890000,0.13920000,0.13300000,0.13520000,17444727.40000000,2362556.05320000,12602,5766190.60000000,781876.01624000
2026-09-13T09:00Z,0.13520000,0.13780000,0.13510000,0.13760000,6276272.20000000,858956.57732000,6267,3578563.50000000,489750.75246000
2026-09-13T10:00Z,0.13750000,0.13840000,0.13680000,0.13730000,2336642.70000000,321473.22273000,3625,1326247.40000000,182533.04340000
2026-09-13T11:00Z,0.13730000,0.13890000,0.13710000,0.13830000,1350791.70000000,186551.78267000,2701,713002.40000000,98468.65296000
2026-09-13T12:00Z,0.13840000,0.13850000,0.13680000,0.13720000,2191135.20000000,301291.88712000,3357,915835.10000000,126045.28675000
2026-09-13T13:00Z,0.13720000,0.13830000,0.13600000,0.13780000,5336012.20000000,732958.11289000,4692,2709997.70000000,372581.86579000
2026-09-13T14:00Z,0.13790000,0.14060000,0.13780000,0.13970000,4416885.60000000,617831.11009000,5499,2288236.40000000,320099.35359000
2026-09-13T15:00Z,0.13970000,0.13970000,0.13790000,0.13840000,4674816.60000000,648947.63759000,3905,2386542.30000000,331316.10101000
2026-09-13T16:00Z,0.13850000,0.14120000,0.13850000,0.14080000,3005150.20000000,420678.08904000,4155,1955258.90000000,273811.56810000
2026-09-13T17:00Z,0.14080000,0.14080000,0.13910000,0.13950000,1754684.40000000,246039.96478000,2642,1035126.00000000,145211.13152000
2026-09-13T18:00Z,0.13950000,0.14000000,0.13840000,0.13890000,2177149.50000000,302801.49328000,2060,696575.20000000,97152.93176000
2026-09-13T19:00Z,0.13890000,0.13920000,0.13720000,0.13770000,2124230.80000000,292727.33379000,1984,1148912.50000000,158277.49671000
2026-09-13T20:00Z,0.13770000,0.13840000,0.13750000,0.13810000,538754.20000000,74283.64118000,1224,205006.20000000,28284.43032000
2026-09-13T21:00Z,0.13810000,0.13880000,0.13700000,0.13720000,977675.20000000,134918.65294000,1371,413361.20000000,57059.38432000
2026-09-13T22:00Z,0.13710000,0.13710000,0.13240000,0.13260000,6919184.80000000,929300.54610000,7365,3164218.50000000,425022.76060000
2026-09-13T23:00Z,0.13260000,0.13400000,0.13260000,0.13300000,2796042.10000000,373006.68004000,3491,1387019.90000000,185167.00448000
2026-09-14T00:00Z,0.13310000,0.13540000,0.13280000,0.13490000,7517480.90000000,1008219.75935000,4367,4128684.80000000,553161.86721000
2026-09-14T01:00Z,0.13480000,0.13660000,0.13360000,0.13610000,2746847.20000000,369924.19634000,4112,1235631.20000000,166511.20544000
2026-09-14T02:00Z,0.13610000,0.14010000,0.13570000,0.13950000,6166703.00000000,855321.63358000,6910,3353105.70000000,465656.87402000
2026-09-14T03:00Z,0.13950000,0.14050000,0.13830000,0.13870000,5860523.10000000,816818.81372000,4894,2714176.90000000,378593.43990000
2026-09-14T04:00Z,0.13870000,0.13870000,0.13730000,0.13740000,2738728.10000000,377929.53976000,3447,1299275.10000000,179306.42787000
2026-09-14T05:00Z,0.13750000,0.13770000,0.13660000,0.13680000,1202202.20000000,164917.93768000,1819,586184.40000000,80441.96578000
2026-09-14T06:00Z,0.13680000,0.13880000,0.13540000,0.13640000,4758823.00000000,650417.58082000,4340,2615237.70000000,357133.41858000
2026-09-14T07:00Z,0.13640000,0.13760000,0.13620000,0.13720000,1898299.30000000,259971.00527000,2638,1259879.40000000,172603.79338000
2026-09-14T08:00Z,0.13720000,0.13730000,0.13570000,0.13610000,3004773.20000000,410420.13825000,3187,1396081.70000000,190666.57211000
2026-09-14T09:00Z,0.13610000,0.13770000,0.13480000,0.13650000,2645031.80000000,360525.72126000,4162,1398397.70000000,190599.65028000
2026-09-14T10:00Z,0.13650000,0.13680000,0.13520000,0.13530000,1754419.10000000,238820.95355000,2178,831136.10000000,113156.88436000
2026-09-14T11:00Z,0.13530000,0.13530000,0.13420000,0.13490000,2285444.90000000,307911.37088000,2792,1324056.70000000,178427.88381000
2026-09-14T12:00Z,0.13490000,0.13650000,0.13380000,0.13450000,2477296.10000000,334677.96215000,3835,1246243.70000000,168565.44008000
2026-09-14T13:00Z,0.13440000,0.13600000,0.13300000,0.13450000,3902339.90000000,525799.51217000,6608,2005674.30000000,270450.72229000
2026-09-14T14:00Z,0.13440000,0.13630000,0.13440000,0.13510000,2629291.80000000,355832.49494000,4101,1504089.80000000,203612.60363000
2026-09-14T15:00Z,0.13500000,0.13610000,0.13410000,0.13560000,4771215.20000000,646054.49170000,5767,2268825.10000000,307093.01860000
2026-09-14T16:00Z,0.13560000,0.13760000,0.13520000,0.13680000,2362682.40000000,321795.08344000,3404,1181464.10000000,161003.97641000
2026-09-14T17:00Z,0.13680000,0.14170000,0.13660000,0.14040000,8838491.10000000,1238454.58187000,10080,5259758.50000000,737237.94393000
2026-09-14T18:00Z,0.14030000,0.14140000,0.13970000,0.14050000,5227575.30000000,734051.93800000,6221,3065407.60000000,430499.15448000
2026-09-14T19:00Z,0.14040000,0.14180000,0.14010000,0.14030000,6469945.90000000,911944.92840000,8022,4504155.10000000,635001.44358000
2026-09-14T20:00Z,0.14030000,0.14220000,0.14000000,0.14080000,7759306.00000000,1094941.04676000,9554,4709249.20000000,664819.09910000
2026-09-14T21:00Z,0.14090000,0.14090000,0.13600000,0.13600000,6091157.30000000,840409.94831000,6612,3161929.30000000,435915.98738000
2026-09-14T22:00Z,0.13610000,0.13620000,0.13410000,0.13410000,4504354.90000000,607535.79687000,5969,2667638.60000000,359768.98779000
2026-09-14T23:00Z,0.13420000,0.13500000,0.13290000,0.13370000,3124656.60000000,418229.62342000,4289,1556960.10000000,208529.09305000
2026-09-15T00:00Z,0.13370000,0.13400000,0.13180000,0.13300000,3758659.10000000,499882.93886000,4620,1876651.60000000,249596.96215000
2026-09-15T01:00Z,0.13290000,0.13510000,0.13270000,0.13470000,4774038.00000000,640569.31372000,4884,2720013.30000000,365163.63609000
2026-09-15T02:00Z,0.13470000,0.13480000,0.13340000,0.13420000,4486024.10000000,601293.08335000,5131,2195364.70000000,294249.68623000
2026-09-15T03:00Z,0.13410000,0.13410000,0.13250000,0.13300000,2450607.90000000,326739.65652000,3133,1279027.40000000,170612.21276000
2026-09-15T04:00Z,0.13300000,0.13350000,0.13210000,0.13280000,2254921.60000000,299452.38581000,2882,1222196.70000000,162373.94935000
2026-09-15T05:00Z,0.13270000,0.13490000,0.13140000,0.13430000,2116577.70000000,281385.23179000,3361,1079349.40000000,143753.47882000
2026-09-15T06:00Z,0.13440000,0.13490000,0.13290000,0.13350000,2153194.50000000,288006.27183000,2810,1137081.50000000,152086.91254000
2026-09-15T07:00Z,0.13350000,0.13390000,0.13230000,0.13280000,2083206.80000000,277661.73848000,2412,972690.70000000,129680.63827000
2026-09-15T08:00Z,0.13280000,0.13360000,0.13220000,0.13330000,2036404.90000000,270545.29435000,2342,679529.80000000,90289.31441000
2026-09-15T09:00Z,0.13320000,0.13530000,0.13310000,0.13430000,2419792.90000000,324626.60085000,3011,1155254.70000000,154972.83759000
2026-09-15T10:00Z,0.13430000,0.13610000,0.13410000,0.13580000,3757545.40000000,507487.74948000,4143,1770844.90000000,239400.09187000
2026-09-15T11:00Z,0.13580000,0.13750000,0.13470000,0.13730000,3641719.20000000,494657.53741000,4071,1863366.80000000,252998.24761000
2026-09-15T12:00Z,0.13740000,0.14230000,0.13610000,0.14090000,16493842.80000000,2300257.30357000,20216,9822190.10000000,1371308.32466000
2026-09-15T13:00Z,0.14080000,0.14400000,0.13850000,0.14060000,23167207.20000000,3277298.65719000,23388,13168171.50000000,1864383.48195000
2026-09-15T14:00Z,0.14060000,0.14090000,0.13530000,0.13740000,11603414.20000000,1604686.82005000,10764,5708948.60000000,790450.98393000
2026-09-15T15:00Z,0.13740000,0.15110000,0.13720000,0.14920000,44976068.80000000,6574702.23831000,68369,24283703.00000000,3539637.26931000
2026-09-15T16:00Z,0.14920000,0.15620000,0.14630000,0.14920000,49687322.20000000,7535671.63624000,39525,26690378.20000000,4047542.00445000
2026-09-15T17:00Z,0.14930000,0.15300000,0.14840000,0.15010000,19118749.10000000,2880187.90158000,16759,9777915.90000000,1472960.28239000
2026-09-15T18:00Z,0.15010000,0.15070000,0.13960000,0.14550000,37607328.80000000,5417987.43631000,27354,17154072.90000000,2472368.24626000
2026-09-15T19:00Z,0.14550000,0.14990000,0.14390000,0.14880000,19946488.00000000,2935446.86061000,14183,9302257.90000000,1369544.22392000
2026-09-15T20:00Z,0.14880000,0.14950000,0.14530000,0.14640000,8691923.70000000,1276726.12867000,7439,4144619.10000000,608800.66588000
2026-09-15T21:00Z,0.14630000,0.14660000,0.14340000,0.14440000,5640618.10000000,817021.19232000,5070,2795011.10000000,404850.53946000
2026-09-15T22:00Z,0.14440000,0.15180000,0.14420000,0.15090000,9221680.00000000,1376383.08718000,9056,5209220.00000000,776678.44989000
2026-09-15T23:00Z,0.15090000,0.15320000,0.14960000,0.15180000,19401711.20000000,2946879.23388000,11559,9668683.50000000,1468203.07705000
2026-09-16T00:00Z,0.15180000,0.15390000,0.14840000,0.14970000,25992526.80000000,3942408.42170000,12789,12173962.70000000,1846588.25243000
2026-09-16T01:00Z,0.14970000,0.15220000,0.14850000,0.14940000,8020758.10000000,1204902.08188000,7280,3734059.20000000,561533.72256000
2026-09-16T02:00Z,0.14940000,0.15400000,0.14940000,0.15160000,9464940.30000000,1436825.34247000,8979,5194606.40000000,788915.49843000
2026-09-16T03:00Z,0.15150000,0.15460000,0.15060000,0.15260000,24203681.50000000,3698103.25521000,10783,13143063.70000000,2007596.60382000
2026-09-16T04:00Z,0.15270000,0.15930000,0.15190000,0.15330000,26587782.90000000,4137195.60824000,18872,15352140.30000000,2389349.91941000
2026-09-16T05:00Z,0.15320000,0.15500000,0.15080000,0.15460000,11343438.60000000,1731823.89339000,10979,4057760.70000000,619863.63962000
2026-09-16T06:00Z,0.15460000,0.15560000,0.14970000,0.15220000,8995590.70000000,1366880.05519000,7475,3998267.10000000,607493.19834000
2026-09-16T07:00Z,0.15220000,0.15580000,0.15180000,0.15460000,9525056.80000000,1465783.45924000,8925,4941828.40000000,760592.07374000
2026-09-16T08:00Z,0.15460000,0.15580000,0.15260000,0.15450000,12338404.80000000,1905633.42078000,10048,6793328.50000000,1049335.21382000
2026-09-16T09:00Z,0.15450000,0.15940000,0.15400000,0.15880000,14468073.50000000,2268562.87531000,10393,8922128.60000000,1399330.02179000
2026-09-16T10:00Z,0.15880000,0.16140000,0.15740000,0.15970000,15060119.40000000,2397102.87042000,11653,7332039.30000000,1167555.15923000
2026-09-16T11:00Z,0.15970000,0.16550000,0.15840000,0.16430000,15814765.80000000,2570471.80103000,12324,8061246.70000000,1311148.39872000
2026-09-16T12:00Z,0.16430000,0.17060000,0.16380000,0.16950000,34092942.40000000,5688106.99929000,21629,18440691.50000000,3077993.07722000
2026-09-16T13:00Z,0.16950000,0.17390000,0.16520000,0.16590000,37711047.10000000,6402716.84961000,29506,19087966.00000000,3245112.45412000
2026-09-16T14:00Z,0.16600000,0.16650000,0.15850000,0.16000000,25553374.30000000,4138800.93899000,19404,12357192.00000000,2001295.10111000
2026-09-16T15:00Z,0.15990000,0.16270000,0.15630000,0.15680000,18600109.20000000,2975403.57925000,13618,9832164.20000000,1573247.51553000
2026-09-16T16:00Z,0.15690000,0.15880000,0.15520000,0.15630000,12404220.30000000,1946629.42597000,9982,5901959.40000000,926382.31286000
2026-09-16T17:00Z,0.15630000,0.15870000,0.15490000,0.15590000,11628328.00000000,1820202.11113000,9876,5982319.00000000,937338.48159000
2026-09-16T18:00Z,0.15590000,0.16500000,0.15420000,0.16340000,32435363.20000000,5208154.52137000,26173,16958758.00000000,2724758.83452000
2026-09-16T19:00Z,0.16350000,0.16530000,0.15700000,0.16090000,17020482.10000000,2735484.61941000,15389,8078841.30000000,1298701.34177000
2026-09-16T20:00Z,0.16100000,0.16370000,0.15960000,0.16350000,8213767.50000000,1330585.22497000,7311,4287684.40000000,695307.03328000
2026-09-16T21:00Z,0.16360000,0.16640000,0.16320000,0.16360000,8453432.60000000,1392859.86198000,7348,4339403.50000000,714894.80259000
2026-09-16T22:00Z,0.16360000,0.16530000,0.16120000,0.16340000,5257562.30000000,857630.49125000,5702,2504676.30000000,408667.98876000
2026-09-16T23:00Z,0.16350000,0.16980000,0.16300000,0.16820000,9012432.60000000,1511352.07401000,8330,4980116.80000000,835127.06074000
2026-09-17T00:00Z,0.16820000,0.16930000,0.16500000,0.16590000,10541125.20000000,1759886.15582000,9880,4544057.30000000,758841.05862000
2026-09-17T01:00Z,0.16580000,0.17020000,0.16290000,0.16470000,12307604.40000000,2045545.40733000,10947,6474752.60000000,1075998.54210000
2026-09-17T02:00Z,0.16480000,0.16580000,0.16240000,0.16320000,5395645.40000000,884307.03930000,6273,2699440.80000000,442427.68511000
2026-09-17T03:00Z,0.16320000,0.16680000,0.16230000,0.16580000,6745089.90000000,1112070.98312000,6224,3451695.50000000,569379.14253000
2026-09-17T04:00Z,0.16580000,0.16860000,0.16470000,0.16820000,6697568.40000000,1114820.64811000,6451,3754164.30000000,625014.53021000
2026-09-17T05:00Z,0.16820000,0.17370000,0.16620000,0.16690000,17851760.40000000,3054696.19724000,15732,8863376.60000000,1518347.73231000
2026-09-17T06:00Z,0.16690000,0.16870000,0.16470000,0.16650000,8191193.10000000,1362382.23510000,8159,3759564.80000000,625815.56263000
2026-09-17T07:00Z,0.16650000,0.16710000,0.16410000,0.16500000,7438002.90000000,1232060.37294000,6597,3523289.50000000,584067.65877000
2026-09-17T08:00Z,0.16490000,0.16770000,0.16450000,0.16630000,5745456.30000000,952817.84594000,5170,3237268.90000000,536850.74274000
2026-09-17T09:00Z,0.16630000,0.16770000,0.16290000,0.16340000,8936686.60000000,1473497.92304000,6719,4295428.50000000,708861.52457000
2026-09-17T10:00Z,0.16340000,0.16530000,0.16230000,0.16480000,7229704.90000000,1185621.87908000,5542,3628235.10000000,595140.02054000
2026-09-17T11:00Z,0.16470000,0.16820000,0.16420000,0.16600000,4488306.10000000,745354.76930000,5400,2448951.90000000,406697.74519000
2026-09-17T12:00Z,0.16610000,0.16720000,0.16340000,0.16350000,4957891.90000000,818558.50630000,5822,2363296.60000000,390175.96526000
2026-09-17T13:00Z,0.16350000,0.16450000,0.16110000,0.16410000,7733859.90000000,1260810.90927000,6786,3947401.00000000,643807.09986000
2026-09-17T14:00Z,0.16410000,0.16470000,0.16170000,0.16400000,9120974.20000000,1490731.32812000,7678,3986966.30000000,651663.78675000
2026-09-17T15:00Z,0.16410000,0.17130000,0.16230000,0.17110000,12852242.50000000,2143032.37768000,9705,7213336.70000000,1203793.96222000
2026-09-17T16:00Z,0.17100000,0.17770000,0.16890000,0.17330000,25285031.50000000,4362639.35706000,19036,12404552.00000000,2144155.35233000
2026-09-17T17:00Z,0.17320000,0.18470000,0.17150000,0.18390000,24735968.00000000,4416225.78110000,19606,13337330.80000000,2379975.24605000
2026-09-17T18:00Z,0.18390000,0.18450000,0.17530000,0.17920000,19444852.40000000,3490897.61573000,21862,9173425.90000000,1646487.32364000
2026-09-17T19:00Z,0.17920000,0.18070000,0.17460000,0.17550000,8514198.70000000,1507095.34522000,16488,2883200.70000000,510841.16867000
2026-09-17T20:00Z,0.17560000,0.18030000,0.17320000,0.17890000,7176089.10000000,1265293.74058000,11370,3748693.90000000,661719.89149000
2026-09-17T21:00Z,0.17900000,0.18000000,0.17370000,0.17380000,5703898.80000000,1006710.85114000,7415,2609043.30000000,460246.26369000
2026-09-17T22:00Z,0.17380000,0.17730000,0.17170000,0.17640000,5662046.50000000,989784.54467000,7539,2832744.30000000,495397.54967000
2026-09-17T23:00Z,0.17640000,0.17820000,0.17470000,0.17730000,4532563.20000000,800096.41538000,4411,2523433.90000000,445584.62708000
2026-09-18T00:00Z,0.17740000,0.18310000,0.17580000,0.18290000,9008786.10000000,1611669.18238000,10534,5425959.10000000,971473.01778000
2026-09-18T01:00Z,0.18280000,0.19800000,0.18130000,0.19790000,27017467.60000000,5163993.79894000,31697,14278870.20000000,2733679.01836000
2026-09-18T02:00Z,0.19790000,0.20550000,0.19600000,0.20520000,35885801.30000000,7188562.48102000,49576,17557870.10000000,3519237.77530000
2026-09-18T03:00Z,0.20520000,0.22860000,0.20470000,0.22620000,56206260.60000000,12315670.78064000,83324,29351950.60000000,6433422.34168000
2026-09-18T04:00Z,0.22620000,0.22940000,0.21000000,0.21270000,39230840.00000000,8680426.19771000,69910,18591034.70000000,4118984.87185000
2026-09-18T05:00Z,0.21260000,0.21530000,0.20930000,0.21260000,23273468.80000000,4945699.47879000,33094,12558156.60000000,2669747.01378000
2026-09-18T06:00Z,0.21260000,0.21680000,0.20750000,0.21380000,20890898.50000000,4443419.39931000,26113,10355645.90000000,2206040.48207000
2026-09-18T07:00Z,0.21380000,0.21700000,0.21110000,0.21170000,16375949.90000000,3507988.03084000,22846,7546404.30000000,1617127.61990000
2026-09-18T08:00Z,0.21180000,0.21450000,0.20590000,0.20930000,15472176.10000000,3234015.71444000,22834,7428634.90000000,1553504.35798000
2026-09-18T09:00Z,0.20920000,0.21040000,0.20610000,0.20910000,10099783.20000000,2103640.80544000,13631,5302983.90000000,1105221.88509000
2026-09-18T10:00Z,0.20900000,0.21050000,0.20270000,0.20800000,13383670.40000000,2775619.17643000,17529,6961099.60000000,1443929.05780000
2026-09-18T11:00Z,0.20790000,0.20870000,0.20360000,0.20530000,11031880.70000000,2270935.00827000,13695,4957323.00000000,1020562.11226000
2026-09-18T12:00Z,0.20530000,0.21300000,0.20250000,0.21230000,12711705.00000000,2640816.96952000,27384,7374070.70000000,1534029.33700000
2026-09-18T13:00Z,0.21220000,0.21590000,0.20690000,0.20900000,28538091.50000000,6042549.04819000,40779,15260675.00000000,3233851.94389000
2026-09-18T14:00Z,0.20910000,0.21350000,0.20780000,0.21050000,9635161.20000000,2027118.30427000,12920,4596540.80000000,967958.31488000
2026-09-18T15:00Z,0.21040000,0.21200000,0.20450000,0.21100000,12753032.20000000,2655427.66074000,13135,6121132.40000000,1274773.34662000
2026-09-18T16:00Z,0.21100000,0.22150000,0.20810000,0.21810000,21859645.00000000,4730812.77456000,30321,11815164.30000000,2557683.09985000
2026-09-18T17:00Z,0.21810000,0.22330000,0.21460000,0.22060000,14105066.70000000,3085403.11777000,17472,8204553.30000000,1796410.22630000
2026-09-18T18:00Z,0.22070000,0.22400000,0.21590000,0.21800000,11988066.20000000,2638381.81616000,15533,5493048.80000000,1208307.69755000
2026-09-18T19:00Z,0.21810000,0.22330000,0.21810000,0.21980000,8074071.30000000,1781835.17012000,9631,3754449.00000000,828298.24669000
2026-09-18T20:00Z,0.21980000,0.22810000,0.21950000,0.22600000,15275205.40000000,3431316.73555000,19205,8365563.70000000,1879105.57308000
2026-09-18T21:00Z,0.22600000,0.22850000,0.22120000,0.22120000,11085295.30000000,2492990.98734000,18846,5631906.20000000,1267407.00325000
2026-09-18T22:00Z,0.22130000,0.22370000,0.21500000,0.21850000,10632124.40000000,2329955.19199000,14851,4660863.40000000,1021649.42133000
2026-09-18T23:00Z,0.21860000,0.22630000,0.21760000,0.22120000,10230269.40000000,2267907.53685000,17549,5198009.90000000,1152301.39595000
2026-09-19T00:00Z,0.22130000,0.23000000,0.21700000,0.21870000,14563796.20000000,3250536.50108000,31201,7124126.10000000,1592494.30071000
2026-09-19T01:00Z,0.21870000,0.22020000,0.21310000,0.21500000,8000287.00000000,1738302.13062000,13722,3627224.40000000,788472.96035000
2026-09-19T02:00Z,0.21510000,0.21940000,0.21490000,0.21680000,5484336.40000000,1190848.96766000,8378,2689384.20000000,583917.04916000
2026-09-19T03:00Z,0.21670000,0.21850000,0.21020000,0.21390000,8938289.20000000,1911683.08813000,11514,4394121.50000000,940323.26266000
2026-09-19T04:00Z,0.21390000,0.21620000,0.20930000,0.21160000,6380258.10000000,1355868.02374000,9131,3296529.90000000,700956.51851000
2026-09-19T05:00Z,0.21160000,0.21270000,0.20860000,0.20950000,5269249.00000000,1111072.11629000,6609,2289854.40000000,482414.14368000
2026-09-19T06:00Z,0.20960000,0.21840000,0.20960000,0.21630000,5951824.30000000,1275600.11928000,8892,3357071.90000000,720158.01196000
2026-09-19T07:00Z,0.21630000,0.21790000,0.21130000,0.21170000,5121940.80000000,1101007.85894000,6384,2435371.80000000,523899.34326000
2026-09-19T08:00Z,0.21170000,0.21560000,0.21080000,0.21450000,5743036.00000000,1229656.39288000,6364,2811171.80000000,601843.56052000
2026-09-19T09:00Z,0.21450000,0.21570000,0.21260000,0.21420000,3832998.30000000,819960.15736000,4404,1866402.20000000,399231.96234000
2026-09-19T10:00Z,0.21420000,0.21450000,0.21190000,0.21250000,3547254.30000000,755983.51405000,4330,1357700.00000000,289511.07415000
2026-09-19T11:00Z,0.21250000,0.21370000,0.21060000,0.21170000,3959608.30000000,839169.19764000,4173,1922526.90000000,407481.95158000
2026-09-19T12:00Z,0.21170000,0.21290000,0.20800000,0.21070000,7708694.30000000,1621999.87267000,6837,3456425.10000000,727179.49660000
2026-09-19T13:00Z,0.21060000,0.21170000,0.20670000,0.20900000,7719763.60000000,1612691.88483000,6758,3269795.30000000,683032.64569000
2026-09-19T14:00Z,0.20900000,0.21210000,0.20810000,0.21160000,5598930.30000000,1175000.68029000,5340,3165183.40000000,664301.66868000
2026-09-19T15:00Z,0.21160000,0.21220000,0.20860000,0.20920000,4690784.40000000,985345.89838000,5073,2204719.70000000,463108.84857000
2026-09-19T16:00Z,0.20930000,0.20990000,0.20630000,0.20840000,5979603.60000000,1243751.08209000,6991,3235767.90000000,673110.56260000
2026-09-19T17:00Z,0.20850000,0.20900000,0.20640000,0.20730000,5532996.60000000,1147579.26005000,5847,2560371.00000000,531004.54341000
2026-09-19T18:00Z,0.20730000,0.20770000,0.20280000,0.20640000,6086191.10000000,1249131.32181000,7555,2559582.70000000,525169.44534000
2026-09-19T19:00Z,0.20650000,0.20950000,0.20410000,0.20860000,2745446.30000000,567958.71130000,4255,1382009.50000000,286051.65858000
2026-09-19T20:00Z,0.20860000,0.20890000,0.20580000,0.20640000,1799193.70000000,372743.76290000,2685,966923.40000000,200303.24000000
2026-09-19T21:00Z,0.20640000,0.20640000,0.20290000,0.20480000,3721296.10000000,760458.09784000,3733,1958424.30000000,400136.66257000
2026-09-19T22:00Z,0.20490000,0.20610000,0.20320000,0.20520000,3426232.50000000,700334.54252000,3444,1952911.90000000,399385.63576000
2026-09-19T23:00Z,0.20520000,0.20630000,0.20490000,0.20610000,2107678.40000000,433604.72390000,2675,1120154.50000000,230496.63562000
2026-09-20T00:00Z,0.20620000,0.20650000,0.20130000,0.20200000,4663980.30000000,947550.46992000,5218,2278316.50000000,463102.23658000
2026-09-20T01:00Z,0.20200000,0.20780000,0.20050000,0.20680000,7163017.20000000,1466809.75151000,7608,3542168.00000000,725553.99723000
2026-09-20T02:00Z,0.20680000,0.21170000,0.20220000,0.20320000,10094219.90000000,2087365.30852000,12679,5135185.80000000,1062092.88448000
2026-09-20T03:00Z,0.20320000,0.21800000,0.20100000,0.21600000,26013354.80000000,5518572.11197000,23722,12753667.60000000,2706252.94806000
2026-09-20T04:00Z,0.21590000,0.22010000,0.21150000,0.21230000,14337456.70000000,3089486.11425000,16750,6503851.00000000,1402096.41814000
2026-09-20T05:00Z,0.21250000,0.21500000,0.20880000,0.21300000,7871789.40000000,1662708.83158000,11404,3783002.90000000,799704.91589000
2026-09-20T06:00Z,0.21280000,0.21340000,0.20650000,0.20850000,6472167.10000000,1356255.30377000,9522,3488132.30000000,731697.24510000
2026-09-20T07:00Z,0.20860000,0.21130000,0.20860000,0.20920000,3184374.30000000,668059.32961000,5539,1640234.60000000,344188.50096000
2026-09-20T08:00Z,0.20930000,0.21560000,0.20930000,0.21360000,6161432.70000000,1313812.99611000,9613,3709067.30000000,790750.55841000
2026-09-20T09:00Z,0.21350000,0.21540000,0.21220000,0.21280000,4658114.40000000,996768.37634000,6531,2466434.90000000,527629.47509000
2026-09-20T10:00Z,0.21290000,0.21640000,0.21080000,0.21240000,5978388.70000000,1275095.29586000,9461,2227782.80000000,475064.68530000
2026-09-20T11:00Z,0.21250000,0.21550000,0.21180000,0.21420000,4017971.90000000,857513.00010000,8196,1903649.00000000,406362.31317000
2026-09-20T12:00Z,0.21430000,0.21530000,0.21100000,0.21180000,4558256.10000000,968932.99059000,7930,2289460.00000000,486342.00922000
2026-09-20T13:00Z,0.21170000,0.21170000,0.20760000,0.20850000,4041382.90000000,846134.75074000,6218,1709929.30000000,358098.94212000
2026-09-20T14:00Z,0.20850000,0.20960000,0.19690000,0.19920000,17731767.20000000,3579773.48288000,17003,8987218.30000000,1813251.28955000
2026-09-20T15:00Z,0.19920000,0.20450000,0.19620000,0.20390000,10361827.80000000,2077917.71162000,18053,5750537.70000000,1153974.30311000
2026-09-20T16:00Z,0.20380000,0.21320000,0.20300000,0.21160000,13732325.00000000,2868057.76108000,16572,7319046.80000000,1528248.69809000
2026-09-20T17:00Z,0.21160000,0.21470000,0.20960000,0.21190000,10426857.20000000,2212789.25689000,12640,4925114.40000000,1045565.04694000
2026-09-20T18:00Z,0.21200000,0.21300000,0.20770000,0.20900000,6220476.10000000,1307787.48617000,8425,2943723.30000000,619035.86657000
2026-09-20T19:00Z,0.20900000,0.21220000,0.20880000,0.21100000,2340440.00000000,492114.47606000,3924,1185997.60000000,249388.09609000
2026-09-20T20:00Z,0.21110000,0.21330000,0.21080000,0.21260000,3767144.50000000,799085.61750000,4464,1864284.40000000,395395.09510000
2026-09-20T21:00Z,0.21260000,0.21800000,0.20900000,0.21790000,6335213.60000000,1353381.13114000,9298,3590922.90000000,768022.83265000
2026-09-20T22:00Z,0.21780000,0.22510000,0.21680000,0.21750000,12842488.40000000,2843310.57111000,14977,6692542.70000000,1481420.64099000
2026-09-20T23:00Z,0.21760000,0.22150000,0.21610000,0.21780000,7292471.00000000,1597136.46787000,10177,3602316.30000000,789235.72422000
2026-09-21T00:00Z,0.21770000,0.22310000,0.21660000,0.22090000,8288463.10000000,1823057.12245000,12090,4547323.30000000,1000179.88920000
2026-09-21T01:00Z,0.22080000,0.22080000,0.21250000,0.21320000,8893498.90000000,1932016.42687000,15559,4128613.30000000,896505.78322000
2026-09-21T02:00Z,0.21320000,0.21910000,0.20950000,0.21750000,12867184.20000000,2739363.38622000,12110,6787001.30000000,1443699.28831000
2026-09-21T03:00Z,0.21760000,0.22680000,0.21720000,0.22150000,10003999.50000000,2216990.06312000,11013,5673329.20000000,1258836.31204000
2026-09-21T04:00Z,0.22150000,0.22210000,0.21500000,0.21530000,6690835.90000000,1457086.99006000,7211,2378440.60000000,519142.76365000
2026-09-21T05:00Z,0.21530000,0.21620000,0.21330000,0.21490000,3630064.20000000,780568.98295000,4850,1978878.70000000,425638.29103000
2026-09-21T06:00Z,0.21500000,0.21660000,0.21300000,0.21440000,2592614.90000000,556842.39936000,4265,1416279.00000000,304205.07379000
2026-09-21T07:00Z,0.21450000,0.21490000,0.21160000,0.21350000,3111398.10000000,662717.05126000,4461,1480169.50000000,315321.37728000
2026-09-21T08:00Z,0.21340000,0.21830000,0.21250000,0.21730000,10799973.30000000,2335603.13093000,14114,4974141.50000000,1074781.95787000
2026-09-21T09:00Z,0.21730000,0.22250000,0.21670000,0.21840000,11893077.90000000,2620282.55609000,15317,5796143.70000000,1277961.80351000
2026-09-21T10:00Z,0.21840000,0.23370000,0.21790000,0.23210000,20535954.70000000,4688782.23882000,23012,10794700.90000000,2463006.82815000
2026-09-21T11:00Z,0.23200000,0.23670000,0.22740000,0.22830000,15714022.30000000,3629951.82824000,21333,7258220.70000000,1678585.69369000
2026-09-21T12:00Z,0.22810000,0.24670000,0.22600000,0.24460000,25436073.60000000,6099351.00505000,40700,12107477.60000000,2899704.00360000
2026-09-21T13:00Z,0.24470000,0.24780000,0.23640000,0.23880000,19323066.90000000,4670503.00230000,23516,9538757.40000000,2307731.51439000
2026-09-21T14:00Z,0.23880000,0.23950000,0.23240000,0.23540000,12321433.50000000,2911584.55032000,15239,5559510.30000000,1314515.96626000
2026-09-21T15:00Z,0.23530000,0.23830000,0.22750000,0.23130000,13248848.00000000,3073355.65580000,15548,6545488.60000000,1520140.77379000
2026-09-21T16:00Z,0.23120000,0.23560000,0.22500000,0.22660000,8761891.20000000,2014187.44194000,11525,4133202.60000000,950429.75849000
2026-09-21T17:00Z,0.22660000,0.22850000,0.22340000,0.22510000,7035012.10000000,1585130.85214000,7011,2955386.30000000,666156.30299000
2026-09-21T18:00Z,0.22510000,0.22750000,0.22380000,0.22650000,4567291.40000000,1031174.05395000,5270,2493336.40000000,563206.37832000
2026-09-21T19:00Z,0.22640000,0.22970000,0.22580000,0.22810000,4296198.20000000,980377.46606000,8856,2567477.80000000,586067.94875000
2026-09-21T20:00Z,0.22810000,0.22820000,0.22130000,0.22240000,11041584.30000000,2476947.92734000,11820,4492106.10000000,1006803.07150000
2026-09-21T21:00Z,0.22240000,0.22550000,0.22030000,0.22150000,5461687.00000000,1214562.38883000,5179,2360466.20000000,525599.43514000
2026-09-21T22:00Z,0.22170000,0.22630000,0.22170000,0.22590000,3120899.70000000,698998.46942000,4286,1612258.60000000,361291.03032000
2026-09-21T23:00Z,0.22590000,0.23030000,0.22500000,0.22580000,6360273.00000000,1448573.57811000,6708,3336685.50000000,760715.42699000
2026-09-22T00:00Z,0.22560000,0.22830000,0.22290000,0.22400000,7666285.70000000,1732033.81604000,9074,3575840.70000000,808271.85141000
2026-09-22T01:00Z,0.22390000,0.22400000,0.21890000,0.22320000,8855365.40000000,1961497.22261000,9912,3943393.50000000,873945.37247000
2026-09-22T02:00Z,0.22320000,0.22440000,0.22030000,0.22060000,3701888.00000000,822606.44136000,4398,1817733.90000000,404354.82651000
2026-09-22T03:00Z,0.22060000,0.22200000,0.21790000,0.22040000,3289039.30000000,724014.89627000,4007,1528118.50000000,336676.74863000
2026-09-22T04:00Z,0.22040000,0.22060000,0.21690000,0.21830000,4909661.10000000,1073852.00275000,5605,2044903.20000000,447216.57778000
2026-09-22T05:00Z,0.21840000,0.22300000,0.21640000,0.22160000,5701055.10000000,1251556.79864000,8277,2685246.90000000,589889.83913000
2026-09-22T06:00Z,0.22160000,0.22230000,0.21860000,0.21860000,3105286.20000000,685638.02865000,3072,1348187.00000000,297838.65008000
2026-09-22T07:00Z,0.21870000,0.21980000,0.21700000,0.21880000,3891977.80000000,849528.27525000,3334,1992696.30000000,434917.48912000
2026-09-22T08:00Z,0.21890000,0.22350000,0.21840000,0.22090000,6464916.20000000,1430243.11142000,7025,3590166.70000000,794576.81098000
2026-09-22T09:00Z,0.22090000,0.22090000,0.21780000,0.21910000,3979048.10000000,871833.50401000,4840,1864389.30000000,408589.51450000
2026-09-22T10:00Z,0.21900000,0.21910000,0.21500000,0.21770000,5109315.00000000,1110756.64873000,7478,2474541.60000000,538265.17433000
2026-09-22T11:00Z,0.21770000,0.21840000,0.21530000,0.21800000,4884185.70000000,1061144.23725000,8390,2341165.50000000,508734.80190000
2026-09-22T12:00Z,0.21790000,0.22210000,0.21660000,0.22160000,6306959.00000000,1385173.52310000,9870,3433336.10000000,754364.40025000
2026-09-22T13:00Z,0.22160000,0.22280000,0.21560000,0.21700000,10725402.00000000,2350363.63268000,13546,4307276.90000000,945071.77360000
2026-09-22T14:00Z,0.21710000,0.21710000,0.21110000,0.21410000,12795613.50000000,2741252.01820000,14614,6075129.40000000,1303181.81340000
2026-09-22T15:00Z,0.21410000,0.21560000,0.21340000,0.21410000,6440652.70000000,1381423.40139000,8768,3632649.50000000,779162.11123000
2026-09-22T16:00Z,0.21420000,0.21570000,0.21240000,0.21500000,7140168.80000000,1527360.09737000,8229,3535148.70000000,756358.22717000
2026-09-22T17:00Z,0.21490000,0.21800000,0.21480000,0.21680000,6098384.90000000,1320706.50837000,7411,3342184.80000000,723854.69900000
2026-09-22T18:00Z,0.21680000,0.21800000,0.21610000,0.21670000,3528718.70000000,765723.35887000,5078,1778682.40000000,386107.22187000
2026-09-22T19:00Z,0.21670000,0.21850000,0.21580000,0.21850000,3585361.70000000,777578.52172000,4995,2031993.70000000,440912.01358000
2026-09-22T20:00Z,0.21840000,0.21960000,0.21690000,0.21890000,4711783.00000000,1028330.84414000,6174,2442981.40000000,533267.50678000
2026-09-22T21:00Z,0.21900000,0.21960000,0.21630000,0.21850000,3452626.10000000,752492.79711000,4326,1586443.70000000,346000.68593000
2026-09-22T22:00Z,0.21850000,0.22590000,0.21680000,0.22550000,8453164.00000000,1881045.26327000,12446,5181239.70000000,1154047.26136000
2026-09-22T23:00Z,0.22570000,0.23610000,0.22490000,0.23530000,26761516.60000000,6202604.75960000,30235,14052320.60000000,3256270.96599000
2026-09-23T00:00Z,0.23530000,0.24560000,0.23380000,0.24070000,20429098.00000000,4908783.43170000,25654,9845416.60000000,2367297.03970000
2026-09-23T01:00Z,0.24080000,0.24640000,0.23950000,0.24380000,15127295.80000000,3677448.79191000,19152,7860513.50000000,1911386.28762000
2026-09-23T02:00Z,0.24370000,0.25130000,0.24310000,0.24890000,16988436.10000000,4203362.26472000,22090,9403366.70000000,2327898.70593000
2026-09-23T03:00Z,0.24890000,0.25550000,0.24600000,0.24910000,21253654.20000000,5326201.23822000,23236,9646451.40000000,2419540.09900000
2026-09-23T04:00Z,0.24900000,0.25100000,0.24240000,0.24320000,13548679.80000000,3328034.84981000,15967,5516672.10000000,1355539.02146000
2026-09-23T05:00Z,0.24320000,0.25460000,0.24230000,0.24990000,11834677.30000000,2944104.01657000,15100,5923418.90000000,1474272.50186000
2026-09-23T06:00Z,0.24990000,0.25170000,0.24570000,0.24740000,8925164.30000000,2219115.22389000,11876,4178714.90000000,1039328.62321000
2026-09-23T07:00Z,0.24730000,0.24800000,0.23920000,0.24130000,13403363.70000000,3266799.28050000,14789,6178252.20000000,1507650.73636000
2026-09-23T08:00Z,0.24130000,0.24290000,0.23770000,0.23930000,7881494.90000000,1892106.35620000,10369,4144566.40000000,995485.12418000
2026-09-23T09:00Z,0.23940000,0.24280000,0.23820000,0.23860000,5430355.90000000,1305472.30574000,6762,3470204.70000000,834728.29294000
2026-09-23T10:00Z,0.23860000,0.24090000,0.23660000,0.23980000,6228548.60000000,1487509.96540000,7623,2931876.50000000,700451.08818000
2026-09-23T11:00Z,0.23970000,0.23980000,0.23290000,0.23590000,8592351.50000000,2027293.76508000,9789,3526448.50000000,831407.93649000
2026-09-23T12:00Z,0.23580000,0.23880000,0.23180000,0.23280000,9853697.90000000,2318538.52296000,10528,4711768.80000000,1109078.45886000
2026-09-23T13:00Z,0.23280000,0.23300000,0.22730000,0.22880000,8300176.30000000,1907800.07735000,9244,4191122.30000000,963008.25735000
2026-09-23T14:00Z,0.22890000,0.23010000,0.21950000,0.22610000,28169763.70000000,6336055.33503000,32711,14585735.10000000,3282535.38986000
2026-09-23T15:00Z,0.22610000,0.22790000,0.21970000,0.22000000,7906747.10000000,1763016.05759000,10050,2909508.20000000,649295.62572000
2026-09-23T16:00Z,0.21990000,0.22480000,0.21680000,0.22420000,10045593.50000000,2225947.11111000,11693,5365829.10000000,1190587.32191000
2026-09-23T17:00Z,0.22410000,0.22790000,0.22180000,0.22730000,7553450.20000000,1703397.62154000,14504,4464534.70000000,1006858.56121000
2026-09-23T18:00Z,0.22730000,0.22730000,0.21900000,0.21920000,5486110.90000000,1218924.89794000,7509,3016485.80000000,670610.06456000
2026-09-23T19:00Z,0.21910000,0.22060000,0.21830000,0.22060000,3610959.10000000,793270.82972000,4527,1909022.40000000,419533.04171000
2026-09-23T20:00Z,0.22050000,0.22180000,0.21780000,0.21780000,2577232.30000000,566906.09198000,6373,1317095.10000000,290017.93951000
2026-09-23T21:00Z,0.21790000,0.22010000,0.21760000,0.21930000,1783983.50000000,390149.08088000,3969,1095431.90000000,239605.28740000
2026-09-23T22:00Z,0.21930000,0.22120000,0.21700000,0.21770000,3378105.40000000,739748.51297000,7679,1783067.30000000,390450.29467000
2026-09-23T23:00Z,0.21760000,0.21910000,0.21470000,0.21600000,4477760.20000000,968367.86285000,4729,2368731.10000000,512168.64579000
2026-09-24T00:00Z,0.21590000,0.21730000,0.21510000,0.21630000,2310177.30000000,499615.64885000,3277,1160805.10000000,251114.00877000
2026-09-24T01:00Z,0.21640000,0.21930000,0.21490000,0.21740000,4524394.20000000,982565.69320000,5996,2184526.00000000,474662.30297000
2026-09-24T02:00Z,0.21740000,0.22140000,0.21630000,0.21850000,5354680.90000000,1176904.47977000,7603,3197526.90000000,702917.85152000
2026-09-24T03:00Z,0.21860000,0.21950000,0.21480000,0.21560000,4143945.60000000,896895.96089000,6667,2066845.80000000,447667.29416000
2026-09-24T04:00Z,0.21560000,0.21920000,0.21480000,0.21870000,4149967.70000000,900562.25822000,4281,2033280.40000000,441395.81263000
2026-09-24T05:00Z,0.21870000,0.22040000,0.21670000,0.21710000,3611310.70000000,788361.30240000,4829,1632414.70000000,356308.21795000
2026-09-24T06:00Z,0.21710000,0.21840000,0.21610000,0.21770000,2372498.20000000,515946.54053000,4043,1271097.20000000,276416.35742000
2026-09-24T07:00Z,0.21760000,0.21840000,0.21560000,0.21740000,3133232.50000000,680389.67219000,4712,1739294.10000000,377700.06241000
2026-09-24T08:00Z,0.21740000,0.21760000,0.21220000,0.21530000,5330232.70000000,1143874.07422000,5965,1946273.90000000,417592.37348000
2026-09-24T09:00Z,0.21540000,0.21610000,0.21040000,0.21090000,7412276.60000000,1576415.64771000,7329,3058967.00000000,650451.01280000
2026-09-24T10:00Z,0.21110000,0.21320000,0.21060000,0.21310000,3546458.80000000,751172.13327000,3798,1999342.40000000,423699.92350000
2026-09-24T11:00Z,0.21300000,0.21420000,0.21260000,0.21400000,3439351.20000000,734198.93101000,3195,2381831.20000000,508500.23786000
2026-09-24T12:00Z,0.21390000,0.21410000,0.21150000,0.21360000,3677228.80000000,782421.81333000,3644,1695024.00000000,360619.82574000
2026-09-24T13:00Z,0.21350000,0.22010000,0.21350000,0.21910000,11514364.10000000,2506809.15129000,9455,6265838.90000000,1363666.78530000
2026-09-24T14:00Z,0.21910000,0.22380000,0.21190000,0.21370000,20495130.50000000,4471469.04144000,18793,9227194.40000000,2014181.28359000
2026-09-24T15:00Z,0.21360000,0.21860000,0.21300000,0.21670000,7590738.40000000,1640532.01959000,8816,3652211.70000000,788947.12939000
2026-09-24T16:00Z,0.21680000,0.22120000,0.21440000,0.21860000,10793672.50000000,2355860.43523000,10121,5187764.40000000,1133689.92916000
2026-09-24T17:00Z,0.21860000,0.22000000,0.21630000,0.21870000,6278941.60000000,1369884.07821000,8708,3118065.30000000,680454.26886000
2026-09-24T18:00Z,0.21870000,0.21980000,0.21670000,0.21920000,3376866.30000000,737255.32471000,4603,1803837.50000000,393916.09238000
2026-09-24T19:00Z,0.21920000,0.22280000,0.21720000,0.22090000,6410495.40000000,1414234.51999000,5851,3732299.30000000,823077.51523000
2026-09-24T20:00Z,0.22080000,0.22130000,0.21710000,0.21870000,9450665.70000000,2070465.67671000,6463,4274215.50000000,936402.52695000
2026-09-24T21:00Z,0.21870000,0.22030000,0.21800000,0.21940000,2969609.80000000,650669.71712000,4671,1261836.90000000,276453.31124000
2026-09-24T22:00Z,0.21930000,0.21940000,0.21530000,0.21850000,4798801.80000000,1042781.80015000,7632,2589394.10000000,562743.67445000
2026-09-24T23:00Z,0.21840000,0.21960000,0.21610000,0.21660000,3237088.10000000,703393.15664000,4222,1142039.50000000,248311.12417000
