open_time_utc,open,high,low,close,volume,quote_volume,trades,taker_buy_base,taker_buy_quote
2026-05-27T00:00Z,83.73000000,84.18000000,83.72000000,84.14000000,51872.54100000,4356772.81750000,16428,30189.62800000,2536127.82782000
2026-05-27T01:00Z,84.13000000,84.19000000,83.80000000,83.86000000,39325.58800000,3302535.12997000,16798,23473.45100000,1971402.04838000
2026-05-27T02:00Z,83.85000000,83.96000000,83.55000000,83.96000000,32006.41700000,2680050.01711000,14431,14028.49100000,1174890.11441000
2026-05-27T03:00Z,83.96000000,84.07000000,83.48000000,83.63000000,51996.28900000,4355664.72868000,17347,24968.07700000,2092247.93279000
2026-05-27T04:00Z,83.62000000,83.68000000,82.86000000,83.64000000,98948.35100000,8231651.26001000,22657,40561.18800000,3375108.76213000
2026-05-27T05:00Z,83.64000000,83.93000000,83.57000000,83.89000000,37127.15000000,3110090.69613000,13269,16472.38000000,1379464.08125000
2026-05-27T06:00Z,83.89000000,84.07000000,83.74000000,84.06000000,44875.77800000,3766581.26832000,14325,28005.43100000,2350615.99558000
2026-05-27T07:00Z,84.06000000,84.21000000,83.89000000,84.21000000,46819.80000000,3935218.82436000,13133,23924.41000000,2011170.38378000
2026-05-27T08:00Z,84.20000000,84.42000000,83.89000000,83.93000000,77659.24800000,6540471.97748000,13822,49487.68500000,4169556.65390000
2026-05-27T09:00Z,83.93000000,83.96000000,83.60000000,83.78000000,70110.93700000,5873355.18389000,13739,23907.58700000,2003461.70487000
2026-05-27T10:00Z,83.78000000,84.09000000,83.67000000,83.95000000,40788.97900000,3423244.59336000,13802,15579.77300000,1307697.32317000
2026-05-27T11:00Z,83.95000000,84.23000000,83.91000000,83.94000000,64108.01300000,5390919.30574000,22547,21684.07900000,1823462.39632000
2026-05-27T12:00Z,83.95000000,84.68000000,83.55000000,83.95000000,134139.97800000,11294682.97224000,33333,78004.38800000,6571784.51142000
2026-05-27T13:00Z,83.94000000,84.06000000,82.98000000,83.63000000,139110.85300000,11608329.56819000,60737,68632.87500000,5726965.29867000
2026-05-27T14:00Z,83.64000000,84.12000000,83.22000000,83.91000000,144628.69700000,12113022.57882000,49756,74257.97700000,6219892.75355000
2026-05-27T15:00Z,83.91000000,84.84000000,83.88000000,84.44000000,218419.38900000,18442012.00300000,53446,134502.76600000,11354406.36704000
2026-05-27T16:00Z,84.44000000,84.75000000,83.87000000,84.18000000,108536.45400000,9146531.55180000,32818,58271.92300000,4909710.32497000
2026-05-27T17:00Z,84.18000000,84.20000000,83.16000000,83.41000000,148897.61500000,12445631.57976000,57736,88022.07900000,7357680.96720000
2026-05-27T18:00Z,83.40000000,83.99000000,83.20000000,83.94000000,60867.62000000,5083231.81751000,29851,32036.40100000,2676967.05138000
2026-05-27T19:00Z,83.94000000,84.14000000,83.87000000,83.91000000,62313.64800000,5234434.61626000,19323,34330.10800000,2883606.45121000
2026-05-27T20:00Z,83.92000000,84.14000000,83.76000000,83.82000000,53378.03700000,4481452.70221000,15945,30616.73800000,2571033.84391000
2026-05-27T21:00Z,83.82000000,83.82000000,82.10000000,82.49000000,206098.58600000,17093603.27883000,64983,82570.26300000,6856304.49045000
2026-05-27T22:00Z,82.49000000,83.03000000,82.22000000,82.47000000,115782.57200000,9565320.57507000,50256,52707.17300000,4355175.46261000
2026-05-27T23:00Z,82.46000000,82.70000000,82.20000000,82.44000000,71643.82300000,5906880.44153000,30978,30632.44400000,2525844.12275000
2026-05-28T00:00Z,82.43000000,82.74000000,82.36000000,82.71000000,61588.42100000,5085667.69341000,24496,28506.01700000,2354049.17212000
2026-05-28T01:00Z,82.72000000,82.76000000,81.93000000,82.27000000,152669.65100000,12563994.91041000,46822,52206.12200000,4297582.54241000
2026-05-28T02:00Z,82.28000000,82.44000000,82.00000000,82.10000000,78589.94700000,6458991.68838000,31332,39702.19200000,3263381.42297000
2026-05-28T03:00Z,82.11000000,82.25000000,80.50000000,80.70000000,306109.87900000,24855975.00524000,99872,119204.55500000,9676545.61667000
2026-05-28T04:00Z,80.70000000,80.98000000,80.00000000,80.90000000,222109.55700000,17871248.98213000,63498,114390.33200000,9206098.90511000
2026-05-28T05:00Z,80.90000000,81.00000000,80.42000000,80.70000000,91993.90500000,7423224.05372000,31887,51895.23100000,4186939.50328000
2026-05-28T06:00Z,80.70000000,81.12000000,80.53000000,80.97000000,80847.15200000,6535845.05542000,24424,40836.07100000,3300966.21434000
2026-05-28T07:00Z,80.97000000,81.30000000,80.86000000,81.26000000,97340.96700000,7893839.20162000,21857,66450.80200000,5389005.75055000
2026-05-28T08:00Z,81.26000000,81.30000000,80.83000000,80.99000000,50944.09500000,4129304.49851000,18912,23893.76500000,1936820.12157000
2026-05-28T09:00Z,80.99000000,81.32000000,80.83000000,81.22000000,83999.55300000,6818121.39518000,18370,30118.88000000,2444204.84689000
2026-05-28T10:00Z,81.23000000,81.32000000,80.72000000,80.75000000,64016.77400000,5189121.58135000,18740,26721.63000000,2165763.58326000
2026-05-28T11:00Z,80.75000000,80.93000000,80.60000000,80.88000000,40350.22700000,3259529.24260000,16551,20647.91200000,1668103.87675000
2026-05-28T12:00Z,80.88000000,81.25000000,80.59000000,81.13000000,54576.52300000,4417103.03620000,23792,26763.82900000,2166042.82026000
2026-05-28T13:00Z,81.14000000,81.36000000,80.53000000,80.79000000,100198.15300000,8100101.52778000,40487,51808.17500000,4188611.43967000
2026-05-28T14:00Z,80.79000000,81.66000000,80.02000000,81.19000000,218768.32300000,17683351.01209000,101616,125112.46800000,10113842.51127000
2026-05-28T15:00Z,81.20000000,81.38000000,80.56000000,81.14000000,77614.82800000,6294012.38619000,42216,40750.99000000,3306177.31462000
2026-05-28T16:00Z,81.15000000,82.18000000,80.91000000,82.07000000,119764.68800000,9774524.83877000,50985,62183.90900000,5077708.79984000
2026-05-28T17:00Z,82.08000000,82.64000000,81.84000000,82.30000000,65125.03900000,5355721.87004000,37197,39406.91400000,3241506.60357000
2026-05-28T18:00Z,82.30000000,83.01000000,82.25000000,82.90000000,117421.50600000,9719813.76552000,39463,73867.18700000,6114587.19853000
2026-05-28T19:00Z,82.89000000,82.89000000,82.17000000,82.19000000,50293.02000000,4147697.98439000,24609,17783.70000000,1466349.01175000
2026-05-28T20:00Z,82.18000000,82.60000000,81.78000000,82.30000000,43031.98400000,3538383.99479000,23788,21032.08300000,1729896.22629000
2026-05-28T21:00Z,82.30000000,82.70000000,82.22000000,82.44000000,53388.32900000,4406782.61850000,19562,29132.25600000,2404679.76067000
2026-05-28T22:00Z,82.44000000,82.63000000,81.91000000,82.04000000,43604.14100000,3583429.65553000,17962,18344.00300000,1507895.11400000
2026-05-28T23:00Z,82.03000000,82.28000000,82.00000000,82.11000000,32568.81800000,2674449.65418000,14747,13481.02400000,1107158.75971000
2026-05-29T00:00Z,82.12000000,82.48000000,82.12000000,82.33000000,44227.16300000,3641413.38299000,18474,28403.91700000,2338551.21926000
2026-05-29T01:00Z,82.33000000,82.48000000,82.06000000,82.21000000,44771.64000000,3682035.52534000,17849,25266.97600000,2077954.86219000
2026-05-29T02:00Z,82.21000000,82.32000000,81.47000000,81.57000000,85401.78700000,6991760.63110000,22281,31187.60100000,2554348.13246000
2026-05-29T03:00Z,81.57000000,81.96000000,81.52000000,81.61000000,40129.79900000,3279418.34657000,14512,21863.81200000,1786656.52149000
2026-05-29T04:00Z,81.62000000,81.94000000,81.36000000,81.93000000,58649.54200000,4790155.84774000,20207,30224.63500000,2469395.57265000
2026-05-29T05:00Z,81.93000000,82.20000000,81.82000000,82.07000000,58901.40900000,4830700.29379000,18790,37238.66100000,3054331.32877000
2026-05-29T06:00Z,82.06000000,82.49000000,82.02000000,82.31000000,47792.74700000,3928812.81285000,15935,29800.81300000,2449885.30784000
2026-05-29T07:00Z,82.31000000,82.46000000,81.92000000,82.24000000,122627.97200000,10076985.16208000,24341,83461.39100000,6857688.73066000
2026-05-29T08:00Z,82.25000000,82.49000000,82.18000000,82.22000000,57065.61500000,4699626.72045000,15337,31222.75000000,2571300.27203000
2026-05-29T09:00Z,82.23000000,82.65000000,82.21000000,82.44000000,62077.03700000,5119023.04769000,12863,37317.84900000,3077164.97087000
2026-05-29T10:00Z,82.44000000,82.45000000,82.09000000,82.15000000,55962.43200000,4602892.55788000,15477,28779.66000000,2366064.55200000
2026-05-29T11:00Z,82.15000000,82.21000000,81.52000000,81.77000000,82474.18600000,6756497.29224000,25951,44565.73200000,3652144.76467000
2026-05-29T12:00Z,81.76000000,81.79000000,81.31000000,81.48000000,89507.52700000,7303005.12883000,28115,46358.27700000,3782668.48706000
2026-05-29T13:00Z,81.48000000,81.78000000,81.10000000,81.44000000,87403.48600000,7112788.85631000,36967,43008.29100000,3500306.84860000
2026-05-29T14:00Z,81.44000000,81.58000000,80.35000000,81.33000000,213503.03600000,17287853.94994000,77951,120641.51200000,9770577.36142000
2026-05-29T15:00Z,81.33000000,83.24000000,81.20000000,82.59000000,318976.73300000,26296955.84619000,94817,173199.51200000,14279710.27277000
2026-05-29T16:00Z,82.58000000,83.13000000,82.20000000,82.93000000,111480.06900000,9223033.65627000,50976,55724.08600000,4611218.41795000
2026-05-29T17:00Z,82.93000000,83.22000000,82.67000000,82.79000000,112719.09000000,9358161.85256000,38304,67103.18100000,5572836.52718000
2026-05-29T18:00Z,82.80000000,83.00000000,81.82000000,82.07000000,90897.66500000,7494073.01794000,38369,25410.97000000,2095488.51150000
2026-05-29T19:00Z,82.06000000,82.41000000,81.60000000,82.06000000,57214.48200000,4697039.90319000,27216,30754.70600000,2525300.68185000
2026-05-29T20:00Z,82.06000000,82.39000000,82.01000000,82.22000000,41563.50900000,3417383.33503000,18384,24332.65700000,2001023.44499000
2026-05-29T21:00Z,82.23000000,82.40000000,81.70000000,81.71000000,56705.16100000,4655265.44591000,16634,22156.70700000,1819185.93768000
2026-05-29T22:00Z,81.71000000,82.02000000,81.62000000,81.99000000,71666.37600000,5866270.30169000,14118,44604.35800000,3652754.97491000
2026-05-29T23:00Z,81.98000000,82.11000000,81.76000000,82.04000000,52559.18300000,4308042.79870000,11123,32859.79700000,2693713.25617000
2026-05-30T00:00Z,82.04000000,82.35000000,81.94000000,82.29000000,44417.27700000,3651417.27630000,12733,26197.90100000,2153398.20436000
2026-05-30T01:00Z,82.30000000,83.00000000,82.22000000,82.82000000,59647.89600000,4931200.18224000,14882,36095.92800000,2984057.13269000
2026-05-30T02:00Z,82.82000000,83.03000000,82.77000000,82.98000000,40547.38000000,3362264.23672000,10068,23734.94300000,1968329.75147000
2026-05-30T03:00Z,82.97000000,83.10000000,82.62000000,82.67000000,34396.48200000,2850596.57678000,9938,16141.61400000,1338091.38709000
2026-05-30T04:00Z,82.67000000,82.80000000,81.86000000,82.33000000,78885.71400000,6492866.41255000,20409,28797.16600000,2370298.74549000
2026-05-30T05:00Z,82.32000000,82.77000000,82.20000000,82.60000000,77289.94300000,6371988.85206000,14687,40012.36800000,3300226.58816000
2026-05-30T06:00Z,82.59000000,82.74000000,82.39000000,82.47000000,29474.38200000,2433524.28794000,9133,15734.18400000,1299429.61279000
2026-05-30T07:00Z,82.48000000,82.52000000,82.26000000,82.37000000,32754.46000000,2697553.50688000,8179,12765.10800000,1051236.39544000
2026-05-30T08:00Z,82.37000000,82.41000000,82.19000000,82.23000000,20767.92900000,1709162.97785000,7775,9866.09200000,812070.98087000
2026-05-30T09:00Z,82.23000000,82.39000000,82.20000000,82.34000000,30260.93700000,2490290.85899000,7432,14925.47400000,1228279.68341000
2026-05-30T10:00Z,82.34000000,82.51000000,82.30000000,82.38000000,25328.39800000,2087602.93570000,6314,12137.04300000,1000500.66598000
2026-05-30T11:00Z,82.39000000,82.55000000,82.22000000,82.33000000,19548.23300000,1609771.35730000,7754,11178.86400000,920422.09278000
2026-05-30T12:00Z,82.33000000,82.44000000,82.25000000,82.43000000,43052.05200000,3543842.97136000,12673,32927.17900000,2710345.90902000
2026-05-30T13:00Z,82.43000000,82.57000000,82.25000000,82.48000000,35489.48600000,2925804.17217000,8126,19016.20300000,1567973.48845000
2026-05-30T14:00Z,82.48000000,82.79000000,82.43000000,82.63000000,67065.93700000,5541550.31519000,16943,41692.28900000,3445127.60937000
2026-05-30T15:00Z,82.63000000,82.92000000,82.48000000,82.69000000,81051.93700000,6697979.07216000,17103,35140.26600000,2905234.27289000
2026-05-30T16:00Z,82.68000000,82.92000000,82.63000000,82.89000000,36497.14500000,3021503.35890000,10411,20085.26100000,1662848.24797000
2026-05-30T17:00Z,82.88000000,83.06000000,82.63000000,83.05000000,47059.14500000,3900711.10200000,16674,23345.84600000,1935545.99097000
2026-05-30T18:00Z,83.05000000,83.14000000,82.87000000,83.03000000,40910.98300000,3396491.87601000,9617,26481.97200000,2198925.07753000
2026-05-30T19:00Z,83.02000000,83.05000000,82.78000000,82.99000000,38589.16300000,3200695.32701000,10167,19800.38900000,1642325.89277000
2026-05-30T20:00Z,82.99000000,83.08000000,82.86000000,82.96000000,24764.88400000,2054711.56464000,6705,11607.93200000,963033.31498000
2026-05-30T21:00Z,82.96000000,83.17000000,82.91000000,83.02000000,41466.38400000,3443758.66914000,8233,24021.94800000,1995032.19258000
2026-05-30T22:00Z,83.02000000,83.02000000,82.45000000,82.65000000,44641.47700000,3691985.47119000,13171,18041.89800000,1492421.84285000
2026-05-30T23:00Z,82.64000000,82.89000000,82.52000000,82.73000000,24582.62000000,2032383.33446000,9504,12214.63200000,1010226.20485000
2026-05-31T00:00Z,82.74000000,82.96000000,82.62000000,82.93000000,24737.64000000,2049174.05294000,10319,13849.92200000,1147338.06298000
2026-05-31T01:00Z,82.93000000,83.25000000,82.92000000,83.02000000,51068.12400000,4243008.42459000,15852,26791.73400000,2226145.13326000
2026-05-31T02:00Z,83.03000000,83.42000000,82.88000000,83.15000000,57438.18000000,4775953.57531000,17777,32305.03400000,2687171.25939000
2026-05-31T03:00Z,83.16000000,83.35000000,83.10000000,83.25000000,30533.41400000,2540674.44270000,9643,16001.99500000,1331482.32178000
2026-05-31T04:00Z,83.24000000,83.30000000,83.09000000,83.22000000,22050.49000000,1835000.34860000,7284,9882.04400000,822345.31933000
2026-05-31T05:00Z,83.21000000,83.22000000,83.00000000,83.03000000,27586.43600000,2292112.22714000,10970,14558.86700000,1209717.74975000
2026-05-31T06:00Z,83.03000000,83.03000000,82.84000000,82.95000000,37499.62000000,3110034.71642000,12971,21654.54300000,1795864.97044000
2026-05-31T07:00Z,82.96000000,82.96000000,82.52000000,82.66000000,40461.40600000,3346024.71946000,13768,16126.96000000,1334077.46916000
2026-05-31T08:00Z,82.67000000,82.86000000,82.59000000,82.81000000,30621.66700000,2534338.65827000,8386,16669.87000000,1379412.75193000
2026-05-31T09:00Z,82.80000000,83.05000000,82.64000000,82.75000000,32322.82100000,2677365.39054000,9802,19728.75500000,1634553.67718000
2026-05-31T10:00Z,82.75000000,82.75000000,82.49000000,82.71000000,38083.09300000,3146130.88095000,9734,14924.95100000,1233326.49127000
2026-05-31T11:00Z,82.71000000,82.85000000,82.67000000,82.76000000,19251.64700000,1593453.66472000,6913,12404.87700000,1026745.45245000
2026-05-31T12:00Z,82.76000000,82.94000000,82.57000000,82.82000000,28099.32800000,2325774.42005000,8640,16118.80500000,1334325.63486000
2026-05-31T13:00Z,82.82000000,83.12000000,82.66000000,82.77000000,29814.80600000,2471610.93580000,9674,18511.88100000,1535038.97960000
2026-05-31T14:00Z,82.76000000,82.77000000,81.79000000,81.96000000,148012.05000000,12155552.02512000,39636,65880.97300000,5408349.19570000
2026-05-31T15:00Z,81.96000000,82.27000000,81.81000000,81.88000000,43985.25100000,3608589.19520000,12579,19312.49700000,1584499.32723000
2026-05-31T16:00Z,81.88000000,82.04000000,81.42000000,81.59000000,78396.65600000,6400812.47357000,21983,29781.03400000,2431599.92706000
2026-05-31T17:00Z,81.58000000,81.90000000,81.46000000,81.87000000,39396.19200000,3217405.30518000,10814,18507.95600000,1512060.66038000
2026-05-31T18:00Z,81.87000000,81.87000000,81.61000000,81.76000000,20947.37600000,1712168.84428000,8714,9887.91500000,808189.88327000
2026-05-31T19:00Z,81.75000000,81.80000000,81.33000000,81.58000000,27603.54700000,2251486.00456000,9210,9273.02200000,756242.18896000
2026-05-31T20:00Z,81.59000000,82.01000000,81.59000000,81.97000000,24807.53600000,2028829.81193000,7546,16739.36300000,1368976.51628000
2026-05-31T21:00Z,81.97000000,82.37000000,81.88000000,82.30000000,28166.97200000,2312387.30031000,10588,16387.79400000,1345485.16322000
2026-05-31T22:00Z,82.31000000,82.69000000,82.04000000,82.53000000,55921.07800000,4610748.84671000,22009,33408.17100000,2754770.71807000
2026-05-31T23:00Z,82.52000000,82.92000000,81.95000000,82.44000000,57075.33600000,4707123.99251000,22569,29359.46300000,2422898.42168000
2026-06-01T00:00Z,82.45000000,83.10000000,82.37000000,82.83000000,85074.53700000,7046630.19877000,28586,48179.53700000,3991303.04382000
2026-06-01T01:00Z,82.83000000,82.87000000,81.75000000,81.76000000,74116.46500000,6100157.73799000,26413,25757.49400000,2121161.42942000
2026-06-01T02:00Z,81.76000000,82.90000000,81.63000000,82.68000000,58203.47900000,4795361.33593000,25877,35052.62800000,2888722.33585000
2026-06-01T03:00Z,82.68000000,82.99000000,82.56000000,82.63000000,74313.34200000,6155147.80641000,27111,27180.56100000,2251236.09441000
2026-06-01T04:00Z,82.63000000,82.78000000,81.77000000,82.04000000,63756.64500000,5232897.26447000,23650,34458.70900000,2828209.82538000
2026-06-01T05:00Z,82.03000000,82.11000000,81.63000000,81.82000000,43692.77800000,3579140.61976000,18860,20068.64600000,1643843.11463000
2026-06-01T06:00Z,81.82000000,81.87000000,81.13000000,81.45000000,71844.77900000,5853119.98494000,26657,40222.63000000,3277505.52012000
2026-06-01T07:00Z,81.45000000,81.58000000,80.63000000,80.74000000,69985.21600000,5675917.91401000,27210,32573.34700000,2643050.02900000
2026-06-01T08:00Z,80.74000000,81.05000000,80.46000000,80.99000000,76555.83900000,6181861.25050000,25411,38135.75000000,3080863.88782000
2026-06-01T09:00Z,80.99000000,81.29000000,80.99000000,81.08000000,73646.34000000,5976100.60438000,19993,36636.43100000,2973141.43200000
2026-06-01T10:00Z,81.08000000,81.19000000,80.83000000,81.10000000,61932.62100000,5016829.92195000,16356,34969.47800000,2833326.71474000
2026-06-01T11:00Z,81.10000000,81.26000000,80.60000000,80.81000000,101246.71400000,8197773.89718000,22326,32029.17900000,2593499.31610000
2026-06-01T12:00Z,80.82000000,81.07000000,80.23000000,80.82000000,140019.46700000,11302429.18958000,37028,53517.02400000,4320776.52288000
2026-06-01T13:00Z,80.82000000,80.86000000,79.28000000,79.84000000,314651.97600000,25200352.83708000,79366,119818.67800000,9599885.05758000
2026-06-01T14:00Z,79.84000000,80.11000000,79.43000000,79.71000000,145590.94000000,11601646.06311000,47735,73316.73500000,5842513.40398000
2026-06-01T15:00Z,79.71000000,80.05000000,79.20000000,79.60000000,120002.49100000,9558473.15567000,39627,66538.66000000,5300521.13742000
2026-06-01T16:00Z,79.61000000,80.46000000,79.11000000,80.41000000,119404.20000000,9521493.06177000,35061,67391.51400000,5378511.31224000
2026-06-01T17:00Z,80.40000000,81.21000000,80.29000000,80.93000000,134586.83600000,10866440.04366000,36457,85212.36400000,6880702.52648000
2026-06-01T18:00Z,80.92000000,81.22000000,80.58000000,80.86000000,52921.75100000,4280316.54297000,20551,26681.84200000,2158028.03549000
2026-06-01T19:00Z,80.86000000,81.31000000,80.60000000,81.20000000,52219.79500000,4229553.28688000,19350,30697.39200000,2486538.76541000
2026-06-01T20:00Z,81.19000000,81.24000000,80.96000000,81.13000000,52430.23600000,4253317.30693000,15323,23927.30200000,1940995.68265000
2026-06-01T21:00Z,81.14000000,81.14000000,80.50000000,80.68000000,115156.36200000,9303347.17514000,26137,50102.47600000,4049078.98354000
2026-06-01T22:00Z,80.67000000,81.48000000,80.32000000,81.40000000,94615.13800000,7652202.61875000,30012,53032.47900000,4289766.28672000
2026-06-01T23:00Z,81.41000000,81.65000000,81.07000000,81.28000000,113179.44900000,9208585.06388000,26610,57122.93700000,4648387.81435000
2026-06-02T00:00Z,81.28000000,81.30000000,80.87000000,80.89000000,42277.44500000,3427847.98892000,18829,19601.91500000,1589860.37349000
2026-06-02T01:00Z,80.89000000,81.01000000,80.04000000,80.11000000,75615.54200000,6087215.99575000,28086,27769.01000000,2237181.38001000
2026-06-02T02:00Z,80.11000000,80.78000000,79.41000000,80.78000000,122227.64200000,9782042.90155000,46371,56426.13800000,4518696.91992000
2026-06-02T03:00Z,80.78000000,81.05000000,80.64000000,80.92000000,66363.57800000,5367199.86424000,24390,32555.33700000,2632690.14400000
2026-06-02T04:00Z,80.92000000,81.02000000,80.38000000,80.44000000,61469.76100000,4962686.17403000,22186,27481.47100000,2218794.22409000
2026-06-02T05:00Z,80.44000000,80.59000000,79.57000000,79.63000000,83029.98400000,6646579.94322000,29634,29501.36000000,2362534.23651000
2026-06-02T06:00Z,79.63000000,79.82000000,79.33000000,79.59000000,113130.61200000,9003516.94556000,32367,56072.54000000,4463548.13577000
2026-06-02T07:00Z,79.60000000,79.94000000,79.16000000,79.67000000,75041.98800000,5973766.68802000,29415,32547.07800000,2590742.94921000
2026-06-02T08:00Z,79.67000000,79.80000000,79.45000000,79.61000000,59264.39800000,4718255.18736000,26385,23987.25900000,1909541.84677000
2026-06-02T09:00Z,79.62000000,79.64000000,78.78000000,79.10000000,129401.82900000,10237751.82122000,36930,54099.43500000,4280818.89876000
2026-06-02T10:00Z,79.11000000,79.48000000,78.97000000,79.44000000,59917.17500000,4751474.44956000,19853,34281.79600000,2718530.07450000
2026-06-02T11:00Z,79.43000000,79.45000000,78.85000000,78.94000000,72081.66500000,5701087.86665000,20920,31323.03100000,2477174.71908000
2026-06-02T12:00Z,78.93000000,79.16000000,78.66000000,78.98000000,79062.51200000,6237871.37086000,25024,41299.44100000,3259025.55919000
2026-06-02T13:00Z,78.97000000,79.22000000,78.80000000,78.95000000,83201.92500000,6575867.49922000,33888,46662.95100000,3688378.93546000
2026-06-02T14:00Z,78.95000000,78.99000000,76.75000000,77.44000000,432986.79300000,33646632.14883000,128496,196934.22300000,15307259.37766000
2026-06-02T15:00Z,77.44000000,77.49000000,75.58000000,76.38000000,418914.18400000,32053522.28360000,126345,181428.85000000,13895061.38669000
2026-06-02T16:00Z,76.38000000,77.67000000,76.15000000,76.71000000,228269.73400000,17564781.45512000,63171,145284.30400000,11177065.31411000
2026-06-02T17:00Z,76.72000000,77.19000000,76.48000000,76.84000000,164609.96100000,12649739.41131000,41783,74824.49300000,5750210.09464000
2026-06-02T18:00Z,76.84000000,77.08000000,75.81000000,76.15000000,91384.37400000,6980517.17996000,38083,45090.10500000,3445292.45138000
2026-06-02T19:00Z,76.16000000,76.27000000,74.50000000,75.53000000,344086.41300000,25903777.15999000,82509,120600.52500000,9081336.30893000
2026-06-02T20:00Z,75.53000000,75.95000000,74.77000000,75.44000000,116900.27300000,8800216.98086000,47426,44973.79100000,3386660.55194000
2026-06-02T21:00Z,75.44000000,76.08000000,75.33000000,75.67000000,96795.65500000,7328300.39259000,29796,50945.11600000,3856927.71661000
2026-06-02T22:00Z,75.66000000,75.67000000,73.37000000,73.67000000,290461.88600000,21630788.26147000,92072,125639.86500000,9357205.41418000
2026-06-02T23:00Z,73.68000000,74.32000000,72.73000000,74.23000000,336041.58800000,24711337.66822000,106648,158766.04600000,11678507.46240000
2026-06-03T00:00Z,74.23000000,75.13000000,74.00000000,74.85000000,202547.30200000,15126682.75643000,48473,99202.35300000,7412680.30382000
2026-06-03T01:00Z,74.85000000,75.05000000,74.15000000,74.75000000,111009.17600000,8293212.78035000,38163,51930.41100000,3879370.41524000
2026-06-03T02:00Z,74.75000000,74.81000000,74.21000000,74.40000000,79705.25600000,5934904.98439000,29077,34512.25500000,2570121.32606000
2026-06-03T03:00Z,74.41000000,74.54000000,72.28000000,72.71000000,254498.45300000,18654135.27539000,75515,104532.92700000,7666559.35089000
2026-06-03T04:00Z,72.71000000,74.11000000,72.69000000,74.06000000,143688.80400000,10564326.09324000,45940,79245.91600000,5825419.57219000
2026-06-03T05:00Z,74.06000000,74.92000000,74.05000000,74.75000000,169098.88200000,12616402.79977000,46978,93095.44400000,6944822.15202000
2026-06-03T06:00Z,74.75000000,75.33000000,74.67000000,74.86000000,162671.76100000,12200999.86607000,34222,101400.10100000,7605892.69721000
2026-06-03T07:00Z,74.86000000,75.40000000,74.76000000,75.27000000,93467.02200000,7029498.42397000,22504,59933.76600000,4509166.50754000
2026-06-03T08:00Z,75.26000000,75.33000000,74.86000000,75.01000000,78085.89500000,5860614.28211000,21943,33851.53500000,2540376.10742000
2026-06-03T09:00Z,75.00000000,75.41000000,74.73000000,75.01000000,140506.33900000,10537782.00353000,28143,83829.57600000,6287578.72899000
2026-06-03T10:00Z,75.01000000,75.60000000,74.97000000,75.55000000,111179.56600000,8383751.38810000,27248,43188.31400000,3256513.00364000
2026-06-03T11:00Z,75.55000000,75.71000000,75.00000000,75.12000000,75239.60400000,5673794.16401000,20399,34700.92000000,2617568.53429000
2026-06-03T12:00Z,75.12000000,75.27000000,74.68000000,75.18000000,83437.50400000,6258020.59500000,25619,38319.07700000,2873824.02006000
2026-06-03T13:00Z,75.19000000,75.37000000,74.39000000,74.57000000,127785.01800000,9566966.50439000,53868,58361.80600000,4371479.75868000
2026-06-03T14:00Z,74.56000000,74.61000000,73.84000000,74.46000000,151500.76100000,11246390.88366000,62191,77972.66500000,5787637.27914000
2026-06-03T15:00Z,74.46000000,74.48000000,73.24000000,73.31000000,136205.79800000,10059949.35598000,58009,60719.31200000,4485854.90652000
2026-06-03T16:00Z,73.31000000,73.48000000,72.02000000,73.01000000,253803.68700000,18442154.69534000,99153,119572.03700000,8686772.44601000
2026-06-03T17:00Z,73.01000000,74.10000000,72.40000000,73.17000000,136778.12000000,10023534.11114000,64136,73213.34400000,5367370.39660000
2026-06-03T18:00Z,73.17000000,73.49000000,72.46000000,73.09000000,112565.33600000,8217172.68362000,58016,60835.43200000,4441549.51067000
2026-06-03T19:00Z,73.10000000,73.17000000,71.71000000,71.99000000,243448.33600000,17579720.43623000,81847,103464.39800000,7474601.95591000
2026-06-03T20:00Z,71.99000000,72.43000000,70.93000000,71.23000000,412273.10800000,29507240.35918000,102264,152343.02000000,10918411.68437000
2026-06-03T21:00Z,71.22000000,72.86000000,71.03000000,72.82000000,169893.12500000,12233307.44920000,78569,95658.51900000,6893091.87649000
2026-06-03T22:00Z,72.81000000,73.18000000,71.94000000,72.22000000,100282.04300000,7258165.60231000,74610,44694.25400000,3235896.17724000
2026-06-03T23:00Z,72.22000000,72.28000000,71.57000000,71.61000000,105574.78400000,7577552.07505000,64684,47629.88300000,3418774.39640000
2026-06-04T00:00Z,71.61000000,72.09000000,70.33000000,70.75000000,262808.47400000,18665582.98371000,130095,124720.35000000,8858039.61622000
2026-06-04T01:00Z,70.76000000,70.96000000,68.42000000,68.63000000,532824.55000000,37075432.48199000,204192,232069.71400000,16150445.24364000
2026-06-04T02:00Z,68.63000000,70.47000000,66.80000000,70.07000000,642074.70800000,43938426.37673000,188283,291877.24200000,20009644.40799000
2026-06-04T03:00Z,70.07000000,71.65000000,70.04000000,71.48000000,294832.25100000,20966833.23488000,67018,171052.99900000,12158255.92799000
2026-06-04T04:00Z,71.49000000,71.80000000,70.80000000,70.90000000,142724.49500000,10178961.63267000,43257,79427.20200000,5668107.10292000
2026-06-04T05:00Z,70.89000000,70.89000000,69.91000000,70.35000000,131019.18000000,9207807.31850000,56270,59045.30800000,4149410.81574000
2026-06-04T06:00Z,70.34000000,71.21000000,70.26000000,70.35000000,104601.42500000,7398235.54653000,46136,52407.02800000,3707587.08589000
2026-06-04T07:00Z,70.36000000,70.40000000,69.14000000,69.15000000,145332.52600000,10139901.23321000,55531,70325.26100000,4908175.23007000
2026-06-04T08:00Z,69.16000000,69.44000000,68.33000000,69.25000000,208429.02700000,14378309.78080000,73193,86620.11700000,5972470.41878000
2026-06-04T09:00Z,69.24000000,69.27000000,67.74000000,68.86000000,206826.65700000,14127994.50277000,87598,87396.47800000,5972250.10803000
2026-06-04T10:00Z,68.87000000,68.94000000,67.51000000,67.89000000,211805.82500000,14453879.73808000,83234,102603.95200000,7001998.18055000
2026-06-04T11:00Z,67.89000000,68.71000000,67.37000000,68.70000000,212452.26000000,14444314.60349000,65432,91912.73600000,6255801.21882000
2026-06-04T12:00Z,68.69000000,70.38000000,68.32000000,70.12000000,266361.49700000,18507843.15442000,103082,154253.37700000,10721731.21694000
2026-06-04T13:00Z,70.12000000,70.58000000,69.02000000,70.38000000,185403.26300000,12962536.72318000,106924,96557.36300000,6753034.29183000
2026-06-04T14:00Z,70.38000000,70.64000000,69.56000000,69.77000000,223518.47900000,15642822.84948000,79508,105313.80900000,7366738.79230000
2026-06-04T15:00Z,69.76000000,70.50000000,69.38000000,69.64000000,288475.98200000,20163292.79280000,74894,149195.34900000,10422429.06100000
2026-06-04T16:00Z,69.64000000,69.67000000,68.98000000,69.41000000,104450.23500000,7245445.10208000,49657,57462.06100000,3987445.52986000
2026-06-04T17:00Z,69.41000000,69.74000000,68.48000000,69.25000000,98633.55100000,6816112.02013000,62449,57468.10800000,3973298.24187000
2026-06-04T18:00Z,69.25000000,69.89000000,68.65000000,69.50000000,112317.19300000,7793918.60472000,55941,65722.37500000,4562281.77788000
2026-06-04T19:00Z,69.49000000,69.71000000,69.03000000,69.10000000,109858.18000000,7621056.26136000,47023,65011.79000000,4511761.57792000
2026-06-04T20:00Z,69.09000000,69.15000000,68.44000000,68.82000000,90783.73200000,6244510.36435000,48176,40618.02800000,2794543.90802000
2026-06-04T21:00Z,68.81000000,69.06000000,67.61000000,67.80000000,109794.00600000,7495323.34251000,48226,48304.36600000,3299839.40827000
2026-06-04T22:00Z,67.79000000,68.58000000,67.57000000,68.49000000,162189.32200000,11022476.12167000,77853,78980.31400000,5368170.18285000
2026-06-04T23:00Z,68.48000000,68.93000000,68.00000000,68.88000000,80732.67200000,5532006.40539000,45777,36599.79000000,2507941.42715000
2026-06-05T00:00Z,68.87000000,69.10000000,68.27000000,68.31000000,94482.78300000,6492826.52497000,51709,48090.10500000,3306223.75306000
2026-06-05T01:00Z,68.30000000,68.82000000,67.58000000,68.52000000,170977.82600000,11674802.32656000,69277,84189.47200000,5749867.62474000
2026-06-05T02:00Z,68.52000000,68.62000000,67.21000000,67.33000000,205697.43500000,13965556.44786000,77429,90149.70100000,6121339.80562000
2026-06-05T03:00Z,67.33000000,67.87000000,66.94000000,67.09000000,205341.54800000,13805834.50120000,81675,88496.22900000,5952134.39251000
2026-06-05T04:00Z,67.10000000,68.01000000,66.52000000,67.94000000,279233.15800000,18801301.46605000,80911,131830.97100000,8883399.27962000
2026-06-05T05:00Z,67.95000000,68.10000000,66.07000000,66.24000000,227052.13500000,15206061.37920000,89395,96208.59000000,6445627.44640000
2026-06-05T06:00Z,66.24000000,66.56000000,63.87000000,65.05000000,711566.68100000,46366250.23613000,251660,296682.81200000,19329524.39859000
2026-06-05T07:00Z,65.05000000,66.31000000,63.93000000,66.18000000,404654.71200000,26336564.05418000,156912,209444.40300000,13622762.96142000
2026-06-05T08:00Z,66.18000000,66.20000000,65.10000000,65.31000000,175461.81600000,11522089.08559000,76064,77368.97700000,5081437.14333000
2026-06-05T09:00Z,65.32000000,66.62000000,65.31000000,66.55000000,208083.63400000,13753466.36158000,73655,103561.00800000,6845877.38634000
2026-06-05T10:00Z,66.56000000,66.74000000,66.16000000,66.42000000,110468.15600000,7341419.34487000,53561,51894.54400000,3448542.33612000
2026-06-05T11:00Z,66.41000000,66.80000000,65.84000000,66.08000000,152006.51900000,10078747.86453000,67007,69758.19600000,4624981.87128000
2026-06-05T12:00Z,66.08000000,66.37000000,65.20000000,65.83000000,192608.05200000,12668726.05004000,130931,85531.82800000,5628349.67809000
2026-06-05T13:00Z,65.82000000,66.83000000,64.30000000,64.32000000,372355.71100000,24507469.08931000,146501,174964.63000000,11517676.14563000
2026-06-05T14:00Z,64.33000000,65.85000000,63.94000000,65.27000000,439146.75100000,28531947.28573000,178391,222367.29500000,14457640.85643000
2026-06-05T15:00Z,65.27000000,65.34000000,63.78000000,64.24000000,467507.14600000,30119096.76182000,145440,221427.43500000,14267772.88008000
2026-06-05T16:00Z,64.25000000,65.98000000,63.18000000,65.86000000,605057.03300000,39139243.90055000,193922,293673.17900000,19004041.79091000
2026-06-05T17:00Z,65.86000000,66.06000000,64.80000000,65.09000000,221416.87800000,14457743.59476000,87484,97028.58900000,6334007.86962000
2026-06-05T18:00Z,65.10000000,65.39000000,62.63000000,62.91000000,374915.58200000,23940997.47874000,133077,161462.51200000,10329573.32192000
2026-06-05T19:00Z,62.90000000,63.84000000,61.48000000,63.44000000,543475.91300000,33982151.10968000,190958,259919.04500000,16260840.51129000
2026-06-05T20:00Z,63.44000000,64.82000000,62.68000000,64.64000000,301434.00900000,19294222.66370000,118278,165081.37000000,10569375.81135000
2026-06-05T21:00Z,64.63000000,65.42000000,64.53000000,64.89000000,189844.81200000,12332671.95237000,68703,105768.96800000,6872550.72221000
2026-06-05T22:00Z,64.88000000,64.91000000,63.78000000,64.41000000,208505.23300000,13417861.51094000,102212,93966.33800000,6046954.08835000
2026-06-05T23:00Z,64.41000000,64.79000000,62.64000000,63.64000000,180299.96500000,11464249.25731000,71586,71455.31700000,4541810.69450000
2026-06-06T00:00Z,63.64000000,64.83000000,63.63000000,64.68000000,120881.28700000,7786418.50086000,54745,64780.48800000,4172434.47780000
2026-06-06T01:00Z,64.68000000,64.86000000,63.78000000,63.85000000,108817.37100000,6989557.01663000,52743,49940.65900000,3207234.87423000
2026-06-06T02:00Z,63.86000000,63.96000000,63.27000000,63.53000000,114641.90900000,7295753.61830000,59233,48440.89000000,3083458.65454000
2026-06-06T03:00Z,63.52000000,63.54000000,62.58000000,62.84000000,139553.09300000,8789795.93428000,67459,53064.45500000,3342811.24039000
2026-06-06T04:00Z,62.84000000,63.12000000,60.35000000,60.88000000,419817.25400000,25719489.17261000,153973,175060.54800000,10717095.24423000
2026-06-06T05:00Z,60.89000000,62.72000000,60.13000000,62.62000000,293810.46600000,18139870.23479000,133059,144903.23500000,8948248.71043000
2026-06-06T06:00Z,62.62000000,63.35000000,62.08000000,62.22000000,157531.05600000,9896120.29912000,71231,76055.97000000,4782099.16990000
2026-06-06T07:00Z,62.22000000,63.16000000,62.06000000,62.78000000,123693.39700000,7766147.60980000,47022,71552.97900000,4493284.39853000
2026-06-06T08:00Z,62.79000000,63.60000000,62.54000000,63.18000000,116203.67900000,7340610.57803000,48958,64213.90000000,4057940.04924000
2026-06-06T09:00Z,63.17000000,63.56000000,62.49000000,62.71000000,84549.16000000,5330815.11094000,44416,39134.89800000,2467924.33132000
2026-06-06T10:00Z,62.70000000,62.71000000,61.20000000,61.84000000,226017.51800000,13958420.64548000,72099,103318.62400000,6379057.11728000
2026-06-06T11:00Z,61.84000000,62.69000000,61.77000000,62.46000000,135940.24500000,8461888.02725000,46532,65297.45100000,4062921.12643000
2026-06-06T12:00Z,62.46000000,63.11000000,62.04000000,62.92000000,162475.47100000,10175080.34650000,49687,88237.07500000,5525718.44224000
2026-06-06T13:00Z,62.93000000,63.06000000,62.17000000,62.45000000,88374.73600000,5528222.45064000,41340,37426.55000000,2341784.34809000
2026-06-06T14:00Z,62.45000000,62.93000000,62.30000000,62.33000000,126534.32900000,7935799.69136000,51479,60824.96600000,3815319.41495000
2026-06-06T15:00Z,62.33000000,62.48000000,61.32000000,62.03000000,296337.21400000,18327454.47123000,76904,149703.12600000,9258750.57836000
2026-06-06T16:00Z,62.04000000,62.40000000,61.38000000,62.13000000,240041.71000000,14845937.50440000,62383,120468.17100000,7450219.67166000
2026-06-06T17:00Z,62.13000000,62.28000000,61.46000000,61.63000000,100047.27700000,6186737.12227000,42863,49034.26600000,3032550.88523000
2026-06-06T18:00Z,61.62000000,62.14000000,61.41000000,61.73000000,77417.59300000,4778129.02278000,37796,41667.63600000,2571850.00637000
2026-06-06T19:00Z,61.74000000,62.20000000,61.62000000,61.64000000,77950.68100000,4824565.27696000,31178,40547.79400000,2509185.75486000
2026-06-06T20:00Z,61.64000000,61.94000000,61.38000000,61.84000000,156326.46400000,9631078.18575000,35824,70345.70200000,4335174.56902000
2026-06-06T21:00Z,61.85000000,62.38000000,61.83000000,61.91000000,77443.89600000,4807881.34379000,25185,44712.19400000,2775299.60336000
2026-06-06T22:00Z,61.90000000,61.98000000,61.47000000,61.73000000,74264.55600000,4583034.19953000,34163,36439.28500000,2249162.80497000
2026-06-06T23:00Z,61.72000000,62.30000000,61.68000000,62.20000000,52170.69400000,3238434.45520000,24422,30633.89800000,1901601.05771000
2026-06-07T00:00Z,62.21000000,62.64000000,61.96000000,62.11000000,86470.16600000,5384484.89073000,25968,45102.28500000,2808675.49805000
2026-06-07T01:00Z,62.11000000,63.86000000,62.04000000,63.67000000,203218.88200000,12864349.58990000,68683,120796.39000000,7646494.60428000
2026-06-07T02:00Z,63.67000000,63.79000000,63.07000000,63.55000000,120313.27800000,7632527.65457000,40344,62767.58600000,3983981.13162000
2026-06-07T03:00Z,63.55000000,64.15000000,63.41000000,63.84000000,132638.91400000,8460231.70032000,38967,70011.85200000,4465162.97548000
2026-06-07T04:00Z,63.84000000,64.13000000,63.31000000,64.10000000,102582.66600000,6545322.83814000,31927,51841.81600000,3307789.56204000
2026-06-07T05:00Z,64.09000000,64.50000000,63.90000000,64.26000000,136530.07200000,8770089.29006000,44943,75024.88300000,4818542.59240000
2026-06-07T06:00Z,64.27000000,65.00000000,64.03000000,64.85000000,137142.16700000,8866929.26827000,41221,80514.45000000,5204587.25090000
2026-06-07T07:00Z,64.85000000,65.02000000,64.61000000,64.93000000,138583.04500000,8985699.52272000,30656,86308.72800000,5597352.06890000
2026-06-07T08:00Z,64.92000000,65.97000000,64.50000000,65.97000000,192726.31900000,12565653.71801000,46201,114493.25200000,7471742.10374000
2026-06-07T09:00Z,65.96000000,66.11000000,64.85000000,65.02000000,125152.96700000,8200331.80806000,43492,58071.30200000,3808772.86470000
2026-06-07T10:00Z,65.03000000,65.09000000,64.46000000,64.67000000,105980.13900000,6864753.95680000,35854,41920.44500000,2715577.65307000
2026-06-07T11:00Z,64.67000000,65.25000000,64.55000000,65.04000000,58725.20700000,3811167.03270000,26496,35227.73100000,2286686.43046000
2026-06-07T12:00Z,65.05000000,65.11000000,63.67000000,64.33000000,185560.45400000,11906538.81006000,71952,70974.10000000,4553997.81241000
2026-06-07T13:00Z,64.33000000,64.44000000,64.09000000,64.34000000,77996.25300000,5012115.07331000,31899,35339.46000000,2271403.88265000
2026-06-07T14:00Z,64.34000000,65.35000000,64.33000000,64.92000000,114695.18500000,7438344.43355000,44489,59890.67100000,3884733.49274000
2026-06-07T15:00Z,64.92000000,65.24000000,64.63000000,64.99000000,83149.95500000,5397163.86509000,35161,35380.12700000,2297296.56837000
2026-06-07T16:00Z,64.99000000,65.33000000,64.75000000,65.15000000,66802.94300000,4346569.77111000,33756,34006.41700000,2212843.16363000
2026-06-07T17:00Z,65.15000000,65.62000000,65.09000000,65.32000000,60601.69500000,3964029.86139000,34417,31870.85200000,2085182.30232000
2026-06-07T18:00Z,65.33000000,65.58000000,64.91000000,64.95000000,42035.73400000,2743783.66022000,29620,18372.89800000,1199442.43846000
2026-06-07T19:00Z,64.96000000,64.98000000,63.64000000,63.95000000,151033.83000000,9680906.50915000,66999,57368.51300000,3676285.20448000
2026-06-07T20:00Z,63.94000000,64.80000000,63.75000000,64.70000000,85671.22300000,5515427.09600000,37801,50107.10100000,3225236.47907000
2026-06-07T21:00Z,64.69000000,64.93000000,64.31000000,64.63000000,51099.04200000,3299131.43509000,26811,24388.61400000,1574801.36888000
2026-06-07T22:00Z,64.64000000,67.92000000,64.53000000,65.83000000,318835.32600000,21145427.06705000,144997,177900.93700000,11802528.01859000
2026-06-07T23:00Z,65.82000000,66.67000000,65.77000000,66.50000000,164025.91100000,10855066.99684000,54291,90465.91000000,5989856.32628000
2026-06-08T00:00Z,66.50000000,67.11000000,66.02000000,66.71000000,163104.51300000,10859755.77908000,55022,86804.94400000,5780347.47922000
2026-06-08T01:00Z,66.72000000,66.81000000,65.40000000,66.19000000,160105.88500000,10560997.05831000,63415,80268.30100000,5295068.79289000
2026-06-08T02:00Z,66.19000000,66.65000000,66.06000000,66.46000000,94192.49000000,6249484.34790000,36419,50920.12200000,3378875.74958000
2026-06-08T03:00Z,66.46000000,66.75000000,66.18000000,66.37000000,74821.21700000,4969299.49515000,27819,29694.70500000,1972295.74113000
2026-06-08T04:00Z,66.37000000,66.42000000,65.37000000,65.44000000,84719.44600000,5568973.42885000,34734,28492.09200000,1872273.55369000
2026-06-08T05:00Z,65.44000000,65.65000000,64.98000000,65.34000000,79046.32700000,5159174.36532000,34830,36920.72700000,2410409.56280000
2026-06-08T06:00Z,65.33000000,65.89000000,65.27000000,65.68000000,92447.11500000,6067689.65021000,33061,45788.55700000,3004686.25126000
2026-06-08T07:00Z,65.68000000,66.23000000,65.38000000,66.11000000,82482.84100000,5432969.06585000,33515,46429.05700000,3058287.26751000
2026-06-08T08:00Z,66.10000000,66.11000000,65.45000000,65.63000000,83103.33400000,5462974.64052000,32798,29185.31300000,1919161.88424000
2026-06-08T09:00Z,65.63000000,66.39000000,65.60000000,66.38000000,101754.18200000,6721529.61969000,39094,50100.55000000,3309608.84293000
2026-06-08T10:00Z,66.37000000,66.47000000,65.81000000,66.21000000,104538.12400000,6918719.02524000,40783,49775.91200000,3294610.18883000
2026-06-08T11:00Z,66.21000000,67.06000000,66.04000000,66.68000000,217880.03600000,14524764.31408000,47603,118806.84100000,7917358.21882000
2026-06-08T12:00Z,66.69000000,67.32000000,65.99000000,67.26000000,224854.09500000,14977169.76205000,59349,123941.68600000,8261125.91811000
2026-06-08T13:00Z,67.26000000,67.29000000,66.42000000,66.78000000,151819.84400000,10150030.17892000,68303,79541.45500000,5318503.25540000
2026-06-08T14:00Z,66.78000000,67.31000000,66.45000000,67.28000000,315674.90300000,21114141.30684000,67822,158398.10800000,10593718.18940000
2026-06-08T15:00Z,67.28000000,67.82000000,67.06000000,67.18000000,204380.30800000,13790477.41657000,57643,105024.09100000,7086218.31885000
2026-06-08T16:00Z,67.19000000,67.75000000,66.90000000,66.96000000,139256.47300000,9370265.93386000,37649,69017.78300000,4645550.15580000
2026-06-08T17:00Z,66.95000000,67.39000000,66.56000000,67.38000000,147309.43500000,9850221.59759000,39558,71654.85000000,4793035.44852000
2026-06-08T18:00Z,67.38000000,67.62000000,67.16000000,67.43000000,82951.27200000,5592247.91526000,27006,48496.49200000,3268925.31774000
2026-06-08T19:00Z,67.43000000,67.82000000,67.28000000,67.46000000,121637.19300000,8219509.55837000,33461,63014.61000000,4259131.16071000
2026-06-08T20:00Z,67.46000000,67.53000000,66.94000000,67.48000000,83656.84000000,5624383.38793000,24254,44072.25700000,2963206.77711000
2026-06-08T21:00Z,67.48000000,68.17000000,67.42000000,67.48000000,110338.04000000,7483596.83998000,30228,56760.70900000,3849530.66101000
2026-06-08T22:00Z,67.48000000,67.48000000,66.84000000,67.20000000,68957.83000000,4629730.87904000,29842,30896.59200000,2074056.76979000
2026-06-08T23:00Z,67.20000000,67.42000000,66.65000000,66.82000000,69963.62400000,4682395.32364000,33050,34388.32700000,2302534.49292000
2026-06-09T00:00Z,66.82000000,66.89000000,65.29000000,65.42000000,249065.56500000,16414555.77190000,63070,88616.45200000,5842581.45160000
2026-06-09T01:00Z,65.41000000,66.08000000,65.39000000,65.99000000,99888.07500000,6565537.27513000,34853,42133.19900000,2769164.77271000
2026-06-09T02:00Z,65.99000000,66.08000000,65.53000000,65.91000000,52849.55100000,3476124.45167000,25519,23354.79800000,1536190.60185000
2026-06-09T03:00Z,65.92000000,66.10000000,65.68000000,66.01000000,55204.77500000,3638079.15830000,21118,30753.95400000,2026894.53342000
2026-06-09T04:00Z,66.01000000,67.41000000,65.83000000,67.02000000,181033.50900000,12080731.57160000,49360,107128.94000000,7149366.87633000
2026-06-09T05:00Z,67.02000000,67.39000000,66.70000000,67.18000000,276316.81100000,18537377.86320000,43603,144354.35800000,9680811.21279000
2026-06-09T06:00Z,67.19000000,67.47000000,66.98000000,67.05000000,79074.98000000,5316504.01595000,25955,43757.00700000,2941997.38608000
2026-06-09T07:00Z,67.06000000,67.34000000,66.62000000,66.89000000,99581.16200000,6666233.99730000,30250,43272.80400000,2897319.44027000
2026-06-09T08:00Z,66.90000000,66.94000000,66.39000000,66.60000000,97943.40800000,6524530.14760000,31651,47744.92600000,3180594.90657000
2026-06-09T09:00Z,66.60000000,66.83000000,66.08000000,66.18000000,68747.02800000,4565913.92835000,24468,31053.72000000,2063891.87686000
2026-06-09T10:00Z,66.18000000,66.49000000,66.00000000,66.42000000,69047.84600000,4570977.85470000,23945,37621.81800000,2491130.60822000
2026-06-09T11:00Z,66.41000000,66.47000000,65.90000000,66.11000000,100844.50100000,6664954.87214000,28840,48004.82200000,3172930.54045000
2026-06-09T12:00Z,66.11000000,66.52000000,65.95000000,66.21000000,105180.14700000,6966304.85873000,33658,47023.10900000,3114979.57904000
2026-06-09T13:00Z,66.22000000,66.38000000,65.60000000,65.86000000,168426.56800000,11110435.48966000,61235,70580.30100000,4652585.29711000
2026-06-09T14:00Z,65.86000000,65.99000000,64.39000000,65.08000000,298483.71200000,19400500.11987000,119235,133185.01300000,8658534.74869000
2026-06-09T15:00Z,65.08000000,65.31000000,64.26000000,64.33000000,175354.05800000,11360301.95415000,71314,89803.61200000,5818845.34361000
2026-06-09T16:00Z,64.33000000,64.50000000,63.54000000,64.14000000,231566.57800000,14827068.52668000,94637,116875.52600000,7484015.40319000
2026-06-09T17:00Z,64.15000000,65.17000000,64.09000000,64.79000000,200739.21500000,13009420.96215000,59211,110380.35200000,7153577.98310000
2026-06-09T18:00Z,64.80000000,65.55000000,64.66000000,65.30000000,103269.15000000,6729141.35833000,44782,57453.38000000,3744201.84875000
2026-06-09T19:00Z,65.29000000,65.65000000,65.05000000,65.41000000,118929.08400000,7772924.65317000,47873,62296.87600000,4072750.29096000
2026-06-09T20:00Z,65.42000000,65.70000000,65.29000000,65.62000000,62861.21200000,4115626.16548000,26091,36378.23300000,2381951.93294000
2026-06-09T21:00Z,65.63000000,65.65000000,64.88000000,65.02000000,56854.16600000,3709188.02918000,20448,25380.31400000,1656273.88110000
2026-06-09T22:00Z,65.02000000,65.35000000,64.82000000,64.89000000,64684.18900000,4209145.41361000,23775,34161.63700000,2222937.53580000
2026-06-09T23:00Z,64.89000000,65.18000000,64.69000000,64.96000000,66205.02100000,4299193.74631000,27235,36702.09900000,2383666.58439000
2026-06-10T00:00Z,64.97000000,65.22000000,64.49000000,65.19000000,84233.10800000,5464357.54305000,32981,45933.72600000,2981930.51031000
2026-06-10T01:00Z,65.18000000,65.32000000,64.81000000,65.09000000,76997.12200000,5015250.35358000,37420,40691.49700000,2649892.50182000
2026-06-10T02:00Z,65.10000000,65.25000000,64.25000000,64.31000000,86926.44800000,5618469.22189000,36765,39027.11100000,2523347.40826000
2026-06-10T03:00Z,64.31000000,64.86000000,64.27000000,64.51000000,44123.43800000,2848696.02223000,25352,22182.41600000,1432079.44248000
2026-06-10T04:00Z,64.52000000,64.66000000,64.12000000,64.29000000,55630.86900000,3581798.76115000,25061,22272.68200000,1433647.34466000
2026-06-10T05:00Z,64.29000000,64.38000000,63.92000000,64.13000000,60065.70300000,3850447.16372000,28906,27852.83200000,1785208.40412000
2026-06-10T06:00Z,64.13000000,64.37000000,63.83000000,64.20000000,59606.95800000,3821316.50816000,29807,30613.08800000,1962558.17778000
2026-06-10T07:00Z,64.21000000,64.80000000,64.14000000,64.50000000,67069.83300000,4325740.26503000,30541,36911.82200000,2380696.26588000
2026-06-10T08:00Z,64.50000000,64.52000000,63.43000000,63.61000000,129989.98100000,8297682.66594000,42542,57227.12200000,3651268.45706000
2026-06-10T09:00Z,63.62000000,63.76000000,63.07000000,63.64000000,98659.85900000,6261136.17129000,41009,50344.63100000,3195275.25003000
2026-06-10T10:00Z,63.64000000,63.79000000,63.27000000,63.68000000,106704.68100000,6779200.16154000,37504,32393.41300000,2058050.03745000
2026-06-10T11:00Z,63.68000000,63.77000000,62.95000000,63.49000000,200978.05100000,12727232.45257000,63297,78862.69100000,4995720.01486000
2026-06-10T12:00Z,63.50000000,64.68000000,63.30000000,64.13000000,300376.71700000,19244583.80502000,85972,166846.83700000,10690617.70961000
2026-06-10T13:00Z,64.12000000,65.54000000,64.01000000,65.08000000,250832.18100000,16279986.29606000,92254,139990.46100000,9089899.82893000
2026-06-10T14:00Z,65.08000000,65.28000000,64.59000000,65.06000000,155732.14500000,10109455.05257000,79890,78587.62400000,5101558.66629000
2026-06-10T15:00Z,65.07000000,65.77000000,64.56000000,65.44000000,226554.09000000,14766881.62365000,97094,128919.38300000,8402983.27693000
2026-06-10T16:00Z,65.44000000,65.49000000,64.24000000,64.62000000,149914.24100000,9732862.99283000,59387,78684.70700000,5107571.73092000
2026-06-10T17:00Z,64.62000000,64.97000000,63.63000000,64.04000000,154897.70600000,9931419.45621000,61385,80660.17300000,5172436.69547000
2026-06-10T18:00Z,64.05000000,64.22000000,63.36000000,63.84000000,113822.26200000,7259149.50624000,55566,58970.57600000,3762115.76208000
2026-06-10T19:00Z,63.84000000,63.95000000,63.39000000,63.56000000,106770.87900000,6796225.28908000,61792,52907.71000000,3367629.40729000
2026-06-10T20:00Z,63.56000000,63.66000000,63.18000000,63.33000000,87301.94500000,5537573.78708000,45896,42740.76200000,2711561.07796000
2026-06-10T21:00Z,63.32000000,63.32000000,62.34000000,62.59000000,95072.09800000,5976456.82935000,51484,38106.55800000,2395578.43589000
2026-06-10T22:00Z,62.60000000,63.07000000,62.37000000,62.77000000,122688.62900000,7691295.35268000,49439,62948.81600000,3946224.29551000
2026-06-10T23:00Z,62.78000000,63.31000000,62.46000000,63.19000000,102968.61700000,6480442.41305000,36111,55291.61600000,3480512.89386000
2026-06-11T00:00Z,63.19000000,63.77000000,63.19000000,63.67000000,95512.48300000,6071656.90301000,36142,51619.37100000,3281713.98745000
2026-06-11T01:00Z,63.67000000,65.16000000,63.67000000,64.90000000,203292.89100000,13133939.23831000,51992,118263.85500000,7637095.32543000
2026-06-11T02:00Z,64.91000000,65.00000000,64.37000000,64.52000000,146307.14400000,9453515.75120000,39753,71477.82500000,4618081.31288000
2026-06-11T03:00Z,64.53000000,65.48000000,64.33000000,65.27000000,148001.46100000,9612360.34689000,34347,93321.15600000,6063158.77776000
2026-06-11T04:00Z,65.27000000,65.35000000,64.95000000,65.21000000,64368.10100000,4193881.89466000,25072,32316.34900000,2105874.89995000
2026-06-11T05:00Z,65.21000000,65.26000000,64.95000000,64.97000000,54688.92100000,3561405.83060000,19395,27465.87800000,1789057.74875000
2026-06-11T06:00Z,64.97000000,65.43000000,64.81000000,65.12000000,107378.55800000,7000906.13649000,29679,61498.63600000,4009509.52295000
2026-06-11T07:00Z,65.12000000,65.18000000,64.77000000,65.04000000,102261.30400000,6645202.76240000,25291,62683.94900000,4073555.01848000
2026-06-11T08:00Z,65.04000000,65.53000000,65.03000000,65.31000000,85090.67700000,5558237.20083000,22494,49683.09900000,3245727.30948000
2026-06-11T09:00Z,65.31000000,65.56000000,65.01000000,65.38000000,138166.81300000,9020318.93445000,24488,65920.48700000,4304400.34595000
2026-06-11T10:00Z,65.39000000,65.66000000,65.28000000,65.50000000,80089.37500000,5243695.43461000,21158,46817.24300000,3065423.18202000
2026-06-11T11:00Z,65.50000000,66.15000000,65.33000000,65.88000000,134867.99400000,8872706.38599000,31648,64877.44000000,4267822.91864000
2026-06-11T12:00Z,65.89000000,65.93000000,64.89000000,65.26000000,205429.97700000,13411640.86884000,59354,110779.50600000,7231279.01810000
2026-06-11T13:00Z,65.26000000,65.74000000,65.06000000,65.53000000,131783.23200000,8621597.60403000,48304,73274.40500000,4794745.36179000
2026-06-11T14:00Z,65.52000000,65.78000000,64.99000000,65.35000000,114293.37600000,7480397.04005000,49662,57419.96600000,3759012.46223000
2026-06-11T15:00Z,65.35000000,65.87000000,65.00000000,65.55000000,124959.41600000,8185406.63537000,44625,63155.82000000,4137151.01948000
2026-06-11T16:00Z,65.56000000,65.80000000,65.31000000,65.38000000,85836.55500000,5626976.33537000,29766,43496.78000000,2851276.60232000
2026-06-11T17:00Z,65.39000000,67.19000000,65.05000000,67.15000000,309473.34400000,20519134.66211000,80156,173803.38900000,11527045.28264000
2026-06-11T18:00Z,67.15000000,67.31000000,66.64000000,66.80000000,144330.85200000,9661913.40796000,40941,78437.72000000,5251879.29260000
2026-06-11T19:00Z,66.80000000,67.42000000,66.60000000,66.93000000,176212.97300000,11806983.19881000,38084,102127.53000000,6843025.74873000
2026-06-11T20:00Z,66.93000000,67.04000000,66.36000000,66.60000000,77772.93600000,5186018.67784000,20478,39768.13100000,2651626.23064000
2026-06-11T21:00Z,66.60000000,67.10000000,66.58000000,66.91000000,45124.26600000,3020510.36747000,13527,26187.06800000,1752858.81071000
2026-06-11T22:00Z,66.91000000,67.14000000,66.87000000,66.90000000,50238.15000000,3365736.57861000,17329,26806.83200000,1796110.70603000
2026-06-11T23:00Z,66.89000000,67.13000000,66.69000000,66.93000000,56080.23200000,3750896.23721000,16013,31230.50400000,2089400.71708000
2026-06-12T00:00Z,66.93000000,67.11000000,66.75000000,66.87000000,63689.55200000,4263727.21822000,16356,36257.80300000,2427551.74265000
2026-06-12T01:00Z,66.87000000,66.87000000,66.42000000,66.70000000,75841.95300000,5054128.99360000,17860,34369.19300000,2290422.33252000
2026-06-12T02:00Z,66.69000000,67.30000000,66.68000000,67.14000000,83188.34200000,5578789.45518000,20206,46735.90500000,3134482.44480000
2026-06-12T03:00Z,67.15000000,67.18000000,66.68000000,67.04000000,70505.66300000,4718303.68680000,17027,28616.33400000,1915574.62947000
2026-06-12T04:00Z,67.04000000,67.24000000,66.85000000,67.07000000,69480.82700000,4659997.27610000,15306,38122.32200000,2556709.86544000
2026-06-12T05:00Z,67.07000000,67.08000000,66.63000000,66.74000000,60435.99800000,4036542.63393000,15093,26593.98600000,1776311.36193000
2026-06-12T06:00Z,66.75000000,66.82000000,65.95000000,66.11000000,129304.93700000,8568080.31712000,25514,66039.20000000,4375968.83209000
2026-06-12T07:00Z,66.12000000,66.49000000,66.12000000,66.32000000,79860.66500000,5293790.31784000,15305,46317.72400000,3070266.80343000
2026-06-12T08:00Z,66.32000000,67.05000000,66.31000000,66.92000000,85054.00600000,5682758.46079000,16098,43153.06900000,2882281.18337000
2026-06-12T09:00Z,66.92000000,67.49000000,66.85000000,67.17000000,192148.68100000,12918617.95321000,36484,67948.33200000,4565596.65932000
2026-06-12T10:00Z,67.18000000,67.35000000,66.59000000,66.79000000,85061.88200000,5695954.86336000,20897,36017.42300000,2411050.01859000
2026-06-12T11:00Z,66.79000000,67.10000000,66.78000000,66.93000000,63656.44000000,4260805.50487000,17496,31167.78000000,2086152.48872000
2026-06-12T12:00Z,66.92000000,67.00000000,66.63000000,66.77000000,104701.08200000,6996850.60581000,29995,52420.15400000,3503178.10947000
2026-06-12T13:00Z,66.77000000,67.01000000,66.37000000,66.72000000,179963.91500000,12005279.68558000,44934,93240.36200000,6220714.20694000
2026-06-12T14:00Z,66.73000000,67.99000000,66.65000000,67.94000000,231104.04700000,15539951.91956000,62235,123448.69100000,8302353.72945000
2026-06-12T15:00Z,67.93000000,68.82000000,67.18000000,67.25000000,567877.59800000,38688906.78735000,86498,241109.44500000,16439433.09066000
2026-06-12T16:00Z,67.26000000,68.01000000,67.09000000,68.01000000,158168.03100000,10693090.94227000,41054,93232.21400000,6305870.09286000
2026-06-12T17:00Z,68.02000000,68.22000000,67.27000000,67.40000000,116277.83800000,7870398.56782000,29323,63882.19500000,4325069.58737000
2026-06-12T18:00Z,67.40000000,67.48000000,67.01000000,67.07000000,88739.80800000,5968138.26394000,24283,46785.10900000,3146884.62794000
2026-06-12T19:00Z,67.07000000,67.42000000,66.68000000,66.78000000,104564.61100000,7006415.81097000,29041,43084.66500000,2888357.01781000
2026-06-12T20:00Z,66.79000000,66.83000000,66.42000000,66.68000000,127370.81500000,8488999.39052000,20995,39301.68500000,2620328.62063000
2026-06-12T21:00Z,66.69000000,66.95000000,66.47000000,66.57000000,41557.28100000,2774593.32723000,11083,22533.80000000,1504781.11734000
2026-06-12T22:00Z,66.57000000,66.76000000,66.43000000,66.63000000,37270.48300000,2481152.87040000,13285,17868.87600000,1189865.54209000
2026-06-12T23:00Z,66.64000000,66.83000000,66.48000000,66.82000000,23762.22800000,1583490.57131000,11119,11010.66100000,733824.27984000
2026-06-13T00:00Z,66.83000000,67.08000000,66.78000000,66.99000000,37463.43800000,2507766.27958000,12533,19285.66700000,1290939.43568000
2026-06-13T01:00Z,67.00000000,67.51000000,66.98000000,67.45000000,46013.37000000,3094590.30813000,13725,28534.06100000,1919215.76964000
2026-06-13T02:00Z,67.44000000,67.51000000,66.87000000,66.97000000,51075.76100000,3431205.64059000,12530,22961.58000000,1543230.41796000
2026-06-13T03:00Z,66.97000000,67.05000000,66.70000000,66.88000000,44163.63200000,2954746.52183000,9919,21936.88400000,1467880.85067000
2026-06-13T04:00Z,66.87000000,66.96000000,66.64000000,66.67000000,46461.18500000,3103773.51855000,10437,25758.51300000,1720951.20142000
2026-06-13T05:00Z,66.67000000,66.88000000,66.59000000,66.79000000,50866.30000000,3395084.15289000,13842,25229.00300000,1684306.20147000
2026-06-13T06:00Z,66.79000000,67.22000000,66.67000000,67.16000000,49209.98400000,3296068.94552000,14085,26180.08400000,1753441.44335000
2026-06-13T07:00Z,67.16000000,67.47000000,66.96000000,67.37000000,82603.06000000,5551119.32965000,19084,43230.48400000,2905678.56215000
2026-06-13T08:00Z,67.38000000,67.57000000,67.26000000,67.33000000,86604.60300000,5835060.25329000,15868,40790.86700000,2748527.28509000
2026-06-13T09:00Z,67.32000000,67.54000000,67.29000000,67.37000000,64167.35600000,4325822.98571000,14633,25202.05200000,1698576.01225000
2026-06-13T10:00Z,67.37000000,67.61000000,67.34000000,67.44000000,37022.35000000,2497477.18388000,11901,21081.81700000,1422152.00551000
2026-06-13T11:00Z,67.44000000,67.96000000,67.38000000,67.90000000,41929.45000000,2841660.07823000,13487,21681.05200000,1469197.20738000
2026-06-13T12:00Z,67.91000000,68.06000000,67.77000000,67.99000000,91464.72200000,6209916.04393000,15548,51741.38900000,3512413.57249000
2026-06-13T13:00Z,67.98000000,68.45000000,67.83000000,68.02000000,118562.92400000,8073648.89126000,21237,83307.00000000,5674689.90393000
2026-06-13T14:00Z,68.02000000,68.43000000,67.99000000,68.29000000,66425.66100000,4531982.13723000,24115,45285.79700000,3089955.46994000
2026-06-13T15:00Z,68.29000000,68.71000000,68.18000000,68.60000000,83882.75300000,5745998.64894000,28118,47207.88900000,3234054.81829000
2026-06-13T16:00Z,68.60000000,68.63000000,67.83000000,68.10000000,104269.08600000,7100888.36340000,29745,44026.00100000,2998300.31128000
2026-06-13T17:00Z,68.09000000,68.28000000,67.84000000,68.00000000,50125.12100000,3410532.68042000,21414,21931.06800000,1492494.51909000
2026-06-13T18:00Z,68.00000000,68.38000000,67.97000000,68.13000000,30809.04500000,2100871.27683000,14901,14610.04900000,996185.08853000
2026-06-13T19:00Z,68.13000000,68.40000000,68.03000000,68.23000000,26941.06800000,1836856.14126000,13313,15940.48800000,1086501.45271000
2026-06-13T20:00Z,68.24000000,68.29000000,68.05000000,68.28000000,21443.63900000,1462213.76602000,11529,11972.42300000,816468.05305000
2026-06-13T21:00Z,68.28000000,69.59000000,68.23000000,69.27000000,162134.29300000,11198911.92853000,49265,102252.84900000,7064247.07130000
2026-06-13T22:00Z,69.27000000,69.28000000,68.88000000,68.91000000,82127.30800000,5671131.64274000,26221,46665.19500000,3222550.55143000
2026-06-13T23:00Z,68.90000000,69.18000000,68.79000000,68.94000000,49248.39100000,3396810.94723000,17208,24246.41000000,1672385.99068000
2026-06-14T00:00Z,68.94000000,68.94000000,68.65000000,68.75000000,54693.33800000,3761096.92636000,18589,27969.28400000,1923317.92309000
2026-06-14T01:00Z,68.75000000,69.10000000,68.64000000,68.82000000,52047.76000000,3585513.52416000,20445,25279.64700000,1742279.85840000
2026-06-14T02:00Z,68.82000000,69.11000000,68.72000000,68.83000000,53277.92400000,3672173.00717000,13598,30482.60400000,2100946.05704000
2026-06-14T03:00Z,68.83000000,69.04000000,68.76000000,68.94000000,35018.46500000,2412378.16889000,12109,19736.48300000,1359617.78318000
2026-06-14T04:00Z,68.95000000,69.01000000,68.44000000,68.52000000,70637.38400000,4851351.86821000,18519,29694.08500000,2040223.55706000
2026-06-14T05:00Z,68.53000000,68.60000000,67.88000000,68.24000000,193457.02800000,13199456.73440000,26255,69990.38900000,4779926.72860000
2026-06-14T06:00Z,68.25000000,68.50000000,68.10000000,68.19000000,53542.12400000,3655299.57432000,14698,26655.00600000,1819535.63526000
2026-06-14T07:00Z,68.20000000,68.25000000,68.04000000,68.23000000,43809.06300000,2986085.77343000,11677,25403.35500000,1731681.98266000
2026-06-14T08:00Z,68.23000000,68.37000000,68.11000000,68.25000000,34707.26400000,2369214.15652000,8834,20651.10900000,1409759.40464000
2026-06-14T09:00Z,68.25000000,68.50000000,67.92000000,68.47000000,53948.60300000,3679420.41333000,15315,24961.77700000,1703326.81086000
2026-06-14T10:00Z,68.48000000,68.52000000,68.15000000,68.16000000,38112.98300000,2606906.90481000,11407,16126.40700000,1102565.17838000
2026-06-14T11:00Z,68.16000000,68.35000000,68.02000000,68.11000000,30742.58000000,2096685.74773000,10711,18140.01600000,1237450.65208000
2026-06-14T12:00Z,68.11000000,68.17000000,67.70000000,67.78000000,48284.66000000,3279856.10180000,15137,20019.32200000,1360585.46909000
2026-06-14T13:00Z,67.78000000,67.87000000,67.51000000,67.77000000,72481.76700000,4906551.10850000,21151,38357.66100000,2596905.59436000
2026-06-14T14:00Z,67.77000000,67.83000000,66.94000000,67.27000000,113223.71600000,7617573.57737000,33088,55398.80500000,3726117.32058000
2026-06-14T15:00Z,67.27000000,67.55000000,67.26000000,67.43000000,47871.52700000,3227634.83605000,16180,22739.13000000,1533147.18557000
2026-06-14T16:00Z,67.43000000,67.76000000,67.41000000,67.49000000,34354.22000000,2322090.31783000,14336,15517.26400000,1048882.95006000
2026-06-14T17:00Z,67.48000000,67.74000000,67.30000000,67.34000000,30112.77500000,2034012.25132000,13263,11004.61600000,743491.11298000
2026-06-14T18:00Z,67.34000000,67.50000000,67.19000000,67.43000000,19753.90400000,1330692.80891000,11694,8660.94000000,583476.57946000
2026-06-14T19:00Z,67.43000000,67.75000000,67.35000000,67.57000000,24849.35000000,1679259.58974000,10386,11433.88100000,772738.18109000
2026-06-14T20:00Z,67.57000000,68.07000000,67.44000000,67.81000000,32460.66900000,2198791.27044000,14632,20199.24700000,1367842.87680000
2026-06-14T21:00Z,67.80000000,70.55000000,67.80000000,70.16000000,316562.60400000,22031086.47612000,108587,177526.37400000,12351276.72536000
2026-06-14T22:00Z,70.16000000,70.73000000,69.68000000,70.45000000,201736.79700000,14172151.50624000,79927,100178.53800000,7041967.24793000
2026-06-14T23:00Z,70.45000000,71.29000000,70.15000000,71.28000000,196135.42600000,13895890.36533000,55939,118835.67100000,8420938.19887000
2026-06-15T00:00Z,71.29000000,71.73000000,70.94000000,71.12000000,200381.55000000,14294369.33270000,58752,98922.40000000,7055423.94297000
2026-06-15T01:00Z,71.13000000,71.35000000,70.66000000,71.01000000,90790.50400000,6445257.67664000,35989,40875.87200000,2902157.81157000
2026-06-15T02:00Z,71.00000000,71.59000000,70.90000000,70.99000000,74590.74500000,5317370.08261000,28942,40333.89300000,2875659.88505000
2026-06-15T03:00Z,70.98000000,71.37000000,70.91000000,71.24000000,66407.78800000,4726594.26860000,21151,37153.59900000,2645138.10863000
2026-06-15T04:00Z,71.24000000,71.27000000,70.88000000,70.93000000,45074.67400000,3204005.72903000,17930,19642.26000000,1396204.17630000
2026-06-15T05:00Z,70.92000000,71.31000000,70.81000000,71.22000000,47802.78700000,3398071.59139000,16981,25644.80500000,1822832.34624000
2026-06-15T06:00Z,71.22000000,71.50000000,71.11000000,71.36000000,53592.34000000,3820497.81455000,18079,28070.17100000,2000858.29159000
2026-06-15T07:00Z,71.36000000,71.50000000,71.12000000,71.28000000,88909.94400000,6341879.08136000,22848,48919.73000000,3489819.89089000
2026-06-15T08:00Z,71.28000000,71.62000000,71.17000000,71.30000000,86589.39000000,6183335.36158000,22783,51671.63000000,3690736.35954000
2026-06-15T09:00Z,71.30000000,71.48000000,70.80000000,71.23000000,89511.86400000,6370120.57267000,21238,39344.84300000,2800680.73186000
2026-06-15T10:00Z,71.23000000,72.12000000,71.19000000,71.88000000,147883.69600000,10602976.25162000,32051,89744.82700000,6438329.70612000
2026-06-15T11:00Z,71.88000000,72.82000000,71.65000000,72.61000000,207495.25500000,15020369.40971000,66233,122142.10100000,8841518.22428000
2026-06-15T12:00Z,72.61000000,73.00000000,72.31000000,72.86000000,131794.05500000,9576521.65213000,40008,79543.79500000,5780039.34989000
2026-06-15T13:00Z,72.85000000,74.23000000,72.72000000,73.64000000,313713.49100000,23087217.53191000,92631,163364.75200000,12020562.81145000
2026-06-15T14:00Z,73.63000000,73.98000000,73.20000000,73.82000000,159755.14300000,11771069.03113000,57727,85692.92800000,6314009.25696000
2026-06-15T15:00Z,73.81000000,75.26000000,73.79000000,75.25000000,232845.74800000,17348496.70012000,69795,127162.49000000,9471863.69992000
2026-06-15T16:00Z,75.25000000,76.09000000,74.97000000,75.48000000,251768.11400000,19030292.53538000,85243,137148.34800000,10368901.57211000
2026-06-15T17:00Z,75.47000000,75.48000000,74.65000000,75.28000000,239068.22800000,17941929.44045000,71239,91859.20500000,6896511.69500000
2026-06-15T18:00Z,75.28000000,75.69000000,75.10000000,75.30000000,93095.67800000,7021306.28242000,47078,51506.10900000,3884930.45547000
2026-06-15T19:00Z,75.30000000,75.81000000,74.58000000,75.28000000,108402.23700000,8147372.82042000,60424,50716.60600000,3815227.18834000
2026-06-15T20:00Z,75.27000000,75.46000000,74.77000000,74.95000000,67283.55500000,5049203.91473000,41047,33816.48100000,2538068.86873000
2026-06-15T21:00Z,74.95000000,75.03000000,74.40000000,74.45000000,78485.98600000,5858978.12798000,31724,30385.95300000,2267957.93091000
2026-06-15T22:00Z,74.46000000,74.61000000,73.62000000,73.78000000,152145.12400000,11256045.08336000,50185,52871.34300000,3913358.97717000
2026-06-15T23:00Z,73.77000000,74.07000000,73.62000000,73.98000000,75389.57200000,5566102.51098000,30951,34663.66000000,2559801.86089000
2026-06-16T00:00Z,73.99000000,74.42000000,73.85000000,74.04000000,69224.92000000,5129089.04544000,31036,39280.89200000,2910631.39100000
2026-06-16T01:00Z,74.05000000,74.35000000,73.85000000,73.88000000,65706.46400000,4872776.58418000,25616,32243.15600000,2391194.93168000
2026-06-16T02:00Z,73.89000000,73.89000000,72.77000000,73.01000000,131869.86700000,9663610.95945000,41933,45722.03700000,3349952.24284000
2026-06-16T03:00Z,73.02000000,73.81000000,72.87000000,73.74000000,80569.97500000,5912055.88517000,22624,45054.80100000,3307258.75930000
2026-06-16T04:00Z,73.75000000,73.94000000,73.19000000,73.36000000,54902.77300000,4034860.85161000,19726,24650.18300000,1812196.26620000
2026-06-16T05:00Z,73.37000000,73.84000000,73.36000000,73.67000000,52950.87400000,3900083.92899000,18215,24865.07600000,1831278.22237000
2026-06-16T06:00Z,73.67000000,74.32000000,73.67000000,74.19000000,77618.24100000,5744671.90604000,17413,50736.66000000,3754983.28601000
2026-06-16T07:00Z,74.19000000,74.54000000,74.13000000,74.46000000,84857.21000000,6307129.26820000,22356,54551.07000000,4054412.40117000
2026-06-16T08:00Z,74.45000000,75.65000000,74.35000000,75.40000000,128588.06800000,9640161.32278000,38609,78567.65900000,5893090.80994000
2026-06-16T09:00Z,75.39000000,75.46000000,74.81000000,74.85000000,79909.20000000,6001995.29322000,29797,42420.36400000,3186686.41199000
2026-06-16T10:00Z,74.85000000,75.12000000,74.69000000,74.70000000,58614.18100000,4391977.48341000,22978,36675.30300000,2748595.86027000
2026-06-16T11:00Z,74.70000000,74.90000000,74.38000000,74.66000000,79772.52400000,5949502.18695000,24018,43635.75600000,3254791.84406000
2026-06-16T12:00Z,74.67000000,75.53000000,74.49000000,74.94000000,135358.98200000,10146930.20772000,47357,81366.22500000,6099353.48740000
2026-06-16T13:00Z,74.94000000,74.97000000,73.87000000,73.99000000,182694.61000000,13565549.62515000,67658,87560.75300000,6501024.80058000
2026-06-16T14:00Z,73.99000000,74.30000000,72.29000000,72.98000000,250959.38700000,18333208.78832000,96928,121655.78700000,8880519.89472000
2026-06-16T15:00Z,72.97000000,73.65000000,72.87000000,73.29000000,114396.91300000,8383275.47525000,63972,62010.27300000,4544644.79211000
2026-06-16T16:00Z,73.29000000,73.48000000,73.01000000,73.10000000,77637.56500000,5684681.94904000,44748,32947.00100000,2411994.20979000
2026-06-16T17:00Z,73.11000000,73.84000000,73.06000000,73.67000000,85666.17200000,6289665.14505000,43256,45565.92500000,3347199.97854000
2026-06-16T18:00Z,73.68000000,74.34000000,73.58000000,74.00000000,111996.48000000,8281491.43326000,44705,64876.71300000,4798034.61117000
2026-06-16T19:00Z,74.00000000,74.23000000,73.48000000,73.84000000,84539.56400000,6244891.55163000,42842,43014.99700000,3178661.62596000
2026-06-16T20:00Z,73.85000000,74.26000000,73.67000000,74.14000000,59635.31900000,4415291.91413000,27981,30075.86100000,2226705.51458000
2026-06-16T21:00Z,74.14000000,74.22000000,73.73000000,73.94000000,51301.89800000,3792441.29725000,19935,21478.53300000,1588465.93996000
2026-06-16T22:00Z,73.94000000,74.10000000,73.62000000,73.84000000,37779.45000000,2789296.67432000,17275,20040.20700000,1479536.96371000
2026-06-16T23:00Z,73.85000000,73.97000000,73.42000000,73.52000000,29354.95800000,2162440.79353000,13519,15095.68900000,1112012.09572000
2026-06-17T00:00Z,73.53000000,73.78000000,73.32000000,73.37000000,46997.71900000,3456391.90331000,22425,21267.92600000,1564074.53261000
2026-06-17T01:00Z,73.37000000,74.00000000,73.17000000,73.93000000,60655.12800000,4462934.37613000,28953,28871.61700000,2124903.91185000
2026-06-17T02:00Z,73.94000000,74.47000000,73.69000000,74.05000000,96814.02000000,7172647.49856000,32220,54184.04100000,4014013.91172000
2026-06-17T03:00Z,74.05000000,74.06000000,73.52000000,73.68000000,56261.07600000,4149033.77570000,28728,34206.56100000,2522240.43986000
2026-06-17T04:00Z,73.68000000,74.11000000,73.60000000,73.83000000,46444.70900000,3427219.28734000,20696,26271.41600000,1938650.81895000
2026-06-17T05:00Z,73.84000000,74.01000000,73.44000000,73.65000000,51720.76000000,3811559.42094000,23917,27343.63700000,2014988.35804000
2026-06-17T06:00Z,73.65000000,73.83000000,73.19000000,73.41000000,59659.26900000,4381270.87680000,24712,25397.44700000,1865587.44746000
2026-06-17T07:00Z,73.41000000,73.61000000,72.99000000,73.26000000,87257.34900000,6392192.40127000,37094,42613.35000000,3122218.59751000
2026-06-17T08:00Z,73.27000000,73.30000000,72.16000000,72.34000000,135226.52100000,9821917.06966000,47798,55517.67400000,4033215.58211000
2026-06-17T09:00Z,72.34000000,72.67000000,72.31000000,72.54000000,63506.22200000,4602273.41334000,26825,30480.28100000,2208876.57430000
2026-06-17T10:00Z,72.54000000,72.69000000,72.12000000,72.15000000,48941.84400000,3544330.06916000,24859,20906.97500000,1514536.87622000
2026-06-17T11:00Z,72.15000000,72.24000000,71.71000000,72.04000000,84886.91500000,6114271.51117000,41693,38593.96300000,2780539.98378000
2026-06-17T12:00Z,72.04000000,72.36000000,71.59000000,72.33000000,83612.49900000,6022953.27809000,40343,42376.74500000,3053548.92095000
2026-06-17T13:00Z,72.33000000,72.77000000,72.16000000,72.43000000,98807.36900000,7159289.71249000,49595,58590.97000000,4245996.22059000
2026-06-17T14:00Z,72.42000000,72.67000000,71.82000000,72.39000000,117857.88600000,8526701.46001000,61457,58709.33900000,4247537.54345000
2026-06-17T15:00Z,72.39000000,73.87000000,72.36000000,73.81000000,133738.88200000,9774473.29731000,59155,73372.21000000,5367634.69902000
2026-06-17T16:00Z,73.80000000,74.69000000,73.71000000,73.76000000,153649.03700000,11381640.46958000,59059,81185.72700000,6016213.23906000
2026-06-17T17:00Z,73.77000000,74.35000000,73.47000000,74.22000000,81781.98700000,6036944.60655000,44566,45345.13100000,3348910.16384000
2026-06-17T18:00Z,74.21000000,74.38000000,72.19000000,73.50000000,355750.32300000,26133994.48547000,177597,180965.96800000,13300334.35764000
2026-06-17T19:00Z,73.49000000,73.71000000,71.43000000,71.66000000,292101.82100000,21112019.07815000,148055,141270.28000000,10216192.41169000
2026-06-17T20:00Z,71.66000000,72.25000000,71.55000000,72.20000000,102640.89900000,7382102.10183000,47373,56737.35700000,4081347.59820000
2026-06-17T21:00Z,72.19000000,72.23000000,71.38000000,71.62000000,62582.52400000,4495001.62190000,27740,33481.79500000,2405202.80271000
2026-06-17T22:00Z,71.61000000,71.95000000,70.83000000,71.70000000,78960.94400000,5638939.56206000,42827,37003.73600000,2646180.73670000
2026-06-17T23:00Z,71.71000000,72.13000000,71.69000000,72.05000000,43383.68800000,3122934.80689000,22086,27661.92200000,1991181.98150000
2026-06-18T00:00Z,72.05000000,72.50000000,72.03000000,72.22000000,48547.50700000,3509309.87156000,24879,26758.61900000,1934464.84921000
2026-06-18T01:00Z,72.22000000,72.64000000,72.09000000,72.21000000,37956.59100000,2747684.83139000,21336,20557.47000000,1488190.39964000
2026-06-18T02:00Z,72.22000000,72.68000000,72.13000000,72.54000000,58257.50000000,4223001.97302000,23053,26890.16200000,1949093.86404000
2026-06-18T03:00Z,72.53000000,72.55000000,71.54000000,71.65000000,60126.25400000,4324361.51846000,25359,26141.36400000,1880407.25830000
2026-06-18T04:00Z,71.66000000,71.73000000,70.91000000,71.06000000,81871.72900000,5829692.94927000,38675,35036.93300000,2494805.45250000
2026-06-18T05:00Z,71.05000000,71.14000000,70.64000000,71.14000000,75690.83400000,5366746.95863000,38688,32127.89300000,2278403.11535000
2026-06-18T06:00Z,71.13000000,71.41000000,70.99000000,71.34000000,42452.53400000,3023715.78776000,25826,21717.09500000,1546959.44626000
2026-06-18T07:00Z,71.35000000,71.85000000,71.16000000,71.78000000,53820.98900000,3852797.00307000,23667,33089.20700000,2368635.32529000
2026-06-18T08:00Z,71.77000000,72.08000000,71.64000000,71.85000000,59084.12800000,4248466.85200000,22007,30109.52100000,2165130.08548000
2026-06-18T09:00Z,71.86000000,72.16000000,71.75000000,71.85000000,37654.81800000,2708080.80202000,18071,17580.65400000,1264625.32924000
2026-06-18T10:00Z,71.85000000,71.85000000,71.08000000,71.39000000,104010.10900000,7422372.06637000,30909,53635.30700000,3825980.43912000
2026-06-18T11:00Z,71.39000000,71.56000000,70.72000000,70.94000000,79836.01200000,5672024.41105000,31047,37256.63100000,2647095.48434000
2026-06-18T12:00Z,70.94000000,71.62000000,70.87000000,71.57000000,55981.24600000,3991257.61870000,28624,31138.50200000,2220648.95432000
2026-06-18T13:00Z,71.57000000,71.80000000,70.73000000,71.05000000,93581.46900000,6670438.90853000,53551,45465.28800000,3242610.62013000
2026-06-18T14:00Z,71.06000000,71.72000000,70.70000000,71.08000000,124384.94100000,8844017.49241000,80790,55886.98100000,3975073.70206000
2026-06-18T15:00Z,71.08000000,71.10000000,68.35000000,68.44000000,498784.60800000,34660416.09326000,164900,242403.19700000,16822981.33626000
2026-06-18T16:00Z,68.43000000,69.13000000,68.38000000,69.06000000,181301.52900000,12467788.06613000,72197,90135.23300000,6200574.26817000
2026-06-18T17:00Z,69.07000000,69.15000000,68.50000000,68.64000000,102969.56200000,7089020.73178000,40517,57761.81600000,3977202.48669000
2026-06-18T18:00Z,68.64000000,68.99000000,68.23000000,68.66000000,147840.92600000,10143587.00326000,44125,85670.76600000,5878828.95184000
2026-06-18T19:00Z,68.66000000,69.53000000,68.57000000,69.37000000,89639.55700000,6188696.00517000,39867,50521.79800000,3487784.27794000
2026-06-18T20:00Z,69.38000000,69.96000000,69.38000000,69.82000000,75565.73200000,5272174.58464000,31230,47657.48200000,3325026.06128000
2026-06-18T21:00Z,69.81000000,69.90000000,69.41000000,69.57000000,60363.60000000,4202403.27895000,23887,24936.56500000,1736096.91535000
2026-06-18T22:00Z,69.56000000,69.69000000,69.26000000,69.52000000,53927.78300000,3748863.07864000,22104,29129.87700000,2024894.01788000
2026-06-18T23:00Z,69.51000000,69.79000000,69.27000000,69.71000000,40062.37100000,2788041.88312000,19122,20319.03800000,1414151.64316000
2026-06-19T00:00Z,69.72000000,69.90000000,69.53000000,69.81000000,56062.94100000,3909947.74346000,21858,33098.57800000,2308785.98256000
2026-06-19T01:00Z,69.80000000,70.03000000,69.54000000,69.94000000,48680.14400000,3399283.98917000,23457,25281.42300000,1765662.50352000
2026-06-19T02:00Z,69.94000000,70.09000000,69.41000000,69.66000000,46462.89100000,3239377.31096000,21480,23281.87400000,1623322.91532000
2026-06-19T03:00Z,69.65000000,69.74000000,68.64000000,69.05000000,164081.69400000,11332993.25645000,46914,52726.71700000,3642923.33951000
2026-06-19T04:00Z,69.06000000,69.27000000,68.10000000,68.33000000,133933.86800000,9194161.86654000,44033,36142.52700000,2482940.02091000
2026-06-19T05:00Z,68.33000000,68.75000000,68.32000000,68.70000000,96105.27800000,6587748.61938000,30079,28891.84700000,1980434.59394000
2026-06-19T06:00Z,68.69000000,68.84000000,68.46000000,68.75000000,112846.88500000,7748965.63360000,27517,30240.66800000,2076948.82481000
2026-06-19T07:00Z,68.75000000,68.77000000,67.98000000,68.38000000,94522.84500000,6455567.81082000,33766,39316.58600000,2686256.61358000
2026-06-19T08:00Z,68.37000000,68.75000000,68.23000000,68.68000000,76368.91900000,5235145.47802000,28267,35461.83300000,2430795.70251000
2026-06-19T09:00Z,68.69000000,68.76000000,68.22000000,68.33000000,67278.47900000,4601988.52342000,27886,29470.60400000,2015898.63555000
2026-06-19T10:00Z,68.32000000,68.46000000,68.05000000,68.30000000,82241.40200000,5609379.10946000,26493,29704.29100000,2027297.16132000
2026-06-19T11:00Z,68.31000000,68.47000000,68.09000000,68.25000000,61862.21400000,4225066.51433000,22546,33103.71900000,2260963.31635000
2026-06-19T12:00Z,68.25000000,68.71000000,67.92000000,68.62000000,99976.23000000,6828126.10794000,38275,48002.84600000,3280638.91063000
2026-06-19T13:00Z,68.62000000,69.58000000,68.40000000,69.28000000,149932.40200000,10351426.97690000,50885,86733.61200000,5989885.99039000
2026-06-19T14:00Z,69.28000000,69.48000000,68.83000000,69.15000000,96828.39200000,6702072.51956000,41211,53476.15500000,3701216.91680000
2026-06-19T15:00Z,69.14000000,69.54000000,68.93000000,69.33000000,66234.75100000,4583281.94736000,33054,35318.50600000,2444080.74611000
2026-06-19T16:00Z,69.34000000,69.57000000,68.69000000,68.71000000,82500.09500000,5715552.69944000,36971,45633.59400000,3163272.19874000
2026-06-19T17:00Z,68.72000000,69.52000000,68.63000000,69.31000000,65555.59900000,4530673.44858000,34322,37162.16400000,2569162.97896000
2026-06-19T18:00Z,69.32000000,69.37000000,68.80000000,69.06000000,38052.65800000,2627913.14603000,24187,21851.84600000,1509490.86688000
2026-06-19T19:00Z,69.05000000,69.16000000,68.78000000,68.97000000,44918.23100000,3098071.62192000,20751,24030.17300000,1658164.20533000
2026-06-19T20:00Z,68.97000000,69.31000000,68.72000000,69.25000000,31454.21100000,2170435.03339000,19758,17265.29600000,1191364.88030000
2026-06-19T21:00Z,69.25000000,69.31000000,68.91000000,69.02000000,34582.68900000,2389040.84211000,23036,13146.44000000,908455.83944000
2026-06-19T22:00Z,69.01000000,69.44000000,69.00000000,69.42000000,61373.26200000,4253496.45933000,19565,35328.33900000,2449029.62798000
2026-06-19T23:00Z,69.43000000,69.87000000,69.24000000,69.74000000,72714.78800000,5056544.04040000,18653,29062.67400000,2020767.16945000
2026-06-20T00:00Z,69.73000000,70.12000000,69.61000000,69.63000000,89692.45700000,6261811.89234000,34750,56629.37600000,3953675.41597000
2026-06-20T01:00Z,69.62000000,69.95000000,69.54000000,69.80000000,32309.70200000,2253073.58545000,13934,18448.47200000,1286682.07378000
2026-06-20T02:00Z,69.80000000,69.86000000,69.48000000,69.65000000,36533.06300000,2542748.97887000,15187,18392.25100000,1280072.34032000
2026-06-20T03:00Z,69.66000000,70.11000000,69.62000000,70.00000000,53423.81000000,3737371.39375000,15553,28102.14500000,1966155.27769000
2026-06-20T04:00Z,70.00000000,71.09000000,69.89000000,70.86000000,103542.95800000,7300319.53095000,30935,58791.87800000,4143651.91227000
2026-06-20T05:00Z,70.87000000,72.46000000,70.72000000,71.80000000,173683.89500000,12472891.93178000,69204,92925.65200000,6672680.02407000
2026-06-20T06:00Z,71.80000000,72.39000000,71.71000000,72.12000000,103980.81700000,7498727.04988000,32202,59323.75900000,4278493.78972000
2026-06-20T07:00Z,72.12000000,72.15000000,71.45000000,71.60000000,75932.21800000,5445810.79539000,27707,35853.92500000,2571267.06624000
2026-06-20T08:00Z,71.60000000,71.65000000,71.27000000,71.34000000,64686.51100000,4621866.20424000,21551,25378.37300000,1813257.58616000
2026-06-20T09:00Z,71.34000000,71.63000000,71.21000000,71.57000000,55197.87500000,3944154.91122000,17931,27751.40300000,1982765.70698000
2026-06-20T10:00Z,71.57000000,71.72000000,71.41000000,71.69000000,38092.52100000,2726545.96024000,14397,23122.54800000,1655129.04753000
2026-06-20T11:00Z,71.69000000,72.10000000,71.45000000,71.78000000,56490.44800000,4054348.73682000,16601,32501.59200000,2332594.71746000
2026-06-20T12:00Z,71.78000000,71.94000000,71.38000000,71.56000000,66486.38700000,4765947.66455000,18183,32279.17000000,2313446.84809000
2026-06-20T13:00Z,71.55000000,71.58000000,70.75000000,71.19000000,85462.16100000,6079247.64879000,30228,33126.43700000,2356788.70176000
2026-06-20T14:00Z,71.19000000,72.18000000,70.47000000,71.93000000,166026.55900000,11863928.13250000,64766,89198.63500000,6380309.48867000
2026-06-20T15:00Z,71.94000000,72.62000000,71.49000000,72.02000000,345082.29900000,24835684.54328000,67738,211265.23000000,15204467.20069000
2026-06-20T16:00Z,72.03000000,72.05000000,71.32000000,71.67000000,128031.77500000,9170482.08335000,33773,71012.55100000,5085442.01248000
2026-06-20T17:00Z,71.67000000,71.68000000,71.09000000,71.55000000,52934.74500000,3779611.87263000,25343,25044.59000000,1788085.33138000
2026-06-20T18:00Z,71.56000000,71.99000000,71.53000000,71.75000000,69624.59400000,4997770.00219000,18757,34923.04700000,2506610.99381000
2026-06-20T19:00Z,71.75000000,71.92000000,71.60000000,71.86000000,53925.99000000,3869488.44022000,18102,28133.15200000,2018697.14014000
2026-06-20T20:00Z,71.86000000,72.07000000,71.70000000,72.01000000,46159.86800000,3318611.33815000,18918,23837.58300000,1714280.36974000
2026-06-20T21:00Z,72.02000000,72.45000000,71.96000000,72.41000000,49010.68600000,3541361.25740000,27170,26860.70500000,1940984.13221000
2026-06-20T22:00Z,72.41000000,74.30000000,72.36000000,73.56000000,255371.48000000,18775954.03925000,82032,150272.64700000,11043465.78327000
2026-06-20T23:00Z,73.56000000,73.65000000,73.21000000,73.22000000,65931.80800000,4841842.54502000,25206,36974.98500000,2715750.52981000
2026-06-21T00:00Z,73.22000000,73.28000000,73.02000000,73.20000000,50783.81300000,3714113.05920000,21152,26050.94200000,1905449.24934000
2026-06-21T01:00Z,73.20000000,73.32000000,72.88000000,73.19000000,55705.13800000,4072487.13617000,19618,29712.00100000,2172691.02548000
2026-06-21T02:00Z,73.19000000,73.39000000,73.08000000,73.34000000,31953.75000000,2339544.40716000,13494,16871.96500000,1235393.35104000
2026-06-21T03:00Z,73.34000000,73.86000000,73.13000000,73.63000000,113803.36900000,8359419.55057000,30057,72420.15200000,5316702.55698000
2026-06-21T04:00Z,73.63000000,73.84000000,73.39000000,73.44000000,45055.87600000,3317397.61509000,19947,23223.96900000,1710423.83270000
2026-06-21T05:00Z,73.44000000,73.52000000,73.01000000,73.09000000,45918.29800000,3359934.06413000,15839,18728.03000000,1370496.03701000
2026-06-21T06:00Z,73.09000000,73.36000000,73.04000000,73.24000000,41475.29800000,3036126.00040000,14994,20032.44300000,1466160.03486000
2026-06-21T07:00Z,73.25000000,73.45000000,73.07000000,73.21000000,166976.77600000,12233420.85242000,24718,36799.14100000,2696928.76348000
2026-06-21T08:00Z,73.21000000,73.25000000,72.75000000,73.15000000,97362.46700000,7108431.82830000,21754,49650.25400000,3625443.86081000
2026-06-21T09:00Z,73.16000000,74.10000000,73.08000000,74.05000000,123475.70600000,9098589.80371000,34210,70788.32500000,5214171.66415000
2026-06-21T10:00Z,74.04000000,74.40000000,73.87000000,73.90000000,106025.04200000,7857306.95677000,34433,52706.83900000,3906905.11954000
2026-06-21T11:00Z,73.91000000,74.04000000,73.07000000,73.21000000,75409.00900000,5543544.56254000,30326,34795.06200000,2558332.15886000
2026-06-21T12:00Z,73.21000000,73.69000000,72.93000000,73.65000000,135448.19100000,9910276.86112000,35199,67759.45600000,4960276.98355000
2026-06-21T13:00Z,73.65000000,73.93000000,73.47000000,73.91000000,116612.67800000,8597294.08022000,26322,65983.53600000,4865399.90793000
2026-06-21T14:00Z,73.92000000,74.15000000,73.63000000,74.11000000,114476.75700000,8459903.60104000,25671,71454.09500000,5280397.34097000
2026-06-21T15:00Z,74.11000000,74.29000000,73.91000000,74.14000000,66306.14700000,4913772.85499000,23771,34692.93000000,2571129.87980000
2026-06-21T16:00Z,74.14000000,74.68000000,73.80000000,74.34000000,91123.03900000,6764034.79308000,28084,47695.88300000,3541423.00880000
2026-06-21T17:00Z,74.34000000,74.64000000,74.04000000,74.24000000,95065.84200000,7070828.55828000,30091,41248.58300000,3067939.19965000
2026-06-21T18:00Z,74.25000000,74.44000000,73.86000000,74.22000000,98577.38900000,7309326.22620000,30298,38856.14400000,2882172.42010000
2026-06-21T19:00Z,74.21000000,74.47000000,74.11000000,74.42000000,37234.34200000,2766884.16301000,17935,20872.81800000,1551146.84649000
2026-06-21T20:00Z,74.42000000,74.55000000,73.34000000,73.42000000,80489.03000000,5939499.33006000,35013,38965.21500000,2874838.70844000
2026-06-21T21:00Z,73.43000000,73.47000000,72.42000000,73.15000000,150999.11100000,11006395.86605000,60373,80870.07700000,5893311.36174000
2026-06-21T22:00Z,73.14000000,73.26000000,72.63000000,73.06000000,73823.85600000,5388969.95369000,37284,40632.25200000,2966011.95626000
2026-06-21T23:00Z,73.05000000,73.10000000,72.31000000,72.46000000,108584.69400000,7891899.82890000,49980,46619.18800000,3389577.63377000
2026-06-22T00:00Z,72.47000000,73.59000000,72.46000000,73.36000000,103710.64100000,7576220.92112000,51300,53548.87800000,3911831.79029000
2026-06-22T01:00Z,73.37000000,74.99000000,73.27000000,74.37000000,191909.01300000,14262028.81502000,76921,107881.06400000,8016866.16674000
2026-06-22T02:00Z,74.37000000,74.46000000,73.77000000,73.83000000,82099.16600000,6082528.41361000,34489,39054.07800000,2892942.39365000
2026-06-22T03:00Z,73.84000000,74.06000000,73.29000000,73.52000000,95274.82000000,7023489.65835000,39062,47159.12500000,3478166.48457000
2026-06-22T04:00Z,73.53000000,73.91000000,73.36000000,73.86000000,88522.17800000,6514867.83414000,28242,54735.64100000,4028239.46514000
2026-06-22T05:00Z,73.87000000,74.15000000,73.80000000,73.95000000,59283.56800000,4387600.99639000,23738,30100.16300000,2227762.57265000
2026-06-22T06:00Z,73.96000000,74.21000000,73.56000000,73.71000000,61212.29300000,4518897.49937000,22741,31057.53300000,2292973.07552000
2026-06-22T07:00Z,73.72000000,74.48000000,73.67000000,74.10000000,84946.44700000,6300111.44536000,28288,37860.81900000,2808060.67696000
2026-06-22T08:00Z,74.10000000,74.33000000,73.71000000,73.90000000,79772.54900000,5904597.21563000,31078,40711.03600000,3013284.82614000
2026-06-22T09:00Z,73.89000000,74.03000000,73.57000000,73.80000000,61836.58500000,4563663.11224000,24585,33889.18300000,2501330.72221000
2026-06-22T10:00Z,73.79000000,74.01000000,73.60000000,73.78000000,50650.13000000,3737060.67769000,16588,27235.16100000,2009550.56049000
2026-06-22T11:00Z,73.77000000,74.44000000,73.64000000,74.17000000,250333.20500000,18542913.87471000,51675,81348.69700000,6029033.21783000
2026-06-22T12:00Z,74.18000000,74.56000000,74.00000000,74.41000000,173681.72300000,12896960.65804000,40941,71388.68500000,5304269.57638000
2026-06-22T13:00Z,74.42000000,74.98000000,74.24000000,74.98000000,191736.84300000,14307517.95164000,65944,102192.71200000,7629132.23452000
2026-06-22T14:00Z,74.97000000,75.00000000,73.19000000,73.44000000,221209.13000000,16342684.05809000,72443,106497.16500000,7867328.88437000
2026-06-22T15:00Z,73.45000000,73.80000000,72.98000000,73.14000000,132069.81700000,9697962.99755000,59214,61429.57800000,4513795.25401000
2026-06-22T16:00Z,73.15000000,73.21000000,72.55000000,72.95000000,126835.76400000,9235770.71799000,49184,64602.43900000,4703734.04280000
2026-06-22T17:00Z,72.95000000,73.34000000,72.63000000,73.28000000,59765.78400000,4361309.47990000,28796,27930.70500000,2038698.32253000
2026-06-22T18:00Z,73.28000000,73.57000000,72.58000000,72.64000000,104171.03400000,7614344.27988000,30147,49911.13200000,3645999.50271000
2026-06-22T19:00Z,72.64000000,72.81000000,72.45000000,72.71000000,86356.89500000,6273749.36386000,28052,41672.15900000,3028194.64875000
2026-06-22T20:00Z,72.71000000,72.97000000,72.49000000,72.83000000,40056.15100000,2914478.36235000,14626,21600.37700000,1571772.88640000
2026-06-22T21:00Z,72.82000000,72.89000000,72.28000000,72.73000000,47245.83000000,3429135.52280000,17701,24263.00700000,1761129.64244000
2026-06-22T22:00Z,72.74000000,72.96000000,71.37000000,72.11000000,134404.11100000,9663634.20160000,55801,63420.72800000,4561505.38017000
2026-06-22T23:00Z,72.11000000,72.17000000,71.82000000,71.95000000,40140.39000000,2890878.74828000,20590,19038.77900000,1371303.59324000
2026-06-23T00:00Z,71.95000000,72.01000000,71.46000000,71.88000000,69273.44300000,4969134.51671000,33748,32764.04700000,2350704.41003000
2026-06-23T01:00Z,71.89000000,72.04000000,71.31000000,71.72000000,66120.40900000,4743447.98781000,32179,33040.84300000,2369994.99065000
2026-06-23T02:00Z,71.71000000,72.06000000,71.54000000,72.00000000,58271.01300000,4189126.84309000,24310,32497.83100000,2335972.79544000
2026-06-23T03:00Z,71.99000000,72.01000000,71.73000000,72.00000000,43972.12800000,3159207.49914000,19792,22543.38700000,1619945.75393000
2026-06-23T04:00Z,71.99000000,72.03000000,71.37000000,71.45000000,50400.27600000,3615236.66914000,21778,22118.44200000,1587086.28387000
2026-06-23T05:00Z,71.46000000,71.60000000,70.90000000,71.02000000,81827.00400000,5825835.98887000,40947,35770.37100000,2547320.14257000
2026-06-23T06:00Z,71.03000000,71.07000000,69.68000000,70.33000000,226879.08900000,15931639.41296000,83417,104732.50200000,7348688.01757000
2026-06-23T07:00Z,70.33000000,70.56000000,69.97000000,70.01000000,147921.65400000,10403974.12433000,31219,67510.66100000,4750151.75209000
2026-06-23T08:00Z,70.01000000,70.11000000,68.16000000,68.70000000,354240.75900000,24417684.71873000,113489,167229.50300000,11525755.67611000
2026-06-23T09:00Z,68.71000000,69.06000000,68.68000000,68.93000000,115063.17500000,7926943.98171000,26690,64030.15500000,4411002.97843000
2026-06-23T10:00Z,68.93000000,69.22000000,68.61000000,68.82000000,66289.85800000,4565764.36944000,21902,34051.45400000,2345983.79725000
2026-06-23T11:00Z,68.82000000,69.38000000,68.82000000,69.33000000,88613.20300000,6126414.05246000,27889,46237.58100000,3197073.90829000
2026-06-23T12:00Z,69.33000000,69.38000000,68.87000000,68.98000000,76392.78100000,5280524.39703000,25296,38837.12300000,2684540.35147000
2026-06-23T13:00Z,68.98000000,69.37000000,68.64000000,69.20000000,147090.51600000,10151123.07022000,68753,69239.72400000,4780812.29665000
2026-06-23T14:00Z,69.20000000,69.68000000,69.06000000,69.20000000,120384.98000000,8347699.01299000,64778,58114.59400000,4030373.13961000
2026-06-23T15:00Z,69.20000000,69.20000000,68.40000000,68.92000000,87673.90400000,6028126.50902000,44373,35433.36700000,2436751.06951000
2026-06-23T16:00Z,68.93000000,69.41000000,68.81000000,68.90000000,97343.65900000,6727020.52424000,39763,53629.91100000,3706989.42031000
2026-06-23T17:00Z,68.89000000,69.19000000,68.64000000,68.78000000,37570.84600000,2588125.05384000,26811,18777.63900000,1293570.74290000
2026-06-23T18:00Z,68.78000000,69.05000000,68.69000000,68.91000000,43917.12800000,3024471.10154000,26969,23471.89900000,1616466.69210000
2026-06-23T19:00Z,68.90000000,69.11000000,68.73000000,68.84000000,48268.35200000,3325864.89010000,27691,25085.11800000,1728255.78882000
2026-06-23T20:00Z,68.84000000,69.06000000,68.83000000,69.01000000,33350.56300000,2300354.35055000,14657,18962.68300000,1308002.29710000
2026-06-23T21:00Z,69.02000000,69.31000000,68.97000000,69.27000000,44272.52900000,3063217.20883000,14144,22970.52100000,1589164.37958000
2026-06-23T22:00Z,69.27000000,69.84000000,69.26000000,69.56000000,58575.57800000,4073502.40396000,23945,34939.64800000,2429614.17240000
2026-06-23T23:00Z,69.56000000,69.82000000,69.31000000,69.71000000,38806.43800000,2698915.55594000,21760,20230.35500000,1407318.57370000
2026-06-24T00:00Z,69.70000000,70.14000000,69.59000000,69.99000000,62322.34900000,4357942.49927000,31388,33857.14200000,2367563.86948000
2026-06-24T01:00Z,70.00000000,70.41000000,69.67000000,70.09000000,80642.47000000,5653709.29805000,31944,43072.71800000,3019627.52162000
2026-06-24T02:00Z,70.09000000,70.15000000,69.43000000,69.46000000,71586.52200000,4995904.03567000,26978,30015.15100000,2094375.63413000
2026-06-24T03:00Z,69.46000000,69.77000000,69.10000000,69.56000000,49187.91400000,3417436.23781000,20462,21436.02100000,1489659.69527000
2026-06-24T04:00Z,69.57000000,69.70000000,69.00000000,69.58000000,52609.00600000,3650993.12592000,23853,24043.61800000,1668796.83633000
2026-06-24T05:00Z,69.59000000,70.22000000,69.52000000,69.95000000,69893.07400000,4886819.52776000,25810,28683.85800000,2005166.88499000
2026-06-24T06:00Z,69.95000000,70.04000000,69.70000000,69.75000000,63506.54800000,4438069.10939000,20839,26564.81700000,1856452.73509000
2026-06-24T07:00Z,69.75000000,69.79000000,69.28000000,69.38000000,65877.75700000,4581744.04534000,25033,27298.42800000,1898658.69888000
2026-06-24T08:00Z,69.38000000,69.63000000,69.25000000,69.48000000,62541.36200000,4341494.14582000,18987,29009.09300000,2013943.27144000
2026-06-24T09:00Z,69.48000000,69.55000000,69.20000000,69.31000000,97596.39700000,6771258.72216000,32519,57412.88100000,3983209.66074000
2026-06-24T10:00Z,69.31000000,69.35000000,68.96000000,69.05000000,63646.96700000,4399611.92704000,22277,29600.19600000,2046387.21258000
2026-06-24T11:00Z,69.05000000,70.44000000,68.77000000,69.82000000,116152.28700000,8064962.38087000,40704,63303.76000000,4395651.70400000
2026-06-24T12:00Z,69.82000000,69.93000000,69.41000000,69.46000000,64524.26700000,4498800.06816000,32864,31821.98800000,2218743.98418000
2026-06-24T13:00Z,69.46000000,69.50000000,68.37000000,68.88000000,250377.26500000,17250815.79498000,109572,114333.23600000,7877881.83498000
2026-06-24T14:00Z,68.87000000,69.43000000,68.59000000,68.85000000,174917.47700000,12061219.24758000,83520,86642.07900000,5975505.21794000
2026-06-24T15:00Z,68.86000000,68.90000000,67.24000000,67.33000000,178449.33700000,12123065.61448000,90273,67812.04100000,4607078.26106000
2026-06-24T16:00Z,67.32000000,68.03000000,66.28000000,66.52000000,568454.03600000,38220136.85391000,128051,225508.41800000,15139220.61525000
2026-06-24T17:00Z,66.52000000,66.92000000,64.71000000,64.98000000,409632.05500000,26843640.98749000,145434,168850.94500000,11062061.27042000
2026-06-24T18:00Z,64.98000000,66.50000000,64.83000000,66.03000000,231997.63300000,15273705.90443000,102991,109390.15300000,7198560.15649000
2026-06-24T19:00Z,66.04000000,66.39000000,65.54000000,66.13000000,128029.45600000,8438991.74185000,60819,65797.91800000,4337644.22965000
2026-06-24T20:00Z,66.13000000,68.01000000,65.98000000,67.68000000,270507.54100000,18217954.56971000,97462,154170.29500000,10384840.97274000
2026-06-24T21:00Z,67.69000000,68.12000000,67.22000000,68.09000000,123508.19400000,8346915.86765000,37610,68424.09400000,4625260.22913000
2026-06-24T22:00Z,68.08000000,68.55000000,67.69000000,67.83000000,69717.51800000,4744577.05506000,37182,36389.75300000,2477460.55480000
2026-06-24T23:00Z,67.84000000,68.20000000,67.76000000,68.11000000,42990.09700000,2923746.66796000,20480,23923.54000000,1626952.06676000
2026-06-25T00:00Z,68.12000000,68.32000000,67.57000000,67.72000000,61805.23700000,4198626.44387000,29885,28230.87600000,1918423.43711000
2026-06-25T01:00Z,67.72000000,68.01000000,67.40000000,67.89000000,75604.25200000,5118015.63905000,24107,46359.36700000,3138401.04768000
2026-06-25T02:00Z,67.89000000,67.94000000,67.61000000,67.74000000,35486.97200000,2405022.72328000,16722,17698.69900000,1199577.87172000
2026-06-25T03:00Z,67.75000000,67.87000000,67.47000000,67.70000000,60280.93000000,4076811.06497000,17416,28966.31800000,1959927.12235000
2026-06-25T04:00Z,67.70000000,68.51000000,67.50000000,68.46000000,83359.39600000,5672787.85068000,21948,56223.94600000,3827408.68258000
2026-06-25T05:00Z,68.47000000,69.31000000,68.35000000,69.04000000,193552.00200000,13349312.21256000,55471,83700.58100000,5771144.10729000
2026-06-25T06:00Z,69.03000000,69.66000000,69.01000000,69.47000000,132524.60300000,9188375.69377000,38415,69174.36800000,4795544.91787000
2026-06-25T07:00Z,69.48000000,69.58000000,69.24000000,69.45000000,90052.65700000,6249212.30117000,30177,45347.01700000,3146955.50369000
2026-06-25T08:00Z,69.44000000,69.45000000,68.99000000,69.05000000,82641.57300000,5713990.89901000,20266,32646.05000000,2257794.75686000
2026-06-25T09:00Z,69.06000000,69.19000000,68.80000000,68.83000000,47562.62100000,3280145.58264000,18285,23230.38300000,1601983.21766000
2026-06-25T10:00Z,68.83000000,68.88000000,68.13000000,68.29000000,97123.55500000,6653629.53192000,21065,39896.56800000,2732666.21200000
2026-06-25T11:00Z,68.30000000,68.44000000,68.00000000,68.18000000,102663.84700000,7001086.36243000,27309,50112.53300000,3418853.02515000
2026-06-25T12:00Z,68.18000000,68.92000000,67.79000000,68.29000000,167650.43100000,11464584.28708000,56835,83523.91400000,5715830.43753000
2026-06-25T13:00Z,68.29000000,68.45000000,64.04000000,64.23000000,570872.69800000,37787864.12052000,193196,268183.93700000,17780627.93089000
2026-06-25T14:00Z,64.23000000,67.24000000,64.23000000,66.36000000,606207.42300000,39931999.35575000,269946,334103.28600000,22016308.59574000
2026-06-25T15:00Z,66.37000000,66.39000000,65.24000000,66.32000000,224938.70400000,14816950.89236000,89737,121618.72800000,8011498.11035000
2026-06-25T16:00Z,66.32000000,67.05000000,65.65000000,65.98000000,183517.99400000,12149713.71181000,78153,93111.27400000,6163908.93137000
2026-06-25T17:00Z,65.98000000,67.35000000,65.82000000,67.13000000,176489.45600000,11802108.20224000,81621,88346.81300000,5909070.51044000
2026-06-25T18:00Z,67.12000000,67.16000000,65.91000000,66.18000000,213512.17700000,14172012.70833000,82068,120287.12800000,7982833.24934000
2026-06-25T19:00Z,66.19000000,66.22000000,65.65000000,66.20000000,103226.32000000,6810109.98149000,50446,51196.29400000,3378592.34445000
2026-06-25T20:00Z,66.19000000,66.80000000,66.08000000,66.27000000,99763.52000000,6634066.48707000,44904,48810.63800000,3246206.16518000
2026-06-25T21:00Z,66.28000000,67.31000000,66.27000000,67.28000000,69774.56400000,4662399.83064000,30734,39572.53600000,2644810.15826000
2026-06-25T22:00Z,67.28000000,67.35000000,66.94000000,67.15000000,71115.20900000,4774315.70941000,28916,36214.91900000,2431369.56788000
2026-06-25T23:00Z,67.16000000,68.81000000,67.00000000,67.72000000,167175.14000000,11365566.80301000,63502,86970.56300000,5911643.37198000
2026-06-26T00:00Z,67.72000000,68.10000000,67.62000000,67.74000000,85692.20500000,5812590.00437000,43038,43004.25300000,2917226.03884000
2026-06-26T01:00Z,67.74000000,67.91000000,67.14000000,67.32000000,113538.50000000,7654385.60872000,38259,61915.61400000,4173429.04775000
2026-06-26T02:00Z,67.32000000,67.36000000,65.93000000,66.20000000,212243.61000000,14102418.40121000,90544,102879.14900000,6839137.83863000
2026-06-26T03:00Z,66.21000000,68.50000000,65.91000000,68.21000000,273214.94500000,18370024.76190000,100884,150755.05600000,10150796.66827000
2026-06-26T04:00Z,68.22000000,68.38000000,67.96000000,68.06000000,114284.50800000,7781498.51633000,47370,55590.35300000,3785066.07559000
2026-06-26T05:00Z,68.07000000,68.47000000,67.97000000,68.38000000,99377.63900000,6783058.75916000,42692,40832.71900000,2786895.40454000
2026-06-26T06:00Z,68.37000000,70.01000000,68.01000000,69.99000000,347176.39900000,23978046.43499000,87722,208310.82300000,14389648.84939000
2026-06-26T07:00Z,70.00000000,70.99000000,69.93000000,70.77000000,326907.50100000,23055211.86019000,91296,173908.84800000,12266016.13138000
2026-06-26T08:00Z,70.78000000,70.88000000,69.72000000,69.94000000,204505.66400000,14336810.31546000,56943,96870.53900000,6791785.69155000
2026-06-26T09:00Z,69.95000000,69.95000000,68.85000000,69.01000000,162342.86000000,11289123.44909000,52721,74255.07400000,5164761.32121000
2026-06-26T10:00Z,69.01000000,69.25000000,68.64000000,68.78000000,68124.13400000,4699521.43526000,40322,31786.27600000,2193113.65491000
2026-06-26T11:00Z,68.78000000,69.10000000,68.39000000,68.61000000,68243.11200000,4687140.18538000,40979,33266.82200000,2285278.81633000
2026-06-26T12:00Z,68.61000000,69.74000000,68.37000000,68.87000000,130724.26300000,9019796.22146000,77297,69090.56300000,4769946.27575000
2026-06-26T13:00Z,68.87000000,70.94000000,68.19000000,70.71000000,269629.65500000,18721417.01993000,160750,138591.97100000,9631448.87078000
2026-06-26T14:00Z,70.71000000,71.99000000,70.24000000,70.46000000,379679.25400000,26994433.62591000,180583,188100.39700000,13373869.74631000
2026-06-26T15:00Z,70.47000000,72.24000000,70.31000000,72.07000000,260548.10800000,18651999.87187000,126617,144619.70200000,10352035.80950000
2026-06-26T16:00Z,72.06000000,73.53000000,72.01000000,72.48000000,332248.04600000,24144928.04287000,140268,174334.99400000,12671174.26830000
2026-06-26T17:00Z,72.49000000,72.88000000,72.18000000,72.56000000,142021.06100000,10301167.60486000,74897,68655.45600000,4980768.13559000
2026-06-26T18:00Z,72.57000000,73.10000000,72.37000000,72.60000000,118672.41700000,8625049.33031000,58822,60497.44000000,4397897.10302000
2026-06-26T19:00Z,72.60000000,73.93000000,72.48000000,73.01000000,219094.45600000,16073574.94349000,92363,112263.96200000,8236682.60976000
2026-06-26T20:00Z,73.01000000,73.68000000,72.05000000,72.17000000,245579.17600000,17858955.50444000,96135,119995.38000000,8731791.19099000
2026-06-26T21:00Z,72.18000000,72.40000000,71.80000000,71.99000000,108722.07000000,7833642.25188000,44337,52645.72700000,3794103.21143000
2026-06-26T22:00Z,71.98000000,72.09000000,71.41000000,71.83000000,95015.56200000,6815219.24294000,39011,45090.44100000,3234368.07811000
2026-06-26T23:00Z,71.82000000,72.02000000,71.68000000,71.90000000,45283.57100000,3254280.32085000,18962,26675.97900000,1917119.44338000
2026-06-27T00:00Z,71.90000000,72.50000000,71.58000000,71.82000000,124374.67200000,8967899.51895000,35400,72176.15800000,5206155.88106000
2026-06-27T01:00Z,71.83000000,71.83000000,71.36000000,71.44000000,58283.45000000,4173244.13018000,18564,29133.99100000,2085902.07448000
2026-06-27T02:00Z,71.44000000,72.26000000,71.39000000,72.12000000,77157.58600000,5550438.49068000,30306,42934.87400000,3088712.44192000
2026-06-27T03:00Z,72.11000000,72.43000000,71.84000000,72.27000000,108184.65400000,7810057.63065000,30636,58770.71300000,4242351.51041000
2026-06-27T04:00Z,72.26000000,72.59000000,71.90000000,71.94000000,79180.17000000,5726545.02923000,26314,45525.35400000,3292756.49342000
2026-06-27T05:00Z,71.93000000,72.03000000,71.51000000,71.81000000,118653.28200000,8514603.75640000,23723,44959.76400000,3226177.27963000
2026-06-27T06:00Z,71.81000000,72.33000000,71.62000000,72.13000000,63569.36300000,4578554.66737000,21831,34325.73000000,2472742.11171000
2026-06-27T07:00Z,72.13000000,72.35000000,72.01000000,72.31000000,55692.98800000,4017953.09903000,15494,26069.39500000,1880698.30367000
2026-06-27T08:00Z,72.31000000,72.33000000,71.88000000,72.03000000,54585.25200000,3938270.61084000,17088,27656.60900000,1995669.83534000
2026-06-27T09:00Z,72.03000000,72.11000000,71.72000000,71.86000000,42418.36500000,3048468.55234000,14535,17828.84300000,1281126.49533000
2026-06-27T10:00Z,71.85000000,72.05000000,71.83000000,72.04000000,32281.48000000,2322574.84669000,10574,15665.83000000,1127155.23404000
2026-06-27T11:00Z,72.04000000,72.09000000,71.53000000,71.81000000,55641.77300000,3991845.27616000,18790,27380.53900000,1964463.68408000
2026-06-27T12:00Z,71.81000000,72.18000000,71.64000000,72.17000000,101149.80500000,7266933.32522000,19746,62173.69200000,4466804.12095000
2026-06-27T13:00Z,72.17000000,72.61000000,72.13000000,72.36000000,85200.46600000,6166222.35225000,28401,46188.51800000,3342749.62154000
2026-06-27T14:00Z,72.36000000,72.90000000,72.21000000,72.70000000,75932.26200000,5516048.33003000,29417,43872.10100000,3187299.08774000
2026-06-27T15:00Z,72.71000000,73.19000000,72.62000000,72.84000000,96009.04800000,7002592.72412000,32969,51942.20400000,3788884.85575000
2026-06-27T16:00Z,72.83000000,73.01000000,72.63000000,72.64000000,61295.87200000,4461294.93644000,21499,25979.27200000,1890906.45566000
2026-06-27T17:00Z,72.64000000,72.65000000,71.90000000,72.06000000,135186.81900000,9761957.72706000,49931,36966.59700000,2669330.45623000
2026-06-27T18:00Z,72.05000000,72.18000000,71.76000000,71.92000000,58373.36300000,4200697.77937000,28574,21186.50600000,1524625.63847000
2026-06-27T19:00Z,71.92000000,72.01000000,70.94000000,71.11000000,141823.11300000,10117697.96168000,47403,59059.15200000,4212664.27010000
2026-06-27T20:00Z,71.11000000,71.35000000,71.09000000,71.30000000,35153.43600000,2504187.68158000,16355,16726.98800000,1191539.70518000
2026-06-27T21:00Z,71.31000000,71.63000000,70.81000000,70.98000000,101719.46800000,7245126.81122000,27425,56223.57700000,4004230.60737000
2026-06-27T22:00Z,70.98000000,71.10000000,70.25000000,71.09000000,96202.61600000,6802886.35064000,42719,41064.49900000,2904689.94634000
2026-06-27T23:00Z,71.09000000,71.16000000,70.42000000,70.50000000,63763.25700000,4504964.48479000,27265,25857.98500000,1827022.46320000
2026-06-28T00:00Z,70.49000000,70.82000000,70.45000000,70.72000000,54279.50100000,3835539.93375000,17637,24832.90900000,1754950.17852000
2026-06-28T01:00Z,70.72000000,70.93000000,70.44000000,70.83000000,37991.59800000,2686252.69283000,15163,15684.08000000,1109295.48889000
2026-06-28T02:00Z,70.84000000,71.01000000,70.49000000,70.73000000,36480.14100000,2581531.09546000,16330,17391.05900000,1230944.85391000
2026-06-28T03:00Z,70.72000000,70.98000000,70.72000000,70.87000000,40983.64300000,2903759.87368000,12748,17297.89100000,1225667.45589000
2026-06-28T04:00Z,70.86000000,70.99000000,70.55000000,70.77000000,36424.95400000,2578340.25542000,14427,16481.10900000,1166470.74980000
2026-06-28T05:00Z,70.77000000,70.77000000,70.14000000,70.52000000,99472.69500000,7007741.76029000,42517,54366.38500000,3830298.21944000
2026-06-28T06:00Z,70.52000000,70.56000000,70.17000000,70.45000000,53833.99200000,3790458.56865000,21716,23073.14100000,1624887.86594000
2026-06-28T07:00Z,70.45000000,71.09000000,70.44000000,71.08000000,55602.27600000,3937561.42602000,23022,27311.18800000,1934077.67468000
2026-06-28T08:00Z,71.08000000,72.20000000,71.06000000,71.91000000,139131.44100000,9977466.11505000,48095,73344.81700000,5262740.64853000
2026-06-28T09:00Z,71.91000000,72.05000000,71.45000000,71.54000000,71324.87100000,5117562.27221000,24044,32774.29000000,2351656.76462000
2026-06-28T10:00Z,71.53000000,71.60000000,71.11000000,71.48000000,52654.53600000,3757476.51414000,21987,28397.40000000,2026125.52069000
2026-06-28T11:00Z,71.48000000,72.03000000,71.41000000,71.92000000,74703.34800000,5362666.60612000,30339,43372.58500000,3113689.25481000
2026-06-28T12:00Z,71.92000000,72.41000000,71.65000000,71.88000000,75592.06400000,5438851.36478000,35472,42902.74200000,3086212.47117000
2026-06-28T13:00Z,71.87000000,72.10000000,71.33000000,71.74000000,59366.62100000,4257464.04512000,36498,28410.57100000,2037876.39354000
2026-06-28T14:00Z,71.74000000,72.20000000,71.65000000,71.65000000,44268.52600000,3182248.69860000,29873,20811.41800000,1496170.83881000
2026-06-28T15:00Z,71.66000000,72.12000000,71.45000000,72.09000000,67077.30700000,4818932.02250000,40135,32315.75300000,2321568.58454000
2026-06-28T16:00Z,72.09000000,72.13000000,71.16000000,71.56000000,106698.40600000,7644748.39170000,55483,48751.31200000,3493283.13371000
2026-06-28T17:00Z,71.56000000,71.98000000,70.97000000,71.55000000,67678.31500000,4833378.00175000,39833,32757.70900000,2340295.31501000
2026-06-28T18:00Z,71.55000000,71.73000000,71.00000000,71.18000000,47572.66200000,3389125.27894000,24758,23271.58600000,1657907.30163000
2026-06-28T19:00Z,71.18000000,71.32000000,70.25000000,70.74000000,72184.53600000,5107628.43623000,38267,32918.14700000,2328480.92641000
2026-06-28T20:00Z,70.73000000,71.29000000,70.66000000,70.92000000,63919.14200000,4531945.56688000,25205,33171.43200000,2351480.65338000
2026-06-28T21:00Z,70.92000000,71.07000000,70.26000000,70.46000000,63791.15400000,4507573.12690000,23603,35535.59200000,2510169.97033000
2026-06-28T22:00Z,70.47000000,71.53000000,69.74000000,70.24000000,172709.21200000,12194934.42895000,74347,83144.27500000,5872416.03981000
2026-06-28T23:00Z,70.23000000,71.82000000,70.14000000,71.38000000,115533.97700000,8219228.64457000,65063,64939.33600000,4620889.62093000
2026-06-29T00:00Z,71.39000000,71.70000000,70.35000000,71.66000000,139706.99600000,9924573.38236000,86330,68126.59600000,4841292.35465000
2026-06-29T01:00Z,71.66000000,71.70000000,70.95000000,71.49000000,90570.16300000,6465862.34250000,64920,50386.01500000,3596734.64626000
2026-06-29T02:00Z,71.49000000,72.21000000,70.51000000,72.18000000,137598.88500000,9851221.79102000,70070,70111.91700000,5020817.61769000
2026-06-29T03:00Z,72.19000000,73.33000000,72.18000000,72.68000000,185308.60000000,13500039.06342000,73805,93470.13300000,6808265.14953000
2026-06-29T04:00Z,72.68000000,72.69000000,71.64000000,71.68000000,78551.20700000,5665785.41191000,38721,39431.12600000,2843736.33722000
2026-06-29T05:00Z,71.69000000,72.35000000,71.03000000,72.32000000,108925.65000000,7788313.67802000,61536,63698.21700000,4555578.01001000
2026-06-29T06:00Z,72.33000000,73.12000000,72.21000000,72.39000000,114185.10100000,8284465.84222000,53869,58347.19200000,4234243.56931000
2026-06-29T07:00Z,72.39000000,72.93000000,72.08000000,72.72000000,66082.43500000,4790224.35407000,37179,33131.42100000,2401429.39352000
2026-06-29T08:00Z,72.72000000,73.02000000,72.39000000,72.73000000,109603.19400000,7972543.48821000,56371,51432.47100000,3741674.01159000
2026-06-29T09:00Z,72.72000000,73.17000000,72.61000000,72.94000000,78271.60300000,5702501.00276000,41028,37523.68600000,2733994.84493000
2026-06-29T10:00Z,72.94000000,73.68000000,72.94000000,73.25000000,122356.99700000,8972941.20181000,44675,52993.69200000,3886926.80359000
2026-06-29T11:00Z,73.25000000,73.28000000,72.25000000,72.52000000,133647.21100000,9721274.60529000,45321,65279.92000000,4748548.28939000
2026-06-29T12:00Z,72.53000000,74.55000000,72.12000000,73.52000000,458704.03200000,33831757.85845000,138404,248215.25900000,18303458.95232000
2026-06-29T13:00Z,73.52000000,74.35000000,72.72000000,73.74000000,392557.49500000,28844352.10137000,158224,176512.27000000,12982064.00876000
2026-06-29T14:00Z,73.74000000,74.01000000,72.32000000,73.73000000,289453.19200000,21202510.69125000,158078,130564.90800000,9555817.87697000
2026-06-29T15:00Z,73.74000000,74.43000000,72.79000000,73.92000000,225421.60200000,16626043.89707000,113647,109280.04800000,8064827.40009000
2026-06-29T16:00Z,73.92000000,74.16000000,72.89000000,74.03000000,155885.54400000,11480126.75114000,73289,80231.25500000,5906843.31138000
2026-06-29T17:00Z,74.02000000,76.49000000,74.00000000,75.31000000,446422.30300000,33684386.13264000,205089,249774.74200000,18840651.05820000
2026-06-29T18:00Z,75.31000000,75.84000000,75.14000000,75.59000000,90882.62800000,6861072.29917000,51568,42050.20100000,3174648.18390000
2026-06-29T19:00Z,75.60000000,76.22000000,75.41000000,75.98000000,129946.07000000,9858656.29319000,58650,72146.60000000,5473792.37371000
2026-06-29T20:00Z,75.98000000,76.00000000,75.27000000,75.37000000,71069.53300000,5374530.28097000,32021,32484.40100000,2457137.27336000
2026-06-29T21:00Z,75.38000000,75.80000000,75.23000000,75.53000000,88468.80600000,6684580.73110000,29126,49259.11900000,3722490.78268000
2026-06-29T22:00Z,75.52000000,75.66000000,75.05000000,75.27000000,64064.35700000,4827629.84138000,28050,30310.22500000,2284491.04352000
2026-06-29T23:00Z,75.28000000,75.44000000,74.89000000,75.16000000,84038.49600000,6314492.31239000,31260,38198.17800000,2870467.46465000
2026-06-30T00:00Z,75.17000000,75.24000000,74.19000000,74.42000000,122255.06100000,9128182.48668000,47215,44302.12600000,3308510.77098000
2026-06-30T01:00Z,74.43000000,74.67000000,74.05000000,74.41000000,94891.25800000,7054312.78496000,35745,47624.67300000,3540708.30121000
2026-06-30T02:00Z,74.41000000,74.84000000,74.04000000,74.59000000,53074.69700000,3947134.57329000,18849,25578.99100000,1902889.51539000
2026-06-30T03:00Z,74.60000000,74.89000000,74.14000000,74.19000000,56471.72700000,4209075.06891000,20611,26750.21300000,1994389.54824000
2026-06-30T04:00Z,74.19000000,74.25000000,73.69000000,74.02000000,106409.91700000,7870846.23299000,35558,48289.73400000,3571692.47777000
2026-06-30T05:00Z,74.03000000,74.23000000,73.85000000,74.23000000,50261.91700000,3721619.36359000,22297,29648.20800000,2195480.45634000
2026-06-30T06:00Z,74.23000000,74.26000000,73.91000000,74.17000000,51848.77100000,3842562.22167000,18088,28713.15500000,2128107.56760000
2026-06-30T07:00Z,74.17000000,74.25000000,73.86000000,74.16000000,56997.35600000,4221849.96346000,21214,33569.09800000,2486427.96532000
2026-06-30T08:00Z,74.16000000,75.80000000,73.30000000,73.64000000,222120.81900000,16368809.70377000,59475,132885.72800000,9796886.40782000
2026-06-30T09:00Z,73.63000000,73.88000000,73.55000000,73.80000000,97800.74800000,7209123.12119000,23046,53194.12000000,3921668.56959000
2026-06-30T10:00Z,73.80000000,73.90000000,73.48000000,73.69000000,57815.21200000,4260412.19801000,20346,29524.98200000,2175832.02762000
2026-06-30T11:00Z,73.69000000,73.78000000,73.34000000,73.40000000,74952.03300000,5512034.30973000,26818,41543.21100000,3054809.52533000
2026-06-30T12:00Z,73.41000000,73.42000000,72.06000000,72.08000000,137868.48600000,10018205.32930000,51872,51503.83400000,3745327.30625000
2026-06-30T13:00Z,72.08000000,72.94000000,71.90000000,72.88000000,459618.17800000,33229088.28430000,110112,271599.42200000,19632272.98739000
2026-06-30T14:00Z,72.87000000,73.91000000,72.74000000,72.95000000,166319.15900000,12199118.54875000,102698,91537.04300000,6713368.74215000
2026-06-30T15:00Z,72.96000000,74.10000000,72.60000000,73.13000000,196377.65000000,14393348.11024000,81335,106277.37500000,7793543.40418000
2026-06-30T16:00Z,73.14000000,73.72000000,72.73000000,73.52000000,141863.66300000,10386913.91593000,58538,67822.81900000,4966096.00446000
2026-06-30T17:00Z,73.52000000,73.93000000,73.16000000,73.18000000,92560.84800000,6803223.09272000,42918,43384.91400000,3189232.91893000
2026-06-30T18:00Z,73.17000000,73.80000000,72.95000000,73.60000000,92931.64400000,6815685.44957000,49479,37914.93900000,2780321.35159000
2026-06-30T19:00Z,73.60000000,73.97000000,73.35000000,73.75000000,78681.44000000,5796772.46486000,41026,42891.46100000,3160478.48854000
2026-06-30T20:00Z,73.74000000,73.94000000,73.53000000,73.69000000,108021.97400000,7965402.18400000,33208,56285.79600000,4149892.56899000
2026-06-30T21:00Z,73.69000000,73.80000000,73.19000000,73.49000000,64472.54800000,4732485.54073000,28930,28433.61500000,2087127.70157000
2026-06-30T22:00Z,73.50000000,73.75000000,73.27000000,73.43000000,49634.25200000,3648427.36655000,23798,24452.79900000,1797545.21587000
2026-06-30T23:00Z,73.44000000,73.71000000,73.32000000,73.67000000,35534.74500000,2613549.56369000,16059,18127.23500000,1333246.20136000
2026-07-01T00:00Z,73.67000000,73.88000000,73.36000000,73.65000000,84635.39400000,6232671.65673000,30419,44261.01500000,3259849.08986000
2026-07-01T01:00Z,73.65000000,74.36000000,72.25000000,73.95000000,178813.08300000,13118636.51739000,98382,91886.61400000,6747988.80263000
2026-07-01T02:00Z,73.95000000,75.03000000,73.79000000,74.78000000,131997.89400000,9848209.15499000,59849,75926.06800000,5665480.48192000
2026-07-01T03:00Z,74.78000000,75.69000000,74.35000000,75.48000000,211277.21700000,15861424.36733000,55778,100910.00500000,7574574.30421000
2026-07-01T04:00Z,75.48000000,75.87000000,75.25000000,75.57000000,129662.04400000,9795774.85022000,44667,68540.06900000,5178547.27120000
2026-07-01T05:00Z,75.56000000,75.79000000,75.14000000,75.25000000,77826.11400000,5864891.96667000,27895,35534.12800000,2677961.74537000
2026-07-01T06:00Z,75.24000000,75.28000000,73.96000000,74.31000000,137912.85300000,10271968.31510000,47657,68540.96700000,5105404.21749000
2026-07-01T07:00Z,74.32000000,74.96000000,74.10000000,74.87000000,117148.12600000,8732977.91844000,39713,63510.94000000,4734215.50604000
2026-07-01T08:00Z,74.87000000,75.52000000,74.46000000,75.44000000,111391.91900000,8341021.64216000,47001,55111.01400000,4127838.93318000
2026-07-01T09:00Z,75.44000000,75.58000000,75.05000000,75.45000000,166959.04800000,12569430.76271000,37913,81479.25800000,6133577.89060000
2026-07-01T10:00Z,75.46000000,75.57000000,74.97000000,74.99000000,78051.01400000,5876893.60999000,29668,37174.15300000,2799002.59680000
2026-07-01T11:00Z,74.99000000,75.32000000,74.64000000,74.84000000,137050.26400000,10264723.33400000,42275,67320.80600000,5042600.21511000
2026-07-01T12:00Z,74.84000000,74.96000000,74.27000000,74.62000000,148280.33600000,11055375.58045000,49475,73700.11700000,5495301.76544000
2026-07-01T13:00Z,74.61000000,76.34000000,74.61000000,76.04000000,314220.09000000,23701966.62520000,114370,179471.15000000,13545832.09109000
2026-07-01T14:00Z,76.04000000,77.27000000,75.64000000,76.97000000,381964.18500000,29252160.69115000,136693,215970.64100000,16533546.86192000
2026-07-01T15:00Z,76.97000000,77.80000000,76.82000000,77.43000000,207929.07800000,16078425.94367000,88936,104526.02500000,8082328.85044000
2026-07-01T16:00Z,77.43000000,78.25000000,76.91000000,77.17000000,227425.26800000,17649919.79789000,61074,110779.96100000,8599311.78480000
2026-07-01T17:00Z,77.17000000,77.98000000,76.85000000,77.77000000,109490.59400000,8482716.18354000,38914,55491.50000000,4300706.35242000
2026-07-01T18:00Z,77.77000000,77.91000000,77.29000000,77.42000000,88106.47800000,6838600.73690000,34493,36800.58100000,2856590.71268000
2026-07-01T19:00Z,77.42000000,77.69000000,76.80000000,77.00000000,78208.05900000,6042757.83613000,33279,30600.91900000,2364725.61023000
2026-07-01T20:00Z,77.01000000,77.51000000,76.59000000,77.42000000,91107.04600000,7016005.56713000,31003,45183.54900000,3479915.14389000
2026-07-01T21:00Z,77.43000000,78.70000000,77.43000000,78.42000000,143842.98100000,11234168.22266000,48335,77898.39200000,6084098.10072000
2026-07-01T22:00Z,78.41000000,78.96000000,77.77000000,77.87000000,152885.59200000,11982696.04937000,53786,82617.13000000,6476042.96630000
2026-07-01T23:00Z,77.86000000,77.90000000,77.26000000,77.46000000,107140.61900000,8311053.30004000,41479,53012.26700000,4112238.91509000
2026-07-02T00:00Z,77.46000000,77.46000000,76.90000000,77.26000000,99982.11300000,7721793.65850000,35942,52092.89300000,4023758.04430000
2026-07-02T01:00Z,77.27000000,78.71000000,77.23000000,78.20000000,88273.78900000,6889094.53230000,40912,50148.16000000,3913136.03519000
2026-07-02T02:00Z,78.20000000,78.60000000,77.80000000,78.44000000,63065.31100000,4935913.75267000,33622,32709.77300000,2560220.29585000
2026-07-02T03:00Z,78.44000000,78.96000000,77.76000000,78.72000000,189947.76300000,14886600.21030000,48931,79112.20800000,6209420.96720000
2026-07-02T04:00Z,78.71000000,78.72000000,78.06000000,78.29000000,74617.90700000,5848936.04182000,22879,34146.50900000,2677069.54395000
2026-07-02T05:00Z,78.28000000,78.36000000,77.79000000,78.11000000,51191.28500000,3997053.99199000,19697,21754.77600000,1698785.52617000
2026-07-02T06:00Z,78.11000000,78.64000000,77.74000000,77.90000000,89241.45000000,6973483.59719000,32492,41057.36500000,3209819.81400000
2026-07-02T07:00Z,77.91000000,78.20000000,77.59000000,77.99000000,78501.17700000,6111948.94894000,32425,40110.67700000,3123201.37247000
2026-07-02T08:00Z,78.00000000,78.52000000,77.94000000,78.48000000,81362.81500000,6368789.14389000,27701,46319.31200000,3625526.48514000
2026-07-02T09:00Z,78.48000000,79.80000000,78.29000000,79.50000000,280892.53000000,22224436.66977000,71360,162934.49900000,12893481.80261000
2026-07-02T10:00Z,79.49000000,82.18000000,79.43000000,82.09000000,546659.94500000,44208627.78353000,145563,308720.72800000,24973055.75846000
2026-07-02T11:00Z,82.09000000,82.78000000,81.51000000,82.38000000,451490.05600000,37135946.79002000,156648,239960.49600000,19740858.85468000
2026-07-02T12:00Z,82.37000000,82.45000000,81.12000000,81.41000000,342925.02000000,28042836.31047000,120313,152343.51500000,12461497.25274000
2026-07-02T13:00Z,81.40000000,81.99000000,80.72000000,81.51000000,271405.63700000,22110308.33786000,117967,136890.99500000,11154306.06586000
2026-07-02T14:00Z,81.50000000,81.53000000,80.12000000,80.54000000,225131.86800000,18174755.35009000,104998,108584.41700000,8764399.20616000
2026-07-02T15:00Z,80.54000000,80.92000000,80.09000000,80.86000000,106735.75100000,8600930.15189000,55033,60578.97800000,4881445.86063000
2026-07-02T16:00Z,80.87000000,81.11000000,80.15000000,80.56000000,130433.90700000,10513528.94587000,56910,71097.02600000,5730764.61938000
2026-07-02T17:00Z,80.55000000,81.24000000,80.51000000,80.63000000,181782.19800000,14699354.97252000,49552,110334.72200000,8921051.17610000
2026-07-02T18:00Z,80.64000000,81.26000000,80.64000000,81.04000000,75834.33000000,6142404.15113000,32761,37915.13200000,3071272.53832000
2026-07-02T19:00Z,81.04000000,81.32000000,80.80000000,80.83000000,72905.77600000,5905403.64260000,32394,41020.62600000,3322995.63680000
2026-07-02T20:00Z,80.84000000,81.11000000,80.58000000,81.03000000,71255.41800000,5755325.62948000,20289,35090.29900000,2835149.12827000
2026-07-02T21:00Z,81.03000000,81.17000000,80.50000000,80.80000000,39918.89900000,3228129.76748000,17963,21670.79300000,1752358.37755000
2026-07-02T22:00Z,80.79000000,80.89000000,80.41000000,80.66000000,89672.33700000,7228807.71400000,26171,32974.00500000,2658664.45750000
2026-07-02T23:00Z,80.66000000,80.78000000,80.50000000,80.73000000,37276.52800000,3006228.16916000,21053,17862.51800000,1440487.33743000
2026-07-03T00:00Z,80.72000000,80.92000000,80.52000000,80.75000000,62314.82400000,5032898.73352000,31398,30308.34700000,2447948.33770000
2026-07-03T01:00Z,80.74000000,81.69000000,80.71000000,81.48000000,80882.38100000,6575672.34263000,34097,47543.23600000,3863837.82645000
2026-07-03T02:00Z,81.49000000,81.68000000,80.66000000,80.82000000,57374.16300000,4657698.53750000,28731,26175.75100000,2125780.48708000
2026-07-03T03:00Z,80.81000000,80.98000000,80.34000000,80.73000000,62469.67100000,5040908.43104000,27246,35322.48600000,2850240.96636000
2026-07-03T04:00Z,80.72000000,80.81000000,80.44000000,80.51000000,54434.02400000,4387728.82952000,17947,24991.27100000,2015009.37119000
2026-07-03T05:00Z,80.50000000,81.26000000,80.47000000,81.15000000,46309.42000000,3745520.45555000,26287,26440.07000000,2138077.56698000
2026-07-03T06:00Z,81.16000000,81.39000000,80.73000000,80.96000000,88714.08100000,7190256.82844000,28225,38937.10000000,3155356.71802000
2026-07-03T07:00Z,80.97000000,81.51000000,80.83000000,81.22000000,55121.27400000,4475958.33088000,22829,25153.08400000,2042284.93441000
2026-07-03T08:00Z,81.23000000,81.53000000,80.84000000,80.92000000,80455.14600000,6530176.92625000,33304,40674.90800000,3301094.20029000
2026-07-03T09:00Z,80.91000000,81.30000000,80.67000000,81.02000000,70838.60100000,5734127.58198000,31974,34402.06900000,2784913.11016000
2026-07-03T10:00Z,81.02000000,81.88000000,80.87000000,81.54000000,121888.58400000,9920698.43233000,41292,67304.87500000,5479043.38371000
2026-07-03T11:00Z,81.55000000,81.71000000,81.25000000,81.58000000,76519.84000000,6236078.48649000,37207,27657.72800000,2254770.12761000
2026-07-03T12:00Z,81.57000000,81.78000000,81.23000000,81.53000000,81760.05500000,6658483.33806000,31424,30828.56000000,2511176.14815000
2026-07-03T13:00Z,81.54000000,81.85000000,81.43000000,81.61000000,70317.39500000,5740071.66157000,29774,41096.36700000,3355162.39433000
2026-07-03T14:00Z,81.61000000,81.84000000,80.91000000,81.69000000,77681.25800000,6318780.61597000,44319,34319.09400000,2792539.45265000
2026-07-03T15:00Z,81.69000000,82.06000000,81.15000000,81.21000000,90757.54500000,7398611.37472000,44462,51946.28800000,4234197.75617000
2026-07-03T16:00Z,81.21000000,81.57000000,81.08000000,81.54000000,45739.96600000,3720236.54247000,22967,20984.45700000,1707055.27810000
2026-07-03T17:00Z,81.54000000,81.98000000,81.47000000,81.78000000,58286.51700000,4764654.72002000,21729,29737.51500000,2430778.03317000
2026-07-03T18:00Z,81.79000000,82.37000000,81.63000000,82.12000000,78448.81900000,6428931.49582000,24088,41233.55500000,3380313.35756000
2026-07-03T19:00Z,82.12000000,83.22000000,82.08000000,82.48000000,161096.19400000,13324094.85047000,48839,85026.34800000,7032180.70587000
2026-07-03T20:00Z,82.47000000,83.00000000,82.24000000,82.72000000,106115.34100000,8763652.46615000,50006,56363.61000000,4654158.02091000
2026-07-03T21:00Z,82.72000000,83.05000000,82.16000000,82.66000000,61940.77000000,5115340.38309000,33143,29059.40700000,2400096.57489000
2026-07-03T22:00Z,82.67000000,82.68000000,82.25000000,82.34000000,39911.66500000,3289225.44615000,19697,19310.82700000,1591578.39964000
2026-07-03T23:00Z,82.35000000,82.51000000,82.18000000,82.34000000,39839.84900000,3281596.17175000,16239,19318.64600000,1591248.08980000
2026-07-04T00:00Z,82.35000000,82.74000000,82.26000000,82.39000000,58520.84500000,4829117.18986000,25381,29198.11400000,2409571.51713000
2026-07-04T01:00Z,82.39000000,82.39000000,81.80000000,81.95000000,69235.89200000,5678351.60793000,27361,25117.04900000,2059918.10511000
2026-07-04T02:00Z,81.94000000,82.40000000,81.90000000,82.18000000,32896.71900000,2700098.21847000,15801,18418.48900000,1511862.00237000
2026-07-04T03:00Z,82.18000000,82.85000000,82.05000000,82.74000000,153657.82700000,12663248.62889000,25222,95548.34000000,7873765.44855000
2026-07-04T04:00Z,82.74000000,83.98000000,82.66000000,83.48000000,162634.45500000,13569949.80584000,54306,83968.43100000,7002882.51511000
2026-07-04T05:00Z,83.47000000,83.49000000,82.90000000,83.38000000,83305.77500000,6935405.40306000,31703,42857.83700000,3568377.81148000
2026-07-04T06:00Z,83.38000000,83.59000000,82.39000000,82.55000000,226691.07400000,18792018.64901000,39382,62210.44100000,5154275.79953000
2026-07-04T07:00Z,82.55000000,82.83000000,82.26000000,82.72000000,68091.52400000,5617195.08748000,22770,32662.47800000,2694385.55516000
2026-07-04T08:00Z,82.72000000,82.78000000,82.25000000,82.32000000,69486.76900000,5732513.18762000,25239,40649.36700000,3353340.93408000
2026-07-04T09:00Z,82.31000000,82.34000000,81.61000000,81.74000000,88799.72400000,7275287.06979000,34047,39236.76900000,3214371.87312000
2026-07-04T10:00Z,81.74000000,81.94000000,81.42000000,81.65000000,62870.63900000,5133790.19432000,18269,30864.81200000,2520514.34060000
2026-07-04T11:00Z,81.64000000,81.93000000,81.53000000,81.82000000,71552.89200000,5850770.40916000,16606,33187.13100000,2714456.89871000
2026-07-04T12:00Z,81.82000000,82.00000000,81.36000000,81.59000000,67204.92700000,5486408.05182000,19155,32405.79900000,2645585.28017000
2026-07-04T13:00Z,81.59000000,81.92000000,81.39000000,81.66000000,45424.28100000,3706543.07878000,22624,23242.53200000,1896842.87773000
2026-07-04T14:00Z,81.65000000,81.87000000,81.55000000,81.80000000,45005.88500000,3678173.31265000,21320,24683.65600000,2017153.03895000
2026-07-04T15:00Z,81.80000000,82.42000000,81.72000000,82.23000000,96810.21700000,7953132.41058000,47101,50449.73400000,4145140.43969000
2026-07-04T16:00Z,82.24000000,82.39000000,82.00000000,82.22000000,52344.21700000,4303699.26464000,25771,26285.54300000,2161365.79573000
2026-07-04T17:00Z,82.21000000,82.83000000,81.90000000,82.52000000,95043.36300000,7832251.18363000,38269,51713.35300000,4263276.92831000
2026-07-04T18:00Z,82.53000000,82.62000000,82.10000000,82.27000000,50845.90000000,4187065.04545000,21525,25354.44200000,2087655.96456000
2026-07-04T19:00Z,82.27000000,82.34000000,81.71000000,81.88000000,61567.92800000,5044705.50121000,23579,25255.88300000,2069482.58066000
2026-07-04T20:00Z,81.88000000,82.29000000,81.58000000,81.98000000,63181.48200000,5174999.62198000,22906,38439.67700000,3149141.29516000
2026-07-04T21:00Z,81.99000000,82.23000000,81.85000000,82.00000000,29808.96800000,2444393.60600000,13817,15512.10400000,1271881.58901000
2026-07-04T22:00Z,81.99000000,82.04000000,81.79000000,81.94000000,18657.32500000,1527914.29067000,11469,9771.29300000,800283.07818000
2026-07-04T23:00Z,81.93000000,81.94000000,81.45000000,81.80000000,80151.83400000,6552995.39186000,19568,25834.29500000,2111398.44334000
2026-07-05T00:00Z,81.80000000,81.84000000,81.12000000,81.30000000,69479.95100000,5655702.40871000,23665,28877.77900000,2350693.00397000
2026-07-05T01:00Z,81.31000000,81.46000000,80.54000000,80.84000000,134936.55800000,10929882.37472000,33188,62881.96200000,5094693.07843000
2026-07-05T02:00Z,80.85000000,80.89000000,80.20000000,80.36000000,84342.82000000,6788447.00696000,29805,37077.52400000,2985017.25703000
2026-07-05T03:00Z,80.37000000,80.61000000,80.35000000,80.56000000,41507.31400000,3341125.61688000,14727,22321.29500000,1796765.88754000
2026-07-05T04:00Z,80.56000000,80.87000000,80.41000000,80.60000000,42993.24100000,3467509.50156000,15310,23991.79600000,1935490.02158000
2026-07-05T05:00Z,80.59000000,80.59000000,80.24000000,80.48000000,33560.91500000,2700618.93050000,13872,13623.05500000,1096191.65230000
2026-07-05T06:00Z,80.48000000,80.67000000,80.34000000,80.60000000,30317.29200000,2441282.19828000,11797,15924.51000000,1282398.18285000
2026-07-05T07:00Z,80.60000000,80.77000000,80.37000000,80.72000000,34536.57200000,2782406.23218000,12531,15213.69800000,1225860.98324000
2026-07-05T08:00Z,80.72000000,80.87000000,80.46000000,80.50000000,44572.81700000,3593149.24929000,13716,22395.25400000,1805288.75881000
2026-07-05T09:00Z,80.50000000,80.55000000,79.68000000,79.90000000,95986.94100000,7681401.18622000,30624,38874.57400000,3109746.75729000
2026-07-05T10:00Z,79.90000000,80.45000000,79.75000000,80.44000000,61161.69000000,4902399.95493000,17275,28977.90800000,2322555.83161000
2026-07-05T11:00Z,80.44000000,80.66000000,80.36000000,80.57000000,42339.19700000,3409458.64268000,14010,18215.89100000,1466834.45330000
2026-07-05T12:00Z,80.57000000,81.32000000,80.37000000,80.76000000,91543.40200000,7401913.09253000,27348,56358.56100000,4555486.67361000
2026-07-05T13:00Z,80.76000000,81.25000000,80.69000000,81.25000000,56120.09400000,4545144.07919000,17821,33812.46200000,2738727.55878000
2026-07-05T14:00Z,81.25000000,81.60000000,81.03000000,81.46000000,58191.79100000,4729751.16511000,24009,32471.93200000,2639460.34048000
2026-07-05T15:00Z,81.45000000,81.75000000,81.12000000,81.36000000,43155.88800000,3512517.01252000,25044,20792.25100000,1692414.22363000
2026-07-05T16:00Z,81.36000000,81.54000000,80.91000000,81.10000000,53830.87000000,4372689.61333000,20627,21843.39100000,1774354.02353000
2026-07-05T17:00Z,81.09000000,81.38000000,81.01000000,81.14000000,33068.05200000,2683566.55446000,18277,16197.96800000,1314535.66771000
2026-07-05T18:00Z,81.14000000,81.27000000,81.00000000,81.01000000,19898.95800000,1615114.40084000,12101,8608.24100000,698808.02645000
2026-07-05T19:00Z,81.01000000,81.13000000,80.81000000,81.04000000,43057.02700000,3486420.91673000,15536,27881.16800000,2257257.37092000
2026-07-05T20:00Z,81.04000000,81.18000000,80.96000000,81.07000000,19029.15400000,1542224.14790000,10643,11115.65900000,900852.13488000
2026-07-05T21:00Z,81.08000000,82.22000000,80.79000000,81.80000000,79328.09000000,6473012.89884000,43397,39410.26000000,3217284.51517000
2026-07-05T22:00Z,81.80000000,82.43000000,81.65000000,81.82000000,129910.54100000,10658220.30095000,54828,68750.73800000,5641087.40569000
2026-07-05T23:00Z,81.82000000,82.08000000,81.44000000,81.59000000,62612.96400000,5118099.34923000,31401,29212.88100000,2388489.64300000
2026-07-06T00:00Z,81.59000000,82.24000000,81.11000000,82.20000000,76464.00400000,6245443.97439000,48454,41306.14700000,3376241.19904000
2026-07-06T01:00Z,82.20000000,82.33000000,81.48000000,81.55000000,57155.66900000,4682854.59589000,34574,25935.10100000,2125516.50187000
2026-07-06T02:00Z,81.54000000,81.68000000,80.82000000,81.01000000,108512.70200000,8820584.91343000,43632,64635.06200000,5254945.66936000
2026-07-06T03:00Z,81.01000000,81.05000000,80.45000000,80.80000000,63018.98500000,5088316.58745000,29820,34638.02100000,2797566.09018000
2026-07-06T04:00Z,80.80000000,81.02000000,80.70000000,80.82000000,62372.52400000,5046087.35056000,19065,29512.38600000,2387380.65641000
2026-07-06T05:00Z,80.81000000,80.82000000,80.15000000,80.42000000,53010.58100000,4264865.93374000,25810,27651.20900000,2224420.31963000
2026-07-06T06:00Z,80.42000000,80.53000000,80.26000000,80.35000000,37071.64000000,2979917.93524000,18465,20561.68100000,1652703.67268000
2026-07-06T07:00Z,80.36000000,81.02000000,80.27000000,80.82000000,70798.67300000,5709804.08697000,21698,38539.11000000,3108555.95131000
2026-07-06T08:00Z,80.83000000,81.08000000,80.30000000,80.49000000,49045.97700000,3955071.78989000,21320,24793.47700000,1999366.27397000
2026-07-06T09:00Z,80.49000000,80.50000000,80.06000000,80.08000000,49014.90400000,3935140.12399000,19934,28191.23500000,2263477.38051000
2026-07-06T10:00Z,80.07000000,80.71000000,80.06000000,80.67000000,66359.70300000,5332555.05156000,20377,42262.48700000,3394757.87731000
2026-07-06T11:00Z,80.66000000,81.00000000,80.38000000,80.39000000,57350.22300000,4633053.34238000,21191,28964.46400000,2340627.36120000
2026-07-06T12:00Z,80.39000000,80.64000000,79.27000000,79.46000000,252460.46000000,20186641.27603000,116274,110754.58200000,8859996.88088000
2026-07-06T13:00Z,79.46000000,80.91000000,79.23000000,80.16000000,199929.19700000,15963553.02453000,97513,120978.06100000,9652172.55753000
2026-07-06T14:00Z,80.17000000,80.79000000,79.86000000,80.29000000,113912.29100000,9142694.78305000,69548,56761.88800000,4557319.23042000
2026-07-06T15:00Z,80.30000000,81.54000000,80.29000000,81.50000000,158256.05900000,12814074.33623000,75725,86642.27600000,7018782.92760000
2026-07-06T16:00Z,81.50000000,82.40000000,81.29000000,82.10000000,225823.93400000,18499972.04883000,75130,121758.76700000,9976751.53332000
2026-07-06T17:00Z,82.10000000,82.19000000,81.45000000,81.65000000,81411.15000000,6666262.64716000,39455,40675.62300000,3329639.89883000
2026-07-06T18:00Z,81.64000000,82.30000000,81.31000000,81.99000000,149312.05800000,12225593.93925000,42605,104888.34600000,8589423.50425000
2026-07-06T19:00Z,81.99000000,82.18000000,81.81000000,82.07000000,69461.11600000,5696352.12069000,25615,42184.89600000,3459792.67155000
2026-07-06T20:00Z,82.08000000,82.25000000,81.68000000,82.10000000,42002.28900000,3439715.46512000,19030,20088.69500000,1645880.07048000
2026-07-06T21:00Z,82.10000000,83.74000000,82.06000000,82.82000000,229534.24500000,19026476.42973000,78825,130350.54700000,10809699.93501000
2026-07-06T22:00Z,82.83000000,82.88000000,82.25000000,82.32000000,69758.17000000,5758421.41158000,23011,33507.49000000,2766293.21966000
2026-07-06T23:00Z,82.33000000,82.43000000,81.91000000,81.94000000,51571.08600000,4235241.66499000,25721,20164.83400000,1656187.39865000
2026-07-07T00:00Z,81.94000000,82.50000000,81.82000000,82.36000000,86146.14500000,7085581.88021000,29628,56015.37100000,4608751.78060000
2026-07-07T01:00Z,82.36000000,82.37000000,81.81000000,81.90000000,48516.33500000,3979552.60523000,25520,23374.51700000,1917521.12686000
2026-07-07T02:00Z,81.90000000,81.99000000,81.29000000,81.35000000,46660.55300000,3807719.44432000,22933,22762.54800000,1857722.74020000
2026-07-07T03:00Z,81.36000000,81.48000000,80.97000000,81.05000000,56727.77800000,4605975.02814000,22073,28132.01100000,2284795.55272000
2026-07-07T04:00Z,81.05000000,81.10000000,80.65000000,80.92000000,57179.65000000,4624717.43314000,22775,32776.06300000,2650874.23466000
2026-07-07T05:00Z,80.91000000,81.22000000,80.46000000,81.11000000,76897.66700000,6216020.06720000,24870,41655.57400000,3367537.30449000
2026-07-07T06:00Z,81.11000000,81.64000000,80.81000000,81.54000000,66490.69600000,5398300.93872000,21012,28181.45700000,2288644.46670000
2026-07-07T07:00Z,81.55000000,81.76000000,81.35000000,81.50000000,70326.79200000,5736516.16793000,19827,33077.51800000,2698382.45003000
2026-07-07T08:00Z,81.51000000,81.60000000,81.21000000,81.28000000,115628.84200000,9414599.82441000,24539,57720.13500000,4699301.74255000
2026-07-07T09:00Z,81.28000000,81.49000000,81.14000000,81.31000000,61966.22500000,5036877.61016000,20197,28866.35900000,2346433.35614000
2026-07-07T10:00Z,81.31000000,81.59000000,80.93000000,80.99000000,77915.60700000,6325731.49657000,31204,44359.71300000,3601349.11082000
2026-07-07T11:00Z,80.99000000,81.40000000,80.76000000,81.32000000,55060.77200000,4461732.61908000,23725,26852.63100000,2176421.95761000
2026-07-07T12:00Z,81.32000000,82.00000000,81.30000000,81.45000000,109334.51700000,8932056.98252000,45214,44543.87600000,3638825.88814000
2026-07-07T13:00Z,81.45000000,81.62000000,80.66000000,80.84000000,124183.56400000,10067108.40656000,84396,74636.39400000,6049622.42353000
2026-07-07T14:00Z,80.85000000,81.92000000,80.51000000,81.81000000,131754.05200000,10680071.94604000,89996,64431.29100000,5225461.43754000
2026-07-07T15:00Z,81.81000000,82.36000000,81.50000000,82.11000000,124871.50800000,10235637.47429000,68192,60476.38000000,4957558.04122000
2026-07-07T16:00Z,82.11000000,82.57000000,81.82000000,82.22000000,81896.25200000,6731448.02634000,47744,43400.26000000,3568545.09858000
2026-07-07T17:00Z,82.21000000,82.79000000,82.09000000,82.72000000,60810.99100000,5014346.82371000,36061,32387.71600000,2671323.60188000
2026-07-07T18:00Z,82.73000000,82.73000000,81.24000000,81.30000000,68631.64600000,5632052.77131000,36908,29435.91200000,2416696.42620000
2026-07-07T19:00Z,81.30000000,81.56000000,80.78000000,81.37000000,101089.13300000,8207343.19487000,46766,58089.35500000,4716814.39725000
2026-07-07T20:00Z,81.38000000,81.49000000,81.01000000,81.17000000,37655.91000000,3060597.89474000,18034,17716.37800000,1439679.63454000
2026-07-07T21:00Z,81.17000000,81.42000000,80.57000000,80.84000000,77130.44500000,6235005.15163000,25822,32553.39000000,2632413.36916000
2026-07-07T22:00Z,80.83000000,81.10000000,80.34000000,80.88000000,71034.46100000,5733345.20700000,25618,34073.00800000,2751598.12678000
2026-07-07T23:00Z,80.87000000,81.15000000,80.51000000,80.58000000,51079.97600000,4134217.01472000,21990,22166.87600000,1793815.73977000
2026-07-08T00:00Z,80.58000000,80.78000000,80.35000000,80.37000000,92383.66400000,7445331.94654000,31375,48531.21900000,3911224.21926000
2026-07-08T01:00Z,80.37000000,80.42000000,78.82000000,79.10000000,168955.66800000,13435925.23290000,54719,65994.22300000,5241510.03622000
2026-07-08T02:00Z,79.09000000,79.18000000,78.22000000,79.06000000,145442.63000000,11464851.38402000,59952,67396.62400000,5312381.77481000
2026-07-08T03:00Z,79.07000000,79.34000000,78.62000000,78.73000000,65768.24300000,5199384.25633000,25735,34649.15500000,2740237.55508000
2026-07-08T04:00Z,78.73000000,78.93000000,78.35000000,78.64000000,47502.72600000,3737571.40331000,22820,18776.42200000,1478009.77719000
2026-07-08T05:00Z,78.65000000,78.82000000,78.35000000,78.42000000,75950.02800000,5969362.11818000,23712,41933.00500000,3296025.81085000
2026-07-08T06:00Z,78.43000000,78.46000000,77.95000000,78.23000000,105746.59500000,8270785.16097000,33658,46088.18800000,3605966.51628000
2026-07-08T07:00Z,78.23000000,78.34000000,77.80000000,78.28000000,174640.78300000,13628171.27290000,33709,108874.36700000,8494704.35252000
2026-07-08T08:00Z,78.29000000,78.43000000,76.90000000,77.25000000,201507.59500000,15610176.13909000,86116,85535.59200000,6628634.15967000
2026-07-08T09:00Z,77.26000000,77.49000000,77.01000000,77.19000000,78732.56500000,6082100.70171000,35167,35390.91200000,2734669.29811000
2026-07-08T10:00Z,77.19000000,77.50000000,76.94000000,77.33000000,66068.26500000,5102139.84916000,21052,33676.27900000,2601614.05997000
2026-07-08T11:00Z,77.33000000,77.71000000,77.08000000,77.56000000,75575.29400000,5847948.69001000,26311,44220.62500000,3421496.84396000
2026-07-08T12:00Z,77.56000000,77.66000000,77.02000000,77.03000000,67212.05400000,5202255.22423000,23424,33352.91200000,2582861.94317000
2026-07-08T13:00Z,77.03000000,77.47000000,76.64000000,77.31000000,196699.75700000,15144570.96089000,58255,74023.64400000,5703886.42149000
2026-07-08T14:00Z,77.30000000,77.42000000,76.71000000,77.11000000,113392.18900000,8739998.86246000,53020,50539.16300000,3896955.62817000
2026-07-08T15:00Z,77.11000000,77.15000000,76.29000000,76.75000000,104437.48400000,8004381.48595000,40659,45890.21100000,3516575.45095000
2026-07-08T16:00Z,76.76000000,77.36000000,76.76000000,77.29000000,75682.97300000,5832814.52816000,29212,45421.58600000,3500636.15412000
2026-07-08T17:00Z,77.29000000,77.68000000,77.04000000,77.13000000,77173.09500000,5969567.04791000,26352,42537.85900000,3291305.20558000
2026-07-08T18:00Z,77.13000000,77.36000000,76.82000000,77.14000000,40185.33700000,3099445.14373000,20473,22979.68800000,1772531.86830000
2026-07-08T19:00Z,77.15000000,77.49000000,76.95000000,77.42000000,49770.50500000,3842023.16554000,20588,26303.38900000,2030641.68139000
2026-07-08T20:00Z,77.42000000,77.57000000,77.05000000,77.17000000,37142.42900000,2869477.74931000,14846,15581.15600000,1203646.01970000
2026-07-08T21:00Z,77.18000000,77.35000000,76.93000000,77.26000000,30357.61700000,2342053.01152000,14699,17364.45100000,1339611.29812000
2026-07-08T22:00Z,77.26000000,77.59000000,77.18000000,77.55000000,43417.44300000,3359916.24035000,14323,22642.57300000,1752062.00678000
2026-07-08T23:00Z,77.54000000,77.95000000,77.43000000,77.83000000,37658.42100000,2924695.43527000,16246,21338.33200000,1657257.11518000
2026-07-09T00:00Z,77.83000000,77.90000000,77.52000000,77.71000000,53552.59800000,4160430.91085000,21513,31019.61100000,2409601.87893000
2026-07-09T01:00Z,77.72000000,78.78000000,77.25000000,77.35000000,116679.78100000,9104032.82481000,49691,54264.12000000,4237267.64732000
2026-07-09T02:00Z,77.35000000,77.84000000,76.98000000,77.07000000,64513.21400000,4992435.87609000,27508,33042.65500000,2558216.24917000
2026-07-09T03:00Z,77.06000000,77.41000000,76.71000000,77.38000000,53488.68200000,4125356.18889000,24238,30754.13000000,2372558.58200000
2026-07-09T04:00Z,77.39000000,78.04000000,77.22000000,77.99000000,49556.85300000,3844730.76744000,21414,20429.52500000,1586154.98029000
2026-07-09T05:00Z,77.98000000,78.40000000,77.74000000,78.40000000,77144.52100000,6019741.36419000,27644,42568.81800000,3322140.88110000
2026-07-09T06:00Z,78.40000000,78.62000000,78.11000000,78.49000000,68073.73900000,5337459.24523000,25792,38319.66800000,3005215.06801000
2026-07-09T07:00Z,78.50000000,78.83000000,78.14000000,78.21000000,90359.84700000,7081659.60253000,28828,43207.16100000,3386565.57408000
2026-07-09T08:00Z,78.22000000,78.41000000,77.96000000,78.11000000,56128.50800000,4387270.96923000,19845,25976.17500000,2030527.16552000
2026-07-09T09:00Z,78.11000000,78.18000000,77.86000000,78.14000000,44117.53700000,3442181.69031000,20347,19494.96200000,1521250.54380000
2026-07-09T10:00Z,78.13000000,78.22000000,77.52000000,77.68000000,83102.41400000,6478783.84796000,25763,32129.08200000,2504634.89686000
2026-07-09T11:00Z,77.69000000,77.78000000,77.32000000,77.61000000,50326.61000000,3901051.40686000,21425,19666.96200000,1524256.03999000
2026-07-09T12:00Z,77.61000000,78.21000000,77.41000000,77.64000000,153550.33700000,11937653.43747000,46499,70418.78100000,5475827.76829000
2026-07-09T13:00Z,77.64000000,78.49000000,77.35000000,78.22000000,87817.54100000,6841923.32129000,48392,40672.98600000,3169752.39948000
2026-07-09T14:00Z,78.22000000,78.35000000,77.58000000,77.88000000,63101.34700000,4913803.33765000,40468,36739.77800000,2860525.69973000
2026-07-09T15:00Z,77.88000000,78.20000000,77.51000000,77.63000000,54848.79200000,4267579.12653000,32340,25898.22200000,2015354.70890000
2026-07-09T16:00Z,77.63000000,77.81000000,77.26000000,77.69000000,53100.10000000,4117910.55796000,27753,30736.99400000,2383741.23537000
2026-07-09T17:00Z,77.69000000,78.16000000,77.63000000,78.06000000,51133.22600000,3983324.52783000,24201,23444.33600000,1826953.14678000
2026-07-09T18:00Z,78.06000000,78.43000000,78.00000000,78.19000000,51711.54000000,4044870.69542000,24936,26931.10700000,2106694.51918000
2026-07-09T19:00Z,78.20000000,78.32000000,77.91000000,78.15000000,29760.19000000,2324937.48550000,16273,15794.62600000,1233837.34299000
2026-07-09T20:00Z,78.16000000,78.32000000,77.98000000,78.15000000,24332.18500000,1901384.00516000,12590,12587.24500000,983730.41964000
2026-07-09T21:00Z,78.16000000,78.29000000,77.90000000,78.04000000,28433.06100000,2219658.59218000,11877,14773.33200000,1153145.72620000
2026-07-09T22:00Z,78.05000000,78.29000000,77.99000000,78.11000000,25710.48800000,2009409.65617000,12688,13643.03900000,1066322.23866000
2026-07-09T23:00Z,78.11000000,78.21000000,77.74000000,78.04000000,27894.72300000,2175295.92209000,15987,11266.26800000,878510.20466000
2026-07-10T00:00Z,78.05000000,78.16000000,77.79000000,78.12000000,40025.56400000,3121713.89024000,22354,15895.27100000,1239776.69993000
2026-07-10T01:00Z,78.12000000,79.45000000,77.94000000,79.05000000,103044.32100000,8119958.24589000,41470,57407.48700000,4526515.27581000
2026-07-10T02:00Z,79.06000000,79.16000000,78.83000000,79.05000000,60267.89800000,4760005.40232000,23821,34387.86000000,2715950.49980000
2026-07-10T03:00Z,79.05000000,79.13000000,78.73000000,79.07000000,89571.36000000,7065730.83637000,17536,57596.59700000,4543130.00352000
2026-07-10T04:00Z,79.07000000,79.11000000,78.84000000,78.97000000,35451.25100000,2801101.73940000,13525,18253.20300000,1442284.99823000
2026-07-10T05:00Z,78.97000000,79.37000000,78.87000000,79.18000000,105417.13200000,8332321.86061000,15823,51775.21400000,4092026.28782000
2026-07-10T06:00Z,79.18000000,79.24000000,78.86000000,78.92000000,38219.56300000,3020097.56981000,13431,17234.57000000,1362198.04998000
2026-07-10T07:00Z,78.92000000,79.08000000,78.75000000,78.87000000,39607.52100000,3124814.27788000,10734,16606.81600000,1310527.20179000
2026-07-10T08:00Z,78.87000000,79.42000000,78.81000000,79.20000000,89265.76400000,7075801.48490000,22535,49342.23400000,3910492.83705000
2026-07-10T09:00Z,79.19000000,79.38000000,78.95000000,79.22000000,69921.11700000,5538640.38192000,19308,36585.27200000,2898781.16047000
2026-07-10T10:00Z,79.23000000,79.68000000,79.15000000,79.39000000,65102.53600000,5170791.21630000,19541,39410.29900000,3130251.52771000
2026-07-10T11:00Z,79.40000000,79.52000000,79.18000000,79.36000000,45431.97600000,3606230.32667000,17194,24880.14200000,1975010.25594000
2026-07-10T12:00Z,79.37000000,79.56000000,78.90000000,78.92000000,65434.65800000,5184438.91481000,20735,31526.57600000,2498206.36064000
2026-07-10T13:00Z,78.92000000,79.35000000,78.77000000,78.99000000,83014.20000000,6558136.74817000,34860,48751.04200000,3851414.80928000
2026-07-10T14:00Z,78.98000000,78.98000000,77.07000000,77.91000000,417405.18100000,32535756.95966000,114981,190717.28800000,14859790.64688000
2026-07-10T15:00Z,77.90000000,78.36000000,77.78000000,78.14000000,82710.13600000,6461182.16730000,42084,45973.88700000,3591302.96621000
2026-07-10T16:00Z,78.15000000,78.26000000,77.66000000,78.14000000,61178.96300000,4770330.49020000,29581,33540.77900000,2615288.63972000
2026-07-10T17:00Z,78.14000000,78.17000000,77.58000000,77.59000000,81808.23600000,6365392.81934000,22648,37303.46400000,2902894.71950000
2026-07-10T18:00Z,77.58000000,77.91000000,77.33000000,77.53000000,70765.37100000,5491150.82922000,22517,35999.05300000,2793236.04093000
2026-07-10T19:00Z,77.52000000,78.05000000,77.45000000,77.89000000,43414.32900000,3379885.07815000,19683,24709.95700000,1923489.49009000
2026-07-10T20:00Z,77.90000000,77.99000000,77.71000000,77.76000000,34881.23400000,2715447.35925000,13349,21229.66700000,1652805.02522000
2026-07-10T21:00Z,77.75000000,78.11000000,77.73000000,78.00000000,31525.61300000,2457610.80759000,12784,22615.88100000,1762936.53431000
2026-07-10T22:00Z,78.00000000,78.25000000,77.94000000,78.17000000,62504.20700000,4880420.31803000,17151,36396.25100000,2841724.07690000
2026-07-10T23:00Z,78.17000000,78.18000000,77.93000000,78.13000000,37763.94400000,2948209.49218000,13261,21892.75100000,1709169.79139000
2026-07-11T00:00Z,78.14000000,78.14000000,77.79000000,77.85000000,42959.28500000,3347704.89489000,11695,21757.18300000,1695625.02564000
2026-07-11T01:00Z,77.85000000,78.07000000,77.47000000,77.54000000,57564.12200000,4476099.76013000,21707,25401.93800000,1975537.06573000
2026-07-11T02:00Z,77.54000000,77.83000000,77.49000000,77.78000000,52804.73200000,4101553.69708000,15870,28218.06800000,2191956.69324000
2026-07-11T03:00Z,77.78000000,77.88000000,77.60000000,77.79000000,35187.02400000,2736038.70222000,15561,17268.10500000,1342742.06650000
2026-07-11T04:00Z,77.80000000,77.86000000,77.65000000,77.74000000,28642.92700000,2227034.94320000,12394,14908.64600000,1159234.62391000
2026-07-11T05:00Z,77.74000000,77.98000000,77.60000000,77.90000000,36626.90600000,2849444.56319000,14211,12164.49600000,946496.41682000
2026-07-11T06:00Z,77.91000000,78.12000000,77.79000000,78.06000000,46872.82000000,3655298.62075000,20916,13781.97800000,1074677.47209000
2026-07-11T07:00Z,78.07000000,78.11000000,77.93000000,78.00000000,45980.87700000,3587434.57065000,14848,18518.16800000,1444719.02906000
2026-07-11T08:00Z,77.99000000,78.18000000,77.95000000,78.17000000,26548.00700000,2072402.36650000,11986,11274.98700000,880139.79872000
2026-07-11T09:00Z,78.16000000,78.34000000,77.83000000,77.84000000,39556.46900000,3089029.14928000,17053,16794.89900000,1311781.02568000
2026-07-11T10:00Z,77.84000000,78.11000000,77.75000000,78.05000000,51207.44200000,3989908.27505000,16944,35621.15600000,2775420.42960000
2026-07-11T11:00Z,78.05000000,78.15000000,77.99000000,78.13000000,25814.21900000,2015354.49456000,8742,14588.36000000,1138992.68660000
2026-07-11T12:00Z,78.13000000,78.21000000,77.95000000,78.08000000,25724.66600000,2008783.67380000,8823,14052.87600000,1097368.88887000
2026-07-11T13:00Z,78.09000000,78.45000000,78.03000000,78.18000000,32274.22900000,2523009.50233000,11400,17338.92900000,1355605.47912000
2026-07-11T14:00Z,78.17000000,78.74000000,78.17000000,78.50000000,43928.04800000,3447023.85473000,19175,24540.15900000,1925237.10673000
2026-07-11T15:00Z,78.50000000,78.88000000,77.97000000,78.38000000,107261.41500000,8413245.09978000,38023,57588.93300000,4519469.66227000
2026-07-11T16:00Z,78.39000000,78.40000000,77.63000000,77.94000000,289995.38800000,22616725.78390000,41306,187703.21500000,14634619.22565000
2026-07-11T17:00Z,77.93000000,78.19000000,77.82000000,78.09000000,47887.01600000,3734980.35187000,21636,33951.77900000,2647882.23160000
2026-07-11T18:00Z,78.08000000,78.31000000,78.00000000,78.08000000,45323.20200000,3540364.09257000,14726,19821.97000000,1548599.38860000
2026-07-11T19:00Z,78.08000000,78.15000000,77.88000000,78.15000000,40047.64200000,3124049.40241000,12804,22887.42800000,1785415.27670000
2026-07-11T20:00Z,78.15000000,78.28000000,78.11000000,78.17000000,18030.69200000,1409737.40786000,6762,12214.94200000,955056.98605000
2026-07-11T21:00Z,78.17000000,78.32000000,78.13000000,78.23000000,33181.68300000,2596269.44180000,10205,20670.96100000,1617403.99994000
2026-07-11T22:00Z,78.23000000,78.27000000,77.75000000,77.89000000,42089.59800000,3282690.62049000,19175,19751.73700000,1540697.67152000
2026-07-11T23:00Z,77.89000000,77.93000000,76.77000000,76.79000000,125960.05800000,9723963.42559000,41205,53091.41800000,4098402.36752000
2026-07-12T00:00Z,76.79000000,76.88000000,75.65000000,76.11000000,140521.18800000,10712061.53272000,54971,59067.75600000,4500453.81149000
2026-07-12T01:00Z,76.10000000,76.88000000,76.04000000,76.84000000,68315.62000000,5228267.90558000,25878,37138.17800000,2842598.65849000
2026-07-12T02:00Z,76.83000000,76.92000000,76.63000000,76.86000000,37965.73800000,2915519.20229000,16328,21690.44900000,1665649.42847000
2026-07-12T03:00Z,76.86000000,77.09000000,76.75000000,77.04000000,67755.80300000,5212687.77342000,16435,31774.91600000,2444689.38262000
2026-07-12T04:00Z,77.05000000,77.08000000,76.61000000,76.71000000,36569.95200000,2810500.97282000,12988,14657.25000000,1126504.54230000
2026-07-12T05:00Z,76.71000000,76.83000000,76.38000000,76.44000000,32721.92000000,2505494.37683000,10836,12330.57200000,943919.22066000
2026-07-12T06:00Z,76.44000000,76.44000000,75.85000000,76.37000000,55318.34100000,4211070.36748000,22267,24211.97200000,1843598.32760000
2026-07-12T07:00Z,76.37000000,76.71000000,76.31000000,76.51000000,36837.44900000,2819623.30544000,11766,19909.62000000,1523834.01673000
2026-07-12T08:00Z,76.52000000,76.83000000,76.47000000,76.70000000,35106.01300000,2690556.31765000,12001,23185.48300000,1776731.55300000
2026-07-12T09:00Z,76.71000000,76.91000000,76.39000000,76.75000000,38331.34800000,2938290.67929000,13064,19706.36900000,1511271.71206000
2026-07-12T10:00Z,76.76000000,76.85000000,76.66000000,76.71000000,17467.21600000,1340610.19379000,8812,9199.19900000,706020.91522000
2026-07-12T11:00Z,76.72000000,77.28000000,76.53000000,76.95000000,40113.96400000,3087176.96673000,18692,19191.85500000,1476517.65767000
2026-07-12T12:00Z,76.94000000,77.24000000,76.78000000,77.19000000,56862.27500000,4380047.86151000,18997,33273.73700000,2562570.34565000
2026-07-12T13:00Z,77.19000000,77.49000000,77.13000000,77.15000000,46390.15000000,3586629.04636000,17942,24928.57200000,1927341.09557000
2026-07-12T14:00Z,77.16000000,77.71000000,76.97000000,77.55000000,60382.37500000,4668279.30436000,19386,35558.06700000,2749947.01061000
2026-07-12T15:00Z,77.55000000,77.62000000,77.28000000,77.46000000,56923.48900000,4407090.30708000,21862,24633.95800000,1907021.15327000
2026-07-12T16:00Z,77.47000000,77.67000000,77.38000000,77.54000000,49559.07400000,3842234.70499000,15893,20486.73100000,1588070.30512000
2026-07-12T17:00Z,77.55000000,77.61000000,77.23000000,77.35000000,19306.60500000,1495095.00213000,9993,8300.16000000,642731.95131000
2026-07-12T18:00Z,77.35000000,77.65000000,77.24000000,77.57000000,28119.63600000,2177732.04426000,11172,16158.41700000,1251505.98987000
2026-07-12T19:00Z,77.58000000,77.78000000,77.44000000,77.68000000,18703.97300000,1451298.66250000,9735,9586.01000000,743767.57830000
2026-07-12T20:00Z,77.67000000,77.71000000,77.44000000,77.46000000,13127.96100000,1018161.10971000,7831,5594.26700000,433869.33069000
2026-07-12T21:00Z,77.46000000,77.70000000,76.97000000,77.10000000,44216.03600000,3415787.90261000,17791,20156.09200000,1556778.63691000
2026-07-12T22:00Z,77.10000000,77.10000000,76.46000000,76.77000000,72297.14200000,5544822.69899000,39283,37061.37100000,2841929.58444000
2026-07-12T23:00Z,76.77000000,76.95000000,76.65000000,76.92000000,34101.69200000,2618075.46199000,14398,17939.92600000,1377464.48882000
2026-07-13T00:00Z,76.92000000,78.20000000,76.82000000,77.52000000,150612.79000000,11696868.71929000,74020,79756.28300000,6194061.78317000
2026-07-13T01:00Z,77.52000000,77.66000000,76.29000000,76.32000000,92200.46600000,7096499.80070000,52319,49390.87700000,3801742.07432000
2026-07-13T02:00Z,76.32000000,76.67000000,76.13000000,76.48000000,59194.65200000,4525512.62634000,36740,30296.81800000,2316378.58579000
2026-07-13T03:00Z,76.48000000,76.50000000,75.43000000,75.86000000,108422.12400000,8224118.93300000,49254,45721.23300000,3468440.55981000
2026-07-13T04:00Z,75.87000000,76.17000000,75.72000000,75.92000000,75432.49400000,5730816.92278000,25519,34867.05500000,2648946.94542000
2026-07-13T05:00Z,75.93000000,76.47000000,75.74000000,76.40000000,88725.33100000,6758452.68156000,30470,49676.99200000,3785015.36648000
2026-07-13T06:00Z,76.40000000,76.59000000,76.28000000,76.34000000,49233.86300000,3762302.09501000,20359,28665.58100000,2190754.43317000
2026-07-13T07:00Z,76.34000000,76.69000000,76.23000000,76.44000000,50502.84900000,3863236.73495000,18863,28556.15600000,2184230.55846000
2026-07-13T08:00Z,76.45000000,76.90000000,76.36000000,76.73000000,41703.12800000,3192080.48221000,18024,26644.19100000,2039463.08809000
2026-07-13T09:00Z,76.74000000,76.75000000,76.60000000,76.62000000,22876.29600000,1753962.38508000,9491,11952.89200000,916501.24512000
2026-07-13T10:00Z,76.63000000,76.63000000,76.10000000,76.29000000,49372.31700000,3768750.11630000,17354,22599.23900000,1724995.06945000
2026-07-13T11:00Z,76.29000000,76.59000000,76.28000000,76.34000000,50822.90800000,3882029.52923000,17150,16301.12200000,1245559.20789000
2026-07-13T12:00Z,76.35000000,76.41000000,75.74000000,75.85000000,66390.11500000,5044823.47134000,26288,32747.28500000,2488374.99353000
2026-07-13T13:00Z,75.85000000,75.95000000,75.11000000,75.40000000,95621.72800000,7219648.00633000,42944,46735.02900000,3529040.64658000
2026-07-13T14:00Z,75.40000000,76.18000000,75.34000000,76.16000000,103230.01100000,7822973.27740000,57575,51763.46800000,3923561.20149000
2026-07-13T15:00Z,76.16000000,76.31000000,75.75000000,75.81000000,53539.79700000,4070797.01614000,24797,26687.74900000,2028840.80061000
2026-07-13T16:00Z,75.82000000,76.04000000,75.20000000,75.30000000,43155.53200000,3259991.82423000,26284,20434.95000000,1544021.01209000
2026-07-13T17:00Z,75.30000000,75.47000000,74.52000000,74.59000000,102893.88300000,7711464.56960000,39240,41804.52600000,3132839.53344000
2026-07-13T18:00Z,74.60000000,75.04000000,74.57000000,74.86000000,49735.28800000,3720728.66699000,26089,24505.81100000,1833585.45650000
2026-07-13T19:00Z,74.87000000,75.25000000,74.75000000,75.20000000,47155.21200000,3534913.81623000,19665,26820.92600000,2011229.56349000
2026-07-13T20:00Z,75.19000000,75.35000000,74.59000000,74.80000000,49368.80300000,3700591.37055000,20636,21579.93800000,1617678.96110000
2026-07-13T21:00Z,74.81000000,74.81000000,74.10000000,74.42000000,69663.11800000,5183664.05811000,25587,32716.24800000,2434178.65584000
2026-07-13T22:00Z,74.41000000,74.75000000,74.40000000,74.52000000,39885.17300000,2976290.88396000,16483,22698.12900000,1694023.04017000
2026-07-13T23:00Z,74.52000000,75.02000000,74.41000000,75.01000000,38910.48400000,2907778.28867000,16388,21735.94000000,1624630.91984000
2026-07-14T00:00Z,75.02000000,75.49000000,74.83000000,75.45000000,72029.00100000,5413220.84801000,27268,43330.52600000,3256807.60130000
2026-07-14T01:00Z,75.45000000,75.56000000,75.22000000,75.30000000,41260.90900000,3108969.16493000,19283,19438.39500000,1464776.99362000
2026-07-14T02:00Z,75.31000000,75.33000000,74.87000000,75.08000000,37800.25200000,2840734.15040000,16803,18341.23400000,1378343.94452000
2026-07-14T03:00Z,75.08000000,75.17000000,74.56000000,75.15000000,32083.39000000,2401533.25006000,17580,17231.87700000,1289824.46239000
2026-07-14T04:00Z,75.15000000,75.34000000,75.04000000,75.15000000,33710.00900000,2534809.28589000,15262,17177.05000000,1291663.32445000
2026-07-14T05:00Z,75.16000000,75.48000000,75.10000000,75.42000000,31768.12500000,2393977.51653000,15271,18271.32700000,1376841.89309000
2026-07-14T06:00Z,75.41000000,75.44000000,75.10000000,75.16000000,53315.76500000,4012156.87903000,14348,18755.24400000,1411220.10899000
2026-07-14T07:00Z,75.16000000,75.26000000,74.91000000,74.97000000,40095.74500000,3010175.42809000,17140,22007.83700000,1652188.25906000
2026-07-14T08:00Z,74.98000000,75.39000000,74.85000000,75.16000000,33657.53100000,2528646.68182000,14558,18433.96900000,1384914.78002000
2026-07-14T09:00Z,75.16000000,75.31000000,74.88000000,75.08000000,30784.63400000,2311949.88171000,14048,17234.20300000,1293981.87403000
2026-07-14T10:00Z,75.08000000,75.60000000,74.96000000,75.47000000,51927.46300000,3908781.28938000,22524,26901.25900000,2024947.19191000
2026-07-14T11:00Z,75.48000000,75.62000000,75.34000000,75.40000000,71205.36200000,5375203.71514000,18205,36514.69900000,2756197.08123000
2026-07-14T12:00Z,75.40000000,76.98000000,75.19000000,76.86000000,291221.75800000,22157713.79075000,86253,162374.79600000,12357410.08002000
2026-07-14T13:00Z,76.86000000,77.73000000,76.50000000,76.94000000,254275.16900000,19599511.98851000,84357,133564.87000000,10295456.66389000
2026-07-14T14:00Z,76.94000000,77.50000000,76.68000000,77.35000000,125652.70500000,9674287.59040000,56585,72943.16000000,5616759.88777000
2026-07-14T15:00Z,77.35000000,77.95000000,77.18000000,77.38000000,163057.89600000,12634808.48211000,54357,94743.84300000,7341546.18961000
2026-07-14T16:00Z,77.39000000,77.65000000,77.12000000,77.28000000,63318.69100000,4900580.69484000,28639,33162.93000000,2566707.46381000
2026-07-14T17:00Z,77.29000000,77.30000000,76.81000000,77.18000000,60735.23800000,4680008.24314000,24740,25261.66700000,1946411.97356000
2026-07-14T18:00Z,77.18000000,77.34000000,77.00000000,77.29000000,43864.27600000,3385263.08999000,18408,22727.06400000,1754037.10251000
2026-07-14T19:00Z,77.30000000,77.53000000,77.11000000,77.17000000,50931.22200000,3936600.80694000,19362,24029.82400000,1857277.01187000
2026-07-14T20:00Z,77.18000000,77.22000000,76.93000000,77.18000000,35902.24600000,2765711.83456000,13915,14761.63100000,1137244.78594000
2026-07-14T21:00Z,77.18000000,77.41000000,77.13000000,77.21000000,39432.50400000,3046786.55286000,12401,18605.68600000,1437651.87249000
2026-07-14T22:00Z,77.22000000,77.95000000,77.10000000,77.62000000,89696.17100000,6960691.82510000,26026,53022.05000000,4114133.06447000
2026-07-14T23:00Z,77.63000000,77.92000000,77.55000000,77.87000000,50253.54000000,3907343.11550000,17117,33230.72000000,2584124.08334000
2026-07-15T00:00Z,77.87000000,77.92000000,77.47000000,77.66000000,47671.99400000,3703198.67443000,16767,21176.96600000,1645573.92390000
2026-07-15T01:00Z,77.67000000,77.82000000,77.28000000,77.44000000,61605.76700000,4777420.92390000,22000,32533.15900000,2522867.41283000
2026-07-15T02:00Z,77.43000000,77.59000000,77.03000000,77.29000000,74804.37700000,5777535.76708000,21443,37588.31800000,2902800.16327000
2026-07-15T03:00Z,77.30000000,77.90000000,77.23000000,77.78000000,47465.87800000,3681215.37024000,16043,32673.53700000,2533926.51613000
2026-07-15T04:00Z,77.78000000,78.18000000,77.54000000,78.02000000,55833.13500000,4350292.94786000,20703,33382.28400000,2601535.32623000
2026-07-15T05:00Z,78.02000000,78.33000000,77.65000000,78.26000000,75424.95300000,5881126.46819000,30196,41625.19400000,3245849.53600000
2026-07-15T06:00Z,78.26000000,78.70000000,77.94000000,77.94000000,167363.77600000,13113816.53843000,42049,85713.59800000,6715788.41264000
2026-07-15T07:00Z,77.95000000,78.01000000,77.40000000,77.42000000,54867.19800000,4263011.15804000,20062,24833.61300000,1929024.27195000
2026-07-15T08:00Z,77.42000000,77.62000000,77.23000000,77.58000000,62008.64900000,4801451.62373000,21028,37919.58300000,2936011.39553000
2026-07-15T09:00Z,77.57000000,77.91000000,77.43000000,77.49000000,38046.60900000,2955366.03674000,11572,19556.11300000,1519252.92401000
2026-07-15T10:00Z,77.49000000,77.71000000,77.23000000,77.37000000,49120.59200000,3802778.61084000,15304,26045.98300000,2016123.26931000
2026-07-15T11:00Z,77.37000000,77.53000000,77.34000000,77.52000000,37779.81300000,2925664.28005000,11709,20759.75100000,1607640.86939000
2026-07-15T12:00Z,77.53000000,78.31000000,77.26000000,78.28000000,125652.33900000,9779722.38428000,44286,77692.67600000,6047282.81706000
2026-07-15T13:00Z,78.28000000,79.04000000,77.71000000,78.11000000,253391.64100000,19908696.97610000,101690,130687.83300000,10269745.54291000
2026-07-15T14:00Z,78.11000000,78.39000000,77.78000000,78.22000000,98123.19900000,7663981.32707000,67541,54655.77300000,4269772.77554000
2026-07-15T15:00Z,78.22000000,78.25000000,77.76000000,78.07000000,100345.68900000,7834078.33155000,39686,50718.98900000,3960415.48068000
2026-07-15T16:00Z,78.06000000,78.12000000,77.07000000,77.63000000,115744.44400000,8976108.44890000,41146,63192.17900000,4900762.58677000
2026-07-15T17:00Z,77.63000000,78.05000000,77.50000000,77.82000000,63500.61300000,4936894.25757000,21928,31790.76100000,2471736.99089000
2026-07-15T18:00Z,77.82000000,78.09000000,77.51000000,77.58000000,47315.92400000,3685238.79569000,18572,27596.31600000,2149734.82887000
2026-07-15T19:00Z,77.59000000,77.69000000,76.94000000,77.18000000,82691.57500000,6389189.83294000,29994,47346.30400000,3658332.46900000
2026-07-15T20:00Z,77.18000000,77.54000000,77.10000000,77.38000000,30726.91800000,2376256.86458000,11496,17892.66300000,1383780.83364000
2026-07-15T21:00Z,77.38000000,77.52000000,77.24000000,77.41000000,32917.94100000,2546688.59475000,13830,18821.77800000,1456181.33512000
2026-07-15T22:00Z,77.41000000,77.74000000,77.30000000,77.48000000,36814.47100000,2854577.71599000,12784,18740.16600000,1453023.94567000
2026-07-15T23:00Z,77.48000000,77.61000000,77.21000000,77.29000000,30174.09300000,2335550.61066000,9755,13755.63800000,1064624.36824000
2026-07-16T00:00Z,77.28000000,77.48000000,76.70000000,76.95000000,65093.46600000,5015095.22024000,21303,28001.04000000,2157843.71694000
2026-07-16T01:00Z,76.94000000,77.15000000,76.70000000,77.09000000,64948.07400000,4997672.88844000,20584,31948.17700000,2458605.88825000
2026-07-16T02:00Z,77.09000000,77.15000000,76.86000000,77.13000000,28369.74400000,2185228.12196000,9171,14641.05700000,1127749.03893000
2026-07-16T03:00Z,77.13000000,77.28000000,76.81000000,76.95000000,53232.30300000,4100873.88286000,12093,19622.20400000,1511309.94759000
2026-07-16T04:00Z,76.95000000,77.02000000,76.59000000,76.81000000,56859.37500000,4368019.47884000,12778,24566.32400000,1887023.07998000
2026-07-16T05:00Z,76.82000000,77.52000000,76.74000000,77.48000000,66397.32100000,5131100.97282000,21206,32095.67100000,2479843.77128000
2026-07-16T06:00Z,77.49000000,77.64000000,77.12000000,77.35000000,54368.90600000,4209243.68973000,18167,22312.86000000,1727428.46803000
2026-07-16T07:00Z,77.35000000,77.35000000,76.14000000,76.41000000,156919.38000000,12002310.14409000,30672,80910.13000000,6185831.29349000
2026-07-16T08:00Z,76.42000000,76.48000000,75.64000000,76.16000000,169472.80400000,12883837.79326000,42047,73758.73700000,5609463.92606000
2026-07-16T09:00Z,76.16000000,76.26000000,75.99000000,76.02000000,55355.61800000,4213153.18094000,19243,32258.94800000,2455079.60483000
2026-07-16T10:00Z,76.03000000,76.35000000,76.01000000,76.21000000,26069.46000000,1986445.33378000,11567,13239.50200000,1008788.63418000
2026-07-16T11:00Z,76.21000000,76.29000000,76.04000000,76.28000000,43120.89600000,3284046.15311000,19429,21672.23000000,1650671.54769000
2026-07-16T12:00Z,76.27000000,76.29000000,75.69000000,75.93000000,82239.06300000,6251808.88974000,26817,46210.84300000,3514229.97311000
2026-07-16T13:00Z,75.92000000,76.63000000,75.91000000,76.36000000,86343.70800000,6590280.59158000,34045,45242.88500000,3453121.92283000
2026-07-16T14:00Z,76.36000000,76.80000000,76.19000000,76.49000000,66142.58600000,5063104.33229000,37332,36102.78700000,2764085.32826000
2026-07-16T15:00Z,76.50000000,76.86000000,76.00000000,76.63000000,63718.35400000,4874484.46267000,34019,32897.29600000,2516689.50872000
2026-07-16T16:00Z,76.63000000,76.63000000,76.10000000,76.27000000,41365.78300000,3157761.07161000,27921,19651.43100000,1500208.43355000
2026-07-16T17:00Z,76.27000000,76.27000000,75.39000000,75.61000000,90894.28800000,6892710.71930000,29197,42776.28200000,3243752.05036000
2026-07-16T18:00Z,75.62000000,75.92000000,75.43000000,75.74000000,61014.12000000,4618938.76706000,22253,31255.66900000,2365736.63402000
2026-07-16T19:00Z,75.73000000,75.94000000,75.62000000,75.81000000,40538.51800000,3073165.66881000,16765,20325.52100000,1540847.19090000
2026-07-16T20:00Z,75.80000000,75.90000000,75.70000000,75.80000000,19713.70100000,1494411.71324000,9449,10768.26200000,816325.16004000
2026-07-16T21:00Z,75.79000000,76.08000000,75.77000000,75.94000000,24126.56500000,1832551.67630000,9093,13273.87300000,1008142.29050000
2026-07-16T22:00Z,75.95000000,76.04000000,75.24000000,75.32000000,38814.83800000,2934085.50407000,14513,17510.82300000,1323849.88983000
2026-07-16T23:00Z,75.32000000,75.42000000,75.01000000,75.32000000,70335.80700000,5289835.01447000,25797,27622.99100000,2077708.19839000
2026-07-17T00:00Z,75.33000000,75.56000000,74.92000000,75.55000000,61959.45300000,4663546.28352000,21137,24469.89700000,1842749.07256000
2026-07-17T01:00Z,75.56000000,75.75000000,74.98000000,75.10000000,53980.09400000,4071278.73184000,21747,26051.41600000,1965656.56803000
2026-07-17T02:00Z,75.09000000,75.28000000,74.75000000,75.00000000,60917.52000000,4568593.55195000,23648,26184.23400000,1964018.88555000
2026-07-17T03:00Z,75.00000000,75.45000000,74.99000000,75.23000000,28547.11000000,2149235.44508000,13746,15047.76700000,1133049.43724000
2026-07-17T04:00Z,75.23000000,75.34000000,74.75000000,75.24000000,57934.70000000,4348876.54883000,16945,27739.78200000,2083257.20569000
2026-07-17T05:00Z,75.23000000,75.23000000,74.29000000,74.40000000,76026.50000000,5676799.10145000,26401,29698.51100000,2217042.52067000
2026-07-17T06:00Z,74.39000000,74.77000000,74.31000000,74.60000000,48343.23100000,3606052.60251000,20894,24243.08200000,1808435.12594000
2026-07-17T07:00Z,74.60000000,74.76000000,74.42000000,74.61000000,53882.31600000,4019109.94893000,17772,26602.16000000,1984115.64899000
2026-07-17T08:00Z,74.62000000,74.69000000,74.20000000,74.53000000,57543.24000000,4285464.44475000,20305,22715.17400000,1692283.63790000
2026-07-17T09:00Z,74.53000000,74.82000000,74.47000000,74.65000000,28292.69700000,2111934.62339000,12396,19073.36700000,1423845.33946000
2026-07-17T10:00Z,74.66000000,74.88000000,74.63000000,74.80000000,38575.96100000,2884564.14870000,14768,22276.05600000,1665861.46917000
2026-07-17T11:00Z,74.80000000,75.00000000,74.64000000,74.86000000,41451.53400000,3102581.56311000,12930,23496.99700000,1758826.85868000
2026-07-17T12:00Z,74.86000000,74.88000000,74.37000000,74.40000000,48894.81500000,3647456.04743000,15512,23267.12700000,1735554.20130000
2026-07-17T13:00Z,74.40000000,74.40000000,73.39000000,74.33000000,211034.55400000,15579354.13493000,76953,95707.74700000,7065310.15140000
2026-07-17T14:00Z,74.34000000,74.81000000,74.09000000,74.32000000,112199.42700000,8353784.85700000,55786,61560.76600000,4583667.82936000
2026-07-17T15:00Z,74.32000000,74.78000000,73.80000000,74.77000000,79182.48200000,5880702.01054000,40285,46172.97500000,3429591.47111000
2026-07-17T16:00Z,74.78000000,75.12000000,74.61000000,74.94000000,68877.71100000,5155862.70680000,31199,34363.98300000,2572514.96110000
2026-07-17T17:00Z,74.95000000,75.60000000,74.95000000,75.24000000,62078.65900000,4675676.77833000,29433,34523.27600000,2599993.33854000
2026-07-17T18:00Z,75.24000000,75.41000000,74.98000000,75.32000000,34049.59900000,2559791.92221000,21814,17514.99400000,1316708.49922000
2026-07-17T19:00Z,75.32000000,75.37000000,74.86000000,75.20000000,38983.10600000,2928620.45496000,19646,21135.47400000,1587738.02592000
2026-07-17T20:00Z,75.20000000,75.21000000,74.89000000,75.11000000,32625.44200000,2448577.03771000,13390,19727.95800000,1480750.20423000
2026-07-17T21:00Z,75.11000000,75.24000000,74.96000000,75.01000000,26405.71600000,1982688.55994000,9932,16010.85100000,1202423.93543000
2026-07-17T22:00Z,75.01000000,75.13000000,74.84000000,75.02000000,19069.92000000,1429625.35288000,10469,8750.39900000,655983.08216000
2026-07-17T23:00Z,75.03000000,75.14000000,74.85000000,75.04000000,20637.28800000,1547526.64393000,6456,10629.06400000,797115.94815000
2026-07-18T00:00Z,75.04000000,75.27000000,74.99000000,75.09000000,20031.21400000,1504808.33301000,7309,11039.17600000,829463.28328000
2026-07-18T01:00Z,75.10000000,75.24000000,75.04000000,75.23000000,21660.39600000,1627317.75499000,6490,13198.40200000,991830.05989000
2026-07-18T02:00Z,75.23000000,75.45000000,75.15000000,75.21000000,27213.66600000,2049387.89821000,9340,18871.22000000,1421255.32443000
2026-07-18T03:00Z,75.21000000,75.38000000,75.14000000,75.38000000,17634.65900000,1326771.87924000,7059,10232.88100000,769921.72325000
2026-07-18T04:00Z,75.37000000,75.39000000,75.05000000,75.10000000,18664.41300000,1403178.78459000,5729,10991.75000000,826316.40175000
2026-07-18T05:00Z,75.11000000,75.12000000,74.87000000,74.92000000,26531.73600000,1989730.76811000,13521,14654.64800000,1099016.15469000
2026-07-18T06:00Z,74.93000000,75.09000000,74.92000000,74.98000000,14717.25300000,1104002.69801000,6354,9234.77700000,692797.33690000
2026-07-18T07:00Z,74.98000000,75.05000000,74.90000000,74.97000000,25960.21900000,1945894.01363000,6050,14890.59500000,1116096.10296000
2026-07-18T08:00Z,74.97000000,75.04000000,74.79000000,74.96000000,25244.00400000,1891742.17394000,7490,16246.31300000,1217598.50048000
2026-07-18T09:00Z,74.96000000,75.01000000,74.66000000,74.85000000,27390.79000000,2048976.86152000,8048,12591.24100000,942053.56929000
2026-07-18T10:00Z,74.84000000,74.95000000,74.80000000,74.91000000,18490.98700000,1384423.50890000,5743,11611.89300000,869433.88615000
2026-07-18T11:00Z,74.91000000,75.02000000,74.89000000,74.97000000,15168.53300000,1136963.39432000,4738,7785.07300000,583546.10762000
2026-07-18T12:00Z,74.96000000,75.19000000,74.72000000,75.01000000,28522.92500000,2137652.63931000,10882,15269.60000000,1144657.49261000
2026-07-18T13:00Z,75.00000000,75.01000000,74.50000000,74.73000000,47164.34800000,3523845.08429000,19836,28605.52800000,2136870.90637000
2026-07-18T14:00Z,74.73000000,75.01000000,74.65000000,74.98000000,24448.01600000,1829372.38599000,11500,14022.34100000,1049151.86576000
2026-07-18T15:00Z,74.99000000,75.04000000,74.81000000,74.97000000,19994.63000000,1498351.40758000,8995,8417.38400000,630781.80154000
2026-07-18T16:00Z,74.96000000,75.29000000,74.84000000,75.17000000,50772.55900000,3813135.35613000,23113,17870.94300000,1342387.65467000
2026-07-18T17:00Z,75.17000000,75.41000000,75.06000000,75.35000000,51531.41600000,3877234.30236000,26046,19093.17500000,1436805.48456000
2026-07-18T18:00Z,75.36000000,75.67000000,75.18000000,75.29000000,60282.56800000,4543106.02197000,21192,26310.67700000,1983474.27454000
2026-07-18T19:00Z,75.28000000,75.45000000,75.23000000,75.44000000,15936.11200000,1200566.58475000,9188,7398.63500000,557428.26365000
2026-07-18T20:00Z,75.45000000,75.58000000,75.34000000,75.47000000,21091.68100000,1591538.65160000,8390,11584.69300000,874393.55797000
2026-07-18T21:00Z,75.47000000,75.64000000,75.35000000,75.49000000,26048.57800000,1966674.14168000,8767,14038.34400000,1060042.14691000
2026-07-18T22:00Z,75.48000000,75.61000000,75.39000000,75.57000000,30048.33400000,2269572.79763000,8115,21049.42500000,1590099.09571000
2026-07-18T23:00Z,75.57000000,75.60000000,75.40000000,75.52000000,16462.65800000,1243097.19359000,5639,9856.04300000,744196.54396000
2026-07-19T00:00Z,75.53000000,75.68000000,75.45000000,75.63000000,27362.28800000,2067067.82453000,6761,19179.57000000,1448988.58409000
2026-07-19T01:00Z,75.64000000,75.74000000,75.51000000,75.68000000,78324.54200000,5922220.00115000,9029,36323.91500000,2746257.04578000
2026-07-19T02:00Z,75.68000000,76.57000000,75.67000000,76.21000000,114697.43800000,8738539.96255000,31919,61822.01300000,4708665.83729000
2026-07-19T03:00Z,76.20000000,76.45000000,75.81000000,75.96000000,43953.32500000,3340936.28682000,13107,20235.63100000,1537909.58391000
2026-07-19T04:00Z,75.95000000,76.08000000,75.74000000,76.00000000,29404.94000000,2232107.94163000,8588,14157.09100000,1074734.89307000
2026-07-19T05:00Z,76.01000000,76.10000000,75.90000000,75.97000000,21801.01900000,1656716.21884000,5648,12894.60900000,979855.44424000
2026-07-19T06:00Z,75.98000000,76.17000000,75.95000000,76.11000000,80281.40500000,6105655.56498000,8825,38616.85600000,2936899.70884000
2026-07-19T07:00Z,76.12000000,76.34000000,76.01000000,76.14000000,72095.72100000,5491755.91612000,9164,40016.34000000,3048394.50786000
2026-07-19T08:00Z,76.14000000,76.38000000,76.08000000,76.28000000,57040.77900000,4348813.83753000,9716,29664.04000000,2261465.74992000
2026-07-19T09:00Z,76.28000000,76.31000000,75.93000000,75.99000000,33880.78600000,2578314.18961000,7759,16444.78800000,1251445.84910000
2026-07-19T10:00Z,75.99000000,76.53000000,75.90000000,76.26000000,35511.58700000,2706395.84069000,10377,21691.95800000,1653424.15231000
2026-07-19T11:00Z,76.26000000,76.41000000,76.04000000,76.06000000,45535.16200000,3470732.04962000,10532,23133.28300000,1763455.13875000
2026-07-19T12:00Z,76.07000000,76.18000000,75.76000000,76.01000000,60224.90000000,4575806.10025000,18726,30893.18900000,2347199.58905000
2026-07-19T13:00Z,76.02000000,76.15000000,75.88000000,76.12000000,34585.47700000,2628318.77958000,13120,18169.87300000,1380807.30288000
2026-07-19T14:00Z,76.12000000,76.70000000,76.05000000,76.43000000,57378.97700000,4383665.45143000,16992,32908.08000000,2513852.28011000
2026-07-19T15:00Z,76.43000000,76.48000000,76.08000000,76.21000000,32607.67000000,2486479.69356000,11980,15432.28000000,1176736.72559000
2026-07-19T16:00Z,76.22000000,76.29000000,75.87000000,75.92000000,31299.01400000,2380125.23786000,12601,13224.63400000,1005684.14087000
2026-07-19T17:00Z,75.92000000,76.23000000,75.59000000,75.97000000,64127.53100000,4870786.89929000,18873,31588.88700000,2400490.96052000
2026-07-19T18:00Z,75.96000000,75.98000000,75.37000000,75.75000000,56509.70200000,4272666.30281000,19754,22792.75100000,1723774.73376000
2026-07-19T19:00Z,75.76000000,75.89000000,75.63000000,75.88000000,25324.55000000,1919561.00987000,9664,12069.21800000,914879.36658000
2026-07-19T20:00Z,75.89000000,76.15000000,75.87000000,76.14000000,27280.97300000,2072732.46582000,8345,12561.14100000,954309.07767000
2026-07-19T21:00Z,76.14000000,76.24000000,75.71000000,75.78000000,34537.46500000,2624629.63662000,11124,15897.81000000,1208003.91247000
2026-07-19T22:00Z,75.78000000,76.42000000,75.63000000,76.10000000,60392.25900000,4595556.75289000,29857,28163.90100000,2142264.04443000
2026-07-19T23:00Z,76.10000000,76.57000000,75.88000000,76.38000000,52752.93600000,4023571.44761000,19705,27863.87000000,2125055.08525000
2026-07-20T00:00Z,76.38000000,77.12000000,76.13000000,76.57000000,142220.37500000,10915227.39920000,48457,77170.79800000,5922731.17597000
2026-07-20T01:00Z,76.57000000,77.40000000,76.29000000,76.39000000,94828.46300000,7287095.37413000,45309,48427.76100000,3721439.43336000
2026-07-20T02:00Z,76.39000000,77.20000000,76.37000000,76.98000000,57997.61900000,4454955.76149000,36228,30149.67700000,2315048.00657000
2026-07-20T03:00Z,76.98000000,77.09000000,76.54000000,76.76000000,35865.16300000,2754615.31127000,23048,20562.28800000,1579364.25294000
2026-07-20T04:00Z,76.76000000,76.95000000,76.30000000,76.46000000,41790.90900000,3202708.53036000,21133,19422.84200000,1488761.07083000
2026-07-20T05:00Z,76.46000000,76.50000000,75.78000000,75.92000000,76866.31900000,5842719.26606000,34033,31982.37800000,2432052.52419000
2026-07-20T06:00Z,75.93000000,76.05000000,75.50000000,75.64000000,78138.12700000,5922449.09746000,30698,29879.33700000,2265199.74975000
2026-07-20T07:00Z,75.64000000,76.25000000,75.54000000,76.22000000,57291.58700000,4347711.78005000,19615,23286.85100000,1767207.45945000
2026-07-20T08:00Z,76.22000000,76.44000000,75.90000000,76.15000000,73433.35900000,5592498.40591000,22686,29737.45000000,2264231.64609000
2026-07-20T09:00Z,76.16000000,76.75000000,76.08000000,76.47000000,64685.31000000,4950409.64095000,17507,34672.61600000,2653993.81858000
2026-07-20T10:00Z,76.47000000,76.69000000,76.34000000,76.34000000,32489.46800000,2484619.51824000,11998,16327.38900000,1248801.67888000
2026-07-20T11:00Z,76.35000000,77.24000000,76.31000000,77.14000000,112096.92400000,8616306.81222000,34223,58299.18200000,4479739.06496000
2026-07-20T12:00Z,77.14000000,77.15000000,76.67000000,76.75000000,67140.68500000,5160363.95391000,23370,34041.80100000,2616077.72509000
2026-07-20T13:00Z,76.75000000,77.14000000,76.14000000,76.29000000,91294.78500000,6998429.65702000,39235,40099.93800000,3075160.09516000
2026-07-20T14:00Z,76.29000000,76.47000000,75.79000000,76.15000000,111307.29800000,8480450.38926000,49554,58982.43500000,4494349.59411000
2026-07-20T15:00Z,76.16000000,77.92000000,76.11000000,77.76000000,195124.76200000,15079372.91882000,56163,117918.23000000,9114455.72885000
2026-07-20T16:00Z,77.77000000,77.88000000,77.45000000,77.66000000,94822.62400000,7364160.87441000,31622,39019.54600000,3030523.95923000
2026-07-20T17:00Z,77.66000000,77.91000000,77.36000000,77.74000000,65988.75700000,5122530.33442000,20842,32710.63000000,2539679.79935000
2026-07-20T18:00Z,77.75000000,78.38000000,77.60000000,77.67000000,141524.46800000,11041247.16496000,34218,77037.63600000,6010599.18354000
2026-07-20T19:00Z,77.66000000,77.73000000,77.29000000,77.63000000,87186.55300000,6760290.96355000,24454,45544.27800000,3531524.62069000
2026-07-20T20:00Z,77.64000000,78.05000000,77.54000000,77.88000000,46134.85800000,3591980.08285000,15317,28672.83300000,2233434.36683000
2026-07-20T21:00Z,77.88000000,78.03000000,77.74000000,77.74000000,44662.49600000,3480228.48578000,12297,16446.82400000,1281518.21535000
2026-07-20T22:00Z,77.74000000,77.84000000,77.44000000,77.44000000,31402.73200000,2437118.98640000,12619,12655.80800000,982166.08205000
2026-07-20T23:00Z,77.44000000,77.89000000,77.43000000,77.85000000,22907.21000000,1780077.22423000,9881,11751.40500000,913105.15203000
2026-07-21T00:00Z,77.85000000,78.29000000,77.75000000,78.12000000,41708.87700000,3254387.91868000,19380,21906.18200000,1709782.74920000
2026-07-21T01:00Z,78.11000000,78.22000000,77.83000000,77.84000000,36842.28300000,2873726.30489000,13633,17324.63100000,1351421.40575000
2026-07-21T02:00Z,77.84000000,78.25000000,77.66000000,78.02000000,24413.71600000,1902158.57737000,12681,13583.79600000,1058534.76972000
2026-07-21T03:00Z,78.03000000,78.55000000,78.02000000,78.19000000,56817.03800000,4448790.72636000,18384,29650.66100000,2321734.68901000
2026-07-21T04:00Z,78.20000000,78.39000000,78.02000000,78.13000000,59952.52800000,4685263.49192000,15420,30824.20700000,2408708.58830000
2026-07-21T05:00Z,78.12000000,78.67000000,78.11000000,78.45000000,53244.59200000,4173046.16076000,17495,30153.05300000,2363084.73130000
2026-07-21T06:00Z,78.46000000,78.88000000,78.30000000,78.67000000,76914.70300000,6047059.23475000,21355,44917.71400000,3531717.33203000
2026-07-21T07:00Z,78.67000000,78.75000000,78.48000000,78.56000000,63730.42800000,5009812.60263000,16385,34364.65000000,2701603.14669000
2026-07-21T08:00Z,78.57000000,78.75000000,78.34000000,78.36000000,80898.65400000,6350317.40236000,19543,38682.31600000,3036680.70351000
2026-07-21T09:00Z,78.37000000,78.51000000,78.15000000,78.43000000,54285.50900000,4250976.39753000,14073,29882.23100000,2340184.83462000
2026-07-21T10:00Z,78.43000000,78.49000000,78.07000000,78.22000000,53365.37100000,4180446.88362000,13810,28400.68900000,2225021.59340000
2026-07-21T11:00Z,78.22000000,78.43000000,78.10000000,78.36000000,49535.42100000,3874836.10029000,10829,22383.99600000,1751239.01879000
2026-07-21T12:00Z,78.36000000,78.55000000,78.27000000,78.52000000,48335.76900000,3790108.26875000,15402,25252.98300000,1980468.36917000
2026-07-21T13:00Z,78.53000000,78.64000000,78.21000000,78.58000000,66463.22900000,5213491.76774000,25043,28822.21500000,2260770.54493000
2026-07-21T14:00Z,78.58000000,78.64000000,77.90000000,78.00000000,130101.20800000,10182268.07275000,32389,65079.58000000,5093428.96366000
2026-07-21T15:00Z,78.01000000,78.16000000,77.79000000,78.14000000,80428.60100000,6269814.87591000,23793,41997.93600000,3274247.13891000
2026-07-21T16:00Z,78.15000000,78.25000000,77.97000000,78.19000000,38634.78600000,3017718.79608000,14460,17058.46400000,1332501.98623000
2026-07-21T17:00Z,78.20000000,78.24000000,77.42000000,77.72000000,70521.68000000,5484416.95824000,23511,30301.70100000,2356302.74442000
2026-07-21T18:00Z,77.72000000,78.00000000,77.60000000,77.85000000,30551.99000000,2378235.19965000,13547,13512.25800000,1052126.85753000
2026-07-21T19:00Z,77.86000000,78.00000000,77.71000000,77.87000000,46450.92600000,3616318.69009000,15208,23792.08800000,1852087.01239000
2026-07-21T20:00Z,77.86000000,78.11000000,77.80000000,77.91000000,31742.75100000,2474212.43304000,9067,11310.57600000,881670.55798000
2026-07-21T21:00Z,77.90000000,78.14000000,77.80000000,78.05000000,38934.84900000,3037765.78792000,12186,19642.18100000,1532610.61562000
2026-07-21T22:00Z,78.04000000,78.06000000,77.85000000,78.00000000,23978.20000000,1869861.48578000,9996,11392.62600000,888401.47056000
2026-07-21T23:00Z,77.99000000,78.20000000,77.81000000,78.12000000,25708.21100000,2005420.10938000,8232,11364.67000000,886338.65996000
2026-07-22T00:00Z,78.13000000,78.59000000,78.11000000,78.46000000,51416.65800000,4033110.91138000,17754,24013.44600000,1883339.47864000
2026-07-22T01:00Z,78.45000000,78.52000000,78.15000000,78.34000000,40447.47100000,3169833.63225000,14577,22643.60400000,1774763.63223000
2026-07-22T02:00Z,78.35000000,78.51000000,78.09000000,78.13000000,33521.62800000,2624517.65390000,14015,18079.61300000,1415646.59023000
2026-07-22T03:00Z,78.12000000,78.24000000,77.81000000,77.87000000,29868.79100000,2331227.03979000,12907,12604.58900000,983896.15570000
2026-07-22T04:00Z,77.87000000,78.23000000,77.83000000,78.06000000,78686.96400000,6145846.03565000,14423,40741.86500000,3181925.01521000
2026-07-22T05:00Z,78.06000000,78.08000000,77.41000000,77.43000000,84324.56500000,6552031.77543000,19273,37235.71800000,2893349.60087000
2026-07-22T06:00Z,77.43000000,77.50000000,77.01000000,77.29000000,80790.30600000,6239692.22773000,21912,40372.83500000,3118250.33145000
2026-07-22T07:00Z,77.30000000,77.32000000,77.00000000,77.10000000,49497.98000000,3818960.77664000,15211,21026.50000000,1622607.84622000
2026-07-22T08:00Z,77.11000000,77.52000000,77.06000000,77.43000000,49938.79900000,3860008.81678000,13321,22947.66100000,1773460.12634000
2026-07-22T09:00Z,77.43000000,77.59000000,77.29000000,77.55000000,43825.04500000,3393097.04831000,11879,24320.58100000,1883030.16834000
2026-07-22T10:00Z,77.56000000,77.74000000,77.45000000,77.68000000,53474.89400000,4147920.53255000,10267,26880.50100000,2085129.53917000
2026-07-22T11:00Z,77.68000000,77.82000000,77.48000000,77.56000000,56884.38300000,4417081.52039000,11441,29236.81700000,2270270.15490000
2026-07-22T12:00Z,77.56000000,77.57000000,77.02000000,77.24000000,57718.29000000,4458452.00342000,17323,27859.76500000,2151726.13483000
2026-07-22T13:00Z,77.24000000,77.95000000,77.14000000,77.87000000,96044.93800000,7456701.55655000,29148,58649.27900000,4553768.53756000
2026-07-22T14:00Z,77.87000000,78.47000000,77.40000000,77.90000000,99355.58300000,7740998.40258000,43427,59714.41400000,4654311.24540000
2026-07-22T15:00Z,77.90000000,78.85000000,77.90000000,78.47000000,120444.67400000,9455466.54922000,50764,55065.93300000,4320766.27164000
2026-07-22T16:00Z,78.46000000,78.81000000,78.10000000,78.58000000,76423.85200000,5998701.51846000,31723,33064.18600000,2595465.28410000
2026-07-22T17:00Z,78.57000000,78.65000000,78.15000000,78.21000000,46544.13600000,3648646.67700000,22121,24016.75900000,1882762.68061000
2026-07-22T18:00Z,78.22000000,78.29000000,77.46000000,77.74000000,73601.43600000,5723153.24759000,33756,42461.12400000,3300964.98278000
2026-07-22T19:00Z,77.75000000,77.81000000,77.31000000,77.66000000,50840.72100000,3944388.89578000,20614,23203.89900000,1800486.64225000
2026-07-22T20:00Z,77.66000000,77.96000000,77.58000000,77.80000000,38686.56100000,3008147.07677000,19917,19441.49300000,1511638.85079000
2026-07-22T21:00Z,77.80000000,78.08000000,77.68000000,78.02000000,24815.50600000,1933321.28287000,14938,12165.95000000,947831.76084000
2026-07-22T22:00Z,78.02000000,78.12000000,77.70000000,78.01000000,57888.02300000,4513580.61104000,20890,27410.16800000,2137246.12939000
2026-07-22T23:00Z,78.01000000,78.03000000,77.50000000,77.97000000,29610.96900000,2302235.56512000,15691,11339.62800000,881570.60691000
2026-07-23T00:00Z,77.97000000,78.54000000,77.97000000,78.27000000,81695.10100000,6400345.12701000,36030,30200.90900000,2365353.06041000
2026-07-23T01:00Z,78.27000000,78.41000000,77.87000000,77.90000000,36815.18400000,2875116.91781000,19942,16450.21200000,1284362.44937000
2026-07-23T02:00Z,77.90000000,77.90000000,77.40000000,77.76000000,58028.58800000,4504982.35482000,28628,39403.58500000,3059038.81708000
2026-07-23T03:00Z,77.76000000,77.79000000,77.47000000,77.60000000,24067.66400000,1867953.91984000,11915,11258.85200000,873842.40689000
2026-07-23T04:00Z,77.60000000,77.83000000,77.38000000,77.53000000,50125.41100000,3889643.71771000,12221,20515.93100000,1592666.20147000
2026-07-23T05:00Z,77.53000000,77.72000000,77.40000000,77.53000000,31751.76400000,2461408.10966000,9351,14187.74300000,1099865.34107000
2026-07-23T06:00Z,77.53000000,77.59000000,77.37000000,77.57000000,41875.87700000,3243799.46014000,8922,16854.40700000,1306079.58310000
2026-07-23T07:00Z,77.58000000,77.58000000,77.04000000,77.16000000,80186.86000000,6188918.33662000,20079,32972.29400000,2544557.81492000
2026-07-23T08:00Z,77.16000000,77.50000000,77.11000000,77.47000000,28996.01000000,2242343.29208000,9774,17081.82500000,1320810.52194000
2026-07-23T09:00Z,77.47000000,77.65000000,77.40000000,77.49000000,28715.22300000,2227152.98866000,9706,15489.45800000,1201431.04380000
2026-07-23T10:00Z,77.49000000,77.81000000,77.43000000,77.74000000,27480.23300000,2134718.95965000,8847,16214.23300000,1259332.73639000
2026-07-23T11:00Z,77.75000000,77.87000000,77.57000000,77.67000000,54206.68800000,4213121.32307000,12419,22825.16000000,1773904.43227000
2026-07-23T12:00Z,77.67000000,77.74000000,76.50000000,76.94000000,145824.70300000,11234257.59442000,44217,59599.48900000,4592057.04988000
2026-07-23T13:00Z,76.94000000,77.05000000,76.57000000,76.70000000,106880.04900000,8211159.75883000,48887,57059.59400000,4384314.95235000
2026-07-23T14:00Z,76.70000000,76.89000000,76.34000000,76.43000000,74047.13500000,5675206.56062000,33598,33508.40900000,2568324.10033000
2026-07-23T15:00Z,76.44000000,76.45000000,75.86000000,76.39000000,115003.15000000,8760133.66617000,38391,58925.88700000,4488879.53648000
2026-07-23T16:00Z,76.39000000,76.39000000,75.83000000,76.01000000,53233.21200000,4050113.42400000,20198,24589.73100000,1870777.77969000
2026-07-23T17:00Z,76.00000000,76.17000000,75.47000000,75.65000000,61167.22700000,4639345.14103000,22138,24937.48600000,1891725.71009000
2026-07-23T18:00Z,75.65000000,75.85000000,75.56000000,75.81000000,38326.21100000,2902682.00117000,16987,17242.26300000,1305846.95881000
2026-07-23T19:00Z,75.81000000,75.85000000,75.43000000,75.75000000,46737.96100000,3536134.60817000,16335,23213.93900000,1756025.57582000
2026-07-23T20:00Z,75.74000000,76.18000000,75.71000000,76.12000000,30168.21600000,2294235.39215000,10546,17946.24400000,1364723.63955000
2026-07-23T21:00Z,76.12000000,76.28000000,75.92000000,76.05000000,39843.91900000,3031186.88707000,11475,23391.64700000,1779654.58095000
2026-07-23T22:00Z,76.05000000,76.25000000,75.86000000,76.19000000,36336.12200000,2764307.99433000,12477,19419.27600000,1477583.65594000
2026-07-23T23:00Z,76.19000000,76.26000000,75.87000000,75.88000000,55139.41800000,4196252.08307000,11141,28532.80000000,2172253.77313000
2026-07-24T00:00Z,75.88000000,75.90000000,75.53000000,75.82000000,43222.25500000,3274101.14948000,18361,21725.54700000,1645825.35994000
2026-07-24T01:00Z,75.83000000,76.13000000,75.66000000,75.70000000,42561.10100000,3230472.75089000,16195,21613.08600000,1640385.74371000
2026-07-24T02:00Z,75.70000000,75.92000000,75.30000000,75.53000000,46804.63400000,3538660.15005000,16890,23174.97300000,1752547.81387000
2026-07-24T03:00Z,75.54000000,75.96000000,75.48000000,75.83000000,37385.31400000,2834409.25028000,14404,18591.06000000,1409499.68637000
2026-07-24T04:00Z,75.84000000,75.86000000,75.60000000,75.66000000,24433.56800000,1850452.19273000,8689,12160.82600000,920943.79238000
2026-07-24T05:00Z,75.66000000,75.92000000,75.59000000,75.80000000,41435.77100000,3140394.59713000,9759,19849.26700000,1504174.21701000
2026-07-24T06:00Z,75.80000000,76.02000000,75.73000000,75.85000000,26210.68300000,1988280.26079000,8464,15415.24800000,1169332.51880000
2026-07-24T07:00Z,75.85000000,76.45000000,75.78000000,76.07000000,63913.67600000,4865982.84412000,22174,27234.45700000,2073859.85631000
2026-07-24T08:00Z,76.08000000,76.11000000,75.71000000,75.78000000,44069.01800000,3344447.90864000,10018,19524.88000000,1482410.60451000
2026-07-24T09:00Z,75.78000000,75.83000000,75.36000000,75.62000000,97113.03400000,7339026.85680000,18486,31516.56400000,2381800.86606000
2026-07-24T10:00Z,75.62000000,75.65000000,75.38000000,75.49000000,43053.33200000,3251219.44833000,11374,17669.20400000,1334348.31419000
2026-07-24T11:00Z,75.49000000,75.51000000,74.97000000,75.20000000,76788.06100000,5773226.14455000,21657,38592.32700000,2902263.89348000
2026-07-24T12:00Z,75.20000000,75.30000000,74.81000000,74.86000000,49301.95600000,3701809.77702000,15259,26625.75800000,1999288.00494000
2026-07-24T13:00Z,74.86000000,74.93000000,73.99000000,74.22000000,176220.18300000,13116088.29316000,51739,77104.59000000,5739612.49114000
2026-07-24T14:00Z,74.21000000,74.27000000,73.61000000,74.03000000,134189.48200000,9918364.10944000,42362,79122.87800000,5849361.33875000
2026-07-24T15:00Z,74.03000000,74.30000000,73.69000000,74.04000000,112269.24200000,8316576.55829000,29157,65197.54600000,4829583.77895000
2026-07-24T16:00Z,74.04000000,74.22000000,73.71000000,73.90000000,78505.92900000,5809570.93728000,17184,45671.34200000,3380251.79309000
2026-07-24T17:00Z,73.90000000,74.15000000,73.86000000,74.05000000,57279.45100000,4238798.54995000,12931,27504.07900000,2035297.06329000
2026-07-24T18:00Z,74.04000000,74.08000000,73.90000000,73.98000000,30109.60500000,2228168.12981000,10347,15674.01200000,1159899.21341000
2026-07-24T19:00Z,73.98000000,74.05000000,73.79000000,73.97000000,44077.87300000,3258397.33836000,13503,22040.06500000,1629386.04956000
2026-07-24T20:00Z,73.97000000,74.03000000,73.73000000,73.77000000,36326.30400000,2683573.81443000,7997,13052.38200000,964008.33898000
2026-07-24T21:00Z,73.77000000,73.84000000,73.44000000,73.63000000,89226.30700000,6571511.70890000,15073,35384.12600000,2606913.74009000
2026-07-24T22:00Z,73.64000000,73.99000000,73.63000000,73.94000000,21729.79500000,1604605.34456000,6729,12459.23100000,920136.40403000
2026-07-24T23:00Z,73.94000000,74.03000000,73.85000000,73.96000000,33861.69100000,2503260.86087000,6769,13570.49600000,1003301.08124000
2026-07-25T00:00Z,73.97000000,74.16000000,73.94000000,74.13000000,50874.47100000,3765421.20356000,7555,22537.56700000,1668383.17692000
2026-07-25T01:00Z,74.13000000,74.26000000,74.00000000,74.13000000,20670.28300000,1532065.35629000,6884,10467.35500000,775866.67625000
2026-07-25T02:00Z,74.12000000,74.22000000,74.05000000,74.11000000,18917.72600000,1402601.24792000,5985,9953.91200000,738024.40581000
2026-07-25T03:00Z,74.12000000,74.33000000,74.05000000,74.14000000,22548.57000000,1673062.18910000,6580,10956.38800000,813032.98912000
2026-07-25T04:00Z,74.14000000,74.36000000,74.13000000,74.32000000,64546.74700000,4794709.48181000,6949,40980.31200000,3044123.47436000
2026-07-25T05:00Z,74.32000000,74.36000000,73.91000000,73.99000000,47724.00000000,3541279.14988000,6134,13877.52400000,1029676.32660000
2026-07-25T06:00Z,73.98000000,74.03000000,73.77000000,74.03000000,32739.26000000,2419837.51438000,7530,17066.03200000,1261280.03738000
2026-07-25T07:00Z,74.03000000,74.06000000,73.79000000,73.79000000,29525.98900000,2181762.51908000,5539,12692.87200000,937815.78841000
2026-07-25T08:00Z,73.79000000,73.87000000,73.56000000,73.79000000,34273.62100000,2527991.84767000,9362,15360.61500000,1133101.80132000
2026-07-25T09:00Z,73.80000000,74.04000000,73.76000000,74.00000000,21826.79800000,1613627.90477000,5810,13573.38300000,1003574.93823000
2026-07-25T10:00Z,73.99000000,74.04000000,73.91000000,73.98000000,18611.84400000,1376938.50430000,5272,11147.68600000,824783.85376000
2026-07-25T11:00Z,73.99000000,74.05000000,73.86000000,73.92000000,19510.07900000,1442960.96149000,5804,9307.31700000,688457.05504000
2026-07-25T12:00Z,73.92000000,73.99000000,73.85000000,73.97000000,23754.79400000,1755821.74164000,5632,11941.82700000,882615.38589000
2026-07-25T13:00Z,73.97000000,74.20000000,73.94000000,73.98000000,25480.93800000,1886653.60341000,8060,15325.02000000,1134655.78178000
2026-07-25T14:00Z,73.99000000,74.08000000,73.78000000,74.06000000,40279.11200000,2976335.40654000,10339,22464.64100000,1660107.10512000
2026-07-25T15:00Z,74.06000000,74.31000000,74.00000000,74.18000000,29684.26800000,2201777.57155000,9111,16712.05500000,1239576.44124000
2026-07-25T16:00Z,74.18000000,74.42000000,74.09000000,74.32000000,25950.99600000,1926773.69585000,10389,14543.69000000,1079818.07045000
2026-07-25T17:00Z,74.32000000,74.67000000,74.30000000,74.48000000,39255.66400000,2925142.91372000,10715,21758.49400000,1621314.40867000
2026-07-25T18:00Z,74.47000000,74.72000000,74.46000000,74.66000000,36606.31100000,2730337.72873000,9430,21469.40600000,1601810.74666000
2026-07-25T19:00Z,74.67000000,74.73000000,74.53000000,74.57000000,23220.24500000,1732643.29268000,6486,10526.35300000,785516.23856000
2026-07-25T20:00Z,74.57000000,74.58000000,74.40000000,74.45000000,26574.78300000,1978915.43808000,6532,9509.38600000,708084.06774000
2026-07-25T21:00Z,74.45000000,74.60000000,74.28000000,74.46000000,28244.19900000,2102365.61942000,7565,12105.98900000,901390.40825000
2026-07-25T22:00Z,74.46000000,74.53000000,74.30000000,74.50000000,27449.99000000,2043012.11913000,6504,13180.44600000,980974.49063000
2026-07-25T23:00Z,74.50000000,74.55000000,74.41000000,74.52000000,18545.06100000,1381208.44066000,4172,9581.17100000,713597.00102000
2026-07-26T00:00Z,74.53000000,74.96000000,74.47000000,74.79000000,38912.30700000,2909161.68718000,10476,20087.92700000,1501869.96551000
2026-07-26T01:00Z,74.78000000,74.90000000,74.67000000,74.82000000,23314.00000000,1742991.80521000,6729,12929.69900000,966735.73118000
2026-07-26T02:00Z,74.82000000,74.93000000,74.72000000,74.90000000,30022.76400000,2246599.41317000,8089,19203.43100000,1437090.35621000
2026-07-26T03:00Z,74.90000000,75.05000000,74.82000000,75.03000000,32424.97600000,2430444.22398000,8702,20708.80400000,1552275.41834000
2026-07-26T04:00Z,75.04000000,75.23000000,74.95000000,75.07000000,30512.27500000,2291278.17840000,9741,17383.82400000,1305446.74778000
2026-07-26T05:00Z,75.07000000,75.18000000,74.95000000,75.02000000,25894.44200000,1943902.88599000,7886,15300.39800000,1148617.35979000
2026-07-26T06:00Z,75.02000000,75.13000000,74.74000000,75.12000000,35996.48200000,2696751.29574000,9676,14615.80100000,1094585.33756000
2026-07-26T07:00Z,75.13000000,75.15000000,74.85000000,74.87000000,16199.98100000,1214750.57805000,6379,6596.09500000,494669.22031000
2026-07-26T08:00Z,74.88000000,75.06000000,74.85000000,74.98000000,17864.61800000,1338467.99361000,5057,9936.68800000,744473.07644000
2026-07-26T09:00Z,74.99000000,75.28000000,74.98000000,75.07000000,34008.99600000,2555367.58604000,9123,19967.93400000,1500465.55507000
2026-07-26T10:00Z,75.08000000,75.25000000,75.03000000,75.12000000,23667.69800000,1778614.44712000,7973,10372.63700000,779469.04076000
2026-07-26T11:00Z,75.12000000,75.17000000,74.90000000,74.95000000,27133.68600000,2035571.31038000,8018,11639.23100000,873163.20116000
2026-07-26T12:00Z,74.95000000,75.14000000,74.81000000,74.89000000,26167.51000000,1961307.57539000,8164,15349.46700000,1150553.99864000
2026-07-26T13:00Z,74.89000000,74.97000000,74.75000000,74.94000000,31669.56400000,2370392.26139000,7860,11598.29800000,868387.00329000
2026-07-26T14:00Z,74.94000000,75.23000000,74.89000000,75.06000000,31518.98600000,2365425.13192000,13638,18491.10100000,1387658.13151000
2026-07-26T15:00Z,75.05000000,75.50000000,74.97000000,75.49000000,46310.76200000,3486254.06766000,18261,26128.89400000,1966680.78340000
2026-07-26T16:00Z,75.48000000,75.99000000,75.31000000,75.53000000,66132.35400000,5000224.50024000,22551,31487.11500000,2381116.63310000
2026-07-26T17:00Z,75.53000000,75.60000000,75.30000000,75.38000000,23907.64400000,1803545.62297000,9831,11331.13900000,854736.56071000
2026-07-26T18:00Z,75.38000000,75.45000000,75.28000000,75.39000000,16053.60800000,1209881.09085000,6604,7302.66600000,550367.85913000
2026-07-26T19:00Z,75.40000000,75.46000000,75.25000000,75.34000000,19920.97200000,1500207.77339000,8882,13018.68400000,980350.09831000
2026-07-26T20:00Z,75.34000000,75.40000000,75.31000000,75.34000000,19239.10900000,1449820.66500000,8579,12916.20100000,973333.78470000
2026-07-26T21:00Z,75.33000000,75.77000000,75.32000000,75.65000000,31601.58500000,2387920.42596000,14031,15898.88200000,1201256.38151000
2026-07-26T22:00Z,75.65000000,76.82000000,75.65000000,76.71000000,153652.00900000,11733107.71040000,44354,95440.00200000,7288669.92252000
2026-07-26T23:00Z,76.72000000,77.10000000,76.52000000,76.76000000,90287.04500000,6931739.59504000,28581,40350.89400000,3099557.74565000
2026-07-27T00:00Z,76.77000000,76.80000000,76.19000000,76.35000000,54768.35900000,4189875.93759000,22122,22137.77400000,1693677.43856000
2026-07-27T01:00Z,76.34000000,76.53000000,75.98000000,76.52000000,50926.37700000,3884589.05258000,19173,27746.89000000,2117190.48577000
2026-07-27T02:00Z,76.53000000,76.68000000,76.37000000,76.44000000,65492.48500000,5012090.92406000,15318,31527.36900000,2412767.53450000
2026-07-27T03:00Z,76.44000000,76.55000000,76.33000000,76.40000000,40759.32400000,3115253.39119000,11145,18360.93200000,1403254.88922000
2026-07-27T04:00Z,76.41000000,76.64000000,76.26000000,76.30000000,54875.62400000,4192200.45471000,13276,21170.26500000,1617801.74122000
2026-07-27T05:00Z,76.30000000,76.64000000,76.26000000,76.56000000,56446.07900000,4311982.74650000,18281,32469.95700000,2480488.67518000
2026-07-27T06:00Z,76.56000000,76.99000000,76.53000000,76.73000000,46646.16500000,3582633.62283000,20641,21984.38200000,1688552.74163000
2026-07-27T07:00Z,76.73000000,76.76000000,76.40000000,76.47000000,55900.83700000,4282234.76561000,14088,32572.55800000,2495754.01427000
2026-07-27T08:00Z,76.48000000,76.51000000,76.23000000,76.30000000,34790.12400000,2656325.63192000,13251,18749.15800000,1431629.76456000
2026-07-27T09:00Z,76.29000000,76.56000000,76.13000000,76.49000000,41205.92100000,3143973.88263000,12455,20648.24900000,1575737.16426000
2026-07-27T10:00Z,76.48000000,76.68000000,76.41000000,76.61000000,28409.91900000,2174999.89598000,9336,17370.87300000,1329976.83738000
2026-07-27T11:00Z,76.62000000,76.69000000,76.48000000,76.50000000,41141.61200000,3151364.88734000,11149,26761.74900000,2050019.00019000
2026-07-27T12:00Z,76.51000000,77.06000000,76.25000000,76.86000000,110176.29600000,8458430.57269000,27618,58830.22600000,4518605.27279000
2026-07-27T13:00Z,76.86000000,77.50000000,76.46000000,76.92000000,150638.31800000,11606368.83729000,56299,76863.25400000,5925381.28968000
2026-07-27T14:00Z,76.91000000,77.00000000,75.03000000,75.48000000,187765.09300000,14222548.50343000,83965,79325.41500000,6005422.29846000
2026-07-27T15:00Z,75.48000000,75.62000000,75.09000000,75.28000000,81593.19200000,6152141.05540000,40386,45173.03400000,3406594.15551000
2026-07-27T16:00Z,75.29000000,75.99000000,75.15000000,75.95000000,62460.75100000,4721232.65078000,26788,37428.63600000,2829570.19004000
2026-07-27T17:00Z,75.96000000,76.25000000,75.82000000,75.91000000,36076.44100000,2742125.01291000,18079,19232.86500000,1461851.14489000
2026-07-27T18:00Z,75.91000000,75.99000000,75.27000000,75.62000000,46253.31300000,3493974.21328000,18735,22226.67600000,1678304.33531000
2026-07-27T19:00Z,75.62000000,76.06000000,75.50000000,75.98000000,42249.34100000,3204770.93265000,19090,21302.71900000,1615848.78422000
2026-07-27T20:00Z,75.98000000,76.14000000,75.80000000,75.98000000,20571.15900000,1562326.87519000,11094,10922.68100000,829523.36911000
2026-07-27T21:00Z,75.98000000,75.99000000,75.51000000,75.60000000,35178.03800000,2662436.68522000,15393,20732.42600000,1569327.78821000
2026-07-27T22:00Z,75.60000000,75.62000000,74.02000000,74.06000000,143003.21900000,10698363.22869000,43107,47325.21700000,3539835.51600000
2026-07-27T23:00Z,74.06000000,74.41000000,73.74000000,74.20000000,120945.94400000,8959289.43368000,42884,66080.20900000,4896325.63503000
2026-07-28T00:00Z,74.21000000,74.29000000,73.68000000,73.73000000,71875.75800000,5316526.51089000,26007,32385.48800000,2395635.18103000
2026-07-28T01:00Z,73.73000000,73.75000000,72.86000000,73.21000000,177511.82100000,13000799.73842000,48874,68142.15400000,4990871.85885000
2026-07-28T02:00Z,73.20000000,73.47000000,73.07000000,73.37000000,72823.67800000,5339695.05757000,20046,46249.09400000,3391916.09490000
2026-07-28T03:00Z,73.38000000,73.42000000,73.17000000,73.28000000,51756.54000000,3793697.51157000,14177,20354.53100000,1492007.05395000
2026-07-28T04:00Z,73.28000000,73.29000000,73.00000000,73.22000000,49496.14400000,3621549.23422000,14659,23593.92400000,1726189.80997000
2026-07-28T05:00Z,73.22000000,73.55000000,73.20000000,73.27000000,49679.36100000,3645345.09374000,15552,24537.43900000,1800578.34112000
2026-07-28T06:00Z,73.27000000,73.49000000,73.13000000,73.44000000,50948.13400000,3735481.80420000,12559,24662.00300000,1808432.24519000
2026-07-28T07:00Z,73.45000000,73.49000000,73.14000000,73.30000000,45893.66300000,3366182.86484000,12250,18070.47900000,1325050.67494000
2026-07-28T08:00Z,73.29000000,73.44000000,73.15000000,73.37000000,53519.85500000,3923066.26190000,11864,22520.39600000,1650716.61103000
2026-07-28T09:00Z,73.37000000,73.51000000,73.20000000,73.26000000,49240.82900000,3613335.03591000,9596,16493.28300000,1210289.38743000
2026-07-28T10:00Z,73.26000000,73.33000000,73.13000000,73.15000000,38564.22000000,2824230.93479000,11072,20545.23500000,1504651.06270000
2026-07-28T11:00Z,73.15000000,73.35000000,72.89000000,73.20000000,110894.35200000,8103888.74346000,20494,44068.61600000,3221324.23762000
2026-07-28T12:00Z,73.20000000,73.46000000,73.12000000,73.39000000,52809.05600000,3869922.35212000,13739,30913.65500000,2265820.92695000
2026-07-28T13:00Z,73.39000000,73.44000000,72.36000000,72.72000000,159602.30800000,11612593.79908000,46516,72339.83900000,5263057.46398000
2026-07-28T14:00Z,72.71000000,73.50000000,72.54000000,73.43000000,82942.38200000,6054117.39900000,40774,49480.76300000,3612614.39148000
2026-07-28T15:00Z,73.43000000,74.59000000,73.31000000,74.35000000,158600.61400000,11758004.64680000,55459,76755.20700000,5690266.30082000
2026-07-28T16:00Z,74.35000000,74.58000000,74.05000000,74.42000000,55788.79200000,4143006.58168000,25594,27749.70100000,2061039.40452000
2026-07-28T17:00Z,74.42000000,74.44000000,73.56000000,73.83000000,57376.52600000,4237696.11199000,26481,26391.92100000,1949237.61083000
2026-07-28T18:00Z,73.83000000,74.06000000,73.80000000,73.88000000,25472.13500000,1882519.38153000,18803,15272.51700000,1128745.79744000
2026-07-28T19:00Z,73.89000000,74.39000000,73.83000000,74.33000000,44770.63300000,3318076.22429000,18372,21675.61600000,1606193.66814000
2026-07-28T20:00Z,74.32000000,74.37000000,74.01000000,74.05000000,33335.25000000,2473115.52277000,13970,16345.55800000,1212629.69678000
2026-07-28T21:00Z,74.05000000,74.40000000,74.00000000,74.15000000,34007.06100000,2522409.30308000,11276,19280.87900000,1429909.86818000
2026-07-28T22:00Z,74.15000000,74.24000000,73.43000000,73.44000000,49610.91300000,3662952.15171000,15815,19711.35600000,1455555.98100000
2026-07-28T23:00Z,73.44000000,73.86000000,73.17000000,73.83000000,120705.42300000,8881995.94251000,21345,59999.51900000,4417829.58016000
2026-07-29T00:00Z,73.83000000,74.20000000,73.77000000,73.78000000,81989.11900000,6068142.89606000,24720,49371.31100000,3654516.74267000
2026-07-29T01:00Z,73.77000000,73.81000000,73.22000000,73.27000000,33387.32600000,2455998.18863000,22484,16551.69500000,1217530.20794000
2026-07-29T02:00Z,73.27000000,73.98000000,73.08000000,73.69000000,52566.21300000,3864325.87277000,26998,27778.97700000,2041209.41431000
2026-07-29T03:00Z,73.70000000,73.76000000,73.01000000,73.09000000,66739.44200000,4889650.11491000,22572,32500.15400000,2382437.19754000
2026-07-29T04:00Z,73.09000000,73.48000000,72.73000000,73.45000000,97299.09800000,7111787.52123000,27584,57470.21500000,4201149.50955000
2026-07-29T05:00Z,73.45000000,73.80000000,73.34000000,73.68000000,49226.88300000,3622235.80035000,15311,25569.92900000,1881734.37009000
2026-07-29T06:00Z,73.67000000,74.10000000,73.53000000,74.08000000,57200.98800000,4230129.38524000,15860,31454.79400000,2325897.63200000
2026-07-29T07:00Z,74.08000000,74.28000000,73.99000000,74.26000000,36403.03700000,2696642.72162000,10132,20654.17900000,1530120.00194000
2026-07-29T08:00Z,74.25000000,74.33000000,73.72000000,73.95000000,56724.89500000,4199192.85462000,14868,29362.47000000,2173963.29172000
2026-07-29T09:00Z,73.95000000,74.32000000,73.92000000,74.14000000,33088.25700000,2451763.33253000,11279,16271.18300000,1205644.81139000
2026-07-29T10:00Z,74.14000000,74.14000000,73.79000000,73.91000000,35638.69100000,2637025.37368000,10447,13659.85600000,1010962.87275000
2026-07-29T11:00Z,73.92000000,74.10000000,73.84000000,73.96000000,30283.33500000,2239891.77026000,9329,13646.70700000,1009527.43577000
2026-07-29T12:00Z,73.96000000,73.96000000,73.46000000,73.52000000,43719.78400000,3218550.50056000,17248,17142.06800000,1262177.98338000
2026-07-29T13:00Z,73.53000000,73.77000000,73.34000000,73.72000000,49707.53400000,3656847.22766000,27371,24000.89800000,1765870.61063000
2026-07-29T14:00Z,73.73000000,73.92000000,73.10000000,73.28000000,68632.34100000,5037850.95092000,31346,38994.18900000,2862754.94328000
2026-07-29T15:00Z,73.28000000,73.46000000,72.98000000,73.12000000,67070.29300000,4910535.87427000,24638,22781.10000000,1668631.52867000
2026-07-29T16:00Z,73.13000000,73.37000000,72.91000000,73.28000000,53762.10700000,3930384.01668000,21352,21304.03100000,1558035.84433000
2026-07-29T17:00Z,73.28000000,73.95000000,73.17000000,73.94000000,59545.93800000,4374618.02618000,23316,35465.68800000,2605226.68436000
2026-07-29T18:00Z,73.94000000,74.53000000,73.44000000,74.23000000,241665.95500000,17911266.28599000,75953,129327.69300000,9584989.74897000
2026-07-29T19:00Z,74.23000000,74.38000000,72.73000000,72.76000000,97147.11000000,7135462.01571000,51992,41762.15100000,3068559.07914000
2026-07-29T20:00Z,72.76000000,73.21000000,72.44000000,72.65000000,112012.19500000,8149596.76679000,46411,66793.72000000,4859936.82658000
2026-07-29T21:00Z,72.65000000,73.18000000,72.32000000,73.18000000,58959.58200000,4288564.42792000,27569,29048.28600000,2114372.57479000
2026-07-29T22:00Z,73.19000000,73.80000000,73.19000000,73.65000000,73478.18100000,5408300.22304000,24327,37019.53700000,2724095.96499000
2026-07-29T23:00Z,73.64000000,73.75000000,73.42000000,73.68000000,41405.57100000,3048103.38714000,14300,22901.70000000,1686025.33384000
2026-07-30T00:00Z,73.69000000,73.87000000,73.14000000,73.30000000,44772.11100000,3291670.78196000,20564,21384.03500000,1572100.58876000
2026-07-30T01:00Z,73.29000000,74.20000000,73.27000000,74.02000000,49686.13800000,3666754.26536000,25421,28547.87600000,2106252.29685000
2026-07-30T02:00Z,74.03000000,74.14000000,73.82000000,73.83000000,39815.69600000,2946896.61400000,16776,19969.47200000,1478073.01060000
2026-07-30T03:00Z,73.84000000,74.00000000,73.66000000,73.71000000,43543.10700000,3213046.28774000,17283,24440.28200000,1803193.83369000
2026-07-30T04:00Z,73.71000000,73.74000000,73.50000000,73.52000000,32109.18400000,2363385.68438000,11854,16074.75200000,1183302.61193000
2026-07-30T05:00Z,73.52000000,73.86000000,73.42000000,73.70000000,32861.93400000,2420459.85146000,14182,12584.85200000,926573.31174000
2026-07-30T06:00Z,73.70000000,73.76000000,73.48000000,73.53000000,32408.27900000,2386601.22763000,10792,14574.97100000,1073173.01148000
2026-07-30T07:00Z,73.53000000,73.81000000,73.39000000,73.41000000,50601.42600000,3724698.34696000,18570,23022.96400000,1695408.17475000
2026-07-30T08:00Z,73.42000000,73.83000000,73.30000000,73.81000000,59937.19900000,4410714.55951000,19833,26809.51600000,1973518.85991000
2026-07-30T09:00Z,73.81000000,74.22000000,73.80000000,74.05000000,72266.96000000,5349082.50783000,18478,23364.10000000,1729926.32643000
2026-07-30T10:00Z,74.06000000,74.21000000,73.83000000,73.90000000,42130.75900000,3120991.39617000,9427,17338.94700000,1284559.94491000
2026-07-30T11:00Z,73.90000000,74.33000000,73.90000000,74.23000000,46070.40900000,3415585.39655000,10516,28526.95100000,2115153.15789000
2026-07-30T12:00Z,74.22000000,74.49000000,74.08000000,74.41000000,64699.06600000,4806156.63700000,15431,36215.53900000,2690450.53321000
2026-07-30T13:00Z,74.40000000,74.90000000,74.12000000,74.69000000,87770.99200000,6538645.70329000,26953,49285.33900000,3672967.46711000
2026-07-30T14:00Z,74.68000000,74.78000000,74.29000000,74.64000000,67698.72600000,5049691.61563000,28339,32779.81900000,2445505.49119000
2026-07-30T15:00Z,74.64000000,74.86000000,74.46000000,74.65000000,52816.09400000,3942102.22514000,21532,29293.45500000,2186304.01574000
2026-07-30T16:00Z,74.65000000,74.84000000,74.45000000,74.58000000,69138.77900000,5161463.74478000,16237,34032.34600000,2540628.27820000
2026-07-30T17:00Z,74.59000000,74.89000000,74.42000000,74.76000000,47305.21700000,3530540.08458000,13901,20544.37000000,1533387.82786000
2026-07-30T18:00Z,74.77000000,74.98000000,74.49000000,74.52000000,35899.15600000,2681756.37974000,11832,17689.56500000,1321502.07684000
2026-07-30T19:00Z,74.53000000,74.82000000,74.52000000,74.78000000,41825.39000000,3122958.69757000,13699,18747.29500000,1399883.69504000
2026-07-30T20:00Z,74.78000000,74.92000000,74.44000000,74.49000000,66662.89900000,4977010.44881000,16236,33857.10700000,2528213.95263000
2026-07-30T21:00Z,74.48000000,74.61000000,74.43000000,74.49000000,36240.54600000,2700637.08349000,10605,13438.84700000,1001413.16307000
2026-07-30T22:00Z,74.49000000,74.89000000,74.40000000,74.75000000,49811.38800000,3721412.63495000,18616,18844.17900000,1408164.57269000
2026-07-30T23:00Z,74.75000000,74.99000000,74.47000000,74.51000000,52791.99600000,3944686.20030000,17052,22117.35300000,1653301.46388000
2026-07-31T00:00Z,74.52000000,74.66000000,74.43000000,74.49000000,37646.96700000,2805862.72982000,13533,18042.57300000,1344684.64092000
2026-07-31T01:00Z,74.49000000,75.29000000,74.28000000,74.40000000,115936.68600000,8681484.26695000,38371,60019.02200000,4496108.42209000
2026-07-31T02:00Z,74.39000000,74.56000000,74.08000000,74.15000000,49190.35700000,3651949.84043000,21880,20941.66800000,1554702.25933000
2026-07-31T03:00Z,74.16000000,74.35000000,73.88000000,74.14000000,55166.67700000,4089301.59642000,17098,21730.54700000,1611294.67058000
2026-07-31T04:00Z,74.14000000,74.15000000,73.72000000,73.83000000,78751.99700000,5815344.44229000,24431,44736.56300000,3303332.29095000
2026-07-31T05:00Z,73.83000000,74.32000000,73.82000000,74.24000000,61919.08700000,4590124.48343000,18164,28586.52000000,2118846.20161000
2026-07-31T06:00Z,74.25000000,74.54000000,74.01000000,74.11000000,48082.62600000,3572225.97334000,18446,18828.72300000,1399001.99870000
2026-07-31T07:00Z,74.10000000,74.10000000,73.51000000,73.68000000,83285.54500000,6137167.91006000,24092,53453.04900000,3937658.46367000
2026-07-31T08:00Z,73.68000000,73.80000000,73.52000000,73.66000000,46409.87000000,3419062.67503000,12524,25233.38200000,1858962.16183000
2026-07-31T09:00Z,73.66000000,73.71000000,73.39000000,73.48000000,45192.46300000,3322606.77410000,13014,14989.42100000,1102244.46307000
2026-07-31T10:00Z,73.48000000,73.65000000,73.29000000,73.56000000,75398.10300000,5545718.02636000,14583,20433.44100000,1502841.64827000
2026-07-31T11:00Z,73.55000000,73.71000000,73.47000000,73.57000000,23747.60600000,1747201.93380000,9384,10523.43400000,774302.46706000
2026-07-31T12:00Z,73.57000000,73.65000000,73.37000000,73.63000000,36926.61700000,2714308.88068000,12339,14167.70400000,1041561.65496000
2026-07-31T13:00Z,73.63000000,73.82000000,73.17000000,73.29000000,65441.37000000,4807951.25551000,29764,24666.99000000,1812924.37860000
2026-07-31T14:00Z,73.28000000,73.69000000,72.80000000,73.05000000,172784.63900000,12648295.56466000,62201,76579.41500000,5605717.72881000
2026-07-31T15:00Z,73.05000000,73.22000000,72.88000000,73.10000000,56660.99900000,4136794.90018000,20005,26245.75100000,1916107.69181000
2026-07-31T16:00Z,73.11000000,73.35000000,72.98000000,73.30000000,41562.25900000,3041578.18242000,17550,23127.79300000,1692489.94461000
2026-07-31T17:00Z,73.29000000,73.44000000,73.17000000,73.35000000,39080.46900000,2865334.46603000,16617,20520.55500000,1504523.19938000
2026-07-31T18:00Z,73.35000000,73.48000000,72.94000000,73.12000000,32090.43500000,2349541.17082000,13074,12784.32500000,936571.48391000
2026-07-31T19:00Z,73.11000000,73.29000000,72.92000000,73.08000000,33006.05800000,2412490.46530000,12213,15627.47600000,1142370.49313000
2026-07-31T20:00Z,73.08000000,73.23000000,72.93000000,72.95000000,42253.11700000,3086064.82847000,12608,16403.22700000,1198117.45754000
2026-07-31T21:00Z,72.96000000,73.10000000,72.56000000,72.73000000,44612.30800000,3250822.85067000,12059,16880.38500000,1230266.00953000
2026-07-31T22:00Z,72.72000000,72.95000000,72.67000000,72.85000000,34931.12500000,2544401.31483000,9274,13670.28900000,995740.32368000
2026-07-31T23:00Z,72.85000000,72.96000000,72.80000000,72.87000000,17920.67100000,1306251.61589000,5138,10361.77300000,755233.31850000
2026-08-01T00:00Z,72.87000000,73.16000000,72.87000000,73.01000000,32431.49500000,2367813.25400000,8096,19678.54900000,1436859.17343000
2026-08-01T01:00Z,73.01000000,73.14000000,72.97000000,73.04000000,50096.63600000,3659529.17903000,8946,16877.02200000,1232921.86413000
2026-08-01T02:00Z,73.04000000,73.15000000,72.99000000,73.08000000,93988.63600000,6867612.76695000,12765,38843.47800000,2838265.12629000
2026-08-01T03:00Z,73.07000000,73.10000000,72.86000000,73.03000000,45651.75900000,3331231.64697000,8837,15737.04600000,1148156.65717000
2026-08-01T04:00Z,73.03000000,73.21000000,73.02000000,73.17000000,20501.07600000,1498786.61746000,4944,9605.85200000,702258.48164000
2026-08-01T05:00Z,73.17000000,73.20000000,72.86000000,72.93000000,31897.88000000,2330200.10684000,5984,11267.15900000,823466.29377000
2026-08-01T06:00Z,72.94000000,73.02000000,72.89000000,73.00000000,41221.94900000,3008209.15327000,7733,22070.60500000,1610510.18802000
2026-08-01T07:00Z,73.00000000,73.11000000,72.92000000,72.98000000,24051.57500000,1755660.65323000,4251,10986.47900000,802004.10802000
2026-08-01T08:00Z,72.98000000,73.08000000,72.96000000,73.04000000,26761.40400000,1953906.42839000,4208,12462.30500000,909942.04706000
2026-08-01T09:00Z,73.04000000,73.08000000,72.83000000,72.85000000,17379.54500000,1268285.43641000,4592,8463.68600000,617636.12130000
2026-08-01T10:00Z,72.84000000,72.90000000,72.67000000,72.85000000,24184.63900000,1760961.24502000,6730,11907.98100000,867201.51008000
2026-08-01T11:00Z,72.85000000,72.91000000,72.79000000,72.89000000,18787.56300000,1368892.02996000,4273,9597.52700000,699290.06194000
2026-08-01T12:00Z,72.89000000,72.94000000,72.87000000,72.93000000,20656.08800000,1505924.47927000,4098,11656.93700000,849876.80710000
2026-08-01T13:00Z,72.93000000,72.99000000,72.91000000,72.98000000,13672.27500000,997454.45730000,4214,7198.72500000,525193.51844000
2026-08-01T14:00Z,72.98000000,73.05000000,72.86000000,73.02000000,44789.89400000,3268460.28874000,7018,11437.13700000,834383.67286000
2026-08-01T15:00Z,73.02000000,73.02000000,72.72000000,72.80000000,26711.68300000,1945958.03936000,6038,11793.45700000,859119.07348000
2026-08-01T16:00Z,72.79000000,72.94000000,72.47000000,72.70000000,43522.09400000,3163583.79740000,10500,15843.23300000,1151989.20737000
2026-08-01T17:00Z,72.70000000,72.79000000,71.62000000,71.93000000,173803.92600000,12523758.91289000,39010,63959.89500000,4606886.81989000
2026-08-01T18:00Z,71.92000000,71.97000000,70.58000000,71.09000000,201067.32900000,14325688.44149000,60715,87664.17400000,6246865.96253000
2026-08-01T19:00Z,71.09000000,71.36000000,71.05000000,71.27000000,32296.92100000,2300802.74260000,14572,17430.33000000,1241746.60166000
2026-08-01T20:00Z,71.26000000,71.56000000,71.19000000,71.56000000,41563.06700000,2969168.86720000,14635,25644.65500000,1831981.29150000
2026-08-01T21:00Z,71.56000000,71.86000000,71.55000000,71.86000000,38175.88800000,2737960.29632000,13606,14984.26200000,1074711.91008000
2026-08-01T22:00Z,71.86000000,72.03000000,71.86000000,71.92000000,23372.05500000,1681505.94275000,7906,12476.44200000,897659.70386000
2026-08-01T23:00Z,71.91000000,72.09000000,71.82000000,71.95000000,24933.71800000,1793542.55222000,6423,9734.79900000,700381.22809000
2026-08-02T00:00Z,71.95000000,72.15000000,71.93000000,72.12000000,22226.00600000,1601880.37213000,6902,13266.03500000,956242.26575000
2026-08-02T01:00Z,72.11000000,72.75000000,72.11000000,72.66000000,44865.51400000,3253780.49689000,12346,26262.30400000,1904634.84347000
2026-08-02T02:00Z,72.65000000,73.40000000,72.58000000,73.15000000,96117.67100000,7026494.66762000,28326,45822.45200000,3349734.43015000
2026-08-02T03:00Z,73.15000000,73.24000000,73.08000000,73.20000000,27486.32600000,2011054.48117000,8295,10581.42700000,774175.18926000
2026-08-02T04:00Z,73.20000000,73.54000000,73.20000000,73.53000000,52259.25400000,3833680.71283000,13752,19211.17600000,1409193.63911000
2026-08-02T05:00Z,73.54000000,73.66000000,73.46000000,73.59000000,58138.64400000,4276549.63181000,17272,23138.18200000,1702091.52321000
2026-08-02T06:00Z,73.59000000,73.65000000,73.43000000,73.45000000,27917.75100000,2053088.76316000,6838,9104.24500000,669573.44717000
2026-08-02T07:00Z,73.46000000,73.51000000,73.40000000,73.46000000,32604.97500000,2395075.59955000,5925,11352.73600000,833998.50192000
2026-08-02T08:00Z,73.46000000,73.53000000,73.16000000,73.17000000,47461.92400000,3480891.06939000,10746,23466.90400000,1721120.27425000
2026-08-02T09:00Z,73.18000000,73.42000000,73.00000000,73.38000000,36581.76100000,2677053.98999000,7959,16918.84400000,1239103.99464000
2026-08-02T10:00Z,73.38000000,73.39000000,73.15000000,73.26000000,22495.42100000,1648397.67201000,6740,11367.51400000,832992.99052000
2026-08-02T11:00Z,73.27000000,73.31000000,72.94000000,72.99000000,23444.74600000,1714806.15046000,9388,9910.12600000,724838.78449000
2026-08-02T12:00Z,72.99000000,73.23000000,72.90000000,72.90000000,28860.34200000,2109178.77408000,8821,14971.65900000,1094373.80479000
2026-08-02T13:00Z,72.90000000,73.01000000,72.69000000,72.97000000,29640.53500000,2160485.59384000,9115,14756.29100000,1075930.52527000
2026-08-02T14:00Z,72.96000000,73.23000000,72.93000000,73.09000000,25709.06600000,1879510.73591000,7715,14592.50700000,1066811.22192000
2026-08-02T15:00Z,73.09000000,73.20000000,73.01000000,73.03000000,18788.92200000,1373627.03336000,5417,11642.90400000,851214.66412000
2026-08-02T16:00Z,73.03000000,73.30000000,72.92000000,73.14000000,29340.51000000,2145235.02818000,8133,19830.69700000,1450212.44798000
2026-08-02T17:00Z,73.14000000,73.40000000,73.09000000,73.31000000,16561.91500000,1213844.44234000,6192,10583.00900000,775666.40223000
2026-08-02T18:00Z,73.31000000,73.84000000,73.24000000,73.57000000,37752.06600000,2776384.80967000,11842,24760.95800000,1821166.39300000
2026-08-02T19:00Z,73.56000000,73.79000000,73.53000000,73.72000000,21719.86400000,1599684.85297000,7120,12138.91700000,893929.48816000
2026-08-02T20:00Z,73.72000000,73.74000000,73.56000000,73.69000000,22275.69700000,1640308.13411000,6421,8952.68300000,659344.57265000
2026-08-02T21:00Z,73.69000000,74.33000000,73.67000000,74.00000000,53455.30600000,3952817.94804000,22064,27995.51400000,2069756.27573000
2026-08-02T22:00Z,74.00000000,74.21000000,73.64000000,73.64000000,41865.31000000,3095968.87900000,15467,13528.77000000,1000989.22280000
2026-08-02T23:00Z,73.64000000,73.66000000,73.46000000,73.63000000,27777.41200000,2043388.47788000,8846,13542.50000000,996269.94789000
2026-08-03T00:00Z,73.64000000,73.67000000,73.18000000,73.22000000,29059.02900000,2131793.82612000,9460,11351.65000000,832507.77682000
2026-08-03T01:00Z,73.22000000,73.26000000,72.94000000,73.01000000,29741.44600000,2173002.79185000,9378,13220.68500000,965938.32899000
2026-08-03T02:00Z,73.01000000,73.16000000,72.91000000,73.04000000,29215.42700000,2134287.45007000,7960,15544.88200000,1135822.27366000
2026-08-03T03:00Z,73.03000000,73.12000000,72.69000000,72.90000000,26814.99200000,1956115.30184000,8588,11033.93700000,804924.13987000
2026-08-03T04:00Z,72.90000000,73.08000000,72.84000000,72.85000000,27829.06600000,2030579.21117000,6654,13314.56600000,971671.88894000
2026-08-03T05:00Z,72.85000000,73.05000000,72.82000000,72.92000000,24138.61700000,1760175.38698000,6049,8999.94100000,656145.81956000
2026-08-03T06:00Z,72.92000000,72.98000000,72.51000000,72.59000000,78632.48200000,5713070.01423000,12661,50635.51700000,3679413.54282000
2026-08-03T07:00Z,72.60000000,72.69000000,72.43000000,72.52000000,40814.09400000,2961179.15125000,8987,17185.71000000,1246827.31057000
2026-08-03T08:00Z,72.52000000,72.57000000,71.98000000,72.37000000,64432.82700000,4653981.50804000,15513,27892.33400000,2015252.61488000
2026-08-03T09:00Z,72.37000000,72.80000000,72.33000000,72.74000000,33862.25400000,2456368.32330000,8216,22527.55800000,1634128.93624000
2026-08-03T10:00Z,72.75000000,72.81000000,72.52000000,72.62000000,62045.41900000,4508533.73017000,12176,21659.14700000,1573559.58622000
2026-08-03T11:00Z,72.61000000,72.65000000,72.39000000,72.45000000,27820.21300000,2017643.22460000,8428,15020.32000000,1089350.34258000
2026-08-03T12:00Z,72.45000000,72.56000000,72.34000000,72.43000000,36600.06500000,2652122.69704000,9463,20369.20200000,1476056.65444000
2026-08-03T13:00Z,72.43000000,73.28000000,72.32000000,73.26000000,72780.94900000,5297075.37957000,31371,43376.58100000,3156745.83329000
2026-08-03T14:00Z,73.26000000,73.81000000,73.02000000,73.79000000,168686.84000000,12389736.32012000,57652,72381.02500000,5316150.71340000
2026-08-03T15:00Z,73.79000000,73.83000000,73.45000000,73.62000000,88908.76400000,6546732.71817000,28795,31984.66400000,2355201.93876000
2026-08-03T16:00Z,73.62000000,73.82000000,73.23000000,73.42000000,58954.92000000,4334387.28183000,20158,33116.30300000,2434798.16528000
2026-08-03T17:00Z,73.42000000,73.86000000,73.31000000,73.69000000,43598.64400000,3210524.94658000,17069,24385.50900000,1795869.60906000
2026-08-03T18:00Z,73.70000000,74.28000000,73.69000000,73.98000000,82772.56700000,6126611.83721000,23027,48173.81700000,3565264.15704000
2026-08-03T19:00Z,73.98000000,74.19000000,73.96000000,74.02000000,58522.90700000,4334064.19665000,16236,33666.83300000,2493305.14184000
2026-08-03T20:00Z,74.03000000,74.14000000,73.77000000,73.86000000,37439.45900000,2768829.74863000,11476,13604.99500000,1006194.30511000
2026-08-03T21:00Z,73.85000000,73.88000000,73.66000000,73.71000000,35994.75700000,2655338.76103000,11993,19110.79000000,1409792.39681000
2026-08-03T22:00Z,73.71000000,73.73000000,73.37000000,73.54000000,44214.44000000,3250555.54118000,17869,23278.09700000,1711353.85919000
2026-08-03T23:00Z,73.54000000,73.56000000,73.39000000,73.56000000,24962.15100000,1833828.60642000,11741,16302.55300000,1197633.97276000
2026-08-04T00:00Z,73.56000000,73.63000000,73.04000000,73.08000000,52603.77200000,3856989.74093000,22797,29188.70200000,2140513.48245000
2026-08-04T01:00Z,73.08000000,73.78000000,73.05000000,73.77000000,36975.05900000,2714933.15435000,17430,23497.50500000,1725376.09220000
2026-08-04T02:00Z,73.77000000,74.13000000,73.68000000,73.87000000,64695.51100000,4777967.53300000,23276,23046.35300000,1702397.13156000
2026-08-04T03:00Z,73.88000000,73.91000000,73.47000000,73.70000000,30292.34300000,2231009.06830000,11233,12478.43100000,919370.84660000
2026-08-04T04:00Z,73.70000000,74.10000000,73.59000000,73.82000000,44298.36300000,3270273.97864000,14666,27395.86100000,2022530.08123000
2026-08-04T05:00Z,73.83000000,73.88000000,73.69000000,73.74000000,19308.19500000,1424334.11701000,7710,8360.90800000,616807.04306000
2026-08-04T06:00Z,73.74000000,73.91000000,73.41000000,73.42000000,34803.93400000,2562747.62243000,10744,19076.53500000,1404223.36417000
2026-08-04T07:00Z,73.42000000,73.74000000,73.20000000,73.68000000,74052.10800000,5437383.97448000,23323,52128.34300000,3826515.51253000
2026-08-04T08:00Z,73.68000000,73.76000000,73.29000000,73.36000000,43754.50800000,3216706.68957000,10542,20579.99000000,1512054.16503000
2026-08-04T09:00Z,73.35000000,73.35000000,73.16000000,73.29000000,53966.14400000,3953082.99480000,21051,40013.45200000,2931008.48611000
2026-08-04T10:00Z,73.29000000,73.70000000,73.10000000,73.61000000,52859.93600000,3877384.67508000,16326,27418.59000000,2011172.07107000
2026-08-04T11:00Z,73.60000000,73.98000000,73.55000000,73.95000000,74310.71100000,5480211.20193000,28712,18216.88600000,1343728.37698000
2026-08-04T12:00Z,73.95000000,74.09000000,73.76000000,73.82000000,50577.57200000,3737569.44585000,19793,19497.35300000,1441000.20033000
2026-08-04T13:00Z,73.81000000,74.05000000,73.59000000,73.63000000,57025.69300000,4212307.94103000,25062,30345.97600000,2241997.85427000
2026-08-04T14:00Z,73.64000000,73.93000000,73.33000000,73.82000000,59659.75800000,4391710.49455000,34871,30721.42100000,2261566.15781000
2026-08-04T15:00Z,73.83000000,74.20000000,73.41000000,73.99000000,59295.74100000,4379403.01137000,28446,28042.09100000,2071711.96998000
2026-08-04T16:00Z,73.99000000,74.01000000,73.61000000,73.72000000,52496.51800000,3876294.91435000,22593,20293.32100000,1498348.74163000
2026-08-04T17:00Z,73.73000000,74.24000000,73.72000000,73.78000000,53162.81200000,3934448.52131000,22570,23458.72900000,1736185.04562000
2026-08-04T18:00Z,73.77000000,74.39000000,73.77000000,74.15000000,50354.16800000,3735355.34189000,21147,26562.53100000,1970337.15310000
2026-08-04T19:00Z,74.16000000,74.39000000,74.12000000,74.19000000,47449.27300000,3522507.29157000,16804,26400.86200000,1960099.91262000
2026-08-04T20:00Z,74.19000000,74.45000000,73.88000000,74.27000000,72977.10100000,5414249.57322000,20184,33340.39500000,2473558.33178000
2026-08-04T21:00Z,74.27000000,74.28000000,74.01000000,74.13000000,38628.92200000,2862885.53774000,9771,19937.60800000,1477471.42213000
2026-08-04T22:00Z,74.14000000,74.23000000,73.98000000,74.11000000,24858.63600000,1842071.49426000,10646,11682.17100000,865726.18996000
2026-08-04T23:00Z,74.10000000,74.30000000,73.74000000,73.75000000,50162.16500000,3710855.80793000,15301,27435.47500000,2029815.76471000
2026-08-05T00:00Z,73.76000000,73.81000000,73.46000000,73.50000000,61529.07900000,4529511.84894000,26293,40332.12000000,2968864.13671000
2026-08-05T01:00Z,73.50000000,74.11000000,73.39000000,74.11000000,54078.43100000,3986296.47226000,16763,30267.30300000,2230604.05661000
2026-08-05T02:00Z,74.12000000,74.49000000,74.08000000,74.22000000,105455.10900000,7830150.19151000,30363,43508.86600000,3231095.43372000
2026-08-05T03:00Z,74.21000000,74.31000000,73.71000000,73.78000000,51310.23700000,3791947.34979000,17125,24817.87400000,1833493.87284000
2026-08-05T04:00Z,73.79000000,73.85000000,73.62000000,73.79000000,57068.67600000,4206541.06764000,19318,39866.17900000,2938208.71893000
2026-08-05T05:00Z,73.79000000,74.30000000,73.74000000,74.15000000,111187.09100000,8236968.96828000,26745,32964.65400000,2441874.49995000
2026-08-05T06:00Z,74.14000000,74.25000000,73.99000000,74.01000000,29908.86000000,2216258.75897000,10362,11327.43600000,839331.91869000
2026-08-05T07:00Z,74.02000000,74.05000000,73.68000000,73.98000000,60746.89700000,4483938.29505000,16889,43722.25200000,3226636.64667000
2026-08-05T08:00Z,73.98000000,74.16000000,73.95000000,74.08000000,43262.34200000,3204140.02263000,12420,16278.75400000,1205649.83186000
2026-08-05T09:00Z,74.08000000,74.22000000,74.01000000,74.01000000,31656.66300000,2346993.75097000,7139,16488.74200000,1222637.36062000
2026-08-05T10:00Z,74.01000000,74.12000000,73.80000000,73.84000000,53998.60100000,3993907.28072000,12801,26432.60300000,1954785.54471000
2026-08-05T11:00Z,73.85000000,74.00000000,73.73000000,73.77000000,49397.05100000,3647065.81147000,15395,31159.42200000,2300585.83751000
2026-08-05T12:00Z,73.77000000,74.38000000,73.72000000,74.08000000,89005.83200000,6594649.66868000,25901,42899.77200000,3178172.48819000
2026-08-05T13:00Z,74.08000000,74.11000000,73.27000000,73.96000000,126949.10100000,9353026.77372000,51865,69520.58300000,5119805.00298000
2026-08-05T14:00Z,73.96000000,74.15000000,73.62000000,73.96000000,83853.98200000,6195359.45661000,32583,39669.37300000,2930762.24007000
2026-08-05T15:00Z,73.96000000,74.31000000,73.85000000,73.96000000,126613.53300000,9380919.43059000,33789,55244.16700000,4093822.42698000
2026-08-05T16:00Z,73.96000000,74.45000000,73.94000000,74.29000000,75945.20000000,5639689.08358000,22831,38820.63600000,2882564.34916000
2026-08-05T17:00Z,74.29000000,74.66000000,74.13000000,74.55000000,58481.28600000,4351578.55420000,18934,34018.49900000,2531251.26865000
2026-08-05T18:00Z,74.56000000,74.83000000,74.44000000,74.54000000,70705.56500000,5274358.63293000,19208,44443.08500000,3315828.86560000
2026-08-05T19:00Z,74.53000000,74.63000000,74.42000000,74.46000000,35422.21200000,2638872.02122000,9892,17393.13000000,1295764.80253000
2026-08-05T20:00Z,74.47000000,74.59000000,74.31000000,74.38000000,46577.82200000,3466708.60490000,11865,22075.29900000,1643094.08312000
2026-08-05T21:00Z,74.37000000,74.39000000,74.08000000,74.12000000,53908.01300000,4000084.42282000,15764,19132.08200000,1419804.48810000
2026-08-05T22:00Z,74.13000000,74.20000000,74.00000000,74.01000000,29938.93700000,2218191.52481000,8652,14167.91500000,1049757.52722000
2026-08-05T23:00Z,74.01000000,74.11000000,73.85000000,74.04000000,42828.11700000,3169045.78063000,12512,25481.73500000,1885602.34090000
2026-08-06T00:00Z,74.04000000,74.26000000,74.04000000,74.07000000,24788.50400000,1837406.74459000,8597,10549.14900000,781869.03390000
2026-08-06T01:00Z,74.07000000,74.12000000,73.73000000,73.75000000,63183.63600000,4666505.23449000,21274,38556.08300000,2847349.19578000
2026-08-06T02:00Z,73.74000000,73.78000000,73.38000000,73.55000000,92409.45200000,6796965.24636000,29260,49008.30600000,3605603.70970000
2026-08-06T03:00Z,73.54000000,73.59000000,73.44000000,73.50000000,34056.30500000,2503933.15497000,8231,15127.95600000,1112190.83793000
2026-08-06T04:00Z,73.49000000,73.87000000,73.40000000,73.86000000,30567.37700000,2251700.72271000,9061,16169.49700000,1191266.03407000
2026-08-06T05:00Z,73.87000000,74.35000000,73.86000000,74.25000000,98449.81300000,7304928.92426000,35766,30582.74600000,2268613.82946000
2026-08-06T06:00Z,74.25000000,74.27000000,73.96000000,74.06000000,36797.53200000,2727760.34268000,14954,14511.03100000,1075175.98322000
2026-08-06T07:00Z,74.06000000,74.13000000,73.87000000,73.87000000,60233.65900000,4455799.77200000,12523,21139.70000000,1563741.89161000
2026-08-06T08:00Z,73.87000000,74.12000000,73.70000000,73.99000000,74888.43100000,5529231.54937000,28039,57722.16400000,4261279.20345000
2026-08-06T09:00Z,74.00000000,74.01000000,73.20000000,73.30000000,110506.93300000,8119961.18100000,25943,60395.83200000,4437157.95889000
2026-08-06T10:00Z,73.29000000,73.45000000,73.17000000,73.32000000,47733.11800000,3499388.73638000,11465,27889.86800000,2044801.39051000
2026-08-06T11:00Z,73.32000000,73.58000000,73.18000000,73.46000000,35979.89500000,2641396.75275000,9050,19252.95900000,1413387.55916000
2026-08-06T12:00Z,73.46000000,73.48000000,73.14000000,73.16000000,25020.38800000,1834381.05422000,9432,10763.79000000,789243.70026000
2026-08-06T13:00Z,73.15000000,73.33000000,72.85000000,73.26000000,92882.87500000,6783711.79154000,30372,35767.94300000,2612427.67367000
2026-08-06T14:00Z,73.26000000,73.59000000,73.11000000,73.47000000,61748.01400000,4529343.02736000,23119,35313.63800000,2590460.84756000
2026-08-06T15:00Z,73.47000000,73.63000000,73.30000000,73.30000000,60188.91700000,4422783.46780000,20829,31857.33200000,2340836.78689000
2026-08-06T16:00Z,73.31000000,73.49000000,73.10000000,73.45000000,41287.44700000,3026101.52670000,16549,22832.09400000,1673544.06271000
2026-08-06T17:00Z,73.44000000,73.55000000,73.07000000,73.20000000,26072.52900000,1911998.01122000,10008,12297.03900000,901423.81809000
2026-08-06T18:00Z,73.19000000,73.22000000,72.71000000,72.83000000,45578.13100000,3323565.15331000,12884,23483.24700000,1712335.42730000
2026-08-06T19:00Z,72.83000000,72.95000000,72.55000000,72.80000000,38343.08000000,2789948.35275000,12182,16646.56900000,1211391.25114000
2026-08-06T20:00Z,72.81000000,73.00000000,72.80000000,72.86000000,24899.22100000,1815407.54074000,7546,13180.14800000,960908.67874000
2026-08-06T21:00Z,72.85000000,72.99000000,72.80000000,72.86000000,41377.31200000,3017005.63866000,9441,21669.32100000,1579807.27765000
2026-08-06T22:00Z,72.86000000,72.87000000,72.65000000,72.69000000,41966.53100000,3052525.46986000,8353,19856.25800000,1444181.35488000
2026-08-06T23:00Z,72.68000000,72.73000000,72.34000000,72.70000000,67245.82300000,4876183.67988000,11123,29220.55700000,2118814.89663000
2026-08-07T00:00Z,72.70000000,72.81000000,72.56000000,72.65000000,42530.24300000,3090105.54247000,9276,18031.07600000,1310071.50419000
2026-08-07T01:00Z,72.65000000,72.87000000,72.58000000,72.74000000,39195.72400000,2849820.66878000,11799,19355.42400000,1407465.30091000
2026-08-07T02:00Z,72.74000000,72.93000000,72.49000000,72.71000000,57963.94000000,4214276.68147000,13069,33074.43600000,2404804.49075000
2026-08-07T03:00Z,72.71000000,72.76000000,72.54000000,72.62000000,26042.68200000,1892549.41741000,8824,10078.38800000,732472.67016000
2026-08-07T04:00Z,72.63000000,72.80000000,72.51000000,72.67000000,20139.32900000,1464038.96671000,8522,9050.31700000,657915.49260000
2026-08-07T05:00Z,72.67000000,72.95000000,72.43000000,72.88000000,44435.24300000,3229627.84001000,9530,26536.08400000,1928711.05839000
2026-08-07T06:00Z,72.87000000,73.07000000,72.81000000,72.83000000,51505.63500000,3757680.30789000,9147,23569.79200000,1719532.46030000
2026-08-07T07:00Z,72.84000000,73.03000000,72.75000000,72.93000000,39570.28200000,2885626.92544000,7579,19498.25100000,1421863.24642000
2026-08-07T08:00Z,72.92000000,73.33000000,72.91000000,73.20000000,44086.53600000,3220302.30484000,9594,24016.89900000,1754055.96811000
2026-08-07T09:00Z,73.19000000,73.73000000,73.19000000,73.63000000,131093.32300000,9644762.81903000,24981,62503.93600000,4596589.30656000
2026-08-07T10:00Z,73.62000000,73.77000000,73.49000000,73.53000000,71723.79000000,5280308.27686000,12386,19199.02200000,1413191.34980000
2026-08-07T11:00Z,73.52000000,73.78000000,73.52000000,73.62000000,52339.54000000,3853714.98486000,9765,29587.30300000,2178635.64936000
2026-08-07T12:00Z,73.63000000,74.31000000,73.62000000,73.90000000,176077.51400000,13019278.12261000,33055,96429.88600000,7130879.48435000
2026-08-07T13:00Z,73.90000000,74.35000000,73.79000000,74.13000000,122156.98600000,9049355.76557000,28060,61113.47400000,4527600.74768000
2026-08-07T14:00Z,74.13000000,74.24000000,73.58000000,73.72000000,111372.38100000,8232278.89782000,32608,54923.81600000,4059385.26045000
2026-08-07T15:00Z,73.72000000,73.97000000,73.69000000,73.88000000,61325.44400000,4527619.49436000,20428,30438.79500000,2247303.91064000
2026-08-07T16:00Z,73.89000000,74.13000000,73.57000000,73.57000000,53237.66500000,3933753.29804000,17530,18445.91800000,1363096.85204000
2026-08-07T17:00Z,73.57000000,73.58000000,73.17000000,73.43000000,129323.86300000,9483841.24077000,39996,88507.99600000,6489988.06104000
2026-08-07T18:00Z,73.43000000,73.58000000,73.25000000,73.41000000,47516.15200000,3488757.08936000,10092,21602.02400000,1586096.34331000
2026-08-07T19:00Z,73.41000000,74.03000000,73.40000000,74.02000000,72192.15100000,5327598.12632000,21212,29524.75100000,2177626.90885000
2026-08-07T20:00Z,74.02000000,74.10000000,73.80000000,73.84000000,62414.37700000,4618905.89783000,16124,11623.20000000,859616.02102000
2026-08-07T21:00Z,73.84000000,73.89000000,73.60000000,73.65000000,34397.91800000,2536141.47014000,11294,22762.17200000,1677997.61454000
2026-08-07T22:00Z,73.65000000,73.72000000,73.58000000,73.65000000,47688.80200000,3511966.58912000,15549,33770.95800000,2487024.55463000
2026-08-07T23:00Z,73.65000000,73.78000000,73.62000000,73.66000000,14347.36700000,1057418.79196000,3665,9663.04800000,712243.88302000
2026-08-08T00:00Z,73.67000000,73.74000000,73.57000000,73.71000000,22489.51500000,1656566.46844000,4588,17280.02100000,1272884.45298000
2026-08-08T01:00Z,73.70000000,73.96000000,73.68000000,73.88000000,32659.92800000,2411793.66926000,7115,15012.86500000,1108040.38355000
2026-08-08T02:00Z,73.89000000,73.97000000,73.86000000,73.86000000,36918.06600000,2729544.11291000,6264,10874.38900000,803827.83854000
2026-08-08T03:00Z,73.87000000,74.99000000,73.86000000,74.83000000,141741.18100000,10558344.70266000,29458,77942.08900000,5804374.08765000
2026-08-08T04:00Z,74.84000000,75.14000000,74.58000000,74.64000000,108607.90000000,8125419.95833000,20246,55437.98800000,4148709.02423000
2026-08-08T05:00Z,74.64000000,74.75000000,74.49000000,74.66000000,38219.83300000,2851381.87199000,8069,21452.45500000,1600524.99925000
2026-08-08T06:00Z,74.66000000,74.82000000,74.57000000,74.70000000,28467.01400000,2126214.96865000,9124,15120.50700000,1129382.11380000
2026-08-08T07:00Z,74.71000000,74.84000000,74.65000000,74.82000000,30945.59000000,2312982.95379000,7440,17889.51700000,1337151.48095000
2026-08-08T08:00Z,74.83000000,74.93000000,74.70000000,74.80000000,30398.15400000,2273659.62835000,8212,16135.79200000,1206828.06036000
2026-08-08T09:00Z,74.81000000,75.04000000,74.80000000,74.87000000,33722.14900000,2525612.88458000,10609,18757.50800000,1404975.87262000
2026-08-08T10:00Z,74.87000000,75.17000000,74.87000000,75.06000000,34782.56900000,2609184.68308000,9465,18320.31000000,1374256.24691000
2026-08-08T11:00Z,75.07000000,75.71000000,75.05000000,75.60000000,119089.48800000,8978026.54523000,26622,71706.21600000,5404960.39007000
2026-08-08T12:00Z,75.61000000,75.69000000,75.35000000,75.43000000,86502.53200000,6532481.29157000,16219,44124.50700000,3332186.76563000
2026-08-08T13:00Z,75.42000000,75.55000000,75.41000000,75.52000000,44654.67900000,3370453.96399000,10585,24414.01500000,1842761.67541000
2026-08-08T14:00Z,75.52000000,76.62000000,75.52000000,76.48000000,172240.22000000,13099128.28042000,33423,109338.98200000,8315887.31884000
2026-08-08T15:00Z,76.49000000,76.81000000,76.25000000,76.40000000,128746.52800000,9852028.80947000,29207,73092.26700000,5593163.16027000
2026-08-08T16:00Z,76.40000000,76.50000000,76.16000000,76.38000000,62744.44000000,4788468.03478000,14349,33487.34500000,2555712.24918000
2026-08-08T17:00Z,76.38000000,76.50000000,76.27000000,76.39000000,34300.88100000,2620061.08078000,11276,18625.36000000,1422639.77797000
2026-08-08T18:00Z,76.38000000,76.38000000,76.07000000,76.14000000,37718.36300000,2873836.35311000,12327,16245.73400000,1237732.31792000
2026-08-08T19:00Z,76.14000000,76.27000000,75.97000000,76.16000000,38147.91100000,2902569.38917000,10281,13979.71300000,1063922.26609000
2026-08-08T20:00Z,76.15000000,76.28000000,76.14000000,76.25000000,27645.28900000,2106879.80212000,11090,16284.96300000,1241051.46790000
2026-08-08T21:00Z,76.25000000,76.36000000,76.14000000,76.20000000,24076.21400000,1836564.06652000,8068,12816.02200000,977686.63506000
2026-08-08T22:00Z,76.21000000,76.29000000,75.86000000,75.91000000,31950.17900000,2432495.10168000,8136,13285.58200000,1011841.46035000
2026-08-08T23:00Z,75.91000000,76.10000000,75.78000000,76.01000000,36643.86400000,2782293.11565000,8477,19066.63100000,1448008.24832000
2026-08-09T00:00Z,76.02000000,76.05000000,75.86000000,76.02000000,23617.31700000,1794167.00036000,6550,13308.05700000,1011053.40422000
2026-08-09T01:00Z,76.02000000,76.10000000,75.73000000,75.87000000,25195.97000000,1912339.21844000,7755,9093.12300000,690064.54895000
2026-08-09T02:00Z,75.88000000,76.00000000,75.80000000,75.86000000,22083.41600000,1676105.31778000,6186,12460.58800000,945854.63244000
2026-08-09T03:00Z,75.86000000,76.05000000,75.76000000,75.99000000,25404.22700000,1928884.15775000,6606,13526.34200000,1027341.44845000
2026-08-09T04:00Z,75.98000000,76.13000000,75.95000000,75.98000000,14839.50400000,1128288.83836000,5463,7381.63600000,561278.79422000
2026-08-09T05:00Z,75.98000000,76.03000000,75.88000000,76.01000000,18606.91500000,1413635.80645000,7472,9362.04400000,711264.70493000
2026-08-09T06:00Z,76.00000000,76.50000000,75.95000000,76.41000000,51322.65300000,3914324.42003000,11884,29611.62900000,2258321.98411000
2026-08-09T07:00Z,76.42000000,76.48000000,76.23000000,76.36000000,36472.52200000,2784360.46147000,9041,18528.34600000,1414590.07011000
2026-08-09T08:00Z,76.36000000,76.58000000,76.10000000,76.32000000,47964.93300000,3661965.51273000,11183,25434.24600000,1941837.51199000
2026-08-09T09:00Z,76.32000000,76.52000000,76.25000000,76.44000000,37837.16600000,2891089.50262000,9123,20599.59100000,1574175.04333000
2026-08-09T10:00Z,76.44000000,76.65000000,76.37000000,76.37000000,30659.29300000,2345528.09331000,9155,18133.42900000,1387412.79344000
2026-08-09T11:00Z,76.38000000,76.53000000,76.32000000,76.50000000,29402.30900000,2247794.11157000,9230,18165.63700000,1388709.25427000
2026-08-09T12:00Z,76.50000000,76.60000000,76.30000000,76.37000000,34091.74500000,2605783.55963000,9126,17474.00100000,1335732.65911000
2026-08-09T13:00Z,76.36000000,76.88000000,76.34000000,76.57000000,52122.61800000,3996853.42661000,13484,27770.32000000,2129402.91008000
2026-08-09T14:00Z,76.58000000,77.08000000,76.57000000,77.02000000,56998.87000000,4377839.25885000,13153,35525.79100000,2728716.89335000
2026-08-09T15:00Z,77.01000000,77.47000000,76.84000000,77.43000000,128466.74900000,9909909.07203000,25277,71142.22000000,5488680.49259000
2026-08-09T16:00Z,77.42000000,77.57000000,77.09000000,77.33000000,85978.57500000,6650039.05141000,20180,45915.43800000,3551915.70901000
2026-08-09T17:00Z,77.32000000,77.34000000,77.13000000,77.18000000,32380.67400000,2501638.14364000,9302,12779.35000000,987333.50916000
2026-08-09T18:00Z,77.17000000,77.25000000,77.07000000,77.21000000,19608.80700000,1513388.65291000,7233,7839.02600000,605016.62676000
2026-08-09T19:00Z,77.21000000,77.36000000,77.14000000,77.23000000,25431.82200000,1964626.41733000,7233,12815.71700000,989980.53412000
2026-08-09T20:00Z,77.22000000,77.28000000,77.06000000,77.27000000,26404.31300000,2038402.50089000,7576,11191.87000000,864059.43075000
2026-08-09T21:00Z,77.26000000,77.51000000,77.15000000,77.36000000,22689.72800000,1754530.62876000,8121,12925.30900000,999705.79464000
2026-08-09T22:00Z,77.36000000,77.84000000,76.66000000,76.82000000,67375.97300000,5208615.30861000,24237,28554.50300000,2210139.29207000
2026-08-09T23:00Z,76.81000000,76.91000000,76.21000000,76.27000000,65811.57500000,5032781.29773000,22359,25994.67100000,1988352.89892000
2026-08-10T00:00Z,76.26000000,77.02000000,76.21000000,76.54000000,62300.57900000,4770966.19438000,27312,32024.86500000,2452890.86194000
2026-08-10T01:00Z,76.55000000,77.17000000,76.40000000,76.90000000,41871.01900000,3213386.99434000,23149,21334.70400000,1637692.40169000
2026-08-10T02:00Z,76.91000000,76.94000000,76.44000000,76.82000000,28869.01500000,2213828.22345000,16552,11219.45700000,860429.40131000
2026-08-10T03:00Z,76.82000000,76.93000000,76.38000000,76.64000000,48104.24700000,3689924.35518000,18522,22090.97600000,1694133.25275000
2026-08-10T04:00Z,76.64000000,76.75000000,76.43000000,76.56000000,34828.56500000,2668347.00492000,11259,12791.83800000,980169.46633000
2026-08-10T05:00Z,76.56000000,76.97000000,76.55000000,76.89000000,28196.77700000,2164758.67021000,10175,12462.64300000,956762.37072000
2026-08-10T06:00Z,76.89000000,77.08000000,76.82000000,76.98000000,29294.33900000,2254221.00431000,11760,16400.05600000,1262100.34283000
2026-08-10T07:00Z,76.99000000,77.11000000,76.83000000,76.98000000,29089.86800000,2239594.88766000,8244,13197.04200000,1016096.10229000
2026-08-10T08:00Z,76.99000000,77.16000000,76.68000000,76.96000000,55171.67000000,4243575.15461000,12546,26528.48300000,2039999.10095000
2026-08-10T09:00Z,76.96000000,77.03000000,76.56000000,76.57000000,53522.32500000,4107022.27385000,15150,22385.93000000,1717860.50783000
2026-08-10T10:00Z,76.57000000,76.89000000,76.53000000,76.83000000,69928.22900000,5363518.72749000,20006,50122.71300000,3844132.79790000
2026-08-10T11:00Z,76.82000000,77.05000000,76.67000000,77.05000000,34538.78300000,2654908.41664000,9357,21120.05100000,1623469.99015000
2026-08-10T12:00Z,77.05000000,77.13000000,76.60000000,76.64000000,58238.84800000,4478910.22257000,15658,24729.69700000,1901960.06254000
2026-08-10T13:00Z,76.64000000,76.77000000,76.14000000,76.31000000,117731.83900000,8999236.31519000,32604,57836.20200000,4422027.50424000
2026-08-10T14:00Z,76.31000000,76.69000000,76.24000000,76.26000000,72440.22500000,5543668.20169000,21641,38917.11200000,2978548.85164000
2026-08-10T15:00Z,76.26000000,76.42000000,75.83000000,75.96000000,135319.45900000,10290700.73795000,34420,68225.61000000,5188881.90153000
2026-08-10T16:00Z,75.96000000,76.11000000,75.58000000,75.70000000,125240.17700000,9496723.13418000,25073,68282.39900000,5178987.27708000
2026-08-10T17:00Z,75.71000000,76.11000000,75.61000000,75.97000000,50633.71400000,3845765.61449000,14888,22322.82800000,1695292.52125000
2026-08-10T18:00Z,75.97000000,76.07000000,75.70000000,75.82000000,40342.37800000,3062078.98351000,11663,18043.98600000,1369845.22063000
2026-08-10T19:00Z,75.83000000,76.28000000,75.80000000,76.19000000,26218.49000000,1995151.26778000,10075,13403.30500000,1020049.04348000
2026-08-10T20:00Z,76.19000000,76.49000000,76.17000000,76.43000000,35189.79900000,2686470.98905000,10044,22331.38300000,1704891.65706000
2026-08-10T21:00Z,76.43000000,76.49000000,76.29000000,76.30000000,36110.53200000,2758963.70813000,13070,11819.19500000,903079.20496000
2026-08-10T22:00Z,76.30000000,76.38000000,76.04000000,76.21000000,37264.70800000,2840695.50225000,12600,10889.96200000,830092.31529000
2026-08-10T23:00Z,76.21000000,76.22000000,75.98000000,75.99000000,27792.77000000,2115110.78034000,9190,11288.12400000,859041.70502000
2026-08-11T00:00Z,76.00000000,76.04000000,75.76000000,75.90000000,31762.67100000,2411239.14864000,11685,14274.87200000,1083748.33511000
2026-08-11T01:00Z,75.90000000,76.10000000,75.71000000,76.09000000,28544.75400000,2166106.42765000,10855,12767.71800000,969071.83415000
2026-08-11T02:00Z,76.09000000,76.15000000,75.99000000,76.05000000,22096.14300000,1681113.48016000,6209,12641.35400000,961848.67958000
2026-08-11T03:00Z,76.04000000,76.25000000,76.04000000,76.08000000,26406.52100000,2010982.68023000,6197,12228.26200000,931218.09998000
2026-08-11T04:00Z,76.08000000,76.23000000,76.07000000,76.08000000,21792.75900000,1659691.62884000,5654,12259.84900000,933727.16526000
2026-08-11T05:00Z,76.08000000,76.09000000,75.79000000,75.81000000,46523.12900000,3531508.94305000,15392,26672.86700000,2024605.54881000
2026-08-11T06:00Z,75.81000000,76.06000000,75.65000000,75.82000000,54417.48400000,4128166.08737000,14201,27778.46000000,2107434.70907000
2026-08-11T07:00Z,75.82000000,75.87000000,75.42000000,75.69000000,57740.41800000,4364951.67968000,16768,27776.44300000,2099671.50972000
2026-08-11T08:00Z,75.70000000,75.99000000,75.63000000,75.94000000,50933.19200000,3860680.72979000,11102,28050.01500000,2126057.53222000
2026-08-11T09:00Z,75.95000000,75.95000000,75.68000000,75.90000000,71384.72500000,5411478.69397000,12810,38340.53500000,2906499.76720000
2026-08-11T10:00Z,75.89000000,76.07000000,75.77000000,75.96000000,52183.50600000,3960539.44286000,13283,24770.79300000,1879699.76546000
2026-08-11T11:00Z,75.95000000,76.37000000,75.95000000,76.24000000,77311.80000000,5890927.54826000,20690,35296.52400000,2689905.34028000
2026-08-11T12:00Z,76.24000000,76.26000000,75.80000000,75.87000000,57206.85900000,4346138.99550000,15373,31428.81500000,2387234.55585000
2026-08-11T13:00Z,75.87000000,76.11000000,75.72000000,76.02000000,83211.81700000,6316210.60318000,28315,46711.34700000,3545135.10005000
2026-08-11T14:00Z,76.01000000,76.16000000,75.08000000,75.21000000,101687.34100000,7680501.86996000,41306,45236.78600000,3416068.47299000
2026-08-11T15:00Z,75.20000000,75.42000000,74.63000000,74.93000000,118672.44400000,8902292.32653000,46672,57589.97800000,4320710.55129000
2026-08-11T16:00Z,74.93000000,75.08000000,74.79000000,74.93000000,42400.62100000,3178233.65727000,18018,18272.22800000,1369727.41447000
2026-08-11T17:00Z,74.94000000,75.22000000,74.92000000,75.18000000,39180.25100000,2940640.12196000,13800,21878.54400000,1642060.64929000
2026-08-11T18:00Z,75.17000000,75.35000000,75.08000000,75.27000000,44777.48100000,3368505.56111000,12705,16683.09000000,1255076.95580000
2026-08-11T19:00Z,75.28000000,75.71000000,75.06000000,75.67000000,41295.99800000,3112532.29870000,12556,23565.43800000,1776935.57718000
2026-08-11T20:00Z,75.67000000,76.26000000,75.66000000,76.05000000,90230.81400000,6860452.44547000,21323,45224.18500000,3438277.75820000
2026-08-11T21:00Z,76.05000000,76.45000000,76.01000000,76.45000000,55615.12400000,4235271.96120000,17146,25340.39500000,1930373.49058000
2026-08-11T22:00Z,76.45000000,76.67000000,76.25000000,76.42000000,67498.45000000,5159601.18552000,16489,32941.69700000,2518540.96260000
2026-08-11T23:00Z,76.42000000,76.42000000,76.20000000,76.30000000,32920.38000000,2510995.02162000,9311,13906.29100000,1060628.80866000
2026-08-12T00:00Z,76.30000000,76.38000000,76.24000000,76.37000000,24911.29200000,1900505.73878000,7782,10161.22400000,775254.43207000
2026-08-12T01:00Z,76.37000000,76.60000000,76.31000000,76.44000000,35529.68300000,2715872.10289000,10379,19368.85500000,1480552.19784000
2026-08-12T02:00Z,76.44000000,76.60000000,76.42000000,76.43000000,29202.96300000,2234492.33513000,8248,13922.08800000,1065279.19729000
2026-08-12T03:00Z,76.43000000,76.53000000,76.26000000,76.42000000,26244.29300000,2004787.85782000,7048,10749.39100000,821181.18871000
2026-08-12T04:00Z,76.42000000,76.58000000,76.28000000,76.30000000,26736.37500000,2042838.81084000,6485,11103.50000000,848513.05360000
2026-08-12T05:00Z,76.30000000,76.38000000,76.19000000,76.33000000,25672.34000000,1958916.22958000,6622,16250.23000000,1240097.43304000
2026-08-12T06:00Z,76.33000000,76.37000000,75.98000000,76.05000000,38068.01200000,2898280.78640000,10559,17352.51600000,1321190.97608000
2026-08-12T07:00Z,76.05000000,76.27000000,75.94000000,76.27000000,36271.82000000,2759611.32306000,12493,21729.80600000,1653228.79714000
2026-08-12T08:00Z,76.26000000,76.46000000,76.16000000,76.19000000,48863.78000000,3729725.97121000,11099,25291.17900000,1930449.66224000
2026-08-12T09:00Z,76.18000000,76.90000000,76.14000000,76.75000000,87197.85000000,6683680.80366000,22797,40322.24100000,3089766.66229000
2026-08-12T10:00Z,76.75000000,76.89000000,76.69000000,76.78000000,61067.67300000,4689223.98112000,16413,27428.84200000,2106336.59567000
2026-08-12T11:00Z,76.78000000,76.88000000,76.70000000,76.84000000,39138.04000000,3005492.36933000,8970,23091.49500000,1773255.75482000
2026-08-12T12:00Z,76.83000000,77.33000000,76.38000000,76.65000000,157212.57500000,12088313.79146000,33713,81866.88300000,6296650.89743000
2026-08-12T13:00Z,76.66000000,76.68000000,76.05000000,76.23000000,94944.73000000,7251795.90769000,39439,57536.71900000,4394633.85334000
2026-08-12T14:00Z,76.23000000,76.26000000,75.42000000,75.48000000,137689.68500000,10439608.97195000,52933,78275.99400000,5935901.08663000
2026-08-12T15:00Z,75.47000000,75.88000000,75.38000000,75.75000000,59434.10400000,4499741.00794000,21683,31797.37400000,2408151.18484000
2026-08-12T16:00Z,75.75000000,75.85000000,75.57000000,75.70000000,33053.70800000,2502566.27734000,11160,18385.34600000,1391886.79990000
2026-08-12T17:00Z,75.69000000,76.07000000,75.67000000,75.91000000,35526.73100000,2695292.63557000,11328,19628.75800000,1489607.98202000
2026-08-12T18:00Z,75.91000000,76.10000000,75.85000000,75.89000000,21721.03600000,1649950.36810000,8686,11440.21800000,869012.87263000
2026-08-12T19:00Z,75.89000000,76.01000000,75.60000000,75.77000000,23889.94800000,1811451.08610000,10620,9364.59500000,709975.38535000
2026-08-12T20:00Z,75.76000000,76.02000000,75.75000000,75.93000000,19542.22000000,1483123.75191000,7973,9558.07900000,725406.87757000
2026-08-12T21:00Z,75.94000000,76.02000000,75.44000000,75.50000000,35260.63400000,2669115.55852000,15804,16021.19100000,1213704.08346000
2026-08-12T22:00Z,75.49000000,75.67000000,75.35000000,75.53000000,32707.08800000,2470224.57190000,19036,10919.08400000,824684.60507000
2026-08-12T23:00Z,75.53000000,75.66000000,75.40000000,75.63000000,24262.63400000,1832134.22961000,13055,9359.90600000,706878.55978000
2026-08-13T00:00Z,75.64000000,75.89000000,75.56000000,75.63000000,27404.26400000,2074759.44779000,9739,15409.18800000,1166573.10092000
2026-08-13T01:00Z,75.62000000,75.81000000,75.48000000,75.65000000,23198.79100000,1755262.57653000,10192,10991.23700000,831583.71407000
2026-08-13T02:00Z,75.64000000,75.99000000,75.53000000,75.98000000,32337.53200000,2448827.50391000,11702,16858.95000000,1276797.75414000
2026-08-13T03:00Z,75.99000000,76.33000000,75.97000000,76.26000000,84780.97900000,6459968.73474000,25030,36520.68000000,2782585.03973000
2026-08-13T04:00Z,76.26000000,76.29000000,76.03000000,76.13000000,30942.64300000,2356543.45932000,7920,12813.22800000,975766.66511000
2026-08-13T05:00Z,76.14000000,76.62000000,76.09000000,76.52000000,38273.05600000,2925348.49660000,10466,23047.30600000,1761260.50286000
2026-08-13T06:00Z,76.52000000,76.55000000,76.32000000,76.53000000,39915.20900000,3051071.98855000,8197,13454.11400000,1028288.36686000
2026-08-13T07:00Z,76.53000000,76.54000000,76.40000000,76.44000000,28139.01500000,2151347.13515000,5837,17474.59700000,1336016.18378000
2026-08-13T08:00Z,76.44000000,76.49000000,76.17000000,76.21000000,27688.13200000,2112055.47572000,6683,12537.71100000,956431.31601000
2026-08-13T09:00Z,76.20000000,76.22000000,75.90000000,76.16000000,53218.48900000,4046154.84226000,16851,34728.59700000,2640252.76718000
2026-08-13T10:00Z,76.16000000,76.18000000,75.70000000,75.75000000,59752.11700000,4532651.77147000,15216,32240.90700000,2445226.06588000
2026-08-13T11:00Z,75.76000000,75.76000000,75.56000000,75.67000000,38922.89000000,2944668.37400000,10879,21970.63400000,1662240.49793000
2026-08-13T12:00Z,75.66000000,76.15000000,75.65000000,76.14000000,33765.08000000,2563436.32556000,9494,18004.59900000,1366943.48379000
2026-08-13T13:00Z,76.13000000,76.37000000,76.06000000,76.20000000,70317.31300000,5358131.03235000,26576,22131.60400000,1686498.20730000
2026-08-13T14:00Z,76.20000000,76.59000000,76.14000000,76.46000000,58653.50900000,4480691.83686000,17613,26592.22000000,2031461.64000000
2026-08-13T15:00Z,76.46000000,76.55000000,75.63000000,75.64000000,62963.65400000,4790656.01076000,21566,27137.00700000,2064181.40918000
2026-08-13T16:00Z,75.64000000,75.87000000,75.10000000,75.61000000,147622.90000000,11155571.94348000,44496,86793.75500000,6562214.16582000
2026-08-13T17:00Z,75.61000000,75.94000000,75.56000000,75.78000000,30652.48500000,2322457.17504000,12514,18270.39500000,1384152.84538000
2026-08-13T18:00Z,75.77000000,76.10000000,75.68000000,76.01000000,24137.96000000,1831316.22900000,10236,12254.00600000,929841.90643000
2026-08-13T19:00Z,76.01000000,76.28000000,75.98000000,76.20000000,42760.84100000,3255381.54715000,18353,15488.41100000,1179119.41846000
2026-08-13T20:00Z,76.20000000,76.34000000,76.14000000,76.22000000,48254.32800000,3678654.95960000,15859,18371.68400000,1400788.66317000
2026-08-13T21:00Z,76.23000000,76.31000000,76.12000000,76.21000000,24805.21200000,1890426.66649000,10332,10522.03400000,801725.25732000
2026-08-13T22:00Z,76.21000000,76.45000000,76.20000000,76.25000000,45513.35100000,3474915.77527000,17499,12960.80100000,989509.20583000
2026-08-13T23:00Z,76.25000000,76.30000000,76.15000000,76.28000000,19488.80700000,1485838.00773000,5224,11243.65400000,857297.20584000
2026-08-14T00:00Z,76.28000000,76.33000000,75.99000000,76.08000000,39546.48500000,3010656.04726000,12698,21396.61600000,1628717.76357000
2026-08-14T01:00Z,76.07000000,76.18000000,75.91000000,76.08000000,41828.82600000,3179804.20088000,15853,25316.26900000,1924282.39758000
2026-08-14T02:00Z,76.09000000,76.20000000,75.98000000,76.03000000,23612.90700000,1796670.58407000,6503,10067.82100000,765965.77263000
2026-08-14T03:00Z,76.02000000,76.07000000,75.75000000,75.76000000,31920.64000000,2421866.46144000,9411,13227.67800000,1003466.84072000
2026-08-14T04:00Z,75.76000000,76.04000000,75.75000000,75.85000000,33259.54800000,2525564.67294000,6850,12563.14300000,953613.02650000
2026-08-14T05:00Z,75.85000000,76.00000000,75.81000000,75.93000000,19678.51100000,1493534.51824000,6010,10558.87700000,801264.22686000
2026-08-14T06:00Z,75.92000000,75.93000000,75.52000000,75.54000000,50473.29300000,3818317.33770000,15432,29182.32500000,2207622.85307000
2026-08-14T07:00Z,75.55000000,75.74000000,75.50000000,75.59000000,38230.98900000,2891290.65521000,9765,17010.86100000,1286176.98232000
2026-08-14T08:00Z,75.60000000,75.88000000,75.57000000,75.87000000,40279.12500000,3050043.63799000,9063,15858.86200000,1200925.18720000
2026-08-14T09:00Z,75.87000000,75.87000000,75.42000000,75.49000000,38555.94100000,2915880.28806000,9368,17553.17800000,1327317.41912000
2026-08-14T10:00Z,75.49000000,75.65000000,75.36000000,75.41000000,46288.24800000,3495244.92905000,9392,18015.62800000,1360549.67505000
2026-08-14T11:00Z,75.41000000,75.61000000,75.40000000,75.54000000,36686.05500000,2770533.04524000,8618,15008.37500000,1133415.47986000
2026-08-14T12:00Z,75.54000000,75.61000000,75.35000000,75.47000000,33452.48700000,2525032.34968000,10423,13926.36900000,1051170.34659000
2026-08-14T13:00Z,75.47000000,75.49000000,75.24000000,75.37000000,70876.51700000,5342113.40958000,19555,22973.67800000,1731507.80559000
2026-08-14T14:00Z,75.37000000,75.42000000,75.06000000,75.28000000,59283.30300000,4462286.33164000,19266,24027.61000000,1808928.33292000
2026-08-14T15:00Z,75.28000000,75.78000000,75.21000000,75.65000000,58791.99600000,4438357.14199000,17835,26797.81500000,2023786.81310000
2026-08-14T16:00Z,75.65000000,75.71000000,75.45000000,75.47000000,39082.40500000,2954574.43187000,12737,15736.43900000,1189681.80236000
2026-08-14T17:00Z,75.48000000,75.68000000,75.16000000,75.30000000,53320.33900000,4020603.51858000,12446,30182.43400000,2274502.60143000
2026-08-14T18:00Z,75.30000000,75.31000000,74.95000000,74.97000000,76786.82800000,5767524.90560000,18994,31827.55200000,2390849.87644000
2026-08-14T19:00Z,74.97000000,75.11000000,74.69000000,75.02000000,97202.03900000,7277963.51226000,26856,42101.55400000,3152618.87241000
2026-08-14T20:00Z,75.02000000,75.25000000,74.98000000,75.15000000,34693.79200000,2607515.81982000,8799,12132.96800000,911834.07315000
2026-08-14T21:00Z,75.16000000,75.24000000,75.10000000,75.19000000,39275.47200000,2952710.87934000,8004,17071.13100000,1283290.47871000
2026-08-14T22:00Z,75.20000000,75.29000000,74.97000000,75.20000000,31018.35100000,2330310.40809000,8551,13036.53600000,979347.98428000
2026-08-14T23:00Z,75.19000000,75.41000000,75.16000000,75.40000000,29720.80900000,2237982.55272000,7581,16308.90300000,1228101.73193000
2026-08-15T00:00Z,75.40000000,75.43000000,75.33000000,75.36000000,23069.18300000,1739193.65263000,6312,13311.03500000,1003540.51312000
2026-08-15T01:00Z,75.36000000,75.48000000,75.29000000,75.42000000,20679.28900000,1559271.08073000,5056,9764.58300000,736277.21582000
2026-08-15T02:00Z,75.42000000,75.68000000,75.39000000,75.65000000,39330.01400000,2970926.46374000,8888,24628.79400000,1860075.67820000
2026-08-15T03:00Z,75.66000000,75.71000000,75.41000000,75.42000000,22171.52800000,1675070.95733000,5679,8081.35200000,610606.86594000
2026-08-15T04:00Z,75.41000000,75.60000000,75.17000000,75.53000000,46285.43600000,3491135.04977000,7068,17115.48200000,1291782.48150000
2026-08-15T05:00Z,75.54000000,75.60000000,75.31000000,75.36000000,35945.42400000,2712599.20171000,6092,15766.65200000,1189331.65980000
2026-08-15T06:00Z,75.35000000,75.50000000,75.28000000,75.44000000,21225.67100000,1599665.17541000,4863,11843.30000000,892536.34757000
2026-08-15T07:00Z,75.44000000,75.44000000,75.21000000,75.24000000,18457.12000000,1390182.93041000,4265,8267.68300000,622792.49728000
2026-08-15T08:00Z,75.23000000,75.31000000,75.08000000,75.09000000,20788.90800000,1562859.41860000,5283,10618.87600000,798149.17127000
2026-08-15T09:00Z,75.09000000,75.26000000,75.05000000,75.23000000,19618.28600000,1474376.97151000,4911,9111.05000000,684751.35306000
2026-08-15T10:00Z,75.24000000,75.36000000,75.21000000,75.30000000,15711.99900000,1182893.30993000,4402,8247.97700000,620936.21572000
2026-08-15T11:00Z,75.29000000,75.31000000,75.22000000,75.26000000,11958.57600000,900140.59845000,3135,6192.06200000,466101.33183000
2026-08-15T12:00Z,75.25000000,75.43000000,75.21000000,75.43000000,14771.57800000,1111944.32287000,3923,6670.75300000,502178.50130000
2026-08-15T13:00Z,75.42000000,75.58000000,75.40000000,75.57000000,38795.99600000,2929905.77379000,9379,14316.48100000,1081173.29204000
2026-08-15T14:00Z,75.58000000,75.59000000,75.46000000,75.46000000,66008.45300000,4986456.71738000,11297,13478.34700000,1017975.30752000
2026-08-15T15:00Z,75.46000000,75.56000000,75.38000000,75.53000000,24231.39400000,1829096.09540000,4558,15448.79500000,1166161.52873000
2026-08-15T16:00Z,75.52000000,75.54000000,75.41000000,75.50000000,17652.32200000,1332304.19567000,5230,7801.62200000,588821.27122000
2026-08-15T17:00Z,75.49000000,75.69000000,75.49000000,75.68000000,29643.24200000,2241272.67590000,10678,12307.69600000,930545.20621000
2026-08-15T18:00Z,75.68000000,75.69000000,75.51000000,75.56000000,20059.64800000,1516042.37984000,5105,6506.22300000,491659.72768000
2026-08-15T19:00Z,75.56000000,75.58000000,75.52000000,75.57000000,10637.09000000,803593.61968000,2634,5934.92700000,448367.64594000
2026-08-15T20:00Z,75.57000000,75.59000000,75.42000000,75.54000000,25359.08900000,1915164.18725000,4272,12928.67400000,976439.90246000
2026-08-15T21:00Z,75.54000000,75.74000000,75.53000000,75.64000000,14886.05900000,1126231.83687000,3539,8052.64600000,609214.91185000
2026-08-15T22:00Z,75.64000000,75.70000000,75.56000000,75.59000000,20611.08400000,1558825.47179000,7270,7066.08100000,534410.79323000
2026-08-15T23:00Z,75.59000000,75.59000000,75.31000000,75.35000000,24216.43300000,1826541.66905000,5635,10879.47500000,820528.13369000
2026-08-16T00:00Z,75.35000000,75.50000000,75.27000000,75.48000000,15960.11700000,1203252.76978000,4758,6950.87100000,523995.74170000
2026-08-16T01:00Z,75.47000000,75.49000000,75.30000000,75.43000000,24138.65600000,1820314.49547000,5242,15465.30000000,1166300.58773000
2026-08-16T02:00Z,75.43000000,75.66000000,75.27000000,75.57000000,22315.83300000,1685406.38169000,6636,10933.10700000,825583.32445000
2026-08-16T03:00Z,75.57000000,75.66000000,75.57000000,75.58000000,26311.01800000,1989402.38908000,7579,9993.42100000,755605.63493000
2026-08-16T04:00Z,75.59000000,75.62000000,75.43000000,75.45000000,13202.02000000,997233.75217000,3843,5566.68500000,420479.85517000
2026-08-16T05:00Z,75.45000000,75.52000000,75.34000000,75.36000000,19937.58900000,1503456.90836000,4905,13079.34500000,986215.78488000
2026-08-16T06:00Z,75.36000000,75.53000000,75.28000000,75.38000000,19879.25200000,1498434.53396000,4692,8480.27000000,639122.21831000
2026-08-16T07:00Z,75.38000000,75.48000000,75.35000000,75.47000000,9201.99000000,694092.54883000,2574,4608.36800000,347585.90837000
2026-08-16T08:00Z,75.47000000,75.49000000,75.40000000,75.47000000,9874.60500000,745010.32181000,2937,4702.62800000,354818.23196000
2026-08-16T09:00Z,75.48000000,75.48000000,75.26000000,75.32000000,24163.15700000,1820939.99230000,4858,12278.29600000,925113.60390000
2026-08-16T10:00Z,75.32000000,75.33000000,75.17000000,75.27000000,23925.54000000,1800088.39150000,5150,10728.86100000,807236.93477000
2026-08-16T11:00Z,75.27000000,75.32000000,75.23000000,75.29000000,19957.61900000,1502213.37414000,3441,6278.83700000,472639.25403000
2026-08-16T12:00Z,75.29000000,75.30000000,75.20000000,75.22000000,16268.48800000,1224236.41412000,3676,6863.41200000,516464.92066000
2026-08-16T13:00Z,75.23000000,75.42000000,75.22000000,75.31000000,14314.50600000,1078690.47195000,4114,5986.21000000,451045.23739000
2026-08-16T14:00Z,75.31000000,75.42000000,75.25000000,75.40000000,16718.25600000,1259493.93253000,4388,9549.92400000,719419.55668000
2026-08-16T15:00Z,75.40000000,75.64000000,75.39000000,75.58000000,32612.21500000,2463838.45181000,9355,15335.56100000,1158338.11890000
2026-08-16T16:00Z,75.57000000,75.71000000,75.50000000,75.56000000,84852.60800000,6415433.10321000,14805,53371.15400000,4035737.02718000
2026-08-16T17:00Z,75.56000000,75.60000000,75.27000000,75.28000000,36546.36300000,2755172.15190000,9042,20819.12600000,1569207.22716000
2026-08-16T18:00Z,75.27000000,75.28000000,75.03000000,75.19000000,45819.94900000,3443379.18280000,10487,31250.58400000,2348208.79353000
2026-08-16T19:00Z,75.19000000,75.37000000,75.18000000,75.23000000,17532.49500000,1319539.96116000,4680,8889.14000000,669034.77575000
2026-08-16T20:00Z,75.22000000,75.33000000,74.97000000,75.04000000,29204.84900000,2194754.50917000,6764,14381.78500000,1080586.56167000
2026-08-16T21:00Z,75.03000000,75.09000000,74.10000000,74.34000000,89658.05400000,6683156.80413000,28421,35292.86100000,2629329.84234000
2026-08-16T22:00Z,74.34000000,74.53000000,74.18000000,74.52000000,47462.07300000,3530432.85619000,15421,21813.47600000,1622786.08172000
2026-08-16T23:00Z,74.52000000,74.66000000,74.46000000,74.61000000,21556.97300000,1607334.43969000,7084,8565.62900000,638733.12833000
2026-08-17T00:00Z,74.62000000,74.75000000,74.43000000,74.62000000,41586.76100000,3102060.04492000,11483,19056.51100000,1421657.42495000
2026-08-17T01:00Z,74.62000000,75.35000000,74.58000000,75.10000000,64090.08800000,4816190.12998000,22003,36739.71900000,2761139.64108000
2026-08-17T02:00Z,75.10000000,75.60000000,75.05000000,75.48000000,53811.96700000,4056233.80870000,13276,32524.58500000,2451975.30385000
2026-08-17T03:00Z,75.49000000,75.59000000,75.46000000,75.51000000,61348.72500000,4633102.12637000,20073,16949.20500000,1279973.65237000
2026-08-17T04:00Z,75.52000000,75.64000000,75.50000000,75.56000000,31884.39100000,2409111.97351000,11350,12819.31900000,968518.24421000
2026-08-17T05:00Z,75.57000000,75.63000000,75.39000000,75.40000000,22134.76700000,1670918.66465000,5129,7348.44900000,554799.88240000
2026-08-17T06:00Z,75.40000000,76.00000000,75.36000000,75.84000000,68202.40000000,5164575.19714000,13202,41363.64800000,3132143.04524000
2026-08-17T07:00Z,75.85000000,75.96000000,75.74000000,75.79000000,51212.14000000,3883660.86655000,14801,13318.52600000,1010092.85971000
2026-08-17T08:00Z,75.79000000,75.81000000,75.17000000,75.24000000,93110.38000000,7020842.30036000,17090,53658.20900000,4043711.57464000
2026-08-17T09:00Z,75.24000000,75.42000000,75.22000000,75.35000000,46626.71400000,3511152.63000000,15688,33742.53400000,2540615.68236000
2026-08-17T10:00Z,75.34000000,75.80000000,75.30000000,75.78000000,54849.60200000,4146392.75288000,15001,22985.55100000,1736790.84349000
2026-08-17T11:00Z,75.79000000,75.95000000,75.68000000,75.71000000,78753.48100000,5969602.17096000,23088,23677.86200000,1794738.67361000
2026-08-17T12:00Z,75.70000000,75.71000000,75.35000000,75.43000000,71415.47700000,5389875.93995000,20498,39682.42600000,2994311.47415000
2026-08-17T13:00Z,75.42000000,75.78000000,75.28000000,75.63000000,67087.01400000,5065098.19570000,24263,42622.45800000,3216308.11976000
2026-08-17T14:00Z,75.63000000,76.02000000,75.51000000,75.99000000,66189.63600000,5013423.23827000,24148,23426.34300000,1775620.63984000
2026-08-17T15:00Z,75.99000000,76.22000000,75.79000000,76.11000000,96657.20500000,7344781.10545000,26090,36622.91200000,2783933.04101000
2026-08-17T16:00Z,76.11000000,76.15000000,75.94000000,76.03000000,54543.69100000,4147894.21451000,14527,25766.68400000,1959584.34759000
2026-08-17T17:00Z,76.03000000,76.12000000,75.70000000,75.93000000,51568.30200000,3914351.35837000,16000,25548.61600000,1939528.28986000
2026-08-17T18:00Z,75.92000000,76.17000000,75.86000000,75.90000000,30368.11900000,2307423.62344000,10947,13145.11600000,998802.98087000
2026-08-17T19:00Z,75.90000000,75.96000000,75.75000000,75.81000000,31754.15600000,2408131.20531000,10301,20388.33900000,1546096.40427000
2026-08-17T20:00Z,75.81000000,76.10000000,75.63000000,75.99000000,41640.48800000,3156836.47969000,17678,27027.94300000,2048554.54712000
2026-08-17T21:00Z,76.00000000,76.05000000,75.87000000,75.95000000,28486.34100000,2163208.69192000,7442,10709.65300000,813307.21913000
2026-08-17T22:00Z,75.96000000,76.03000000,75.71000000,75.74000000,28834.39400000,2186922.71415000,7992,19998.92100000,1516860.88676000
2026-08-17T23:00Z,75.74000000,76.12000000,75.71000000,76.02000000,33698.11500000,2558250.95994000,12594,22978.95500000,1743947.81713000
2026-08-18T00:00Z,76.02000000,76.09000000,75.87000000,76.04000000,37197.57300000,2826772.63037000,10176,15914.97500000,1209189.67758000
2026-08-18T01:00Z,76.05000000,76.06000000,75.55000000,75.60000000,37508.76900000,2841817.96413000,9104,19057.05000000,1444261.35372000
2026-08-18T02:00Z,75.59000000,75.64000000,75.20000000,75.27000000,116272.55100000,8771390.99976000,31692,82346.60200000,6213297.77154000
2026-08-18T03:00Z,75.27000000,75.53000000,75.25000000,75.50000000,32736.00900000,2468071.41354000,12078,21530.00200000,1623011.82975000
2026-08-18T04:00Z,75.50000000,75.85000000,75.41000000,75.84000000,75709.19900000,5727465.78441000,15732,33810.93600000,2555462.70902000
2026-08-18T05:00Z,75.85000000,75.97000000,75.59000000,75.74000000,59566.30600000,4517032.74632000,17209,17276.28400000,1309597.69209000
2026-08-18T06:00Z,75.73000000,76.07000000,75.65000000,76.01000000,49542.62000000,3761919.01011000,11325,22792.61600000,1730708.77664000
2026-08-18T07:00Z,76.02000000,76.27000000,75.95000000,76.10000000,74906.87100000,5700375.15540000,18864,25776.14900000,1961457.73851000
2026-08-18T08:00Z,76.10000000,76.20000000,75.85000000,76.18000000,52277.97700000,3973337.71107000,10742,22039.77400000,1675112.65744000
2026-08-18T09:00Z,76.17000000,76.17000000,75.88000000,75.94000000,36705.58000000,2789439.55819000,6647,14563.58500000,1106865.37422000
2026-08-18T10:00Z,75.94000000,75.99000000,75.80000000,75.84000000,37834.68600000,2870435.99164000,10395,21534.15000000,1633801.27865000
2026-08-18T11:00Z,75.85000000,76.45000000,75.83000000,76.31000000,96476.65400000,7357241.07097000,22870,46786.74100000,3565061.50044000
2026-08-18T12:00Z,76.32000000,76.52000000,76.23000000,76.25000000,59789.62200000,4567650.63994000,13039,29141.62000000,2226228.19616000
2026-08-18T13:00Z,76.25000000,76.30000000,76.05000000,76.21000000,49236.30200000,3748851.18325000,14619,20280.66800000,1544263.19547000
2026-08-18T14:00Z,76.21000000,77.33000000,76.12000000,76.80000000,183947.13600000,14143664.79743000,45474,96758.05500000,7439453.86366000
2026-08-18T15:00Z,76.80000000,77.25000000,76.79000000,77.19000000,112136.69600000,8638210.33326000,28017,70646.63300000,5442635.88488000
2026-08-18T16:00Z,77.20000000,77.32000000,76.85000000,77.08000000,53319.13200000,4111070.85400000,15673,26928.77700000,2076757.22775000
2026-08-18T17:00Z,77.08000000,77.10000000,76.88000000,76.89000000,31383.27900000,2415208.59108000,9786,12627.71300000,971772.99053000
2026-08-18T18:00Z,76.89000000,77.31000000,76.88000000,77.27000000,33859.72700000,2612966.87340000,10289,19333.30800000,1491963.06531000
2026-08-18T19:00Z,77.26000000,77.41000000,77.08000000,77.18000000,44572.79700000,3442875.26293000,14126,25683.19700000,1983857.86128000
2026-08-18T20:00Z,77.18000000,77.22000000,76.75000000,76.89000000,57163.21300000,4399920.56093000,12202,25619.15700000,1970858.64798000
2026-08-18T21:00Z,76.89000000,77.12000000,76.89000000,77.00000000,24598.19100000,1893785.59177000,7857,13932.83400000,1072691.53538000
2026-08-18T22:00Z,77.00000000,77.21000000,76.88000000,76.94000000,60947.79800000,4695976.79777000,15041,32572.47900000,2509526.58858000
2026-08-18T23:00Z,76.95000000,77.23000000,76.94000000,77.05000000,37174.26400000,2866825.38101000,8949,19602.54500000,1511574.29246000
2026-08-19T00:00Z,77.05000000,77.12000000,76.83000000,76.91000000,35601.90700000,2741188.16379000,10300,17446.76500000,1343525.40643000
2026-08-19T01:00Z,76.92000000,77.07000000,76.64000000,76.80000000,68341.66900000,5251671.95575000,15204,29036.59700000,2231271.80802000
2026-08-19T02:00Z,76.80000000,76.93000000,76.70000000,76.81000000,30126.29000000,2313969.98964000,10285,16506.72300000,1267879.63541000
2026-08-19T03:00Z,76.81000000,77.10000000,76.70000000,77.00000000,33229.18400000,2556371.73232000,12683,19848.02600000,1526996.64565000
2026-08-19T04:00Z,76.99000000,77.14000000,76.80000000,76.86000000,34893.31000000,2685492.09579000,9457,14677.33400000,1129447.38371000
2026-08-19T05:00Z,76.86000000,77.07000000,76.78000000,76.80000000,33431.58500000,2571256.41438000,7490,17443.38000000,1341633.54595000
2026-08-19T06:00Z,76.81000000,77.17000000,76.63000000,77.07000000,50558.40600000,3886632.43649000,11822,22883.77500000,1758894.90290000
2026-08-19T07:00Z,77.08000000,77.10000000,76.94000000,76.96000000,37457.56200000,2884665.31124000,7567,18336.14800000,1412015.29641000
2026-08-19T08:00Z,76.96000000,77.65000000,76.92000000,77.38000000,104771.80600000,8102169.46490000,17067,63517.56200000,4911864.61523000
2026-08-19T09:00Z,77.39000000,77.48000000,77.22000000,77.32000000,44006.14500000,3403596.84094000,7416,15995.00200000,1237340.14139000
2026-08-19T10:00Z,77.33000000,77.39000000,77.23000000,77.39000000,24995.83400000,1932181.58084000,6003,11377.87800000,879570.14898000
2026-08-19T11:00Z,77.38000000,77.62000000,77.38000000,77.55000000,53548.00400000,4152125.79553000,8337,31510.84800000,2443364.35824000
2026-08-19T12:00Z,77.54000000,79.05000000,77.43000000,78.41000000,275387.26600000,21570933.76842000,43116,189950.65900000,14877886.96428000
2026-08-19T13:00Z,78.41000000,78.71000000,78.18000000,78.41000000,169787.49500000,13320082.96234000,36286,86728.93000000,6804478.70373000
2026-08-19T14:00Z,78.41000000,81.01000000,78.37000000,80.89000000,396329.10100000,31644022.44799000,75577,229982.35600000,18340919.42019000
2026-08-19T15:00Z,80.90000000,83.00000000,80.70000000,81.83000000,890278.40800000,72755394.85298000,238028,448722.57900000,36663524.74355000
2026-08-19T16:00Z,81.83000000,82.39000000,81.55000000,81.58000000,177212.82100000,14521288.85215000,54578,83539.32400000,6846198.79673000
2026-08-19T17:00Z,81.58000000,81.72000000,81.01000000,81.65000000,174845.25600000,14228975.67545000,41825,93880.42000000,7642559.31418000
2026-08-19T18:00Z,81.65000000,82.29000000,81.27000000,82.27000000,139302.31000000,11411651.11411000,40951,83284.89900000,6822689.23861000
2026-08-19T19:00Z,82.27000000,82.50000000,82.00000000,82.36000000,96762.47800000,7959514.80915000,39210,48804.56700000,4014881.13305000
2026-08-19T20:00Z,82.37000000,84.30000000,82.28000000,83.72000000,269851.19800000,22489583.31784000,91601,150409.68300000,12534016.95958000
2026-08-19T21:00Z,83.72000000,87.21000000,83.72000000,86.64000000,531143.87000000,45725596.33952000,257649,300970.13400000,25891853.98429000
2026-08-19T22:00Z,86.64000000,86.84000000,84.93000000,85.49000000,247267.87900000,21189074.31229000,99582,104060.16200000,8915596.32265000
2026-08-19T23:00Z,85.49000000,85.78000000,85.04000000,85.38000000,122380.49200000,10451326.65449000,42895,60836.19500000,5195098.26794000
2026-08-20T00:00Z,85.39000000,85.79000000,84.91000000,85.00000000,221883.38500000,18937587.65999000,53302,94330.95500000,8055751.19289000
2026-08-20T01:00Z,85.01000000,85.41000000,84.65000000,85.37000000,154978.99100000,13166310.04127000,36409,79563.93000000,6761080.28621000
2026-08-20T02:00Z,85.37000000,85.45000000,84.68000000,84.78000000,87595.86900000,7452068.76194000,24069,42545.74700000,3620318.32372000
2026-08-20T03:00Z,84.77000000,84.78000000,84.01000000,84.48000000,126428.02700000,10666054.57799000,35983,60416.54200000,5097962.75440000
2026-08-20T04:00Z,84.48000000,84.96000000,84.42000000,84.84000000,70775.43300000,5989903.58895000,17907,38299.84700000,3241530.51202000
2026-08-20T05:00Z,84.84000000,85.08000000,84.82000000,84.96000000,55732.28300000,4733872.38005000,13227,30367.61500000,2579297.37283000
2026-08-20T06:00Z,84.96000000,85.92000000,84.70000000,85.92000000,166326.68800000,14198024.02416000,31481,101374.92700000,8654965.60388000
2026-08-20T07:00Z,85.92000000,86.20000000,85.78000000,86.18000000,117326.44700000,10083938.65828000,27872,66459.95800000,5712723.39172000
2026-08-20T08:00Z,86.17000000,87.98000000,86.04000000,87.53000000,422328.02000000,36894730.90819000,101412,256966.96200000,22445498.61410000
2026-08-20T09:00Z,87.52000000,87.82000000,87.11000000,87.36000000,229835.28700000,20118712.81172000,49432,116155.40300000,10166885.16512000
2026-08-20T10:00Z,87.36000000,87.82000000,87.01000000,87.45000000,109921.40800000,9608566.91203000,35549,56156.84100000,4909674.21642000
2026-08-20T11:00Z,87.46000000,88.10000000,87.10000000,87.21000000,167425.60500000,14666336.67249000,47407,83227.59500000,7293064.84972000
2026-08-20T12:00Z,87.22000000,87.42000000,86.52000000,87.07000000,163565.62300000,14216722.74255000,54947,69639.59800000,6053150.80173000
2026-08-20T13:00Z,87.07000000,87.48000000,86.21000000,86.58000000,254032.33800000,22065145.79730000,83142,123275.57100000,10706382.24113000
2026-08-20T14:00Z,86.58000000,86.88000000,86.16000000,86.62000000,181624.86100000,15715804.49538000,60156,88994.45100000,7699782.74023000
2026-08-20T15:00Z,86.61000000,87.47000000,86.57000000,87.37000000,252300.17800000,21963956.02709000,79642,131540.32500000,11449390.38625000
2026-08-20T16:00Z,87.37000000,87.84000000,86.87000000,87.76000000,215422.14200000,18815631.03206000,52290,111220.69700000,9720523.05860000
2026-08-20T17:00Z,87.76000000,87.93000000,87.28000000,87.50000000,162758.75000000,14258813.55366000,41243,77461.18500000,6786654.47071000
2026-08-20T18:00Z,87.50000000,87.66000000,86.68000000,86.87000000,124152.12800000,10808901.22472000,41820,48606.11600000,4231658.43206000
2026-08-20T19:00Z,86.86000000,87.53000000,86.85000000,87.31000000,103139.83700000,8998594.91404000,32413,55355.52900000,4828734.05953000
2026-08-20T20:00Z,87.32000000,87.68000000,87.25000000,87.59000000,76542.43700000,6694412.48979000,22474,40995.73900000,3585654.24654000
2026-08-20T21:00Z,87.59000000,87.88000000,87.42000000,87.50000000,60966.02200000,5342285.54981000,17401,33296.71400000,2918327.18896000
2026-08-20T22:00Z,87.50000000,87.59000000,87.19000000,87.24000000,66396.66800000,5801763.32617000,20886,30395.18500000,2655755.14089000
2026-08-20T23:00Z,87.23000000,87.99000000,87.23000000,87.66000000,97951.99900000,8588325.65042000,25044,52431.61700000,4596778.73976000
2026-08-21T00:00Z,87.65000000,88.80000000,87.57000000,88.23000000,280118.47400000,24704872.23105000,72179,162607.11900000,14340405.94890000
2026-08-21T01:00Z,88.23000000,89.50000000,88.12000000,89.01000000,266616.43500000,23662036.46527000,98298,155508.70600000,13801599.62166000
2026-08-21T02:00Z,89.01000000,90.20000000,88.51000000,89.25000000,392855.24600000,35141713.93376000,118347,222355.92900000,19896859.95366000
2026-08-21T03:00Z,89.26000000,89.56000000,88.76000000,89.10000000,159013.21300000,14187972.48031000,50279,80672.55900000,7198463.74820000
2026-08-21T04:00Z,89.11000000,89.50000000,88.88000000,89.47000000,141406.12700000,12615855.66890000,39338,65084.69200000,5807505.42854000
2026-08-21T05:00Z,89.46000000,90.74000000,89.18000000,90.46000000,205120.50300000,18468643.50409000,62625,121341.16500000,10926789.43559000
2026-08-21T06:00Z,90.45000000,91.33000000,89.77000000,90.24000000,252509.93300000,22843747.76039000,79414,135736.14500000,12283978.43899000
2026-08-21T07:00Z,90.25000000,91.18000000,89.94000000,90.41000000,290973.87800000,26347051.70664000,88867,140540.87500000,12726361.37051000
2026-08-21T08:00Z,90.42000000,93.39000000,90.36000000,93.29000000,509045.98500000,46799478.03123000,145177,290008.34400000,26656244.49933000
2026-08-21T09:00Z,93.28000000,93.33000000,90.31000000,91.68000000,567334.57000000,51904760.86700000,216430,283066.46600000,25897395.02306000
2026-08-21T10:00Z,91.67000000,91.76000000,90.86000000,91.49000000,185450.53300000,16934072.44621000,77381,95282.83400000,8700759.26170000
2026-08-21T11:00Z,91.48000000,91.62000000,89.91000000,90.29000000,272341.79000000,24694870.85287000,108159,120166.18300000,10900956.13672000
2026-08-21T12:00Z,90.30000000,91.15000000,90.03000000,90.88000000,191761.92400000,17362503.98333000,60426,107494.89100000,9736346.97241000
2026-08-21T13:00Z,90.88000000,91.37000000,89.78000000,91.07000000,232607.11000000,21086688.17952000,92134,126618.97900000,11482288.59422000
2026-08-21T14:00Z,91.07000000,91.95000000,90.56000000,91.87000000,261492.13400000,23866762.88167000,103872,161378.73000000,14735657.71397000
2026-08-21T15:00Z,91.88000000,92.16000000,91.25000000,91.37000000,195372.38400000,17921062.53405000,68287,102440.66100000,9399098.81469000
2026-08-21T16:00Z,91.37000000,91.92000000,90.75000000,91.63000000,144107.99500000,13166077.22384000,56157,77214.42600000,7055961.40470000
2026-08-21T17:00Z,91.63000000,91.98000000,91.18000000,91.80000000,146346.93300000,13415627.23511000,51501,76787.84400000,7039864.56821000
2026-08-21T18:00Z,91.80000000,92.06000000,91.09000000,91.56000000,128955.41600000,11823261.49322000,50123,60663.24000000,5562941.98621000
2026-08-21T19:00Z,91.56000000,91.62000000,90.78000000,90.96000000,109167.79300000,9941591.03676000,42905,57287.06100000,5217246.99635000
2026-08-21T20:00Z,90.96000000,91.97000000,90.59000000,91.87000000,129800.57400000,11874509.58192000,48603,68792.17800000,6295629.14493000
2026-08-21T21:00Z,91.86000000,93.85000000,91.66000000,93.74000000,313034.51400000,29061512.81983000,106318,190602.01400000,17683326.74460000
2026-08-21T22:00Z,93.74000000,94.62000000,93.30000000,94.30000000,258191.98500000,24275574.27955000,137695,141648.54500000,13317895.91818000
2026-08-21T23:00Z,94.30000000,94.99000000,93.37000000,93.72000000,207043.65900000,19482621.74041000,97470,101679.96900000,9571323.25927000
2026-08-22T00:00Z,93.72000000,94.42000000,92.86000000,93.89000000,275622.20800000,25806181.78872000,100135,152470.59700000,14276992.86294000
2026-08-22T01:00Z,93.89000000,94.44000000,93.49000000,93.69000000,132446.53400000,12447024.35607000,61483,74306.89500000,6983726.38030000
2026-08-22T02:00Z,93.69000000,95.79000000,93.69000000,95.63000000,267975.02300000,25439587.56769000,99217,148096.40000000,14062180.88534000
2026-08-22T03:00Z,95.64000000,97.59000000,95.49000000,96.79000000,463948.67500000,44863982.62516000,155452,296184.16100000,28638323.15408000
2026-08-22T04:00Z,96.80000000,102.74000000,96.18000000,99.15000000,966122.68100000,96405083.23107000,346184,527292.08600000,52599614.48867000
2026-08-22T05:00Z,99.14000000,99.98000000,87.72000000,94.23000000,1761166.61300000,164808082.51153000,599910,844522.07300000,79095843.07374000
2026-08-22T06:00Z,94.23000000,95.12000000,93.08000000,94.30000000,387488.27200000,36453710.02041000,158093,188940.45500000,17786183.71786000
2026-08-22T07:00Z,94.31000000,95.52000000,94.05000000,94.46000000,257112.00200000,24358140.38576000,118650,133289.94700000,12631275.27988000
2026-08-22T08:00Z,94.46000000,95.01000000,93.06000000,94.10000000,306557.34100000,28760511.47401000,128870,159062.40800000,14928982.45061000
2026-08-22T09:00Z,94.10000000,94.61000000,92.99000000,93.92000000,260791.93300000,24502040.25563000,115230,147185.36800000,13835075.56517000
2026-08-22T10:00Z,93.92000000,93.99000000,91.34000000,92.88000000,423712.18700000,39227697.25405000,167107,195126.53000000,18071870.86592000
2026-08-22T11:00Z,92.88000000,93.54000000,92.58000000,93.30000000,148916.37600000,13858342.64707000,62685,71446.21400000,6649817.82809000
2026-08-22T12:00Z,93.29000000,94.35000000,93.14000000,93.82000000,128311.64200000,12049191.48846000,58293,72557.35300000,6813820.78655000
2026-08-22T13:00Z,93.83000000,94.23000000,93.53000000,94.12000000,108401.16600000,10176120.54256000,51024,54783.03000000,5143540.32948000
2026-08-22T14:00Z,94.12000000,94.29000000,92.90000000,93.25000000,205345.72100000,19224449.91443000,69579,82025.59800000,7680089.28919000
2026-08-22T15:00Z,93.25000000,93.58000000,92.82000000,93.07000000,130253.30900000,12135366.48414000,59019,59791.38900000,5569874.49611000
2026-08-22T16:00Z,93.08000000,94.67000000,93.07000000,94.29000000,181095.77400000,17043400.43099000,55362,98566.95600000,9273846.75936000
2026-08-22T17:00Z,94.28000000,94.55000000,93.77000000,94.27000000,124590.44400000,11743427.31805000,46044,58257.92600000,5491950.78103000
2026-08-22T18:00Z,94.27000000,94.52000000,94.03000000,94.46000000,69055.86500000,6511204.60699000,30335,38963.37400000,3673793.78089000
2026-08-22T19:00Z,94.46000000,94.80000000,94.27000000,94.49000000,82689.24300000,7817028.15953000,28882,51231.59200000,4843333.43955000
2026-08-22T20:00Z,94.49000000,94.78000000,94.29000000,94.39000000,59618.43700000,5635749.39151000,28804,36053.28300000,3408206.44090000
2026-08-22T21:00Z,94.40000000,94.40000000,92.73000000,92.83000000,147449.19700000,13777893.59609000,56535,61676.35100000,5762516.78150000
2026-08-22T22:00Z,92.82000000,94.01000000,92.58000000,93.62000000,141454.56500000,13234145.95190000,67495,70409.68500000,6588029.71225000
2026-08-22T23:00Z,93.62000000,93.99000000,93.31000000,93.82000000,64492.25800000,6037935.58806000,31104,27299.95600000,2557144.04492000
2026-08-23T00:00Z,93.83000000,97.21000000,93.59000000,96.35000000,370167.11800000,35486247.84940000,147898,215810.97400000,20673706.49031000
2026-08-23T01:00Z,96.36000000,96.58000000,95.65000000,96.00000000,198660.76300000,19086499.17478000,89817,103858.07400000,9979258.37113000
2026-08-23T02:00Z,96.00000000,96.59000000,93.94000000,94.89000000,315375.85600000,29986588.08689000,123481,155016.61800000,14746877.93466000
2026-08-23T03:00Z,94.90000000,95.02000000,93.43000000,93.70000000,193677.79400000,18241340.78287000,88196,92092.95200000,8675375.51034000
2026-08-23T04:00Z,93.71000000,94.10000000,92.22000000,92.56000000,280341.62900000,26094440.18682000,112001,119026.99000000,11078923.29406000
2026-08-23T05:00Z,92.55000000,93.28000000,91.58000000,92.30000000,238903.36800000,22103549.49690000,115082,107793.13300000,9978679.09616000
2026-08-23T06:00Z,92.29000000,92.77000000,91.77000000,92.25000000,177859.85600000,16415986.67867000,62943,100563.17200000,9281652.78932000
2026-08-23T07:00Z,92.25000000,92.97000000,92.13000000,92.49000000,94449.34400000,8744306.78619000,37895,45148.68100000,4179342.06985000
2026-08-23T08:00Z,92.48000000,93.53000000,92.31000000,93.20000000,122035.80300000,11347024.99932000,54605,75751.28900000,7043731.46160000
2026-08-23T09:00Z,93.20000000,93.55000000,92.90000000,93.32000000,72444.10100000,6756684.13154000,31037,39864.01700000,3718430.10883000
2026-08-23T10:00Z,93.32000000,94.12000000,93.29000000,93.63000000,120778.22700000,11323021.76020000,45844,73383.23300000,6879918.98953000
2026-08-23T11:00Z,93.64000000,94.82000000,93.55000000,94.63000000,137477.39800000,12972765.55955000,50726,88102.44300000,8312057.08417000
2026-08-23T12:00Z,94.62000000,94.80000000,94.04000000,94.59000000,150481.48100000,14211913.62505000,48848,77618.41800000,7330667.37307000
2026-08-23T13:00Z,94.59000000,95.81000000,94.58000000,95.39000000,184298.31100000,17541429.03333000,77087,118456.82500000,11272533.98037000
2026-08-23T14:00Z,95.38000000,95.68000000,93.40000000,95.07000000,290157.40300000,27499535.44616000,117750,139381.15500000,13219903.28955000
2026-08-23T15:00Z,95.07000000,95.90000000,94.67000000,95.36000000,182687.11700000,17433918.67805000,89297,115532.59600000,11028565.31700000
2026-08-23T16:00Z,95.37000000,95.72000000,95.17000000,95.41000000,83534.96400000,7972396.98230000,46816,44946.94600000,4290256.11334000
2026-08-23T17:00Z,95.42000000,95.52000000,94.82000000,95.11000000,69153.67700000,6583145.40540000,44723,34005.74300000,3238091.08428000
2026-08-23T18:00Z,95.11000000,95.47000000,94.94000000,95.29000000,54755.48200000,5213830.00669000,33078,25470.95200000,2425039.91544000
2026-08-23T19:00Z,95.30000000,95.47000000,94.83000000,95.07000000,46946.87100000,4467352.11509000,26533,24016.94700000,2285066.88745000
2026-08-23T20:00Z,95.08000000,95.40000000,94.76000000,95.07000000,44650.39300000,4246102.73221000,24784,23193.93500000,2205661.08434000
2026-08-23T21:00Z,95.07000000,96.25000000,95.07000000,95.36000000,147066.73500000,14076232.03841000,66224,88351.03400000,8458177.25312000
2026-08-23T22:00Z,95.36000000,95.75000000,94.78000000,95.59000000,116786.14500000,11137811.23749000,85110,53597.02100000,5112912.02596000
2026-08-23T23:00Z,95.59000000,95.88000000,95.01000000,95.43000000,90166.97000000,8600836.04085000,55531,42678.17300000,4070770.17351000
2026-08-24T00:00Z,95.44000000,95.56000000,93.87000000,95.54000000,207556.44000000,19655975.60015000,91553,105128.55900000,9956616.67767000
2026-08-24T01:00Z,95.55000000,95.56000000,93.74000000,93.88000000,161578.06400000,15273637.95763000,83800,66591.69600000,6298059.65995000
2026-08-24T02:00Z,93.87000000,95.05000000,93.67000000,94.59000000,146410.82600000,13816456.89369000,56233,72268.28400000,6821664.28066000
2026-08-24T03:00Z,94.59000000,94.66000000,93.47000000,93.66000000,105245.55300000,9886650.92782000,47197,50455.85300000,4739458.52791000
2026-08-24T04:00Z,93.66000000,94.35000000,93.66000000,94.22000000,115946.36800000,10901562.24332000,44377,57166.90800000,5375046.53311000
2026-08-24T05:00Z,94.21000000,94.66000000,93.47000000,94.28000000,158490.80700000,14912933.55101000,56147,83159.02500000,7825287.80292000
2026-08-24T06:00Z,94.27000000,94.64000000,93.80000000,94.56000000,159373.73300000,15020480.81210000,52994,95090.12500000,8963229.94142000
2026-08-24T07:00Z,94.56000000,95.45000000,94.00000000,94.11000000,171007.97200000,16176669.34207000,62710,86538.12500000,8187825.08672000
2026-08-24T08:00Z,94.11000000,94.38000000,93.26000000,93.94000000,115536.49900000,10834686.68757000,49644,55636.77900000,5217723.93827000
2026-08-24T09:00Z,93.93000000,94.89000000,93.89000000,94.67000000,99979.68200000,9455685.47982000,33586,54765.96100000,5178846.19820000
2026-08-24T10:00Z,94.66000000,95.11000000,94.57000000,94.72000000,165618.25100000,15708287.71669000,55174,75529.16300000,7164317.80972000
2026-08-24T11:00Z,94.71000000,96.33000000,94.25000000,95.84000000,236307.50800000,22571097.21405000,101458,146105.96100000,13959526.70949000
2026-08-24T12:00Z,95.84000000,96.64000000,94.18000000,96.29000000,336604.73500000,32192513.96870000,118911,172652.90700000,16530111.16029000
2026-08-24T13:00Z,96.29000000,96.53000000,94.30000000,95.02000000,295116.14700000,28159991.53020000,170904,145305.29600000,13863972.95393000
2026-08-24T14:00Z,95.02000000,96.73000000,94.85000000,96.10000000,290504.02200000,27863260.34291000,154349,152136.66700000,14590358.34053000
2026-08-24T15:00Z,96.11000000,97.61000000,95.99000000,96.45000000,327290.58200000,31677508.50818000,152790,158502.97300000,15350165.98079000
2026-08-24T16:00Z,96.46000000,97.58000000,95.80000000,96.07000000,203884.22000000,19735914.90070000,112224,94444.24000000,9150938.13282000
2026-08-24T17:00Z,96.07000000,96.20000000,94.81000000,95.40000000,270081.77100000,25757163.50930000,137387,122246.17300000,11657130.81394000
2026-08-24T18:00Z,95.40000000,96.44000000,95.40000000,95.92000000,201327.34300000,19325634.67429000,81086,106114.50300000,10184104.58816000
2026-08-24T19:00Z,95.93000000,96.65000000,95.42000000,96.54000000,186632.47900000,17923197.24995000,80994,87143.37600000,8370763.07290000
2026-08-24T20:00Z,96.54000000,96.77000000,95.75000000,96.55000000,95753.50800000,9228406.21853000,43256,44491.34900000,4288504.70579000
2026-08-24T21:00Z,96.55000000,97.57000000,96.55000000,97.47000000,122224.43900000,11856370.19089000,46989,76145.62500000,7386816.84151000
2026-08-24T22:00Z,97.48000000,98.71000000,97.17000000,97.43000000,230870.49000000,22575001.89785000,94996,116851.08900000,11430372.81297000
2026-08-24T23:00Z,97.44000000,98.99000000,97.26000000,98.97000000,202452.66200000,19884159.84822000,87252,105932.82000000,10408473.20775000
2026-08-25T00:00Z,98.98000000,102.77000000,98.56000000,101.77000000,897481.10900000,90343805.12292000,347129,489874.17600000,49315031.27802000
2026-08-25T01:00Z,101.76000000,102.55000000,100.09000000,100.47000000,325354.55000000,33044309.23232000,147285,149447.87400000,15184661.98062000
2026-08-25T02:00Z,100.48000000,102.35000000,100.21000000,100.92000000,398335.35400000,40438320.11775000,168912,225730.62900000,22930431.65124000
2026-08-25T03:00Z,100.93000000,102.05000000,100.85000000,101.61000000,196984.86000000,20004919.85709000,91205,121329.04300000,12323395.82408000
2026-08-25T04:00Z,101.61000000,101.73000000,100.82000000,101.33000000,175620.50800000,17785741.87558000,74053,90123.08400000,9126955.33071000
2026-08-25T05:00Z,101.33000000,103.08000000,101.24000000,101.89000000,219172.07400000,22390651.66794000,88763,136492.74300000,13946349.78088000
2026-08-25T06:00Z,101.89000000,102.07000000,100.42000000,100.76000000,170355.33700000,17259855.20580000,67784,78977.93400000,7999719.92148000
2026-08-25T07:00Z,100.77000000,101.95000000,99.54000000,100.23000000,270802.36300000,27334141.27491000,104966,166141.37200000,16783765.35005000
2026-08-25T08:00Z,100.24000000,101.13000000,99.73000000,100.41000000,175675.02000000,17644423.55692000,74553,89341.38900000,8975844.10780000
2026-08-25T09:00Z,100.41000000,100.65000000,99.29000000,99.82000000,156336.65900000,15636237.24681000,79934,71692.29900000,7173489.56803000
2026-08-25T10:00Z,99.82000000,99.90000000,99.05000000,99.64000000,139184.85900000,13861133.93243000,64958,71798.84800000,7151039.89995000
2026-08-25T11:00Z,99.64000000,99.72000000,98.49000000,98.60000000,195657.11400000,19362867.76606000,77305,100251.75900000,9920224.14060000
2026-08-25T12:00Z,98.61000000,98.82000000,97.48000000,98.60000000,187692.17500000,18429173.83375000,108455,96462.68800000,9474690.62372000
2026-08-25T13:00Z,98.59000000,98.82000000,96.21000000,97.15000000,312462.81000000,30441455.97714000,186639,160016.28600000,15599408.34378000
2026-08-25T14:00Z,97.16000000,98.42000000,96.91000000,98.21000000,185594.64700000,18159805.58839000,111881,121043.91900000,11843306.09206000
2026-08-25T15:00Z,98.22000000,98.50000000,97.61000000,98.38000000,126346.86000000,12389311.27737000,70783,75263.75300000,7381367.29365000
2026-08-25T16:00Z,98.38000000,98.66000000,97.77000000,98.19000000,114260.59500000,11225702.83155000,51090,65234.59200000,6411123.05077000
2026-08-25T17:00Z,98.20000000,98.22000000,97.45000000,98.20000000,78495.41000000,7680256.87735000,50668,38730.92000000,3790251.77434000
2026-08-25T18:00Z,98.20000000,98.83000000,98.07000000,98.50000000,113090.45900000,11143391.11206000,46210,78262.28600000,7711858.84793000
2026-08-25T19:00Z,98.49000000,98.64000000,97.48000000,97.94000000,96231.24600000,9433169.33183000,42247,49863.84200000,4887838.14083000
2026-08-25T20:00Z,97.95000000,98.05000000,96.64000000,96.68000000,134116.93700000,13041406.53617000,72648,51355.54700000,4996455.97552000
2026-08-25T21:00Z,96.68000000,97.28000000,95.32000000,97.19000000,177304.41400000,17093782.15611000,86565,86458.77000000,8337865.22009000
2026-08-25T22:00Z,97.19000000,97.77000000,97.15000000,97.22000000,55035.41100000,5361555.45266000,26619,31761.01200000,3094233.10829000
2026-08-25T23:00Z,97.21000000,97.43000000,96.39000000,96.60000000,71341.65900000,6913027.53251000,37449,29465.24000000,2856228.64590000
2026-08-26T00:00Z,96.60000000,96.94000000,96.17000000,96.66000000,119329.49300000,11517031.42306000,54781,57055.45300000,5507402.93852000
2026-08-26T01:00Z,96.65000000,97.28000000,96.63000000,97.03000000,81334.67600000,7890928.25814000,31497,51913.71600000,5036651.46125000
2026-08-26T02:00Z,97.04000000,97.56000000,96.79000000,97.28000000,56436.06600000,5489946.09307000,23952,30052.36700000,2924250.83394000
2026-08-26T03:00Z,97.28000000,97.38000000,96.82000000,97.06000000,57544.72300000,5586774.23343000,24328,27360.41500000,2656326.17025000
2026-08-26T04:00Z,97.06000000,97.32000000,96.56000000,96.63000000,83681.79700000,8114817.09598000,31497,40025.29000000,3882174.66334000
2026-08-26T05:00Z,96.62000000,97.19000000,96.25000000,97.09000000,77510.68600000,7506005.36854000,33614,32474.29000000,3142955.32417000
2026-08-26T06:00Z,97.09000000,97.33000000,96.52000000,96.80000000,58828.28600000,5701359.94389000,29335,30488.62200000,2954446.13353000
2026-08-26T07:00Z,96.80000000,97.17000000,96.66000000,96.95000000,62210.39400000,6032568.07509000,27551,32733.51400000,3173993.33082000
2026-08-26T08:00Z,96.95000000,97.40000000,96.70000000,96.81000000,46763.53600000,4539473.66469000,26342,28913.76000000,2807394.00804000
2026-08-26T09:00Z,96.81000000,97.02000000,95.78000000,96.17000000,94258.55300000,9078873.43105000,46177,47666.49000000,4592411.26671000
2026-08-26T10:00Z,96.16000000,97.88000000,96.00000000,97.48000000,110682.49900000,10747186.00468000,47237,66634.86500000,6472362.78059000
2026-08-26T11:00Z,97.48000000,97.66000000,96.68000000,97.03000000,84420.92300000,8205597.18136000,43419,38172.11100000,3709947.48693000
2026-08-26T12:00Z,97.04000000,97.57000000,96.05000000,97.02000000,137343.29000000,13307285.75953000,67220,66520.30000000,6448203.22909000
2026-08-26T13:00Z,97.01000000,97.23000000,95.79000000,96.55000000,173923.91000000,16757448.68504000,99144,83618.69400000,8060441.83133000
2026-08-26T14:00Z,96.55000000,96.98000000,95.41000000,95.48000000,139569.13600000,13411729.16714000,83920,62663.78900000,6025247.16272000
2026-08-26T15:00Z,95.47000000,96.34000000,94.95000000,95.94000000,133527.90400000,12777034.99620000,72770,68242.98900000,6537254.07089000
2026-08-26T16:00Z,95.93000000,96.19000000,95.47000000,95.95000000,69092.11300000,6622412.71711000,49413,38040.91000000,3646216.97981000
2026-08-26T17:00Z,95.95000000,97.25000000,95.87000000,96.97000000,118134.69600000,11435630.09289000,53446,66620.87300000,6448565.62718000
2026-08-26T18:00Z,96.98000000,97.16000000,96.63000000,96.84000000,72597.25500000,7031565.11279000,32547,36114.31300000,3497893.18107000
2026-08-26T19:00Z,96.83000000,96.93000000,96.35000000,96.80000000,76312.39500000,7377331.57177000,31332,41700.64800000,4031754.84794000
2026-08-26T20:00Z,96.79000000,97.04000000,96.30000000,96.93000000,54437.93700000,5266182.50198000,30745,29121.48900000,2818370.44814000
2026-08-26T21:00Z,96.94000000,98.35000000,96.89000000,98.26000000,112908.41800000,11026654.74996000,58746,70609.74200000,6894825.28296000
2026-08-26T22:00Z,98.26000000,100.92000000,98.07000000,99.70000000,301427.50000000,30101649.68012000,136443,183857.42400000,18355972.71627000
2026-08-26T23:00Z,99.69000000,102.46000000,99.50000000,102.07000000,314646.98900000,31803571.87050000,128059,184247.34000000,18632057.18482000
2026-08-27T00:00Z,102.08000000,102.14000000,100.59000000,100.59000000,169173.76300000,17137025.52415000,78608,74503.75500000,7548574.77208000
2026-08-27T01:00Z,100.59000000,101.93000000,100.52000000,101.45000000,140859.95400000,14260757.84276000,70941,77818.81600000,7878777.79354000
2026-08-27T02:00Z,101.44000000,101.94000000,100.87000000,101.17000000,106476.79800000,10794673.51302000,46535,61196.21500000,6204894.98844000
2026-08-27T03:00Z,101.18000000,101.81000000,100.89000000,101.08000000,115192.50500000,11670271.19433000,49964,68567.53900000,6948480.30839000
2026-08-27T04:00Z,101.09000000,101.55000000,100.70000000,101.09000000,122112.92600000,12348513.33797000,44024,64047.57300000,6477213.61414000
2026-08-27T05:00Z,101.08000000,102.29000000,100.77000000,102.04000000,181960.50300000,18455124.14272000,58142,113082.92500000,11479284.82883000
2026-08-27T06:00Z,102.04000000,102.06000000,100.88000000,101.28000000,160070.43300000,16215506.12648000,50989,81397.74200000,8244800.04217000
2026-08-27T07:00Z,101.28000000,102.10000000,101.03000000,101.80000000,110369.25600000,11205702.88576000,38776,65224.27800000,6623539.24176000
2026-08-27T08:00Z,101.81000000,105.06000000,101.73000000,104.66000000,527218.28700000,54719495.29716000,212014,320258.23600000,33241144.97191000
2026-08-27T09:00Z,104.67000000,105.79000000,104.00000000,104.40000000,274234.75700000,28782573.82061000,122379,130570.62100000,13704774.04056000
2026-08-27T10:00Z,104.40000000,105.03000000,103.10000000,104.10000000,272580.92700000,28366792.16071000,107868,150000.84100000,15618438.24102000
2026-08-27T11:00Z,104.10000000,104.96000000,103.40000000,103.95000000,149666.12300000,15589173.30511000,76954,87987.21400000,9166276.77228000
2026-08-27T12:00Z,103.95000000,104.77000000,103.93000000,104.43000000,113173.08000000,11809398.44549000,59269,61548.47900000,6422134.20729000
2026-08-27T13:00Z,104.42000000,106.32000000,104.16000000,106.06000000,263661.73400000,27681708.20742000,143509,155523.67500000,16338459.36223000
2026-08-27T14:00Z,106.06000000,107.94000000,105.21000000,106.80000000,544617.76200000,57999957.75641000,224397,292582.81300000,31146533.04664000
2026-08-27T15:00Z,106.80000000,108.00000000,106.50000000,107.20000000,338525.92100000,36299061.77025000,149355,193618.27200000,20760606.20717000
2026-08-27T16:00Z,107.20000000,109.49000000,106.87000000,108.94000000,333890.70600000,36137010.37911000,149030,186272.12000000,20156927.01943000
2026-08-27T17:00Z,108.94000000,109.62000000,107.72000000,108.18000000,272471.17900000,29610606.44739000,131893,126555.55200000,13758091.55204000
2026-08-27T18:00Z,108.19000000,108.39000000,106.69000000,108.39000000,207704.93400000,22339142.59324000,102397,84566.00100000,9097706.48847000
2026-08-27T19:00Z,108.39000000,109.92000000,108.27000000,109.39000000,179532.04100000,19588487.09689000,102489,87172.03900000,9512034.82247000
2026-08-27T20:00Z,109.39000000,109.77000000,108.44000000,109.03000000,146860.45900000,16025221.78973000,66758,63894.99100000,6973430.85359000
2026-08-27T21:00Z,109.03000000,109.15000000,108.21000000,108.73000000,107292.57200000,11657162.46163000,48750,49243.48700000,5350174.47767000
2026-08-27T22:00Z,108.73000000,110.60000000,108.73000000,109.20000000,221968.47100000,24360159.81380000,82877,132724.55100000,14576177.31497000
2026-08-27T23:00Z,109.19000000,110.03000000,108.86000000,109.14000000,106376.49900000,11635573.51990000,51025,47351.05400000,5179075.39219000
2026-08-28T00:00Z,109.15000000,110.00000000,108.67000000,109.11000000,218282.21500000,23910483.88673000,76267,134039.08800000,14693200.02926000
2026-08-28T01:00Z,109.11000000,109.75000000,107.72000000,107.85000000,156286.34500000,17020035.58464000,89599,74621.10300000,8134055.14053000
2026-08-28T02:00Z,107.84000000,107.97000000,106.16000000,106.52000000,179579.30500000,19238419.91882000,91562,75215.03600000,8057765.00369000
2026-08-28T03:00Z,106.51000000,107.34000000,105.86000000,106.85000000,125224.85500000,13356942.94571000,59980,67314.08400000,7182084.16214000
2026-08-28T04:00Z,106.84000000,107.66000000,106.26000000,106.79000000,94686.54700000,10122062.95664000,53230,48870.73900000,5225899.18824000
2026-08-28T05:00Z,106.78000000,107.47000000,106.63000000,107.20000000,80746.38700000,8645800.09391000,36350,49710.83700000,5323197.68710000
2026-08-28T06:00Z,107.21000000,107.85000000,107.19000000,107.54000000,92925.70000000,9987153.34800000,49240,51536.49300000,5539309.87178000
2026-08-28T07:00Z,107.54000000,107.55000000,106.27000000,106.35000000,103741.43300000,11071261.01069000,41869,40354.85000000,4306289.91963000
2026-08-28T08:00Z,106.35000000,106.88000000,105.77000000,106.04000000,88857.89000000,9450386.93250000,35676,32220.55200000,3426519.45380000
2026-08-28T09:00Z,106.04000000,106.62000000,105.52000000,105.93000000,107712.34000000,11433704.11269000,40200,45125.42000000,4790421.44156000
2026-08-28T10:00Z,105.94000000,106.22000000,104.53000000,106.20000000,169794.08900000,17889255.48496000,62215,74302.36500000,7832700.97874000
2026-08-28T11:00Z,106.19000000,107.05000000,105.56000000,105.84000000,190058.87000000,20208006.89778000,48551,81084.88900000,8624847.99577000
2026-08-28T12:00Z,105.84000000,106.01000000,104.55000000,104.89000000,247139.16900000,26003840.84205000,69235,97616.54300000,10268135.98582000
2026-08-28T13:00Z,104.88000000,105.61000000,104.65000000,105.18000000,189939.29000000,19947408.73764000,80369,89443.07200000,9395387.49870000
2026-08-28T14:00Z,105.17000000,106.70000000,103.63000000,106.31000000,615367.18800000,64570916.72668000,303357,335387.91800000,35219810.12100000
2026-08-28T15:00Z,106.31000000,107.94000000,105.21000000,105.24000000,365591.73000000,38943605.09745000,194980,176824.29600000,18848193.49192000
2026-08-28T16:00Z,105.25000000,105.72000000,103.00000000,105.16000000,586611.72900000,61316963.98905000,235169,253729.20500000,26550891.87904000
2026-08-28T17:00Z,105.16000000,105.26000000,104.30000000,104.67000000,191449.13600000,20069101.01648000,87696,83723.69800000,8775613.07369000
2026-08-28T18:00Z,104.67000000,104.72000000,102.28000000,103.12000000,236491.44400000,24443885.75811000,91281,92561.75600000,9566469.10214000
2026-08-28T19:00Z,103.11000000,103.88000000,103.01000000,103.41000000,151546.78500000,15673025.28841000,55052,71030.55900000,7345728.32714000
2026-08-28T20:00Z,103.40000000,104.31000000,102.82000000,103.86000000,89759.22900000,9293982.10457000,39493,50041.52400000,5182673.63473000
2026-08-28T21:00Z,103.86000000,104.03000000,103.27000000,103.44000000,57741.63400000,5987960.72750000,29355,31771.51000000,3294913.38780000
2026-08-28T22:00Z,103.45000000,104.21000000,103.41000000,104.14000000,75169.77400000,7808664.44914000,25711,37401.14700000,3885934.82533000
2026-08-28T23:00Z,104.13000000,104.39000000,103.98000000,104.15000000,47355.35700000,4931792.50466000,16451,23210.97400000,2417003.62435000
2026-08-29T00:00Z,104.14000000,104.59000000,103.86000000,103.91000000,50051.92800000,5219072.38406000,20510,29485.79700000,3075046.11116000
2026-08-29T01:00Z,103.91000000,104.37000000,103.80000000,104.17000000,64108.71600000,6672286.31816000,19641,36071.61000000,3753850.13920000
2026-08-29T02:00Z,104.17000000,104.41000000,103.66000000,103.95000000,68283.04500000,7103424.65515000,23207,36059.99000000,3751939.90697000
2026-08-29T03:00Z,103.94000000,104.24000000,103.82000000,103.87000000,60285.89600000,6270827.47194000,20483,33395.10800000,3473327.02841000
2026-08-29T04:00Z,103.88000000,104.05000000,103.46000000,103.87000000,64174.21200000,6655670.48503000,22675,30965.04500000,3211318.46356000
2026-08-29T05:00Z,103.88000000,104.20000000,103.82000000,104.02000000,47055.05000000,4895386.49919000,17389,24556.43000000,2554591.85184000
2026-08-29T06:00Z,104.02000000,104.02000000,103.32000000,103.59000000,44181.91900000,4575770.13380000,18964,21570.48300000,2233867.92317000
2026-08-29T07:00Z,103.59000000,103.98000000,103.58000000,103.74000000,35304.73200000,3664077.07996000,14757,17827.38600000,1850091.84179000
2026-08-29T08:00Z,103.73000000,103.73000000,103.11000000,103.46000000,47755.55900000,4936698.60519000,18505,27253.46300000,2817112.38127000
2026-08-29T09:00Z,103.47000000,103.63000000,103.30000000,103.33000000,55674.40300000,5758558.36307000,17926,31973.68500000,3307183.09961000
2026-08-29T10:00Z,103.33000000,103.60000000,103.03000000,103.45000000,44071.65400000,4556088.40348000,15848,21209.06700000,2191383.24097000
2026-08-29T11:00Z,103.44000000,103.71000000,103.41000000,103.50000000,19678.88700000,2038146.12191000,11788,10047.47300000,1040542.52801000
2026-08-29T12:00Z,103.51000000,104.01000000,103.38000000,103.62000000,43934.77300000,4553348.27482000,18162,23980.09500000,2485449.46933000
2026-08-29T13:00Z,103.61000000,103.97000000,103.51000000,103.80000000,36495.59500000,3786700.71934000,15777,18470.41500000,1916375.32808000
2026-08-29T14:00Z,103.80000000,105.50000000,103.79000000,105.38000000,151794.13400000,15907407.91723000,54356,88103.98000000,9234626.02552000
2026-08-29T15:00Z,105.39000000,105.51000000,104.65000000,105.03000000,92382.64800000,9705130.08895000,37431,46316.50900000,4865798.58540000
2026-08-29T16:00Z,105.03000000,105.39000000,104.84000000,104.87000000,132739.08600000,13953219.36819000,34959,69841.01700000,7342473.98657000
2026-08-29T17:00Z,104.87000000,105.15000000,104.37000000,104.87000000,61198.34800000,6412320.43411000,24714,29040.46300000,3043163.18025000
2026-08-29T18:00Z,104.87000000,105.30000000,104.75000000,105.13000000,76082.80900000,7992142.74477000,27153,52758.46800000,5542270.53773000
2026-08-29T19:00Z,105.13000000,105.88000000,105.12000000,105.35000000,81612.37500000,8615231.03787000,29597,47832.19100000,5049191.24436000
2026-08-29T20:00Z,105.36000000,105.52000000,105.07000000,105.23000000,35687.08800000,3757841.85507000,17380,17606.61600000,1854006.40048000
2026-08-29T21:00Z,105.23000000,105.40000000,104.76000000,105.05000000,54734.27400000,5753842.49393000,20292,31079.00500000,3268233.15051000
2026-08-29T22:00Z,105.04000000,105.56000000,104.90000000,105.51000000,24460.83100000,2571909.15823000,13002,13932.16800000,1465010.36454000
2026-08-29T23:00Z,105.52000000,105.78000000,105.42000000,105.61000000,46744.53600000,4937576.72714000,17605,22604.59900000,2387569.29698000
2026-08-30T00:00Z,105.61000000,105.71000000,105.23000000,105.25000000,48518.09100000,5113603.38917000,20516,24939.17900000,2628578.06825000
2026-08-30T01:00Z,105.26000000,105.39000000,105.01000000,105.24000000,49372.24100000,5193968.94898000,18365,16514.21000000,1737454.22075000
2026-08-30T02:00Z,105.24000000,105.49000000,105.18000000,105.22000000,44830.24600000,4722290.78636000,16740,18379.11300000,1935631.09608000
2026-08-30T03:00Z,105.22000000,105.34000000,104.96000000,105.07000000,31642.02700000,3327238.37540000,12888,11981.33700000,1260157.65184000
2026-08-30T04:00Z,105.07000000,105.13000000,104.68000000,105.11000000,37178.98400000,3900864.74840000,14506,15984.32000000,1677286.80440000
2026-08-30T05:00Z,105.12000000,105.27000000,104.91000000,105.08000000,23861.49100000,2507036.03840000,10902,10400.19000000,1092742.74424000
2026-08-30T06:00Z,105.07000000,105.42000000,104.89000000,105.41000000,25097.34100000,2637182.34045000,11951,15078.70700000,1584731.67310000
2026-08-30T07:00Z,105.42000000,105.44000000,104.72000000,104.85000000,28505.88800000,2993626.18108000,12308,15127.05000000,1588786.58554000
2026-08-30T08:00Z,104.84000000,105.08000000,104.47000000,104.75000000,47694.82700000,5000941.35099000,15901,23124.70700000,2425329.74566000
2026-08-30T09:00Z,104.75000000,104.97000000,104.47000000,104.60000000,43552.09900000,4559035.40949000,16162,16619.66100000,1739750.06633000
2026-08-30T10:00Z,104.60000000,105.24000000,104.50000000,105.09000000,46764.55400000,4903025.32907000,16642,27295.68500000,2861482.06599000
2026-08-30T11:00Z,105.10000000,105.32000000,104.93000000,105.12000000,42799.76400000,4498436.11889000,15762,19130.56900000,2010796.97860000
2026-08-30T12:00Z,105.11000000,106.19000000,105.08000000,106.11000000,113046.11200000,11931045.39615000,43646,67006.59700000,7073252.27668000
2026-08-30T13:00Z,106.11000000,107.48000000,105.87000000,107.13000000,173924.21200000,18576267.39368000,65979,102010.12900000,10896587.47771000
2026-08-30T14:00Z,107.12000000,107.25000000,106.63000000,106.73000000,91819.25900000,9818981.04702000,36762,50293.45400000,5378995.49932000
2026-08-30T15:00Z,106.73000000,106.84000000,105.98000000,106.29000000,108377.10300000,11536690.76944000,38561,59388.96500000,6323001.64888000
2026-08-30T16:00Z,106.29000000,107.15000000,106.13000000,106.91000000,131120.85400000,13995232.84023000,64304,71137.16300000,7593974.88001000
2026-08-30T17:00Z,106.90000000,106.90000000,105.26000000,106.42000000,154916.37500000,16424249.13129000,55015,70046.17700000,7425537.42739000
2026-08-30T18:00Z,106.41000000,106.86000000,106.03000000,106.68000000,72918.28300000,7769849.86192000,30012,32798.29200000,3495319.71126000
2026-08-30T19:00Z,106.69000000,106.82000000,105.45000000,105.82000000,84855.09500000,9006046.71687000,27434,42360.49400000,4492005.65870000
2026-08-30T20:00Z,105.82000000,106.03000000,104.42000000,104.77000000,132243.03700000,13919791.86662000,48581,58171.04700000,6125292.39654000
2026-08-30T21:00Z,104.77000000,104.79000000,103.38000000,104.45000000,129683.48600000,13497738.81797000,65074,59472.64700000,6192641.40002000
2026-08-30T22:00Z,104.46000000,104.75000000,103.33000000,103.82000000,100572.01200000,10449055.76892000,54785,40911.30300000,4253485.12934000
2026-08-30T23:00Z,103.82000000,103.82000000,100.31000000,101.75000000,306193.11200000,31203482.77096000,166890,121504.46300000,12373155.33241000
2026-08-31T00:00Z,101.75000000,102.62000000,101.12000000,102.14000000,116407.85100000,11866011.05342000,66878,61115.95300000,6232432.98154000
2026-08-31T01:00Z,102.14000000,102.26000000,101.40000000,101.52000000,95435.19300000,9715658.93662000,58212,49416.74600000,5031752.08287000
2026-08-31T02:00Z,101.51000000,102.35000000,101.18000000,101.45000000,87015.46300000,8850969.25694000,40942,35539.15600000,3616955.49179000
2026-08-31T03:00Z,101.46000000,102.21000000,101.29000000,101.94000000,72820.86200000,7409939.52821000,29612,34154.90800000,3475486.99128000
2026-08-31T04:00Z,101.95000000,102.00000000,100.90000000,101.45000000,99617.65400000,10093207.05356000,37619,38863.13900000,3937228.52588000
2026-08-31T05:00Z,101.44000000,103.04000000,101.27000000,102.63000000,144212.99700000,14765775.88563000,58406,72861.48000000,7457247.89743000
2026-08-31T06:00Z,102.63000000,102.89000000,102.34000000,102.72000000,95658.26800000,9820719.01896000,36315,40363.73100000,4144473.18926000
2026-08-31T07:00Z,102.73000000,103.18000000,102.64000000,102.98000000,91950.74000000,9462435.14187000,31215,53124.37700000,5466780.11032000
2026-08-31T08:00Z,102.99000000,103.47000000,102.46000000,103.24000000,109099.34200000,11237942.88149000,43057,68549.29800000,7063681.23012000
2026-08-31T09:00Z,103.23000000,103.49000000,103.00000000,103.09000000,79525.00200000,8208791.04675000,34935,37892.64800000,3911030.44202000
2026-08-31T10:00Z,103.09000000,104.07000000,102.66000000,103.68000000,88002.21000000,9093378.17872000,34588,46119.11000000,4768793.93478000
2026-08-31T11:00Z,103.68000000,104.17000000,103.27000000,103.40000000,69407.39200000,7201971.11024000,33099,36446.43100000,3782352.64143000
2026-08-31T12:00Z,103.40000000,103.76000000,102.50000000,102.76000000,99975.54100000,10308236.37182000,57965,49059.80100000,5059818.70708000
2026-08-31T13:00Z,102.77000000,103.08000000,102.18000000,102.36000000,104760.43100000,10751944.13411000,70502,48096.45300000,4937020.13670000
2026-08-31T14:00Z,102.36000000,103.93000000,102.21000000,103.53000000,125855.02600000,12964593.93680000,74788,65315.89900000,6731756.28904000
2026-08-31T15:00Z,103.54000000,103.67000000,102.77000000,102.88000000,92327.84600000,9527392.98647000,57276,44073.67400000,4547523.60638000
2026-08-31T16:00Z,102.88000000,103.33000000,102.45000000,102.83000000,93418.89400000,9599556.88975000,47953,48689.06300000,5003481.92567000
2026-08-31T17:00Z,102.84000000,103.80000000,102.65000000,103.64000000,89651.01300000,9251344.25455000,45654,46950.98300000,4845088.63973000
2026-08-31T18:00Z,103.64000000,105.00000000,103.38000000,104.47000000,125162.80000000,13041984.10067000,59152,63112.22300000,6579879.98158000
2026-08-31T19:00Z,104.47000000,104.76000000,103.55000000,103.61000000,80170.20700000,8343564.88438000,37075,34635.41200000,3604884.59710000
2026-08-31T20:00Z,103.60000000,104.29000000,103.53000000,103.75000000,58310.86200000,6054282.82182000,29730,28214.62900000,2928314.28895000
2026-08-31T21:00Z,103.74000000,103.97000000,103.24000000,103.67000000,76404.82500000,7913803.18661000,29269,36888.17900000,3820792.47448000
2026-08-31T22:00Z,103.67000000,103.79000000,103.12000000,103.21000000,32603.45000000,3370484.02535000,18648,13681.48300000,1414571.64356000
2026-08-31T23:00Z,103.20000000,103.22000000,102.88000000,103.06000000,34078.19000000,3511942.78676000,16117,14496.73500000,1494171.89565000
2026-09-01T00:00Z,103.06000000,103.55000000,102.94000000,103.19000000,76365.63800000,7889749.60302000,29214,47587.83900000,4916817.72138000
2026-09-01T01:00Z,103.20000000,103.53000000,102.74000000,103.26000000,68075.41300000,7021548.16051000,30544,36771.35900000,3793456.94673000
2026-09-01T02:00Z,103.25000000,103.46000000,102.81000000,103.40000000,43510.40200000,4488192.60407000,23694,26880.20400000,2772715.59457000
2026-09-01T03:00Z,103.41000000,104.20000000,103.29000000,103.66000000,61280.02600000,6356693.58911000,25896,33544.02000000,3479900.20682000
2026-09-01T04:00Z,103.66000000,104.09000000,103.54000000,103.63000000,52919.73200000,5492685.65912000,20375,34381.21800000,3569100.27629000
2026-09-01T05:00Z,103.64000000,104.38000000,103.59000000,104.31000000,76106.29600000,7922130.50898000,28747,41170.47600000,4286145.07938000
2026-09-01T06:00Z,104.31000000,104.31000000,103.36000000,103.38000000,98826.02300000,10269019.76293000,31380,42282.24200000,4394993.76043000
2026-09-01T07:00Z,103.38000000,103.57000000,102.80000000,103.15000000,115224.96000000,11899125.32663000,42071,51885.78400000,5359241.27583000
2026-09-01T08:00Z,103.15000000,103.22000000,101.80000000,102.07000000,151894.68600000,15547390.60938000,57726,59508.80300000,6091742.29747000
2026-09-01T09:00Z,102.08000000,102.28000000,101.87000000,101.98000000,81718.61000000,8340620.55011000,29124,33804.11500000,3451373.60035000
2026-09-01T10:00Z,101.98000000,102.74000000,101.95000000,102.38000000,118879.46300000,12158358.63874000,27181,54972.20000000,5626908.32146000
2026-09-01T11:00Z,102.38000000,102.63000000,102.08000000,102.29000000,112124.11300000,11474614.68783000,37080,39347.48000000,4027591.27884000
2026-09-01T12:00Z,102.28000000,102.49000000,101.41000000,101.94000000,95397.27500000,9725469.51302000,40478,39015.42100000,3979755.84287000
2026-09-01T13:00Z,101.93000000,102.49000000,101.33000000,101.96000000,141999.76600000,14466272.16220000,74450,65492.86000000,6676005.85185000
2026-09-01T14:00Z,101.96000000,102.59000000,101.86000000,102.03000000,106378.42500000,10881695.76483000,55884,53054.60200000,5427048.76591000
2026-09-01T15:00Z,102.02000000,102.35000000,101.01000000,102.05000000,133010.82100000,13516958.38484000,53545,63300.04200000,6434761.94510000
2026-09-01T16:00Z,102.05000000,102.07000000,100.62000000,100.94000000,131888.66400000,13355509.35486000,61597,57493.98400000,5821846.40060000
2026-09-01T17:00Z,100.93000000,101.25000000,100.45000000,100.60000000,114887.97700000,11592256.77601000,47320,53411.63500000,5389779.91648000
2026-09-01T18:00Z,100.60000000,100.71000000,98.33000000,99.61000000,288886.51100000,28729509.99827000,111435,116247.11100000,11557238.68953000
2026-09-01T19:00Z,99.61000000,100.33000000,99.52000000,100.08000000,119780.92500000,11968275.04579000,47675,58276.54500000,5824554.61477000
2026-09-01T20:00Z,100.09000000,100.35000000,99.67000000,100.11000000,82704.25900000,8271474.48476000,32585,40524.06400000,4052276.79161000
2026-09-01T21:00Z,100.11000000,100.22000000,98.94000000,99.61000000,98364.21000000,9787448.19735000,43071,46449.11600000,4620142.29996000
2026-09-01T22:00Z,99.60000000,99.95000000,99.33000000,99.69000000,71610.14900000,7133562.37446000,28153,31962.85400000,3184319.58745000
2026-09-01T23:00Z,99.69000000,100.25000000,99.61000000,100.00000000,50839.99700000,5081153.12964000,25086,27829.14200000,2781238.46154000
2026-09-02T00:00Z,100.01000000,100.28000000,99.62000000,99.67000000,81785.25400000,8177322.66968000,29091,49004.38200000,4902669.44391000
2026-09-02T01:00Z,99.66000000,99.94000000,98.52000000,99.09000000,97142.44400000,9642204.00905000,43683,44276.64900000,4396649.82927000
2026-09-02T02:00Z,99.09000000,99.93000000,98.77000000,99.93000000,117245.79300000,11651625.45282000,43644,61181.95400000,6080399.21257000
2026-09-02T03:00Z,99.93000000,100.71000000,99.84000000,100.29000000,79683.03400000,7996067.17805000,34862,48808.17300000,4898301.17579000
2026-09-02T04:00Z,100.30000000,100.31000000,99.74000000,100.10000000,50600.99700000,5060424.19720000,19946,27493.70400000,2749366.35712000
2026-09-02T05:00Z,100.10000000,100.40000000,99.77000000,100.27000000,46063.54900000,4613608.11978000,22263,23870.53800000,2391093.43900000
2026-09-02T06:00Z,100.27000000,100.39000000,99.68000000,100.08000000,50499.18700000,5051097.11429000,23078,25716.81300000,2571298.41733000
2026-09-02T07:00Z,100.09000000,100.43000000,99.83000000,99.85000000,45691.55700000,4574022.43133000,19514,24505.23800000,2453453.52977000
2026-09-02T08:00Z,99.85000000,100.02000000,98.80000000,99.01000000,66760.38600000,6634095.95713000,37552,31850.06000000,3165549.16124000
2026-09-02T09:00Z,99.01000000,99.34000000,98.20000000,98.64000000,93908.28800000,9282863.28244000,52937,46786.98500000,4625853.43486000
2026-09-02T10:00Z,98.63000000,98.67000000,97.45000000,98.23000000,172983.58000000,16970125.94009000,64601,56111.91800000,5504610.58586000
2026-09-02T11:00Z,98.22000000,98.28000000,97.38000000,98.12000000,90589.01800000,8867795.47390000,47842,43369.40100000,4246243.92488000
2026-09-02T12:00Z,98.11000000,98.51000000,97.65000000,97.70000000,64787.10100000,6354053.07638000,32610,29751.38800000,2919109.47108000
2026-09-02T13:00Z,97.71000000,99.67000000,97.70000000,99.21000000,124550.69100000,12300511.46435000,67085,77688.40800000,7672521.59667000
2026-09-02T14:00Z,99.21000000,99.80000000,98.91000000,98.92000000,104427.25700000,10370993.54726000,54504,53809.58800000,5344877.59305000
2026-09-02T15:00Z,98.92000000,99.53000000,98.47000000,99.33000000,112237.80600000,11111109.63543000,60813,56925.87500000,5634951.15597000
2026-09-02T16:00Z,99.33000000,99.81000000,98.78000000,98.81000000,105573.50400000,10491035.30642000,40463,52118.96700000,5180666.59294000
2026-09-02T17:00Z,98.81000000,99.33000000,98.21000000,99.33000000,101359.46200000,10000103.01320000,39623,55218.18800000,5448791.78091000
2026-09-02T18:00Z,99.33000000,99.69000000,99.17000000,99.52000000,66963.48300000,6658444.95761000,29507,39968.23700000,3973792.93262000
2026-09-02T19:00Z,99.52000000,99.64000000,99.07000000,99.43000000,38520.53500000,3826742.50762000,22633,21942.71200000,2179699.37510000
2026-09-02T20:00Z,99.43000000,100.03000000,99.34000000,99.71000000,87983.95700000,8775564.45625000,30802,49416.82300000,4928378.67011000
2026-09-02T21:00Z,99.72000000,99.85000000,99.44000000,99.66000000,38098.61100000,3795588.80149000,20416,20590.88000000,2051228.06443000
2026-09-02T22:00Z,99.66000000,99.77000000,99.21000000,99.54000000,41128.94500000,4091464.64909000,20035,22952.32400000,2282905.54002000
2026-09-02T23:00Z,99.54000000,100.53000000,99.42000000,100.43000000,57709.73600000,5771734.98408000,20029,36970.12500000,3697277.74174000
2026-09-03T00:00Z,100.44000000,100.46000000,99.50000000,99.52000000,76038.81700000,7597153.83730000,31734,39710.26400000,3966191.69966000
2026-09-03T01:00Z,99.52000000,100.62000000,99.23000000,100.17000000,101209.80700000,10134395.28941000,45260,56344.07500000,5641312.56728000
2026-09-03T02:00Z,100.16000000,101.34000000,99.96000000,101.11000000,119833.72700000,12071063.72248000,53548,81467.24900000,8207097.99603000
2026-09-03T03:00Z,101.12000000,101.20000000,100.20000000,100.51000000,98703.37800000,9946710.98924000,32694,53559.30400000,5397914.50063000
2026-09-03T04:00Z,100.52000000,100.99000000,100.08000000,100.98000000,73346.82700000,7370455.44749000,23497,38408.64900000,3859736.03118000
2026-09-03T05:00Z,100.99000000,101.04000000,99.72000000,100.87000000,94308.08800000,9468531.19516000,41902,45748.30200000,4592986.48578000
2026-09-03T06:00Z,100.88000000,101.00000000,100.59000000,100.89000000,57088.87600000,5754405.53957000,22285,27002.38900000,2721829.76905000
2026-09-03T07:00Z,100.90000000,101.39000000,100.28000000,100.41000000,116054.68500000,11711439.22680000,36182,65265.09700000,6585778.84491000
2026-09-03T08:00Z,100.41000000,101.13000000,100.39000000,100.63000000,65233.58100000,6574970.41766000,28079,34580.00100000,3484562.42114000
2026-09-03T09:00Z,100.64000000,100.80000000,100.12000000,100.17000000,63455.40000000,6372922.76051000,23922,34823.03600000,3497378.08943000
2026-09-03T10:00Z,100.16000000,100.49000000,99.93000000,100.44000000,68195.66400000,6830209.98074000,25889,40462.13400000,4053240.79332000
2026-09-03T11:00Z,100.44000000,100.99000000,100.33000000,100.81000000,74362.13200000,7487863.27697000,29158,39908.21200000,4018777.69916000
2026-09-03T12:00Z,100.80000000,101.84000000,100.63000000,101.67000000,133979.25800000,13553562.17631000,48298,81355.48900000,8230242.81826000
2026-09-03T13:00Z,101.68000000,102.02000000,101.11000000,101.49000000,116783.93000000,11865411.58946000,56328,67342.34400000,6843714.62916000
2026-09-03T14:00Z,101.49000000,104.86000000,101.25000000,104.81000000,342577.03900000,35255570.99911000,128065,213221.59500000,21944883.69814000
2026-09-03T15:00Z,104.81000000,105.66000000,103.78000000,105.17000000,396468.63900000,41549810.49650000,160037,216641.00600000,22720727.17142000
2026-09-03T16:00Z,105.17000000,105.19000000,103.85000000,104.56000000,188619.87300000,19685551.44197000,85799,97143.73800000,10139680.76085000
2026-09-03T17:00Z,104.57000000,105.21000000,104.40000000,105.10000000,114106.43000000,11965108.59448000,50966,67227.45200000,7051703.76994000
2026-09-03T18:00Z,105.10000000,105.28000000,104.63000000,105.22000000,79121.55800000,8303397.08586000,34166,38203.91300000,4010849.27200000
2026-09-03T19:00Z,105.22000000,105.91000000,105.05000000,105.28000000,108680.49100000,11450391.80524000,47312,56570.44400000,5960332.77510000
2026-09-03T20:00Z,105.29000000,105.47000000,104.76000000,104.91000000,82867.22200000,8710415.26105000,37267,34635.62600000,3642052.70045000
2026-09-03T21:00Z,104.91000000,105.72000000,104.77000000,105.20000000,103597.55400000,10896084.62855000,47501,43975.63800000,4626022.24913000
2026-09-03T22:00Z,105.19000000,105.32000000,103.66000000,104.15000000,106963.23500000,11166972.40067000,46725,43813.15200000,4574634.39931000
2026-09-03T23:00Z,104.15000000,104.24000000,103.83000000,103.94000000,74076.84900000,7705007.97989000,27264,35659.21000000,3708811.05687000
2026-09-04T00:00Z,103.95000000,104.33000000,103.44000000,103.48000000,141730.46100000,14714011.86647000,43706,69701.36800000,7236013.76519000
2026-09-04T01:00Z,103.49000000,103.87000000,103.24000000,103.81000000,78984.17800000,8181607.80377000,33218,45118.86100000,4674864.90707000
2026-09-04T02:00Z,103.81000000,103.82000000,103.34000000,103.79000000,59957.26200000,6212116.97780000,27487,25238.72800000,2614797.07305000
2026-09-04T03:00Z,103.79000000,104.14000000,103.71000000,103.72000000,38415.00200000,3990876.58897000,21488,21610.60600000,2245119.45368000
2026-09-04T04:00Z,103.72000000,104.37000000,103.60000000,103.91000000,64013.44500000,6656137.78738000,22695,39784.86200000,4136751.32092000
2026-09-04T05:00Z,103.90000000,104.06000000,103.46000000,103.71000000,56802.35200000,5894113.97186000,22151,27278.50500000,2830539.26947000
2026-09-04T06:00Z,103.70000000,104.06000000,103.34000000,103.62000000,48552.64800000,5029306.01615000,21998,22052.35300000,2284553.46812000
2026-09-04T07:00Z,103.62000000,104.05000000,103.55000000,103.60000000,121737.28700000,12631139.92151000,26831,54172.06700000,5622187.66844000
2026-09-04T08:00Z,103.61000000,104.51000000,103.21000000,104.39000000,155736.69600000,16175436.91170000,41815,79246.11300000,8233725.60310000
2026-09-04T09:00Z,104.39000000,104.79000000,103.97000000,104.06000000,122308.13800000,12764149.44051000,45964,66001.69800000,6887309.48999000
2026-09-04T10:00Z,104.07000000,104.15000000,103.56000000,104.14000000,66778.84600000,6937000.83580000,29803,32011.60800000,3325610.07101000
2026-09-04T11:00Z,104.14000000,104.51000000,103.96000000,104.09000000,67812.52500000,7066104.15191000,25874,40470.19000000,4217090.95387000
2026-09-04T12:00Z,104.09000000,104.45000000,100.21000000,101.59000000,462417.00900000,47106365.24878000,178859,208376.77000000,21225921.93033000
2026-09-04T13:00Z,101.58000000,102.28000000,101.03000000,101.67000000,190180.24700000,19318317.05411000,91260,90224.40300000,9166790.98888000
2026-09-04T14:00Z,101.67000000,101.82000000,100.31000000,100.81000000,148398.40500000,14991949.83117000,67821,74846.30200000,7568440.75481000
2026-09-04T15:00Z,100.80000000,101.68000000,100.67000000,101.46000000,100451.62500000,10179114.88052000,36152,58360.64300000,5914422.19602000
2026-09-04T16:00Z,101.45000000,102.09000000,101.35000000,101.83000000,50028.21000000,5093360.58008000,26282,26649.56000000,2713571.57560000
2026-09-04T17:00Z,101.83000000,101.86000000,101.08000000,101.24000000,58038.85400000,5891980.01755000,24939,27282.56700000,2770247.15404000
2026-09-04T18:00Z,101.25000000,101.70000000,101.22000000,101.65000000,37806.90000000,3836890.78659000,15744,24853.61500000,2522569.28524000
2026-09-04T19:00Z,101.66000000,101.96000000,101.63000000,101.69000000,47045.01200000,4787032.87960000,16607,25187.68900000,2562518.24631000
2026-09-04T20:00Z,101.70000000,101.87000000,101.62000000,101.76000000,40053.61000000,4075297.72731000,14410,22901.18000000,2330093.44405000
2026-09-04T21:00Z,101.76000000,101.94000000,101.47000000,101.57000000,43925.27000000,4469278.71156000,17405,22436.67400000,2282838.82491000
2026-09-04T22:00Z,101.58000000,101.87000000,101.57000000,101.74000000,28379.29100000,2886400.02679000,11796,13374.82600000,1360304.94860000
2026-09-04T23:00Z,101.74000000,101.98000000,101.66000000,101.93000000,17269.23000000,1759068.33005000,7013,8879.69400000,904530.65239000
2026-09-05T00:00Z,101.93000000,102.01000000,101.72000000,101.81000000,42522.40100000,4331022.36204000,12242,20649.97200000,2103405.01612000
2026-09-05T01:00Z,101.82000000,102.20000000,101.74000000,101.87000000,53509.42400000,5457059.24325000,15778,25078.26300000,2557141.05324000
2026-09-05T02:00Z,101.86000000,101.99000000,101.70000000,101.98000000,45310.32800000,4614692.05716000,11862,21156.64400000,2154817.46307000
2026-09-05T03:00Z,101.98000000,102.02000000,101.76000000,101.89000000,27067.52600000,2758135.06887000,9439,12232.27200000,1246425.34416000
2026-09-05T04:00Z,101.89000000,101.94000000,101.70000000,101.75000000,47838.33600000,4871168.48422000,10424,26059.82900000,2653701.85506000
2026-09-05T05:00Z,101.76000000,101.94000000,101.60000000,101.86000000,41749.82900000,4248608.47164000,11907,25919.51200000,2637502.08220000
2026-09-05T06:00Z,101.87000000,102.40000000,101.82000000,102.29000000,43250.33000000,4415510.04674000,11382,30114.69600000,3074825.55528000
2026-09-05T07:00Z,102.29000000,102.62000000,102.17000000,102.23000000,60737.54800000,6217258.80979000,14269,33534.16300000,3432692.25978000
2026-09-05T08:00Z,102.22000000,102.60000000,102.11000000,102.59000000,58928.19000000,6029697.12098000,15664,31574.31300000,3230818.94264000
2026-09-05T09:00Z,102.58000000,102.82000000,102.52000000,102.55000000,39442.00700000,4048948.66395000,12569,16923.06200000,1737407.86222000
2026-09-05T10:00Z,102.55000000,102.71000000,102.39000000,102.51000000,39026.59400000,4002363.22772000,10509,19612.65100000,2011187.70663000
2026-09-05T11:00Z,102.52000000,102.58000000,102.22000000,102.35000000,43905.92400000,4494780.26451000,12448,17524.22300000,1794161.44264000
2026-09-05T12:00Z,102.34000000,103.24000000,102.29000000,103.23000000,86704.39500000,8916046.16679000,21081,53522.68500000,5505409.00108000
2026-09-05T13:00Z,103.23000000,103.43000000,102.56000000,102.65000000,139711.86900000,14387521.69242000,45463,56117.75900000,5781485.52204000
2026-09-05T14:00Z,102.65000000,102.96000000,102.64000000,102.87000000,110661.70600000,11376721.03010000,30799,48037.58900000,4938743.18809000
2026-09-05T15:00Z,102.86000000,102.99000000,102.64000000,102.95000000,71493.77600000,7350370.54402000,18809,47266.15900000,4859266.71270000
2026-09-05T16:00Z,102.95000000,103.53000000,102.79000000,103.40000000,133833.15300000,13801132.99593000,31284,69921.20100000,7212294.61538000
2026-09-05T17:00Z,103.40000000,104.31000000,103.28000000,104.22000000,173418.29900000,18011379.59110000,48447,101280.00300000,10518631.05812000
2026-09-05T18:00Z,104.23000000,104.37000000,103.74000000,103.92000000,52784.42300000,5488562.62669000,23353,26251.65700000,2729525.28318000
2026-09-05T19:00Z,103.92000000,103.97000000,103.22000000,103.41000000,59095.03200000,6122482.96507000,19690,26196.99900000,2714017.60170000
2026-09-05T20:00Z,103.40000000,103.62000000,103.13000000,103.23000000,64766.12900000,6694129.19604000,20368,29110.30300000,3008436.99953000
2026-09-05T21:00Z,103.23000000,103.99000000,103.22000000,103.73000000,39294.28000000,4073692.44997000,16429,24398.55000000,2529050.39946000
2026-09-05T22:00Z,103.74000000,103.87000000,103.22000000,103.38000000,43961.25400000,4551858.85359000,14872,22022.01700000,2279712.23588000
2026-09-05T23:00Z,103.38000000,103.39000000,102.94000000,103.18000000,48762.75100000,5033048.29898000,14523,23705.08300000,2446835.40839000
2026-09-06T00:00Z,103.18000000,103.52000000,103.17000000,103.31000000,44511.72600000,4600529.33904000,13411,23824.08500000,2462447.20254000
2026-09-06T01:00Z,103.30000000,104.21000000,103.26000000,104.05000000,92040.98500000,9549638.74645000,25232,52734.80100000,5471061.02153000
2026-09-06T02:00Z,104.05000000,104.74000000,103.88000000,104.36000000,79559.85700000,8297204.30483000,30151,43941.40500000,4583228.16818000
2026-09-06T03:00Z,104.37000000,107.07000000,104.35000000,105.95000000,275790.09600000,29208907.44663000,96094,169837.66600000,17983725.18538000
2026-09-06T04:00Z,105.95000000,106.36000000,105.59000000,105.75000000,112938.12200000,11966686.99756000,47836,52512.57200000,5565158.47727000
2026-09-06T05:00Z,105.74000000,106.83000000,105.48000000,106.44000000,109315.87600000,11602998.67629000,45443,60183.04100000,6388009.01474000
2026-09-06T06:00Z,106.44000000,106.45000000,105.32000000,105.37000000,96786.35800000,10233557.12392000,33866,39881.50900000,4218009.54320000
2026-09-06T07:00Z,105.37000000,105.57000000,104.69000000,105.23000000,120337.02700000,12648196.79786000,37988,55183.36700000,5801873.77257000
2026-09-06T08:00Z,105.24000000,105.41000000,105.00000000,105.20000000,67404.83300000,7090800.38793000,19629,38445.04700000,4043849.21036000
2026-09-06T09:00Z,105.20000000,107.30000000,105.18000000,106.50000000,287147.83600000,30562738.99933000,74838,170442.83400000,18122330.13169000
2026-09-06T10:00Z,106.49000000,106.94000000,106.37000000,106.65000000,140386.83500000,14971169.36283000,33794,97674.23300000,10416868.04267000
2026-09-06T11:00Z,106.66000000,106.73000000,106.27000000,106.47000000,66755.52600000,7111432.22060000,26424,33804.16600000,3600993.08728000
2026-09-06T12:00Z,106.46000000,107.36000000,106.37000000,106.81000000,138565.37800000,14801893.54897000,42819,65208.54000000,6969576.98228000
2026-09-06T13:00Z,106.81000000,107.17000000,105.92000000,107.08000000,157367.20700000,16766018.20401000,51365,73037.15600000,7783375.94464000
2026-09-06T14:00Z,107.09000000,107.12000000,105.17000000,105.74000000,204032.69700000,21648326.46185000,77818,88691.04800000,9411695.60288000
2026-09-06T15:00Z,105.74000000,105.99000000,104.93000000,105.76000000,126276.02400000,13322546.75728000,54882,65660.34000000,6930806.97404000
2026-09-06T16:00Z,105.75000000,106.38000000,105.49000000,106.09000000,79216.30500000,8395751.73329000,33572,48424.41300000,5133189.17977000
2026-09-06T17:00Z,106.09000000,106.44000000,105.57000000,106.19000000,82219.66400000,8720366.03549000,38129,49368.40600000,5235886.11642000
2026-09-06T18:00Z,106.20000000,106.59000000,105.85000000,105.98000000,61540.74500000,6539647.39161000,29243,30727.56900000,3265184.40598000
2026-09-06T19:00Z,105.98000000,105.99000000,105.36000000,105.48000000,58327.19100000,6161912.01633000,23970,22053.76400000,2329366.38205000
2026-09-06T20:00Z,105.49000000,105.87000000,105.36000000,105.73000000,54695.56200000,5776825.66337000,25535,24654.35600000,2604171.47165000
2026-09-06T21:00Z,105.73000000,106.25000000,105.73000000,105.93000000,53505.66000000,5673820.71562000,27048,28874.04400000,3062343.73982000
2026-09-06T22:00Z,105.93000000,106.04000000,104.97000000,105.85000000,89941.83900000,9499297.71746000,38328,44100.11100000,4659250.29508000
2026-09-06T23:00Z,105.86000000,106.77000000,105.81000000,106.55000000,93587.57100000,9963210.52615000,37572,52306.66700000,5568111.01522000
2026-09-07T00:00Z,106.55000000,106.65000000,105.89000000,106.16000000,107983.36500000,11467951.60166000,40740,54479.68000000,5786139.51377000
2026-09-07T01:00Z,106.16000000,106.35000000,105.06000000,105.32000000,96919.13200000,10226187.61125000,45780,44978.84300000,4744786.29202000
2026-09-07T02:00Z,105.33000000,107.06000000,104.93000000,105.80000000,136671.39600000,14496149.65686000,57030,66948.30100000,7102371.52540000
2026-09-07T03:00Z,105.80000000,105.90000000,104.93000000,104.95000000,120130.81700000,12645789.27956000,43938,47287.08400000,4978056.29100000
2026-09-07T04:00Z,104.95000000,105.30000000,104.75000000,105.09000000,112469.26400000,11815990.79122000,31257,51096.28900000,5368350.49088000
2026-09-07T05:00Z,105.09000000,105.83000000,105.05000000,105.12000000,84038.37300000,8858784.86246000,28591,33486.95100000,3529838.31171000
2026-09-07T06:00Z,105.13000000,105.40000000,104.87000000,105.08000000,83555.89900000,8783882.98030000,22769,33419.60300000,3513372.56447000
2026-09-07T07:00Z,105.08000000,105.54000000,103.80000000,104.48000000,189914.19100000,19875486.90214000,59192,69021.03700000,7225892.39522000
2026-09-07T08:00Z,104.48000000,104.90000000,104.41000000,104.71000000,93508.04800000,9785035.94569000,26483,46266.70000000,4841453.91600000
2026-09-07T09:00Z,104.70000000,105.18000000,104.60000000,104.66000000,102739.60600000,10781055.12956000,24943,55583.55500000,5834105.64321000
2026-09-07T10:00Z,104.67000000,105.15000000,104.66000000,105.01000000,57899.92600000,6075931.46923000,17875,33506.62500000,3515601.40807000
2026-09-07T11:00Z,105.01000000,105.14000000,104.74000000,104.92000000,56852.88700000,5965259.46614000,19063,29873.67300000,3134561.13856000
2026-09-07T12:00Z,104.93000000,105.93000000,104.90000000,105.74000000,80493.06400000,8487599.63258000,28856,41292.81900000,4354303.74830000
2026-09-07T13:00Z,105.74000000,105.84000000,104.83000000,105.09000000,92086.86100000,9711807.05440000,38792,40272.04600000,4246825.46095000
2026-09-07T14:00Z,105.08000000,105.19000000,104.03000000,104.66000000,142432.88200000,14875809.21766000,55906,71664.74300000,7484683.31517000
2026-09-07T15:00Z,104.66000000,104.67000000,102.96000000,103.26000000,171681.86900000,17800444.62174000,65313,81149.34400000,8415289.86985000
2026-09-07T16:00Z,103.27000000,103.88000000,103.21000000,103.88000000,57530.61000000,5958509.82772000,27683,37386.53500000,3872189.67154000
2026-09-07T17:00Z,103.87000000,104.25000000,103.80000000,104.00000000,54107.30700000,5629740.40383000,18865,35412.31900000,3684460.56352000
2026-09-07T18:00Z,104.00000000,104.09000000,103.58000000,103.91000000,70306.46600000,7301659.32225000,18420,47445.43400000,4927566.30299000
2026-09-07T19:00Z,103.91000000,104.43000000,103.81000000,104.35000000,39785.06800000,4146622.33244000,16925,26294.34800000,2740781.93479000
2026-09-07T20:00Z,104.36000000,104.41000000,103.92000000,104.10000000,52995.71300000,5516363.54222000,15638,22527.81000000,2344398.57687000
2026-09-07T21:00Z,104.10000000,104.16000000,103.80000000,103.91000000,39207.06500000,4075535.54259000,15762,17329.75700000,1801342.56660000
2026-09-07T22:00Z,103.91000000,104.07000000,103.18000000,103.55000000,74062.05500000,7678518.86561000,31175,27567.32500000,2857191.90362000
2026-09-07T23:00Z,103.54000000,104.04000000,103.50000000,103.80000000,78949.97300000,8192943.65264000,21183,46560.36000000,4831089.51022000
2026-09-08T00:00Z,103.81000000,104.16000000,103.45000000,104.09000000,72379.60000000,7513505.07595000,27740,36441.38000000,3782783.08557000
2026-09-08T01:00Z,104.09000000,104.43000000,104.01000000,104.39000000,75150.02700000,7831451.63661000,22195,28437.54700000,2963115.18976000
2026-09-08T02:00Z,104.40000000,104.53000000,103.29000000,103.30000000,83035.41500000,8626574.69368000,25335,33830.65900000,3513588.22434000
2026-09-08T03:00Z,103.29000000,103.45000000,102.74000000,103.36000000,116641.98800000,12031813.06894000,34511,48551.04100000,5008992.81052000
2026-09-08T04:00Z,103.36000000,103.46000000,103.00000000,103.00000000,62233.43900000,6423586.61873000,19001,28183.79900000,2909112.09062000
2026-09-08T05:00Z,103.01000000,103.51000000,102.89000000,102.96000000,103270.61300000,10657565.70423000,32279,52276.08500000,5394968.23236000
2026-09-08T06:00Z,102.97000000,103.10000000,102.44000000,102.68000000,125172.14900000,12857726.80693000,41639,54973.32800000,5646652.72222000
2026-09-08T07:00Z,102.69000000,103.14000000,102.61000000,102.95000000,69437.37600000,7143444.01333000,24403,33952.89000000,3493952.86533000
2026-09-08T08:00Z,102.95000000,103.50000000,102.49000000,103.05000000,75495.41000000,7763776.32728000,27530,34323.09200000,3532449.98427000
2026-09-08T09:00Z,103.04000000,103.85000000,102.93000000,103.69000000,73487.89700000,7603636.76585000,23942,44843.98000000,4640252.89307000
2026-09-08T10:00Z,103.70000000,104.09000000,103.39000000,103.39000000,73114.01700000,7579793.95061000,19628,35460.19600000,3676585.81776000
2026-09-08T11:00Z,103.40000000,103.46000000,102.66000000,102.87000000,77338.62100000,7962518.69304000,28203,32508.19900000,3346794.26162000
2026-09-08T12:00Z,102.88000000,103.33000000,102.50000000,103.09000000,68763.19800000,7073696.56204000,28602,31838.09200000,3276635.03509000
2026-09-08T13:00Z,103.09000000,103.17000000,101.72000000,102.69000000,135205.65200000,13827373.26038000,67696,55608.61800000,5690704.65287000
2026-09-08T14:00Z,102.68000000,103.44000000,102.45000000,103.33000000,111004.93200000,11445424.24378000,53795,61348.54000000,6323723.43740000
2026-09-08T15:00Z,103.33000000,104.39000000,103.24000000,104.31000000,106447.85900000,11048561.54674000,43573,59361.14600000,6161905.70232000
2026-09-08T16:00Z,104.30000000,104.83000000,103.60000000,104.20000000,118761.93800000,12379746.96550000,47514,56689.87800000,5909060.01339000
2026-09-08T17:00Z,104.20000000,104.44000000,103.69000000,103.70000000,63750.52000000,6628332.25050000,31172,30372.98600000,3158482.59403000
2026-09-08T18:00Z,103.71000000,104.49000000,103.19000000,103.38000000,82572.78200000,8574927.08426000,40572,38728.17200000,4024906.98953000
2026-09-08T19:00Z,103.38000000,103.61000000,102.89000000,103.24000000,88615.17600000,9146244.32397000,46848,39971.55900000,4125892.47893000
2026-09-08T20:00Z,103.24000000,103.80000000,103.06000000,103.09000000,47274.28500000,4887356.62126000,27820,22744.87500000,2351379.44228000
2026-09-08T21:00Z,103.10000000,103.36000000,102.82000000,103.02000000,52846.49300000,5448960.89364000,20249,26096.92200000,2690677.74514000
2026-09-08T22:00Z,103.02000000,103.46000000,102.97000000,103.42000000,37665.23900000,3891034.36142000,18823,18574.25800000,1918747.23601000
2026-09-08T23:00Z,103.42000000,103.60000000,103.27000000,103.37000000,36720.35400000,3797400.75910000,12238,18823.48800000,1946282.24382000
2026-09-09T00:00Z,103.37000000,103.88000000,103.35000000,103.78000000,47982.08800000,4974575.71290000,20179,24525.32400000,2542573.52167000
2026-09-09T01:00Z,103.78000000,103.94000000,103.38000000,103.79000000,52764.76700000,5472463.45454000,23300,29227.11200000,3030915.18798000
2026-09-09T02:00Z,103.79000000,104.02000000,103.34000000,103.47000000,55126.02600000,5714969.06585000,26834,27476.99200000,2848347.44642000
2026-09-09T03:00Z,103.47000000,103.51000000,102.92000000,103.30000000,68852.00100000,7106657.56839000,22455,36120.46300000,3729509.72469000
2026-09-09T04:00Z,103.31000000,104.43000000,103.30000000,104.41000000,102859.45800000,10692212.12645000,34829,55159.72300000,5734390.79823000
2026-09-09T05:00Z,104.42000000,104.71000000,103.75000000,104.10000000,101876.24500000,10622584.09479000,34377,51789.41600000,5399622.59411000
2026-09-09T06:00Z,104.10000000,104.78000000,104.00000000,104.54000000,44016.44600000,4600319.66553000,22765,25636.67500000,2679876.11788000
2026-09-09T07:00Z,104.54000000,105.20000000,104.49000000,104.58000000,80895.12800000,8482538.87397000,29320,48620.66700000,5099171.67527000
2026-09-09T08:00Z,104.58000000,105.05000000,104.56000000,104.82000000,58960.11700000,6179162.85968000,25716,31600.25100000,3311368.25681000
2026-09-09T09:00Z,104.83000000,104.86000000,103.46000000,103.50000000,95137.09200000,9887217.37431000,37040,43350.23300000,4505855.20247000
2026-09-09T10:00Z,103.50000000,104.08000000,103.47000000,103.79000000,77803.16700000,8076167.19809000,33903,45519.78400000,4724737.41083000
2026-09-09T11:00Z,103.79000000,104.31000000,103.30000000,104.25000000,79886.78200000,8288004.14547000,34320,41103.14400000,4265205.55703000
2026-09-09T12:00Z,104.25000000,104.83000000,104.11000000,104.67000000,104650.28700000,10941082.50390000,36543,44474.23800000,4649210.90170000
2026-09-09T13:00Z,104.68000000,104.70000000,103.54000000,103.80000000,94524.89100000,9850927.99596000,49740,46226.39500000,4818590.77419000
2026-09-09T14:00Z,103.81000000,104.19000000,103.36000000,103.49000000,123337.00100000,12789730.57955000,65901,61177.39700000,6343604.72038000
2026-09-09T15:00Z,103.49000000,104.11000000,102.07000000,103.08000000,241657.53900000,24848110.42171000,113389,107840.04100000,11090977.76093000
2026-09-09T16:00Z,103.08000000,103.52000000,102.76000000,103.39000000,78472.68600000,8091643.50156000,33042,40994.09700000,4227939.92046000
2026-09-09T17:00Z,103.40000000,103.83000000,103.23000000,103.54000000,53304.81100000,5516877.50389000,25805,27785.92200000,2876132.93816000
2026-09-09T18:00Z,103.55000000,103.74000000,103.22000000,103.27000000,64718.26500000,6699339.69409000,23172,29328.88800000,3036779.50157000
2026-09-09T19:00Z,103.28000000,103.39000000,102.16000000,102.35000000,70334.30700000,7233223.96502000,31181,31546.83400000,3247444.04260000
2026-09-09T20:00Z,102.34000000,102.68000000,101.85000000,102.58000000,105954.95600000,10840281.06561000,39907,52151.68400000,5337156.16629000
2026-09-09T21:00Z,102.58000000,102.63000000,101.84000000,102.10000000,99554.08400000,10191507.10492000,32352,43012.51100000,4401280.91121000
2026-09-09T22:00Z,102.10000000,102.20000000,100.33000000,100.82000000,179248.93700000,18132830.47067000,75535,68649.37800000,6950909.53737000
2026-09-09T23:00Z,100.82000000,101.78000000,100.75000000,101.57000000,70522.60500000,7155686.04779000,24921,37741.13100000,3829829.54882000
2026-09-10T00:00Z,101.57000000,101.72000000,100.95000000,101.01000000,76657.47000000,7764228.02442000,34710,38613.92000000,3911571.25668000
2026-09-10T01:00Z,101.00000000,101.75000000,100.50000000,101.06000000,94257.68600000,9525145.79868000,47535,41530.99800000,4198495.30679000
2026-09-10T02:00Z,101.07000000,101.90000000,101.00000000,101.90000000,45232.10100000,4587928.49970000,27383,25412.67400000,2578397.12529000
2026-09-10T03:00Z,101.90000000,102.07000000,101.66000000,101.83000000,76919.94300000,7837263.14448000,23813,36411.51300000,3709434.23218000
2026-09-10T04:00Z,101.83000000,102.19000000,101.80000000,101.98000000,47399.54200000,4834435.36321000,15173,23613.15000000,2408261.47654000
2026-09-10T05:00Z,101.97000000,102.19000000,101.64000000,102.11000000,52373.39100000,5340902.12988000,20544,25007.84100000,2549194.11434000
2026-09-10T06:00Z,102.11000000,102.13000000,101.40000000,101.95000000,33036.69000000,3360979.76384000,19355,12597.27100000,1281689.95374000
2026-09-10T07:00Z,101.95000000,101.95000000,100.83000000,101.31000000,93226.69400000,9434498.50043000,30080,28308.46300000,2864607.93358000
2026-09-10T08:00Z,101.30000000,101.41000000,101.02000000,101.17000000,101598.56600000,10282400.06959000,29248,42815.47100000,4332769.65034000
2026-09-10T09:00Z,101.17000000,101.42000000,100.81000000,101.13000000,71011.29000000,7182466.70217000,20914,30417.56700000,3076422.22396000
2026-09-10T10:00Z,101.13000000,101.39000000,100.85000000,101.06000000,57733.97800000,5841677.22878000,25235,27470.66100000,2779635.22735000
2026-09-10T11:00Z,101.06000000,101.54000000,100.82000000,101.01000000,86145.61400000,8723159.78072000,32062,39985.97200000,4048470.33285000
2026-09-10T12:00Z,101.00000000,101.49000000,98.50000000,98.94000000,369265.55300000,36878637.65335000,143749,174654.97200000,17439802.35564000
2026-09-10T13:00Z,98.94000000,99.85000000,98.88000000,99.74000000,184767.78100000,18363082.63527000,87590,95518.73700000,9495146.33988000
2026-09-10T14:00Z,99.75000000,100.37000000,99.27000000,100.21000000,95709.70800000,9557349.32819000,50980,49769.45200000,4970454.71866000
2026-09-10T15:00Z,100.20000000,100.22000000,99.44000000,99.74000000,77777.11800000,7761315.63969000,40806,35223.47000000,3514548.90862000
2026-09-10T16:00Z,99.74000000,99.91000000,98.84000000,99.68000000,84132.44200000,8359625.49620000,45898,37431.49800000,3721117.12952000
2026-09-10T17:00Z,99.69000000,100.46000000,99.56000000,99.97000000,81329.04600000,8135858.61119000,38377,45799.71000000,4580693.14958000
2026-09-10T18:00Z,99.97000000,99.99000000,99.23000000,99.93000000,61455.77600000,6115079.82259000,34987,23608.79900000,2349612.06198000
2026-09-10T19:00Z,99.92000000,100.12000000,99.60000000,99.69000000,61127.70100000,6103874.35234000,33662,28829.81300000,2878221.57236000
2026-09-10T20:00Z,99.69000000,100.14000000,99.63000000,100.05000000,26756.68000000,2675440.86206000,17112,11442.11200000,1143777.98228000
2026-09-10T21:00Z,100.05000000,100.15000000,99.78000000,99.82000000,24703.58200000,2469743.30267000,16208,9814.19400000,981085.63881000
2026-09-10T22:00Z,99.83000000,100.11000000,99.26000000,99.27000000,38310.83500000,3817702.83102000,19745,19263.61600000,1920087.35586000
2026-09-10T23:00Z,99.27000000,99.39000000,98.60000000,98.67000000,76979.64600000,7619119.91559000,38905,29067.92200000,2877322.86182000
2026-09-11T00:00Z,98.67000000,99.42000000,98.60000000,99.16000000,83134.33800000,8227744.03025000,41364,42645.36600000,4219379.12000000
2026-09-11T01:00Z,99.17000000,99.51000000,98.72000000,99.46000000,68233.33400000,6769831.49363000,36131,35859.98800000,3557746.00427000
2026-09-11T02:00Z,99.45000000,99.53000000,99.06000000,99.31000000,58363.81800000,5797335.66271000,27492,29505.28100000,2931223.97446000
2026-09-11T03:00Z,99.30000000,99.48000000,98.95000000,99.31000000,62238.93000000,6172438.69092000,28392,29033.31700000,2878758.36432000
2026-09-11T04:00Z,99.32000000,99.97000000,99.24000000,99.68000000,71948.29900000,7167499.86961000,24807,39088.81500000,3893698.55071000
2026-09-11T05:00Z,99.69000000,99.91000000,99.56000000,99.90000000,54072.23600000,5392786.64602000,17676,29951.35500000,2987111.88459000
2026-09-11T06:00Z,99.90000000,100.00000000,99.54000000,99.82000000,48388.28900000,4828020.37246000,16273,23036.59000000,2298903.30936000
2026-09-11T07:00Z,99.82000000,100.13000000,99.71000000,99.75000000,56774.33700000,5670715.10462000,17740,29880.34200000,2984474.79787000
2026-09-11T08:00Z,99.75000000,100.29000000,99.49000000,99.93000000,50981.03200000,5093131.85552000,21044,28351.65200000,2832801.14493000
2026-09-11T09:00Z,99.93000000,99.96000000,99.01000000,99.40000000,52132.08800000,5189208.97057000,21020,23374.00900000,2327035.16696000
2026-09-11T10:00Z,99.40000000,99.74000000,99.18000000,99.18000000,66961.68600000,6663822.00482000,20910,29355.79300000,2920975.68026000
2026-09-11T11:00Z,99.18000000,99.60000000,98.60000000,99.49000000,101447.31400000,10045169.20375000,37160,49182.75900000,4870303.46836000
2026-09-11T12:00Z,99.49000000,101.85000000,98.00000000,101.69000000,453811.03300000,45450239.37881000,176452,256373.11400000,25705567.96837000
2026-09-11T13:00Z,101.69000000,104.92000000,100.61000000,104.88000000,444751.73200000,45678144.96462000,183509,229926.38800000,23606835.89343000
2026-09-11T14:00Z,104.88000000,105.80000000,102.86000000,103.28000000,468908.95100000,48869290.78072000,192133,206164.28200000,21501347.26171000
2026-09-11T15:00Z,103.29000000,103.60000000,101.25000000,101.61000000,221717.72700000,22753093.85518000,102426,112643.24600000,11565409.55489000
2026-09-11T16:00Z,101.60000000,102.40000000,101.31000000,102.33000000,153060.49000000,15602290.39821000,85503,71420.24300000,7281538.69751000
2026-09-11T17:00Z,102.33000000,102.48000000,101.82000000,101.96000000,70654.66100000,7220864.83162000,39343,30282.25100000,3094952.14484000
2026-09-11T18:00Z,101.96000000,102.04000000,100.38000000,101.09000000,199665.01100000,20199172.74121000,82936,90717.78600000,9178003.92079000
2026-09-11T19:00Z,101.09000000,102.15000000,100.81000000,102.02000000,82981.20200000,8417687.29255000,43843,40575.15300000,4116944.21509000
2026-09-11T20:00Z,102.02000000,102.98000000,102.00000000,102.47000000,120223.50400000,12321081.03299000,48204,62586.62900000,6412045.00374000
2026-09-11T21:00Z,102.48000000,103.10000000,102.05000000,102.09000000,64583.66700000,6630858.39719000,37921,35761.92400000,3672292.24269000
2026-09-11T22:00Z,102.09000000,102.48000000,101.54000000,101.88000000,136240.34900000,13895149.47740000,42819,78492.05800000,8004788.56730000
2026-09-11T23:00Z,101.87000000,102.49000000,101.79000000,102.46000000,57121.09900000,5839561.26870000,25547,38824.10600000,3969402.63253000
2026-09-12T00:00Z,102.45000000,102.59000000,101.79000000,101.93000000,57049.55600000,5830499.26555000,21452,31600.02600000,3230399.57610000
2026-09-12T01:00Z,101.93000000,102.24000000,101.85000000,102.00000000,49010.71200000,5002680.95498000,18778,24297.43500000,2479840.54479000
2026-09-12T02:00Z,102.00000000,102.06000000,101.64000000,101.86000000,64300.51100000,6548383.10122000,19073,33902.64400000,3453593.53667000
2026-09-12T03:00Z,101.87000000,101.93000000,101.44000000,101.64000000,48635.09600000,4945555.54472000,15275,19191.92600000,1951967.33160000
2026-09-12T04:00Z,101.65000000,101.90000000,101.55000000,101.59000000,29290.64400000,2979321.61479000,11798,15974.40400000,1624788.50174000
2026-09-12T05:00Z,101.59000000,101.73000000,101.41000000,101.65000000,42423.88700000,4309289.97357000,14661,22945.57000000,2330646.19165000
2026-09-12T06:00Z,101.64000000,101.89000000,101.48000000,101.68000000,43259.78200000,4399132.87149000,13516,19359.78000000,1968904.68945000
2026-09-12T07:00Z,101.69000000,101.94000000,101.61000000,101.66000000,46160.58200000,4695800.32057000,15067,14441.57100000,1469326.62799000
2026-09-12T08:00Z,101.66000000,101.88000000,101.56000000,101.83000000,50017.71500000,5087622.56371000,15072,24427.52400000,2484693.79506000
2026-09-12T09:00Z,101.84000000,102.23000000,101.76000000,102.02000000,64028.71200000,6530997.73640000,17224,32000.58100000,3264035.36424000
2026-09-12T10:00Z,102.02000000,102.26000000,101.96000000,102.14000000,36965.28000000,3773983.74596000,13209,20273.50500000,2069778.45585000
2026-09-12T11:00Z,102.14000000,102.24000000,101.99000000,102.13000000,34483.07800000,3519908.86237000,10924,18870.38300000,1926066.85008000
2026-09-12T12:00Z,102.14000000,102.42000000,101.95000000,102.06000000,63444.85800000,6485185.46510000,19191,42484.79000000,4342753.02062000
2026-09-12T13:00Z,102.06000000,102.23000000,101.77000000,101.99000000,62576.47600000,6380172.96703000,18739,30137.16500000,3072959.30951000
2026-09-12T14:00Z,102.00000000,102.13000000,101.89000000,102.00000000,44942.32600000,4584507.15086000,15345,23971.24100000,2445084.06213000
2026-09-12T15:00Z,102.01000000,102.16000000,101.88000000,102.06000000,56554.35400000,5769570.44523000,15714,27824.08300000,2838539.30294000
2026-09-12T16:00Z,102.06000000,102.12000000,101.94000000,102.08000000,30493.83800000,3111085.23714000,9515,14506.80300000,1480018.26698000
2026-09-12T17:00Z,102.08000000,102.16000000,101.96000000,101.97000000,24250.75200000,2475293.31597000,10289,12471.84100000,1273083.22618000
2026-09-12T18:00Z,101.97000000,101.98000000,101.56000000,101.64000000,53263.28000000,5418650.41534000,15403,27609.76700000,2808745.61318000
2026-09-12T19:00Z,101.65000000,101.71000000,101.23000000,101.27000000,49720.39300000,5047564.54184000,15474,25699.77900000,2608940.87937000
2026-09-12T20:00Z,101.28000000,101.57000000,101.25000000,101.37000000,29754.42400000,3017745.85469000,9514,13038.43600000,1322284.87098000
2026-09-12T21:00Z,101.37000000,101.64000000,101.35000000,101.47000000,30255.41300000,3071071.30966000,10091,14581.45900000,1480007.86686000
2026-09-12T22:00Z,101.47000000,101.80000000,101.40000000,101.68000000,57255.94100000,5816170.73758000,17594,34444.78400000,3498853.53250000
2026-09-12T23:00Z,101.68000000,101.90000000,101.64000000,101.76000000,30514.28400000,3105118.09591000,9447,18908.21900000,1924206.80080000
2026-09-13T00:00Z,101.77000000,101.78000000,101.55000000,101.74000000,27385.92600000,2784387.01839000,7255,10604.75100000,1078260.45339000
2026-09-13T01:00Z,101.74000000,102.33000000,101.73000000,102.28000000,67341.70700000,6871143.22132000,15280,44178.51000000,4507583.40508000
2026-09-13T02:00Z,102.29000000,102.34000000,101.77000000,101.89000000,56987.73400000,5812519.79843000,17808,29469.10100000,3005744.38519000
2026-09-13T03:00Z,101.90000000,102.06000000,101.55000000,101.63000000,41041.65700000,4178366.11041000,15491,18639.32800000,1897863.10427000
2026-09-13T04:00Z,101.63000000,101.81000000,101.53000000,101.72000000,26826.31700000,2727902.09415000,9189,12109.93100000,1231325.33754000
2026-09-13T05:00Z,101.72000000,101.93000000,101.69000000,101.82000000,34946.67200000,3559101.43762000,8108,18032.65900000,1836749.24872000
2026-09-13T06:00Z,101.81000000,101.82000000,101.09000000,101.25000000,31569.74800000,3202718.18126000,13459,9990.86300000,1013485.26007000
2026-09-13T07:00Z,101.25000000,101.40000000,100.67000000,100.72000000,81423.35600000,8221802.53169000,23350,29946.57900000,3023379.86372000
2026-09-13T08:00Z,100.72000000,100.87000000,99.92000000,100.01000000,113497.11100000,11378159.32232000,40358,34702.51200000,3480249.50191000
2026-09-13T09:00Z,100.01000000,100.20000000,99.42000000,99.87000000,87571.53900000,8741317.85063000,35278,33736.46900000,3368135.77813000
2026-09-13T10:00Z,99.86000000,99.91000000,99.42000000,99.57000000,44318.83000000,4419096.72788000,16451,15088.20500000,1504583.48130000
2026-09-13T11:00Z,99.57000000,99.87000000,99.45000000,99.83000000,43013.63600000,4290064.98546000,16955,17045.87000000,1700185.52880000
2026-09-13T12:00Z,99.83000000,99.83000000,99.54000000,99.71000000,47305.66000000,4716580.09289000,14516,19162.17200000,1910713.76343000
2026-09-13T13:00Z,99.71000000,100.21000000,99.43000000,100.11000000,46015.92700000,4591663.11408000,18100,25614.73300000,2556970.79886000
2026-09-13T14:00Z,100.11000000,100.89000000,100.11000000,100.67000000,68353.83100000,6875390.37991000,23210,42091.10600000,4234606.77852000
2026-09-13T15:00Z,100.67000000,100.69000000,100.18000000,100.26000000,44114.16700000,4429563.03327000,17585,15836.86400000,1590187.96941000
2026-09-13T16:00Z,100.26000000,101.00000000,100.25000000,100.82000000,63634.67200000,6408621.65628000,20657,37138.86300000,3740254.46225000
2026-09-13T17:00Z,100.82000000,101.23000000,100.81000000,101.01000000,43575.90100000,4400961.34983000,17412,23043.16800000,2327116.75020000
2026-09-13T18:00Z,101.00000000,101.30000000,100.96000000,101.19000000,43656.03400000,4415761.78813000,13613,30735.88500000,3108849.73387000
2026-09-13T19:00Z,101.19000000,101.33000000,100.85000000,100.97000000,40831.68800000,4126202.07776000,12086,24086.61800000,2433618.37612000
2026-09-13T20:00Z,100.97000000,101.52000000,100.97000000,101.48000000,31248.30800000,3165560.62273000,12015,21700.01200000,2198129.77490000
2026-09-13T21:00Z,101.48000000,101.62000000,101.20000000,101.36000000,63326.08500000,6418570.54903000,16217,28177.52800000,2857234.58453000
2026-09-13T22:00Z,101.35000000,101.35000000,99.38000000,99.74000000,154573.20000000,15462357.82665000,89677,60303.40200000,6030610.74256000
2026-09-13T23:00Z,99.75000000,100.02000000,99.19000000,99.30000000,79442.69800000,7911257.30082000,40963,37628.47600000,3747428.13679000
2026-09-14T00:00Z,99.31000000,99.93000000,99.00000000,99.66000000,67234.12900000,6690476.03752000,44121,28001.35900000,2787297.61341000
2026-09-14T01:00Z,99.65000000,100.22000000,99.18000000,100.18000000,64927.83200000,6468456.17306000,35317,32532.84400000,3242260.87949000
2026-09-14T02:00Z,100.17000000,101.07000000,99.97000000,101.01000000,81196.85100000,8178056.33625000,42688,41259.22400000,4155161.68696000
2026-09-14T03:00Z,101.01000000,101.34000000,100.79000000,100.98000000,77660.86900000,7849641.68444000,28248,28688.68100000,2900357.48581000
2026-09-14T04:00Z,100.99000000,101.38000000,100.88000000,101.17000000,66306.38900000,6704268.02773000,18388,26152.71000000,2643739.35284000
2026-09-14T05:00Z,101.18000000,101.23000000,100.93000000,101.12000000,29346.35700000,2966898.87609000,12290,14067.90800000,1422396.51330000
2026-09-14T06:00Z,101.12000000,102.00000000,101.09000000,101.55000000,92141.05000000,9361073.50938000,35946,50518.01400000,5133001.95719000
2026-09-14T07:00Z,101.55000000,101.74000000,101.43000000,101.61000000,50503.69100000,5130156.11907000,19401,28099.72100000,2854196.05999000
2026-09-14T08:00Z,101.61000000,101.83000000,101.32000000,101.49000000,74020.32700000,7515981.07587000,28450,37985.10900000,3856638.50350000
2026-09-14T09:00Z,101.49000000,102.34000000,101.24000000,101.94000000,109756.18800000,11164669.99974000,40364,62373.29600000,6346014.76697000
2026-09-14T10:00Z,101.95000000,102.02000000,101.69000000,101.78000000,65183.71600000,6639019.01086000,22669,26764.12600000,2726415.82721000
2026-09-14T11:00Z,101.79000000,101.92000000,101.31000000,101.38000000,81049.49300000,8236124.59829000,27749,37559.40200000,3817699.46313000
2026-09-14T12:00Z,101.38000000,101.99000000,101.21000000,101.39000000,68171.73200000,6926002.20441000,36484,35217.44800000,3577658.62731000
2026-09-14T13:00Z,101.38000000,101.91000000,100.67000000,101.37000000,139598.69800000,14145097.50983000,85292,70672.97900000,7164084.15777000
2026-09-14T14:00Z,101.36000000,102.00000000,101.19000000,101.63000000,110276.59500000,11210450.80258000,64341,54902.34700000,5582613.83846000
2026-09-14T15:00Z,101.64000000,102.28000000,101.35000000,101.97000000,128709.02600000,13116561.18874000,61662,63816.93300000,6503589.15915000
2026-09-14T16:00Z,101.96000000,102.87000000,101.86000000,102.60000000,133272.98100000,13659671.19408000,58395,69541.88000000,7126266.97882000
2026-09-14T17:00Z,102.60000000,103.30000000,102.52000000,103.06000000,98374.47200000,10125245.72833000,44171,49200.27800000,5065333.74318000
2026-09-14T18:00Z,103.06000000,103.85000000,102.92000000,103.62000000,147834.41900000,15289287.25115000,67067,80960.55500000,8373469.67743000
2026-09-14T19:00Z,103.63000000,103.63000000,102.95000000,103.25000000,85510.86700000,8832399.58272000,43312,40721.57500000,4205936.67343000
2026-09-14T20:00Z,103.26000000,104.82000000,103.19000000,103.98000000,179652.25800000,18751096.07593000,97112,91846.78600000,9580804.31657000
2026-09-14T21:00Z,103.99000000,104.03000000,103.07000000,103.21000000,126036.33500000,13051554.74083000,63639,51947.40200000,5380529.15948000
2026-09-14T22:00Z,103.21000000,103.58000000,102.79000000,102.88000000,83368.78500000,8598707.69701000,35329,34481.78200000,3556732.68356000
2026-09-14T23:00Z,102.88000000,103.01000000,102.43000000,102.53000000,42545.43600000,4370505.55771000,20447,20920.70200000,2148980.67838000
2026-09-15T00:00Z,102.54000000,102.86000000,102.37000000,102.46000000,63932.94600000,6558603.89881000,23652,32464.60000000,3330502.76605000
2026-09-15T01:00Z,102.47000000,102.60000000,102.15000000,102.27000000,66678.81000000,6826928.64885000,26345,35573.71100000,3642293.04356000
2026-09-15T02:00Z,102.27000000,102.41000000,101.98000000,101.98000000,45823.78300000,4681208.38827000,21942,17625.83300000,1801146.12196000
2026-09-15T03:00Z,101.98000000,101.99000000,101.19000000,101.55000000,79881.47300000,8112633.01918000,32313,37795.75900000,3839958.96887000
2026-09-15T04:00Z,101.55000000,101.72000000,101.17000000,101.28000000,67378.66700000,6833319.93701000,25472,28806.54600000,2920962.79991000
2026-09-15T05:00Z,101.28000000,101.40000000,100.57000000,101.33000000,112365.04100000,11346717.73242000,40415,56008.16200000,5655607.27755000
2026-09-15T06:00Z,101.34000000,101.59000000,100.74000000,100.90000000,62824.44700000,6352027.23221000,21444,28056.87700000,2837390.41738000
2026-09-15T07:00Z,100.90000000,101.05000000,100.35000000,100.44000000,78063.70300000,7862679.48242000,27040,29451.14400000,2966659.04162000
2026-09-15T08:00Z,100.44000000,100.73000000,100.08000000,100.65000000,112436.70800000,11287272.42729000,30722,73116.90000000,7341612.09656000
2026-09-15T09:00Z,100.66000000,101.10000000,100.52000000,100.82000000,58773.05100000,5921600.49544000,23158,29878.89300000,3010301.67187000
2026-09-15T10:00Z,100.82000000,101.11000000,100.68000000,100.98000000,68568.62200000,6920172.86487000,23929,38688.30900000,3904779.54890000
2026-09-15T11:00Z,100.98000000,101.03000000,100.43000000,100.86000000,71378.81900000,7189412.26099000,25852,32233.08400000,3246521.34039000
2026-09-15T12:00Z,100.86000000,101.21000000,100.82000000,101.00000000,121476.93200000,12269540.51064000,37148,60541.57700000,6115146.79496000
2026-09-15T13:00Z,101.00000000,101.39000000,99.74000000,100.58000000,176032.45000000,17693122.01360000,54284,80562.27000000,8102128.00899000
2026-09-15T14:00Z,100.57000000,100.76000000,98.02000000,98.87000000,242297.67300000,24014877.87162000,79431,94984.14600000,9416688.10602000
2026-09-15T15:00Z,98.88000000,99.77000000,98.56000000,99.36000000,144828.00400000,14377700.06523000,44400,71757.73900000,7124791.44743000
2026-09-15T16:00Z,99.37000000,99.46000000,98.90000000,99.11000000,49378.71300000,4897350.21895000,21066,22613.92300000,2243603.22915000
2026-09-15T17:00Z,99.10000000,100.71000000,98.69000000,100.21000000,111119.17300000,11096284.98169000,37068,69884.29700000,6979575.45424000
2026-09-15T18:00Z,100.21000000,100.34000000,95.82000000,98.20000000,468878.94200000,45910074.09696000,175821,199449.28600000,19545437.11021000
2026-09-15T19:00Z,98.19000000,98.67000000,97.51000000,97.90000000,212722.48800000,20855809.01804000,72511,110182.66100000,10800012.33508000
2026-09-15T20:00Z,97.90000000,98.09000000,96.67000000,97.45000000,115496.39800000,11233502.14247000,36720,54064.81600000,5259960.69978000
2026-09-15T21:00Z,97.44000000,97.44000000,96.54000000,96.55000000,78057.40100000,7571316.96575000,22921,36518.68800000,3542983.64016000
2026-09-15T22:00Z,96.55000000,97.31000000,96.31000000,97.16000000,120463.26800000,11656829.75432000,30331,66038.09200000,6391896.20548000
2026-09-15T23:00Z,97.16000000,97.68000000,96.87000000,96.88000000,94648.79000000,9205773.81994000,19382,42504.52900000,4135710.96854000
2026-09-16T00:00Z,96.88000000,97.32000000,96.84000000,97.08000000,86099.60100000,8362134.68720000,17052,40417.95700000,3925235.22575000
2026-09-16T01:00Z,97.08000000,97.31000000,96.38000000,96.49000000,78031.25200000,7557794.42288000,18924,39130.76900000,3790828.16298000
2026-09-16T02:00Z,96.50000000,97.60000000,96.45000000,97.25000000,80381.30800000,7800106.92333000,20597,46686.67700000,4529177.14071000
2026-09-16T03:00Z,97.25000000,97.59000000,97.04000000,97.25000000,64248.57800000,6251042.88191000,15018,35667.20500000,3469655.05765000
2026-09-16T04:00Z,97.26000000,97.73000000,97.16000000,97.27000000,77731.96200000,7574060.91462000,17256,44004.98800000,4287351.26172000
2026-09-16T05:00Z,97.27000000,97.32000000,96.87000000,97.23000000,75660.62800000,7347762.84857000,15979,38942.25500000,3782281.64360000
2026-09-16T06:00Z,97.23000000,97.43000000,96.89000000,97.41000000,42389.45100000,4118817.49135000,10331,24701.05600000,2400105.34574000
2026-09-16T07:00Z,97.41000000,97.54000000,96.93000000,96.98000000,69381.87700000,6746355.20184000,14923,36291.58400000,3529017.58441000
2026-09-16T08:00Z,96.97000000,97.03000000,96.41000000,97.02000000,83352.38000000,8063122.53009000,20844,36443.11400000,3525286.34531000
2026-09-16T09:00Z,97.02000000,97.35000000,97.02000000,97.32000000,70693.56500000,6870612.84931000,14031,33332.91200000,3239620.48086000
2026-09-16T10:00Z,97.31000000,97.38000000,97.13000000,97.31000000,57155.46000000,5560063.00909000,11761,30971.33800000,3013192.74914000
2026-09-16T11:00Z,97.31000000,98.32000000,97.04000000,98.02000000,100944.35800000,9859926.28398000,23607,62700.55900000,6126648.07545000
2026-09-16T12:00Z,98.02000000,98.12000000,97.19000000,97.59000000,76011.51000000,7427271.83069000,21116,33407.86000000,3265108.45119000
2026-09-16T13:00Z,97.58000000,97.65000000,96.87000000,97.18000000,117471.70300000,11422749.82544000,37395,56277.32700000,5472796.09735000
2026-09-16T14:00Z,97.18000000,97.29000000,96.65000000,97.04000000,127250.35100000,12339296.59848000,37497,61651.32900000,5978295.82295000
2026-09-16T15:00Z,97.05000000,97.60000000,96.85000000,97.10000000,69753.91400000,6778658.81707000,30133,35327.23500000,3433089.65543000
2026-09-16T16:00Z,97.11000000,97.52000000,96.96000000,97.24000000,44461.87100000,4322787.97403000,18973,22313.51000000,2169707.73637000
2026-09-16T17:00Z,97.23000000,97.38000000,96.09000000,97.03000000,113485.89300000,10977981.49831000,37624,51451.02100000,4977466.98927000
2026-09-16T18:00Z,97.03000000,98.94000000,96.28000000,97.84000000,429209.54600000,42004057.23485000,176579,209154.38500000,20476349.22979000
2026-09-16T19:00Z,97.84000000,98.74000000,96.91000000,98.08000000,174009.55600000,17043246.51847000,68462,86647.01100000,8491197.41012000
2026-09-16T20:00Z,98.08000000,98.90000000,98.02000000,98.71000000,101498.28600000,10003845.95042000,30122,49037.89400000,4832253.86641000
2026-09-16T21:00Z,98.71000000,98.81000000,98.12000000,98.39000000,39000.73000000,3837173.35872000,13681,22283.01600000,2192107.74421000
2026-09-16T22:00Z,98.40000000,98.44000000,97.38000000,97.49000000,71080.03000000,6949263.63744000,24291,36096.45800000,3528250.87494000
2026-09-16T23:00Z,97.49000000,98.85000000,97.39000000,98.66000000,92969.58400000,9143532.66774000,25294,55806.74800000,5486527.34710000
2026-09-17T00:00Z,98.66000000,99.20000000,98.47000000,98.71000000,67243.87600000,6651068.45447000,24315,39032.06900000,3861053.43405000
2026-09-17T01:00Z,98.71000000,99.64000000,98.47000000,99.25000000,91301.70200000,9058098.69188000,28835,53637.89900000,5322001.96631000
2026-09-17T02:00Z,99.26000000,99.74000000,98.83000000,99.37000000,65637.28800000,6518583.23123000,22857,34185.82200000,3395920.44771000
2026-09-17T03:00Z,99.37000000,100.04000000,99.37000000,99.95000000,83027.50400000,8287102.47521000,23630,53361.58700000,5326471.59697000
2026-09-17T04:00Z,99.96000000,100.00000000,99.11000000,99.92000000,72972.04600000,7261948.74976000,22606,32680.94900000,3253445.13333000
2026-09-17T05:00Z,99.91000000,100.11000000,99.50000000,99.56000000,76420.72100000,7618953.47667000,19750,29695.38900000,2961186.77311000
2026-09-17T06:00Z,99.56000000,99.99000000,99.48000000,99.74000000,52115.01800000,5196592.85179000,15796,23025.26700000,2296205.06468000
2026-09-17T07:00Z,99.75000000,100.36000000,99.72000000,100.03000000,83950.77900000,8403293.11203000,22255,37405.57600000,3744798.14815000
2026-09-17T08:00Z,100.03000000,100.34000000,99.88000000,100.33000000,58896.47200000,5897907.16945000,17500,29929.10000000,2996640.38747000
2026-09-17T09:00Z,100.34000000,100.89000000,100.17000000,100.24000000,99549.17100000,10012241.35205000,25564,49393.10400000,4967754.53075000
2026-09-17T10:00Z,100.24000000,100.26000000,99.57000000,99.85000000,87583.28500000,8740448.43815000,24558,33268.20500000,3319710.98936000
2026-09-17T11:00Z,99.86000000,100.25000000,99.53000000,100.13000000,67977.67600000,6793117.79859000,22426,34212.26800000,3419027.70713000
2026-09-17T12:00Z,100.13000000,101.45000000,100.07000000,100.74000000,152765.62900000,15409945.26202000,49662,87366.68900000,8815042.14657000
2026-09-17T13:00Z,100.74000000,101.00000000,99.66000000,100.75000000,141317.05500000,14176333.36063000,40932,64683.70300000,6491203.86452000
2026-09-17T14:00Z,100.75000000,101.80000000,100.08000000,101.07000000,179479.84500000,18163984.67266000,58292,96063.60000000,9719494.24734000
2026-09-17T15:00Z,101.08000000,101.34000000,100.25000000,101.29000000,107242.01100000,10815055.22268000,36118,59221.57300000,5975214.06492000
2026-09-17T16:00Z,101.28000000,101.51000000,100.71000000,101.39000000,99392.16500000,10056601.20680000,30254,51416.44200000,5204178.62571000
2026-09-17T17:00Z,101.40000000,102.05000000,101.20000000,101.52000000,149635.67900000,15215754.17377000,32391,81692.26200000,8308076.22175000
2026-09-17T18:00Z,101.52000000,101.63000000,100.84000000,100.85000000,53734.43300000,5439259.04902000,18277,23660.56800000,2394820.01805000
2026-09-17T19:00Z,100.84000000,101.10000000,100.69000000,100.96000000,49857.76000000,5030598.11203000,16926,26189.58000000,2642569.66119000
2026-09-17T20:00Z,100.97000000,101.38000000,100.89000000,101.29000000,47014.00200000,4756776.64258000,14605,27415.76600000,2773887.11978000
2026-09-17T21:00Z,101.30000000,101.46000000,101.09000000,101.14000000,65420.18600000,6625875.62255000,14405,29867.44200000,3025084.17838000
2026-09-17T22:00Z,101.14000000,101.53000000,100.77000000,101.44000000,98797.15900000,9994775.28056000,22868,48646.32800000,4922521.15801000
2026-09-17T23:00Z,101.44000000,101.76000000,101.34000000,101.64000000,87820.64400000,8920462.80778000,18751,49023.87500000,4980097.02180000
2026-09-18T00:00Z,101.63000000,101.71000000,100.90000000,101.42000000,92734.96300000,9395823.68334000,20280,52390.24500000,5308572.16019000
2026-09-18T01:00Z,101.41000000,102.88000000,101.40000000,102.48000000,139318.18800000,14225096.28987000,28889,78612.43900000,8024395.46535000
2026-09-18T02:00Z,102.49000000,102.91000000,102.18000000,102.76000000,109355.89700000,11215237.33741000,24929,53247.51800000,5460343.48132000
2026-09-18T03:00Z,102.76000000,105.09000000,102.67000000,104.59000000,313116.12600000,32608476.22188000,63877,191478.15000000,19931603.54211000
2026-09-18T04:00Z,104.60000000,105.92000000,104.42000000,105.82000000,236773.62500000,24872797.04298000,53320,134481.28900000,14131734.33865000
2026-09-18T05:00Z,105.82000000,106.12000000,105.33000000,105.37000000,237016.11000000,25048288.13143000,55519,123240.88800000,13027092.14439000
2026-09-18T06:00Z,105.36000000,105.84000000,105.32000000,105.57000000,135761.46500000,14334090.50979000,30118,71295.00400000,7527127.64404000
2026-09-18T07:00Z,105.57000000,106.10000000,105.45000000,105.78000000,149781.94600000,15852951.06246000,37703,71399.87700000,7558110.62749000
2026-09-18T08:00Z,105.78000000,106.38000000,105.29000000,106.31000000,160609.54300000,17014179.64495000,38016,83482.81100000,8846600.84668000
2026-09-18T09:00Z,106.30000000,106.60000000,105.93000000,106.42000000,127530.26500000,13552365.82439000,33855,70393.40600000,7481262.30685000
2026-09-18T10:00Z,106.42000000,106.67000000,106.26000000,106.28000000,95030.73000000,10119758.83489000,22345,48212.20500000,5134045.81555000
2026-09-18T11:00Z,106.27000000,106.40000000,105.36000000,105.74000000,176497.43500000,18655864.74478000,42767,72603.85500000,7674858.34290000
2026-09-18T12:00Z,105.74000000,106.13000000,105.36000000,105.79000000,113889.56200000,12043955.16561000,31405,52464.03100000,5549193.56115000
2026-09-18T13:00Z,105.78000000,109.39000000,105.45000000,108.54000000,420804.96600000,45328359.37464000,123840,246950.41700000,26592851.76600000
2026-09-18T14:00Z,108.53000000,110.99000000,108.39000000,110.76000000,548120.54100000,60128468.71946000,143638,286057.69400000,31404803.18462000
2026-09-18T15:00Z,110.76000000,111.59000000,109.28000000,111.15000000,412083.92600000,45479893.49999000,114104,189707.09500000,20952255.00758000
2026-09-18T16:00Z,111.15000000,112.30000000,111.01000000,111.70000000,266562.90000000,29764975.61489000,84491,136370.73600000,15229749.12446000
2026-09-18T17:00Z,111.70000000,112.74000000,111.39000000,112.62000000,178975.33900000,20060339.29858000,63098,90865.64700000,10187651.36972000
2026-09-18T18:00Z,112.62000000,112.90000000,112.04000000,112.18000000,127065.52800000,14293357.67575000,41182,61721.61600000,6941996.87877000
2026-09-18T19:00Z,112.18000000,114.32000000,112.18000000,114.23000000,221417.23000000,25149023.30140000,65882,114585.15400000,13015288.34722000
2026-09-18T20:00Z,114.22000000,114.23000000,113.12000000,113.50000000,144188.08900000,16381276.80873000,36867,65406.41700000,7430302.06575000
2026-09-18T21:00Z,113.51000000,113.79000000,113.06000000,113.19000000,85652.91900000,9714913.38262000,23517,42085.46800000,4773140.43233000
2026-09-18T22:00Z,113.19000000,113.60000000,112.76000000,113.19000000,115291.19700000,13045366.93631000,33293,46775.75200000,5292476.44509000
2026-09-18T23:00Z,113.18000000,113.48000000,112.51000000,112.72000000,103415.67800000,11682699.85617000,30900,47515.73700000,5368318.88673000
2026-09-19T00:00Z,112.72000000,113.78000000,112.33000000,113.66000000,118595.58800000,13413221.50424000,32906,62837.66300000,7108781.95442000
2026-09-19T01:00Z,113.67000000,114.09000000,112.88000000,113.43000000,105647.28000000,11989978.06498000,34918,47369.84400000,5377277.23444000
2026-09-19T02:00Z,113.43000000,113.85000000,113.33000000,113.62000000,71953.33800000,8171561.45133000,23469,31404.13400000,3566936.98190000
2026-09-19T03:00Z,113.61000000,113.84000000,113.12000000,113.25000000,49685.71900000,5637007.91165000,18445,20697.42300000,2348939.82558000
2026-09-19T04:00Z,113.24000000,113.44000000,112.00000000,112.37000000,108853.99300000,12254495.13712000,33782,47008.26200000,5294995.66331000
2026-09-19T05:00Z,112.36000000,112.98000000,111.83000000,111.92000000,68716.93200000,7732427.20551000,24051,27727.43600000,3121906.57758000
2026-09-19T06:00Z,111.92000000,112.06000000,111.18000000,111.86000000,96843.98000000,10816117.89285000,33362,39419.38600000,4403844.40549000
2026-09-19T07:00Z,111.86000000,112.24000000,111.59000000,111.61000000,61011.94800000,6827018.73339000,16993,31646.96500000,3541628.61051000
2026-09-19T08:00Z,111.61000000,112.48000000,111.53000000,112.26000000,73634.86900000,8257956.75272000,22241,44497.56500000,4988966.70137000
2026-09-19T09:00Z,112.27000000,112.50000000,111.47000000,111.84000000,64077.29000000,7175518.31248000,21161,30055.92000000,3366633.25098000
2026-09-19T10:00Z,111.84000000,112.14000000,111.63000000,111.63000000,61718.87000000,6907470.88177000,15695,29489.45800000,3300971.28095000
2026-09-19T11:00Z,111.64000000,112.09000000,111.61000000,111.90000000,58324.15500000,6525465.91006000,16678,33319.79900000,3727752.86687000
2026-09-19T12:00Z,111.89000000,112.06000000,111.63000000,111.79000000,82334.03200000,9205915.65886000,30831,40835.60900000,4565584.87822000
2026-09-19T13:00Z,111.79000000,111.85000000,111.29000000,111.62000000,90345.54800000,10080873.01908000,35133,44487.67400000,4964110.64670000
2026-09-19T14:00Z,111.63000000,112.21000000,111.47000000,111.79000000,95084.41600000,10635606.85881000,32868,51283.94800000,5735575.97196000
2026-09-19T15:00Z,111.79000000,112.15000000,111.50000000,111.64000000,97544.66200000,10906915.58717000,29819,48838.13100000,5460955.08339000
2026-09-19T16:00Z,111.65000000,112.02000000,111.23000000,112.00000000,86630.36100000,9673628.40961000,26460,45765.54900000,5111317.28880000
2026-09-19T17:00Z,112.00000000,112.46000000,111.35000000,111.40000000,88422.03900000,9893111.93741000,30550,41523.71700000,4646828.11493000
2026-09-19T18:00Z,111.40000000,111.65000000,110.68000000,111.15000000,129596.31600000,14393285.30819000,37266,57199.07500000,6352332.51580000
2026-09-19T19:00Z,111.15000000,111.61000000,110.76000000,111.18000000,104464.73100000,11623289.55023000,20045,45934.29200000,5110429.62103000
2026-09-19T20:00Z,111.17000000,111.37000000,110.97000000,111.12000000,58867.85200000,6542775.87676000,19288,25222.08100000,2802970.41088000
2026-09-19T21:00Z,111.12000000,111.30000000,110.16000000,110.54000000,105050.76900000,11622070.82412000,32987,44421.28600000,4914914.36951000
2026-09-19T22:00Z,110.54000000,110.78000000,110.08000000,110.67000000,76867.20000000,8481264.53698000,20345,37422.03200000,4129317.98257000
2026-09-19T23:00Z,110.67000000,111.22000000,110.63000000,111.06000000,55286.69400000,6134888.82113000,16439,27944.78000000,3100271.61770000
2026-09-20T00:00Z,111.06000000,111.17000000,110.62000000,110.95000000,50910.08500000,5646828.57997000,14619,24254.90400000,2690285.44132000
2026-09-20T01:00Z,110.95000000,110.98000000,109.72000000,110.16000000,88619.78800000,9764542.64546000,24372,40898.44900000,4505050.02240000
2026-09-20T02:00Z,110.17000000,110.52000000,107.40000000,107.67000000,223837.87200000,24352650.45612000,66115,79717.73100000,8668967.91747000
2026-09-20T03:00Z,107.66000000,109.11000000,107.40000000,108.89000000,139427.80300000,15089543.16260000,51696,72717.50300000,7869034.75518000
2026-09-20T04:00Z,108.90000000,109.23000000,108.65000000,109.03000000,59004.10500000,6427739.65311000,24772,32295.76300000,3518857.86261000
2026-09-20T05:00Z,109.04000000,109.26000000,108.61000000,108.77000000,72292.61100000,7871559.52930000,24764,45247.55700000,4927009.61944000
2026-09-20T06:00Z,108.76000000,108.91000000,108.10000000,108.46000000,84936.08300000,9217129.68102000,25641,46326.06100000,5027502.60995000
2026-09-20T07:00Z,108.46000000,108.82000000,108.46000000,108.47000000,52286.76700000,5680954.29168000,19646,30844.82400000,3351447.42267000
2026-09-20T08:00Z,108.47000000,108.71000000,107.71000000,108.08000000,101464.63700000,10984931.27947000,21783,46041.04000000,4986696.27104000
2026-09-20T09:00Z,108.08000000,108.85000000,108.06000000,108.31000000,50902.56700000,5519761.29972000,17678,26416.75200000,2864497.60690000
2026-09-20T10:00Z,108.31000000,108.43000000,107.91000000,108.04000000,51063.23900000,5520654.07517000,22625,28231.73800000,3052123.36466000
2026-09-20T11:00Z,108.03000000,108.68000000,107.93000000,108.48000000,73240.22700000,7929618.60128000,19337,48945.07400000,5299171.08438000
2026-09-20T12:00Z,108.48000000,108.86000000,108.14000000,108.41000000,64948.83000000,7043975.65276000,20679,43298.76700000,4696417.77152000
2026-09-20T13:00Z,108.41000000,108.60000000,107.94000000,108.23000000,62153.86800000,6726922.11300000,20471,31447.35100000,3404050.60552000
2026-09-20T14:00Z,108.22000000,108.65000000,107.95000000,108.14000000,72790.84600000,7881302.35944000,26665,39535.98400000,4280812.23099000
2026-09-20T15:00Z,108.14000000,108.85000000,108.06000000,108.82000000,152325.57300000,16511081.73253000,42164,79003.35700000,8564585.53794000
2026-09-20T16:00Z,108.81000000,110.69000000,108.51000000,110.33000000,286239.12700000,31356490.69947000,66938,150624.71800000,16505836.89876000
2026-09-20T17:00Z,110.33000000,110.58000000,109.50000000,109.92000000,138605.91000000,15247613.61225000,46746,63138.94200000,6947271.63041000
2026-09-20T18:00Z,109.92000000,110.35000000,109.14000000,109.40000000,108889.60000000,11962451.00373000,29723,48178.86800000,5297720.23550000
2026-09-20T19:00Z,109.41000000,110.85000000,109.35000000,110.45000000,117366.77100000,12941061.73618000,28169,64549.45800000,7113440.16578000
2026-09-20T20:00Z,110.45000000,110.65000000,110.09000000,110.13000000,70426.41900000,7773009.58868000,20747,34933.90900000,3855495.24336000
2026-09-20T21:00Z,110.12000000,110.13000000,109.01000000,109.88000000,110592.01800000,12136096.08235000,39476,56018.68600000,6148393.01982000
2026-09-20T22:00Z,109.89000000,111.06000000,109.60000000,111.03000000,82396.07700000,9094930.39960000,34511,56017.14800000,6184265.65106000
2026-09-20T23:00Z,111.02000000,111.46000000,110.58000000,111.17000000,111118.40100000,12329552.00621000,30595,58914.80800000,6539266.41796000
2026-09-21T00:00Z,111.17000000,112.92000000,111.16000000,112.32000000,210548.76200000,23638534.25096000,76740,124279.42600000,13951392.30092000
2026-09-21T01:00Z,112.32000000,113.42000000,110.74000000,110.96000000,184893.34300000,20737624.60075000,82915,92993.47700000,10442536.84216000
2026-09-21T02:00Z,110.96000000,112.00000000,110.69000000,111.22000000,111506.63300000,12417925.22858000,44858,58621.80700000,6530357.59224000
2026-09-21T03:00Z,111.22000000,111.93000000,111.18000000,111.58000000,70675.17100000,7888203.99251000,25907,41932.81800000,4681435.72282000
2026-09-21T04:00Z,111.58000000,111.83000000,111.05000000,111.48000000,86603.85900000,9645775.95089000,22252,56927.21900000,6341563.43096000
2026-09-21T05:00Z,111.47000000,112.23000000,111.26000000,111.76000000,101411.80000000,11337979.74039000,26014,56918.92900000,6363664.30230000
2026-09-21T06:00Z,111.76000000,112.57000000,111.52000000,112.19000000,128388.49900000,14386083.78722000,31437,80572.66000000,9026116.10290000
2026-09-21T07:00Z,112.18000000,112.40000000,111.35000000,112.11000000,97317.14700000,10884727.56543000,32870,52542.47800000,5878401.72029000
2026-09-21T08:00Z,112.11000000,116.39000000,112.07000000,115.32000000,456256.12900000,52320257.43482000,123788,257355.07600000,29493091.50222000
2026-09-21T09:00Z,115.31000000,116.85000000,114.95000000,115.93000000,360704.86700000,41779071.59144000,101891,176363.87200000,20435426.81316000
2026-09-21T10:00Z,115.93000000,116.12000000,115.49000000,116.01000000,201640.80900000,23341977.65829000,41850,100367.15800000,11619039.23616000
2026-09-21T11:00Z,116.01000000,117.18000000,115.84000000,116.80000000,191478.18500000,22315553.08462000,47418,105579.55500000,12307271.52169000
2026-09-21T12:00Z,116.80000000,117.13000000,116.20000000,116.82000000,187795.76400000,21913873.53423000,51535,103145.81300000,12037631.68295000
2026-09-21T13:00Z,116.81000000,118.41000000,116.70000000,118.06000000,385769.35000000,45336960.62030000,118968,213412.26800000,25085028.13637000
2026-09-21T14:00Z,118.05000000,118.90000000,117.34000000,118.05000000,366548.14700000,43349987.28156000,118018,190086.51500000,22485234.38000000
2026-09-21T15:00Z,118.04000000,119.15000000,117.36000000,117.94000000,346991.73000000,40983734.39345000,87923,190059.91100000,22460307.29037000
2026-09-21T16:00Z,117.94000000,118.33000000,116.76000000,117.51000000,212800.03300000,25021013.88776000,64759,117733.76300000,13846672.86627000
2026-09-21T17:00Z,117.52000000,117.93000000,116.68000000,117.20000000,139840.11400000,16418755.24381000,48058,75057.96700000,8814871.34450000
2026-09-21T18:00Z,117.19000000,117.86000000,116.86000000,117.73000000,88721.79800000,10415749.14762000,34259,52298.19700000,6140940.09869000
2026-09-21T19:00Z,117.73000000,118.48000000,117.27000000,118.36000000,124767.02300000,14719807.31378000,45272,67692.08300000,7986303.50401000
2026-09-21T20:00Z,118.37000000,119.50000000,118.21000000,119.19000000,200124.82600000,23787060.76868000,58758,117910.38000000,14018649.54322000
2026-09-21T21:00Z,119.19000000,119.99000000,118.67000000,119.12000000,154181.71500000,18391487.45190000,42875,79133.85800000,9442693.11606000
2026-09-21T22:00Z,119.11000000,119.84000000,118.79000000,119.45000000,113137.71700000,13498362.35183000,39770,55099.74500000,6574272.08080000
2026-09-21T23:00Z,119.45000000,119.92000000,118.40000000,118.90000000,90516.21600000,10772287.02915000,33543,41051.33400000,4887436.94005000
2026-09-22T00:00Z,118.91000000,119.48000000,118.04000000,118.33000000,143847.01000000,17098042.29346000,47594,65184.24900000,7749848.35883000
2026-09-22T01:00Z,118.34000000,118.45000000,117.00000000,117.59000000,163389.34300000,19242293.83146000,65338,73022.83700000,8601989.83771000
2026-09-22T02:00Z,117.59000000,118.09000000,116.51000000,116.90000000,131906.72100000,15478647.26632000,51768,64466.47300000,7566056.72728000
2026-09-22T03:00Z,116.90000000,117.07000000,116.30000000,116.80000000,146494.62400000,17090710.99807000,50906,78816.59600000,9196341.02759000
2026-09-22T04:00Z,116.80000000,117.11000000,116.24000000,116.40000000,149117.57200000,17401268.00150000,47478,98590.52500000,11504699.38869000
2026-09-22T05:00Z,116.40000000,117.18000000,115.54000000,116.86000000,176216.98200000,20510461.73529000,57314,100554.45700000,11715273.40604000
2026-09-22T06:00Z,116.86000000,117.06000000,116.39000000,116.53000000,77344.79400000,9024503.24219000,28782,42191.42400000,4923334.01506000
2026-09-22T07:00Z,116.54000000,116.84000000,116.01000000,116.32000000,157524.36200000,18331495.78749000,31815,108795.15700000,12659954.52151000
2026-09-22T08:00Z,116.32000000,118.03000000,115.79000000,117.52000000,159779.53500000,18670929.73308000,46613,91999.49500000,10761345.40114000
2026-09-22T09:00Z,117.52000000,117.59000000,116.67000000,117.46000000,127353.20900000,14918289.69036000,46888,65638.53200000,7689103.87075000
2026-09-22T10:00Z,117.47000000,117.49000000,116.38000000,116.85000000,86305.29500000,10080987.42958000,29610,41679.69400000,4868189.88431000
2026-09-22T11:00Z,116.85000000,117.50000000,116.42000000,117.34000000,96916.48900000,11349090.30415000,30648,41261.92800000,4830326.51511000
2026-09-22T12:00Z,117.34000000,117.76000000,116.87000000,117.47000000,116921.75100000,13718515.87797000,35309,47963.74200000,5627202.59751000
2026-09-22T13:00Z,117.46000000,118.00000000,116.84000000,117.98000000,200336.99700000,23530665.13739000,70047,93009.08500000,10926871.87568000
2026-09-22T14:00Z,117.98000000,117.98000000,115.89000000,116.89000000,227181.35800000,26542581.15308000,84974,88276.22100000,10317444.14136000
2026-09-22T15:00Z,116.90000000,117.93000000,116.80000000,117.38000000,130126.35400000,15258069.42939000,47081,61850.51600000,7252385.22187000
2026-09-22T16:00Z,117.38000000,117.82000000,116.70000000,117.48000000,111413.73800000,13057630.41912000,39806,50276.13500000,5892853.06934000
2026-09-22T17:00Z,117.47000000,118.20000000,117.35000000,117.97000000,112441.28100000,13250078.42333000,33002,57401.10400000,6763725.96846000
2026-09-22T18:00Z,117.97000000,118.46000000,117.62000000,118.13000000,95731.41100000,11297131.95465000,31361,45165.42000000,5330339.20029000
2026-09-22T19:00Z,118.14000000,118.72000000,117.80000000,118.26000000,114942.68600000,13598943.77085000,34942,50822.81800000,6012909.20981000
2026-09-22T20:00Z,118.25000000,118.38000000,117.81000000,117.98000000,78239.13900000,9240203.14707000,21845,34001.73400000,4016053.04903000
2026-09-22T21:00Z,117.97000000,118.28000000,117.70000000,118.08000000,75886.63700000,8955031.35260000,20779,32147.60800000,3793560.83747000
2026-09-22T22:00Z,118.09000000,118.78000000,117.62000000,118.48000000,78127.44300000,9241788.99713000,27088,38498.77400000,4555628.89505000
2026-09-22T23:00Z,118.48000000,119.28000000,118.23000000,118.57000000,104146.84200000,12361234.71960000,32844,52199.11800000,6196727.53177000
2026-09-23T00:00Z,118.57000000,119.21000000,118.30000000,118.82000000,81892.04100000,9732734.49186000,32030,50137.05800000,5959551.93229000
2026-09-23T01:00Z,118.82000000,119.39000000,117.85000000,118.35000000,99984.22000000,11866189.44819000,36380,45525.77900000,5409972.39012000
2026-09-23T02:00Z,118.36000000,118.53000000,117.90000000,118.49000000,51403.39000000,6078027.38050000,26767,28100.29000000,3323448.41888000
2026-09-23T03:00Z,118.49000000,119.66000000,118.27000000,119.12000000,114584.33600000,13650235.24631000,33710,64024.52400000,7626604.56581000
2026-09-23T04:00Z,119.12000000,119.77000000,118.77000000,119.53000000,166005.23600000,19827384.36702000,40888,76550.79300000,9144773.39875000
2026-09-23T05:00Z,119.52000000,119.53000000,118.27000000,118.42000000,99993.18500000,11896521.66320000,36408,40714.56300000,4845140.24665000
2026-09-23T06:00Z,118.42000000,119.29000000,118.37000000,118.96000000,116516.40100000,13844605.06347000,38379,61672.92500000,7328105.26182000
2026-09-23T07:00Z,118.96000000,119.10000000,117.56000000,117.90000000,224195.87900000,26501247.47703000,113820,86475.89100000,10227881.11424000
2026-09-23T08:00Z,117.90000000,118.34000000,117.00000000,117.39000000,238725.93300000,28091341.80136000,89373,111363.86100000,13096498.23817000
2026-09-23T09:00Z,117.40000000,117.74000000,117.08000000,117.39000000,163883.44400000,19240694.56896000,37720,85179.96200000,10000673.42196000
2026-09-23T10:00Z,117.39000000,117.63000000,116.82000000,117.63000000,126662.45500000,14858953.06121000,29258,73761.53300000,8654191.01913000
2026-09-23T11:00Z,117.63000000,117.71000000,116.44000000,117.10000000,123805.62900000,14477844.06819000,30149,46889.56100000,5484897.17746000
2026-09-23T12:00Z,117.09000000,117.27000000,116.58000000,116.92000000,137228.30000000,16047148.73836000,32614,57353.61700000,6707917.70155000
2026-09-23T13:00Z,116.91000000,117.19000000,115.97000000,116.80000000,169684.29500000,19778464.09776000,50659,82604.15200000,9634085.66142000
2026-09-23T14:00Z,116.81000000,117.04000000,113.00000000,115.15000000,657454.15300000,75137006.84565000,205017,277344.86800000,31676384.80143000
2026-09-23T15:00Z,115.15000000,115.93000000,113.80000000,113.86000000,249373.85600000,28682764.15018000,90951,103509.78700000,11910278.64667000
2026-09-23T16:00Z,113.86000000,115.27000000,113.16000000,114.40000000,221467.91100000,25327875.29866000,73077,101909.94400000,11662386.11327000
2026-09-23T17:00Z,114.41000000,114.82000000,113.59000000,114.56000000,124139.02200000,14178920.16191000,44425,53295.12600000,6090839.05095000
2026-09-23T18:00Z,114.56000000,114.60000000,113.98000000,114.29000000,85633.79800000,9781563.93280000,30826,33897.94800000,3872533.17841000
2026-09-23T19:00Z,114.29000000,114.90000000,114.00000000,114.52000000,85315.29100000,9764222.29311000,28997,34073.18900000,3900133.66560000
2026-09-23T20:00Z,114.53000000,114.70000000,114.00000000,114.04000000,65353.12800000,7468309.41009000,22016,25046.87300000,2862314.27836000
2026-09-23T21:00Z,114.03000000,114.74000000,113.88000000,114.71000000,75160.68500000,8594389.68099000,19809,31598.02200000,3614370.66267000
2026-09-23T22:00Z,114.71000000,115.63000000,114.62000000,115.15000000,93933.75000000,10808288.62905000,30391,56938.10400000,6550200.41209000
2026-09-23T23:00Z,115.15000000,115.19000000,114.72000000,114.99000000,46517.31800000,5347195.47532000,16144,22050.03300000,2534812.72306000
