date,open,high,low,close,adjclose,volume
"1998-12-22",19.052091598510742,19.052091598510742,18.8490047454834,18.937854766845703,11.085249900817871,55887
"1998-12-23",18.861698150634766,19.217100143432617,18.861698150634766,19.217100143432617,11.248714447021484,78784
"1998-12-24",19.217100143432617,19.34402847290039,19.153635025024414,19.34402847290039,11.323006629943848,43824
"1998-12-28",19.331335067749023,19.331335067749023,19.039398193359375,19.090171813964844,11.17441463470459,51948
"1998-12-29",19.115556716918945,19.293258666992188,18.887083053588867,19.293258666992188,11.293283462524414,100819
"1998-12-30",19.191713333129883,19.31864356994629,19.090171813964844,19.217100143432617,11.248714447021484,154614
"1998-12-31",19.217100143432617,19.24248504638672,19.039398193359375,19.039398193359375,11.14469051361084,65366
"1999-01-04",18.81092643737793,19.356721878051758,18.81092643737793,19.039398193359375,11.14469051361084,250632
"1999-01-05",18.963241577148438,19.24248504638672,18.963241577148438,19.217100143432617,11.248714447021484,47763
"1999-01-06",19.57250213623047,19.851747512817383,19.445573806762695,19.82636070251465,11.605338096618652,129871
"1999-01-07",19.623273849487305,20.130990982055664,19.57250213623047,20.130990982055664,11.783653259277344,89986
"1999-01-08",20.359464645385742,20.359464645385742,20.04214096069336,20.257919311523438,11.857949256896973,173694
"1999-01-11",20.283306121826172,20.283306121826172,19.762895584106445,19.953290939331055,11.679637908935547,62904
"1999-01-12",19.851747512817383,19.851747512817383,19.394800186157227,19.394800186157227,11.352724075317383,117437
"1999-01-13",18.455524444580078,19.394800186157227,18.455524444580078,19.140941619873047,11.204131126403809,359206
"1999-01-14",19.090171813964844,19.229793548583984,18.48090934753418,18.658611297607422,10.921798706054688,59950
"1999-01-15",18.9124698638916,19.191713333129883,18.823619842529297,19.191713333129883,11.233844757080078,96757
"1999-01-19",19.4963436126709,19.4963436126709,18.83631134033203,19.090171813964844,11.17441463470459,54903
"1999-01-20",19.293258666992188,19.534423828125,19.115556716918945,19.229793548583984,11.256141662597656,76445
"1999-01-21",19.06478500366211,19.153635025024414,18.83631134033203,18.887083053588867,11.055534362792969,438482
"1999-01-22",18.785539627075195,18.887083053588867,18.658611297607422,18.760154724121094,10.981239318847656,109928
"1999-01-25",18.861698150634766,18.937854766845703,18.633224487304688,18.9124698638916,11.070393562316895,169632
"1999-01-26",18.98862648010254,19.02670669555664,18.785539627075195,18.925161361694336,11.077818870544434,118053
"1999-01-27",19.039398193359375,19.039398193359375,18.683996200561523,18.683996200561523,10.936653137207031,56872
"1999-01-28",18.633224487304688,18.98862648010254,18.633224487304688,18.963241577148438,11.100116729736328,47270
"1999-01-29",19.077478408813477,19.394800186157227,18.81092643737793,19.369415283203125,11.337870597839355,72998
"1999-02-01",19.445573806762695,19.445573806762695,19.039398193359375,19.039398193359375,11.14469051361084,59827
"1999-02-02",18.887083053588867,18.98862648010254,18.645917892456055,18.83631134033203,11.025808334350586,107220
"1999-02-03",18.73476791381836,19.115556716918945,18.59514617919922,18.975933074951172,11.107542991638184,69675
"1999-02-04",18.83631134033203,18.937854766845703,18.531681060791016,18.531681060791016,10.84749984741211,48625
"1999-02-05",18.493602752685547,18.58245277404785,18.252437591552734,18.379365921020508,10.758342742919922,103035
"1999-02-08",18.506296157836914,18.531681060791016,18.2016658782959,18.328594207763672,10.72862434387207,137749
"1999-02-09",18.328594207763672,18.379365921020508,17.94780731201172,18.074735641479492,10.580022811889648,264050
"1999-02-10",18.125507354736328,18.22705078125,17.922420501708984,18.22705078125,10.669188499450684,31883
"1999-02-11",18.30320930480957,18.98862648010254,18.30320930480957,18.963241577148438,11.100116729736328,81000
"1999-02-12",18.861698150634766,18.963241577148438,18.48090934753418,18.683996200561523,10.936653137207031,106974
"1999-02-16",18.874391555786133,19.090171813964844,18.83631134033203,18.963241577148438,11.100116729736328,463102
"1999-02-17",19.039398193359375,19.42018699645996,18.861698150634766,19.039398193359375,11.14469051361084,501140
"1999-02-18",19.140941619873047,19.34402847290039,18.98862648010254,19.229793548583984,11.256141662597656,69428
"1999-02-19",19.369415283203125,19.64866065979004,19.255178451538086,19.293258666992188,11.293283462524414,76322
"1999-02-22",19.445573806762695,19.991369247436523,19.445573806762695,19.851747512817383,11.620200157165527,89617
"1999-02-23",19.991369247436523,20.1817626953125,19.82636070251465,20.10560417175293,11.768791198730469,121623
"1999-02-24",20.1817626953125,20.207149505615234,19.369415283203125,19.445573806762695,11.3824462890625,251986
"1999-02-25",19.16632843017578,19.42018699645996,18.9124698638916,19.31864356994629,11.308145523071289,173448
"1999-02-26",19.31864356994629,19.724817276000977,19.229793548583984,19.67404556274414,11.516181945800781,116822
"1999-03-01",19.597888946533203,19.88982582092285,19.521730422973633,19.750202178955078,11.560759544372559,211486
"1999-03-02",19.902517318725586,20.080219268798828,19.67404556274414,19.800975799560547,11.590483665466309,91463
"1999-03-03",19.902517318725586,19.92790412902832,19.509037017822266,19.610580444335938,11.479036331176758,57365
"1999-03-04",19.67404556274414,20.10560417175293,19.67404556274414,20.054832458496094,11.739069938659668,50348
"1999-03-05",20.816408157348633,20.816408157348633,20.283306121826172,20.562551498413086,12.036269187927246,498432
"1999-03-08",20.562551498413086,20.613323211669922,20.32138442993164,20.422929763793945,11.954540252685547,133564
"1999-03-09",20.46100616455078,20.778331756591797,20.308692932128906,20.587936401367188,12.05112075805664,105374
"1999-03-10",20.778331756591797,20.98141860961914,20.613323211669922,20.968725204467773,12.274018287658691,91217
"1999-03-11",21.01949691772461,21.29874038696289,20.8671817779541,21.070268630981445,12.33346176147461,210993
"1999-03-12",21.146425247192383,21.27335548400879,20.94333839416504,21.108346939086914,12.355748176574707,183911
"1999-03-15",21.12104034423828,21.27335548400879,20.994110107421875,21.171812057495117,12.392898559570312,82969
"1999-03-16",21.37489891052246,21.37489891052246,20.8671817779541,20.8671817779541,12.214578628540039,188466
"1999-03-17",20.76563835144043,20.76563835144043,20.486392974853516,20.68947982788086,12.110564231872559,161261
"1999-03-18",20.53716468811035,21.171812057495117,20.53716468811035,21.171812057495117,12.392898559570312,199422
"1999-03-19",21.171812057495117,21.171812057495117,20.68947982788086,20.714866638183594,12.157613754272461,244723
"1999-03-22",20.664094924926758,20.841794967651367,20.587936401367188,20.76563835144043,12.18741226196289,427280
"1999-03-23",20.486392974853516,20.562551498413086,20.00406265258789,20.054832458496094,11.770233154296875,288793
"1999-03-24",20.10560417175293,20.207149505615234,19.902517318725586,20.00406265258789,11.740436553955078,144396
"1999-03-25",20.714866638183594,20.714866638183594,20.257919311523438,20.46100616455078,12.008620262145996,77184
"1999-03-26",20.32138442993164,20.46100616455078,20.194456100463867,20.283306121826172,11.904325485229492,65120
"1999-03-29",20.587936401367188,20.816408157348633,20.53716468811035,20.740251541137695,12.172518730163574,75583
"1999-03-30",20.587936401367188,20.638708114624023,20.39754295349121,20.499086380004883,12.03096866607666,141565
"1999-03-31",20.51177978515625,20.664094924926758,20.1817626953125,20.257919311523438,11.889423370361328,112637
"1999-04-01",20.207149505615234,20.334077835083008,20.10560417175293,20.308692932128906,11.919228553771973,52933
"1999-04-05",20.587936401367188,20.79102325439453,20.43562126159668,20.714866638183594,12.157613754272461,92941
"1999-04-06",20.664094924926758,20.90526008605957,20.486392974853516,20.562551498413086,12.068219184875488,142427
"1999-04-07",20.752944946289062,21.222583770751953,20.740251541137695,21.12104034423828,12.395997047424316,324738
"1999-04-08",21.324127197265625,21.552600860595703,21.27335548400879,21.501827239990234,12.619475364685059,194498
"1999-04-09",21.425670623779297,21.577985763549805,21.222583770751953,21.4510555267334,12.589682579040527,151167
"1999-04-12",21.324127197265625,21.857229232788086,21.29874038696289,21.831844329833984,12.813167572021484,193759
"1999-04-13",22.085702896118164,22.085702896118164,21.755685806274414,21.80645751953125,12.79826831817627,209516
"1999-04-14",21.933387756347656,22.1110897064209,21.52721405029297,21.52721405029297,12.634378433227539,160646
"1999-04-15",21.654142379760742,22.441104888916016,21.19719696044922,21.324127197265625,12.515188217163086,124577
"1999-04-16",21.425670623779297,21.425670623779297,21.04488182067871,21.222583770751953,12.455592155456543,125070
"1999-04-19",21.616064071655273,21.958772659301758,21.222583770751953,21.222583770751953,12.455592155456543,149443
"1999-04-20",21.349512100219727,22.238018035888672,21.324127197265625,21.501827239990234,12.619475364685059,67213
"1999-04-21",21.52721405029297,21.831844329833984,21.501827239990234,21.831844329833984,12.813167572021484,85185
"1999-04-22",21.78107261657715,22.06031608581543,21.78107261657715,22.06031608581543,12.947257995605469,74476
"1999-04-23",22.187246322631836,22.187246322631836,21.831844329833984,21.984159469604492,12.902566909790039,159045
"1999-04-26",22.009544372558594,22.009544372558594,21.552600860595703,21.654142379760742,12.708871841430664,184404
"1999-04-27",21.84453773498535,22.123781204223633,21.654142379760742,22.034931182861328,12.932364463806152,72998
"1999-04-28",22.06031608581543,22.1618595123291,21.78107261657715,21.908002853393555,12.857865333557129,189328
"1999-04-29",21.908002853393555,22.238018035888672,21.88261604309082,21.984159469604492,12.902566909790039,104512
"1999-04-30",21.984159469604492,22.085702896118164,21.29874038696289,21.679529190063477,12.723777770996094,417801
"1999-05-03",21.603370666503906,21.933387756347656,21.501827239990234,21.933387756347656,12.872764587402344,257895
"1999-05-04",21.78107261657715,21.88261604309082,21.247968673706055,21.247968673706055,12.470490455627441,368685
"1999-05-05",21.27335548400879,21.425670623779297,20.968725204467773,21.37489891052246,12.544986724853516,267373
"1999-05-06",21.146425247192383,21.349512100219727,20.917953491210938,21.01949691772461,12.336396217346191,211486
"1999-05-07",21.29874038696289,21.552600860595703,21.247968673706055,21.425670623779297,12.574785232543945,787963
"1999-05-10",21.577985763549805,21.654142379760742,21.29874038696289,21.349512100219727,12.530089378356934,53918
"1999-05-11",21.52721405029297,21.88261604309082,21.501827239990234,21.603370666503906,12.67908000946045,70536
"1999-05-12",21.552600860595703,21.933387756347656,21.29874038696289,21.908002853393555,12.857865333557129,51087
"1999-05-13",21.933387756347656,22.1618595123291,21.92069435119629,22.1110897064209,12.977062225341797,61181
"1999-05-14",21.577985763549805,21.704914093017578,21.171812057495117,21.425670623779297,12.574785232543945,197083
"1999-05-17",21.12104034423828,21.247968673706055,20.79102325439453,21.01949691772461,12.336396217346191,235613
"1999-05-18",21.171812057495117,21.349512100219727,20.740251541137695,21.070268630981445,12.366201400756836,166062
"1999-05-19",21.12104034423828,21.222583770751953,20.94333839416504,21.222583770751953,12.455592155456543,85924
"1999-05-20",21.19719696044922,21.349512100219727,20.94333839416504,20.94333839416504,12.291705131530762,180465
"1999-05-21",20.892566680908203,21.01949691772461,20.727558135986328,20.892566680908203,12.2619047164917,95772
"1999-05-24",20.587936401367188,20.68947982788086,20.207149505615234,20.43562126159668,11.993722915649414,534870
"1999-05-25",20.308692932128906,20.43562126159668,19.902517318725586,19.902517318725586,11.680839538574219,105497
"1999-05-26",20.00406265258789,20.54985809326172,19.800975799560547,20.54985809326172,12.060763359069824,236106
"1999-05-27",20.372156143188477,20.372156143188477,19.96598243713379,20.054832458496094,11.770233154296875,53549
"1999-05-28",20.207149505615234,20.43562126159668,20.06752586364746,20.372156143188477,11.956473350524902,47394
"1999-06-01",20.257919311523438,20.359464645385742,19.851747512817383,20.080219268798828,11.785136222839355,256417
"1999-06-02",19.978675842285156,20.10560417175293,19.623273849487305,19.953290939331055,11.710638999938965,126178
"1999-06-03",20.207149505615234,20.207149505615234,19.877132415771484,19.940597534179688,11.703186988830566,87155
"1999-06-04",20.1817626953125,20.384849548339844,20.054832458496094,20.308692932128906,11.919228553771973,91340
"1999-06-07",20.43562126159668,20.714866638183594,20.359464645385742,20.68947982788086,12.142712593078613,60319
"1999-06-08",20.638708114624023,20.638708114624023,20.32138442993164,20.32138442993164,11.926680564880371,233767
"1999-06-09",20.384849548339844,20.575244903564453,20.194456100463867,20.270612716674805,11.89687728881836,41977
"1999-06-10",20.029447555541992,20.029447555541992,19.750202178955078,19.88982582092285,11.673398971557617,121623
"1999-06-11",19.92790412902832,20.207149505615234,19.775588989257812,19.92790412902832,11.69573974609375,100942
"1999-06-14",20.00406265258789,20.00406265258789,19.750202178955078,19.82636070251465,11.636146545410156,35207
"1999-06-15",19.953290939331055,20.080219268798828,19.851747512817383,19.92790412902832,11.69573974609375,152890
"1999-06-16",20.410236358642578,20.626014709472656,20.384849548339844,20.448314666748047,12.001171112060547,228966
"1999-06-17",20.53716468811035,20.917953491210938,20.410236358642578,20.841794967651367,12.232111930847168,192898
"1999-06-18",20.664094924926758,20.8671817779541,20.65140151977539,20.816408157348633,12.251110076904297,66351
"1999-06-21",20.892566680908203,20.968725204467773,20.714866638183594,20.94333839416504,12.325810432434082,157568
"1999-06-22",20.917953491210938,20.94333839416504,20.714866638183594,20.714866638183594,12.191350936889648,89001
"1999-06-23",20.714866638183594,20.714866638183594,20.308692932128906,20.51177978515625,12.07182788848877,49117
"1999-06-24",20.43562126159668,20.43562126159668,19.940597534179688,20.1817626953125,11.877603530883789,68444
"1999-06-25",20.308692932128906,20.359464645385742,20.1817626953125,20.232534408569336,11.90748119354248,95156
"1999-06-28",20.372156143188477,20.76563835144043,20.372156143188477,20.702173233032227,12.18387508392334,72014
"1999-06-29",20.638708114624023,20.8671817779541,20.51177978515625,20.76563835144043,12.221226692199707,60319
"1999-06-30",20.8671817779541,21.37489891052246,20.51177978515625,21.19719696044922,12.475214958190918,187481
"1999-07-01",21.247968673706055,21.425670623779297,20.917953491210938,21.425670623779297,12.6096830368042,259618
"1999-07-02",21.324127197265625,21.62875747680664,21.324127197265625,21.425670623779297,12.6096830368042,83708
"1999-07-06",21.400283813476562,21.80645751953125,21.400283813476562,21.603370666503906,12.714262008666992,175910
"1999-07-07",21.425670623779297,21.62875747680664,21.400283813476562,21.52721405029297,12.669440269470215,97988
"1999-07-08",21.37489891052246,21.654142379760742,21.29874038696289,21.4510555267334,12.624621391296387,57857
"1999-07-09",21.43836212158203,21.577985763549805,21.349512100219727,21.476442337036133,12.639568328857422,84324
"1999-07-12",21.476442337036133,21.552600860595703,21.29874038696289,21.29874038696289,12.534984588623047,91463
"1999-07-13",21.12104034423828,21.19719696044922,21.01949691772461,21.070268630981445,12.400514602661133,41731
"1999-07-14",21.29874038696289,21.29874038696289,20.994110107421875,21.12104034423828,12.43039321899414,567245
"1999-07-15",21.324127197265625,21.362205505371094,21.19719696044922,21.311433792114258,12.542450904846191,171971
"1999-07-16",21.29874038696289,21.501827239990234,21.12104034423828,21.425670623779297,12.6096830368042,24497
"1999-07-19",21.52721405029297,21.552600860595703,21.247968673706055,21.27335548400879,12.520033836364746,152767
"1999-07-20",21.19719696044922,21.349512100219727,20.94333839416504,21.006803512573242,12.363167762756348,56503
"1999-07-21",20.994110107421875,21.095653533935547,20.664094924926758,20.76563835144043,12.221226692199707,59457
"1999-07-22",20.68947982788086,21.04488182067871,20.638708114624023,20.79102325439453,12.236174583435059,79523
"1999-07-23",20.892566680908203,20.892566680908203,20.359464645385742,20.562551498413086,12.101709365844727,99219
"1999-07-26",20.359464645385742,20.76563835144043,20.359464645385742,20.638708114624023,12.146530151367188,140457
"1999-07-27",20.8671817779541,20.994110107421875,20.714866638183594,20.917953491210938,12.310872077941895,77184
"1999-07-28",20.76563835144043,20.917953491210938,20.638708114624023,20.664094924926758,12.161470413208008,43208
"1999-07-29",20.384849548339844,20.486392974853516,20.207149505615234,20.359464645385742,11.982186317443848,154367
"1999-07-30",20.257919311523438,20.359464645385742,19.877132415771484,19.902517318725586,11.713260650634766,353913
"1999-08-02",20.00406265258789,20.232534408569336,19.750202178955078,19.800975799560547,11.653495788574219,236721
"1999-08-03",19.851747512817383,19.92790412902832,19.445573806762695,19.547115325927734,11.504096984863281,570815
"1999-08-04",19.547115325927734,19.800975799560547,19.24248504638672,19.293258666992188,11.354686737060547,177756
"1999-08-05",19.191713333129883,19.394800186157227,18.899776458740234,19.369415283203125,11.399511337280273,176402
"1999-08-06",19.191713333129883,19.28056526184082,18.709383010864258,18.861698150634766,11.100701332092285,182804
"1999-08-09",18.823619842529297,19.115556716918945,18.823619842529297,18.9124698638916,11.130586624145508,240291
"1999-08-10",18.9124698638916,18.9124698638916,18.404752731323242,18.58245277404785,10.936354637145996,210501
"1999-08-11",18.861698150634766,19.039398193359375,18.709383010864258,18.937854766845703,11.14552116394043,347881
"1999-08-12",19.090171813964844,19.28056526184082,18.963241577148438,19.02670669555664,11.1978178024292,162123
"1999-08-13",19.42018699645996,19.699430465698242,19.356721878051758,19.64866065979004,11.56385612487793,195237
"1999-08-16",19.623273849487305,19.67404556274414,19.470958709716797,19.57250213623047,11.519033432006836,94664
"1999-08-17",19.978675842285156,20.283306121826172,19.978675842285156,20.283306121826172,11.93736743927002,181573
"1999-08-18",20.130990982055664,20.194456100463867,19.915210723876953,20.06752586364746,11.810371398925781,199668
"1999-08-19",19.800975799560547,20.00406265258789,19.762895584106445,19.800975799560547,11.653495788574219,42839
"1999-08-20",19.877132415771484,20.10560417175293,19.762895584106445,20.080219268798828,11.817839622497559,52441
"1999-08-23",20.308692932128906,20.613323211669922,20.308692932128906,20.613323211669922,12.131587028503418,104881
"1999-08-24",20.562551498413086,20.956031799316406,20.43562126159668,20.664094924926758,12.161470413208008,254694
"1999-08-25",20.130990982055664,20.51177978515625,20.00406265258789,20.499086380004883,12.064353942871094,301226
"1999-08-26",20.575244903564453,20.575244903564453,20.029447555541992,20.029447555541992,11.787957191467285,313782
"1999-08-27",20.00406265258789,20.14368438720703,19.699430465698242,19.699430465698242,11.593731880187988,281653
"1999-08-30",19.737510681152344,19.775588989257812,18.95054817199707,19.052091598510742,11.212756156921387,192898
"1999-08-31",19.090171813964844,19.267871856689453,18.83631134033203,19.02670669555664,11.1978178024292,336309
"1999-09-01",19.115556716918945,19.115556716918945,18.874391555786133,19.115556716918945,11.250106811523438,161507
"1999-09-02",18.747461318969727,18.899776458740234,18.658611297607422,18.747461318969727,11.033469200134277,510373
"1999-09-03",19.45826530456543,19.699430465698242,19.356721878051758,19.699430465698242,11.593731880187988,523298
"1999-09-07",19.610580444335938,19.610580444335938,19.16632843017578,19.16632843017578,11.279989242553711,63150
"1999-09-08",18.975933074951172,19.293258666992188,18.9124698638916,19.039398193359375,11.205281257629395,629903
"1999-09-09",18.98862648010254,18.98862648010254,18.58245277404785,18.81092643737793,11.070821762084961,92571
"1999-09-10",18.963241577148438,19.090171813964844,18.798233032226562,18.95054817199707,11.152993202209473,162369
"1999-09-13",18.9124698638916,18.925161361694336,18.73476791381836,18.772846221923828,11.048408508300781,65982
"1999-09-14",18.544374465942383,18.55706787109375,18.328594207763672,18.430137634277344,10.846715927124023,357236
"1999-09-15",18.709383010864258,18.73476791381836,18.277822494506836,18.34128761291504,10.794425010681152,422479
"1999-09-16",18.417444229125977,18.430137634277344,18.074735641479492,18.277822494506836,10.757075309753418,270205
"1999-09-17",18.44283103942871,18.633224487304688,18.34128761291504,18.607839584350586,10.987923622131348,501386
"1999-09-20",18.506296157836914,18.506296157836914,18.353981018066406,18.392059326171875,10.860506057739258,149813
"1999-09-21",18.16358757019043,18.30320930480957,18.01127052307129,18.100122451782227,10.688117027282715,413616
"1999-09-22",18.074735641479492,18.176279067993164,17.808183670043945,18.08742904663086,10.680624008178711,179849
"1999-09-23",18.125507354736328,18.30320930480957,17.808183670043945,17.94780731201172,10.59818172454834,265773
"1999-09-24",17.846263885498047,18.100122451782227,17.782798767089844,18.074735641479492,10.673125267028809,197822
"1999-09-27",18.150894165039062,18.22705078125,17.706640243530273,17.770105361938477,10.493241310119629,713365
"1999-09-28",17.770105361938477,17.87164878845215,17.46547508239746,17.744720458984375,10.478255271911621,413247
"1999-09-29",17.757413864135742,17.846263885498047,17.6050968170166,17.61779022216797,10.403298377990723,140703
"1999-09-30",17.592405319213867,18.08742904663086,17.592405319213867,17.97319221496582,10.613163948059082,724936
"1999-10-01",17.83357048034668,17.83357048034668,17.414703369140625,17.668561935424805,10.433280944824219,98234
"1999-10-04",17.884342193603516,18.34128761291504,17.87164878845215,18.34128761291504,10.830524444580078,496832
"1999-10-05",18.404752731323242,18.785539627075195,18.023963928222656,18.417444229125977,10.875494003295898,588664
"1999-10-06",18.607839584350586,18.83631134033203,18.607839584350586,18.73476791381836,11.06287670135498,392566
"1999-10-07",18.83631134033203,18.925161361694336,18.55706787109375,18.55706787109375,10.95794677734375,86047
"1999-10-08",18.353981018066406,18.963241577148438,18.34128761291504,18.887083053588867,11.152814865112305,404014
"1999-10-11",18.823619842529297,18.887083053588867,18.633224487304688,18.683996200561523,11.032894134521484,191051
"1999-10-12",18.658611297607422,18.658611297607422,18.328594207763672,18.328594207763672,10.82303237915039,427157
"1999-10-13",18.2016658782959,18.430137634277344,17.668561935424805,17.782798767089844,10.500741004943848,170740
"1999-10-14",17.64317512512207,17.85895538330078,17.351238250732422,17.757413864135742,10.485747337341309,459409
"1999-10-15",17.07199478149414,17.427396774291992,16.9577579498291,16.9577579498291,10.013548851013184,466426
"1999-10-18",17.084686279296875,17.50355339050293,17.059301376342773,17.50355339050293,10.335843086242676,207916
"1999-10-19",17.93511390686035,18.214357376098633,17.820877075195312,17.87164878845215,10.553206443786621,313782
"1999-10-20",18.150894165039062,18.22705078125,17.909727096557617,18.18897247314453,10.74058723449707,326461
"1999-10-21",17.897035598754883,18.277822494506836,17.897035598754883,18.277822494506836,10.79305362701416,255679
"1999-10-22",18.683996200561523,19.191713333129883,18.58245277404785,19.039398193359375,11.242758750915527,1053736
"1999-10-25",18.887083053588867,18.937854766845703,18.633224487304688,18.874391555786133,11.145319938659668,1728940
"1999-10-26",18.798233032226562,19.02670669555664,18.58245277404785,18.58245277404785,10.972931861877441,577955
"1999-10-27",18.8490047454834,19.57250213623047,18.798233032226562,19.4963436126709,11.512580871582031,332001
"1999-10-28",20.10560417175293,20.879873275756836,20.10560417175293,20.879873275756836,12.329562187194824,2517887
"1999-10-29",21.070268630981445,21.247968673706055,20.664094924926758,20.76563835144043,12.262101173400879,1159356
"1999-11-01",20.714866638183594,20.854488372802734,20.46100616455078,20.51177978515625,12.112200736999512,460517
"1999-11-02",20.46100616455078,20.917953491210938,20.422929763793945,20.486392974853516,12.097212791442871,527484
"1999-11-03",20.51177978515625,20.638708114624023,20.334077835083008,20.39754295349121,12.044742584228516,64012
"1999-11-04",20.76563835144043,20.879873275756836,20.575244903564453,20.638708114624023,12.187155723571777,676065
"1999-11-05",21.19719696044922,21.425670623779297,21.04488182067871,21.146425247192383,12.486958503723145,409431
"1999-11-08",21.095653533935547,21.12104034423828,20.917953491210938,21.032188415527344,12.419498443603516,718042
"1999-11-09",21.12104034423828,21.12104034423828,20.51177978515625,20.626014709472656,12.179654121398926,137749
"1999-11-10",20.372156143188477,20.575244903564453,20.270612716674805,20.308692932128906,11.992281913757324,110913
"1999-11-11",20.130990982055664,20.283306121826172,20.016754150390625,20.194456100463867,11.924818992614746,214071
"1999-11-12",20.638708114624023,21.095653533935547,20.080219268798828,21.070268630981445,12.441987991333008,640859
"1999-11-15",21.01949691772461,21.12104034423828,20.90526008605957,21.057575225830078,12.434497833251953,179972
"1999-11-16",21.209890365600586,21.755685806274414,21.18450355529785,21.62875747680664,12.771780014038086,632611
"1999-11-17",21.476442337036133,21.539907455444336,21.070268630981445,21.171812057495117,12.50195026397705,422849
"1999-11-18",21.286048889160156,21.286048889160156,20.841794967651367,21.108346939086914,12.464470863342285,197576
"1999-11-19",21.108346939086914,21.12104034423828,20.76563835144043,20.79102325439453,12.277097702026367,240045
"1999-11-22",20.714866638183594,20.714866638183594,20.53716468811035,20.714866638183594,12.232122421264648,216656
"1999-11-23",20.562551498413086,20.562551498413086,20.1563777923584,20.384849548339844,12.037249565124512,211978
"1999-11-24",20.1563777923584,20.207149505615234,20.016754150390625,20.14368438720703,11.894838333129883,127778
"1999-11-26",20.283306121826172,20.283306121826172,20.00406265258789,20.00406265258789,11.812394142150879,90848
"1999-11-29",19.724817276000977,19.750202178955078,19.521730422973633,19.521730422973633,11.527573585510254,956733
"1999-11-30",19.521730422973633,20.10560417175293,19.521730422973633,19.851747512817383,11.722454071044922,141934
"1999-12-01",19.64866065979004,19.953290939331055,19.64866065979004,19.699430465698242,11.632509231567383,634950
"1999-12-02",19.88982582092285,19.953290939331055,19.597888946533203,19.78828239440918,11.684972763061523,122238
"1999-12-03",20.334077835083008,20.638708114624023,20.257919311523438,20.257919311523438,11.962297439575195,1471414
"1999-12-06",20.1563777923584,20.1563777923584,19.623273849487305,19.71212387084961,11.640000343322754,283746
"1999-12-07",19.64866065979004,19.67404556274414,19.445573806762695,19.67404556274414,11.617522239685059,1270884
"1999-12-08",19.623273849487305,19.623273849487305,19.20440673828125,19.20440673828125,11.340197563171387,732322
"1999-12-09",19.42018699645996,19.521730422973633,19.17902183532715,19.483652114868164,11.50508975982666,143658
"1999-12-10",19.775588989257812,19.940597534179688,19.610580444335938,19.82636070251465,11.707459449768066,739462
"1999-12-13",19.57250213623047,19.724817276000977,19.483652114868164,19.597888946533203,11.57254695892334,367577
"1999-12-14",19.31864356994629,19.4963436126709,19.102863311767578,19.12824821472168,11.295225143432617,440575
"1999-12-15",19.102863311767578,19.191713333129883,18.98862648010254,19.077478408813477,11.265247344970703,447715
"1999-12-16",18.861698150634766,18.963241577148438,18.531681060791016,18.658611297607422,11.017905235290527,489323
"1999-12-17",18.633224487304688,18.899776458740234,18.633224487304688,18.73476791381836,11.103484153747559,1619257
"1999-12-20",18.81092643737793,18.874391555786133,18.455524444580078,18.58245277404785,11.013211250305176,1197394
"1999-12-21",18.58245277404785,19.217100143432617,18.531681060791016,18.937854766845703,11.223845481872559,1573464
"1999-12-22",19.014013290405273,19.06478500366211,18.81092643737793,18.937854766845703,11.223845481872559,1370842
"1999-12-23",18.937854766845703,19.293258666992188,18.937854766845703,19.24248504638672,11.404387474060059,564414
"1999-12-27",19.42018699645996,19.470958709716797,19.090171813964844,19.090171813964844,11.31411361694336,3410239
"1999-12-28",19.090171813964844,19.115556716918945,18.963241577148438,19.014013290405273,11.268980979919434,136272
"1999-12-29",18.963241577148438,19.331335067749023,18.963241577148438,19.20440673828125,11.381821632385254,125808
"1999-12-30",19.293258666992188,19.4963436126709,19.16632843017578,19.293258666992188,11.434481620788574,285961
"1999-12-31",19.4963436126709,19.4963436126709,19.217100143432617,19.305950164794922,11.44200325012207,687021
"2000-01-03",19.267871856689453,19.267871856689453,18.455524444580078,18.58245277404785,11.013211250305176,1185699
"2000-01-04",18.176279067993164,18.2016658782959,17.6050968170166,17.770105361938477,10.531756401062012,885705
"2000-01-05",17.770105361938477,17.960500717163086,17.440088272094727,17.630483627319336,10.44900894165039,717181
"2000-01-06",17.681255340576172,18.51898956298828,17.681255340576172,18.404752731323242,10.907888412475586,415832
"2000-01-07",18.531681060791016,18.73476791381836,18.277822494506836,18.709383010864258,11.088438987731934,468149
"2000-01-10",18.861698150634766,18.861698150634766,18.328594207763672,18.379365921020508,10.892848014831543,460640
"2000-01-11",18.2016658782959,18.44283103942871,18.074735641479492,18.074735641479492,10.712305068969727,476151
"2000-01-12",18.214357376098633,18.531681060791016,18.214357376098633,18.430137634277344,10.922942161560059,143288
"2000-01-13",18.760154724121094,19.077478408813477,18.658611297607422,18.98862648010254,11.253937721252441,1104576
"2000-01-14",19.217100143432617,19.5598087310791,19.20440673828125,19.432880401611328,11.517231941223145,731583
"2000-01-18",19.369415283203125,19.369415283203125,18.785539627075195,18.785539627075195,11.133574485778809,466180
"2000-01-19",18.798233032226562,19.16632843017578,18.683996200561523,18.722076416015625,11.09595775604248,339510
"2000-01-20",18.861698150634766,18.861698150634766,18.277822494506836,18.379365921020508,10.892848014831543,588172
"2000-01-21",18.48090934753418,18.48090934753418,18.04935073852539,18.150894165039062,10.75743579864502,498309
"2000-01-24",18.328594207763672,18.328594207763672,17.668561935424805,17.820877075195312,10.561847686767578,346773
"2000-01-25",17.820877075195312,18.150894165039062,17.795490264892578,18.01127052307129,10.674689292907715,231674
"2000-01-26",18.150894165039062,18.709383010864258,18.125507354736328,18.683996200561523,11.07339096069336,630518
"2000-01-27",18.772846221923828,19.001319885253906,18.58245277404785,18.887083053588867,11.193750381469727,262572
"2000-01-28",18.379365921020508,18.58245277404785,18.074735641479492,18.22705078125,10.802577018737793,170986
"2000-01-31",18.023963928222656,18.73476791381836,18.023963928222656,18.73476791381836,11.103484153747559,541763
"2000-02-01",18.83631134033203,18.874391555786133,18.55706787109375,18.83631134033203,11.163663864135742,332001
"2000-02-02",18.785539627075195,18.81092643737793,18.48090934753418,18.645917892456055,11.050817489624023,399829
"2000-02-03",18.633224487304688,18.73476791381836,18.18897247314453,18.531681060791016,10.983124732971191,350220
"2000-02-04",18.59514617919922,18.683996200561523,18.22705078125,18.34128761291504,10.870282173156738,216533
"2000-02-07",18.2016658782959,18.30320930480957,18.023963928222656,18.150894165039062,10.75743579864502,91586
"2000-02-08",18.379365921020508,18.48090934753418,18.252437591552734,18.353981018066406,10.877800941467285,608483
"2000-02-09",18.353981018066406,18.353981018066406,17.795490264892578,17.922420501708984,10.622026443481445,223550
"2000-02-10",17.94780731201172,17.94780731201172,17.262388229370117,17.427396774291992,10.328646659851074,641474
"2000-02-11",17.668561935424805,17.87164878845215,17.313159942626953,17.46547508239746,10.351213455200195,588664
"2000-02-14",17.490861892700195,17.61779022216797,17.122766494750977,17.61779022216797,10.441485404968262,1014713
"2000-02-15",17.28777313232422,17.706640243530273,17.160844802856445,17.64317512512207,10.456533432006836,373485
"2000-02-16",17.592405319213867,17.668561935424805,17.173538208007812,17.275081634521484,10.238373756408691,376317
"2000-02-17",17.567018508911133,17.567018508911133,16.88159942626953,17.059301376342773,10.110487937927246,611807
"2000-02-18",16.983144760131836,16.983144760131836,16.297725677490234,16.450040817260742,9.749394416809082,881765
"2000-02-22",16.627742767333984,16.729284286499023,16.2469539642334,16.60235595703125,9.839672088623047,564537
"2000-02-23",16.653127670288086,16.74197769165039,16.373882293701172,16.538890838623047,9.802056312561035,392443
"2000-02-24",16.373882293701172,16.500812530517578,16.01848030090332,16.196182250976562,9.598942756652832,435774
"2000-02-25",16.323110580444336,16.627742767333984,15.967708587646484,16.09463882446289,9.538763999938965,608114
"2000-02-28",16.500812530517578,16.767364501953125,16.2469539642334,16.615049362182617,9.84719467163086,1225337
"2000-02-29",16.81813621520996,16.843521118164062,16.450040817260742,16.729284286499023,9.914895057678223,435159
"2000-03-01",16.754671096801758,17.11007308959961,16.653127670288086,16.9577579498291,10.05030345916748,1578634
"2000-03-02",16.85621452331543,16.983144760131836,16.56427764892578,16.85621452331543,9.990127563476562,600359
"2000-03-03",17.21161651611328,17.21161651611328,16.85621452331543,17.008529663085938,10.080394744873047,418417
"2000-03-06",16.919679641723633,17.097379684448242,16.678512573242188,16.843521118164062,9.982603073120117,1878260
"2000-03-07",16.653127670288086,16.805442810058594,16.145410537719727,16.335803985595703,9.681694984436035,1253281
"2000-03-08",16.06925392150879,16.2469539642334,15.840780258178711,16.145410537719727,9.568857192993164,649229
"2000-03-09",15.955016136169434,16.323110580444336,15.891551971435547,16.23426055908203,9.621514320373535,385180
"2000-03-10",16.196182250976562,16.450040817260742,16.196182250976562,16.285032272338867,9.651603698730469,183419
"2000-03-13",15.815394401550293,16.627742767333984,15.815394401550293,16.450040817260742,9.749394416809082,411646
"2000-03-14",16.373882293701172,16.691205978393555,16.34849739074707,16.38657569885254,9.71178150177002,286208
"2000-03-15",16.475425720214844,17.46547508239746,16.2469539642334,17.389318466186523,10.306077003479004,1206626
"2000-03-16",17.87164878845215,18.887083053588867,17.770105361938477,18.887083053588867,11.193750381469727,2141694
"2000-03-17",18.83631134033203,19.24248504638672,18.709383010864258,18.823619842529297,11.197078704833984,1075771
"2000-03-20",18.874391555786133,18.887083053588867,18.26512908935547,18.468217849731445,10.985666275024414,422233
"2000-03-21",18.26512908935547,19.16632843017578,18.252437591552734,19.140941619873047,11.385835647583008,932359
"2000-03-22",19.102863311767578,19.394800186157227,18.98862648010254,19.305950164794922,11.483988761901855,830679
"2000-03-23",19.267871856689453,20.10560417175293,19.102863311767578,19.978675842285156,11.884149551391602,724567
"2000-03-24",20.232534408569336,20.46100616455078,19.877132415771484,20.207149505615234,12.020055770874023,660185
"2000-03-27",20.194456100463867,20.194456100463867,19.394800186157227,19.547115325927734,11.627436637878418,316613
"2000-03-28",19.34402847290039,19.92790412902832,19.34402847290039,19.699430465698242,11.718047142028809,371516
"2000-03-29",19.902517318725586,19.902517318725586,19.356721878051758,19.547115325927734,11.627436637878418,237091
"2000-03-30",19.724817276000977,19.800975799560547,19.42018699645996,19.585195541381836,11.65009880065918,511727
"2000-03-31",19.42018699645996,19.851747512817383,19.293258666992188,19.71212387084961,11.725597381591797,1533826
"2000-04-03",20.130990982055664,20.664094924926758,20.029447555541992,20.664094924926758,12.29186725616455,539917
"2000-04-04",20.714866638183594,20.816408157348633,19.077478408813477,19.839054107666016,11.801104545593262,1568048
"2000-04-05",19.750202178955078,20.054832458496094,19.610580444335938,19.686737060546875,11.710497856140137,346403
"2000-04-06",19.940597534179688,19.953290939331055,19.71212387084961,19.902517318725586,11.838850975036621,343080
"2000-04-07",20.029447555541992,20.029447555541992,19.445573806762695,19.4963436126709,11.59724235534668,783408
"2000-04-10",19.547115325927734,20.14368438720703,19.356721878051758,20.054832458496094,11.929450988769531,179111
"2000-04-11",20.130990982055664,20.308692932128906,19.775588989257812,20.308692932128906,12.080455780029297,162861
"2000-04-12",20.308692932128906,20.956031799316406,20.308692932128906,20.39754295349121,12.133304595947266,1093128
"2000-04-13",20.080219268798828,20.232534408569336,19.81366729736328,19.864439010620117,11.816202163696289,790425
"2000-04-14",18.937854766845703,19.267871856689453,17.97319221496582,18.252437591552734,10.857312202453613,1045242
"2000-04-17",18.683996200561523,18.709383010864258,18.074735641479492,18.404752731323242,10.947916030883789,498309
"2000-04-18",18.328594207763672,19.293258666992188,18.328594207763672,19.140941619873047,11.385835647583008,909586
"2000-04-19",19.014013290405273,19.16632843017578,18.633224487304688,18.887083053588867,11.234825134277344,218626
"2000-04-20",18.899776458740234,19.24248504638672,18.785539627075195,19.24248504638672,11.446234703063965,175048
"2000-04-24",19.140941619873047,19.699430465698242,19.039398193359375,19.699430465698242,11.718047142028809,196468
"2000-04-25",19.699430465698242,20.384849548339844,19.699430465698242,20.308692932128906,12.080455780029297,252724
"2000-04-26",20.29599952697754,20.29599952697754,19.81366729736328,19.902517318725586,11.838850975036621,938761
"2000-04-27",19.293258666992188,19.67404556274414,19.153635025024414,19.4963436126709,11.59724235534668,170247
"2000-04-28",19.4963436126709,19.902517318725586,18.937854766845703,19.902517318725586,11.838850975036621,436143
"2000-05-01",18.98862648010254,19.724817276000977,18.963241577148438,19.45826530456543,11.574590682983398,117068
"2000-05-02",19.24248504638672,19.445573806762695,19.20440673828125,19.267871856689453,11.461332321166992,179480
"2000-05-03",19.31864356994629,19.483652114868164,18.760154724121094,18.925161361694336,11.257478713989258,425311
"2000-05-04",18.785539627075195,18.83631134033203,18.506296157836914,18.633224487304688,11.083821296691895,180834
"2000-05-05",18.430137634277344,18.81092643737793,18.404752731323242,18.760154724121094,11.159330368041992,74476
"2000-05-08",18.55706787109375,19.140941619873047,18.55706787109375,19.12824821472168,11.378281593322754,49240
"2000-05-09",19.24248504638672,19.470958709716797,18.861698150634766,19.077478408813477,11.3480863571167,701424
"2000-05-10",19.02670669555664,19.039398193359375,18.55706787109375,18.569759368896484,11.04607105255127,348373
"2000-05-11",18.81092643737793,19.229793548583984,18.81092643737793,19.12824821472168,11.378281593322754,293840
"2000-05-12",19.090171813964844,19.57250213623047,19.039398193359375,19.34402847290039,11.506643295288086,611192
"2000-05-15",19.445573806762695,20.232534408569336,19.445573806762695,20.207149505615234,12.020055770874023,493262
"2000-05-16",20.2198429107666,20.39754295349121,19.92790412902832,20.092912673950195,11.952109336853027,217272
"2000-05-17",19.71212387084961,20.029447555541992,19.699430465698242,19.750202178955078,11.748249053955078,118053
"2000-05-18",19.877132415771484,20.384849548339844,19.877132415771484,20.00406265258789,11.899253845214844,283992
"2000-05-19",20.029447555541992,20.029447555541992,19.4963436126709,19.64866065979004,11.687851905822754,182311
"2000-05-22",19.737510681152344,19.902517318725586,19.394800186157227,19.902517318725586,11.838850975036621,179849
"2000-05-23",19.800975799560547,20.10560417175293,19.724817276000977,20.029447555541992,11.914359092712402,203731
"2000-05-24",19.915210723876953,20.46100616455078,19.915210723876953,20.283306121826172,12.065367698669434,332616
"2000-05-25",20.245227813720703,20.334077835083008,19.57250213623047,19.775588989257812,11.763346672058105,532777
"2000-05-26",19.597888946533203,19.877132415771484,19.4963436126709,19.699430465698242,11.718047142028809,644675
"2000-05-30",20.06752586364746,20.1563777923584,19.851747512817383,20.10560417175293,11.95965576171875,315382
"2000-05-31",20.130990982055664,20.384849548339844,20.00406265258789,20.346771240234375,12.103111267089844,152029
"2000-06-01",20.448314666748047,21.057575225830078,20.410236358642578,21.01949691772461,12.503270149230957,581032
"2000-06-02",22.034931182861328,22.06031608581543,21.577985763549805,21.88261604309082,13.016697883605957,1362348
"2000-06-05",21.831844329833984,21.831844329833984,21.171812057495117,21.387590408325195,12.722233772277832,214194
"2000-06-06",21.222583770751953,21.641450881958008,20.714866638183594,20.917953491210938,12.442878723144531,292732
"2000-06-07",20.854488372802734,21.37489891052246,20.854488372802734,21.222583770751953,12.624075889587402,115960
"2000-06-08",21.247968673706055,21.247968673706055,20.740251541137695,20.8671817779541,12.412673950195312,305534
"2000-06-09",21.070268630981445,21.12104034423828,20.410236358642578,20.51177978515625,12.201266288757324,279437
"2000-06-12",20.562551498413086,20.740251541137695,20.53716468811035,20.68947982788086,12.306971549987793,104635
"2000-06-13",20.51177978515625,20.917953491210938,20.410236358642578,20.664094924926758,12.29186725616455,689237
"2000-06-14",20.8671817779541,21.247968673706055,20.76563835144043,21.01949691772461,12.503270149230957,289039
"2000-06-15",20.714866638183594,20.816408157348633,20.1817626953125,20.524471282958984,12.208816528320312,1172281
"2000-06-16",20.1563777923584,20.232534408569336,19.34402847290039,19.4963436126709,11.637310981750488,1355947
"2000-06-19",19.394800186157227,20.10560417175293,19.394800186157227,20.00406265258789,11.940370559692383,845820
"2000-06-20",20.092912673950195,20.10560417175293,19.699430465698242,19.750202178955078,11.788843154907227,785132
"2000-06-21",19.597888946533203,19.775588989257812,19.394800186157227,19.597888946533203,11.697925567626953,457070
"2000-06-22",19.394800186157227,19.585195541381836,19.191713333129883,19.585195541381836,11.690346717834473,470488
"2000-06-23",19.597888946533203,19.851747512817383,19.42018699645996,19.445573806762695,11.607008934020996,556289
"2000-06-26",19.64866065979004,19.877132415771484,19.547115325927734,19.750202178955078,11.788843154907227,216041
"2000-06-27",19.953290939331055,20.054832458496094,19.775588989257812,19.940597534179688,11.902483940124512,270820
"2000-06-28",20.029447555541992,20.10560417175293,19.750202178955078,19.78828239440918,11.811573028564453,388873
"2000-06-29",19.5598087310791,19.851747512817383,19.4963436126709,19.775588989257812,11.803995132446289,92694
"2000-06-30",19.57250213623047,19.699430465698242,19.014013290405273,19.293258666992188,11.516096115112305,776022
"2000-07-03",19.293258666992188,19.64866065979004,19.140941619873047,19.64866065979004,11.728228569030762,514558
"2000-07-05",19.81366729736328,20.10560417175293,19.597888946533203,19.864439010620117,11.857032775878906,681605
"2000-07-06",19.699430465698242,20.10560417175293,19.5598087310791,20.016754150390625,11.947943687438965,460640
"2000-07-07",20.2198429107666,20.486392974853516,20.06752586364746,20.359464645385742,12.15251350402832,370039
"2000-07-10",20.46100616455078,20.638708114624023,20.359464645385742,20.410236358642578,12.182817459106445,462733
"2000-07-11",20.53716468811035,20.76563835144043,20.422929763793945,20.51177978515625,12.243424415588379,219118
"2000-07-12",20.94333839416504,21.04488182067871,20.714866638183594,20.8037166595459,12.417678833007812,229951
"2000-07-13",20.90526008605957,20.90526008605957,20.51177978515625,20.600629806518555,12.296460151672363,553704
"2000-07-14",20.68947982788086,21.070268630981445,20.68947982788086,20.94333839416504,12.501020431518555,148951
"2000-07-17",20.917953491210938,21.01949691772461,20.53716468811035,20.54985809326172,12.266159057617188,169386
"2000-07-18",20.422929763793945,20.587936401367188,20.283306121826172,20.587936401367188,12.288884162902832,84939
"2000-07-19",20.43562126159668,20.638708114624023,20.384849548339844,20.51177978515625,12.243424415588379,85924
"2000-07-20",20.53716468811035,21.171812057495117,20.53716468811035,21.032188415527344,12.554058074951172,119776
"2000-07-21",21.070268630981445,21.29874038696289,20.892566680908203,20.968725204467773,12.516168594360352,202253
"2000-07-24",21.070268630981445,21.324127197265625,20.892566680908203,21.095653533935547,12.591944694519043,288546
"2000-07-25",21.108346939086914,21.222583770751953,20.94333839416504,21.13373374938965,12.614666938781738,311689
"2000-07-26",21.070268630981445,21.247968673706055,20.8671817779541,21.032188415527344,12.554058074951172,178987
"2000-07-27",20.994110107421875,21.400283813476562,20.994110107421875,21.095653533935547,12.591944694519043,160769
"2000-07-28",21.070268630981445,21.222583770751953,20.638708114624023,20.638708114624023,12.31918716430664,245831
"2000-07-31",20.94333839416504,21.19719696044922,20.68947982788086,20.994110107421875,12.531326293945312,190313
"2000-08-01",21.108346939086914,21.260662078857422,21.01949691772461,21.13373374938965,12.614666938781738,87647
"2000-08-02",21.247968673706055,21.400283813476562,21.04488182067871,21.108346939086914,12.599515914916992,73614
"2000-08-03",21.19719696044922,21.730300903320312,21.146425247192383,21.66683578491211,12.932873725891113,162984
"2000-08-04",21.933387756347656,22.504568099975586,21.869922637939453,22.504568099975586,13.4329195022583,367577
"2000-08-07",22.39033317565918,22.56803321838379,22.06031608581543,22.56803321838379,13.47079849243164,691330
"2000-08-08",22.56803321838379,22.56803321838379,22.288789749145508,22.56803321838379,13.47079849243164,153260
"2000-08-09",22.364946365356445,22.669578552246094,21.984159469604492,22.41571807861328,13.379876136779785,437005
"2000-08-10",22.56803321838379,22.618806838989258,22.1618595123291,22.288789749145508,13.304119110107422,189205
"2000-08-11",22.39033317565918,22.64419174194336,22.187246322631836,22.631498336791992,13.508676528930664,168032
"2000-08-14",22.555341720581055,22.936128616333008,22.339561462402344,22.92343521118164,13.682940483093262,145135
"2000-08-15",22.796506881713867,22.796506881713867,22.41571807861328,22.504568099975586,13.4329195022583,66228
"2000-08-16",22.669578552246094,22.720348358154297,22.06031608581543,22.238018035888672,13.273808479309082,160892
"2000-08-17",22.1618595123291,22.542648315429688,22.1618595123291,22.52995491027832,13.448068618774414,355390
"2000-08-18",22.49187660217285,22.49187660217285,22.263404846191406,22.364946365356445,13.349570274353027,184404
"2000-08-21",22.27609634399414,22.618806838989258,22.25071144104004,22.542648315429688,13.455643653869629,94541
"2000-08-22",22.46649169921875,22.92343521118164,22.46649169921875,22.7838134765625,13.599595069885254,241153
"2000-08-23",22.669578552246094,22.89805030822754,22.441104888916016,22.49187660217285,13.425334930419922,432081
"2000-08-24",22.46649169921875,22.64419174194336,22.288789749145508,22.453798294067383,13.402608871459961,181819
"2000-08-25",22.52995491027832,22.52995491027832,22.149166107177734,22.149166107177734,13.22077465057373,105127
"2000-08-28",22.326868057250977,22.720348358154297,22.238018035888672,22.56803321838379,13.47079849243164,142427
"2000-08-29",22.618806838989258,22.618806838989258,22.136474609375,22.339561462402344,13.33442211151123,101927
"2000-08-30",22.339561462402344,22.7838134765625,22.339561462402344,22.542648315429688,13.455643653869629,173079
"2000-08-31",22.517261505126953,23.25345230102539,22.517261505126953,23.126522064208984,13.804157257080078,537824
"2000-09-01",23.15190887451172,23.15190887451172,22.74573516845703,22.74573516845703,13.576874732971191,924727
"2000-09-05",22.872665405273438,23.101137161254883,22.733041763305664,23.024980545043945,13.743545532226562,566137
"2000-09-06",23.126522064208984,23.4057674407959,23.050365447998047,23.202680587768555,13.849620819091797,270081
"2000-09-07",23.050365447998047,23.177295684814453,22.89805030822754,23.012287139892578,13.735978126525879,177510
"2000-09-08",22.948822021484375,23.558082580566406,22.948822021484375,23.532697677612305,14.046600341796875,4789329
"2000-09-11",23.73578453063965,24.01502799987793,23.659626007080078,24.002334594726562,14.326924324035645,1598207
"2000-09-12",24.065799713134766,24.065799713134766,23.811941146850586,23.964256286621094,14.30420207977295,1631814
"2000-09-13",23.811941146850586,24.0531063079834,23.608854293823242,23.811941146850586,14.213273048400879,420510
"2000-09-14",23.824634552001953,23.913484573364258,23.685012817382812,23.72309112548828,14.160244941711426,272913
"2000-09-15",23.73578453063965,23.73578453063965,23.177295684814453,23.266145706176758,13.929469108581543,213209
"2000-09-18",22.99959373474121,23.037673950195312,22.403026580810547,22.49187660217285,13.465924263000488,529699
"2000-09-19",22.52995491027832,22.986900329589844,22.52995491027832,22.97420883178711,13.754690170288086,242015
"2000-09-20",22.872665405273438,22.872665405273438,22.212631225585938,22.64419174194336,13.55710506439209,220965
"2000-09-21",22.542648315429688,22.542648315429688,22.034931182861328,22.39033317565918,13.405123710632324,179480
"2000-09-22",22.31417465209961,22.89805030822754,22.288789749145508,22.8218936920166,13.663497924804688,112513
"2000-09-25",22.948822021484375,23.342302322387695,22.89805030822754,23.189987182617188,13.883881568908691,115837
"2000-09-26",23.050365447998047,23.32961082458496,22.89805030822754,23.037673950195312,13.79268741607666,71152
"2000-09-27",23.050365447998047,23.07575035095215,22.7584285736084,23.050365447998047,13.800284385681152,410908
"2000-09-28",22.92343521118164,23.748477935791016,22.92343521118164,23.634239196777344,14.149856567382812,440329
"2000-09-29",23.532697677612305,23.888099670410156,23.50731086730957,23.558082580566406,14.104255676269531,118422
"2000-10-02",23.532697677612305,23.913484573364258,23.15190887451172,23.888099670410156,14.301833152770996,381487
"2000-10-03",23.811941146850586,24.065799713134766,23.773862838745117,23.862712860107422,14.286641120910645,155229
"2000-10-04",23.659626007080078,23.811941146850586,23.418460845947266,23.558082580566406,14.104255676269531,518990
"2000-10-05",23.608854293823242,23.95156478881836,23.608854293823242,23.786556243896484,14.241042137145996,306273
"2000-10-06",23.608854293823242,23.710397720336914,22.542648315429688,22.796506881713867,13.648300170898438,2007022
"2000-10-09",22.593420028686523,22.733041763305664,22.39033317565918,22.441104888916016,13.435528755187988,156214
"2000-10-10",22.56803321838379,22.56803321838379,21.577985763549805,21.793764114379883,13.047954559326172,3845398
"2000-10-11",21.501827239990234,21.831844329833984,21.12104034423828,21.831844329833984,13.070755004882812,4426676
"2000-10-12",21.654142379760742,21.654142379760742,20.47369956970215,20.562551498413086,12.310827255249023,1122672
"2000-10-13",20.740251541137695,21.730300903320312,20.740251541137695,21.62875747680664,12.949166297912598,1249711
"2000-10-16",21.59067726135254,21.895309448242188,21.43836212158203,21.819150924682617,13.06315803527832,167539
"2000-10-17",22.009544372558594,22.009544372558594,21.01949691772461,21.222583770751953,12.705984115600586,572661
"2000-10-18",20.207149505615234,21.4891357421875,20.207149505615234,20.98141860961914,12.561604499816895,1686593
"2000-10-19",21.552600860595703,22.136474609375,21.552600860595703,21.971466064453125,13.154346466064453,488707
"2000-10-20",22.034931182861328,22.238018035888672,21.933387756347656,22.06031608581543,13.207539558410645,466303
"2000-10-23",21.984159469604492,22.034931182861328,21.603370666503906,21.692222595214844,12.987159729003906,321291
"2000-10-24",21.88261604309082,22.517261505126953,21.88261604309082,22.238018035888672,13.313931465148926,309104
"2000-10-25",22.441104888916016,22.733041763305664,22.136474609375,22.364946365356445,13.389924049377441,533023
"2000-10-26",22.1618595123291,22.377639770507812,21.286048889160156,21.641450881958008,12.956757545471191,869209
"2000-10-27",22.034931182861328,22.441104888916016,21.84453773498535,22.35225486755371,13.382328033447266,1361240
"2000-10-30",22.555341720581055,23.380382537841797,22.555341720581055,23.164602279663086,13.86867904663086,1245033
"2000-10-31",23.380382537841797,23.50731086730957,22.961515426635742,23.354995727539062,13.982665061950684,227243
"2000-11-01",23.15190887451172,23.354995727539062,23.050365447998047,23.25345230102539,13.921878814697266,613777
"2000-11-02",23.481924057006836,23.634239196777344,23.266145706176758,23.36768913269043,13.99026870727539,71029
"2000-11-03",23.4057674407959,23.50731086730957,23.202680587768555,23.304224014282227,13.952269554138184,138980
"2000-11-06",23.532697677612305,23.659626007080078,23.304224014282227,23.62154769897461,14.142256736755371,137380
"2000-11-07",23.608854293823242,23.73578453063965,23.418460845947266,23.54538917541504,14.096657752990723,166801
"2000-11-08",23.50731086730957,23.50731086730957,22.961515426635742,23.126522064208984,13.845877647399902,626087
"2000-11-09",23.050365447998047,23.50731086730957,22.847278594970703,23.29153060913086,13.944668769836426,601467
"2000-11-10",23.15190887451172,23.393075942993164,22.92343521118164,23.037673950195312,13.79268741607666,519605
"2000-11-13",22.872665405273438,22.948822021484375,22.149166107177734,22.49187660217285,13.465924263000488,4902950
"2000-11-14",22.97420883178711,23.15190887451172,22.542648315429688,22.618806838989258,13.541913032531738,4577720
"2000-11-15",22.441104888916016,22.694963455200195,22.187246322631836,22.441104888916016,13.435528755187988,1102361
"2000-11-16",22.339561462402344,22.64419174194336,22.212631225585938,22.364946365356445,13.389924049377441,153013
"2000-11-17",22.35225486755371,22.694963455200195,21.984159469604492,22.187246322631836,13.283533096313477,939499
"2000-11-20",21.78107261657715,21.908002853393555,21.37489891052246,21.52721405029297,12.888375282287598,373362
"2000-11-21",21.52721405029297,21.704914093017578,21.12104034423828,21.577985763549805,12.918766975402832,681974
"2000-11-22",21.349512100219727,21.501827239990234,20.917953491210938,21.057575225830078,12.607192993164062,256910
"2000-11-24",21.27335548400879,21.37489891052246,21.18450355529785,21.209890365600586,12.698386192321777,103896
"2000-11-27",21.324127197265625,21.565292358398438,21.324127197265625,21.501827239990234,12.873180389404297,271066
"2000-11-28",21.425670623779297,21.908002853393555,21.425670623779297,21.730300903320312,13.00995922088623,1525578
"2000-11-29",21.80645751953125,22.263404846191406,21.730300903320312,22.263404846191406,13.329133987426758,1481509
"2000-11-30",22.136474609375,22.504568099975586,21.62875747680664,22.1618595123291,13.268333435058594,2073004
"2000-12-01",22.31417465209961,22.441104888916016,21.94607925415039,22.034931182861328,13.19234561920166,502987
"2000-12-04",21.933387756347656,22.02223777770996,21.704914093017578,21.933387756347656,13.131551742553711,1992250
"2000-12-05",21.984159469604492,23.050365447998047,21.908002853393555,22.847278594970703,13.67869758605957,1342652
"2000-12-06",23.25345230102539,23.634239196777344,22.339561462402344,22.74573516845703,13.61789608001709,1399155
"2000-12-07",22.796506881713867,23.050365447998047,22.56803321838379,22.796506881713867,13.648300170898438,1006835
"2000-12-08",23.304224014282227,23.558082580566406,23.101137161254883,23.456539154052734,14.043468475341797,3373186
"2000-12-11",23.50731086730957,23.837326049804688,23.380382537841797,23.64693260192871,14.157445907592773,936545
"2000-12-12",23.431154251098633,23.558082580566406,23.177295684814453,23.36768913269043,13.99026870727539,348496
"2000-12-13",23.76116943359375,23.76116943359375,23.215373992919922,23.380382537841797,13.997868537902832,244723
"2000-12-14",22.74573516845703,22.89805030822754,22.441104888916016,22.707656860351562,13.595107078552246,642951
"2000-12-15",22.39033317565918,22.720348358154297,22.199939727783203,22.52995491027832,13.538606643676758,596912
"2000-12-18",22.872665405273438,23.36768913269043,22.771120071411133,23.189987182617188,13.935229301452637,1623689
"2000-12-19",23.202680587768555,23.608854293823242,22.796506881713867,22.936128616333008,13.78268051147461,3551312
"2000-12-20",22.64419174194336,22.936128616333008,22.52995491027832,22.720348358154297,13.653018951416016,1652002
"2000-12-21",22.64419174194336,23.25345230102539,22.46649169921875,23.25345230102539,13.973366737365723,2453629
"2000-12-22",23.532697677612305,23.58346939086914,23.22806739807129,23.443845748901367,14.087770462036133,792025
"2000-12-26",23.608854293823242,23.862712860107422,23.4692325592041,23.862712860107422,14.339479446411133,1927131
"2000-12-27",23.634239196777344,24.0531063079834,23.634239196777344,24.01502799987793,14.431007385253906,372624
"2000-12-28",23.964256286621094,24.319658279418945,23.964256286621094,24.256193161010742,14.575919151306152,459040
"2000-12-29",24.180036544799805,24.421201705932617,23.862712860107422,23.964256286621094,14.400494575500488,846066
"2001-01-02",24.040414810180664,24.040414810180664,23.063058853149414,23.29153060913086,13.996240615844727,1551429
"2001-01-03",23.456539154052734,24.87814712524414,22.948822021484375,24.548131942749023,14.751355171203613,1573834
"2001-01-04",24.38312339782715,24.903533935546875,24.065799713134766,24.1165714263916,14.492022514343262,1037364
"2001-01-05",23.54538917541504,24.01502799987793,22.948822021484375,23.608854293823242,14.186929702758789,10940389
"2001-01-08",23.4057674407959,23.608854293823242,23.202680587768555,23.36768913269043,14.042011260986328,518374
"2001-01-09",23.634239196777344,23.634239196777344,22.97420883178711,22.97420883178711,13.805561065673828,265896
"2001-01-10",23.024980545043945,23.50731086730957,22.872665405273438,23.354995727539062,14.034379005432129,495478
"2001-01-11",23.558082580566406,23.862712860107422,23.304224014282227,23.4057674407959,14.064888954162598,661786
"2001-01-12",23.456539154052734,23.456539154052734,22.796506881713867,22.961515426635742,13.797935485839844,549026
"2001-01-16",23.050365447998047,24.065799713134766,22.872665405273438,23.36768913269043,14.042011260986328,866870
"2001-01-17",23.685012817382812,23.710397720336914,23.25345230102539,23.4057674407959,14.064888954162598,544348
"2001-01-18",23.32961082458496,23.32961082458496,22.89805030822754,23.063058853149414,13.858951568603516,480213
"2001-01-19",23.15190887451172,23.15190887451172,22.74573516845703,22.89805030822754,13.759798049926758,666833
"2001-01-22",22.948822021484375,23.532697677612305,22.948822021484375,23.304224014282227,14.003870964050293,291747
"2001-01-23",23.316917419433594,23.710397720336914,23.22806739807129,23.532697677612305,14.141162872314453,418663
"2001-01-24",23.659626007080078,23.95156478881836,23.58346939086914,23.672319412231445,14.225062370300293,4035710
"2001-01-25",23.95156478881836,23.97694969177246,23.558082580566406,23.888099670410156,14.354728698730469,1694348
"2001-01-26",23.79924964904785,24.01502799987793,23.659626007080078,23.97694969177246,14.408123970031738,979630
"2001-01-29",24.248577117919922,24.289196014404297,23.948009490966797,23.99675178527832,14.420016288757324,273282
"2001-01-30",24.126726150512695,24.240455627441406,23.76116943359375,24.20796012878418,14.546932220458984,386165
"2001-01-31",24.248577117919922,24.289196014404297,23.83428192138672,23.907392501831055,14.366324424743652,463964
"2001-02-01",24.004873275756836,24.126726150512695,23.850528717041016,23.93988609313965,14.385848045349121,229458
"2001-02-02",24.142972946166992,24.27294921875,23.9317626953125,24.004873275756836,14.424899101257324,223550
"2001-02-05",24.167343139648438,24.20796012878418,23.899269104003906,24.167343139648438,14.522533416748047,258264
"2001-02-06",24.142972946166992,24.142972946166992,23.65556526184082,23.696182250976562,14.239401817321777,622024
"2001-02-07",23.850528717041016,23.915515899658203,23.48497200012207,23.639318466186523,14.205233573913574,313413
"2001-02-08",23.801786422729492,23.866775512695312,23.452478408813477,23.574329376220703,14.166177749633789,2847549
"2001-02-09",23.395612716674805,23.785539627075195,23.36311912536621,23.671812057495117,14.224757194519043,356990
"2001-02-12",23.7692928314209,24.061737060546875,23.70430564880371,24.004873275756836,14.424899101257324,2498068
"2001-02-13",24.15109634399414,24.15109634399414,23.7692928314209,23.866775512695312,14.34191608428955,791533
"2001-02-14",23.88302230834961,23.88302230834961,23.468725204467773,23.590576171875,14.17594051361084,138364
"2001-02-15",23.517465591430664,23.66368865966797,23.306255340576172,23.590576171875,14.17594051361084,616239
"2001-02-16",23.31437873840332,23.785539627075195,23.306255340576172,23.59869956970215,14.180826187133789,841881
"2001-02-20",23.639318466186523,23.639318466186523,22.672624588012695,22.729488372802734,13.658498764038086,406969
"2001-02-21",22.542648315429688,22.867586135864258,22.055240631103516,22.055240631103516,13.253336906433105,570445
"2001-02-22",21.933387756347656,22.209585189819336,21.267261505126953,22.209585189819336,13.34609317779541,660678
"2001-02-23",22.01462173461914,22.282697677612305,21.44597816467285,22.103981018066406,13.282623291015625,685052
"2001-02-26",22.30706787109375,22.591388702392578,21.91714096069336,22.591388702392578,13.575520515441895,251986
"2001-02-27",22.607635498046875,23.04630470275879,22.437042236328125,22.835092544555664,13.721960067749023,434543
"2001-02-28",22.664499282836914,22.859464645385742,22.047115325927734,22.2989444732666,13.399782180786133,1070601
"2001-03-01",22.136474609375,22.331438064575195,21.86840057373047,22.323314666748047,13.414426803588867,825878
"2001-03-02",22.07961082458496,22.664499282836914,22.07961082458496,22.35580825805664,13.43394660949707,661416
"2001-03-05",22.542648315429688,22.542648315429688,21.941511154174805,22.242080688476562,13.365610122680664,923989
"2001-03-06",22.445167541503906,22.729488372802734,22.25832748413086,22.30706787109375,13.404662132263184,395397
"2001-03-07",22.502031326293945,22.843217849731445,22.14459800720215,22.778228759765625,13.687795639038086,627810
"2001-03-08",22.843217849731445,23.103168487548828,22.70511817932129,22.867586135864258,13.741484642028809,534993
"2001-03-09",22.46141242980957,22.58326530456543,22.209585189819336,22.339561462402344,13.424198150634766,447345
"2001-03-12",21.819658279418945,21.96588134765625,20.72298812866211,21.242891311645508,12.765182495117188,972736
"2001-03-13",21.478473663330078,21.819658279418945,21.18602752685547,21.811534881591797,13.106891632080078,1514869
"2001-03-14",20.804224014282227,21.307880401611328,20.552396774291992,20.804224014282227,12.501583099365234,2520719
"2001-03-15",21.324127197265625,21.52721405029297,21.104793548583984,21.429731369018555,12.877458572387695,635196
"2001-03-16",21.543460845947266,21.543460845947266,20.95857048034668,21.080421447753906,12.70947265625,856161
"2001-03-19",21.080421447753906,21.429731369018555,20.714866638183594,21.324127197265625,12.856396675109863,428142
"2001-03-20",21.486595153808594,21.51909065246582,20.66612434387207,20.73111343383789,12.498866081237793,1914328
"2001-03-21",20.552396774291992,20.89358139038086,19.983753204345703,20.129976272583008,12.136442184448242,1550937
"2001-03-22",19.78066635131836,19.89439582824707,18.99268913269043,19.61007308959961,11.822990417480469,2003083
"2001-03-23",19.756296157836914,20.487409591674805,19.740049362182617,20.43866729736328,12.322551727294922,623748
"2001-03-26",20.77985382080078,20.966693878173828,20.536148071289062,20.763607025146484,12.518453598022461,765067
"2001-03-27",20.69049644470215,21.46222686767578,20.487409591674805,21.34849739074707,12.871094703674316,463841
"2001-03-28",21.12104034423828,21.34849739074707,20.942323684692383,21.23476791381836,12.802519798278809,279806
"2001-03-29",21.12104034423828,21.316003799438477,20.982940673828125,21.18602752685547,12.773138046264648,141442
"2001-03-30",21.161657333374023,21.559707641601562,21.161657333374023,21.559707641601562,12.998432159423828,252601
"2001-04-02",21.332250595092773,22.006498336791992,21.332250595092773,21.657188415527344,13.057207107543945,3027152
"2001-04-03",21.4541015625,21.584077835083008,20.8448429107666,20.926076889038086,12.616415023803711,919557
"2001-04-04",20.83671760559082,20.83671760559082,20.186840057373047,20.414297103881836,12.307854652404785,3385742
"2001-04-05",20.999187469482422,21.23476791381836,20.828594207763672,21.161657333374023,12.758444786071777,1272485
"2001-04-06",20.820470809936523,21.194150924682617,20.463037490844727,20.69049644470215,12.474380493164062,6634228
"2001-04-09",20.714866638183594,20.991064071655273,20.601137161254883,20.682371139526367,12.469480514526367,802735
"2001-04-10",20.95857048034668,21.413484573364258,20.95857048034668,21.28350830078125,12.831911087036133,372008
"2001-04-11",21.68968391418457,21.722177505493164,21.380990982055664,21.46222686767578,12.939657211303711,1359763
"2001-04-12",21.543460845947266,21.68968391418457,21.364744186401367,21.62469482421875,13.037609100341797,5778191
"2001-04-16",21.811534881591797,21.819658279418945,21.324127197265625,21.470348358154297,12.944552421569824,361175
"2001-04-17",21.332250595092773,21.681560516357422,21.275386810302734,21.649066925048828,13.052308082580566,868471
"2001-04-18",21.933387756347656,23.549959182739258,21.827781677246094,22.558895111083984,13.600842475891113,5579015
"2001-04-19",22.550771713256836,22.826969146728516,22.502031326293945,22.68074607849121,13.674310684204102,1220413
"2001-04-20",22.477659225463867,22.550771713256836,22.201461791992188,22.29081916809082,13.439224243164062,643444
"2001-04-23",22.14459800720215,22.266450881958008,21.884647369384766,22.01462173461914,13.272700309753418,609222
"2001-04-24",22.136474609375,22.25832748413086,21.84402847290039,21.900894165039062,13.204131126403809,118299
"2001-04-25",21.84402847290039,22.160844802856445,21.754671096801758,22.136474609375,13.346161842346191,582017
"2001-04-26",22.152721405029297,22.46953773498535,22.152721405029297,22.225833892822266,13.40004825592041,899738
"2001-04-27",22.46953773498535,22.737611770629883,22.420795440673828,22.70511817932129,13.689001083374023,923742
"2001-04-30",22.75385856628418,22.908205032348633,22.30706787109375,22.339561462402344,13.468611717224121,483044
"2001-05-01",22.266450881958008,22.591388702392578,22.225833892822266,22.52640151977539,13.581252098083496,838680
"2001-05-02",22.713241577148438,22.826969146728516,22.477659225463867,22.70511817932129,13.689001083374023,321291
"2001-05-03",22.502031326293945,22.721364974975586,22.380178451538086,22.713241577148438,13.693902015686035,383703
"2001-05-04",22.493907928466797,23.054426193237305,22.46953773498535,22.989439010620117,13.860418319702148,170001
"2001-05-07",22.940698623657227,22.940698623657227,22.68074607849121,22.843217849731445,13.772262573242188,99834
"2001-05-08",22.75385856628418,22.85133934020996,22.599512100219727,22.607635498046875,13.630233764648438,127778
"2001-05-09",22.57514190673828,22.648252487182617,22.420795440673828,22.58326530456543,13.61553955078125,708564
"2001-05-10",22.826969146728516,22.826969146728516,22.52640151977539,22.591388702392578,13.620439529418945,206685
"2001-05-11",22.761981964111328,22.761981964111328,22.274574279785156,22.380178451538086,13.493087768554688,200530
"2001-05-14",22.40454864501953,22.591388702392578,22.2989444732666,22.567018508911133,13.60573673248291,59334
"2001-05-15",22.648252487182617,22.948822021484375,22.550771713256836,22.70511817932129,13.689001083374023,267496
"2001-05-16",22.70511817932129,23.387489318847656,22.591388702392578,23.31437873840332,14.056329727172852,641351
"2001-05-17",23.298131942749023,23.4281063079834,23.127538681030273,23.19252586364746,13.982861518859863,401798
"2001-05-18",23.281885147094727,23.281885147094727,22.932575225830078,23.062551498413086,13.904499053955078,194744
"2001-05-21",23.127538681030273,23.4281063079834,22.965068817138672,23.387489318847656,14.1004056930542,236844
"2001-05-22",23.468725204467773,23.82615852355957,23.387489318847656,23.623071670532227,14.24244499206543,559982
"2001-05-23",23.70430564880371,23.70430564880371,23.403736114501953,23.525588989257812,14.183674812316895,1015083
"2001-05-24",23.65556526184082,23.7530460357666,23.525588989257812,23.614946365356445,14.237541198730469,184773
"2001-05-25",23.590576171875,23.66368865966797,23.298131942749023,23.298131942749023,14.046537399291992,394782
"2001-05-29",23.509342193603516,23.509342193603516,23.208772659301758,23.31437873840332,14.056329727172852,808767
"2001-05-30",23.330625534057617,23.509342193603516,23.103168487548828,23.119415283203125,13.9387845993042,586325
"2001-05-31",23.15190887451172,23.32250213623047,22.997562408447266,23.32250213623047,14.061225891113281,202007
"2001-06-01",23.19252586364746,23.346872329711914,23.030057907104492,23.281885147094727,14.036731719970703,177880
"2001-06-04",23.346872329711914,23.468725204467773,23.168155670166016,23.468725204467773,14.149393081665039,42346
"2001-06-05",23.549959182739258,23.696182250976562,23.43623161315918,23.574329376220703,14.213051795959473,562813
"2001-06-06",23.460601806640625,23.48497200012207,23.20064926147461,23.395612716674805,14.105297088623047,566260
"2001-06-07",23.20064926147461,23.298131942749023,22.997562408447266,23.24126625061035,14.012253761291504,1214628
"2001-06-08",23.030057907104492,23.15190887451172,22.940698623657227,23.103168487548828,13.928991317749023,726044
"2001-06-11",23.038179397583008,23.168155670166016,22.85133934020996,22.883834838867188,13.796751976013184,186497
"2001-06-12",22.664499282836914,22.97319221496582,22.558895111083984,22.956945419311523,13.840825080871582,757927
"2001-06-13",22.826969146728516,23.119415283203125,22.69699478149414,22.770105361938477,13.728196144104004,966212
"2001-06-14",22.648252487182617,22.648252487182617,22.372055053710938,22.372055053710938,13.488202095031738,1374781
"2001-06-15",22.282697677612305,22.445167541503906,22.047115325927734,22.40454864501953,13.557512283325195,2495483
"2001-06-18",22.46141242980957,22.542648315429688,22.168968200683594,22.46141242980957,13.591922760009766,388257
"2001-06-19",22.81072235107422,22.826969146728516,22.607635498046875,22.664499282836914,13.714814186096191,1782365
"2001-06-20",22.664499282836914,23.054426193237305,22.664499282836914,22.786352157592773,13.788546562194824,682836
"2001-06-21",22.948822021484375,23.70430564880371,22.948822021484375,23.70430564880371,14.344021797180176,744878
"2001-06-22",23.639318466186523,23.639318466186523,23.346872329711914,23.395612716674805,14.157218933105469,518251
"2001-06-25",23.43623161315918,23.525588989257812,23.09504508972168,23.208772659301758,14.04416561126709,246569
"2001-06-26",22.74573516845703,23.054426193237305,22.74573516845703,22.91632843017578,13.867197036743164,964489
"2001-06-27",22.948822021484375,23.290008544921875,22.92445182800293,22.92445182800293,13.872117042541504,467903
"2001-06-28",23.127538681030273,23.403736114501953,23.04630470275879,23.225019454956055,14.053994178771973,288300
"2001-06-29",23.15190887451172,23.184402465820312,22.956945419311523,23.070674896240234,13.960599899291992,968058
"2001-07-02",23.19252586364746,23.4118595123291,23.09504508972168,23.354995727539062,14.132648468017578,184527
"2001-07-03",23.31437873840332,23.419984817504883,23.26563835144043,23.338748931884766,14.122822761535645,129624
"2001-07-05",23.346872329711914,23.4281063079834,23.176279067993164,23.19252586364746,14.034330368041992,134179
"2001-07-06",23.030057907104492,23.04630470275879,22.69699478149414,22.721364974975586,13.749226570129395,869702
"2001-07-09",22.786352157592773,22.826969146728516,22.567018508911133,22.794475555419922,13.793466567993164,1078848
"2001-07-10",22.81072235107422,22.81072235107422,22.242080688476562,22.242080688476562,13.459197998046875,1396816
"2001-07-11",22.177091598510742,22.25832748413086,21.86840057373047,22.201461791992188,13.43461799621582,9222160
"2001-07-12",22.217708587646484,22.672624588012695,22.217708587646484,22.591388702392578,13.670575141906738,475043
"2001-07-13",22.518278121948242,22.867586135864258,22.518278121948242,22.859464645385742,13.832794189453125,210870
"2001-07-16",22.891958236694336,23.070674896240234,22.53452491760254,22.53452491760254,13.636161804199219,610453
"2001-07-17",22.550771713256836,22.997562408447266,22.493907928466797,22.997562408447266,13.916349411010742,347019
"2001-07-18",22.74573516845703,22.948822021484375,22.68074607849121,22.867586135864258,13.837698936462402,757681
"2001-07-19",23.054426193237305,23.070674896240234,22.623882293701172,22.713241577148438,13.744307518005371,255802
"2001-07-20",22.58326530456543,22.68074607849121,22.558895111083984,22.607635498046875,13.680405616760254,404999
"2001-07-23",22.558895111083984,22.737611770629883,22.420795440673828,22.48578453063965,13.606678009033203,58596
"2001-07-24",22.35580825805664,22.510154724121094,22.152721405029297,22.19333839416504,13.429703712463379,155598
"2001-07-25",22.095857620239258,22.380178451538086,22.071487426757812,22.36393165588379,13.532936096191406,295932
"2001-07-26",22.217708587646484,22.550771713256836,22.217708587646484,22.542648315429688,13.641075134277344,260849
"2001-07-27",22.420795440673828,22.737611770629883,22.420795440673828,22.672624588012695,13.719730377197266,68567
"2001-07-30",22.58326530456543,22.68074607849121,22.542648315429688,22.599512100219727,13.67548942565918,243492
"2001-07-31",22.70511817932129,23.005685806274414,22.648252487182617,22.85133934020996,13.827877044677734,129378
"2001-08-01",22.891958236694336,23.09504508972168,22.74573516845703,22.948822021484375,13.886862754821777,99834
"2001-08-02",23.135662078857422,23.135662078857422,22.91632843017578,22.91632843017578,13.867197036743164,110544
"2001-08-03",22.956945419311523,23.013809204101562,22.778228759765625,23.013809204101562,13.926186561584473,123346
"2001-08-06",22.867586135864258,22.98131561279297,22.63200569152832,22.68074607849121,13.724644660949707,230320
"2001-08-07",22.778228759765625,22.92445182800293,22.688871383666992,22.92445182800293,13.872117042541504,260110
"2001-08-08",22.74573516845703,22.859464645385742,22.46141242980957,22.46141242980957,13.591922760009766,1906696
"2001-08-09",22.502031326293945,22.567018508911133,22.347684860229492,22.567018508911133,13.655818939208984,698962
"2001-08-10",22.46141242980957,22.648252487182617,22.339561462402344,22.58326530456543,13.665657043457031,201884
"2001-08-13",22.664499282836914,22.68074607849121,22.420795440673828,22.558895111083984,13.650906562805176,80631
"2001-08-14",22.623882293701172,22.778228759765625,22.46953773498535,22.567018508911133,13.655818939208984,390104
"2001-08-15",22.52640151977539,22.713241577148438,22.46953773498535,22.477659225463867,13.6017484664917,113129
"2001-08-16",22.396425247192383,22.477659225463867,22.242080688476562,22.412673950195312,13.562423706054688,448084
"2001-08-17",22.25832748413086,22.380178451538086,21.990251541137695,22.07961082458496,13.360880851745605,383826
"2001-08-20",22.095857620239258,22.3151912689209,22.095857620239258,22.2989444732666,13.493610382080078,2265779
"2001-08-21",22.25832748413086,22.607635498046875,22.02274513244629,22.02274513244629,13.326464653015137,774176
"2001-08-22",22.136474609375,22.274574279785156,21.9740047454834,22.120227813720703,13.385461807250977,2077928
"2001-08-23",22.136474609375,22.242080688476562,22.06336212158203,22.12835121154785,13.390379905700684,220103
"2001-08-24",22.055240631103516,22.250202178955078,21.990251541137695,22.18521499633789,13.424792289733887,459409
"2001-08-27",22.217708587646484,22.217708587646484,21.900894165039062,21.96588134765625,13.292065620422363,1266330
"2001-08-28",21.892770767211914,21.933387756347656,21.6165714263916,21.6165714263916,13.080684661865234,962519
"2001-08-29",21.754671096801758,21.779041290283203,21.380990982055664,21.421607971191406,12.962705612182617,858992
"2001-08-30",21.40536117553711,21.52721405029297,21.194150924682617,21.275386810302734,12.874231338500977,705117
"2001-08-31",21.40536117553711,21.608448028564453,21.267261505126953,21.340373992919922,12.913558959960938,1232477
"2001-09-04",21.210397720336914,21.649066925048828,21.039804458618164,21.251014709472656,12.859477043151855,904908
"2001-09-05",21.023557662963867,21.324127197265625,20.812347412109375,21.12104034423828,12.780834197998047,1492957
"2001-09-06",20.8610897064209,21.01543426513672,20.576766967773438,20.633630752563477,12.485891342163086,2382477
"2001-09-07",20.316816329956055,20.641754150390625,20.073110580444336,20.22745704650879,12.240102767944336,1965292
"2001-09-10",19.959383010864258,20.471162796020508,19.853776931762695,20.268075942993164,12.26468563079834,835357
"2001-09-17",18.074735641479492,19.455726623535156,17.87164878845215,19.374492645263672,11.723954200744629,1864226
"2001-09-18",19.252639770507812,19.415109634399414,19.090171813964844,19.130788803100586,11.576482772827148,3653239
"2001-09-19",19.130788803100586,19.374492645263672,18.318439483642578,18.99268913269043,11.49291706085205,1039580
"2001-09-20",18.505279541015625,18.700244903564453,18.115352630615234,18.15597152709961,10.986595153808594,777377
"2001-09-21",17.181154251098633,18.237205505371094,17.181154251098633,17.790414810180664,10.813288688659668,1090789
"2001-09-24",18.64337921142578,18.919578552246094,18.399675369262695,18.71649169921875,11.376176834106445,972121
"2001-09-25",18.692119598388672,19.171405792236328,18.692119598388672,19.017059326171875,11.558865547180176,713365
"2001-09-26",19.33387565612793,19.33387565612793,18.94394874572754,19.203899383544922,11.67242431640625,358837
"2001-09-27",19.21202278137207,19.593826293945312,19.082046508789062,19.520715713500977,11.864994049072266,179234
"2001-09-28",19.66693687438965,20.154346466064453,19.66693687438965,20.04874038696289,12.185935020446777,433066
"2001-10-01",19.975629806518555,20.129976272583008,19.861900329589844,19.99187660217285,12.151376724243164,316244
"2001-10-02",20.024370193481445,20.381803512573242,19.902517318725586,20.268075942993164,12.319253921508789,431712
"2001-10-03",20.203086853027344,20.796100616455078,20.203086853027344,20.593013763427734,12.516753196716309,3204785
"2001-10-04",20.67424964904785,20.755483627319336,20.324939727783203,20.430543899536133,12.417999267578125,2510501
"2001-10-05",20.552396774291992,20.552396774291992,19.6588134765625,19.870023727416992,12.077302932739258,4035710
"2001-10-08",19.642566680908203,19.675060272216797,19.33387565612793,19.423233032226562,11.805744171142578,1600916
"2001-10-09",19.455726623535156,19.72380256652832,19.341997146606445,19.585702896118164,11.904495239257812,6144290
"2001-10-10",19.471973419189453,20.016246795654297,19.471973419189453,19.89439582824707,12.092122077941895,2169022
"2001-10-11",20.024370193481445,20.308692932128906,19.983753204345703,20.211210250854492,12.284687042236328,973475
"2001-10-12",19.6588134765625,19.94313621520996,19.536962509155273,19.89439582824707,12.092122077941895,2233403
"2001-10-15",19.72380256652832,20.10560417175293,19.618196487426758,19.983753204345703,12.146440505981445,443037
"2001-10-16",20.064987182617188,20.463037490844727,20.064987182617188,20.308692932128906,12.343938827514648,1147292
"2001-10-17",20.714866638183594,20.714866638183594,20.10560417175293,20.10560417175293,12.22049331665039,734415
"2001-10-18",20.186840057373047,20.268075942993164,19.861900329589844,20.081235885620117,12.205693244934082,1246634
"2001-10-19",19.902517318725586,19.918764114379883,19.512590408325195,19.756296157836914,12.008183479309082,1555122
"2001-10-22",19.740049362182617,20.3411865234375,19.740049362182617,20.235580444335938,12.299500465393066,683205
"2001-10-23",20.34930992126465,20.51177978515625,20.186840057373047,20.28432273864746,12.32912540435791,549026
"2001-10-24",20.22745704650879,20.373680114746094,20.10560417175293,20.211210250854492,12.284687042236328,235860
"2001-10-25",19.983753204345703,20.576766967773438,19.861900329589844,20.479284286499023,12.447626113891602,158060
"2001-10-26",20.471162796020508,20.755483627319336,20.471162796020508,20.714866638183594,12.59081745147705,458301
"2001-10-29",20.38992691040039,20.454914093017578,19.983753204345703,19.983753204345703,12.146440505981445,378656
"2001-10-30",19.8212833404541,20.10560417175293,19.536962509155273,19.94313621520996,12.121746063232422,786363
"2001-10-31",20.081235885620117,20.081235885620117,19.642566680908203,19.764419555664062,12.0131196975708,658585
"2001-11-01",19.813159942626953,20.11372947692871,19.415109634399414,20.089357376098633,12.210623741149902,614023
"2001-11-02",19.902517318725586,20.259950637817383,19.902517318725586,20.194963455200195,12.274808883666992,1044996
"2001-11-05",20.593013763427734,20.641754150390625,20.38992691040039,20.633630752563477,12.541441917419434,187728
"2001-11-06",20.633630752563477,20.90170669555664,20.39805030822754,20.885459899902344,12.694504737854004,1101622
"2001-11-07",20.73111343383789,21.202274322509766,20.73111343383789,20.966693878173828,12.74388599395752,522313
"2001-11-08",21.202274322509766,21.340373992919922,20.917953491210938,21.031681060791016,12.78338623046875,261341
"2001-11-09",20.83671760559082,21.031681060791016,20.69049644470215,20.89358139038086,12.699440956115723,324492
"2001-11-12",20.633630752563477,20.95857048034668,20.308692932128906,20.796100616455078,12.64018726348877,259495
"2001-11-13",21.242891311645508,21.35662078857422,21.088546752929688,21.35662078857422,12.980884552001953,452762
"2001-11-14",21.56783103942871,21.56783103942871,21.18602752685547,21.316003799438477,12.956192970275879,661047
"2001-11-15",21.44597816467285,21.52721405029297,21.18602752685547,21.18602752685547,12.877195358276367,269466
"2001-11-16",21.364744186401367,21.364744186401367,20.917953491210938,21.080421447753906,12.81301212310791,185142
"2001-11-19",21.28350830078125,21.510967254638672,21.12916374206543,21.510967254638672,13.074702262878418,273774
"2001-11-20",21.202274322509766,21.437854766845703,21.202274322509766,21.389114379882812,13.00063419342041,1038349
"2001-11-21",21.161657333374023,21.28350830078125,21.01543426513672,21.202274322509766,12.887075424194336,71275
"2001-11-23",21.080421447753906,21.551584243774414,21.080421447753906,21.52721405029297,13.084574699401855,66228
"2001-11-26",21.470348358154297,21.69780731201172,21.372867584228516,21.640941619873047,13.153698921203613,443899
"2001-11-27",21.56783103942871,21.80341148376465,21.372867584228516,21.68968391418457,13.18332576751709,860346
"2001-11-28",21.364744186401367,21.584077835083008,20.999187469482422,21.039804458618164,12.788315773010254,640612
"2001-11-29",21.161657333374023,21.299755096435547,20.95857048034668,21.267261505126953,12.926568031311035,717796
"2001-11-30",21.202274322509766,21.242891311645508,21.039804458618164,21.047929763793945,12.793253898620605,419894
"2001-12-03",20.83671760559082,20.877334594726562,20.641754150390625,20.755483627319336,12.615501403808594,424449
"2001-12-04",20.796100616455078,21.12104034423828,20.69049644470215,21.039804458618164,12.788315773010254,1203179
"2001-12-05",21.039804458618164,21.56783103942871,21.039804458618164,21.332250595092773,12.966069221496582,937407
"2001-12-06",21.340373992919922,21.649066925048828,21.324127197265625,21.608448028564453,13.13394546508789,375947
"2001-12-07",21.4541015625,21.640941619873047,21.380990982055664,21.46222686767578,13.045071601867676,961042
"2001-12-10",21.52721405029297,21.52721405029297,21.080421447753906,21.12104034423828,12.837697982788086,191913
"2001-12-11",21.210397720336914,21.486595153808594,21.12104034423828,21.242891311645508,12.911751747131348,1120456
"2001-12-12",21.12104034423828,21.307880401611328,20.991064071655273,21.161657333374023,12.862384796142578,649722
"2001-12-13",21.039804458618164,21.039804458618164,20.796100616455078,20.828594207763672,12.659936904907227,2516410
"2001-12-14",20.877334594726562,20.877334594726562,20.641754150390625,20.714866638183594,12.59081745147705,1099652
"2001-12-17",20.714866638183594,21.047929763793945,20.714866638183594,20.999187469482422,12.763627052307129,149443
"2001-12-18",21.161657333374023,21.194150924682617,20.982940673828125,21.194150924682617,12.882134437561035,226504
"2001-12-19",21.039804458618164,21.608448028564453,21.039804458618164,21.608448028564453,13.13394546508789,492400
"2001-12-20",21.486595153808594,21.608448028564453,21.332250595092773,21.51909065246582,13.079638481140137,1054475
"2001-12-21",21.340373992919922,21.364744186401367,21.080421447753906,21.275386810302734,12.987894058227539,574508
"2001-12-24",21.28350830078125,21.28350830078125,21.153533935546875,21.259138107299805,12.977972030639648,218133
"2001-12-26",21.316003799438477,21.44597816467285,21.259138107299805,21.35662078857422,13.037483215332031,103158
"2001-12-27",21.364744186401367,21.44597816467285,21.210397720336914,21.340373992919922,13.027566909790039,663755
"2001-12-28",21.40536117553711,21.665313720703125,21.40536117553711,21.56783103942871,13.166420936584473,1563739
"2001-12-31",21.608448028564453,21.649066925048828,21.364744186401367,21.364744186401367,13.042440414428711,2223802
"2002-01-02",21.242891311645508,21.44597816467285,21.039804458618164,21.340373992919922,13.027566909790039,632857
"2002-01-03",21.44597816467285,21.52721405029297,21.29163360595703,21.486595153808594,13.116826057434082,194129
"2002-01-04",21.608448028564453,21.852153778076172,21.608448028564453,21.770917892456055,13.290400505065918,762974
"2002-01-07",21.852153778076172,21.925264358520508,21.608448028564453,21.714054107666016,13.255681037902832,495108
"2002-01-08",21.730300903320312,21.730300903320312,21.29163360595703,21.413484573364258,13.07219409942627,338279
"2002-01-09",21.52721405029297,21.770917892456055,21.413484573364258,21.52721405029297,13.141626358032227,494493
"2002-01-10",21.44597816467285,21.649066925048828,21.40536117553711,21.44597816467285,13.092040061950684,479105
"2002-01-11",21.770917892456055,21.770917892456055,21.324127197265625,21.324127197265625,13.017647743225098,3818562
"2002-01-14",21.202274322509766,21.324127197265625,21.161657333374023,21.161657333374023,12.918463706970215,3340565
"2002-01-15",21.210397720336914,21.62469482421875,21.210397720336914,21.62469482421875,13.201128005981445,3054111
"2002-01-16",21.44597816467285,21.56783103942871,21.324127197265625,21.35662078857422,13.037483215332031,2094670
"2002-01-17",21.68968391418457,21.68968391418457,21.46222686767578,21.559707641601562,13.16146183013916,269466
"2002-01-18",21.40536117553711,21.6328182220459,21.40536117553711,21.478473663330078,13.111868858337402,153629
"2002-01-22",21.608448028564453,21.608448028564453,21.364744186401367,21.40536117553711,13.067238807678223,104143
"2002-01-23",21.364744186401367,21.608448028564453,21.28350830078125,21.502843856811523,13.126749992370605,450423
"2002-01-24",21.608448028564453,21.730300903320312,21.494720458984375,21.52721405029297,13.141626358032227,3763536
"2002-01-25",21.40536117553711,21.714054107666016,21.40536117553711,21.665313720703125,13.225934982299805,112021
"2002-01-28",21.68968391418457,21.68968391418457,21.29163360595703,21.44597816467285,13.092040061950684,731337
"2002-01-29",21.502843856811523,21.559707641601562,20.39805030822754,20.51177978515625,12.521738052368164,13945630
"2002-01-30",20.471162796020508,21.44597816467285,19.94313621520996,20.771730422973633,12.680432319641113,13391803
"2002-01-31",20.917953491210938,21.12104034423828,20.69049644470215,21.12104034423828,12.893672943115234,13490898
"2002-02-01",21.080421447753906,21.080421447753906,20.747360229492188,20.8610897064209,12.734979629516602,5223749
"2002-02-04",20.67424964904785,20.67424964904785,20.10560417175293,20.10560417175293,12.273776054382324,5459485
"2002-02-05",20.064987182617188,20.186840057373047,19.78066635131836,20.10560417175293,12.273776054382324,5689559
"2002-02-06",20.10560417175293,20.146223068237305,19.626319885253906,19.8212833404541,12.100214958190918,6310229
"2002-02-07",19.78066635131836,20.21933364868164,19.740049362182617,20.00812339782715,12.214273452758789,8296325
"2002-02-08",20.1787166595459,20.552396774291992,20.146223068237305,20.536148071289062,12.536612510681152,8454877
"2002-02-11",20.544273376464844,20.714866638183594,20.316816329956055,20.714866638183594,12.645716667175293,971751
"2002-02-12",20.552396774291992,20.706741333007812,20.471162796020508,20.479284286499023,12.501896858215332,568476
"2002-02-13",20.51177978515625,20.95044708251953,20.51177978515625,20.89358139038086,12.754810333251953,5388456
"2002-02-14",20.796100616455078,21.080421447753906,20.593013763427734,20.852964401245117,12.730018615722656,1636984
"2002-02-15",20.755483627319336,20.83671760559082,20.487409591674805,20.528026580810547,12.531656265258789,2236358
"2002-02-19",20.268075942993164,20.38992691040039,19.967506408691406,19.967506408691406,12.189478874206543,5077013
"2002-02-20",20.10560417175293,20.34930992126465,19.71567726135254,20.3411865234375,12.417594909667969,8052710
"2002-02-21",20.186840057373047,20.38992691040039,19.94313621520996,20.10560417175293,12.273776054382324,5889966
"2002-02-22",19.740049362182617,20.024370193481445,19.577579498291016,19.983753204345703,12.199399948120117,8525291
"2002-02-25",19.94313621520996,20.5036563873291,19.94313621520996,20.49553108215332,12.511812210083008,4633361
"2002-02-26",20.38992691040039,20.66612434387207,20.308692932128906,20.479284286499023,12.501896858215332,2363643
"2002-02-27",20.714866638183594,21.00731086730957,20.552396774291992,20.69049644470215,12.630834579467773,11507388
"2002-02-28",20.67424964904785,21.039804458618164,20.67424964904785,20.755483627319336,12.670506477355957,1264360
"2002-03-01",20.917953491210938,21.072298049926758,20.755483627319336,21.039804458618164,12.844077110290527,5791116
"2002-03-04",21.364744186401367,21.770917892456055,21.242891311645508,21.754671096801758,13.28048038482666,7841470
"2002-03-05",21.722177505493164,22.01462173461914,21.62469482421875,21.770917892456055,13.290400505065918,5306841
"2002-03-06",21.892770767211914,22.217708587646484,21.779041290283203,22.136474609375,13.513550758361816,3081316
"2002-03-07",22.095857620239258,22.242080688476562,21.770917892456055,21.941511154174805,13.394539833068848,3823732
"2002-03-08",22.2989444732666,22.2989444732666,21.9740047454834,22.03899383544922,13.45405387878418,795965
"2002-03-11",22.055240631103516,22.25832748413086,21.9740047454834,22.168968200683594,13.533391952514648,834987
"2002-03-12",21.933387756347656,22.282697677612305,21.933387756347656,22.177091598510742,13.538350105285645,6107114
"2002-03-13",22.177091598510742,22.19333839416504,21.86840057373047,21.9740047454834,13.414375305175781,2468155
"2002-03-14",21.933387756347656,22.168968200683594,21.933387756347656,22.030868530273438,13.449092864990234,1599315
"2002-03-15",22.055240631103516,22.48578453063965,22.055240631103516,22.420795440673828,13.732697486877441,3781509
"2002-03-18",22.542648315429688,22.591388702392578,22.18521499633789,22.372055053710938,13.702851295471191,1940918
"2002-03-19",22.502031326293945,22.542648315429688,22.339561462402344,22.36393165588379,13.6978759765625,409061
"2002-03-20",22.339561462402344,22.339561462402344,22.01462173461914,22.01462173461914,13.483920097351074,4915506
"2002-03-21",22.12835121154785,22.12835121154785,21.730300903320312,22.02274513244629,13.488883972167969,3618894
"2002-03-22",22.03899383544922,22.250202178955078,21.900894165039062,22.01462173461914,13.483920097351074,2647512
"2002-03-25",22.01462173461914,22.08773422241211,21.665313720703125,21.665313720703125,13.269972801208496,2828838
"2002-03-26",21.68968391418457,22.177091598510742,21.68968391418457,21.933387756347656,13.434162139892578,1870751
"2002-03-27",21.933387756347656,22.29081916809082,21.933387756347656,22.217708587646484,13.608308792114258,7761947
"2002-03-28",22.12835121154785,22.35580825805664,22.02274513244629,22.055240631103516,13.508800506591797,1696687
"2002-04-01",21.852153778076172,22.030868530273438,21.730300903320312,22.01462173461914,13.483920097351074,1177944
"2002-04-02",21.811534881591797,22.177091598510742,21.811534881591797,22.095857620239258,13.533673286437988,467903
"2002-04-03",22.136474609375,22.136474609375,21.73842430114746,21.770917892456055,13.334650993347168,4901596
"2002-04-04",21.770917892456055,22.055240631103516,21.770917892456055,21.96588134765625,13.454069137573242,1331327
"2002-04-05",22.12835121154785,22.282697677612305,22.071487426757812,22.071487426757812,13.518749237060547,4185892
"2002-04-08",21.925264358520508,22.225833892822266,21.925264358520508,22.136474609375,13.558552742004395,147843
"2002-04-09",22.25832748413086,22.420795440673828,22.18521499633789,22.274574279785156,13.643145561218262,1243187
"2002-04-10",22.323314666748047,22.46141242980957,22.266450881958008,22.35580825805664,13.692892074584961,420017
"2002-04-11",22.25832748413086,22.339561462402344,21.73842430114746,21.80341148376465,13.354552268981934,1543059
"2002-04-12",21.998374938964844,22.160844802856445,21.884647369384766,22.07961082458496,13.523723602294922,1347330
"2002-04-15",22.25832748413086,22.25832748413086,21.67343521118164,21.7952880859375,13.349575996398926,581155
"2002-04-16",21.933387756347656,22.282697677612305,21.933387756347656,22.242080688476562,13.623233795166016,447345
"2002-04-17",22.2989444732666,22.412673950195312,22.120227813720703,22.2989444732666,13.658062934875488,461871
"2002-04-18",22.323314666748047,22.420795440673828,21.892770767211914,22.2989444732666,13.658062934875488,886812
"2002-04-19",22.339561462402344,22.339561462402344,22.19333839416504,22.25832748413086,13.633190155029297,3157392
"2002-04-22",22.14459800720215,22.209585189819336,21.892770767211914,21.9577579498291,13.449091911315918,1584297
"2002-04-23",21.852153778076172,22.01462173461914,21.78716468811035,21.852153778076172,13.384407997131348,1449503
"2002-04-24",21.933387756347656,22.01462173461914,21.67343521118164,21.714054107666016,13.29981803894043,4603325
"2002-04-25",21.584077835083008,21.649066925048828,21.332250595092773,21.510967254638672,13.17542839050293,5007708
"2002-04-26",21.543460845947266,21.68968391418457,21.332250595092773,21.429731369018555,13.1256742477417,1544536
"2002-04-29",21.413484573364258,21.543460845947266,21.202274322509766,21.242891311645508,13.011235237121582,1378474
"2002-04-30",21.299755096435547,21.665313720703125,21.22664451599121,21.494720458984375,13.165471076965332,1882938
"2002-05-01",21.608448028564453,21.68968391418457,21.251014709472656,21.640941619873047,13.255037307739258,4520724
"2002-05-02",21.730300903320312,21.852153778076172,21.608448028564453,21.852153778076172,13.384407997131348,995633
"2002-05-03",21.762794494628906,21.84402847290039,21.6328182220459,21.74654769897461,13.319721221923828,1014344
"2002-05-06",21.68968391418457,21.852153778076172,20.49553108215332,21.242891311645508,13.011235237121582,784270
"2002-05-07",21.372867584228516,21.429731369018555,21.12916374206543,21.145410537719727,12.951531410217285,1236663
"2002-05-08",21.608448028564453,21.819658279418945,21.56783103942871,21.770917892456055,13.334650993347168,3540110
"2002-05-09",21.68968391418457,21.730300903320312,21.307880401611328,21.510967254638672,13.17542839050293,251247
"2002-05-10",21.649066925048828,21.649066925048828,21.23476791381836,21.23476791381836,13.006258010864258,1595253
"2002-05-13",21.299755096435547,21.6328182220459,21.202274322509766,21.6165714263916,13.240110397338867,449807
"2002-05-14",21.884647369384766,21.949634552001953,21.730300903320312,21.949634552001953,13.444109916687012,636550
"2002-05-15",21.884647369384766,22.112104415893555,21.84402847290039,21.84402847290039,13.379429817199707,1316678
"2002-05-16",21.852153778076172,22.112104415893555,21.852153778076172,22.103981018066406,13.538651466369629,777130
"2002-05-17",22.250202178955078,22.25832748413086,22.071487426757812,22.201461791992188,13.598359107971191,251493
"2002-05-20",22.160844802856445,22.160844802856445,21.770917892456055,21.819658279418945,13.364500999450684,563675
"2002-05-21",21.900894165039062,22.030868530273438,21.6165714263916,21.6165714263916,13.240110397338867,1061368
"2002-05-22",21.608448028564453,21.665313720703125,21.46222686767578,21.657188415527344,13.264983177185059,1506129
"2002-05-23",21.68968391418457,21.91714096069336,21.649066925048828,21.892770767211914,13.409281730651855,463718
"2002-05-24",21.835905075073242,21.9740047454834,21.657188415527344,21.74654769897461,13.319721221923828,676188
"2002-05-28",21.811534881591797,21.811534881591797,21.40536117553711,21.51909065246582,13.180405616760254,563552
"2002-05-29",21.421607971191406,21.592201232910156,21.421607971191406,21.510967254638672,13.17542839050293,662278
"2002-05-30",21.28350830078125,21.551584243774414,21.218521118164062,21.421607971191406,13.120699882507324,6239077
"2002-05-31",21.364744186401367,21.681560516357422,21.364744186401367,21.429731369018555,13.1256742477417,4061685
"2002-06-03",21.46222686767578,21.600324630737305,20.942323684692383,21.00731086730957,12.866943359375,2347517
"2002-06-04",20.83671760559082,21.01543426513672,20.73923683166504,20.869211196899414,12.782353401184082,949347
"2002-06-05",20.926076889038086,21.12104034423828,20.909828186035156,21.072298049926758,12.906744003295898,754726
"2002-06-06",20.999187469482422,21.01543426513672,20.60926055908203,20.61738395690918,12.628106117248535,2155604
"2002-06-07",20.406173706054688,20.804224014282227,20.406173706054688,20.682371139526367,12.667913436889648,974706
"2002-06-10",20.593013763427734,20.95857048034668,20.593013763427734,20.796100616455078,12.737576484680176,392320
"2002-06-11",20.917953491210938,21.00731086730957,20.430543899536133,20.430543899536133,12.513675689697266,2651943
"2002-06-12",20.38992691040039,20.60926055908203,20.194963455200195,20.544273376464844,12.583333969116211,957349
"2002-06-13",20.471162796020508,20.49553108215332,20.04874038696289,20.064987182617188,12.289770126342773,2007761
"2002-06-14",19.926889419555664,20.365556716918945,19.634443283081055,20.251827239990234,12.404212951660156,4250643
"2002-06-17",20.552396774291992,21.169780731201172,20.34930992126465,21.161657333374023,12.961478233337402,2331637
"2002-06-18",21.104793548583984,21.28350830078125,20.991064071655273,21.202274322509766,12.98635482788086,1546259
"2002-06-19",21.161657333374023,21.194150924682617,20.934200286865234,20.999187469482422,12.861961364746094,691822
"2002-06-20",20.95857048034668,20.95857048034668,20.528026580810547,20.576766967773438,12.603235244750977,4830567
"2002-06-21",20.308692932128906,20.584890365600586,20.22745704650879,20.259950637817383,12.464293479919434,2956739
"2002-06-24",20.22745704650879,20.487409591674805,19.853776931762695,20.316816329956055,12.499282836914062,3754304
"2002-06-25",20.38992691040039,20.649877548217773,20.12185287475586,20.12185287475586,12.379335403442383,1340313
"2002-06-26",19.4963436126709,19.845653533935547,19.43135643005371,19.740049362182617,12.144442558288574,5428956
"2002-06-27",19.902517318725586,20.243703842163086,19.731924057006836,20.1624698638916,12.404324531555176,8380771
"2002-06-28",20.308692932128906,20.552396774291992,20.235580444335938,20.422420501708984,12.564253807067871,2207060
"2002-07-01",20.292444229125977,20.49553108215332,20.0,20.0,12.304375648498535,1532964
"2002-07-02",19.983753204345703,20.097482681274414,19.675060272216797,19.72380256652832,12.134449005126953,5970350
"2002-07-03",19.536962509155273,19.77254295349121,19.236392974853516,19.50446891784668,11.999513626098633,3744579
"2002-07-05",19.72380256652832,20.259950637817383,19.72380256652832,20.251827239990234,12.459303855895996,476397
"2002-07-08",20.146223068237305,20.406173706054688,19.99187660217285,20.146223068237305,12.394330024719238,3118739
"2002-07-09",20.22745704650879,20.28432273864746,19.593826293945312,19.618196487426758,12.069477081298828,1062476
"2002-07-10",19.691307067871094,19.77254295349121,18.927701950073242,18.99268913269043,11.68465518951416,3818316
"2002-07-11",18.683996200561523,19.26888656616211,18.074735641479492,19.252639770507812,11.84458065032959,2439719
"2002-07-12",19.33387565612793,19.33387565612793,18.862712860107422,18.968318939208984,11.669665336608887,1983141
"2002-07-15",18.659626007080078,18.968318939208984,18.2047119140625,18.968318939208984,11.669665336608887,4184046
"2002-07-16",18.854589462280273,19.017059326171875,18.497156143188477,18.586515426635742,11.434767723083496,10964886
"2002-07-17",18.960195541381836,19.057676315307617,18.285945892333984,18.47278594970703,11.364801406860352,4069194
"2002-07-18",18.521526336669922,18.562145233154297,17.782291412353516,17.831031799316406,10.96998119354248,4442925
"2002-07-19",17.42485809326172,17.774166107177734,17.376117706298828,17.449228286743164,10.735095977783203,5113943
"2002-07-22",17.181154251098633,17.506092071533203,16.68562126159668,16.85621452331543,10.37025260925293,3343027
"2002-07-23",16.815597534179688,16.872461318969727,15.775792121887207,15.89764404296875,9.780522346496582,4142561
"2002-07-24",15.150283813476562,16.872461318969727,15.10966682434082,16.85621452331543,10.37025260925293,9538896
"2002-07-25",16.693744659423828,17.205524444580078,16.00324821472168,16.73436164855957,10.2952880859375,6495987
"2002-07-26",16.831844329833984,17.24614143371582,16.73436164855957,17.24614143371582,10.610148429870605,4010475
"2002-07-29",17.87164878845215,18.399675369262695,17.76604461669922,18.399675369262695,11.319819450378418,2448213
"2002-07-30",18.237205505371094,18.60276222229004,17.944759368896484,18.440292358398438,11.344804763793945,4815672
"2002-07-31",18.359058380126953,18.724613189697266,18.25345230102539,18.724613189697266,11.519725799560547,3552912
"2002-08-01",18.59463882446289,18.627132415771484,18.220958709716797,18.26157569885254,11.234862327575684,1904726
"2002-08-02",18.074735641479492,18.229082107543945,17.562957763671875,17.798538208007812,10.949995994567871,5632317
"2002-08-05",17.70918083190918,17.70918083190918,17.067424774169922,17.099918365478516,10.520183563232422,3525338
"2002-08-06",17.587326049804688,18.009748458862305,17.481721878051758,17.660438537597656,10.865025520324707,3835181
"2002-08-07",18.074735641479492,18.074735641479492,17.522340774536133,17.887895584106445,11.004963874816895,1521024
"2002-08-08",18.19658851623535,18.887083053588867,18.188465118408203,18.82209587097168,11.579703330993652,2540907
"2002-08-09",18.562145233154297,19.1389102935791,18.521526336669922,18.98456573486328,11.679656028747559,1540597
"2002-08-12",18.683996200561523,18.903331756591797,18.570268630981445,18.77335548400879,11.549712181091309,2078913
"2002-08-13",18.757108688354492,19.04142951965332,18.32656478881836,18.32656478881836,11.274840354919434,3275322
"2002-08-14",18.318439483642578,19.130788803100586,18.123477935791016,19.057676315307617,11.72463607788086,6039532
"2002-08-15",19.293258666992188,19.33387565612793,19.04142951965332,19.293258666992188,11.86956787109375,5012755
"2002-08-16",19.090171813964844,19.30950355529785,18.3671817779541,19.1551570892334,11.784608840942383,3326408
"2002-08-19",19.171405792236328,19.699430465698242,19.090171813964844,19.642566680908203,12.08446979522705,3075777
"2002-08-20",19.577579498291016,19.577579498291016,19.21202278137207,19.374492645263672,11.91954231262207,1092882
"2002-08-21",19.577579498291016,19.577579498291016,19.10641860961914,19.415109634399414,11.944535255432129,1852163
"2002-08-22",19.4963436126709,19.788789749145508,19.293258666992188,19.642566680908203,12.08446979522705,1302152
"2002-08-23",19.455726623535156,19.520715713500977,19.171405792236328,19.228269577026367,11.829590797424316,907616
"2002-08-26",19.317628860473633,19.61007308959961,19.147035598754883,19.512590408325195,12.004507064819336,1281594
"2002-08-27",19.683183670043945,19.699430465698242,19.228269577026367,19.33387565612793,11.894558906555176,2430979
"2002-08-28",19.171405792236328,19.27701187133789,18.838342666625977,19.017059326171875,11.699647903442383,3550573
"2002-08-29",18.64337921142578,19.22014617919922,18.64337921142578,19.033306121826172,11.709646224975586,2221463
"2002-08-30",18.927701950073242,19.43947982788086,18.927701950073242,19.073923110961914,11.734627723693848,2042352
"2002-09-03",18.683996200561523,18.76523208618164,18.123477935791016,18.139724731445312,11.159893989562988,1085250
"2002-09-04",18.115352630615234,18.55402183532715,18.09098243713379,18.48090934753418,11.36979866027832,2305294
"2002-09-05",18.147846221923828,18.440292358398438,17.92038917541504,18.2047119140625,11.199873924255371,1393738
"2002-09-06",18.48090934753418,18.64337921142578,18.42404556274414,18.48090934753418,11.36979866027832,1290211
"2002-09-09",18.407798767089844,18.94394874572754,18.21283531188965,18.77335548400879,11.549712181091309,1389060
"2002-09-10",18.77335548400879,18.82209587097168,18.48090934753418,18.659626007080078,11.47974681854248,896537
"2002-09-11",18.99268913269043,18.99268913269043,18.505279541015625,18.55402183532715,11.414780616760254,423833
"2002-09-12",18.399675369262695,18.47278594970703,18.009748458862305,18.03411865234375,11.094917297363281,598020
"2002-09-13",17.952884674072266,18.25345230102539,17.93663787841797,18.172218322753906,11.179887771606445,5468841
"2002-09-16",18.074735641479492,18.21283531188965,17.87164878845215,18.13159942626953,11.154898643493652,1678961
"2002-09-17",18.497156143188477,18.497156143188477,17.725425720214844,17.74167251586914,10.915000915527344,1236540
"2002-09-18",17.31925392150879,17.822908401489258,17.31925392150879,17.59545135498047,10.825044631958008,2772828
"2002-09-19",17.30300521850586,17.42485809326172,16.945573806762695,16.986190795898438,10.450214385986328,1932916
"2002-09-20",16.97806739807129,17.07554817199707,16.693744659423828,16.815597534179688,10.400980949401855,3090179
"2002-09-23",16.774980545043945,16.95369529724121,16.409423828125,16.823720932006836,10.406000137329102,2354411
"2002-09-24",16.5718936920166,17.01868438720703,16.376928329467773,16.498781204223633,10.205015182495117,3190506
"2002-09-25",16.653127670288086,16.95369529724121,16.34443473815918,16.823720932006836,10.406000137329102,3056696
"2002-09-26",16.945573806762695,17.384239196777344,16.896831512451172,17.311128616333008,10.707483291625977,3039462
"2002-09-27",17.262388229370117,17.392364501953125,16.774980545043945,16.774980545043945,10.3758544921875,739092
"2002-09-30",16.612510681152344,16.994314193725586,16.23883056640625,16.791227340698242,10.385902404785156,2894327
"2002-10-01",16.937448501586914,17.53858757019043,16.709991455078125,17.506092071533203,10.828069686889648,4009490
"2002-10-02",17.229894638061523,17.51421546936035,16.693744659423828,16.80747413635254,10.395955085754395,3379587
"2002-10-03",16.823720932006836,16.888708114624023,16.133224487304688,16.133224487304688,9.97890853881836,4893841
"2002-10-04",16.2469539642334,16.303817749023438,15.532088279724121,15.686433792114258,9.702556610107422,6431606
"2002-10-07",15.540210723876953,15.783916473388672,15.10966682434082,15.190901756286621,9.3960542678833,7620998
"2002-10-08",15.434605598449707,16.035743713378906,15.272135734558105,15.775792121887207,9.75782299041748,9535818
"2002-10-09",15.47522258758545,15.564581871032715,15.06092643737793,15.10966682434082,9.345807075500488,5563874
"2002-10-10",15.077173233032227,16.01137351989746,15.044678688049316,15.905768394470215,9.838220596313477,3856231
"2002-10-11",16.409423828125,17.043054580688477,16.328187942504883,16.74248504638672,10.355758666992188,4509892
"2002-10-14",16.5881404876709,17.002437591552734,16.5881404876709,16.864337921142578,10.431124687194824,2360689
"2002-10-15",18.074735641479492,18.115352630615234,17.6848087310791,18.074735641479492,11.179794311523438,8202645
"2002-10-16",17.790414810180664,17.98537826538086,17.660438537597656,17.749797821044922,10.97881031036377,1558200
"2002-10-17",18.399675369262695,18.415922164916992,18.147846221923828,18.277822494506836,11.305416107177734,3501087
"2002-10-18",18.03411865234375,18.53777313232422,17.952884674072266,18.26157569885254,11.295367240905762,2123475
"2002-10-21",18.19658851623535,18.619009017944336,17.993501663208008,18.562145233154297,11.481273651123047,2262209
"2002-10-22",18.26157569885254,18.489032745361328,18.21283531188965,18.391551971435547,11.375757217407227,2486743
"2002-10-23",18.294069290161133,18.440292358398438,17.81478500366211,18.399675369262695,11.380777359008789,3397806
"2002-10-24",18.440292358398438,18.627132415771484,18.001625061035156,18.066612243652344,11.174769401550293,2507424
"2002-10-25",17.952884674072266,18.55402183532715,17.879772186279297,18.521526336669922,11.45615291595459,1323079
"2002-10-28",18.846466064453125,18.846466064453125,18.32656478881836,18.47278594970703,11.426002502441406,4720885
"2002-10-29",18.359058380126953,18.440292358398438,17.928512573242188,18.269699096679688,11.300387382507324,4215190
"2002-10-30",18.359058380126953,18.562145233154297,18.237205505371094,18.47278594970703,11.426002502441406,2879678
"2002-10-31",18.562145233154297,18.562145233154297,18.172218322753906,18.32656478881836,11.335556983947754,1211427
"2002-11-01",18.21283531188965,18.635255813598633,18.050365447998047,18.586515426635742,11.496345520019531,1628982
"2002-11-04",18.903331756591797,19.179529190063477,18.683996200561523,18.740861892700195,11.591808319091797,2811112
"2002-11-05",18.627132415771484,18.87895965576172,18.60276222229004,18.805849075317383,11.632009506225586,2161144
"2002-11-06",18.862712860107422,19.008935928344727,18.440292358398438,18.846466064453125,11.657136917114258,3861647
"2002-11-07",18.53777313232422,18.619009017944336,18.139724731445312,18.164094924926758,11.235066413879395,6600745
"2002-11-08",18.180341720581055,18.456539154052734,18.009748458862305,18.066612243652344,11.174769401550293,1975016
"2002-11-11",17.969131469726562,18.09098243713379,17.749797821044922,17.87164878845215,11.054176330566406,2325359
"2002-11-12",17.928512573242188,18.277822494506836,17.928512573242188,18.058488845825195,11.169742584228516,3575686
"2002-11-13",17.887895584106445,18.570268630981445,17.69293212890625,17.969131469726562,11.114477157592773,2941844
"2002-11-14",18.25345230102539,18.513404846191406,18.25345230102539,18.513404846191406,11.451123237609863,1733371
"2002-11-15",18.37530517578125,18.692119598388672,18.220958709716797,18.683996200561523,11.55663776397705,3260673
"2002-11-18",18.830219268798828,18.830219268798828,18.26157569885254,18.359058380126953,11.3556547164917,2133692
"2002-11-19",18.294069290161133,18.53777313232422,18.172218322753906,18.3671817779541,11.36068058013916,1736941
"2002-11-20",18.359058380126953,18.862712860107422,18.359058380126953,18.830219268798828,11.647083282470703,1210565
"2002-11-21",19.073923110961914,19.317628860473633,19.017059326171875,19.27701187133789,11.923440933227539,2323389
"2002-11-22",19.22014617919922,19.33387565612793,19.114540100097656,19.147035598754883,11.84304428100586,2845949
"2002-11-25",19.171405792236328,19.301380157470703,18.911453247070312,19.114540100097656,11.822944641113281,3030968
"2002-11-26",18.805849075317383,18.968318939208984,18.505279541015625,18.59463882446289,11.501372337341309,3413440
"2002-11-27",18.781478881835938,19.195775985717773,18.724613189697266,19.171405792236328,11.858113288879395,931128
"2002-11-29",19.10641860961914,19.187652587890625,19.008935928344727,19.008935928344727,11.757627487182617,531423
"2002-12-02",19.252639770507812,19.39073944091797,18.82209587097168,19.008935928344727,11.757627487182617,2689120
"2002-12-03",18.927701950073242,18.968318939208984,18.700244903564453,18.732738494873047,11.586792945861816,1062845
"2002-12-04",18.562145233154297,18.87083625793457,18.53777313232422,18.732738494873047,11.586792945861816,692930
"2002-12-05",18.76523208618164,18.76523208618164,18.3671817779541,18.407798767089844,11.385805130004883,987754
"2002-12-06",18.123477935791016,18.675872802734375,17.98537826538086,18.55402183532715,11.476251602172852,1546259
"2002-12-09",18.359058380126953,18.489032745361328,18.15597152709961,18.19658851623535,11.25516414642334,990093
"2002-12-10",18.318439483642578,18.48090934753418,18.139724731445312,18.47278594970703,11.426002502441406,556904
"2002-12-11",18.48090934753418,18.635255813598633,18.399675369262695,18.489032745361328,11.43604850769043,565029
"2002-12-12",18.562145233154297,18.635255813598633,18.3671817779541,18.407798767089844,11.385805130004883,1037733
"2002-12-13",18.19658851623535,18.42404556274414,18.13159942626953,18.19658851623535,11.25516414642334,948486
"2002-12-16",18.277822494506836,18.748985290527344,18.277822494506836,18.71649169921875,11.576744079589844,1764392
"2002-12-17",18.619009017944336,18.830219268798828,18.60276222229004,18.627132415771484,11.52147102355957,1374288
"2002-12-18",18.399675369262695,18.505279541015625,18.229082107543945,18.277822494506836,11.305416107177734,1388076
"2002-12-19",18.237205505371094,18.5458984375,18.03411865234375,18.115352630615234,11.204920768737793,1296489
"2002-12-20",18.334686279296875,18.48090934753418,18.237205505371094,18.399675369262695,11.449061393737793,1749620
"2002-12-23",18.342811584472656,18.521526336669922,18.25345230102539,18.359058380126953,11.423789024353027,765559
"2002-12-24",18.359058380126953,18.359058380126953,18.164094924926758,18.19658851623535,11.32269287109375,879796
"2002-12-26",18.359058380126953,18.505279541015625,18.107229232788086,18.139724731445312,11.287310600280762,735030
"2002-12-27",18.115352630615234,18.164094924926758,17.757919311523438,17.80666160583496,11.080061912536621,520836
"2002-12-30",17.831031799316406,18.058488845825195,17.749797821044922,17.93663787841797,11.160940170288086,2008007
"2002-12-31",17.993501663208008,17.993501663208008,17.676685333251953,17.87164878845215,11.120504379272461,460025
"2003-01-02",17.91226577758789,18.529651641845703,17.91226577758789,18.521526336669922,11.52488899230957,882750
"2003-01-03",18.440292358398438,18.60276222229004,18.42404556274414,18.505279541015625,11.51477336883545,683451
"2003-01-06",18.60276222229004,19.171405792236328,18.578392028808594,19.130788803100586,11.903992652893066,1277163
"2003-01-07",19.090171813964844,19.1551570892334,18.862712860107422,18.919578552246094,11.772575378417969,740200
"2003-01-08",18.724613189697266,18.952070236206055,18.683996200561523,18.724613189697266,11.651251792907715,489569
"2003-01-09",18.683996200561523,19.1389102935791,18.683996200561523,19.09829330444336,11.883774757385254,829202
"2003-01-10",18.846466064453125,19.236392974853516,18.846466064453125,19.090171813964844,11.878715515136719,728137
"2003-01-13",19.252639770507812,19.4963436126709,19.025182723999023,19.147035598754883,11.914098739624023,2054170
"2003-01-14",19.04955291748047,19.293258666992188,19.000812530517578,19.293258666992188,12.005084991455078,1443348
"2003-01-15",19.33387565612793,19.33387565612793,18.94394874572754,19.008935928344727,11.828169822692871,4898518
"2003-01-16",19.008935928344727,19.122665405273438,18.781478881835938,18.82209587097168,11.7119140625,803597
"2003-01-17",18.70836639404297,18.911453247070312,18.65150260925293,18.76523208618164,11.67652702331543,530930
"2003-01-21",18.76523208618164,18.895206451416016,18.456539154052734,18.456539154052734,11.48444652557373,2112519
"2003-01-22",18.318439483642578,18.440292358398438,18.15597152709961,18.164094924926758,11.30247688293457,2385555
"2003-01-23",18.277822494506836,18.456539154052734,18.123477935791016,18.440292358398438,11.474335670471191,1340313
"2003-01-24",18.245328903198242,18.245328903198242,17.668561935424805,17.733549118041992,11.034567832946777,3860293
"2003-01-27",17.506092071533203,17.822908401489258,17.384239196777344,17.46547508239746,10.867766380310059,2973234
"2003-01-28",17.546709060668945,17.733549118041992,17.53046226501465,17.717302322387695,11.024457931518555,4353185
"2003-01-29",17.42485809326172,17.822908401489258,17.3436222076416,17.749797821044922,11.044681549072266,851729
"2003-01-30",17.790414810180664,17.790414810180664,17.30300521850586,17.30300521850586,10.766667366027832,1813140
"2003-01-31",17.384239196777344,17.668561935424805,17.238018035888672,17.64419174194336,10.978965759277344,1938333
"2003-02-03",17.587326049804688,17.81478500366211,17.587326049804688,17.6848087310791,11.004241943359375,658339
"2003-02-04",17.24614143371582,17.30300521850586,17.091794967651367,17.262388229370117,10.7413969039917,2820713
"2003-02-05",17.408611297607422,17.546709060668945,17.099918365478516,17.099918365478516,10.640296936035156,2097009
"2003-02-06",17.059301376342773,17.099918365478516,16.84809112548828,16.896831512451172,10.513932228088379,1260175
"2003-02-07",16.929325103759766,17.108041763305664,16.693744659423828,16.783103942871094,10.44316291809082,1148154
"2003-02-10",16.823720932006836,16.91307830810547,16.620634078979492,16.896831512451172,10.513932228088379,931375
"2003-02-11",16.896831512451172,17.07554817199707,16.596263885498047,16.661251068115234,10.367341041564941,3490747
"2003-02-12",16.75873374938965,16.823720932006836,16.450040817260742,16.450040817260742,10.235912322998047,1496773
"2003-02-13",16.450040817260742,16.653127670288086,16.328187942504883,16.5718936920166,10.311742782592773,1472645
"2003-02-14",16.555646896362305,16.961820602416992,16.490657806396484,16.945573806762695,10.544260025024414,2091100
"2003-02-18",17.173030853271484,17.327375411987305,17.116165161132812,17.213647842407227,10.71107006072998,940607
"2003-02-19",17.213647842407227,17.213647842407227,17.01868438720703,17.173030853271484,10.685794830322266,1223737
"2003-02-20",17.25426483154297,17.25426483154297,16.961820602416992,17.010560989379883,10.584697723388672,692191
"2003-02-21",16.937448501586914,17.311128616333008,16.823720932006836,17.262388229370117,10.7413969039917,1303260
"2003-02-24",17.140535354614258,17.140535354614258,16.79935073852539,16.80747413635254,10.458330154418945,992309
"2003-02-25",16.5881404876709,16.986190795898438,16.51502799987793,16.969942092895508,10.55942153930664,970767
"2003-02-26",16.937448501586914,16.937448501586914,16.693744659423828,16.774980545043945,10.438106536865234,534254
"2003-02-27",16.774980545043945,17.108041763305664,16.774980545043945,17.01868438720703,10.589754104614258,1912728
"2003-02-28",17.099918365478516,17.262388229370117,16.97806739807129,17.099918365478516,10.640296936035156,3912487
"2003-03-03",17.30300521850586,17.30300521850586,16.872461318969727,16.91307830810547,10.524036407470703,990340
"2003-03-04",16.896831512451172,16.969942092895508,16.669374465942383,16.669374465942383,10.372394561767578,252109
"2003-03-05",16.612510681152344,16.91307830810547,16.612510681152344,16.90495491027832,10.518983840942383,566260
"2003-03-06",16.839967727661133,16.896831512451172,16.661251068115234,16.669374465942383,10.372394561767578,918080
"2003-03-07",16.50690460205078,16.85621452331543,16.425670623779297,16.815597534179688,10.463380813598633,689606
"2003-03-10",16.709991455078125,16.709991455078125,16.17384147644043,16.206335067749023,10.084275245666504,2397373
"2003-03-11",16.18196678161621,16.360681533813477,15.905768394470215,15.938261985778809,9.91746711730957,3654347
"2003-03-12",15.913890838623047,15.970754623413086,15.556458473205566,15.962632179260254,9.932629585266113,5844542
"2003-03-13",16.409423828125,16.645004272460938,16.149471282958984,16.645004272460938,10.357231140136719,3621356
"2003-03-14",16.73436164855957,16.888708114624023,16.555646896362305,16.718114852905273,10.402726173400879,1992866
"2003-03-17",16.531274795532227,17.311128616333008,16.531274795532227,17.229894638061523,10.721177101135254,2146864
"2003-03-18",17.41673469543457,17.41673469543457,17.156782150268555,17.327375411987305,10.781834602355957,1622458
"2003-03-19",17.30300521850586,17.587326049804688,17.29488182067871,17.579204559326172,10.938529968261719,2116705
"2003-03-20",17.47359848022461,17.717302322387695,17.173030853271484,17.603574752807617,10.953696250915527,1225337
"2003-03-21",17.790414810180664,18.017871856689453,17.522340774536133,17.969131469726562,11.231437683105469,1205026
"2003-03-24",17.46547508239746,17.587326049804688,17.30300521850586,17.3436222076416,10.84046745300293,940853
"2003-03-25",17.408611297607422,17.59545135498047,17.270511627197266,17.47359848022461,10.921709060668945,1822619
"2003-03-26",17.384239196777344,17.497968673706055,17.270511627197266,17.392364501953125,10.87093734741211,1738541
"2003-03-27",17.181154251098633,17.432981491088867,17.116165161132812,17.286758422851562,10.804924011230469,287562
"2003-03-28",17.140535354614258,17.327375411987305,17.140535354614258,17.270511627197266,10.794768333435059,902569
"2003-03-31",16.896831512451172,17.140535354614258,16.864337921142578,16.864337921142578,10.54089641571045,820215
"2003-04-01",16.97806739807129,17.3436222076416,16.90495491027832,17.311128616333008,10.820155143737793,624609
"2003-04-02",17.668561935424805,17.904142379760742,17.619821548461914,17.76604461669922,11.104497909545898,1872351
"2003-04-03",17.952884674072266,17.952884674072266,17.619821548461914,17.6848087310791,11.05372142791748,1878875
"2003-04-04",17.80666160583496,17.91226577758789,17.733549118041992,17.863525390625,11.165431022644043,1319878
"2003-04-07",18.440292358398438,18.456539154052734,17.847278594970703,17.928512573242188,11.206046104431152,7264747
"2003-04-08",17.993501663208008,18.017871856689453,17.80666160583496,17.928512573242188,11.206046104431152,676558
"2003-04-09",17.952884674072266,18.164094924926758,17.627944946289062,17.676685333251953,11.048649787902832,1120456
"2003-04-10",17.749797821044922,17.822908401489258,17.63606834411621,17.822908401489258,11.140040397644043,781193
"2003-04-11",18.009748458862305,18.13159942626953,17.749797821044922,17.81478500366211,11.134963035583496,1569279
"2003-04-14",17.839155197143555,18.269699096679688,17.839155197143555,18.172218322753906,11.358377456665039,1383521
"2003-04-15",18.277822494506836,18.529651641845703,18.147846221923828,18.48090934753418,11.55131721496582,944546
"2003-04-16",18.740861892700195,18.740861892700195,18.19658851623535,18.229082107543945,11.393917083740234,2807296
"2003-04-17",18.342811584472656,18.55402183532715,18.2047119140625,18.55402183532715,11.59701919555664,1000803
"2003-04-21",18.521526336669922,18.610885620117188,18.415922164916992,18.489032745361328,11.556389808654785,604298
"2003-04-22",18.415922164916992,19.065799713134766,18.342811584472656,19.057676315307617,11.911821365356445,2187364
"2003-04-23",19.1389102935791,19.252639770507812,18.94394874572754,19.195775985717773,11.99813461303711,5352019
"2003-04-24",19.171405792236328,19.171405792236328,18.692119598388672,18.797725677490234,11.749341011047363,2339762
"2003-04-25",18.846466064453125,18.846466064453125,18.5458984375,18.59463882446289,11.622404098510742,1955320
"2003-04-28",18.635255813598633,19.008935928344727,18.627132415771484,18.919578552246094,11.825504302978516,543487
"2003-04-29",19.04955291748047,19.114540100097656,18.748985290527344,18.94394874572754,11.840736389160156,3207001
"2003-04-30",18.830219268798828,19.073923110961914,18.805849075317383,18.98456573486328,11.866122245788574,1805262
"2003-05-01",18.976442337036133,19.04955291748047,18.65150260925293,18.976442337036133,11.861044883728027,1844284
"2003-05-02",18.846466064453125,19.471973419189453,18.846466064453125,19.27701187133789,12.048916816711426,13992654
"2003-05-05",19.43947982788086,19.43947982788086,19.1389102935791,19.195775985717773,11.99813461303711,1478923
"2003-05-06",19.252639770507812,19.4800968170166,19.179529190063477,19.341997146606445,12.089531898498535,2682103
"2003-05-07",19.293258666992188,19.415109634399414,19.130788803100586,19.22014617919922,12.01336669921875,1212043
"2003-05-08",18.846466064453125,19.21202278137207,18.846466064453125,19.000812530517578,11.876274108886719,9815379
"2003-05-09",19.082046508789062,19.1551570892334,18.862712860107422,19.122665405273438,11.952445030212402,2299139
"2003-05-12",19.025182723999023,19.415109634399414,18.99268913269043,19.341997146606445,12.089531898498535,729983
"2003-05-13",19.32575035095215,19.447603225708008,19.236392974853516,19.285133361816406,12.053993225097656,2092331
"2003-05-14",19.447603225708008,19.447603225708008,19.187652587890625,19.27701187133789,12.048916816711426,1343513
"2003-05-15",19.39073944091797,19.4800968170166,19.26888656616211,19.471973419189453,12.170774459838867,2835609
"2003-05-16",19.398862838745117,19.61007308959961,19.30950355529785,19.520715713500977,12.201242446899414,3372448
"2003-05-19",19.4963436126709,19.4963436126709,18.976442337036133,18.99268913269043,11.87120246887207,3054480
"2003-05-20",19.130788803100586,19.130788803100586,18.81397247314453,19.008935928344727,11.881356239318848,4160534
"2003-05-21",18.895206451416016,19.122665405273438,18.854589462280273,19.04955291748047,11.906742095947266,3389066
"2003-05-22",19.090171813964844,19.21202278137207,19.000812530517578,19.10641860961914,11.942289352416992,5012878
"2003-05-23",19.171405792236328,19.203899383544922,19.025182723999023,19.179529190063477,11.98798656463623,1982895
"2003-05-27",18.968318939208984,19.577579498291016,18.968318939208984,19.528837203979492,12.206317901611328,3223620
"2003-05-28",19.699430465698242,19.88627052307129,19.618196487426758,19.764419555664062,12.353564262390137,13509117
"2003-05-29",19.788789749145508,19.861900329589844,19.520715713500977,19.55320930480957,12.221546173095703,1374042
"2003-05-30",19.675060272216797,19.983753204345703,19.618196487426758,19.95125961303711,12.470348358154297,2552848
"2003-06-02",20.146223068237305,20.430543899536133,20.064987182617188,20.129976272583008,12.582052230834961,7480418
"2003-06-03",20.064987182617188,20.28432273864746,20.04874038696289,20.243703842163086,12.653129577636719,2105749
"2003-06-04",20.251827239990234,20.593013763427734,20.194963455200195,20.536148071289062,12.835917472839355,2220355
"2003-06-05",20.38992691040039,20.73923683166504,20.38992691040039,20.66612434387207,12.917162895202637,3676012
"2003-06-06",20.909828186035156,21.088546752929688,20.593013763427734,20.649877548217773,12.907011032104492,5206884
"2003-06-09",20.308692932128906,20.471162796020508,20.146223068237305,20.21933364868164,12.637901306152344,4170259
"2003-06-10",20.268075942993164,20.406173706054688,20.186840057373047,20.38992691040039,12.744529724121094,4221838
"2003-06-11",20.39805030822754,20.73923683166504,20.373680114746094,20.698619842529297,12.937479019165039,2837455
"2003-06-12",20.877334594726562,20.89358139038086,20.479284286499023,20.658002853393555,12.912095069885254,3424642
"2003-06-13",20.69049644470215,20.77985382080078,20.479284286499023,20.584890365600586,12.866387367248535,1011390
"2003-06-16",20.67424964904785,21.12104034423828,20.67424964904785,21.088546752929688,13.181198120117188,1191485
"2003-06-17",21.324127197265625,21.324127197265625,20.999187469482422,21.080421447753906,13.176119804382324,2484897
"2003-06-18",21.031681060791016,21.031681060791016,20.755483627319336,20.877334594726562,13.049180030822754,4554823
"2003-06-19",20.812347412109375,20.89358139038086,20.373680114746094,20.381803512573242,12.739455223083496,4695157
"2003-06-20",20.38992691040039,20.5199031829834,20.292444229125977,20.34930992126465,12.778217315673828,4349492
"2003-06-23",20.308692932128906,20.308692932128906,19.94313621520996,20.032493591308594,12.579279899597168,2499053
"2003-06-24",19.983753204345703,20.203086853027344,19.926889419555664,20.146223068237305,12.65069580078125,2102179
"2003-06-25",20.073110580444336,20.357433319091797,20.00812339782715,20.016246795654297,12.56908130645752,3576794
"2003-06-26",20.040616989135742,20.21933364868164,19.902517318725586,20.186840057373047,12.676194190979004,2812343
"2003-06-27",20.268075942993164,20.268075942993164,19.959383010864258,20.016246795654297,12.56908130645752,605406
"2003-06-30",20.024370193481445,20.129976272583008,19.902517318725586,19.94313621520996,12.523164749145508,1038472
"2003-07-01",19.78066635131836,20.211210250854492,19.731924057006836,20.1787166595459,12.671102523803711,2531059
"2003-07-02",20.308692932128906,20.430543899536133,20.22745704650879,20.430543899536133,12.829232215881348,853575
"2003-07-03",20.406173706054688,20.479284286499023,20.268075942993164,20.33306312561035,12.768021583557129,678158
"2003-07-07",20.593013763427734,20.796100616455078,20.422420501708984,20.682371139526367,12.987367630004883,735030
"2003-07-08",20.633630752563477,20.909828186035156,20.60926055908203,20.820470809936523,13.074077606201172,1429807
"2003-07-09",20.714866638183594,20.95857048034668,20.67424964904785,20.78797721862793,13.053682327270508,851237
"2003-07-10",20.78797721862793,20.78797721862793,20.373680114746094,20.487409591674805,12.864941596984863,629903
"2003-07-11",20.593013763427734,20.77985382080078,20.536148071289062,20.771730422973633,13.043484687805176,2405866
"2003-07-14",21.161657333374023,21.34849739074707,20.34930992126465,21.161657333374023,13.288329124450684,2325482
"2003-07-15",21.202274322509766,21.29163360595703,20.982940673828125,21.047929763793945,13.216911315917969,3559437
"2003-07-16",21.137287139892578,21.202274322509766,20.804224014282227,20.942323684692383,13.150607109069824,1719338
"2003-07-17",20.714866638183594,20.877334594726562,20.528026580810547,20.593013763427734,12.931253433227539,3673427
"2003-07-18",20.66612434387207,20.89358139038086,20.61738395690918,20.8448429107666,13.089386940002441,1803046
"2003-07-21",20.828594207763672,20.8448429107666,20.552396774291992,20.601137161254883,12.936360359191895,462241
"2003-07-22",20.83671760559082,20.8610897064209,20.5036563873291,20.804224014282227,13.063881874084473,2533521
"2003-07-23",20.852964401245117,20.877334594726562,20.601137161254883,20.73923683166504,13.023072242736816,875241
"2003-07-24",20.820470809936523,20.991064071655273,20.649877548217773,20.649877548217773,12.966959953308105,988862
"2003-07-25",20.755483627319336,21.137287139892578,20.67424964904785,21.137287139892578,13.273022651672363,899738
"2003-07-28",21.242891311645508,21.242891311645508,20.95857048034668,21.05605125427246,13.222012519836426,2601965
"2003-07-29",21.01543426513672,21.05605125427246,20.755483627319336,20.828594207763672,13.07918643951416,5167738
"2003-07-30",20.95857048034668,20.95857048034668,20.763607025146484,20.83671760559082,13.08428955078125,3980808
"2003-07-31",21.080421447753906,21.145410537719727,20.796100616455078,20.812347412109375,13.068986892700195,1882691
"2003-08-01",20.8610897064209,20.8610897064209,20.38992691040039,20.406173706054688,12.813924789428711,7986482
"2003-08-04",20.34930992126465,20.487409591674805,20.0,20.430543899536133,12.829232215881348,8349134
"2003-08-05",20.593013763427734,20.593013763427734,20.097482681274414,20.097482681274414,12.620088577270508,3523122
"2003-08-06",20.211210250854492,20.544273376464844,20.11372947692871,20.373680114746094,12.793529510498047,5904368
"2003-08-07",20.357433319091797,20.5036563873291,20.1787166595459,20.471162796020508,12.854743957519531,1837144
"2003-08-08",20.593013763427734,20.633630752563477,20.49553108215332,20.56864356994629,12.915953636169434,2422239
"2003-08-11",20.633630752563477,20.69049644470215,20.414297103881836,20.528026580810547,12.890440940856934,967689
"2003-08-12",20.67424964904785,20.78797721862793,20.601137161254883,20.771730422973633,13.043484687805176,2063156
"2003-08-13",20.89358139038086,20.89358139038086,20.552396774291992,20.61738395690918,12.94655704498291,2877832
"2003-08-14",20.60926055908203,20.8610897064209,20.536148071289062,20.812347412109375,13.068986892700195,2603442
"2003-08-15",20.796100616455078,20.828594207763672,20.698619842529297,20.796100616455078,13.058778762817383,350466
"2003-08-18",20.755483627319336,20.89358139038086,20.73923683166504,20.820470809936523,13.074077606201172,886197
"2003-08-19",20.8448429107666,20.89358139038086,20.658002853393555,20.796100616455078,13.058778762817383,3427104
"2003-08-20",20.67424964904785,20.852964401245117,20.67424964904785,20.747360229492188,13.028176307678223,2123967
"2003-08-21",20.917953491210938,20.974817276000977,20.658002853393555,20.747360229492188,13.028176307678223,2815666
"2003-08-22",20.796100616455078,20.869211196899414,20.34930992126465,20.34930992126465,12.778217315673828,8035229
"2003-08-25",20.308692932128906,20.43866729736328,20.22745704650879,20.422420501708984,12.824134826660156,5579138
"2003-08-26",20.357433319091797,20.544273376464844,20.194963455200195,20.463037490844727,12.849631309509277,4568980
"2003-08-27",20.430543899536133,20.430543899536133,20.324939727783203,20.381803512573242,12.798624992370605,1329972
"2003-08-28",20.34930992126465,20.51177978515625,20.235580444335938,20.471162796020508,12.854743957519531,2550755
"2003-08-29",20.430543899536133,20.60926055908203,20.381803512573242,20.56864356994629,12.915953636169434,1859056
"2003-09-02",20.625507354736328,20.95044708251953,20.56864356994629,20.934200286865234,13.145503044128418,4215806
"2003-09-03",20.991064071655273,21.039804458618164,20.83671760559082,20.974817276000977,13.171005249023438,5717749
"2003-09-04",20.999187469482422,20.999187469482422,20.812347412109375,20.885459899902344,13.114890098571777,4942711
"2003-09-05",20.796100616455078,20.999187469482422,20.73923683166504,20.78797721862793,13.053682327270508,5862884
"2003-09-08",20.90170669555664,21.05605125427246,20.714866638183594,20.991064071655273,13.181209564208984,4395409
"2003-09-09",20.934200286865234,20.934200286865234,20.77985382080078,20.885459899902344,13.114890098571777,3319268
"2003-09-10",20.747360229492188,20.89358139038086,20.51177978515625,20.544273376464844,12.900649070739746,4416705
"2003-09-11",20.552396774291992,20.771730422973633,20.552396774291992,20.633630752563477,12.956756591796875,3574332
"2003-09-12",20.593013763427734,20.73111343383789,20.51177978515625,20.66612434387207,12.977160453796387,7542091
"2003-09-15",20.67424964904785,20.706741333007812,20.528026580810547,20.66612434387207,12.977160453796387,2608981
"2003-09-16",20.625507354736328,20.95857048034668,20.625507354736328,20.909828186035156,13.130197525024414,6236862
"2003-09-17",20.95857048034668,21.023557662963867,20.877334594726562,20.942323684692383,13.150607109069824,3344750
"2003-09-18",20.999187469482422,21.478473663330078,20.966693878173828,21.44597816467285,13.466873168945312,13455692
"2003-09-19",21.242891311645508,21.324127197265625,21.145410537719727,21.299755096435547,13.445840835571289,4959945
"2003-09-22",21.039804458618164,21.080421447753906,20.89358139038086,20.991064071655273,13.250977516174316,4510384
"2003-09-23",21.031681060791016,21.17790412902832,20.95857048034668,21.137287139892578,13.343284606933594,5882703
"2003-09-24",21.242891311645508,21.242891311645508,20.755483627319336,20.771730422973633,13.112523078918457,5223872
"2003-09-25",20.83671760559082,20.917953491210938,20.373680114746094,20.67424964904785,13.05097770690918,3598336
"2003-09-26",20.61738395690918,20.73111343383789,20.552396774291992,20.56052017211914,12.979186058044434,1632675
"2003-09-29",20.69049644470215,20.804224014282227,20.584890365600586,20.77985382080078,13.117650032043457,763097
"2003-09-30",20.77985382080078,20.796100616455078,20.487409591674805,20.641754150390625,13.030463218688965,2792031
"2003-10-01",20.714866638183594,21.194150924682617,20.714866638183594,21.161657333374023,13.358667373657227,2844102
"2003-10-02",21.12104034423828,21.267261505126953,21.096668243408203,21.202274322509766,13.384302139282227,2233773
"2003-10-03",21.44597816467285,21.6165714263916,21.28350830078125,21.364744186401367,13.486869812011719,1855979
"2003-10-06",21.389114379882812,21.52721405029297,21.316003799438477,21.46222686767578,13.54841136932373,1690902
"2003-10-07",21.324127197265625,21.600324630737305,21.275386810302734,21.592201232910156,13.630450248718262,836834
"2003-10-08",21.600324630737305,21.665313720703125,21.486595153808594,21.559707641601562,13.609942436218262,1104576
"2003-10-09",21.80341148376465,21.827781677246094,21.584077835083008,21.6165714263916,13.645841598510742,2746853
"2003-10-10",21.608448028564453,21.705930709838867,21.592201232910156,21.6165714263916,13.645841598510742,2756209
"2003-10-13",21.811534881591797,21.9740047454834,21.74654769897461,21.9577579498291,13.861212730407715,1916790
"2003-10-14",21.9740047454834,22.103981018066406,21.876522064208984,22.08773422241211,13.943268775939941,3365677
"2003-10-15",22.274574279785156,22.282697677612305,21.90901756286621,22.030868530273438,13.907369613647461,2196966
"2003-10-16",22.030868530273438,22.14459800720215,21.941511154174805,22.055240631103516,13.92275619506836,7777089
"2003-10-17",22.02274513244629,22.055240631103516,21.73842430114746,21.860275268554688,13.799673080444336,3809330
"2003-10-20",21.860275268554688,21.933387756347656,21.714054107666016,21.86840057373047,13.804813385009766,1654218
"2003-10-21",21.9740047454834,21.9740047454834,21.762794494628906,21.860275268554688,13.799673080444336,3411347
"2003-10-22",21.56783103942871,21.714054107666016,21.44597816467285,21.551584243774414,13.604811668395996,10436664
"2003-10-23",21.40536117553711,21.819658279418945,21.40536117553711,21.69780731201172,13.697118759155273,2904791
"2003-10-24",21.56783103942871,21.68968391418457,21.4541015625,21.67343521118164,13.681732177734375,1061614
"2003-10-27",21.68968391418457,21.96588134765625,21.57595443725586,21.67343521118164,13.681732177734375,5143364
"2003-10-28",21.892770767211914,21.949634552001953,21.665313720703125,21.949634552001953,13.856094360351562,2153511
"2003-10-29",21.811534881591797,22.047115325927734,21.811534881591797,21.982128143310547,13.876593589782715,2228479
"2003-10-30",22.055240631103516,22.217708587646484,21.933387756347656,22.01462173461914,13.897114753723145,2496468
"2003-10-31",22.136474609375,22.14459800720215,22.03899383544922,22.071487426757812,13.93301010131836,1426729
"2003-11-03",22.136474609375,22.372055053710938,22.095857620239258,22.30706787109375,14.081721305847168,2652313
"2003-11-04",22.250202178955078,22.2989444732666,22.160844802856445,22.19333839416504,14.009932518005371,1506744
"2003-11-05",22.168968200683594,22.201461791992188,21.949634552001953,22.14459800720215,13.979166030883789,2736759
"2003-11-06",22.177091598510742,22.250202178955078,21.9740047454834,22.250202178955078,14.045825958251953,2703645
"2003-11-07",22.25832748413086,22.323314666748047,22.01462173461914,22.01462173461914,13.897114753723145,3147298
"2003-11-10",22.07961082458496,22.07961082458496,21.933387756347656,22.03899383544922,13.912495613098145,3741255
"2003-11-11",21.892770767211914,22.047115325927734,21.892770767211914,21.96588134765625,13.866344451904297,1074048
"2003-11-12",22.055240631103516,22.14459800720215,21.990251541137695,22.136474609375,13.974035263061523,1362963
"2003-11-13",22.136474609375,22.136474609375,21.990251541137695,22.06336212158203,13.927879333496094,1314462
"2003-11-14",22.095857620239258,22.103981018066406,21.730300903320312,21.779041290283203,13.748395919799805,2110919
"2003-11-17",21.559707641601562,21.74654769897461,21.543460845947266,21.722177505493164,13.712507247924805,5482751
"2003-11-18",21.7952880859375,21.819658279418945,21.470348358154297,21.470348358154297,13.553534507751465,3695093
"2003-11-19",21.52721405029297,21.640941619873047,21.372867584228516,21.6328182220459,13.65609359741211,932113
"2003-11-20",21.543460845947266,21.705930709838867,21.413484573364258,21.44597816467285,13.538156509399414,2341731
"2003-11-21",21.52721405029297,21.600324630737305,21.46222686767578,21.56783103942871,13.615062713623047,1743219
"2003-11-24",21.770917892456055,21.811534881591797,21.68968391418457,21.770917892456055,13.743273735046387,1652494
"2003-11-25",21.770917892456055,21.933387756347656,21.730300903320312,21.892770767211914,13.820192337036133,3932676
"2003-11-26",22.055240631103516,22.055240631103516,21.827781677246094,22.02274513244629,13.902236938476562,1163664
"2003-11-28",22.06336212158203,22.095857620239258,21.96588134765625,21.990251541137695,13.88172721862793,1084757
"2003-12-01",22.112104415893555,22.25832748413086,22.07961082458496,22.242080688476562,14.040701866149902,1460828
"2003-12-02",22.177091598510742,22.2989444732666,22.12835121154785,22.177091598510742,13.999673843383789,4227870
"2003-12-03",22.331438064575195,22.331438064575195,22.12835121154785,22.136474609375,13.974035263061523,1876413
"2003-12-04",22.168968200683594,22.250202178955078,22.103981018066406,22.19333839416504,14.009932518005371,857268
"2003-12-05",22.160844802856445,22.160844802856445,21.982128143310547,22.01462173461914,13.897114753723145,1217951
"2003-12-08",21.949634552001953,22.250202178955078,21.949634552001953,22.217708587646484,14.025313377380371,1122549
"2003-12-09",22.201461791992188,22.250202178955078,21.982128143310547,22.02274513244629,13.902236938476562,4360448
"2003-12-10",22.136474609375,22.136474609375,21.827781677246094,21.900894165039062,13.825321197509766,1097313
"2003-12-11",22.01462173461914,22.217708587646484,21.941511154174805,22.152721405029297,13.98429012298584,3170317
"2003-12-12",22.177091598510742,22.282697677612305,22.12835121154785,22.217708587646484,14.025313377380371,4799300
"2003-12-15",22.664499282836914,22.664499282836914,22.103981018066406,22.160844802856445,13.989419937133789,3039585
"2003-12-16",22.095857620239258,22.35580825805664,22.095857620239258,22.35580825805664,14.112492561340332,3179673
"2003-12-17",22.339561462402344,22.339561462402344,22.152721405029297,22.274574279785156,14.061212539672852,1643385
"2003-12-18",22.2989444732666,22.493907928466797,22.225833892822266,22.46953773498535,14.184287071228027,3725498
"2003-12-19",22.380178451538086,22.445167541503906,22.30706787109375,22.40454864501953,14.227616310119629,1824465
"2003-12-22",22.25832748413086,22.542648315429688,22.25832748413086,22.52640151977539,14.304996490478516,1723031
"2003-12-23",22.542648315429688,22.63200569152832,22.502031326293945,22.558895111083984,14.325637817382812,1845146
"2003-12-24",22.623882293701172,22.623882293701172,22.502031326293945,22.558895111083984,14.325637817382812,977660
"2003-12-26",22.599512100219727,22.607635498046875,22.550771713256836,22.550771713256836,14.32046890258789,115099
"2003-12-29",22.542648315429688,22.859464645385742,22.542648315429688,22.859464645385742,14.516504287719727,2195119
"2003-12-30",22.908205032348633,22.908205032348633,22.770105361938477,22.908205032348633,14.547456741333008,4976194
"2003-12-31",22.908205032348633,22.989439010620117,22.81072235107422,22.85133934020996,14.511343955993652,2224417
"2004-01-02",22.891958236694336,23.09504508972168,22.729488372802734,22.818845748901367,14.49070930480957,2712016
"2004-01-05",22.908205032348633,23.038179397583008,22.843217849731445,23.005685806274414,14.609360694885254,2381123
"2004-01-06",22.97319221496582,23.038179397583008,22.74573516845703,22.997562408447266,14.604204177856445,1532595
"2004-01-07",23.030057907104492,23.038179397583008,22.883834838867188,23.013809204101562,14.614511489868164,3991764
"2004-01-08",23.09504508972168,23.19252586364746,22.97319221496582,23.09504508972168,14.666108131408691,1365918
"2004-01-09",22.891958236694336,23.225019454956055,22.786352157592773,23.013809204101562,14.614511489868164,7660144
"2004-01-12",23.111291885375977,23.111291885375977,22.997562408447266,23.111291885375977,14.676421165466309,1009420
"2004-01-13",22.989439010620117,23.15190887451172,22.826969146728516,22.997562408447266,14.604204177856445,2653051
"2004-01-14",23.19252586364746,23.208772659301758,23.013809204101562,23.176279067993164,14.717690467834473,2687150
"2004-01-15",23.558082580566406,23.558082580566406,23.233144760131836,23.37124252319336,14.841501235961914,10516187
"2004-01-16",23.639318466186523,23.639318466186523,23.395612716674805,23.444353103637695,14.887928009033203,1943380
"2004-01-20",23.793664932250977,23.801786422729492,23.354995727539062,23.4118595123291,14.867294311523438,4649118
"2004-01-21",23.460601806640625,23.801786422729492,23.37124252319336,23.76116943359375,15.08911418914795,4060207
"2004-01-22",23.801786422729492,23.9317626953125,23.76116943359375,23.76116943359375,15.08911418914795,2896051
"2004-01-23",23.92363929748535,23.92363929748535,23.58245277404785,23.647441864013672,15.016889572143555,5280128
"2004-01-26",23.66368865966797,23.99675178527832,23.59869956970215,23.972379684448242,15.223230361938477,2827607
"2004-01-27",23.866775512695312,23.98862648010254,23.76116943359375,23.809911727905273,15.120070457458496,1514746
"2004-01-28",23.801786422729492,23.972379684448242,23.31437873840332,23.387489318847656,14.851814270019531,4766555
"2004-01-29",23.43623161315918,23.59869956970215,23.290008544921875,23.58245277404785,14.975637435913086,9104968
"2004-01-30",23.549959182739258,23.71242904663086,23.452478408813477,23.59869956970215,14.985939979553223,6237969
"2004-02-02",23.614946365356445,23.915515899658203,23.60682487487793,23.736799240112305,15.07364559173584,1322833
"2004-02-03",23.679935455322266,23.793664932250977,23.647441864013672,23.76116943359375,15.08911418914795,2215431
"2004-02-04",23.590576171875,23.728675842285156,23.549959182739258,23.566205978393555,14.965307235717773,2571682
"2004-02-05",23.679935455322266,23.679935455322266,23.476848602294922,23.558082580566406,14.960150718688965,5514265
"2004-02-06",23.60682487487793,23.964256286621094,23.590576171875,23.956132888793945,15.212924003601074,4890024
"2004-02-09",23.88302230834961,23.98050308227539,23.858652114868164,23.858652114868164,15.151029586791992,1441870
"2004-02-10",23.82615852355957,23.972379684448242,23.809911727905273,23.9317626953125,15.197454452514648,5063103
"2004-02-11",23.964256286621094,24.346059799194336,23.842405319213867,24.297319412231445,15.429588317871094,8243638
"2004-02-12",24.370431900024414,24.370431900024414,24.183591842651367,24.256702423095703,15.403791427612305,2115966
"2004-02-13",24.370431900024414,24.394800186157227,24.167343139648438,24.20796012878418,15.37283992767334,4069317
"2004-02-17",24.370431900024414,24.50040626525879,24.305442810058594,24.386676788330078,15.486335754394531,3369863
"2004-02-18",24.43541717529297,24.44354248046875,24.232330322265625,24.256702423095703,15.403791427612305,2637541
"2004-02-19",24.4516658782959,24.4516658782959,24.20796012878418,24.248577117919922,15.398637771606445,2057617
"2004-02-20",24.248577117919922,24.305442810058594,24.061737060546875,24.183591842651367,15.35737133026123,2356134
"2004-02-23",24.370431900024414,24.370431900024414,24.118602752685547,24.183591842651367,15.35737133026123,1797999
"2004-02-24",24.167343139648438,24.199838638305664,23.92363929748535,24.086109161376953,15.2954740524292,3772153
"2004-02-25",23.972379684448242,24.20796012878418,23.972379684448242,24.191713333129883,15.362527847290039,3568423
"2004-02-26",24.167343139648438,24.22420883178711,24.045490264892578,24.216083526611328,15.37800407409668,779469
"2004-02-27",24.289196014404297,24.362306594848633,24.175466537475586,24.27294921875,15.414112091064453,933344
"2004-03-01",24.297319412231445,24.508529663085938,24.297319412231445,24.44354248046875,15.522449493408203,1465506
"2004-03-02",24.4516658782959,24.49228286743164,24.32168960571289,24.32168960571289,15.445070266723633,2629047
"2004-03-03",24.32168960571289,24.532899856567383,24.289196014404297,24.467912673950195,15.537923812866211,1877398
"2004-03-04",24.50040626525879,24.573516845703125,24.467912673950195,24.532899856567383,15.579192161560059,1431530
"2004-03-05",24.476036071777344,24.865962982177734,24.476036071777344,24.744110107421875,15.7133150100708,3446185
"2004-03-08",24.817222595214844,24.817222595214844,24.589763641357422,24.6141357421875,15.63077449798584,1069616
"2004-03-09",24.638505935668945,24.638505935668945,24.32981300354004,24.4516658782959,15.527603149414062,3392759
"2004-03-10",24.4516658782959,24.4516658782959,24.029245376586914,24.061737060546875,15.279984474182129,7620629
"2004-03-11",23.92363929748535,24.142972946166992,23.647441864013672,23.671812057495117,15.032377243041992,5814629
"2004-03-12",23.679935455322266,24.037368774414062,23.679935455322266,24.021120071411133,15.254189491271973,3145451
"2004-03-15",23.964256286621094,23.964256286621094,23.590576171875,23.671812057495117,15.032377243041992,5031220
"2004-03-16",23.964256286621094,23.972379684448242,23.70430564880371,23.891145706176758,15.17165470123291,4394301
"2004-03-17",24.118602752685547,24.232330322265625,23.98862648010254,24.167343139648438,15.347052574157715,3327147
"2004-03-18",24.167343139648438,24.240455627441406,23.972379684448242,24.175466537475586,15.352213859558105,3013734
"2004-03-19",24.045490264892578,24.175466537475586,23.76116943359375,23.801786422729492,15.183276176452637,5646597
"2004-03-22",23.476848602294922,23.614946365356445,23.354995727539062,23.49309539794922,14.986363410949707,5933543
"2004-03-23",23.720552444458008,23.720552444458008,23.476848602294922,23.48497200012207,14.981175422668457,7117027
"2004-03-24",23.395612716674805,23.509342193603516,23.225019454956055,23.306255340576172,14.867173194885254,7128475
"2004-03-25",23.558082580566406,23.623071670532227,23.346872329711914,23.549959182739258,15.0226411819458,5957178
"2004-03-26",23.517465591430664,23.671812057495117,23.452478408813477,23.53371238708496,15.0122709274292,1677730
"2004-03-29",23.720552444458008,23.907392501831055,23.65556526184082,23.83428192138672,15.204004287719727,3786433
"2004-03-30",23.88302230834961,23.99675178527832,23.82615852355957,23.99675178527832,15.307641983032227,2434056
"2004-03-31",24.004873275756836,24.004873275756836,23.809911727905273,23.88302230834961,15.235095024108887,2710293
"2004-04-01",24.086109161376953,24.199838638305664,23.93988609313965,24.134849548339844,15.395743370056152,3297480
"2004-04-02",24.573516845703125,24.573516845703125,23.92363929748535,24.045490264892578,15.33873462677002,13601073
"2004-04-05",23.98862648010254,24.15109634399414,23.964256286621094,24.1104793548584,15.380192756652832,3416517
"2004-04-06",24.077985763549805,24.15921974182129,24.037368774414062,24.0942325592041,15.36982536315918,1717122
"2004-04-07",24.167343139648438,24.167343139648438,23.956132888793945,24.029245376586914,15.328370094299316,2321543
"2004-04-08",24.32981300354004,24.32981300354004,23.915515899658203,23.98862648010254,15.302462577819824,2650466
"2004-04-12",24.077985763549805,24.20796012878418,23.98862648010254,24.134849548339844,15.395743370056152,3341303
"2004-04-13",24.167343139648438,24.199838638305664,23.558082580566406,23.623071670532227,15.069273948669434,6383720
"2004-04-14",23.233144760131836,23.623071670532227,23.160032272338867,23.338748931884766,14.88790225982666,13816252
"2004-04-15",23.354995727539062,24.021120071411133,22.989439010620117,23.20064926147461,14.799816131591797,13422209
"2004-04-16",23.24126625061035,23.54183578491211,23.24126625061035,23.452478408813477,14.960448265075684,9027908
"2004-04-19",23.549959182739258,23.549959182739258,23.273761749267578,23.4118595123291,14.934544563293457,4930401
"2004-04-20",23.517465591430664,23.517465591430664,22.965068817138672,22.98131561279297,14.659894943237305,8380648
"2004-04-21",22.948822021484375,23.062551498413086,22.87571144104004,22.97319221496582,14.654716491699219,8799804
"2004-04-22",22.908205032348633,23.444353103637695,22.908205032348633,23.37124252319336,14.908634185791016,7986728
"2004-04-23",23.4118595123291,23.4118595123291,23.127538681030273,23.249391555786133,14.830893516540527,4552607
"2004-04-26",23.273761749267578,23.37124252319336,23.127538681030273,23.20064926147461,14.799816131591797,1432022
"2004-04-27",23.233144760131836,23.48497200012207,23.233144760131836,23.25751495361328,14.836079597473145,2971142
"2004-04-28",23.20064926147461,23.20064926147461,22.867586135864258,22.92445182800293,14.623619079589844,8115860
"2004-04-29",22.87571144104004,23.20064926147461,22.75385856628418,22.85133934020996,14.576987266540527,14606554
"2004-04-30",22.989439010620117,23.02193260192871,22.75385856628418,22.843217849731445,14.571800231933594,5468594
"2004-05-03",22.867586135864258,23.005685806274414,22.794475555419922,22.997562408447266,14.67026424407959,5359651
"2004-05-04",23.15190887451172,23.281885147094727,22.91632843017578,23.070674896240234,14.716897964477539,8101334
"2004-05-05",23.15190887451172,23.249391555786133,23.030057907104492,23.04630470275879,14.701355934143066,5486321
"2004-05-06",22.948822021484375,22.97319221496582,22.68074607849121,22.794475555419922,14.5407133102417,5726735
"2004-05-07",22.558895111083984,22.818845748901367,22.30706787109375,22.30706787109375,14.229788780212402,11324092
"2004-05-10",22.055240631103516,22.168968200683594,21.78716468811035,22.120227813720703,14.110595703125,13951292
"2004-05-11",22.217708587646484,22.323314666748047,22.12835121154785,22.23395538330078,14.183146476745605,4216298
"2004-05-12",22.160844802856445,22.493907928466797,21.9577579498291,22.48578453063965,14.343791961669922,9999044
"2004-05-13",22.323314666748047,22.786352157592773,22.160844802856445,22.52640151977539,14.369704246520996,10664645
"2004-05-14",22.502031326293945,22.6563777923584,22.380178451538086,22.542648315429688,14.380070686340332,6485647
"2004-05-17",22.23395538330078,22.40454864501953,22.095857620239258,22.250202178955078,14.193514823913574,6915512
"2004-05-18",22.502031326293945,22.502031326293945,22.30706787109375,22.42892074584961,14.307525634765625,3620863
"2004-05-19",22.786352157592773,22.835092544555664,22.380178451538086,22.445167541503906,14.317883491516113,8265426
"2004-05-20",22.420795440673828,22.58326530456543,22.420795440673828,22.52640151977539,14.369704246520996,2846441
"2004-05-21",22.74573516845703,22.802600860595703,22.558895111083984,22.664499282836914,14.457793235778809,3536786
"2004-05-24",22.74573516845703,22.802600860595703,22.599512100219727,22.69699478149414,14.478519439697266,1587744
"2004-05-25",22.63200569152832,23.054426193237305,22.502031326293945,23.02193260192871,14.68580150604248,3633543
"2004-05-26",22.989439010620117,23.208772659301758,22.965068817138672,23.160032272338867,14.773893356323242,5393873
"2004-05-27",23.354995727539062,23.354995727539062,23.070674896240234,23.216896057128906,14.81017017364502,6701441
"2004-05-28",23.233144760131836,23.273761749267578,23.14378547668457,23.233144760131836,14.820528984069824,4512477
"2004-06-01",23.111291885375977,23.208772659301758,22.97319221496582,23.14378547668457,14.763538360595703,3648807
"2004-06-02",23.273761749267578,23.31437873840332,23.08692169189453,23.25751495361328,14.836079597473145,2101440
"2004-06-03",23.184402465820312,23.233144760131836,23.070674896240234,23.070674896240234,14.716897964477539,2813574
"2004-06-04",23.43623161315918,23.43623161315918,23.208772659301758,23.26563835144043,14.841267585754395,4605910
"2004-06-07",23.476848602294922,23.631193161010742,23.403736114501953,23.59869956970215,15.053728103637695,6020575
"2004-06-08",23.58245277404785,23.59869956970215,23.460601806640625,23.566205978393555,15.032992362976074,2272795
"2004-06-09",23.48497200012207,23.58245277404785,23.32250213623047,23.32250213623047,14.877534866333008,4848909
"2004-06-10",23.43623161315918,23.444353103637695,23.354995727539062,23.43623161315918,14.950084686279297,1010405
"2004-06-14",23.249391555786133,23.43623161315918,23.09504508972168,23.111291885375977,14.74280071258545,1945719
"2004-06-15",23.31437873840332,23.395612716674805,23.15190887451172,23.20064926147461,14.799816131591797,4864297
"2004-06-16",23.273761749267578,23.298131942749023,23.168155670166016,23.24126625061035,14.825721740722656,2513702
"2004-06-17",23.15190887451172,23.281885147094727,23.09504508972168,23.25751495361328,14.836079597473145,3297849
"2004-06-18",23.15190887451172,23.354995727539062,23.09504508972168,23.168155670166016,14.854839324951172,2829084
"2004-06-21",23.31437873840332,23.31437873840332,23.062551498413086,23.09504508972168,14.807957649230957,4023154
"2004-06-22",23.09504508972168,23.208772659301758,22.997562408447266,23.208772659301758,14.880878448486328,2394418
"2004-06-23",23.15190887451172,23.298131942749023,23.054426193237305,23.26563835144043,14.917338371276855,4756338
"2004-06-24",23.233144760131836,23.4118595123291,23.233144760131836,23.31437873840332,14.948587417602539,2836224
"2004-06-25",23.273761749267578,23.43623161315918,23.216896057128906,23.233144760131836,14.896492958068848,2157820
"2004-06-28",23.468725204467773,23.468725204467773,23.168155670166016,23.216896057128906,14.886083602905273,3467727
"2004-06-29",23.111291885375977,23.216896057128906,23.062551498413086,23.119415283203125,14.823594093322754,3497763
"2004-06-30",23.127538681030273,23.31437873840332,23.054426193237305,23.216896057128906,14.886083602905273,8074129
"2004-07-01",23.15190887451172,23.281885147094727,22.932575225830078,23.054426193237305,14.781907081604004,5238767
"2004-07-02",23.111291885375977,23.216896057128906,23.013809204101562,23.119415283203125,14.823594093322754,5676264
"2004-07-06",22.908205032348633,23.054426193237305,22.87571144104004,22.956945419311523,14.7194185256958,1824834
"2004-07-07",22.826969146728516,23.030057907104492,22.826969146728516,22.908205032348633,14.68815803527832,1870258
"2004-07-08",22.786352157592773,22.932575225830078,22.737611770629883,22.737611770629883,14.578777313232422,1283194
"2004-07-09",22.908205032348633,22.908205032348633,22.672624588012695,22.737611770629883,14.578777313232422,2438242
"2004-07-12",22.664499282836914,22.91632843017578,22.648252487182617,22.843217849731445,14.646489143371582,3093995
"2004-07-13",22.900081634521484,22.900081634521484,22.778228759765625,22.867586135864258,14.662120819091797,3818070
"2004-07-14",22.74573516845703,22.932575225830078,22.672624588012695,22.761981964111328,14.59441089630127,1995205
"2004-07-15",22.75385856628418,22.826969146728516,22.52640151977539,22.550771713256836,14.458979606628418,6291026
"2004-07-16",22.778228759765625,22.826969146728516,22.510154724121094,22.558895111083984,14.464190483093262,4974471
"2004-07-19",22.502031326293945,22.68074607849121,22.502031326293945,22.591388702392578,14.485027313232422,2046291
"2004-07-20",22.58326530456543,22.729488372802734,22.40454864501953,22.70511817932129,14.557945251464844,5204791
"2004-07-21",22.908205032348633,22.908205032348633,22.46141242980957,22.477659225463867,14.412104606628418,4900242
"2004-07-22",22.380178451538086,22.57514190673828,22.18521499633789,22.502031326293945,14.427725791931152,4180845
"2004-07-23",22.46141242980957,22.502031326293945,22.323314666748047,22.388301849365234,14.354816436767578,4901842
"2004-07-26",22.502031326293945,22.502031326293945,22.29081916809082,22.396425247192383,14.360020637512207,1773009
"2004-07-27",22.502031326293945,22.6563777923584,22.420795440673828,22.58326530456543,14.479814529418945,3324439
"2004-07-28",22.58326530456543,22.70511817932129,22.388301849365234,22.6563777923584,14.526690483093262,1931316
"2004-07-29",22.74573516845703,22.818845748901367,22.6563777923584,22.75385856628418,14.58919620513916,1825081
"2004-07-30",22.70511817932129,22.737611770629883,22.63200569152832,22.721364974975586,14.568364143371582,2404882
"2004-08-02",22.721364974975586,22.883834838867188,22.567018508911133,22.859464645385742,14.656913757324219,4006782
"2004-08-03",22.81072235107422,22.843217849731445,22.688871383666992,22.721364974975586,14.568364143371582,4295698
"2004-08-04",22.648252487182617,22.85133934020996,22.558895111083984,22.778228759765625,14.604829788208008,1936486
"2004-08-05",22.70511817932129,22.778228759765625,22.36393165588379,22.40454864501953,14.365228652954102,2914393
"2004-08-06",22.266450881958008,22.42892074584961,22.14459800720215,22.209585189819336,14.240224838256836,3781386
"2004-08-09",22.136474609375,22.282697677612305,22.136474609375,22.18521499633789,14.224599838256836,3709003
"2004-08-10",22.339561462402344,22.502031326293945,22.25832748413086,22.493907928466797,14.422521591186523,4293359
"2004-08-11",22.339561462402344,22.567018508911133,22.339561462402344,22.558895111083984,14.464190483093262,3563991
"2004-08-12",22.380178451538086,22.53452491760254,22.323314666748047,22.323314666748047,14.313139915466309,2020194
"2004-08-13",22.502031326293945,22.502031326293945,22.242080688476562,22.347684860229492,14.328773498535156,3357306
"2004-08-16",22.2989444732666,22.70511817932129,22.2989444732666,22.688871383666992,14.547529220581055,4307761
"2004-08-17",22.802600860595703,22.908205032348633,22.778228759765625,22.818845748901367,14.630865097045898,6881782
"2004-08-18",22.786352157592773,23.09504508972168,22.74573516845703,23.09504508972168,14.807957649230957,5658415
"2004-08-19",23.030057907104492,23.09504508972168,22.91632843017578,22.997562408447266,14.745458602905273,2035335
"2004-08-20",23.030057907104492,23.249391555786133,23.005685806274414,23.233144760131836,14.896492958068848,3160962
"2004-08-23",23.273761749267578,23.281885147094727,23.119415283203125,23.15190887451172,14.844417572021484,2005668
"2004-08-24",23.19252586364746,23.281885147094727,23.119415283203125,23.19252586364746,14.87045669555664,2055155
"2004-08-25",23.19252586364746,23.4281063079834,23.15190887451172,23.395612716674805,15.000676155090332,5790624
"2004-08-26",23.387489318847656,23.476848602294922,23.32250213623047,23.452478408813477,15.037130355834961,1099529
"2004-08-27",23.517465591430664,23.517465591430664,23.387489318847656,23.476848602294922,15.052762985229492,1822865
"2004-08-30",23.476848602294922,24.54914665222168,23.338748931884766,23.338748931884766,14.964211463928223,1135844
"2004-08-31",23.354995727539062,23.501218795776367,23.281885147094727,23.460601806640625,15.042342185974121,2365120
"2004-09-01",23.476848602294922,23.53371238708496,23.281885147094727,23.37124252319336,14.985051155090332,2914762
"2004-09-02",23.395612716674805,23.66368865966797,23.31437873840332,23.631193161010742,15.151726722717285,3807483
"2004-09-03",23.48497200012207,23.7692928314209,23.48497200012207,23.623071670532227,15.146513938903809,1966153
"2004-09-07",23.83428192138672,23.964256286621094,23.785539627075195,23.907392501831055,15.328821182250977,2387525
"2004-09-08",23.891145706176758,23.907392501831055,23.696182250976562,23.728675842285156,15.214231491088867,5874086
"2004-09-09",23.728675842285156,23.777416229248047,23.590576171875,23.70430564880371,15.198594093322754,2029673
"2004-09-10",23.76116943359375,23.850528717041016,23.639318466186523,23.81803321838379,15.271515846252441,1418604
"2004-09-13",23.92363929748535,23.92363929748535,23.720552444458008,23.7530460357666,15.229850769042969,3666903
"2004-09-14",23.76116943359375,23.83428192138672,23.728675842285156,23.785539627075195,15.250685691833496,1549460
"2004-09-15",23.801786422729492,23.801786422729492,23.66368865966797,23.696182250976562,15.193390846252441,688375
"2004-09-16",23.696182250976562,23.866775512695312,23.696182250976562,23.81803321838379,15.271515846252441,2137632
"2004-09-17",23.793664932250977,23.809911727905273,23.696182250976562,23.744922637939453,15.307123184204102,1670467
"2004-09-20",23.53371238708496,23.623071670532227,23.444353103637695,23.501218795776367,15.150032043457031,2917962
"2004-09-21",23.501218795776367,23.71242904663086,23.48497200012207,23.696182250976562,15.275714874267578,3182504
"2004-09-22",23.558082580566406,23.558082580566406,23.225019454956055,23.26563835144043,14.99815845489502,3718974
"2004-09-23",23.273761749267578,23.298131942749023,23.02193260192871,23.030057907104492,14.846293449401855,7266101
"2004-09-24",23.030057907104492,23.19252586364746,22.956945419311523,23.119415283203125,14.903897285461426,4492288
"2004-09-27",23.119415283203125,23.15190887451172,22.965068817138672,23.005685806274414,14.830584526062012,5585539
"2004-09-28",23.070674896240234,23.135662078857422,22.932575225830078,23.09504508972168,14.888187408447266,4892610
"2004-09-29",23.233144760131836,23.233144760131836,22.98131561279297,23.176279067993164,14.9405517578125,2366967
"2004-09-30",23.233144760131836,23.233144760131836,23.030057907104492,23.119415283203125,14.903897285461426,1899556
"2004-10-01",23.160032272338867,23.517465591430664,23.15190887451172,23.509342193603516,15.155263900756836,4089382
"2004-10-04",23.679935455322266,23.7692928314209,23.501218795776367,23.54183578491211,15.176212310791016,3421441
"2004-10-05",23.476848602294922,23.517465591430664,23.36311912536621,23.4118595123291,15.092415809631348,1900418
"2004-10-06",23.387489318847656,23.590576171875,23.346872329711914,23.58245277404785,15.202404975891113,2878324
"2004-10-07",23.558082580566406,23.59869956970215,23.501218795776367,23.517465591430664,15.160499572753906,2554817
"2004-10-08",23.517465591430664,23.59869956970215,23.36311912536621,23.43623161315918,15.108125686645508,1988065
"2004-10-11",23.43623161315918,23.558082580566406,23.395612716674805,23.501218795776367,15.150032043457031,2353549
"2004-10-12",23.273761749267578,23.558082580566406,23.216896057128906,23.48497200012207,15.13955307006836,5070612
"2004-10-13",23.574329376220703,23.639318466186523,23.25751495361328,23.330625534057617,15.040050506591797,1306091
"2004-10-14",23.273761749267578,23.330625534057617,22.672624588012695,22.761981964111328,14.673480033874512,9264629
"2004-10-15",22.721364974975586,22.932575225830078,22.550771713256836,22.794475555419922,14.694428443908691,11955718
"2004-10-18",22.664499282836914,22.948822021484375,22.664499282836914,22.891958236694336,14.757267951965332,2062541
"2004-10-19",22.867586135864258,22.948822021484375,22.493907928466797,22.510154724121094,14.511137962341309,12337821
"2004-10-20",22.339561462402344,22.412673950195312,22.095857620239258,22.396425247192383,14.437820434570312,11745587
"2004-10-21",22.25832748413086,22.52640151977539,21.933387756347656,22.380178451538086,14.427346229553223,11411616
"2004-10-22",22.380178451538086,22.493907928466797,22.23395538330078,22.25832748413086,14.348800659179688,3744210
"2004-10-25",22.2989444732666,22.2989444732666,22.112104415893555,22.250202178955078,14.343560218811035,2012808
"2004-10-26",22.502031326293945,22.802600860595703,22.217708587646484,22.74573516845703,14.663005828857422,4685063
"2004-10-27",22.70511817932129,23.08692169189453,22.615760803222656,23.08692169189453,14.882946968078613,5124530
"2004-10-28",22.908205032348633,23.32250213623047,22.908205032348633,23.208772659301758,14.96150016784668,4268985
"2004-10-29",23.15190887451172,23.306255340576172,23.135662078857422,23.24126625061035,14.982447624206543,2393680
"2004-11-01",23.31437873840332,23.387489318847656,23.273761749267578,23.31437873840332,15.029573440551758,2198812
"2004-11-02",23.395612716674805,23.59869956970215,23.31437873840332,23.4118595123291,15.092415809631348,9541850
"2004-11-03",24.10235595703125,24.10235595703125,23.49309539794922,23.549959182739258,15.181446075439453,5676018
"2004-11-04",23.59869956970215,23.956132888793945,23.509342193603516,23.948009490966797,15.438047409057617,5615945
"2004-11-05",23.83428192138672,24.167343139648438,23.7692928314209,23.899269104003906,15.406633377075195,6225536
"2004-11-08",23.866775512695312,23.948009490966797,23.82615852355957,23.866775512695312,15.385677337646484,5472411
"2004-11-09",23.88302230834961,24.004873275756836,23.82615852355957,23.842405319213867,15.36996841430664,1863242
"2004-11-10",23.92363929748535,24.012998580932617,23.82615852355957,23.907392501831055,15.41186809539795,1787043
"2004-11-11",23.964256286621094,24.15921974182129,23.956132888793945,24.134849548339844,15.558494567871094,2934458
"2004-11-12",24.20796012878418,24.28107261657715,24.012998580932617,24.232330322265625,15.621329307556152,3727837
"2004-11-15",24.28107261657715,24.354183197021484,24.20796012878418,24.305442810058594,15.66845989227295,3444215
"2004-11-16",24.32168960571289,24.32168960571289,24.077985763549805,24.10235595703125,15.537542343139648,4068209
"2004-11-17",24.167343139648438,24.370431900024414,24.1104793548584,24.15921974182129,15.574202537536621,5505648
"2004-11-18",24.20796012878418,24.232330322265625,24.077985763549805,24.10235595703125,15.537542343139648,2839178
"2004-11-19",24.22420883178711,24.22420883178711,23.736799240112305,23.793664932250977,15.338550567626953,11335540
"2004-11-22",23.679935455322266,23.98050308227539,23.679935455322266,23.9317626953125,15.427569389343262,1874074
"2004-11-23",23.88302230834961,24.05361557006836,23.858652114868164,23.98862648010254,15.464232444763184,1855117
"2004-11-24",24.15921974182129,24.15921974182129,24.05361557006836,24.086109161376953,15.527081489562988,2208537
"2004-11-26",24.134849548339844,24.167343139648438,24.086109161376953,24.10235595703125,15.537542343139648,697238
"2004-11-29",24.086109161376953,24.15921974182129,23.850528717041016,23.98862648010254,15.464232444763184,6650847
"2004-11-30",23.98862648010254,24.004873275756836,23.850528717041016,23.964256286621094,15.448521614074707,6280316
"2004-12-01",24.086109161376953,24.43541717529297,24.069862365722656,24.43541717529297,15.7522554397583,6023160
"2004-12-02",24.370431900024414,24.516653060913086,24.337936401367188,24.394800186157227,15.726067543029785,5328014
"2004-12-03",24.4516658782959,24.459789276123047,24.256702423095703,24.386676788330078,15.720841407775879,5131424
"2004-12-06",24.20796012878418,24.427295684814453,24.20796012878418,24.370431900024414,15.710363388061523,1969846
"2004-12-07",24.49228286743164,24.49228286743164,24.15109634399414,24.167343139648438,15.57943344116211,3782863
"2004-12-08",24.20796012878418,24.289196014404297,24.167343139648438,24.232330322265625,15.621329307556152,4392331
"2004-12-09",24.10235595703125,24.630382537841797,24.0942325592041,24.362306594848633,15.70512866973877,1574326
"2004-12-10",24.167343139648438,24.476036071777344,24.167343139648438,24.402923583984375,15.731308937072754,2434795
"2004-12-13",24.4516658782959,24.71973991394043,24.411048889160156,24.565393447875977,15.836044311523438,3188044
"2004-12-14",24.565393447875977,24.679122924804688,24.49228286743164,24.646629333496094,15.88840389251709,1869643
"2004-12-15",24.6141357421875,24.784727096557617,24.6141357421875,24.77660369873047,15.97220230102539,2497576
"2004-12-16",24.695369720458984,24.703493118286133,24.524776458740234,24.60601043701172,15.862231254577637,4048020
"2004-12-17",24.411048889160156,24.476036071777344,24.32981300354004,24.37855339050293,15.813227653503418,3846013
"2004-12-20",24.37855339050293,24.54914665222168,24.32981300354004,24.337936401367188,15.786879539489746,3572362
"2004-12-21",24.086109161376953,24.654752731323242,24.086109161376953,24.654752731323242,15.992380142211914,2867984
"2004-12-22",24.695369720458984,24.849716186523438,24.597888946533203,24.792850494384766,16.08196258544922,2557279
"2004-12-23",24.857839584350586,24.914703369140625,24.809097290039062,24.84159278869629,16.11358070373535,1587251
"2004-12-27",24.898456573486328,24.898456573486328,24.67099952697754,24.71161651611328,16.029264450073242,969659
"2004-12-28",24.752233505249023,24.857839584350586,24.71161651611328,24.82534408569336,16.1030330657959,879426
"2004-12-29",24.82534408569336,24.857839584350586,24.727863311767578,24.76848030090332,16.06614875793457,2946399
"2004-12-30",24.77660369873047,24.89033317565918,24.77660369873047,24.800975799560547,16.087234497070312,1163787
"2004-12-31",24.857839584350586,24.94719696044922,24.77660369873047,24.800975799560547,16.087234497070312,701424
"2005-01-03",24.979690551757812,25.012184143066406,24.679122924804688,24.71161651611328,16.029264450073242,5011647
"2005-01-04",24.817222595214844,24.857839584350586,24.427295684814453,24.476036071777344,15.876461029052734,7426746
"2005-01-05",24.4516658782959,24.638505935668945,24.427295684814453,24.43541717529297,15.850109100341797,2943321
"2005-01-06",24.50040626525879,24.630382537841797,24.476036071777344,24.557270050048828,15.929147720336914,3211925
"2005-01-07",24.654752731323242,24.654752731323242,24.427295684814453,24.427295684814453,15.844846725463867,1519670
"2005-01-10",24.370431900024414,24.565393447875977,24.32981300354004,24.4516658782959,15.860648155212402,3742117
"2005-01-11",24.370431900024414,24.467912673950195,24.297319412231445,24.346059799194336,15.792152404785156,7431178
"2005-01-12",24.411048889160156,24.411048889160156,24.134849548339844,24.313566207885742,15.771069526672363,4748336
"2005-01-13",24.337936401367188,24.337936401367188,24.045490264892578,24.077985763549805,15.618258476257324,8480851
"2005-01-14",24.086109161376953,24.20796012878418,24.061737060546875,24.15921974182129,15.670950889587402,6409202
"2005-01-18",24.061737060546875,24.557270050048828,24.061737060546875,24.54102325439453,15.918607711791992,7196426
"2005-01-19",24.573516845703125,24.573516845703125,24.289196014404297,24.297319412231445,15.760530471801758,4413504
"2005-01-20",24.045490264892578,24.248577117919922,24.045490264892578,24.118602752685547,15.644599914550781,4996998
"2005-01-21",24.167343139648438,24.20796012878418,23.972379684448242,23.99675178527832,15.565568923950195,5053132
"2005-01-24",24.15109634399414,24.199838638305664,24.004873275756836,24.004873275756836,15.570839881896973,6601238
"2005-01-25",24.118602752685547,24.427295684814453,24.012998580932617,24.021120071411133,15.581371307373047,3229529
"2005-01-26",24.086109161376953,24.15921974182129,24.012998580932617,24.134849548339844,15.655143737792969,2403035
"2005-01-27",24.086109161376953,24.167343139648438,23.93988609313965,24.012998580932617,15.576107025146484,1782365
"2005-01-28",23.964256286621094,24.086109161376953,23.866775512695312,23.98050308227539,15.555024147033691,3086609
"2005-01-31",24.004873275756836,24.28107261657715,24.004873275756836,24.26482582092285,15.73945426940918,4741320
"2005-02-01",24.370431900024414,24.622257232666016,24.289196014404297,24.524776458740234,15.908072471618652,4151671
"2005-02-02",24.573516845703125,24.573516845703125,24.427295684814453,24.524776458740234,15.908072471618652,10027111
"2005-02-03",24.49228286743164,24.49228286743164,24.346059799194336,24.411048889160156,15.834305763244629,6478630
"2005-02-04",24.49228286743164,24.752233505249023,24.476036071777344,24.703493118286133,16.023998260498047,5067412
"2005-02-07",24.84159278869629,24.84159278869629,24.6141357421875,24.727863311767578,16.039804458618164,3950525
"2005-02-08",24.695369720458984,24.744110107421875,24.630382537841797,24.630382537841797,15.976570129394531,4563933
"2005-02-09",24.695369720458984,24.727863311767578,24.54914665222168,24.565393447875977,15.934416770935059,2699214
"2005-02-10",24.735986709594727,24.735986709594727,24.573516845703125,24.638505935668945,15.98183822631836,8895206
"2005-02-11",24.573516845703125,24.874086380004883,24.573516845703125,24.83346939086914,16.108308792114258,2650959
"2005-02-14",24.857839584350586,24.898456573486328,24.727863311767578,24.792850494384766,16.08196258544922,6321185
"2005-02-15",24.83346939086914,24.898456573486328,24.76848030090332,24.849716186523438,16.118846893310547,6984202
"2005-02-16",24.695369720458984,24.784727096557617,24.638505935668945,24.679122924804688,16.008190155029297,3653854
"2005-02-17",24.573516845703125,24.703493118286133,24.459789276123047,24.459789276123047,15.865913391113281,2258023
"2005-02-18",24.532899856567383,24.532899856567383,24.199838638305664,24.199838638305664,15.697308540344238,10973257
"2005-02-22",24.045490264892578,24.175466537475586,23.82615852355957,23.842405319213867,15.465442657470703,8719296
"2005-02-23",23.842405319213867,24.10235595703125,23.842405319213867,24.061737060546875,15.607720375061035,10591524
"2005-02-24",24.045490264892578,24.15109634399414,23.972379684448242,24.0942325592041,15.628800392150879,19070406
"2005-02-25",24.061737060546875,24.370431900024414,24.061737060546875,24.337936401367188,15.786879539489746,13521920
"2005-02-28",24.289196014404297,24.289196014404297,24.05361557006836,24.10235595703125,15.634061813354492,9929738
"2005-03-01",24.248577117919922,24.427295684814453,24.167343139648438,24.337936401367188,15.786879539489746,6158693
"2005-03-02",24.337936401367188,24.459789276123047,24.199838638305664,24.26482582092285,15.73945426940918,7729449
"2005-03-03",24.289196014404297,24.411048889160156,24.10235595703125,24.22420883178711,15.713107109069824,6592990
"2005-03-04",24.37855339050293,24.589763641357422,24.362306594848633,24.532899856567383,15.913348197937012,9135497
"2005-03-07",24.532899856567383,24.687246322631836,24.532899856567383,24.532899856567383,15.913348197937012,3544418
"2005-03-08",24.6141357421875,24.6141357421875,24.411048889160156,24.49228286743164,15.886988639831543,14748857
"2005-03-09",24.573516845703125,24.573516845703125,24.191713333129883,24.191713333129883,15.692031860351562,8946046
"2005-03-10",24.232330322265625,24.394800186157227,24.183591842651367,24.32981300354004,15.781620979309082,11290117
"2005-03-11",24.289196014404297,24.362306594848633,24.021120071411133,24.118602752685547,15.644599914550781,15419629
"2005-03-14",24.045490264892578,24.26482582092285,24.045490264892578,24.248577117919922,15.728904724121094,10302855
"2005-03-15",24.305442810058594,24.370431900024414,24.061737060546875,24.086109161376953,15.623536109924316,11003540
"2005-03-16",24.045490264892578,24.077985763549805,23.809911727905273,23.842405319213867,15.465442657470703,10547824
"2005-03-17",23.842405319213867,23.891145706176758,23.71242904663086,23.777416229248047,15.423298835754395,9455680
"2005-03-18",23.76116943359375,23.76116943359375,23.419984817504883,23.53371238708496,15.346477508544922,14370694
"2005-03-21",23.476848602294922,24.191713333129883,23.281885147094727,23.32250213623047,15.208749771118164,11070629
"2005-03-22",23.43623161315918,23.452478408813477,22.891958236694336,22.891958236694336,14.927989959716797,24746424
"2005-03-23",22.794475555419922,23.078798294067383,22.794475555419922,22.940698623657227,14.959774017333984,15802470
"2005-03-24",22.908205032348633,23.09504508972168,22.826969146728516,22.826969146728516,14.885600090026855,5773267
"2005-03-28",22.91632843017578,23.111291885375977,22.908205032348633,22.989439010620117,14.991554260253906,3886390
"2005-03-29",22.956945419311523,23.19252586364746,22.883834838867188,22.908205032348633,14.938584327697754,6737263
"2005-03-30",22.908205032348633,23.19252586364746,22.883834838867188,23.19252586364746,15.123991966247559,6679406
"2005-03-31",23.233144760131836,23.281885147094727,23.062551498413086,23.062551498413086,15.039234161376953,9881483
"2005-04-01",23.233144760131836,23.36311912536621,22.68074607849121,22.74573516845703,14.832636833190918,14815085
"2005-04-04",22.74573516845703,23.005685806274414,22.510154724121094,22.908205032348633,14.938584327697754,14883898
"2005-04-05",22.956945419311523,23.127538681030273,22.932575225830078,22.97319221496582,14.980957984924316,10589554
"2005-04-06",23.111291885375977,23.233144760131836,23.070674896240234,23.127538681030273,15.08161449432373,8935460
"2005-04-07",23.127538681030273,23.330625534057617,23.078798294067383,23.216896057128906,15.139885902404785,13217616
"2005-04-08",23.225019454956055,23.290008544921875,23.005685806274414,23.005685806274414,15.002157211303711,6165340
"2005-04-11",23.15190887451172,23.184402465820312,22.989439010620117,23.054426193237305,15.033943176269531,7842209
"2005-04-12",23.070674896240234,23.43623161315918,22.91632843017578,23.37124252319336,15.240541458129883,14569254
"2005-04-13",23.37124252319336,23.379365921020508,22.98131561279297,23.030057907104492,15.018054962158203,3904486
"2005-04-14",22.989439010620117,23.030057907104492,22.75385856628418,22.770105361938477,14.848533630371094,5226087
"2005-04-15",22.826969146728516,22.92445182800293,22.46953773498535,22.52640151977539,14.689610481262207,13627662
"2005-04-18",22.623882293701172,22.778228759765625,22.550771713256836,22.713241577148438,14.811445236206055,10240566
"2005-04-19",22.948822021484375,22.948822021484375,22.721364974975586,22.74573516845703,14.832636833190918,8712403
"2005-04-20",22.826969146728516,22.826969146728516,22.42892074584961,22.46141242980957,14.647233963012695,13415930
"2005-04-21",22.58326530456543,22.6563777923584,22.250202178955078,22.591388702392578,14.731985092163086,14294003
"2005-04-22",22.664499282836914,22.70511817932129,22.36393165588379,22.53452491760254,14.694905281066895,15870175
"2005-04-25",22.737611770629883,22.843217849731445,22.623882293701172,22.818845748901367,14.880311965942383,3569038
"2005-04-26",22.786352157592773,22.92445182800293,22.664499282836914,22.688871383666992,14.795559883117676,12282179
"2005-04-27",22.502031326293945,23.054426193237305,22.502031326293945,23.005685806274414,15.002157211303711,7104717
"2005-04-28",22.989439010620117,23.030057907104492,22.75385856628418,22.75385856628418,14.837935447692871,9885792
"2005-04-29",22.87571144104004,23.127538681030273,22.648252487182617,23.103168487548828,15.06572437286377,13999424
"2005-05-02",23.306255340576172,23.31437873840332,22.989439010620117,23.160032272338867,15.102801322937012,9578534
"2005-05-03",23.19252586364746,23.354995727539062,23.070674896240234,23.184402465820312,15.118694305419922,17944656
"2005-05-04",23.19252586364746,23.66368865966797,23.168155670166016,23.631193161010742,15.410056114196777,15000843
"2005-05-05",23.720552444458008,23.720552444458008,23.338748931884766,23.525588989257812,15.341188430786133,13850473
"2005-05-06",23.720552444458008,23.720552444458008,23.346872329711914,23.354995727539062,15.229941368103027,13104241
"2005-05-09",23.460601806640625,23.58245277404785,23.346872329711914,23.558082580566406,15.362374305725098,4848170
"2005-05-10",23.330625534057617,23.43623161315918,23.20064926147461,23.249391555786133,15.161072731018066,14970191
"2005-05-11",23.31437873840332,23.43623161315918,23.135662078857422,23.354995727539062,15.229941368103027,11012034
"2005-05-12",23.476848602294922,23.517465591430664,23.119415283203125,23.135662078857422,15.086912155151367,16620716
"2005-05-13",23.135662078857422,23.20064926147461,22.778228759765625,22.932575225830078,14.954480171203613,12172005
"2005-05-16",22.989439010620117,23.338748931884766,22.948822021484375,23.338748931884766,15.219348907470703,10449713
"2005-05-17",23.290008544921875,23.517465591430664,23.160032272338867,23.48497200012207,15.314696311950684,10526650
"2005-05-18",23.696182250976562,23.81803321838379,23.59869956970215,23.76116943359375,15.494812965393066,23050967
"2005-05-19",23.785539627075195,23.809911727905273,23.639318466186523,23.785539627075195,15.510693550109863,4378421
"2005-05-20",23.720552444458008,23.785539627075195,23.639318466186523,23.76116943359375,15.494812965393066,5941914
"2005-05-23",23.639318466186523,23.858652114868164,23.639318466186523,23.793664932250977,15.516002655029297,5491368
"2005-05-24",23.842405319213867,23.842405319213867,23.59869956970215,23.71242904663086,15.463025093078613,11176865
"2005-05-25",23.76116943359375,23.76116943359375,23.549959182739258,23.631193161010742,15.410056114196777,4678416
"2005-05-26",23.71242904663086,23.866775512695312,23.639318466186523,23.785539627075195,15.510693550109863,7317803
"2005-05-27",23.785539627075195,23.866775512695312,23.777416229248047,23.82615852355957,15.537188529968262,4881777
"2005-05-31",23.87489891052246,23.87489891052246,23.728675842285156,23.785539627075195,15.510693550109863,4031279
"2005-06-01",23.801786422729492,24.134849548339844,23.744922637939453,23.972379684448242,15.632537841796875,18682764
"2005-06-02",23.88302230834961,23.956132888793945,23.83428192138672,23.907392501831055,15.590167999267578,4226639
"2005-06-03",23.9317626953125,23.948009490966797,23.71242904663086,23.785539627075195,15.510693550109863,4204604
"2005-06-06",23.736799240112305,23.858652114868164,23.671812057495117,23.842405319213867,15.547786712646484,3995580
"2005-06-07",23.92363929748535,24.045490264892578,23.801786422729492,23.82615852355957,15.537188529968262,5202452
"2005-06-08",23.809911727905273,23.972379684448242,23.809911727905273,23.842405319213867,15.547786712646484,6171249
"2005-06-09",23.793664932250977,23.98050308227539,23.7692928314209,23.915515899658203,15.595458030700684,4126435
"2005-06-10",23.87489891052246,23.956132888793945,23.744922637939453,23.842405319213867,15.547786712646484,8842765
"2005-06-13",23.801786422729492,23.99675178527832,23.76116943359375,23.842405319213867,15.547786712646484,6442931
"2005-06-14",23.801786422729492,23.972379684448242,23.801786422729492,23.907392501831055,15.590167999267578,3297972
"2005-06-15",24.029245376586914,24.045490264892578,23.850528717041016,23.964256286621094,15.627243995666504,7133276
"2005-06-16",23.88302230834961,24.10235595703125,23.88302230834961,24.086109161376953,15.706706047058105,5908677
"2005-06-17",24.061737060546875,24.086109161376953,23.956132888793945,24.069862365722656,15.789306640625,7549108
"2005-06-20",24.045490264892578,24.0942325592041,23.88302230834961,24.012998580932617,15.752001762390137,2831177
"2005-06-21",24.05361557006836,24.134849548339844,23.948009490966797,24.10235595703125,15.8106050491333,3163178
"2005-06-22",24.191713333129883,24.22420883178711,24.061737060546875,24.069862365722656,15.789306640625,3711465
"2005-06-23",24.077985763549805,24.126726150512695,23.81803321838379,23.850528717041016,15.645421981811523,4814195
"2005-06-24",23.88302230834961,23.899269104003906,23.7692928314209,23.809911727905273,15.618781089782715,4695034
"2005-06-27",23.842405319213867,23.842405319213867,23.720552444458008,23.801786422729492,15.613446235656738,2754978
"2005-06-28",23.858652114868164,24.012998580932617,23.83428192138672,23.98050308227539,15.730687141418457,5373931
"2005-06-29",24.045490264892578,24.142972946166992,24.021120071411133,24.0942325592041,15.805291175842285,3537032
"2005-06-30",24.248577117919922,24.248577117919922,23.915515899658203,23.93988609313965,15.7040376663208,4857526
"2005-07-01",24.0942325592041,24.0942325592041,23.915515899658203,23.964256286621094,15.720025062561035,4179122
"2005-07-05",24.004873275756836,24.183591842651367,23.891145706176758,24.15921974182129,15.847912788391113,3199123
"2005-07-06",24.126726150512695,24.183591842651367,23.98050308227539,23.98050308227539,15.730687141418457,5527929
"2005-07-07",23.88302230834961,24.045490264892578,23.696182250976562,24.029245376586914,15.762655258178711,7762071
"2005-07-08",23.98050308227539,24.289196014404297,23.972379684448242,24.27294921875,15.922520637512207,2798679
"2005-07-11",24.370431900024414,24.49228286743164,24.216083526611328,24.37855339050293,15.991791725158691,3586765
"2005-07-12",24.411048889160156,24.484159469604492,24.297319412231445,24.37855339050293,15.991791725158691,6681376
"2005-07-13",24.386676788330078,24.524776458740234,24.370431900024414,24.484159469604492,16.061071395874023,2753008
"2005-07-14",24.654752731323242,24.695369720458984,24.54102325439453,24.60601043701172,16.14100456237793,3672319
"2005-07-15",24.679122924804688,24.687246322631836,24.50040626525879,24.67099952697754,16.18363380432129,11394136
"2005-07-18",24.581640243530273,24.638505935668945,24.402923583984375,24.411048889160156,16.013111114501953,6636937
"2005-07-19",24.476036071777344,24.524776458740234,24.394800186157227,24.402923583984375,16.007781982421875,4621174
"2005-07-20",24.370431900024414,24.565393447875977,24.313566207885742,24.49228286743164,16.06639289855957,10014308
"2005-07-21",24.4516658782959,24.524776458740234,24.32168960571289,24.362306594848633,15.981132507324219,7327404
"2005-07-22",24.411048889160156,24.508529663085938,24.32168960571289,24.49228286743164,16.06639289855957,5558581
"2005-07-25",24.4516658782959,24.573516845703125,24.386676788330078,24.394800186157227,16.00245475769043,2830438
"2005-07-26",24.394800186157227,24.476036071777344,24.370431900024414,24.427295684814453,16.02376937866211,5911754
"2005-07-27",24.484159469604492,24.484159469604492,24.354183197021484,24.459789276123047,16.045080184936523,5182141
"2005-07-28",24.484159469604492,24.581640243530273,24.43541717529297,24.532899856567383,16.09304428100586,8298540
"2005-07-29",24.49228286743164,24.573516845703125,24.305442810058594,24.313566207885742,15.9491605758667,5599327
"2005-08-01",24.467912673950195,24.467912673950195,24.28107261657715,24.313566207885742,15.9491605758667,5210946
"2005-08-02",24.297319412231445,24.49228286743164,24.297319412231445,24.49228286743164,16.06639289855957,2315019
"2005-08-03",24.49228286743164,24.532899856567383,24.362306594848633,24.524776458740234,16.087718963623047,4249043
"2005-08-04",24.370431900024414,24.44354248046875,24.32168960571289,24.354183197021484,15.975808143615723,6744526
"2005-08-05",24.297319412231445,24.297319412231445,24.05361557006836,24.077985763549805,15.794629096984863,6716582
"2005-08-08",24.077985763549805,24.175466537475586,23.948009490966797,23.98050308227539,15.730687141418457,6635582
"2005-08-09",24.045490264892578,24.175466537475586,24.004873275756836,24.134849548339844,15.831933975219727,7031718
"2005-08-10",24.15921974182129,24.386676788330078,24.037368774414062,24.1104793548584,15.81594467163086,5165522
"2005-08-11",24.183591842651367,24.232330322265625,23.98862648010254,24.199838638305664,15.874566078186035,4689864
"2005-08-12",24.15921974182129,24.20796012878418,24.012998580932617,24.134849548339844,15.831933975219727,3932676
"2005-08-15",24.1104793548584,24.297319412231445,24.029245376586914,24.248577117919922,15.906518936157227,5816721
"2005-08-16",24.248577117919922,24.354183197021484,24.086109161376953,24.086109161376953,15.799966812133789,14594121
"2005-08-17",24.1104793548584,24.232330322265625,24.045490264892578,24.142972946166992,15.83725357055664,11855392
"2005-08-18",24.077985763549805,24.191713333129883,24.012998580932617,24.126726150512695,15.826605796813965,13065219
"2005-08-19",24.134849548339844,24.248577117919922,24.134849548339844,24.167343139648438,15.85323429107666,6882644
"2005-08-22",24.167343139648438,24.337936401367188,24.126726150512695,24.232330322265625,15.895873069763184,6522577
"2005-08-23",24.232330322265625,24.232330322265625,24.045490264892578,24.077985763549805,15.794629096984863,8087916
"2005-08-24",24.004873275756836,24.15921974182129,23.801786422729492,23.801786422729492,15.613446235656738,13036906
"2005-08-25",23.801786422729492,23.964256286621094,23.76116943359375,23.92363929748535,15.693381309509277,8257302
"2005-08-26",23.92363929748535,23.92363929748535,23.671812057495117,23.671812057495117,15.528190612792969,16319983
"2005-08-29",23.671812057495117,23.891145706176758,23.54183578491211,23.858652114868164,15.650761604309082,11118884
"2005-08-30",23.720552444458008,23.801786422729492,23.574329376220703,23.647441864013672,15.512195587158203,20823227
"2005-08-31",23.31437873840332,23.915515899658203,23.31437873840332,23.915515899658203,15.68804931640625,14215465
"2005-09-01",23.99675178527832,24.061737060546875,23.728675842285156,23.972379684448242,15.725350379943848,19850860
"2005-09-02",24.004873275756836,24.086109161376953,23.907392501831055,23.956132888793945,15.714695930480957,7385877
"2005-09-06",24.045490264892578,24.248577117919922,24.029245376586914,24.248577117919922,15.906518936157227,10429032
"2005-09-07",24.27294921875,24.289196014404297,24.118602752685547,24.191713333129883,15.869236946105957,10585738
"2005-09-08",24.086109161376953,24.175466537475586,24.05361557006836,24.05361557006836,15.77863597869873,7680578
"2005-09-09",24.086109161376953,24.305442810058594,24.077985763549805,24.26482582092285,15.91719913482666,8127062
"2005-09-12",24.32981300354004,24.337936401367188,24.248577117919922,24.337936401367188,15.9651517868042,8269119
"2005-09-13",24.289196014404297,24.297319412231445,24.134849548339844,24.134849548339844,15.831933975219727,5414307
"2005-09-14",24.134849548339844,24.26482582092285,24.086109161376953,24.1104793548584,15.81594467163086,8381264
"2005-09-15",24.20796012878418,24.20796012878418,24.029245376586914,24.126726150512695,15.826605796813965,5711101
"2005-09-16",24.134849548339844,24.337936401367188,24.045490264892578,24.32981300354004,16.052793502807617,12791813
"2005-09-19",24.370431900024414,24.370431900024414,24.069862365722656,24.1104793548584,15.908072471618652,6953919
"2005-09-20",24.029245376586914,24.354183197021484,23.972379684448242,23.98050308227539,15.822315216064453,23278456
"2005-09-21",23.98862648010254,23.98862648010254,23.574329376220703,23.58245277404785,15.55968952178955,17675437
"2005-09-22",23.574329376220703,23.76116943359375,23.395612716674805,23.76116943359375,15.677597999572754,15650934
"2005-09-23",23.720552444458008,23.866775512695312,23.623071670532227,23.842405319213867,15.731192588806152,4365865
"2005-09-26",23.88302230834961,24.086109161376953,23.688058853149414,23.71242904663086,15.645441055297852,7957430
"2005-09-27",23.639318466186523,23.891145706176758,23.631193161010742,23.793664932250977,15.699034690856934,7322973
"2005-09-28",23.793664932250977,23.858652114868164,23.59869956970215,23.59869956970215,15.57040023803711,7652019
"2005-09-29",23.639318466186523,24.045490264892578,23.590576171875,24.037368774414062,15.859837532043457,8617862
"2005-09-30",24.086109161376953,24.240455627441406,23.907392501831055,23.98050308227539,15.822315216064453,6617856
"2005-10-03",24.086109161376953,24.386676788330078,23.842405319213867,23.92363929748535,15.784789085388184,4219006
"2005-10-04",24.32981300354004,24.32981300354004,23.623071670532227,23.623071670532227,15.586484909057617,11310428
"2005-10-05",23.720552444458008,23.809911727905273,23.525588989257812,23.525588989257812,15.52216625213623,12952828
"2005-10-06",23.639318466186523,23.785539627075195,23.468725204467773,23.590576171875,15.56503677368164,12219645
"2005-10-07",23.590576171875,23.777416229248047,23.58245277404785,23.671812057495117,15.618635177612305,6118439
"2005-10-10",23.76116943359375,23.76116943359375,23.419984817504883,23.419984817504883,15.452486991882324,5314473
"2005-10-11",23.525588989257812,23.590576171875,23.31437873840332,23.346872329711914,15.40424633026123,10020586
"2005-10-12",23.395612716674805,23.509342193603516,23.135662078857422,23.24126625061035,15.33456802368164,12442948
"2005-10-13",23.273761749267578,23.37124252319336,23.09504508972168,23.354995727539062,15.409603118896484,21803841
"2005-10-14",23.4118595123291,23.623071670532227,23.4118595123291,23.614946365356445,15.581121444702148,11216133
"2005-10-17",23.639318466186523,23.744922637939453,23.48497200012207,23.639318466186523,15.597197532653809,9411611
"2005-10-18",23.614946365356445,23.7530460357666,23.452478408813477,23.452478408813477,15.47392463684082,6495987
"2005-10-19",23.501218795776367,23.98050308227539,23.379365921020508,23.92363929748535,15.784789085388184,19473189
"2005-10-20",24.004873275756836,24.05361557006836,23.614946365356445,23.71242904663086,15.645441055297852,16381902
"2005-10-21",24.086109161376953,24.086109161376953,23.720552444458008,23.850528717041016,15.736557960510254,8709325
"2005-10-24",23.964256286621094,24.32168960571289,23.907392501831055,24.32168960571289,16.047428131103516,9280263
"2005-10-25",24.289196014404297,24.32168960571289,24.045490264892578,24.183591842651367,15.956315040588379,12154279
"2005-10-26",24.20796012878418,24.43541717529297,24.10235595703125,24.346059799194336,16.063512802124023,15936157
"2005-10-27",24.248577117919922,24.402923583984375,24.20796012878418,24.20796012878418,15.972384452819824,17731940
"2005-10-28",24.370431900024414,24.622257232666016,24.26482582092285,24.622257232666016,16.245738983154297,20482363
"2005-10-31",24.630382537841797,24.809097290039062,24.630382537841797,24.71161651611328,16.304698944091797,11654000
"2005-11-01",24.71973991394043,24.71973991394043,24.532899856567383,24.622257232666016,16.245738983154297,10145533
"2005-11-02",24.573516845703125,24.898456573486328,24.565393447875977,24.82534408569336,16.37973976135254,12949258
"2005-11-03",25.06092643737793,25.06092643737793,24.735986709594727,24.84159278869629,16.390466690063477,10983844
"2005-11-04",24.93907356262207,24.93907356262207,24.752233505249023,24.88220977783203,16.417259216308594,8035845
"2005-11-07",25.020309448242188,25.10966682434082,24.930950164794922,25.093420028686523,16.55661392211914,9374188
"2005-11-08",24.89033317565918,25.182777404785156,24.89033317565918,25.020309448242188,16.50838279724121,7569419
"2005-11-09",25.06092643737793,25.199024200439453,24.963443756103516,25.085296630859375,16.551254272460938,10027726
"2005-11-10",25.182777404785156,25.613323211669922,25.101543426513672,25.588951110839844,16.883573532104492,18624907
"2005-11-11",25.613323211669922,25.73517417907715,25.5483341217041,25.67831039428711,16.94252586364746,10650120
"2005-11-14",25.702680587768555,25.72705078125,25.588951110839844,25.694557189941406,16.953245162963867,6888922
"2005-11-15",25.710803985595703,25.913890838623047,25.361494064331055,25.45897674560547,16.797815322875977,16973767
"2005-11-16",25.45085334777832,25.580829620361328,25.255889892578125,25.320877075195312,16.706693649291992,21732197
"2005-11-17",25.39398956298828,25.67018699645996,25.320877075195312,25.62144660949707,16.905017852783203,11009325
"2005-11-18",25.79203987121582,26.482534408569336,25.572704315185547,25.751422882080078,16.990766525268555,9416658
"2005-11-21",25.79203987121582,25.938262939453125,25.710803985595703,25.873273849487305,17.071163177490234,7275456
"2005-11-22",25.913890838623047,26.149471282958984,25.767669677734375,26.100730895996094,17.22123146057129,15687372
"2005-11-23",26.11697769165039,26.441917419433594,26.06011390686035,26.303817749023438,17.3552303314209,11811322
"2005-11-25",26.360681533813477,26.409423828125,26.28757095336914,26.360681533813477,17.392749786376953,2176654
"2005-11-28",26.441917419433594,26.441917419433594,26.190088272094727,26.23883056640625,17.31235122680664,19170609
"2005-11-29",26.320064544677734,26.376928329467773,26.035743713378906,26.222583770751953,17.301624298095703,18621953
"2005-11-30",26.23883056640625,26.23883056640625,25.824533462524414,25.8895206451416,17.08187484741211,25968807
"2005-12-01",26.035743713378906,26.16571807861328,25.995126724243164,26.027620315551758,17.172998428344727,12589068
"2005-12-02",26.092607498168945,26.108854293823242,25.987001419067383,26.084484100341797,17.210521697998047,7858335
"2005-12-05",25.995126724243164,26.051990509033203,25.800161361694336,26.035743713378906,17.17835807800293,15691188
"2005-12-06",26.157594680786133,26.222583770751953,25.938262939453125,25.954509735107422,17.1247615814209,8581793
"2005-12-07",25.930137634277344,26.00324821472168,25.629568099975586,25.743297576904297,16.985403060913086,9688955
"2005-12-08",25.751422882080078,25.89764404296875,25.629568099975586,25.72705078125,16.974674224853516,9374557
"2005-12-09",26.157594680786133,26.157594680786133,25.702680587768555,25.913890838623047,17.097965240478516,9121833
"2005-12-12",25.922014236450195,25.978879928588867,25.710803985595703,25.800161361694336,17.022926330566406,6234400
"2005-12-13",25.79203987121582,26.206335067749023,25.759544372558594,26.133224487304688,17.242679595947266,19211602
"2005-12-14",26.108854293823242,26.279447555541992,26.06011390686035,26.2307071685791,17.30699920654297,11667664
"2005-12-15",26.2469539642334,26.2469539642334,26.051990509033203,26.084484100341797,17.210521697998047,11066936
"2005-12-16",26.07636070251465,26.11697769165039,25.930137634277344,25.978879928588867,17.252599716186523,7611765
"2005-12-19",25.930137634277344,25.995126724243164,25.73517417907715,25.751422882080078,17.101551055908203,7940196
"2005-12-20",25.759544372558594,25.922014236450195,25.751422882080078,25.865150451660156,17.177072525024414,5430680
"2005-12-21",25.9057674407959,26.100730895996094,25.865150451660156,25.938262939453125,17.22562599182129,7313863
"2005-12-22",25.995126724243164,26.11697769165039,25.913890838623047,26.11697769165039,17.344308853149414,6719783
"2005-12-23",26.141347885131836,26.18196678161621,26.07636070251465,26.149471282958984,17.365890502929688,3939692
"2005-12-27",26.28757095336914,26.28757095336914,25.922014236450195,25.94638442993164,17.231016159057617,8312820
"2005-12-28",25.938262939453125,26.043867111206055,25.873273849487305,25.8895206451416,17.193248748779297,5012386
"2005-12-29",25.962631225585938,25.987001419067383,25.824533462524414,25.865150451660156,17.177072525024414,4117326
"2005-12-30",25.72705078125,25.832656860351562,25.653940200805664,25.72705078125,17.08535385131836,6315399
"2006-01-03",25.72705078125,26.206335067749023,25.645816802978516,26.157594680786133,17.371286392211914,17719999
"2006-01-04",26.157594680786133,26.255077362060547,26.035743713378906,26.133224487304688,17.3551025390625,19258380
"2006-01-05",26.149471282958984,26.23883056640625,26.12510108947754,26.222583770751953,17.414430618286133,6362054
"2006-01-06",26.2469539642334,26.40130043029785,26.16571807861328,26.376928329467773,17.51693344116211,9402870
"2006-01-09",26.385053634643555,26.490657806396484,26.34443473815918,26.450040817260742,17.565494537353516,8239329
"2006-01-10",26.51502799987793,26.523151397705078,26.28757095336914,26.474411010742188,17.58167839050293,8345072
"2006-01-11",26.303817749023438,26.62875747680664,26.303817749023438,26.620634078979492,17.678787231445312,9195078
"2006-01-12",26.51502799987793,26.555646896362305,26.39317512512207,26.433794021606445,17.554712295532227,7183747
"2006-01-13",26.75873374938965,26.75873374938965,26.34443473815918,26.41754722595215,17.543920516967773,7528550
"2006-01-17",26.263200759887695,26.263200759887695,26.092607498168945,26.141347885131836,17.360492706298828,7335529
"2006-01-18",25.995126724243164,26.279447555541992,25.970754623413086,26.0682373046875,17.311935424804688,10850896
"2006-01-19",26.17384147644043,26.17384147644043,25.94638442993164,25.987001419067383,17.257993698120117,7725879
"2006-01-20",25.978879928588867,25.978879928588867,25.426483154296875,25.442729949951172,16.896547317504883,26976750
"2006-01-23",25.345247268676758,25.67831039428711,25.312753677368164,25.50771713256836,16.939701080322266,13649574
"2006-01-24",25.588951110839844,25.751422882080078,25.580829620361328,25.62144660949707,17.01523208618164,16959733
"2006-01-25",25.67018699645996,25.743297576904297,25.572704315185547,25.67018699645996,17.047595977783203,8817284
"2006-01-26",25.9057674407959,26.198213577270508,25.832656860351562,26.108854293823242,17.33892250061035,14626496
"2006-01-27",26.07636070251465,26.368806838989258,25.987001419067383,26.133224487304688,17.3551025390625,12404418
"2006-01-30",26.108854293823242,26.133224487304688,26.051990509033203,26.051990509033203,17.301149368286133,7284073
"2006-01-31",26.0682373046875,26.12510108947754,25.922014236450195,25.954509735107422,17.236412048339844,16142719
"2006-02-01",25.913890838623047,26.06011390686035,25.816408157348633,25.938262939453125,17.22562599182129,13474526
"2006-02-02",25.922014236450195,25.954509735107422,25.71892738342285,25.759544372558594,17.106935501098633,17747327
"2006-02-03",25.832656860351562,25.84890365600586,25.491470336914062,25.653940200805664,17.036802291870117,15270063
"2006-02-06",25.629568099975586,25.743297576904297,25.629568099975586,25.72705078125,17.08535385131836,9126634
"2006-02-07",25.686433792114258,25.783916473388672,25.5483341217041,25.55645751953125,16.972064971923828,9067177
"2006-02-08",25.523963928222656,25.751422882080078,25.523963928222656,25.71892738342285,17.07996368408203,11276452
"2006-02-09",25.72705078125,25.970754623413086,25.71892738342285,25.783916473388672,17.123119354248047,7923701
"2006-02-10",25.751422882080078,25.94638442993164,25.629568099975586,25.930137634277344,17.22022819519043,6550151
"2006-02-13",25.873273849487305,25.9057674407959,25.71892738342285,25.832656860351562,17.15549659729004,18027749
"2006-02-14",25.873273849487305,26.2469539642334,25.84890365600586,26.141347885131836,17.360492706298828,18669346
"2006-02-15",26.17384147644043,26.320064544677734,26.07636070251465,26.29569435119629,17.462995529174805,16644351
"2006-02-16",26.28757095336914,26.450040817260742,26.2469539642334,26.450040817260742,17.565494537353516,9676768
"2006-02-17",26.441917419433594,26.498781204223633,26.255077362060547,26.34443473815918,17.495365142822266,9473161
"2006-02-21",26.29569435119629,26.41754722595215,26.2307071685791,26.263200759887695,17.441417694091797,14553744
"2006-02-22",26.555646896362305,26.791227340698242,26.328187942504883,26.75873374938965,17.770492553710938,22394968
"2006-02-23",26.766855239868164,26.839967727661133,26.539398193359375,26.661251068115234,17.70576286315918,9125895
"2006-02-24",26.669374465942383,26.79935073852539,26.596263885498047,26.718114852905273,17.743526458740234,9338858
"2006-02-27",26.726238250732422,26.839967727661133,26.726238250732422,26.766855239868164,17.775897979736328,11734508
"2006-02-28",26.68562126159668,26.709991455078125,26.433794021606445,26.50690460205078,17.603261947631836,15690203
"2006-03-01",26.5881404876709,26.645004272460938,26.51502799987793,26.645004272460938,17.69497299194336,6728277
"2006-03-02",26.531274795532227,26.531274795532227,26.368806838989258,26.482534408569336,17.587080001831055,17965706
"2006-03-03",26.409423828125,26.5718936920166,26.33631134033203,26.41754722595215,17.543920516967773,13546047
"2006-03-06",26.41754722595215,26.490657806396484,26.255077362060547,26.33631134033203,17.489965438842773,17043687
"2006-03-07",26.2469539642334,26.441917419433594,26.2307071685791,26.425670623779297,17.54931640625,26680694
"2006-03-08",26.450040817260742,26.498781204223633,26.271324157714844,26.441917419433594,17.560100555419922,10367236
"2006-03-09",26.441917419433594,26.523151397705078,26.263200759887695,26.279447555541992,17.45220947265625,7940196
"2006-03-10",26.360681533813477,26.56376838684082,26.279447555541992,26.51502799987793,17.6086483001709,9605493
"2006-03-13",26.5881404876709,26.653127670288086,26.450040817260742,26.523151397705078,17.614046096801758,12916268
"2006-03-14",26.539398193359375,26.831844329833984,26.531274795532227,26.831844329833984,17.819053649902344,17439577
"2006-03-15",26.783103942871094,26.91307830810547,26.68562126159668,26.864337921142578,17.840627670288086,23877830
"2006-03-16",26.945573806762695,27.067424774169922,26.929325103759766,26.95369529724121,17.899978637695312,14009888
"2006-03-17",26.831844329833984,26.888708114624023,26.791227340698242,26.888708114624023,17.95257568359375,8742685
"2006-03-20",26.85621452331543,26.945573806762695,26.75873374938965,26.90495491027832,17.96342658996582,9054374
"2006-03-21",26.880584716796875,26.896831512451172,26.604387283325195,26.63688087463379,17.78445053100586,10612574
"2006-03-22",26.596263885498047,26.872461318969727,26.5881404876709,26.84809112548828,17.925464630126953,8927212
"2006-03-23",26.766855239868164,26.783103942871094,26.63688087463379,26.718114852905273,17.838682174682617,10013077
"2006-03-24",26.661251068115234,26.79935073852539,26.5881404876709,26.709991455078125,17.83327293395996,12086450
"2006-03-27",26.693744659423828,26.74248504638672,26.612510681152344,26.693744659423828,17.822410583496094,8242530
"2006-03-28",26.693744659423828,26.774980545043945,26.425670623779297,26.474411010742188,17.675973892211914,13887403
"2006-03-29",26.620634078979492,26.653127670288086,26.41754722595215,26.596263885498047,17.757333755493164,6550767
"2006-03-30",26.498781204223633,26.669374465942383,26.385053634643555,26.433794021606445,17.648862838745117,10008276
"2006-03-31",26.450040817260742,26.56376838684082,26.40130043029785,26.441917419433594,17.654279708862305,9100291
"2006-04-03",26.441917419433594,26.693744659423828,26.41754722595215,26.482534408569336,17.6813907623291,17761607
"2006-04-04",26.482534408569336,26.80747413635254,26.41754722595215,26.766855239868164,17.87122917175293,5489768
"2006-04-05",26.783103942871094,26.888708114624023,26.718114852905273,26.815597534179688,17.903779983520508,10001506
"2006-04-06",27.010560989379883,27.010560989379883,26.612510681152344,26.718114852905273,17.838682174682617,14073654
"2006-04-07",26.823720932006836,26.84809112548828,26.425670623779297,26.46628761291504,17.670551300048828,15008229
"2006-04-10",26.531274795532227,26.653127670288086,26.450040817260742,26.51502799987793,17.70308494567871,8589795
"2006-04-11",26.62875747680664,26.62875747680664,26.23883056640625,26.28757095336914,17.55122184753418,11979107
"2006-04-12",26.29569435119629,26.425670623779297,26.279447555541992,26.34443473815918,17.589191436767578,8625986
"2006-04-13",26.311941146850586,26.41754722595215,26.263200759887695,26.385053634643555,17.616310119628906,6869965
"2006-04-17",26.433794021606445,26.490657806396484,26.28757095336914,26.360681533813477,17.600034713745117,7458260
"2006-04-18",26.46628761291504,26.872461318969727,26.409423828125,26.84809112548828,17.925464630126953,16304226
"2006-04-19",26.90495491027832,26.945573806762695,26.774980545043945,26.880584716796875,17.947162628173828,11333325
"2006-04-20",26.888708114624023,27.059301376342773,26.823720932006836,26.937448501586914,17.985118865966797,5373561
"2006-04-21",27.099918365478516,27.099918365478516,26.580015182495117,26.90495491027832,17.96342658996582,6024760
"2006-04-24",27.164907455444336,27.164907455444336,26.596263885498047,26.91307830810547,17.96885108947754,6810631
"2006-04-25",26.91307830810547,26.91307830810547,26.669374465942383,26.750608444213867,17.860380172729492,8725328
"2006-04-26",26.653127670288086,26.91307830810547,26.653127670288086,26.90495491027832,17.96342658996582,6675959
"2006-04-27",26.831844329833984,27.376117706298828,26.791227340698242,27.327375411987305,18.24547004699707,21775528
"2006-04-28",27.213647842407227,27.69293212890625,27.213647842407227,27.587326049804688,18.419025421142578,16492446
"2006-05-01",27.611698150634766,27.64419174194336,27.091794967651367,27.156782150268555,18.131568908691406,16759696
"2006-05-02",27.29488182067871,27.3436222076416,27.205524444580078,27.327375411987305,18.24547004699707,4896426
"2006-05-03",27.335500717163086,27.376117706298828,27.197399139404297,27.30300521850586,18.22919273376465,5726120
"2006-05-04",27.311128616333008,27.46547508239746,27.311128616333008,27.35987091064453,18.26716423034668,10429278
"2006-05-05",27.46547508239746,27.782291412353516,27.46547508239746,27.749797821044922,18.527509689331055,14808930
"2006-05-08",27.790414810180664,27.798538208007812,27.603574752807617,27.63606834411621,18.451568603515625,10281189
"2006-05-09",27.59545135498047,27.717302322387695,27.59545135498047,27.6848087310791,18.484106063842773,12726324
"2006-05-10",27.660438537597656,27.749797821044922,27.506092071533203,27.7010555267334,18.49496078491211,10461900
"2006-05-11",27.6848087310791,27.6848087310791,27.156782150268555,27.24614143371582,18.19123649597168,10598048
"2006-05-12",26.80747413635254,27.24614143371582,26.80747413635254,26.969942092895508,18.006824493408203,10406628
"2006-05-15",26.921201705932617,27.181154251098633,26.921201705932617,27.156782150268555,18.131568908691406,6753635
"2006-05-16",27.181154251098633,27.25426483154297,27.010560989379883,27.12428855895996,18.109872817993164,9561546
"2006-05-17",26.945573806762695,26.986190795898438,26.498781204223633,26.580015182495117,17.74648094177246,13422578
"2006-05-18",26.604387283325195,26.701868057250977,26.33631134033203,26.34443473815918,17.589191436767578,8360460
"2006-05-19",26.498781204223633,26.604387283325195,26.320064544677734,26.482534408569336,17.6813907623291,12222599
"2006-05-22",26.425670623779297,26.539398193359375,26.198213577270508,26.41754722595215,17.638011932373047,12672653
"2006-05-23",26.51502799987793,26.612510681152344,26.271324157714844,26.28757095336914,17.55122184753418,9384775
"2006-05-24",26.23883056640625,26.482534408569336,26.07636070251465,26.303817749023438,17.562074661254883,13323113
"2006-05-25",26.441917419433594,26.555646896362305,26.360681533813477,26.539398193359375,17.719369888305664,6981001
"2006-05-26",26.67749786376953,26.766855239868164,26.5718936920166,26.75873374938965,17.865808486938477,4869713
"2006-05-30",26.791227340698242,26.791227340698242,26.352558135986328,26.360681533813477,17.600034713745117,9413457
"2006-05-31",26.450040817260742,26.580015182495117,26.29569435119629,26.547521591186523,17.724782943725586,6483062
"2006-06-01",26.531274795532227,26.896831512451172,26.531274795532227,26.85621452331543,17.930891036987305,4518016
"2006-06-02",26.726238250732422,27.067424774169922,26.726238250732422,27.010560989379883,18.033945083618164,12643847
"2006-06-05",26.880584716796875,26.961820602416992,26.547521591186523,26.5718936920166,17.741052627563477,8061819
"2006-06-06",26.645004272460938,26.709991455078125,26.2469539642334,26.50690460205078,17.697677612304688,23200411
"2006-06-07",26.474411010742188,26.823720932006836,26.45816421508789,26.596263885498047,17.757333755493164,10925987
"2006-06-08",26.523151397705078,26.726238250732422,26.271324157714844,26.645004272460938,17.789878845214844,28709259
"2006-06-09",26.604387283325195,26.75873374938965,26.51502799987793,26.555646896362305,17.7302188873291,11772669
"2006-06-12",26.56376838684082,26.620634078979492,26.255077362060547,26.263200759887695,17.534957885742188,9561177
"2006-06-13",26.198213577270508,26.360681533813477,25.67831039428711,25.751422882080078,17.193256378173828,24357797
"2006-06-14",25.79203987121582,25.881397247314453,25.32900047302246,25.597076416015625,17.0902099609375,18993099
"2006-06-15",25.832656860351562,26.222583770751953,25.72705078125,26.16571807861328,17.469873428344727,15685648
"2006-06-16",26.035743713378906,26.035743713378906,25.767669677734375,25.84890365600586,17.359130859375,10174461
"2006-06-19",25.84890365600586,26.01137351989746,25.613323211669922,25.67018699645996,17.239107131958008,7099054
"2006-06-20",25.686433792114258,25.922014236450195,25.67831039428711,25.743297576904297,17.288204193115234,22578140
"2006-06-21",25.79203987121582,26.051990509033203,25.743297576904297,25.954509735107422,17.430038452148438,15107817
"2006-06-22",25.865150451660156,25.94638442993164,25.77579116821289,25.857027053833008,17.364591598510742,3410732
"2006-06-23",25.751422882080078,25.84890365600586,25.62144660949707,25.686433792114258,17.25002098083496,5009308
"2006-06-26",25.72705078125,25.913890838623047,25.67018699645996,25.913890838623047,17.402772903442383,5158506
"2006-06-27",25.873273849487305,25.94638442993164,25.645816802978516,25.662063598632812,17.233652114868164,4800038
"2006-06-28",25.79203987121582,25.808286666870117,25.629568099975586,25.800161361694336,17.32639503479004,5785946
"2006-06-29",25.930137634277344,26.368806838989258,25.873273849487305,26.34443473815918,17.691904067993164,11568569
"2006-06-30",26.425670623779297,26.46628761291504,26.222583770751953,26.271324157714844,17.642810821533203,7769333
"2006-07-03",26.303817749023438,26.5881404876709,26.303817749023438,26.580015182495117,17.850114822387695,4077195
"2006-07-05",26.360681533813477,26.41754722595215,26.222583770751953,26.328187942504883,17.680994033813477,5988692
"2006-07-06",26.303817749023438,26.490657806396484,26.303817749023438,26.409423828125,17.73554801940918,4241411
"2006-07-07",26.279447555541992,26.51502799987793,26.255077362060547,26.279447555541992,17.64826202392578,3649669
"2006-07-10",26.33631134033203,26.498781204223633,26.33631134033203,26.45816421508789,17.768291473388672,3758735
"2006-07-11",26.34443473815918,26.490657806396484,26.18196678161621,26.46628761291504,17.77374267578125,5804534
"2006-07-12",26.547521591186523,26.547521591186523,26.149471282958984,26.206335067749023,17.599166870117188,6619579
"2006-07-13",26.07636070251465,26.11697769165039,25.783916473388672,25.79203987121582,17.320941925048828,11400168
"2006-07-14",25.767669677734375,25.865150451660156,25.580829620361328,25.686433792114258,17.25002098083496,9368033
"2006-07-17",25.613323211669922,25.79203987121582,25.540210723876953,25.73517417907715,17.28275489807129,6106622
"2006-07-18",25.84078025817871,25.873273849487305,25.580829620361328,25.79203987121582,17.320941925048828,8530461
"2006-07-19",25.865150451660156,26.490657806396484,25.857027053833008,26.474411010742188,17.779191970825195,40039875
"2006-07-20",26.482534408569336,26.56376838684082,26.34443473815918,26.368806838989258,17.708274841308594,15552085
"2006-07-21",26.368806838989258,26.450040817260742,26.133224487304688,26.222583770751953,17.61007308959961,16533069
"2006-07-24",26.33631134033203,26.5881404876709,26.263200759887695,26.56376838684082,17.839202880859375,11416417
"2006-07-25",26.56376838684082,26.701868057250977,26.425670623779297,26.62875747680664,17.882844924926758,8844489
"2006-07-26",26.62875747680664,26.701868057250977,26.498781204223633,26.596263885498047,17.86103057861328,5503678
"2006-07-27",26.726238250732422,26.774980545043945,26.433794021606445,26.441917419433594,17.757373809814453,9565486
"2006-07-28",26.645004272460938,27.010560989379883,26.63688087463379,26.91307830810547,18.073780059814453,14383373
"2006-07-31",26.969942092895508,26.97806739807129,26.80747413635254,26.872461318969727,18.0465087890625,8948878
"2006-08-01",26.766855239868164,26.864337921142578,26.63688087463379,26.791227340698242,17.991962432861328,7718493
"2006-08-02",26.831844329833984,26.90495491027832,26.709991455078125,26.839967727661133,18.024690628051758,7259699
"2006-08-03",26.726238250732422,27.010560989379883,26.726238250732422,26.95369529724121,18.10106086730957,7380461
"2006-08-04",27.229894638061523,27.457351684570312,26.91307830810547,27.010560989379883,18.13925552368164,19989840
"2006-08-07",27.010560989379883,27.02680778503418,26.872461318969727,26.95369529724121,18.10106086730957,4076580
"2006-08-08",27.034931182861328,27.099918365478516,26.718114852905273,26.75873374938965,17.970136642456055,10953069
"2006-08-09",26.945573806762695,27.010560989379883,26.41754722595215,26.441917419433594,17.757373809814453,10111680
"2006-08-10",26.409423828125,26.62875747680664,26.328187942504883,26.5718936920166,17.84465217590332,12115379
"2006-08-11",26.50690460205078,26.555646896362305,26.376928329467773,26.490657806396484,17.790098190307617,6336819
"2006-08-14",26.62875747680664,26.766855239868164,26.474411010742188,26.523151397705078,17.811922073364258,6748958
"2006-08-15",26.84809112548828,27.30300521850586,26.79935073852539,26.969942092895508,18.11197853088379,10760910
"2006-08-16",27.132413864135742,27.164907455444336,26.994314193725586,27.116165161132812,18.210166931152344,5888119
"2006-08-17",27.091794967651367,27.229894638061523,27.02680778503418,27.205524444580078,18.270177841186523,6555814
"2006-08-18",27.229894638061523,27.24614143371582,27.116165161132812,27.24614143371582,18.297466278076172,7479802
"2006-08-21",27.213647842407227,27.213647842407227,27.07554817199707,27.140535354614258,18.226533889770508,4727532
"2006-08-22",27.132413864135742,27.205524444580078,27.034931182861328,27.132413864135742,18.221084594726562,6325617
"2006-08-23",27.116165161132812,27.164907455444336,26.994314193725586,27.051177978515625,18.16652488708496,4746121
"2006-08-24",27.140535354614258,27.18927764892578,27.08367156982422,27.140535354614258,18.226533889770508,4821458
"2006-08-25",27.059301376342773,27.08367156982422,26.969942092895508,26.994314193725586,18.12834358215332,4463729
"2006-08-28",26.969942092895508,27.24614143371582,26.961820602416992,27.18927764892578,18.2592716217041,11596882
"2006-08-29",27.132413864135742,27.132413864135742,26.921201705932617,27.07554817199707,18.18289566040039,17294196
"2006-08-30",27.12428855895996,27.229894638061523,27.116165161132812,27.156782150268555,18.237449645996094,4856418
"2006-08-31",27.156782150268555,27.205524444580078,27.108041763305664,27.18927764892578,18.2592716217041,4162627
"2006-09-01",27.286758422851562,27.286758422851562,27.140535354614258,27.229894638061523,18.28655433654785,3034169
"2006-09-05",27.25426483154297,27.41673469543457,27.213647842407227,27.327375411987305,18.352014541625977,9705573
"2006-09-06",27.213647842407227,27.53858757019043,27.173030853271484,27.238018035888672,18.292003631591797,6858886
"2006-09-07",27.132413864135742,27.197399139404297,27.002437591552734,27.02680778503418,18.150163650512695,8959341
"2006-09-08",27.034931182861328,27.205524444580078,26.896831512451172,27.181154251098633,18.253816604614258,6832419
"2006-09-11",27.132413864135742,27.238018035888672,27.099918365478516,27.197399139404297,18.26473045349121,4257044
"2006-09-12",27.229894638061523,27.587326049804688,27.213647842407227,27.546709060668945,18.499309539794922,7997561
"2006-09-13",27.587326049804688,27.80666160583496,27.457351684570312,27.749797821044922,18.63570213317871,8542032
"2006-09-14",27.652315139770508,27.81478500366211,27.627944946289062,27.81478500366211,18.679338455200195,3825456
"2006-09-15",28.42404556274414,28.43216896057129,27.70918083190918,27.74167251586914,18.73640251159668,7382923
"2006-09-18",27.676685333251953,27.798538208007812,27.611698150634766,27.70918083190918,18.71445083618164,9313623
"2006-09-19",28.066612243652344,28.066612243652344,27.603574752807617,27.757919311523438,18.747365951538086,7713815
"2006-09-20",27.85540199279785,27.993501663208008,27.81478500366211,27.944759368896484,18.87356185913086,9690678
"2006-09-21",27.944759368896484,28.017871856689453,27.7010555267334,27.749797821044922,18.74188232421875,6461027
"2006-09-22",27.749797821044922,27.847278594970703,27.6848087310791,27.798538208007812,18.774799346923828,7961369
"2006-09-25",27.952884674072266,28.147846221923828,27.822908401489258,28.08285903930664,18.96683692932129,7118627
"2006-09-26",28.099105834960938,28.237205505371094,27.98537826538086,28.237205505371094,19.07107162475586,7658913
"2006-09-27",28.15597152709961,28.229082107543945,28.03411865234375,28.107229232788086,18.983280181884766,6000140
"2006-09-28",28.03411865234375,28.237205505371094,28.03411865234375,28.2047119140625,19.04912757873535,3996811
"2006-09-29",27.879772186279297,28.391551971435547,27.879772186279297,28.123477935791016,18.994272232055664,6330171
"2006-10-02",28.08285903930664,28.164094924926758,27.952884674072266,28.058488845825195,18.950376510620117,4536481
"2006-10-03",28.074735641479492,28.399675369262695,28.050365447998047,28.334686279296875,19.136911392211914,8250778
"2006-10-04",28.619009017944336,28.675872802734375,28.26157569885254,28.675872802734375,19.36733627319336,14697525
"2006-10-05",28.732738494873047,28.952070236206055,28.55402183532715,28.659626007080078,19.356372833251953,10687542
"2006-10-06",28.570268630981445,28.60276222229004,28.489032745361328,28.562145233154297,19.29053497314453,6333126
"2006-10-09",28.55402183532715,28.683996200561523,28.456539154052734,28.64337921142578,19.34540557861328,4485395
"2006-10-10",28.692119598388672,28.732738494873047,28.562145233154297,28.64337921142578,19.34540557861328,6821710
"2006-10-11",28.237205505371094,28.64337921142578,28.237205505371094,28.570268630981445,19.29602813720703,7388216
"2006-10-12",28.627132415771484,28.77335548400879,28.627132415771484,28.724613189697266,19.40026092529297,6476045
"2006-10-13",28.64337921142578,28.830219268798828,28.64337921142578,28.830219268798828,19.471599578857422,4953544
"2006-10-16",28.732738494873047,28.757108688354492,28.635255813598633,28.675872802734375,19.36733627319336,6320200
"2006-10-17",28.65150260925293,28.748985290527344,28.529651641845703,28.675872802734375,19.36733627319336,6891754
"2006-10-18",28.797725677490234,28.911453247070312,28.586515426635742,28.757108688354492,19.422208786010742,7018177
"2006-10-19",28.70836639404297,28.70836639404297,28.440292358398438,28.570268630981445,19.29602813720703,8025012
"2006-10-20",28.570268630981445,28.578392028808594,28.415922164916992,28.53777313232422,19.274070739746094,8718681
"2006-10-23",28.448415756225586,28.76523208618164,28.43216896057129,28.724613189697266,19.40026092529297,4841769
"2006-10-24",28.667749404907227,28.724613189697266,28.578392028808594,28.71649169921875,19.39478302001953,3734362
"2006-10-25",28.748985290527344,28.838342666625977,28.627132415771484,28.838342666625977,19.47707748413086,5660261
"2006-10-26",28.887083053588867,29.04955291748047,28.757108688354492,29.04142951965332,19.614238739013672,11989201
"2006-10-27",29.000812530517578,29.000812530517578,28.740861892700195,28.82209587097168,19.466094970703125,5312134
"2006-10-30",28.781478881835938,28.919578552246094,28.732738494873047,28.830219268798828,19.471599578857422,9933801
"2006-10-31",28.911453247070312,28.98456573486328,28.781478881835938,28.781478881835938,19.43867301940918,9728224
"2006-11-01",28.911453247070312,28.960195541381836,28.5458984375,28.60276222229004,19.317960739135742,11319784
"2006-11-02",28.578392028808594,28.627132415771484,28.43216896057129,28.521526336669922,19.263097763061523,4528357
"2006-11-03",28.610885620117188,28.675872802734375,28.3834285736084,28.521526336669922,19.263097763061523,4709191
"2006-11-06",28.59463882446289,28.895206451416016,28.53777313232422,28.854589462280273,19.488052368164062,9460727
"2006-11-07",28.87895965576172,29.025182723999023,28.862712860107422,28.919578552246094,19.531944274902344,4722239
"2006-11-08",28.797725677490234,29.090171813964844,28.797725677490234,29.04142951965332,19.614238739013672,3910518
"2006-11-09",29.04142951965332,29.04142951965332,28.797725677490234,28.846466064453125,19.482559204101562,4959084
"2006-11-10",28.927701950073242,29.082046508789062,28.87895965576172,29.082046508789062,19.64166831970215,6402431
"2006-11-13",28.952070236206055,29.171405792236328,28.952070236206055,29.04955291748047,19.619722366333008,4200541
"2006-11-14",28.98456573486328,29.252639770507812,28.87083625793457,29.22014617919922,19.734947204589844,7786321
"2006-11-15",29.171405792236328,29.252639770507812,29.122665405273438,29.179529190063477,19.707509994506836,4036203
"2006-11-16",29.374492645263672,29.463851928710938,29.26076316833496,29.463851928710938,19.8995361328125,11170217
"2006-11-17",29.398862838745117,29.398862838745117,29.244516372680664,29.244516372680664,19.751401901245117,12754637
"2006-11-20",29.32575035095215,29.48822021484375,29.293258666992188,29.43135643005371,19.877595901489258,13273750
"2006-11-21",29.447603225708008,29.447603225708008,29.317628860473633,29.38261604309082,19.84466552734375,4275632
"2006-11-22",29.38261604309082,29.48822021484375,29.301380157470703,29.415109634399414,19.866621017456055,2484035
"2006-11-24",29.244516372680664,29.366369247436523,29.203899383544922,29.26888656616211,19.767858505249023,2504100
"2006-11-27",29.27701187133789,29.27701187133789,28.805849075317383,28.81397247314453,19.460617065429688,9614110
"2006-11-28",28.87083625793457,28.919578552246094,28.675872802734375,28.862712860107422,19.4935359954834,8988270
"2006-11-29",28.960195541381836,29.130788803100586,28.87895965576172,29.04142951965332,19.614238739013672,5148781
"2006-11-30",28.952070236206055,29.130788803100586,28.846466064453125,28.98456573486328,19.57583999633789,4428276
"2006-12-01",28.968318939208984,29.057676315307617,28.619009017944336,28.81397247314453,19.460617065429688,10386439
"2006-12-04",28.919578552246094,29.26888656616211,28.903331756591797,29.22014617919922,19.734947204589844,8233544
"2006-12-05",29.244516372680664,29.374492645263672,29.1389102935791,29.358245849609375,19.828214645385742,10037943
"2006-12-06",29.341997146606445,29.43947982788086,29.32575035095215,29.398862838745117,19.855642318725586,3267566
"2006-12-07",29.455726623535156,29.577579498291016,29.27701187133789,29.32575035095215,19.806259155273438,5468471
"2006-12-08",29.26076316833496,29.4800968170166,29.22014617919922,29.415109634399414,19.866621017456055,6413387
"2006-12-11",29.4800968170166,29.634443283081055,29.463851928710938,29.577579498291016,19.976346969604492,10900874
"2006-12-12",29.48822021484375,29.65069007873535,29.447603225708008,29.60194969177246,19.992801666259766,7699043
"2006-12-13",29.65069007873535,29.756296157836914,29.585702896118164,29.634443283081055,20.014751434326172,4945666
"2006-12-14",29.642566680908203,29.88627052307129,29.593826293945312,29.88627052307129,20.18482780456543,7145586
"2006-12-15",29.8375301361084,29.853776931762695,29.675060272216797,29.731924057006836,20.23514747619629,8292755
"2006-12-18",29.8212833404541,29.94313621520996,29.78066635131836,29.87814712524414,20.334665298461914,6471367
"2006-12-19",29.78066635131836,29.926889419555664,29.707555770874023,29.853776931762695,20.31807518005371,13315481
"2006-12-20",29.88627052307129,29.959383010864258,29.764419555664062,29.95125961303711,20.38442039489746,5199498
"2006-12-21",29.975629806518555,30.00812339782715,29.796913146972656,29.8212833404541,20.29595375061035,6326109
"2006-12-22",29.813159942626953,29.8212833404541,29.593826293945312,29.675060272216797,20.196443557739258,4097137
"2006-12-26",29.731924057006836,29.94313621520996,29.71567726135254,29.94313621520996,20.378887176513672,5110497
"2006-12-27",30.032493591308594,30.17059326171875,30.016246795654297,30.154346466064453,20.522640228271484,5211439
"2006-12-28",30.089357376098633,30.17059326171875,29.967506408691406,30.016246795654297,20.42864990234375,8430380
"2006-12-29",29.983753204345703,30.05686378479004,29.82940673828125,29.845653533935547,20.312549591064453,4283265
"2007-01-03",30.024370193481445,30.211210250854492,29.764419555664062,29.99187660217285,20.412067413330078,9365079
"2007-01-04",29.975629806518555,29.99187660217285,29.764419555664062,29.89439582824707,20.34572410583496,6646292
"2007-01-05",29.813159942626953,29.87814712524414,29.60194969177246,29.6588134765625,20.18538475036621,7977372
"2007-01-08",29.66693687438965,29.813159942626953,29.471973419189453,29.788789749145508,20.27385139465332,4427415
"2007-01-09",29.788789749145508,29.902517318725586,29.577579498291016,29.740049362182617,20.240680694580078,5997309
"2007-01-10",29.593826293945312,29.861900329589844,29.585702896118164,29.8375301361084,20.30701446533203,3614216
"2007-01-11",29.845653533935547,30.024370193481445,29.8212833404541,30.024370193481445,20.434175491333008,4623513
"2007-01-12",29.910642623901367,30.089357376098633,29.910642623901367,30.05686378479004,20.456302642822266,8028582
"2007-01-16",30.05686378479004,30.138099670410156,30.016246795654297,30.138099670410156,20.511581420898438,5315827
"2007-01-17",30.097482681274414,30.186840057373047,29.99187660217285,30.05686378479004,20.456302642822266,4927693
"2007-01-18",30.11372947692871,30.138099670410156,29.918764114379883,29.935012817382812,20.37335777282715,5029004
"2007-01-19",29.975629806518555,30.04874038696289,29.910642623901367,30.024370193481445,20.434175491333008,4202880
"2007-01-22",30.05686378479004,30.089357376098633,29.918764114379883,30.0,20.417591094970703,5728582
"2007-01-23",29.902517318725586,30.040616989135742,29.853776931762695,29.983753204345703,20.406545639038086,7704706
"2007-01-24",29.975629806518555,30.292444229125977,29.94313621520996,30.292444229125977,20.61662483215332,5148904
"2007-01-25",30.300569534301758,30.316816329956055,29.813159942626953,29.853776931762695,20.31807518005371,15347739
"2007-01-26",29.870023727416992,29.99187660217285,29.691307067871094,29.910642623901367,20.35677719116211,9816486
"2007-01-29",29.89439582824707,29.95125961303711,29.72380256652832,29.764419555664062,20.25725555419922,13643419
"2007-01-30",29.78066635131836,29.926889419555664,29.748172760009766,29.87814712524414,20.334665298461914,7687718
"2007-01-31",29.87814712524414,30.194963455200195,29.788789749145508,30.12185287475586,20.50052833557129,15289143
"2007-02-01",30.203086853027344,30.33306312561035,30.1787166595459,30.316816329956055,20.633214950561523,18404066
"2007-02-02",30.324939727783203,30.414297103881836,30.292444229125977,30.373680114746094,20.671905517578125,7704460
"2007-02-05",30.39805030822754,30.422420501708984,30.243703842163086,30.365556716918945,20.6663818359375,5309672
"2007-02-06",30.39805030822754,30.528026580810547,30.357433319091797,30.5036563873291,20.760372161865234,9894778
"2007-02-07",30.528026580810547,30.66612434387207,30.5036563873291,30.61738395690918,20.837778091430664,5616561
"2007-02-08",30.536148071289062,30.552396774291992,30.357433319091797,30.5199031829834,20.77142906188965,6929176
"2007-02-09",30.471162796020508,30.625507354736328,30.016246795654297,30.194963455200195,20.55028533935547,21979751
"2007-02-12",30.243703842163086,30.27619743347168,30.040616989135742,30.12185287475586,20.50052833557129,11936268
"2007-02-13",30.1624698638916,30.406173706054688,30.138099670410156,30.3411865234375,20.649789810180664,12937195
"2007-02-14",30.39805030822754,30.714866638183594,30.381803512573242,30.633630752563477,20.848838806152344,12212751
"2007-02-15",30.66612434387207,30.73111343383789,30.584890365600586,30.682371139526367,20.882007598876953,12006928
"2007-02-16",30.593013763427734,30.682371139526367,30.552396774291992,30.67424964904785,20.876476287841797,6764837
"2007-02-20",30.625507354736328,30.8610897064209,29.95125961303711,30.83671760559082,20.98705291748047,6508666
"2007-02-21",30.706741333007812,30.78797721862793,30.641754150390625,30.706741333007812,20.898582458496094,5231258
"2007-02-22",30.77985382080078,30.828594207763672,30.56052017211914,30.584890365600586,20.81566047668457,11642552
"2007-02-23",30.601137161254883,30.61738395690918,30.21933364868164,30.300569534301758,20.622163772583008,20234563
"2007-02-26",30.43866729736328,30.479284286499023,29.959383010864258,30.081235885620117,20.472881317138672,21959686
"2007-02-27",29.71567726135254,29.88627052307129,28.3671817779541,28.675872802734375,19.516408920288086,37054454
"2007-02-28",29.008935928344727,29.39073944091797,28.87083625793457,29.203899383544922,19.875778198242188,26681186
"2007-03-01",28.838342666625977,29.285133361816406,28.59463882446289,29.171405792236328,19.853666305541992,32203945
"2007-03-02",29.1389102935791,29.236392974853516,28.838342666625977,28.838342666625977,19.626981735229492,15158657
"2007-03-05",28.570268630981445,28.911453247070312,28.050365447998047,28.3834285736084,19.317378997802734,21501508
"2007-03-06",28.683996200561523,29.065799713134766,28.610885620117188,28.976442337036133,19.720983505249023,23815665
"2007-03-07",28.952070236206055,29.065799713134766,28.77335548400879,28.805849075317383,19.60487937927246,14010257
"2007-03-08",29.39073944091797,29.39073944091797,28.98456573486328,29.065799713134766,19.78179359436035,24346841
"2007-03-09",29.252639770507812,29.293258666992188,29.000812530517578,29.1389102935791,19.83154296875,11761343
"2007-03-12",29.04142951965332,29.244516372680664,28.93582534790039,29.1389102935791,19.83154296875,17742649
"2007-03-13",28.903331756591797,28.93582534790039,28.107229232788086,28.269699096679688,19.239971160888672,55831266
"2007-03-14",28.269699096679688,28.464662551879883,27.76604461669922,28.334686279296875,19.28420066833496,49895631
"2007-03-15",28.3671817779541,28.81397247314453,28.350933074951172,28.675872802734375,19.516408920288086,38821062
"2007-03-16",28.64337921142578,28.683996200561523,28.25345230102539,28.448415756225586,19.44312286376953,23623136
"2007-03-19",28.635255813598633,28.757108688354492,28.464662551879883,28.635255813598633,19.570816040039062,19648360
"2007-03-20",28.65150260925293,28.94394874572754,28.627132415771484,28.895206451416016,19.74848175048828,17005896
"2007-03-21",28.919578552246094,29.71567726135254,28.87083625793457,29.55320930480957,20.198192596435547,41179658
"2007-03-22",29.618196487426758,29.65069007873535,29.317628860473633,29.374492645263672,20.076051712036133,20898072
"2007-03-23",29.32575035095215,29.520715713500977,29.293258666992188,29.406986236572266,20.098262786865234,15015984
"2007-03-26",29.366369247436523,29.48822021484375,29.04955291748047,29.26076316833496,19.99831771850586,20591183
"2007-03-27",29.22014617919922,29.236392974853516,29.04142951965332,29.082046508789062,19.87618064880371,7700028
"2007-03-28",28.919578552246094,29.065799713134766,28.619009017944336,28.71649169921875,19.626340866088867,21499784
"2007-03-29",28.927701950073242,29.082046508789062,28.70836639404297,28.862712860107422,19.72627830505371,17217135
"2007-03-30",28.968318939208984,29.090171813964844,28.610885620117188,28.94394874572754,19.78179931640625,14556206
"2007-04-02",28.919578552246094,28.919578552246094,28.529651641845703,28.675872802734375,19.598583221435547,14561130
"2007-04-03",28.927701950073242,29.122665405273438,28.87083625793457,29.033306121826172,19.842876434326172,16612222
"2007-04-04",29.025182723999023,29.1389102935791,28.94394874572754,29.033306121826172,19.842876434326172,14399623
"2007-04-05",29.025182723999023,29.114540100097656,28.927701950073242,29.04955291748047,19.853975296020508,6649862
"2007-04-09",29.122665405273438,29.130788803100586,28.976442337036133,29.04142951965332,19.84842300415039,7637370
"2007-04-10",29.04142951965332,29.179529190063477,29.04142951965332,29.171405792236328,19.937257766723633,11994372
"2007-04-11",29.16328239440918,29.16328239440918,28.838342666625977,28.927701950073242,19.77069091796875,13683427
"2007-04-12",28.87895965576172,28.94394874572754,28.700244903564453,28.87895965576172,19.737377166748047,12340406
"2007-04-13",28.919578552246094,29.090171813964844,28.895206451416016,29.000812530517578,19.820653915405273,19034461
"2007-04-16",29.26076316833496,29.71567726135254,29.26076316833496,29.707555770874023,20.303691864013672,39918991
"2007-04-17",29.707555770874023,29.845653533935547,29.60194969177246,29.699430465698242,20.29813575744629,15461483
"2007-04-18",29.813159942626953,30.146223068237305,29.740049362182617,30.040616989135742,20.53132438659668,31112540
"2007-04-19",29.935012817382812,30.073110580444336,29.77254295349121,30.0,20.503557205200195,17748558
"2007-04-20",30.1787166595459,30.251827239990234,30.040616989135742,30.154346466064453,20.609039306640625,20996552
"2007-04-23",30.154346466064453,30.27619743347168,30.040616989135742,30.073110580444336,20.55352783203125,11672834
"2007-04-24",30.097482681274414,30.12185287475586,29.78066635131836,29.983753204345703,20.492448806762695,15632223
"2007-04-25",30.073110580444336,30.406173706054688,30.024370193481445,30.38992691040039,20.770050048828125,19044801
"2007-04-26",30.3411865234375,30.406173706054688,30.17059326171875,30.3411865234375,20.73673439025879,9484363
"2007-04-27",30.22745704650879,30.33306312561035,30.11372947692871,30.300569534301758,20.70897674560547,11863393
"2007-04-30",30.292444229125977,30.381803512573242,30.032493591308594,30.064987182617188,20.547975540161133,18614690
"2007-05-01",30.05686378479004,30.21933364868164,29.870023727416992,30.12185287475586,20.586830139160156,14056789
"2007-05-02",30.1787166595459,30.357433319091797,30.064987182617188,30.251827239990234,20.67566680908203,10986183
"2007-05-03",30.430543899536133,30.536148071289062,30.292444229125977,30.536148071289062,20.86998748779297,12545244
"2007-05-04",30.601137161254883,30.66612434387207,30.51177978515625,30.641754150390625,20.942157745361328,10915031
"2007-05-07",30.66612434387207,30.755483627319336,30.601137161254883,30.682371139526367,20.969921112060547,5842449
"2007-05-08",30.60926055908203,30.641754150390625,30.479284286499023,30.61738395690918,20.925506591796875,7468477
"2007-05-09",30.641754150390625,30.812347412109375,30.544273376464844,30.77985382080078,21.03654670715332,14572824
"2007-05-10",30.633630752563477,30.747360229492188,30.3411865234375,30.3411865234375,20.73673439025879,15886547
"2007-05-11",30.471162796020508,30.66612434387207,30.471162796020508,30.66612434387207,20.958820343017578,16812136
"2007-05-14",30.69049644470215,30.706741333007812,30.357433319091797,30.5199031829834,20.8588809967041,37213869
"2007-05-15",30.552396774291992,30.714866638183594,30.381803512573242,30.44679069519043,20.808916091918945,20241333
"2007-05-16",30.593013763427734,30.796100616455078,30.49553108215332,30.796100616455078,21.047651290893555,19635558
"2007-05-17",30.69049644470215,30.714866638183594,30.576766967773438,30.641754150390625,20.942157745361328,7514024
"2007-05-18",30.78797721862793,30.78797721862793,30.641754150390625,30.72298812866211,20.997692108154297,12362071
"2007-05-21",30.73923683166504,30.820470809936523,30.641754150390625,30.755483627319336,21.019899368286133,16396428
"2007-05-22",30.78797721862793,30.869211196899414,30.658002853393555,30.77985382080078,21.03654670715332,15239165
"2007-05-23",30.73111343383789,30.95044708251953,30.714866638183594,30.755483627319336,21.019899368286133,20107400
"2007-05-24",30.812347412109375,30.869211196899414,30.373680114746094,30.479284286499023,20.831132888793945,24805266
"2007-05-25",30.463037490844727,30.576766967773438,30.38992691040039,30.536148071289062,20.86998748779297,11255895
"2007-05-29",30.601137161254883,30.682371139526367,30.5036563873291,30.66612434387207,20.958820343017578,9929985
"2007-05-30",30.479284286499023,30.877334594726562,30.479284286499023,30.877334594726562,21.103174209594727,16626748
"2007-05-31",30.95857048034668,30.991064071655273,30.706741333007812,30.78797721862793,21.042095184326172,13721342
"2007-06-01",30.83671760559082,30.942323684692383,30.771730422973633,30.885459899902344,21.10873031616211,8891390
"2007-06-04",30.78797721862793,30.8448429107666,30.747360229492188,30.8448429107666,21.080965042114258,12312831
"2007-06-05",30.61738395690918,30.771730422973633,30.576766967773438,30.658002853393555,20.953275680541992,17915974
"2007-06-06",30.544273376464844,30.544273376464844,30.324939727783203,30.39805030822754,20.775604248046875,18752069
"2007-06-07",30.28432273864746,30.430543899536133,29.805036544799805,29.88627052307129,20.42583465576172,31728533
"2007-06-08",29.918764114379883,30.243703842163086,29.82940673828125,30.235580444335938,20.664562225341797,22664803
"2007-06-11",30.21933364868164,30.44679069519043,30.064987182617188,30.373680114746094,20.758939743041992,24159975
"2007-06-12",30.17059326171875,30.422420501708984,29.89439582824707,29.959383010864258,20.475797653198242,25845214
"2007-06-13",30.064987182617188,30.544273376464844,30.064987182617188,30.528026580810547,20.86443328857422,15413228
"2007-06-14",30.44679069519043,30.641754150390625,30.422420501708984,30.479284286499023,20.831132888793945,23017607
"2007-06-15",30.633630752563477,30.633630752563477,30.39805030822754,30.422420501708984,20.905925750732422,11822770
"2007-06-18",30.51177978515625,30.593013763427734,30.3411865234375,30.414297103881836,20.900346755981445,9990181
"2007-06-19",30.300569534301758,30.544273376464844,30.259950637817383,30.544273376464844,20.989660263061523,10070934
"2007-06-20",30.536148071289062,30.60926055908203,29.89439582824707,30.00812339782715,20.621232986450195,25588058
"2007-06-21",29.975629806518555,30.097482681274414,29.65069007873535,30.05686378479004,20.65471649169922,47156286
"2007-06-22",29.967506408691406,29.967506408691406,29.48822021484375,29.675060272216797,20.392351150512695,47396331
"2007-06-25",29.520715713500977,29.813159942626953,29.236392974853516,29.43947982788086,20.23046112060547,40562066
"2007-06-26",29.463851928710938,29.60194969177246,29.16328239440918,29.16328239440918,20.040666580200195,36617449
"2007-06-27",29.16328239440918,29.60194969177246,29.082046508789062,29.60194969177246,20.342113494873047,36680599
"2007-06-28",29.60194969177246,29.764419555664062,29.374492645263672,29.55320930480957,20.30861473083496,32559827
"2007-06-29",29.585702896118164,29.731924057006836,29.082046508789062,29.39073944091797,20.196971893310547,37310133
"2007-07-02",29.805036544799805,29.82940673828125,29.398862838745117,29.642566680908203,20.37002182006836,18315064
"2007-07-03",29.748172760009766,29.926889419555664,29.748172760009766,29.902517318725586,20.548654556274414,18100132
"2007-07-05",29.65069007873535,29.853776931762695,29.585702896118164,29.65069007873535,20.375598907470703,24871247
"2007-07-06",29.65069007873535,29.805036544799805,29.528837203979492,29.796913146972656,20.47608757019043,16083138
"2007-07-09",29.77254295349121,29.813159942626953,29.618196487426758,29.675060272216797,20.392351150512695,19663255
"2007-07-10",29.471973419189453,29.50446891784668,28.919578552246094,29.04955291748047,19.962512969970703,52127187
"2007-07-11",28.93582534790039,29.252639770507812,28.87083625793457,29.147035598754883,20.029495239257812,55021761
"2007-07-12",29.285133361816406,29.788789749145508,29.26076316833496,29.683183670043945,20.39793586730957,40793370
"2007-07-13",29.77254295349121,29.89439582824707,29.634443283081055,29.796913146972656,20.47608757019043,26303516
"2007-07-16",29.72380256652832,30.0,29.6588134765625,29.691307067871094,20.403512954711914,29971649
"2007-07-17",29.691307067871094,29.935012817382812,29.691307067871094,29.788789749145508,20.470500946044922,34954984
"2007-07-18",29.48822021484375,30.04874038696289,29.057676315307617,29.406986236572266,20.2081356048584,62410223
"2007-07-19",29.4963436126709,29.65069007873535,29.187652587890625,29.30950355529785,20.141145706176758,40433180
"2007-07-20",29.341997146606445,29.374492645263672,28.659626007080078,28.797725677490234,19.789464950561523,86443405
"2007-07-23",28.757108688354492,29.065799713134766,28.659626007080078,28.781478881835938,19.778289794921875,44589774
"2007-07-24",28.350933074951172,28.570268630981445,27.847278594970703,28.058488845825195,19.281463623046875,94807681
"2007-07-25",28.220958709716797,28.415922164916992,27.822908401489258,28.188465118408203,19.37078094482422,91805026
"2007-07-26",27.7010555267334,27.87164878845215,27.08367156982422,27.522340774536133,18.913028717041016,105488206
"2007-07-27",27.441104888916016,27.790414810180664,27.08367156982422,27.091794967651367,18.617162704467773,95817101
"2007-07-30",27.384239196777344,27.63606834411621,26.80747413635254,27.603574752807617,18.96885108947754,103138720
"2007-07-31",27.85540199279785,28.001625061035156,26.726238250732422,26.726238250732422,18.365955352783203,121875278
"2007-08-01",26.880584716796875,27.197399139404297,26.409423828125,27.02680778503418,18.572505950927734,123089167
"2007-08-02",27.335500717163086,27.53858757019043,26.961820602416992,27.205524444580078,18.695316314697266,81025282
"2007-08-03",26.969942092895508,27.221771240234375,26.01137351989746,26.043867111206055,17.89702796936035,165871095
"2007-08-06",26.149471282958984,27.41673469543457,25.962631225585938,27.376117706298828,18.812541961669922,141115193
"2007-08-07",27.238018035888672,27.952884674072266,27.108041763305664,27.57107925415039,18.946517944335938,122980347
"2007-08-08",27.774166107177734,28.586515426635742,27.63606834411621,28.229082107543945,19.39868927001953,134714239
"2007-08-09",27.41673469543457,27.97725486755371,26.921201705932617,27.213647842407227,18.700895309448242,124364360
"2007-08-10",26.774980545043945,27.53858757019043,26.68562126159668,27.091794967651367,18.617162704467773,94954662
"2007-08-13",27.725425720214844,27.725425720214844,26.555646896362305,26.84809112548828,18.44968032836914,70957671
"2007-08-14",27.02680778503418,27.051177978515625,26.255077362060547,26.376928329467773,18.125913619995117,87599807
"2007-08-15",26.157594680786133,26.896831512451172,25.962631225585938,26.141347885131836,17.964025497436523,100465603
"2007-08-16",25.94638442993164,27.205524444580078,25.597076416015625,26.929325103759766,18.50551414489746,201536366
"2007-08-17",28.740861892700195,28.748985290527344,27.31925392150879,28.0259952545166,19.259126663208008,217975263
"2007-08-20",28.107229232788086,28.13159942626953,27.278635025024414,27.652315139770508,19.002347946166992,108917403
"2007-08-21",27.481721878051758,28.08285903930664,27.481721878051758,27.847278594970703,19.136316299438477,58665521
"2007-08-22",28.017871856689453,28.26157569885254,27.668561935424805,27.92038917541504,19.186559677124023,86213085
"2007-08-23",28.229082107543945,28.269699096679688,27.782291412353516,27.96100616455078,19.2144775390625,63120017
"2007-08-24",27.896018981933594,28.19658851623535,27.7010555267334,28.058488845825195,19.281463623046875,43523236
"2007-08-27",27.993501663208008,28.017871856689453,27.69293212890625,27.733549118041992,19.058164596557617,24216232
"2007-08-28",27.457351684570312,27.481721878051758,26.815597534179688,26.90495491027832,18.488765716552734,76694378
"2007-08-29",27.051177978515625,27.376117706298828,26.693744659423828,27.229894638061523,18.71206283569336,61839654
"2007-08-30",26.90495491027832,27.286758422851562,26.880584716796875,27.059301376342773,18.594831466674805,58436186
"2007-08-31",27.611698150634766,27.619821548461914,27.156782150268555,27.41673469543457,18.8404541015625,68156531
"2007-09-04",27.489845275878906,27.944759368896484,27.3436222076416,27.627944946289062,18.985593795776367,45012131
"2007-09-05",27.579204559326172,27.59545135498047,27.132413864135742,27.29488182067871,18.756723403930664,55575588
"2007-09-06",27.286758422851562,27.554832458496094,26.921201705932617,27.091794967651367,18.617162704467773,39227662
"2007-09-07",26.80747413635254,27.08367156982422,26.653127670288086,26.815597534179688,18.427358627319336,92815307
"2007-09-10",26.880584716796875,27.043054580688477,26.441917419433594,26.726238250732422,18.365955352783203,73733576
"2007-09-11",26.864337921142578,27.205524444580078,26.839967727661133,27.002437591552734,18.555744171142578,62354089
"2007-09-12",27.051177978515625,27.205524444580078,26.872461318969727,27.059301376342773,18.594831466674805,40071266
"2007-09-13",27.229894638061523,27.53858757019043,27.205524444580078,27.506092071533203,18.901857376098633,67115967
"2007-09-14",27.205524444580078,27.603574752807617,27.173030853271484,27.603574752807617,18.96885108947754,37334014
"2007-09-17",27.376117706298828,27.376117706298828,27.108041763305664,27.3436222076416,18.79021644592285,50504853
"2007-09-18",27.522340774536133,28.513404846191406,27.25426483154297,28.37530517578125,19.49917221069336,170892836
"2007-09-19",28.692119598388672,28.976442337036133,28.47278594970703,28.55402183532715,19.621984481811523,92064397
"2007-09-20",28.635255813598633,28.667749404907227,28.066612243652344,28.2047119140625,19.38194465637207,79679183
"2007-09-21",28.30219268798828,28.30219268798828,27.790414810180664,28.107229232788086,19.457862854003906,66584544
"2007-09-24",28.147846221923828,28.147846221923828,27.603574752807617,27.717302322387695,19.187925338745117,60979432
"2007-09-25",27.57107925415039,27.676685333251953,27.35987091064453,27.660438537597656,19.1485595703125,44182190
"2007-09-26",27.733549118041992,27.91226577758789,27.51421546936035,27.668561935424805,19.154184341430664,65135164
"2007-09-27",27.790414810180664,28.009748458862305,27.70918083190918,27.993501663208008,19.379135131835938,44072139
"2007-09-28",27.798538208007812,28.058488845825195,27.749797821044922,27.879772186279297,19.300403594970703,37877378
"2007-10-01",27.725425720214844,28.47278594970703,27.7010555267334,28.407798767089844,19.66593360900879,61713354
"2007-10-02",28.55402183532715,28.781478881835938,28.47278594970703,28.732738494873047,19.89089584350586,36303175
"2007-10-03",28.570268630981445,28.838342666625977,28.529651641845703,28.667749404907227,19.845897674560547,52086564
"2007-10-04",28.76523208618164,28.87895965576172,28.64337921142578,28.838342666625977,19.963991165161133,37413783
"2007-10-05",28.919578552246094,29.22014617919922,28.87895965576172,29.1551570892334,20.18331527709961,48745754
"2007-10-08",29.114540100097656,29.114540100097656,28.635255813598633,28.757108688354492,19.907758712768555,25838567
"2007-10-09",28.895206451416016,29.10641860961914,28.692119598388672,29.000812530517578,20.076465606689453,39621212
"2007-10-10",28.94394874572754,29.033306121826172,28.683996200561523,28.838342666625977,19.963991165161133,40195843
"2007-10-11",29.16328239440918,29.16328239440918,28.60276222229004,28.683996200561523,19.857141494750977,77485418
"2007-10-12",28.578392028808594,28.87895965576172,28.578392028808594,28.87083625793457,19.986488342285156,41217081
"2007-10-15",28.757108688354492,28.76523208618164,27.98537826538086,28.285945892333984,19.581588745117188,94871077
"2007-10-16",28.099105834960938,28.13159942626953,27.619821548461914,27.757919311523438,19.216039657592773,83487897
"2007-10-17",27.98537826538086,28.09098243713379,27.238018035888672,27.74167251586914,19.204801559448242,91551809
"2007-10-18",27.173030853271484,27.47359848022461,27.132413864135742,27.392364501953125,18.96297836303711,88868475
"2007-10-19",27.24614143371582,27.400487899780273,26.441917419433594,26.482534408569336,18.333127975463867,110383770
"2007-10-22",26.214460372924805,26.969942092895508,26.214460372924805,26.80747413635254,18.55807113647461,80609696
"2007-10-23",27.108041763305664,27.108041763305664,26.653127670288086,26.95369529724121,18.659303665161133,60804137
"2007-10-24",26.888708114624023,26.921201705932617,26.07636070251465,26.750608444213867,18.518709182739258,128715083
"2007-10-25",26.783103942871094,26.986190795898438,26.141347885131836,26.726238250732422,18.50183868408203,96815442
"2007-10-26",27.229894638061523,27.376117706298828,26.612510681152344,27.376117706298828,18.951736450195312,97460117
"2007-10-29",27.384239196777344,27.457351684570312,27.12428855895996,27.457351684570312,19.00796890258789,46984685
"2007-10-30",27.327375411987305,27.327375411987305,27.010560989379883,27.034931182861328,18.715539932250977,35125231
"2007-10-31",27.140535354614258,27.53046226501465,26.888708114624023,27.400487899780273,18.96860694885254,104572465
"2007-11-01",26.604387283325195,27.173030853271484,25.995126724243164,25.995126724243164,17.99571418762207,112372574
"2007-11-02",26.051990509033203,26.108854293823242,25.17465591430664,25.865150451660156,17.905738830566406,196502191
"2007-11-05",25.150283813476562,25.637693405151367,24.94719696044922,25.402111053466797,17.585180282592773,124899599
"2007-11-06",25.50771713256836,25.832656860351562,25.142160415649414,25.832656860351562,17.883237838745117,101354877
"2007-11-07",25.345247268676758,25.45085334777832,24.419170379638672,24.419170379638672,16.90472984313965,125349037
"2007-11-08",24.77660369873047,24.792850494384766,23.793664932250977,24.67099952697754,17.079057693481445,146019004
"2007-11-09",24.167343139648438,25.182777404785156,23.92363929748535,24.484159469604492,16.949716567993164,165222358
"2007-11-12",24.66287612915039,25.32900047302246,24.516653060913086,24.573516845703125,17.011571884155273,134098862
"2007-11-13",25.125913619995117,25.873273849487305,24.99593734741211,25.72705078125,17.810129165649414,161815812
"2007-11-14",26.271324157714844,26.39317512512207,25.613323211669922,25.629568099975586,17.742650985717773,118725765
"2007-11-15",25.377742767333984,25.613323211669922,24.679122924804688,24.979690551757812,17.29275894165039,134429139
"2007-11-16",24.979690551757812,25.101543426513672,24.459789276123047,24.784727096557617,17.15778160095215,100659855
"2007-11-19",24.459789276123047,24.532899856567383,23.83428192138672,24.118602752685547,16.696640014648438,168176266
"2007-11-20",23.679935455322266,24.248577117919922,23.111291885375977,23.590576171875,16.33111000061035,179939948
"2007-11-21",23.26563835144043,23.623071670532227,22.948822021484375,23.225019454956055,16.07804298400879,134808533
"2007-11-23",23.43623161315918,23.93988609313965,23.43623161315918,23.777416229248047,16.4604549407959,88425684
"2007-11-26",23.88302230834961,23.88302230834961,22.826969146728516,22.98131561279297,15.909331321716309,127731884
"2007-11-27",23.233144760131836,23.53371238708496,22.940698623657227,23.395612716674805,16.196134567260742,122877928
"2007-11-28",23.964256286621094,24.792850494384766,23.87489891052246,24.792850494384766,17.16341209411621,205239337
"2007-11-29",24.6141357421875,24.77660369873047,24.191713333129883,24.573516845703125,17.011571884155273,107091214
"2007-11-30",25.475223541259766,25.73517417907715,25.036556243896484,25.182777404785156,17.433340072631836,144984226
"2007-12-03",25.05280303955078,25.16653060913086,24.784727096557617,24.979690551757812,17.29275894165039,72568927
"2007-12-04",24.573516845703125,24.695369720458984,24.411048889160156,24.516653060913086,16.97221565246582,75393703
"2007-12-05",24.898456573486328,25.101543426513672,24.60601043701172,24.88220977783203,17.22526741027832,107066841
"2007-12-06",24.922826766967773,25.686433792114258,24.857839584350586,25.686433792114258,17.782012939453125,122098951
"2007-12-07",25.73517417907715,25.79203987121582,25.345247268676758,25.345247268676758,17.545820236206055,100382387
"2007-12-10",25.62144660949707,26.0682373046875,25.418359756469727,25.881397247314453,17.916988372802734,97746201
"2007-12-11",25.930137634277344,26.108854293823242,24.565393447875977,24.573516845703125,17.011571884155273,168317584
"2007-12-12",25.402111053466797,25.467100143432617,23.92363929748535,24.386676788330078,16.88222885131836,175881956
"2007-12-13",24.118602752685547,24.402923583984375,23.696182250976562,24.37855339050293,16.876605987548828,167576892
"2007-12-14",24.05361557006836,24.467912673950195,23.83428192138672,23.842405319213867,16.50543785095215,86534622
"2007-12-17",23.720552444458008,24.045490264892578,23.574329376220703,23.590576171875,16.33111000061035,85712684
"2007-12-18",23.93988609313965,23.972379684448242,23.208772659301758,23.60682487487793,16.34235382080078,103492386
"2007-12-19",23.736799240112305,24.118602752685547,23.49309539794922,23.744922637939453,16.43795394897461,135631334
"2007-12-20",23.956132888793945,24.10235595703125,23.233144760131836,23.574329376220703,16.319856643676758,120949197
"2007-12-21",23.679935455322266,23.842405319213867,23.4281063079834,23.793664932250977,16.62176513671875,76997942
"2007-12-24",23.899269104003906,24.26482582092285,23.88302230834961,24.22420883178711,16.92253303527832,53981935
"2007-12-26",24.183591842651367,24.191713333129883,23.891145706176758,24.05361557006836,16.803356170654297,29007653
"2007-12-27",23.98862648010254,23.98862648010254,23.549959182739258,23.566205978393555,16.462862014770508,44473322
"2007-12-28",23.801786422729492,23.801786422729492,23.338748931884766,23.509342193603516,16.42314910888672,39842546
"2007-12-31",23.43623161315918,23.82615852355957,23.26563835144043,23.501218795776367,16.41746711730957,61056985
"2008-01-02",23.623071670532227,23.696182250976562,23.013809204101562,23.038179397583008,16.0939998626709,80446096
"2008-01-03",23.135662078857422,23.25751495361328,22.87571144104004,22.891958236694336,15.991856575012207,55290488
"2008-01-04",22.672624588012695,22.688871383666992,22.201461791992188,22.242080688476562,15.537851333618164,93318540
"2008-01-07",22.40454864501953,22.607635498046875,21.990251541137695,22.2989444732666,15.577581405639648,112017799
"2008-01-08",22.453290939331055,22.599512100219727,21.486595153808594,21.486595153808594,15.010090827941895,148535168
"2008-01-09",21.608448028564453,21.982128143310547,21.047929763793945,21.892770767211914,15.293842315673828,164102394
"2008-01-10",21.67343521118164,22.761981964111328,21.470348358154297,22.266450881958008,15.554887771606445,275365714
"2008-01-11",22.152721405029297,22.835092544555664,21.933387756347656,22.339561462402344,15.605960845947266,224602351
"2008-01-14",22.615760803222656,22.664499282836914,22.25832748413086,22.648252487182617,15.821599006652832,108263988
"2008-01-15",22.225833892822266,22.25832748413086,21.714054107666016,21.714054107666016,15.168996810913086,141844191
"2008-01-16",21.84402847290039,22.502031326293945,21.6328182220459,22.07961082458496,15.424361228942871,176283632
"2008-01-17",22.120227813720703,22.12835121154785,20.942323684692383,20.95857048034668,14.641225814819336,208394513
"2008-01-18",21.12104034423828,21.28350830078125,20.28432273864746,20.714866638183594,14.470978736877441,220297790
"2008-01-22",19.66693687438965,21.657188415527344,19.585702896118164,21.161657333374023,14.783100128173828,314363301
"2008-01-23",20.601137161254883,22.664499282836914,20.479284286499023,22.664499282836914,15.83295726776123,301912352
"2008-01-24",22.664499282836914,22.883834838867188,22.372055053710938,22.672624588012695,15.838630676269531,197313666
"2008-01-25",23.062551498413086,23.078798294067383,21.933387756347656,22.07961082458496,15.424361228942871,166188693
"2008-01-28",22.201461791992188,23.549959182739258,21.876522064208984,22.867586135864258,15.974832534790039,113301609
"2008-01-29",23.038179397583008,23.233144760131836,22.64012908935547,23.216896057128906,16.218847274780273,124376916
"2008-01-30",22.989439010620117,23.81803321838379,22.74573516845703,22.74573516845703,15.889702796936035,263688448
"2008-01-31",22.396425247192383,24.313566207885742,22.30706787109375,23.671812057495117,16.53664207458496,223878523
"2008-02-01",23.558082580566406,24.1104793548584,23.468725204467773,24.1104793548584,16.843090057373047,162903277
"2008-02-04",23.850528717041016,23.956132888793945,23.298131942749023,23.4118595123291,16.355039596557617,93362610
"2008-02-05",22.891958236694336,23.005685806274414,22.30706787109375,22.46141242980957,15.691081047058105,154453447
"2008-02-06",22.57514190673828,22.69699478149414,22.055240631103516,22.201461791992188,15.509490013122559,129122052
"2008-02-07",21.990251541137695,22.69699478149414,21.933387756347656,22.40454864501953,15.651362419128418,159071913
"2008-02-08",22.323314666748047,22.388301849365234,21.722177505493164,22.030868530273438,15.390310287475586,128474177
"2008-02-11",21.990251541137695,21.990251541137695,21.34849739074707,21.543460845947266,15.049820899963379,134895811
"2008-02-12",21.7952880859375,22.177091598510742,21.559707641601562,22.136474609375,15.464086532592773,189322753
"2008-02-13",22.06336212158203,22.120227813720703,21.57595443725586,22.055240631103516,15.407344818115234,106347813
"2008-02-14",21.96588134765625,22.112104415893555,21.4541015625,21.4541015625,14.987388610839844,128028801
"2008-02-15",21.494720458984375,21.7952880859375,21.259138107299805,21.7952880859375,15.225736618041992,125203287
"2008-02-19",22.06336212158203,22.136474609375,21.421607971191406,21.762794494628906,15.203041076660156,117432107
"2008-02-20",21.34849739074707,22.01462173461914,21.275386810302734,22.01462173461914,15.378957748413086,145489059
"2008-02-21",21.982128143310547,22.152721405029297,21.535337448120117,21.62469482421875,15.106571197509766,93068155
"2008-02-22",21.681560516357422,22.095857620239258,21.194150924682617,22.095857620239258,15.435712814331055,137697075
"2008-02-25",21.84402847290039,22.29081916809082,21.543460845947266,22.095857620239258,15.435712814331055,184562476
"2008-02-26",22.006498336791992,22.623882293701172,21.941511154174805,22.29081916809082,15.571911811828613,127558805
"2008-02-27",22.047115325927734,22.672624588012695,21.933387756347656,22.388301849365234,15.640002250671387,121404790
"2008-02-28",22.18521499633789,22.201461791992188,21.68968391418457,21.68968391418457,15.151970863342285,109396139
"2008-02-29",21.40536117553711,21.429731369018555,20.804224014282227,20.982940673828125,14.65825080871582,172356126
"2008-03-03",20.852964401245117,20.885459899902344,20.406173706054688,20.698619842529297,14.45963191986084,136199687
"2008-03-04",20.3411865234375,20.641754150390625,19.967506408691406,20.584890365600586,14.380184173583984,200666418
"2008-03-05",20.649877548217773,20.885459899902344,20.1624698638916,20.422420501708984,14.266680717468262,225038495
"2008-03-06",20.089357376098633,20.22745704650879,19.577579498291016,19.71567726135254,13.772968292236328,172225394
"2008-03-07",19.39073944091797,20.186840057373047,19.33387565612793,19.756296157836914,13.801344871520996,245347286
"2008-03-10",19.805036544799805,19.910642623901367,19.090171813964844,19.195775985717773,13.409770011901855,208597874
"2008-03-11",20.064987182617188,20.576766967773438,19.520715713500977,20.454914093017578,14.289382934570312,280335753
"2008-03-12",20.5036563873291,21.047929763793945,19.94313621520996,20.11372947692871,14.051044464111328,210871654
"2008-03-13",19.585702896118164,20.926076889038086,19.04142951965332,20.064987182617188,14.01699161529541,258767525
"2008-03-14",20.259950637817383,20.38992691040039,19.10641860961914,19.4963436126709,13.6197509765625,313442513
"2008-03-17",18.107229232788086,19.33387565612793,18.107229232788086,19.04955291748047,13.30762767791748,261292799
"2008-03-18",20.024370193481445,20.747360229492188,19.66693687438965,20.649877548217773,14.425578117370605,343693354
"2008-03-19",20.917953491210938,21.202274322509766,20.10560417175293,20.10560417175293,14.045364379882812,266921300
"2008-03-20",20.259950637817383,21.551584243774414,20.243703842163086,21.380990982055664,15.056775093078613,274151455
"2008-03-24",21.6165714263916,22.23395538330078,21.56783103942871,21.657188415527344,15.251276969909668,182639531
"2008-03-25",21.608448028564453,21.811534881591797,21.169780731201172,21.592201232910156,15.205511093139648,156227318
"2008-03-26",21.267261505126953,21.34849739074707,20.73111343383789,20.812347412109375,14.656326293945312,158215752
"2008-03-27",21.01543426513672,21.047929763793945,20.406173706054688,20.487409591674805,14.427505493164062,151309473
"2008-03-28",20.536148071289062,20.649877548217773,19.94313621520996,20.024370193481445,14.101428031921387,109083465
"2008-03-31",19.959383010864258,20.552396774291992,19.82940673828125,20.203086853027344,14.227283477783203,108253278
"2008-04-01",20.926076889038086,21.705930709838867,20.869211196899414,21.62469482421875,15.228399276733398,206127626
"2008-04-02",21.770917892456055,22.071487426757812,21.44597816467285,21.608448028564453,15.21695327758789,157608254
"2008-04-03",21.364744186401367,21.811534881591797,21.267261505126953,21.705930709838867,15.285605430603027,121409591
"2008-04-04",21.665313720703125,21.714054107666016,21.259138107299805,21.413484573364258,15.079662322998047,109628675
"2008-04-07",21.73842430114746,21.91714096069336,21.46222686767578,21.543460845947266,15.171196937561035,121394696
"2008-04-08",21.34849739074707,21.51909065246582,21.096668243408203,21.299755096435547,14.999570846557617,110939936
"2008-04-09",21.364744186401367,21.364744186401367,20.78797721862793,20.942323684692383,14.747861862182617,120887401
"2008-04-10",20.755483627319336,21.104793548583984,20.56864356994629,20.812347412109375,14.656326293945312,135427111
"2008-04-11",20.406173706054688,20.877334594726562,20.357433319091797,20.414297103881836,14.376017570495605,113534638
"2008-04-14",20.28432273864746,20.308692932128906,19.8212833404541,19.935012817382812,14.038498878479004,122993519
"2008-04-15",20.12185287475586,20.33306312561035,19.796913146972656,20.138099670410156,14.181514739990234,115135922
"2008-04-16",20.536148071289062,20.78797721862793,20.39805030822754,20.682371139526367,14.564802169799805,138142820
"2008-04-17",20.528026580810547,21.153533935546875,20.49553108215332,21.039804458618164,14.816512107849121,155159918
"2008-04-18",21.714054107666016,21.84402847290039,21.34849739074707,21.502843856811523,15.142586708068848,155040388
"2008-04-21",21.275386810302734,21.28350830078125,20.966693878173828,21.169780731201172,14.908038139343262,80684295
"2008-04-22",21.01543426513672,21.072298049926758,20.755483627319336,20.877334594726562,14.702102661132812,103538795
"2008-04-23",20.926076889038086,21.06417465209961,20.593013763427734,20.73923683166504,14.60484504699707,100855461
"2008-04-24",20.820470809936523,21.6328182220459,20.812347412109375,21.486595153808594,15.131143569946289,151581647
"2008-04-25",21.722177505493164,21.949634552001953,21.259138107299805,21.892770767211914,15.417173385620117,102556949
"2008-04-28",21.90901756286621,22.06336212158203,21.68968391418457,21.949634552001953,15.457221984863281,94327960
"2008-04-29",21.852153778076172,21.9740047454834,21.608448028564453,21.681560516357422,15.268445014953613,79175827
"2008-04-30",21.705930709838867,21.9740047454834,21.46222686767578,21.6165714263916,15.222676277160645,106284786
"2008-05-01",21.559707641601562,22.437042236328125,21.486595153808594,22.35580825805664,15.743255615234375,125902987
"2008-05-02",22.794475555419922,22.883834838867188,22.266450881958008,22.510154724121094,15.851948738098145,121243775
"2008-05-05",22.339561462402344,22.396425247192383,22.03899383544922,22.120227813720703,15.577356338500977,78741654
"2008-05-06",21.811534881591797,22.372055053710938,21.05605125427246,22.35580825805664,15.743255615234375,124571291
"2008-05-07",22.380178451538086,22.380178451538086,21.46222686767578,21.551584243774414,15.176913261413574,118989199
"2008-05-08",21.640941619873047,21.640941619873047,21.031681060791016,21.112916946411133,14.867993354797363,166583229
"2008-05-09",20.982940673828125,21.46222686767578,20.934200286865234,21.112916946411133,14.867993354797363,142069218
"2008-05-12",21.137287139892578,21.429731369018555,21.05605125427246,21.364744186401367,15.045340538024902,83396557
"2008-05-13",21.437854766845703,21.4541015625,21.031681060791016,21.169780731201172,14.908038139343262,92714119
"2008-05-14",21.275386810302734,21.421607971191406,21.161657333374023,21.316003799438477,15.01101303100586,80104494
"2008-05-15",21.299755096435547,21.608448028564453,21.12104034423828,21.52721405029297,15.159747123718262,90097013
"2008-05-16",21.592201232910156,21.592201232910156,21.137287139892578,21.437854766845703,15.096821784973145,64561765
"2008-05-19",21.316003799438477,21.56783103942871,21.06417465209961,21.23476791381836,14.953804016113281,85711945
"2008-05-20",21.01543426513672,21.023557662963867,20.61738395690918,20.73923683166504,14.60484504699707,97189420
"2008-05-21",20.682371139526367,20.812347412109375,20.097482681274414,20.211210250854492,14.232996940612793,133429075
"2008-05-22",20.073110580444336,20.528026580810547,20.073110580444336,20.324939727783203,14.313092231750488,81729044
"2008-05-23",20.235580444335938,20.243703842163086,19.926889419555664,20.024370193481445,14.101428031921387,89026043
"2008-05-27",19.926889419555664,20.22745704650879,19.918764114379883,20.129976272583008,14.175799369812012,83667623
"2008-05-28",20.292444229125977,20.308692932128906,19.731924057006836,20.016246795654297,14.095705032348633,139054252
"2008-05-29",19.967506408691406,20.463037490844727,19.967506408691406,20.373680114746094,14.347416877746582,96678678
"2008-05-30",20.487409591674805,20.51177978515625,19.94313621520996,20.11372947692871,14.164355278015137,79018259
"2008-06-02",20.064987182617188,20.064987182617188,19.618196487426758,19.813159942626953,13.952686309814453,104662574
"2008-06-03",19.975629806518555,20.032493591308594,19.447603225708008,19.748172760009766,13.906928062438965,151496831
"2008-06-04",19.634443283081055,19.983753204345703,19.39073944091797,19.626319885253906,13.821118354797363,169059385
"2008-06-05",19.707555770874023,20.016246795654297,19.6588134765625,20.016246795654297,14.095705032348633,138013073
"2008-06-06",19.764419555664062,19.77254295349121,18.94394874572754,18.952070236206055,13.346303939819336,192620233
"2008-06-09",19.057676315307617,19.171405792236328,18.3671817779541,18.692119598388672,13.163241386413574,210144379
"2008-06-10",18.464662551879883,18.99268913269043,18.391551971435547,18.748985290527344,13.203280448913574,217348930
"2008-06-11",18.82209587097168,18.854589462280273,18.139724731445312,18.2047119140625,12.820002555847168,214532033
"2008-06-12",18.350933074951172,18.830219268798828,18.26157569885254,18.700244903564453,13.168960571289062,245193165
"2008-06-13",18.805849075317383,18.99268913269043,18.42404556274414,18.99268913269043,13.37490177154541,157429513
"2008-06-16",18.81397247314453,19.293258666992188,18.692119598388672,19.171405792236328,13.50075912475586,152712567
"2008-06-17",19.366369247436523,19.374492645263672,18.53777313232422,18.610885620117188,13.106030464172363,150943989
"2008-06-18",18.269699096679688,18.76523208618164,18.09098243713379,18.30219268798828,12.888647079467773,185416667
"2008-06-19",18.342811584472656,18.53777313232422,17.93663787841797,18.497156143188477,13.0259428024292,204997568
"2008-06-20",18.03411865234375,18.277822494506836,17.757919311523438,18.017871856689453,12.800859451293945,222510144
"2008-06-23",17.92038917541504,17.952884674072266,17.327375411987305,17.449228286743164,12.396868705749512,150520894
"2008-06-24",17.408611297607422,17.847278594970703,17.173030853271484,17.652315139770508,12.54114818572998,249743926
"2008-06-25",17.757919311523438,18.245328903198242,17.603574752807617,17.611698150634766,12.512295722961426,270571830
"2008-06-26",17.24614143371582,17.400487899780273,16.90495491027832,16.97806739807129,12.062126159667969,177928986
"2008-06-27",16.945573806762695,17.108041763305664,16.531274795532227,16.709991455078125,11.871672630310059,179566216
"2008-06-30",16.726238250732422,16.75873374938965,16.29569435119629,16.45816421508789,11.69276237487793,180520980
"2008-07-01",16.190088272094727,16.580015182495117,15.89764404296875,16.50690460205078,11.727384567260742,292065583
"2008-07-02",16.596263885498047,16.839967727661133,16.2469539642334,16.255077362060547,11.548477172851562,180299400
"2008-07-03",16.450040817260742,16.555646896362305,16.07636070251465,16.198213577270508,11.508074760437012,102694575
"2008-07-07",16.360681533813477,16.531274795532227,15.499593734741211,15.662062644958496,11.127168655395508,234991745
"2008-07-08",15.783916473388672,16.68562126159668,15.580828666687012,16.67749786376953,11.848584175109863,305913840
"2008-07-09",16.67749786376953,16.75873374938965,15.702680587768555,15.72705078125,11.17333698272705,277344669
"2008-07-10",15.580828666687012,15.954508781433105,15.393988609313965,15.613323211669922,11.092536926269531,287294227
"2008-07-11",15.174654960632324,15.670186996459961,14.85783863067627,15.174654960632324,10.780884742736816,383739753
"2008-07-14",15.597076416015625,15.75954532623291,14.394801139831543,14.394801139831543,10.226836204528809,291271342
"2008-07-15",14.264824867248535,14.80097484588623,13.62307071685791,13.948010444641113,9.909415245056152,577518234
"2008-07-16",14.419171333312988,15.775792121887207,14.216083526611328,15.775792121887207,11.207963943481445,448019742
"2008-07-17",16.41754722595215,16.969942092895508,15.848902702331543,16.45816421508789,11.69276237487793,649620981
"2008-07-18",16.95369529724121,17.132413864135742,16.409423828125,16.791227340698242,11.929387092590332,316816931
"2008-07-21",17.213647842407227,17.449228286743164,16.74248504638672,16.85621452331543,11.975557327270508,260827481
"2008-07-22",16.40130043029785,18.269699096679688,16.16571807861328,18.269699096679688,12.979771614074707,407857505
"2008-07-23",17.839155197143555,18.757108688354492,17.757919311523438,18.245328903198242,12.96246337890625,438753143
"2008-07-24",18.3671817779541,18.3671817779541,16.969942092895508,17.01868438720703,12.090985298156738,335380780
"2008-07-25",17.08367156982422,17.408611297607422,16.63688087463379,16.95369529724121,12.044815063476562,241407348
"2008-07-28",16.872461318969727,17.221771240234375,16.084484100341797,16.157594680786133,11.479220390319824,209227038
"2008-07-29",16.271324157714844,17.46547508239746,16.043867111206055,17.46547508239746,12.408406257629395,307696205
"2008-07-30",17.76604461669922,17.969131469726562,17.116165161132812,17.733549118041992,12.598861694335938,334457776
"2008-07-31",17.384239196777344,17.87164878845215,17.311128616333008,17.57107925415039,12.483437538146973,208456555
"2008-08-01",17.579204559326172,17.725425720214844,17.091794967651367,17.57107925415039,12.483437538146973,233089604
"2008-08-04",17.408611297607422,17.676685333251953,17.091794967651367,17.42485809326172,12.37955093383789,173696931
"2008-08-05",17.7010555267334,18.31031608581543,17.57107925415039,18.31031608581543,13.008630752563477,222832666
"2008-08-06",18.017871856689453,18.25345230102539,17.798538208007812,18.123477935791016,12.875892639160156,174735772
"2008-08-07",17.757919311523438,17.93663787841797,17.067424774169922,17.229894638061523,12.24103832244873,232640658
"2008-08-08",17.108041763305664,17.97725486755371,17.08367156982422,17.822908401489258,12.662347793579102,217414542
"2008-08-11",17.76604461669922,18.489032745361328,17.627944946289062,18.123477935791016,12.875892639160156,198637484
"2008-08-12",17.863525390625,17.879772186279297,17.059301376342773,17.205524444580078,12.223729133605957,235358583
"2008-08-13",17.002437591552734,17.043054580688477,16.441917419433594,16.709991455078125,11.871672630310059,282142492
"2008-08-14",16.620634078979492,17.270511627197266,16.555646896362305,17.229894638061523,12.24103832244873,159833779
"2008-08-15",17.286758422851562,17.579204559326172,17.132413864135742,17.351747512817383,12.327610969543457,164707308
"2008-08-18",17.286758422851562,17.286758422851562,16.612510681152344,16.68562126159668,11.85435962677002,199085937
"2008-08-19",16.450040817260742,16.51502799987793,16.01949691772461,16.198213577270508,11.508074760437012,214356492
"2008-08-20",16.222583770751953,16.531274795532227,15.930137634277344,16.531274795532227,11.744698524475098,210530790
"2008-08-21",16.133224487304688,16.41754722595215,16.06011390686035,16.2307071685791,11.53116226196289,162472673
"2008-08-22",16.620634078979492,16.91307830810547,16.450040817260742,16.84809112548828,11.969783782958984,181439675
"2008-08-25",16.620634078979492,16.62875747680664,16.2469539642334,16.255077362060547,11.548477172851562,118690804
"2008-08-26",16.271324157714844,16.51502799987793,16.092607498168945,16.385053634643555,11.64081859588623,130458179
"2008-08-27",16.39317512512207,16.726238250732422,16.263200759887695,16.701868057250977,11.865899085998535,109374842
"2008-08-28",16.880584716796875,17.42485809326172,16.815597534179688,17.376117706298828,12.344921112060547,190652725
"2008-08-29",17.197399139404297,17.497968673706055,17.14866065979004,17.400487899780273,12.362239837646484,171501320
"2008-09-02",17.839155197143555,17.969131469726562,17.327375411987305,17.64419174194336,12.535377502441406,200156538
"2008-09-03",17.562957763671875,17.93663787841797,17.384239196777344,17.92038917541504,12.731603622436523,178467795
"2008-09-04",17.660438537597656,17.81478500366211,17.034931182861328,17.043054580688477,12.108296394348145,226208068
"2008-09-05",16.783103942871094,17.660438537597656,16.75873374938965,17.660438537597656,12.546919822692871,294009947
"2008-09-08",19.065799713134766,19.090171813964844,17.749797821044922,18.42404556274414,13.089428901672363,518173693
"2008-09-09",18.050365447998047,18.440292358398438,17.18927764892578,17.24614143371582,12.252579689025879,407839902
"2008-09-10",17.36799430847168,17.790414810180664,16.766855239868164,17.034931182861328,12.10252571105957,310143310
"2008-09-11",16.490657806396484,17.47359848022461,16.385053634643555,17.42485809326172,12.37955093383789,411572786
"2008-09-12",16.986190795898438,17.481721878051758,16.880584716796875,17.181154251098633,12.206411361694336,313952147
"2008-09-15",16.035743713378906,16.84809112548828,15.50771713256836,15.50771713256836,11.017511367797852,555804994
"2008-09-16",14.776603698730469,16.669374465942383,14.622258186340332,16.669374465942383,11.842816352844238,594428727
"2008-09-17",15.840780258178711,15.97887897491455,14.711617469787598,15.069049835205078,10.705859184265137,625337783
"2008-09-18",15.296506881713867,16.62875747680664,13.939886093139648,16.255077362060547,11.548477172851562,1050592272
"2008-09-19",19.6588134765625,19.902517318725586,17.270511627197266,18.180341720581055,13.040105819702148,519107037
"2008-09-22",18.066612243652344,18.08285903930664,15.800162315368652,16.693744659423828,11.973823547363281,231788560
"2008-09-23",16.68562126159668,17.02680778503418,16.2469539642334,16.645004272460938,11.938864707946777,213533692
"2008-09-24",16.79935073852539,16.815597534179688,16.206335067749023,16.45816421508789,11.804852485656738,168258373
"2008-09-25",16.547521591186523,17.043054580688477,16.40130043029785,16.91307830810547,12.131139755249023,196826560
"2008-09-26",16.12510108947754,17.376117706298828,16.01949691772461,17.376117706298828,12.463264465332031,252887038
"2008-09-29",16.693744659423828,16.79935073852539,14.93907356262207,15.085296630859375,10.820140838623047,422434145
"2008-09-30",15.353370666503906,16.368806838989258,15.16653060913086,16.157594680786133,11.589263916015625,212701043
"2008-10-01",16.133224487304688,16.791227340698242,15.913890838623047,16.791227340698242,12.043745040893555,235842858
"2008-10-02",16.645004272460938,16.815597534179688,15.913890838623047,15.954508781433105,11.443598747253418,213501932
"2008-10-03",16.40130043029785,16.774980545043945,15.255889892578125,15.255889892578125,10.942500114440918,322736194
"2008-10-06",14.638504981994629,15.036556243896484,13.996750831604004,14.459789276123047,10.371487617492676,420354002
"2008-10-07",14.711617469787598,14.744110107421875,12.932575225830078,12.932575225830078,9.276069641113281,436457082
"2008-10-08",12.3964262008667,13.54183578491211,12.258326530456543,12.412672996520996,8.903167724609375,486205977
"2008-10-09",13.06255054473877,13.135662078857422,11.112915992736816,11.121040344238281,7.976723670959473,485969133
"2008-10-10",10.73111343383789,12.266449928283691,10.38992691040039,12.266449928283691,8.798288345336914,648326092
"2008-10-13",12.981315612792969,13.273760795593262,12.071487426757812,13.225020408630371,9.485830307006836,274509061
"2008-10-14",14.159219741821289,14.516653060913086,13.493095397949219,14.077984809875488,10.097631454467773,410632918
"2008-10-15",13.468725204467773,13.671812057495117,12.550771713256836,12.550771713256836,9.002217292785645,256192889
"2008-10-16",12.900080680847168,13.06255054473877,11.852152824401855,12.835092544555664,9.206151008605957,383211531
"2008-10-17",12.56701946258545,13.298131942749023,12.453289985656738,12.469536781311035,8.94395637512207,292251095
"2008-10-20",12.794475555419922,13.086920738220215,12.388301849365234,13.086920738220215,9.386775970458984,170736746
"2008-10-21",12.696993827819824,13.176279067993164,12.680747032165527,12.688871383666992,9.101271629333496,162976768
"2008-10-22",12.437043190002441,12.575141906738281,11.502842903137207,11.892769813537598,8.530256271362305,218857767
"2008-10-23",11.941511154174805,12.063363075256348,11.047928810119629,11.770917892456055,8.442858695983887,248715672
"2008-10-24",10.722989082336426,11.616572380065918,10.69861888885498,11.00731086730957,7.895147800445557,252223775
"2008-10-27",11.186027526855469,11.559707641601562,10.666125297546387,10.706742286682129,7.679561138153076,183470456
"2008-10-28",11.31600284576416,12.485783576965332,10.56052017211914,12.388301849365234,8.885682106018066,241738610
"2008-10-29",12.103981018066406,12.575141906738281,11.62469482421875,11.62469482421875,8.33797836303711,214718037
"2008-10-30",12.18521499633789,12.298944473266602,11.779041290283203,12.030868530273438,8.629310607910156,197687644
"2008-10-31",11.868399620056152,12.640130043029785,11.868399620056152,12.61575984954834,9.048832893371582,173640182
"2008-11-03",12.583266258239746,12.794475555419922,12.534524917602539,12.688871383666992,9.101271629333496,82914744
"2008-11-04",12.92445182800293,13.428107261657715,12.867587089538574,13.40373706817627,9.614021301269531,138595705
"2008-11-05",13.184403419494629,13.273760795593262,12.144598007202148,12.177091598510742,8.734189987182617,147492634
"2008-11-06",12.030868530273438,12.298944473266602,11.332249641418457,11.340373992919922,8.134044647216797,201705259
"2008-11-07",11.551584243774414,11.722176551818848,11.26726245880127,11.551584243774414,8.285536766052246,140329076
"2008-11-10",11.835906028747559,11.941511154174805,10.974817276000977,11.210397720336914,8.040816307067871,140162645
"2008-11-11",10.991064071655273,11.17790412902832,10.641755104064941,10.820470809936523,7.761135101318359,214783280
"2008-11-12",10.633630752563477,10.83671760559082,10.129976272583008,10.154346466064453,7.283348560333252,233086157
"2008-11-13",10.30869197845459,10.982940673828125,9.504467964172363,10.893582344055176,7.813578128814697,322958390
"2008-11-14",10.658001899719238,10.942322731018066,10.203086853027344,10.341185569763184,7.417360782623291,235483653
"2008-11-17",10.162469863891602,10.25182819366455,9.626319885253906,9.683183670043945,6.945398330688477,227032345
"2008-11-18",9.723801612854004,9.837530136108398,9.147034645080566,9.545084953308105,6.846344470977783,265910772
"2008-11-19",9.488221168518066,9.55320930480957,8.480910301208496,8.5458984375,6.129666328430176,254938500
"2008-11-20",8.399675369262695,8.59463882446289,7.5060930252075195,7.6279449462890625,5.471250057220459,493582622
"2008-11-21",7.985377788543701,8.001625061035156,7.043054103851318,7.863525867462158,5.640225410461426,442404166
"2008-11-24",8.29407024383545,9.415109634399414,8.188465118408203,9.057677268981934,6.49674654006958,378163323
"2008-11-25",9.626319885253906,9.764418601989746,9.114541053771973,9.585702896118164,6.875478744506836,288533475
"2008-11-26",9.317627906799316,10.073110580444336,9.260764122009277,10.032493591308594,7.195949077606201,168369286
"2008-11-28",10.048741340637207,10.373680114746094,9.935011863708496,10.284321784973145,7.3765740394592285,67060941
"2008-12-01",9.886271476745605,9.91064167022705,8.554020881652832,8.570267677307129,6.147146701812744,205318859
"2008-12-02",8.846466064453125,9.333874702453613,8.480910301208496,9.26888656616211,6.64824104309082,241340997
"2008-12-03",8.895207405090332,9.86190128326416,8.846466064453125,9.74817180633545,6.9920125007629395,257054343
"2008-12-04",9.512591361999512,10.194963455200195,9.415109634399414,9.642566680908203,6.916268348693848,219393375
"2008-12-05",9.406986236572266,10.471161842346191,9.390739440917969,10.406173706054688,7.463974475860596,275159275
"2008-12-08",10.83671760559082,11.226645469665527,10.714865684509277,11.104792594909668,7.9650678634643555,248535576
"2008-12-09",10.909829139709473,11.202275276184082,10.56052017211914,10.658001899719238,7.644604206085205,237956855
"2008-12-10",10.739235877990723,10.796100616455078,10.243703842163086,10.471161842346191,7.510589122772217,191223909
"2008-12-11",10.30869197845459,10.38992691040039,9.618197441101074,9.666936874389648,6.933747291564941,190928716
"2008-12-12",9.317627906799316,9.886271476745605,9.203899383544922,9.853776931762695,7.067759990692139,164449290
"2008-12-15",9.82940673828125,9.86190128326416,9.309503555297852,9.447604179382324,6.776426792144775,136861718
"2008-12-16",10.503656387329102,10.519903182983398,9.61007308959961,10.503656387329102,7.533897876739502,274174721
"2008-12-17",10.30869197845459,10.706742286682129,10.194963455200195,10.406173706054688,7.463974475860596,185359425
"2008-12-18",10.454915046691895,10.601137161254883,9.991876602172852,10.105605125427246,7.248389720916748,182620327
"2008-12-19",9.959383010864258,10.194963455200195,9.788789749145508,9.935011863708496,7.232423782348633,162598605
"2008-12-22",9.959383010864258,10.008123397827148,9.43947982788086,9.585702896118164,6.978132247924805,148061603
"2008-12-23",9.634444236755371,9.723801612854004,9.333874702453613,9.358244895935059,6.8125529289245605,73468296
"2008-12-24",9.431357383728027,9.5775785446167,9.341998100280762,9.561331748962402,6.960391521453857,22234938
"2008-12-26",9.658814430236816,9.675061225891113,9.455726623535156,9.569456100463867,6.966306209564209,37218054
"2008-12-29",9.593826293945312,9.601949691772461,9.309503555297852,9.488221168518066,6.907169342041016,47453450
"2008-12-30",9.536961555480957,9.902518272399902,9.504467964172363,9.853776931762695,7.17328405380249,72357934
"2008-12-31",9.878148078918457,10.259950637817383,9.805036544799805,10.17059326171875,7.403918266296387,109208165
"2009-01-02",10.178715705871582,10.406173706054688,9.9187650680542,10.284321784973145,7.486711502075195,117919090
"2009-01-05",10.235581398010254,10.349309921264648,10.056863784790039,10.113728523254395,7.362523555755615,127885266
"2009-01-06",10.235581398010254,10.414297103881836,10.162469863891602,10.276198387145996,7.48079776763916,153337176
"2009-01-07",10.040616989135742,10.113728523254395,9.723801612854004,9.740049362182617,7.090495586395264,131015946
"2009-01-08",9.683183670043945,9.845653533935547,9.593826293945312,9.699431419372559,7.060924530029297,132274643
"2009-01-09",9.78066635131836,9.837530136108398,9.374491691589355,9.390739440917969,6.83620548248291,125745788
"2009-01-12",9.358244895935059,9.38261604309082,8.76523208618164,8.895207405090332,6.475470066070557,179488048
"2009-01-13",8.76523208618164,9.122665405273438,8.675872802734375,9.017059326171875,6.5641770362854,253377222
"2009-01-14",8.716490745544434,8.73273754119873,8.432168960571289,8.497157096862793,6.185699462890625,201367472
"2009-01-15",8.472785949707031,8.480910301208496,7.790413856506348,8.107230186462402,5.901844024658203,326492960
"2009-01-16",8.326563835144043,8.415922164916992,7.5060930252075195,7.863525867462158,5.724433898925781,250760855
"2009-01-20",7.424858093261719,7.51421594619751,6.555645942687988,6.5637688636779785,4.7782464027404785,300320300
"2009-01-21",6.953695774078369,7.546710014343262,6.669373989105225,7.530463218688965,5.48197603225708,389759343
"2009-01-22",7.229894161224365,7.441104888916016,6.872460842132568,7.067424774169922,5.144894123077393,289483314
"2009-01-23",6.750608921051025,7.38424015045166,6.726239204406738,7.303006172180176,5.316391944885254,284052758
"2009-01-26",7.449227809906006,7.636067867279053,7.067424774169922,7.173029899597168,5.22177267074585,248432049
"2009-01-27",7.319252967834473,7.457352161407471,7.197400093078613,7.424858093261719,5.405097961425781,166844939
"2009-01-28",8.074735641479492,8.537774085998535,7.952884197235107,8.37530517578125,6.096997261047363,385065663
"2009-01-29",8.058488845825195,8.131600379943848,7.676685810089111,7.7173027992248535,5.617988109588623,203495871
"2009-01-30",7.8229079246521,7.896018981933594,7.37611722946167,7.5060930252075195,5.4642333984375,282654711
"2009-02-02",7.311129093170166,7.579204082489014,7.238018035888672,7.5060930252075195,5.4642333984375,148428194
"2009-02-03",7.6279449462890625,7.644192218780518,7.20552396774292,7.3679938316345215,5.363701343536377,226112665
"2009-02-04",7.441104888916016,7.603573799133301,7.229894161224365,7.286758899688721,5.304564952850342,261722787
"2009-02-05",7.197400093078613,7.587327003479004,6.937448978424072,7.400486946105957,5.387355804443359,474387516
"2009-02-06",7.603573799133301,8.03411865234375,7.546710014343262,7.952884197235107,5.789485931396484,326797509
"2009-02-09",8.025995254516602,8.196587562561035,7.9041428565979,8.042242050170898,5.854537010192871,208984531
"2009-02-10",7.944759845733643,8.025995254516602,7.148660182952881,7.221770763397217,5.2572550773620605,399645012
"2009-02-11",7.343623161315918,7.587327003479004,7.311129093170166,7.571080207824707,5.511543273925781,225005627
"2009-02-12",7.327375888824463,7.51421594619751,7.026806831359863,7.473598957061768,5.440579891204834,282216229
"2009-02-13",7.311129093170166,7.432981014251709,7.164906978607178,7.189277172088623,5.233601093292236,209027739
"2009-02-17",6.7343621253967285,6.823720932006836,6.4744110107421875,6.4744110107421875,4.71319580078125,274266185
"2009-02-18",6.669373989105225,6.6856207847595215,6.271324157714844,6.4744110107421875,4.71319580078125,269314979
"2009-02-19",6.5962629318237305,6.628756999969482,6.0926079750061035,6.133224964141846,4.464824199676514,257146298
"2009-02-20",5.832655906677246,6.19821310043335,5.564581871032715,6.043867111206055,4.3997721672058105,503483309
"2009-02-23",6.2632012367248535,6.311942100524902,5.832655906677246,5.832655906677246,4.246016025543213,262755965
"2009-02-24",5.913890838623047,6.539399147033691,5.840779781341553,6.539399147033691,4.760507106781006,327940739
"2009-02-25",6.4419169425964355,6.799349784851074,6.116978168487549,6.498781204223633,4.7309393882751465,400245986
"2009-02-26",6.807474136352539,6.953695774078369,6.539399147033691,6.604386806488037,4.807816982269287,388346771
"2009-02-27",6.133224964141846,6.482534885406494,6.1251020431518555,6.173841953277588,4.494390964508057,308811984
"2009-03-02",5.938261985778809,6.043867111206055,5.71892786026001,5.783915996551514,4.210535049438477,230782341
"2009-03-03",5.930138111114502,5.970755100250244,5.556457996368408,5.670186996459961,4.127743244171143,234076127
"2009-03-04",5.873273849487305,5.881396770477295,5.4427289962768555,5.597075939178467,4.074522495269775,285063778
"2009-03-05",5.4427289962768555,5.458975791931152,4.947196960449219,5.069049835205078,3.690131664276123,346455471
"2009-03-06",5.142160892486572,5.264012813568115,4.776604175567627,5.020308971405029,3.654649496078491,265816601
"2009-03-09",4.914702892303467,5.239643096923828,4.8497161865234375,5.085297107696533,3.7019596099853516,300571670
"2009-03-10",5.41023588180542,5.873273849487305,5.361495018005371,5.840779781341553,4.251929759979248,435885036
"2009-03-11",6.068236827850342,6.222582817077637,5.857027053833008,5.995125770568848,4.364291667938232,511086088
"2009-03-12",5.970755100250244,6.6856207847595215,5.89764404296875,6.6125102043151855,4.813728332519531,476439962
"2009-03-13",6.7343621253967285,6.823720932006836,6.368805885314941,6.653128147125244,4.843299388885498,341559661
"2009-03-16",6.815597057342529,7.051177978515625,6.498781204223633,6.523151874542236,4.7486796379089355,353656206
"2009-03-17",6.51502799987793,6.969943046569824,6.393176078796387,6.945572853088379,5.056189060211182,276164140
"2009-03-18",6.864337921142578,7.676685810089111,6.791226863861084,7.644192218780518,5.564765453338623,509248328
"2009-03-19",7.863525867462158,7.879773139953613,7.018683910369873,7.034931182861328,5.121239185333252,508014866
"2009-03-20",6.961820125579834,6.994314193725586,6.571893215179443,6.6125102043151855,4.86201286315918,375016395
"2009-03-23",7.189277172088623,7.814785003662109,7.034931182861328,7.701056003570557,5.662393093109131,457828227
"2009-03-24",7.489846229553223,7.855401992797852,7.270512104034424,7.327375888824463,5.387634754180908,368470429
"2009-03-25",7.497969150543213,7.7660441398620605,7.059300899505615,7.571080207824707,5.566825866699219,440502517
"2009-03-26",7.709179878234863,7.757919788360596,7.408610820770264,7.6604390144348145,5.6325297355651855,306281294
"2009-03-27",7.457352161407471,7.709179878234863,7.408610820770264,7.424858093261719,5.459312915802002,245167807
"2009-03-30",7.010560989379883,7.124289035797119,6.718114852905273,6.783102989196777,4.98744535446167,273044294
"2009-03-31",6.961820125579834,7.278635025024414,6.8562140464782715,7.156783103942871,5.262203216552734,300060805
"2009-04-01",6.953695774078369,7.408610820770264,6.937448978424072,7.359869956970215,5.41152811050415,214623004
"2009-04-02",7.790413856506348,7.814785003662109,7.457352161407471,7.562956809997559,5.560850620269775,293319479
"2009-04-03",7.489846229553223,7.896018981933594,7.449227809906006,7.871648788452148,5.787826061248779,224946170
"2009-04-06",7.611698150634766,7.7660441398620605,7.5385870933532715,7.6604390144348145,5.6325297355651855,222197593
"2009-04-07",7.424858093261719,7.644192218780518,7.416734218597412,7.432981014251709,5.46528434753418,212819958
"2009-04-08",7.546710014343262,7.6279449462890625,7.319252967834473,7.473598957061768,5.495151042938232,154755288
"2009-04-09",8.147847175598145,8.675872802734375,8.03411865234375,8.635255813598633,6.34928560256958,384778225
"2009-04-13",8.464662551879883,9.147034645080566,8.407798767089844,9.000811576843262,6.618072509765625,307171184
"2009-04-14",8.862712860107422,9.041430473327637,8.350934028625488,8.407798767089844,6.182042598724365,393041928
"2009-04-15",8.29407024383545,8.878959655761719,8.172218322753906,8.813972473144531,6.480695724487305,237804457
"2009-04-16",8.976442337036133,9.057677268981934,8.602762222290039,8.911454200744629,6.552369594573975,267621000
"2009-04-17",8.870837211608887,9.203899383544922,8.708367347717285,9.025182723999023,6.635989189147949,281153137
"2009-04-20",8.602762222290039,8.65150260925293,7.99350118637085,8.017871856689453,5.895340442657471,325535488
"2009-04-21",7.676685810089111,8.619009017944336,7.644192218780518,8.610884666442871,6.331366539001465,356329199
"2009-04-22",8.326563835144043,8.82209587097168,8.277823448181152,8.302192687988281,6.104394435882568,299510302
"2009-04-23",8.424044609069824,8.748985290527344,8.302192687988281,8.692119598388672,6.391099452972412,208109536
"2009-04-24",8.740860939025879,9.057677268981934,8.578392028808594,8.887084007263184,6.534449100494385,288261916
"2009-04-27",8.635255813598633,8.870837211608887,8.554020881652832,8.740860939025879,6.426934719085693,157074123
"2009-04-28",8.399675369262695,8.65150260925293,8.37530517578125,8.472785949707031,6.229828834533691,166197310
"2009-04-29",8.586515426635742,8.919577598571777,8.570267677307129,8.838342666625977,6.498611927032471,192158977
"2009-04-30",8.99268913269043,9.057677268981934,8.643379211425781,8.716490745544434,6.409018039703369,215537513
"2009-05-01",8.724614143371582,8.85459041595459,8.570267677307129,8.65150260925293,6.361232280731201,137526705
"2009-05-04",8.76523208618164,9.536961555480957,8.757107734680176,9.528838157653809,7.0063157081604,260737864
"2009-05-05",9.350122451782227,9.561331748962402,9.293257713317871,9.390739440917969,6.904773235321045,200012388
"2009-05-06",9.675061225891113,10.203086853027344,9.626319885253906,10.13809871673584,7.454288959503174,330286040
"2009-05-07",10.61738395690918,10.61738395690918,9.69130802154541,9.845653533935547,7.239263534545898,350441326
"2009-05-08",10.0,10.625508308410645,9.9187650680542,10.576766967773438,7.776828765869141,368943749
"2009-05-11",10.243703842163086,10.365555763244629,9.9187650680542,9.959383010864258,7.322883605957031,254006756
"2009-05-12",10.032493591308594,10.056863784790039,9.43947982788086,9.74817180633545,7.167586803436279,254245447
"2009-05-13",9.47197437286377,9.545084953308105,9.203899383544922,9.252639770507812,6.803232192993164,237690343
"2009-05-14",9.171404838562012,9.650690078735352,9.16328239440918,9.561331748962402,7.030209064483643,214387267
"2009-05-15",9.593826293945312,9.675061225891113,9.285134315490723,9.366369247436523,6.886857509613037,188082520
"2009-05-18",9.634444236755371,10.048741340637207,9.561331748962402,9.983753204345703,7.3408050537109375,168822171
"2009-05-19",9.983753204345703,10.146223068237305,9.764418601989746,9.78066635131836,7.191478252410889,194454423
"2009-05-20",10.008123397827148,10.048741340637207,9.455726623535156,9.52071475982666,7.0003461837768555,338297881
"2009-05-21",9.38261604309082,9.642566680908203,9.358244895935059,9.536961555480957,7.012290000915527,267674180
"2009-05-22",9.626319885253906,9.650690078735352,9.431357383728027,9.47197437286377,6.964504718780518,118089215
"2009-05-26",9.358244895935059,9.821284294128418,9.350122451782227,9.78066635131836,7.191478252410889,185271163
"2009-05-27",9.870023727416992,9.902518272399902,9.455726623535156,9.488221168518066,6.976451396942139,211276284
"2009-05-28",9.561331748962402,9.788789749145508,9.398862838745117,9.756296157836914,7.173559188842773,228614303
"2009-05-29",9.837530136108398,10.032493591308594,9.650690078735352,9.935011863708496,7.304964542388916,231964224
"2009-06-01",10.064988136291504,10.227457046508789,9.943136215209961,10.040616989135742,7.382612228393555,236336489
"2009-06-02",9.902518272399902,10.032493591308594,9.821284294128418,9.878148078918457,7.263154983520508,237238566
"2009-06-03",9.813159942626953,9.902518272399902,9.650690078735352,9.74817180633545,7.167586803436279,172765434
"2009-06-04",9.837530136108398,10.113728523254395,9.813159942626953,10.097481727600098,7.424427032470703,200735723
"2009-06-05",10.268074989318848,10.292445182800293,9.935011863708496,10.008123397827148,7.3587212562561035,188049530
"2009-06-08",9.91064167022705,10.178715705871582,9.902518272399902,10.0812349319458,7.412479877471924,114387228
"2009-06-09",10.13809871673584,10.186840057373047,10.032493591308594,10.154346466064453,7.466235160827637,114763791
"2009-06-10",10.211210250854492,10.21933364868164,9.878148078918457,10.0,7.352747917175293,193137006
"2009-06-11",10.0,10.227457046508789,9.983753204345703,10.0812349319458,7.412479877471924,192736070
"2009-06-12",10.073110580444336,10.154346466064453,10.048741340637207,10.146223068237305,7.46026086807251,101101415
"2009-06-15",10.048741340637207,10.073110580444336,9.845653533935547,9.886271476745605,7.269124984741211,117569979
"2009-06-16",9.91064167022705,9.935011863708496,9.675061225891113,9.715678215026855,7.143693447113037,139644394
"2009-06-17",9.650690078735352,9.666936874389648,9.350122451782227,9.431357383728027,6.934638977050781,255798230
"2009-06-18",9.463850975036621,9.707554817199707,9.455726623535156,9.658814430236816,7.101881980895996,149106352
"2009-06-19",9.731925010681152,9.837530136108398,9.593826293945312,9.78066635131836,7.22856330871582,218644804
"2009-06-22",9.650690078735352,9.715678215026855,9.203899383544922,9.21202278137207,6.808298110961914,163965753
"2009-06-23",9.285134315490723,9.415109634399414,9.179529190063477,9.317627906799316,6.886347770690918,172708561
"2009-06-24",9.447604179382324,9.585702896118164,9.358244895935059,9.431357383728027,6.970399379730225,133115662
"2009-06-25",9.398862838745117,9.634444236755371,9.341998100280762,9.634444236755371,7.120494365692139,156577784
"2009-06-26",9.585702896118164,9.723801612854004,9.536961555480957,9.683183670043945,7.1565165519714355,90023153
"2009-06-29",9.707554817199707,9.82940673828125,9.601949691772461,9.805036544799805,7.246574401855469,137113950
"2009-06-30",9.813159942626953,9.837530136108398,9.634444236755371,9.707554817199707,7.17453145980835,124690329
"2009-07-01",9.723801612854004,9.772542953491211,9.642566680908203,9.650690078735352,7.132504463195801,71842391
"2009-07-02",9.55320930480957,9.561331748962402,9.293257713317871,9.317627906799316,6.886347770690918,125072185
"2009-07-06",9.228269577026367,9.341998100280762,9.138911247253418,9.325751304626465,6.892350196838379,107628053
"2009-07-07",9.333874702453613,9.358244895935059,9.147034645080566,9.179529190063477,6.784281253814697,119638920
"2009-07-08",9.195775985717773,9.220146179199219,8.797724723815918,9.025182723999023,6.6702094078063965,248119375
"2009-07-09",9.155158042907715,9.236392974853516,9.065799713134766,9.138911247253418,6.754267692565918,160788419
"2009-07-10",9.07392406463623,9.098294258117676,8.952071189880371,9.017059326171875,6.664206504821777,117735302
"2009-07-13",9.220146179199219,9.601949691772461,9.16328239440918,9.593826293945312,7.090476989746094,278149374
"2009-07-14",9.601949691772461,9.618197441101074,9.43947982788086,9.55320930480957,7.060458183288574,195259127
"2009-07-15",9.707554817199707,10.073110580444336,9.69130802154541,9.959383010864258,7.3606462478637695,222874027
"2009-07-16",9.870023727416992,10.024370193481445,9.764418601989746,9.926889419555664,7.336631774902344,147851963
"2009-07-17",9.951258659362793,9.991876602172852,9.788789749145508,9.86190128326416,7.288602828979492,173246139
"2009-07-20",9.935011863708496,10.008123397827148,9.870023727416992,9.943136215209961,7.348639488220215,135604252
"2009-07-21",9.951258659362793,9.983753204345703,9.756296157836914,9.853776931762695,7.282597064971924,156874455
"2009-07-22",9.675061225891113,9.943136215209961,9.658814430236816,9.86190128326416,7.288602828979492,123101477
"2009-07-23",9.878148078918457,10.203086853027344,9.821284294128418,10.146223068237305,7.498732089996338,156626901
"2009-07-24",10.056863784790039,10.146223068237305,9.959383010864258,10.08935832977295,7.45671272277832,89317544
"2009-07-27",10.121851921081543,10.276198387145996,10.0812349319458,10.25182819366455,7.576784610748291,113482936
"2009-07-28",10.162469863891602,10.268074989318848,10.129976272583008,10.227457046508789,7.55877161026001,73711911
"2009-07-29",10.162469863891602,10.276198387145996,10.129976272583008,10.227457046508789,7.55877161026001,124764312
"2009-07-30",10.324938774108887,10.584890365600586,10.324938774108887,10.463038444519043,7.732882499694824,161803625
"2009-07-31",10.463038444519043,10.576766967773438,10.398050308227539,10.568642616271973,7.810928821563721,161635840
"2009-08-03",10.763607025146484,10.852965354919434,10.690496444702148,10.83671760559082,8.009057998657227,141779933
"2009-08-04",10.779853820800781,11.112915992736816,10.739235877990723,11.056052207946777,8.171159744262695,123182969
"2009-08-05",11.121040344238281,11.494720458984375,11.06417465209961,11.437854766845703,8.453336715698242,205272204
"2009-08-06",11.616572380065918,11.65718936920166,11.259139060974121,11.356620788574219,8.393299102783203,290627775
"2009-08-07",11.519089698791504,11.860276222229004,11.4541015625,11.65718936920166,8.615435600280762,233042703
"2009-08-10",11.640941619873047,11.738424301147461,11.470349311828613,11.608448028564453,8.579416275024414,117157348
"2009-08-11",11.535337448120117,11.543460845947266,11.161657333374023,11.17790412902832,8.26121711730957,157646661
"2009-08-12",11.14540958404541,11.494720458984375,11.137287139892578,11.40536117553711,8.4293212890625,128570318
"2009-08-13",11.584077835083008,11.649065971374512,11.372867584228516,11.640941619873047,8.60343074798584,166225254
"2009-08-14",11.632819175720215,11.640941619873047,11.372867584228516,11.567831039428711,8.549398422241211,133410610
"2009-08-17",11.226645469665527,11.242892265319824,11.06417465209961,11.080422401428223,8.189167976379395,141513667
"2009-08-18",11.186027526855469,11.356620788574219,11.169780731201172,11.307880401611328,8.35727596282959,99642556
"2009-08-19",11.129162788391113,11.372867584228516,11.104792594909668,11.299756050109863,8.351272583007812,96251028
"2009-08-20",11.332249641418457,11.616572380065918,11.324127197265625,11.592201232910156,8.567410469055176,111257534
"2009-08-21",11.722176551818848,11.8765230178833,11.65718936920166,11.819659233093262,8.735514640808105,134382361
"2009-08-24",11.990251541137695,12.071487426757812,11.697807312011719,11.730300903320312,8.669468879699707,152575803
"2009-08-25",11.819659233093262,11.990251541137695,11.819659233093262,11.8765230178833,8.777538299560547,116332824
"2009-08-26",11.811534881591797,11.925264358520508,11.70592975616455,11.844029426574707,8.75352668762207,113992570
"2009-08-27",11.835906028747559,11.990251541137695,11.70592975616455,11.96588134765625,8.843579292297363,100287847
"2009-08-28",12.079609870910645,12.103981018066406,11.844029426574707,11.982128143310547,8.855594635009766,99309571
"2009-08-31",11.76279354095459,11.949633598327637,11.74654769897461,11.941511154174805,8.825572967529297,101467637
"2009-09-01",11.852152824401855,11.982128143310547,11.275385856628418,11.299756050109863,8.351272583007812,234730773
"2009-09-02",11.202275276184082,11.372867584228516,11.161657333374023,11.202275276184082,8.279223442077637,129933281
"2009-09-03",11.324127197265625,11.462225914001465,11.242892265319824,11.421607971191406,8.441327095031738,97488183
"2009-09-04",11.494720458984375,11.551584243774414,11.389115333557129,11.551584243774414,8.537389755249023,89279383
"2009-09-08",11.722176551818848,11.738424301147461,11.535337448120117,11.600324630737305,8.57341194152832,99369767
"2009-09-09",11.632819175720215,11.819659233093262,11.600324630737305,11.779041290283203,8.705495834350586,111341365
"2009-09-10",11.738424301147461,11.900894165039062,11.600324630737305,11.8765230178833,8.777538299560547,114235569
"2009-09-11",11.91714096069336,11.925264358520508,11.7952880859375,11.803412437438965,8.723511695861816,80452005
"2009-09-14",11.649065971374512,11.990251541137695,11.640941619873047,11.957757949829102,8.837576866149902,88924363
"2009-09-15",11.990251541137695,12.103981018066406,11.835906028747559,11.982128143310547,8.855594635009766,129108388
"2009-09-16",12.0552396774292,12.3964262008667,12.022746086120605,12.3964262008667,9.161785125732422,153591131
"2009-09-17",12.388301849365234,12.534524917602539,12.266449928283691,12.35580825805664,9.13176155090332,137935027
"2009-09-18",12.372055053710938,12.388301849365234,12.22583293914795,12.298944473266602,9.117913246154785,112413566
"2009-09-21",12.18521499633789,12.250203132629395,12.144598007202148,12.18521499633789,9.033595085144043,103587296
"2009-09-22",12.363931655883789,12.477660179138184,12.290820121765137,12.461413383483887,9.238358497619629,105834240
"2009-09-23",12.485783576965332,12.542648315429688,12.193339347839355,12.209586143493652,9.051669120788574,134086798
"2009-09-24",12.282696723937988,12.315191268920898,11.892769813537598,11.96588134765625,8.870990753173828,163284149
"2009-09-25",11.900894165039062,12.006499290466309,11.76279354095459,11.852152824401855,8.786683082580566,143733037
"2009-09-28",11.91714096069336,12.266449928283691,11.900894165039062,12.250203132629395,9.081781387329102,96599401
"2009-09-29",12.298944473266602,12.388301849365234,12.168968200683594,12.193339347839355,9.039620399475098,127167716
"2009-09-30",12.266449928283691,12.307066917419434,11.998374938964844,12.136473655700684,8.997459411621094,180006914
"2009-10-01",12.071487426757812,12.095856666564941,11.592201232910156,11.600324630737305,8.599984169006348,157511128
"2009-10-02",11.40536117553711,11.74654769897461,11.34849739074707,11.608448028564453,8.606008529663086,158977372
"2009-10-05",11.754671096801758,11.998374938964844,11.722176551818848,11.974004745483398,8.877016067504883,121768797
"2009-10-06",12.136473655700684,12.258326530456543,11.949633598327637,12.128351211547852,8.991443634033203,157014296
"2009-10-07",12.071487426757812,12.266449928283691,12.04711627960205,12.258326530456543,9.087801933288574,120700289
"2009-10-08",12.347684860229492,12.420796394348145,12.233956336975098,12.274574279785156,9.099847793579102,112612372
"2009-10-09",12.242079734802246,12.388301849365234,12.217708587646484,12.380179405212402,9.17813777923584,73837719
"2009-10-12",12.437043190002441,12.49390697479248,12.363931655883789,12.477660179138184,9.250405311584473,91643272
"2009-10-13",12.3964262008667,12.437043190002441,12.250203132629395,12.35580825805664,9.160066604614258,91537160
"2009-10-14",12.623883247375488,12.802599906921387,12.534524917602539,12.778228759765625,9.47323226928711,164466893
"2009-10-15",12.640130043029785,12.688871383666992,12.550771713256836,12.66450023651123,9.388919830322266,103035685
"2009-10-16",12.428919792175293,12.461413383483887,12.331438064575195,12.363931655883789,9.16609001159668,138771615
"2009-10-19",12.412672996520996,12.485783576965332,12.307066917419434,12.420796394348145,9.208247184753418,114214273
"2009-10-20",12.3964262008667,12.469536781311035,12.250203132629395,12.32331371307373,9.135981559753418,131393863
"2009-10-21",12.290820121765137,12.49390697479248,12.079609870910645,12.08773422241211,8.96133041381836,105829686
"2009-10-22",12.144598007202148,12.469536781311035,12.095856666564941,12.44516658782959,9.22631549835205,148468694
"2009-10-23",12.469536781311035,12.510153770446777,12.18521499633789,12.266449928283691,9.093823432922363,108821016
"2009-10-26",12.258326530456543,12.298944473266602,11.884647369384766,11.949633598327637,8.858951568603516,149608600
"2009-10-27",11.957757949829102,12.006499290466309,11.787164688110352,11.860276222229004,8.792702674865723,125341405
"2009-10-28",11.811534881591797,11.860276222229004,11.462225914001465,11.494720458984375,8.521696090698242,145026326
"2009-10-29",11.697807312011719,11.990251541137695,11.608448028564453,11.974004745483398,8.877016067504883,147296659
"2009-10-30",11.868399620056152,11.868399620056152,11.34849739074707,11.413484573364258,8.461468696594238,168815032
"2009-11-02",11.502842903137207,11.70592975616455,11.194150924682617,11.510967254638672,8.53373908996582,209353831
"2009-11-03",11.31600284576416,11.592201232910156,11.307880401611328,11.543460845947266,8.557831764221191,135013126
"2009-11-04",11.714054107666016,11.74654769897461,11.364744186401367,11.380990982055664,8.437382698059082,156933912
"2009-11-05",11.478472709655762,11.689682960510254,11.397237777709961,11.673436164855957,8.65418815612793,128854925
"2009-11-06",11.478472709655762,11.681559562683105,11.462225914001465,11.62469482421875,8.618054389953613,91056947
"2009-11-09",11.787164688110352,12.0552396774292,11.714054107666016,12.038992881774902,8.925195693969727,123283911
"2009-11-10",11.982128143310547,12.079609870910645,11.884647369384766,11.998374938964844,8.895089149475098,86729120
"2009-11-11",12.120226860046387,12.290820121765137,12.079609870910645,12.160844802856445,9.015530586242676,123428800
"2009-11-12",12.136473655700684,12.217708587646484,11.909016609191895,11.93338680267334,8.846905708312988,112801454
"2009-11-13",11.949633598327637,11.998374938964844,11.811534881591797,11.909016609191895,8.828837394714355,92111052
"2009-11-16",12.0552396774292,12.201461791992188,11.982128143310547,12.038992881774902,8.925195693969727,150075519
"2009-11-17",12.01462173461914,12.095856666564941,11.96588134765625,12.071487426757812,8.949285507202148,70430557
"2009-11-18",12.08773422241211,12.177091598510742,12.038992881774902,12.168968200683594,9.02155590057373,90591013
"2009-11-19",12.095856666564941,12.103981018066406,11.884647369384766,11.93338680267334,8.846905708312988,95800113
"2009-11-20",11.835906028747559,11.93338680267334,11.811534881591797,11.860276222229004,8.792702674865723,65219734
"2009-11-23",11.990251541137695,12.112104415893555,11.96588134765625,12.030868530273438,8.919177055358887,91208237
"2009-11-24",11.998374938964844,12.038992881774902,11.8765230178833,11.941511154174805,8.852928161621094,75278974
"2009-11-25",12.006499290466309,12.01462173461914,11.892769813537598,11.91714096069336,8.834859848022461,54272328
"2009-11-27",11.575955390930176,11.779041290283203,11.535337448120117,11.600324630737305,8.599984169006348,93325557
"2009-11-30",11.65718936920166,11.93338680267334,11.649065971374512,11.909016609191895,8.828837394714355,124414954
"2009-12-01",11.990251541137695,12.022746086120605,11.852152824401855,11.91714096069336,8.834859848022461,106757244
"2009-12-02",11.892769813537598,11.96588134765625,11.844029426574707,11.909016609191895,8.828837394714355,76497910
"2009-12-03",12.006499290466309,12.136473655700684,11.640941619873047,11.665312767028809,8.648164749145508,205411431
"2009-12-04",11.884647369384766,11.93338680267334,11.681559562683105,11.884647369384766,8.810774803161621,240718603
"2009-12-07",11.835906028747559,11.909016609191895,11.649065971374512,11.689682960510254,8.666230201721191,99919162
"2009-12-08",11.616572380065918,11.673436164855957,11.551584243774414,11.584077835083008,8.58794116973877,133715775
"2009-12-09",11.608448028564453,11.689682960510254,11.519089698791504,11.62469482421875,8.618054389953613,90631636
"2009-12-10",11.65718936920166,11.714054107666016,11.551584243774414,11.608448028564453,8.606008529663086,86215178
"2009-12-11",11.616572380065918,11.697807312011719,11.519089698791504,11.689682960510254,8.666230201721191,81270989
"2009-12-14",11.722176551818848,11.76279354095459,11.608448028564453,11.754671096801758,8.7144136428833,72967894
"2009-12-15",11.681559562683105,11.730300903320312,11.519089698791504,11.567831039428711,8.575897216796875,105373600
"2009-12-16",11.640941619873047,11.714054107666016,11.592201232910156,11.640941619873047,8.630096435546875,112051283
"2009-12-17",11.543460845947266,11.575955390930176,11.421607971191406,11.421607971191406,8.467490196228027,113375592
"2009-12-18",11.462225914001465,11.567831039428711,11.380990982055664,11.551584243774414,8.595646858215332,116291955
"2009-12-21",11.608448028564453,11.722176551818848,11.600324630737305,11.722176551818848,8.722582817077637,71633860
"2009-12-22",11.714054107666016,11.754671096801758,11.689682960510254,11.74654769897461,8.740715026855469,32138456
"2009-12-23",11.76279354095459,11.779041290283203,11.673436164855957,11.697807312011719,8.704444885253906,47493211
"2009-12-24",11.738424301147461,11.803412437438965,11.730300903320312,11.803412437438965,8.783031463623047,22487785
"2009-12-28",11.819659233093262,11.852152824401855,11.714054107666016,11.76279354095459,8.752802848815918,36303913
"2009-12-29",11.7952880859375,11.803412437438965,11.714054107666016,11.714054107666016,8.71654224395752,32447806
"2009-12-30",11.665312767028809,11.730300903320312,11.616572380065918,11.722176551818848,8.722582817077637,35503394
"2009-12-31",11.738424301147461,11.7952880859375,11.681559562683105,11.697807312011719,8.704444885253906,40923487
"2010-01-04",11.7952880859375,11.96588134765625,11.770917892456055,11.93338680267334,8.879745483398438,92942347
"2010-01-05",11.91714096069336,12.152721405029297,11.900894165039062,12.152721405029297,9.042954444885254,96770018
"2010-01-06",12.144598007202148,12.22583293914795,12.0552396774292,12.177091598510742,9.061087608337402,75492798
"2010-01-07",12.201461791992188,12.510153770446777,12.177091598510742,12.437043190002441,9.254524230957031,117869112
"2010-01-08",12.372055053710938,12.437043190002441,12.266449928283691,12.363931655883789,9.200116157531738,111866140
"2010-01-11",12.485783576965332,12.49390697479248,12.298944473266602,12.372055053710938,9.206164360046387,72747299
"2010-01-12",12.274574279785156,12.331438064575195,12.112104415893555,12.193339347839355,9.073177337646484,137613736
"2010-01-13",12.193339347839355,12.372055053710938,12.095856666564941,12.331438064575195,9.175939559936523,100839458
"2010-01-14",12.290820121765137,12.428919792175293,12.258326530456543,12.388301849365234,9.218252182006836,70844542
"2010-01-15",12.315191268920898,12.32331371307373,12.120226860046387,12.136473655700684,9.030863761901855,118059301
"2010-01-19",12.08773422241211,12.298944473266602,12.022746086120605,12.290820121765137,9.14571762084961,100437782
"2010-01-20",12.209586143493652,12.339561462402344,12.128351211547852,12.258326530456543,9.121538162231445,99359426
"2010-01-21",12.250203132629395,12.331438064575195,11.779041290283203,11.909016609191895,8.861614227294922,310007531
"2010-01-22",11.868399620056152,11.925264358520508,11.4541015625,11.519089698791504,8.571462631225586,260932239
"2010-01-25",11.681559562683105,11.730300903320312,11.470349311828613,11.584077835083008,8.619820594787598,179396215
"2010-01-26",11.510967254638672,11.697807312011719,11.364744186401367,11.380990982055664,8.468704223632812,151799780
"2010-01-27",11.413484573364258,11.681559562683105,11.364744186401367,11.65718936920166,8.674222946166992,254674696
"2010-01-28",11.74654769897461,11.803412437438965,11.4541015625,11.600324630737305,8.631911277770996,275452007
"2010-01-29",11.681559562683105,11.835906028747559,11.48659610748291,11.519089698791504,8.571462631225586,222839929
"2010-02-01",11.592201232910156,11.74654769897461,11.592201232910156,11.714054107666016,8.71654224395752,155187738
"2010-02-02",11.722176551818848,11.860276222229004,11.673436164855957,11.827781677246094,8.801168441772461,135155306
"2010-02-03",11.76279354095459,11.844029426574707,11.665312767028809,11.697807312011719,8.704444885253906,131388692
"2010-02-04",11.592201232910156,11.608448028564453,11.186027526855469,11.194150924682617,8.329675674438477,266891017
"2010-02-05",11.259139060974121,11.356620788574219,10.974817276000977,11.324127197265625,8.4263916015625,315216015
"2010-02-08",11.34849739074707,11.34849739074707,11.080422401428223,11.09666919708252,8.257134437561035,132199183
"2010-02-09",11.23476791381836,11.291632652282715,11.047928810119629,11.210397720336914,8.341760635375977,190172389
"2010-02-10",11.226645469665527,11.421607971191406,11.153533935546875,11.299756050109863,8.408256530761719,155220729
"2010-02-11",11.299756050109863,11.380990982055664,11.031682014465332,11.324127197265625,8.4263916015625,92212240
"2010-02-12",11.194150924682617,11.332249641418457,11.121040344238281,11.332249641418457,8.4324312210083,125390768
"2010-02-16",11.413484573364258,11.584077835083008,11.340373992919922,11.567831039428711,8.607734680175781,134800901
"2010-02-17",11.65718936920166,11.65718936920166,11.551584243774414,11.608448028564453,8.637956619262695,81067751
"2010-02-18",11.559707641601562,11.714054107666016,11.551584243774414,11.681559562683105,8.692358016967773,73617370
"2010-02-19",11.608448028564453,11.787164688110352,11.600324630737305,11.74654769897461,8.740715026855469,72633555
"2010-02-22",11.787164688110352,11.96588134765625,11.770917892456055,11.900894165039062,8.85556697845459,86110666
"2010-02-23",11.844029426574707,11.93338680267334,11.640941619873047,11.681559562683105,8.692358016967773,144519031
"2010-02-24",11.689682960510254,11.900894165039062,11.689682960510254,11.884647369384766,8.843475341796875,87297473
"2010-02-25",11.722176551818848,11.868399620056152,11.649065971374512,11.852152824401855,8.819297790527344,130407585
"2010-02-26",11.852152824401855,11.96588134765625,11.787164688110352,11.925264358520508,8.873699188232422,129857821
"2010-03-01",11.96588134765625,11.990251541137695,11.884647369384766,11.957757949829102,8.897880554199219,65465319
"2010-03-02",11.990251541137695,12.112104415893555,11.982128143310547,11.998374938964844,8.928106307983398,71151554
"2010-03-03",12.01462173461914,12.095856666564941,11.974004745483398,12.006499290466309,8.934144020080566,69710915
"2010-03-04",12.038992881774902,12.136473655700684,12.022746086120605,12.128351211547852,9.024820327758789,65092695
"2010-03-05",12.193339347839355,12.388301849365234,12.177091598510742,12.363931655883789,9.200116157531738,99635663
"2010-03-08",12.388301849365234,12.437043190002441,12.363931655883789,12.388301849365234,9.218252182006836,66161942
"2010-03-09",12.32331371307373,12.510153770446777,12.282696723937988,12.428919792175293,9.248475074768066,110608058
"2010-03-10",12.510153770446777,12.640130043029785,12.485783576965332,12.56701946258545,9.351238250732422,123834045
"2010-03-11",12.534524917602539,12.680747032165527,12.518278121948242,12.672623634338379,9.429819107055664,75285990
"2010-03-12",12.778228759765625,12.778228759765625,12.56701946258545,12.623883247375488,9.393553733825684,125183468
"2010-03-15",12.550771713256836,12.648253440856934,12.485783576965332,12.623883247375488,9.393553733825684,86475904
"2010-03-16",12.66450023651123,12.78635311126709,12.63200569152832,12.778228759765625,9.508399963378906,92828356
"2010-03-17",12.851340293884277,12.973193168640137,12.835092544555664,12.932575225830078,9.623249053955078,113668817
"2010-03-18",12.908205032348633,12.92445182800293,12.778228759765625,12.859463691711426,9.568849563598633,91978843
"2010-03-19",12.745735168457031,12.891958236694336,12.696993827819824,12.745735168457031,9.505838394165039,110142617
"2010-03-22",12.61575984954834,12.818845748901367,12.607636451721191,12.810723304748535,9.55430793762207,78909193
"2010-03-23",12.843216896057129,12.92445182800293,12.770106315612793,12.916328430175781,9.63306999206543,79992227
"2010-03-24",12.835092544555664,12.989439010620117,12.835092544555664,12.92445182800293,9.639128684997559,86346279
"2010-03-25",13.013810157775879,13.257513999938965,12.965068817138672,12.981315612792969,9.681534767150879,150906813
"2010-03-26",13.038180351257324,13.160032272338867,12.92445182800293,12.997563362121582,9.693655967712402,218970526
"2010-03-29",13.070673942565918,13.111291885375977,12.932575225830078,13.013810157775879,9.705767631530762,76076908
"2010-03-30",13.021932601928711,13.06255054473877,12.900080680847168,12.932575225830078,9.645185470581055,59183033
"2010-03-31",12.851340293884277,13.005685806274414,12.843216896057129,12.95694637298584,9.663362503051758,72467985
"2010-04-01",13.06255054473877,13.103167533874512,12.973193168640137,13.06255054473877,9.742121696472168,59488321
"2010-04-05",13.135662078857422,13.208772659301758,13.103167533874512,13.192525863647461,9.839059829711914,55300582
"2010-04-06",13.184403419494629,13.363119125366211,13.160032272338867,13.330625534057617,9.942058563232422,63364125
"2010-04-07",13.363119125366211,13.411860466003418,13.200650215148926,13.281885147094727,9.9057035446167,91544300
"2010-04-08",13.23314380645752,13.428107261657715,13.176279067993164,13.387490272521973,9.984463691711426,86447591
"2010-04-09",13.436230659484863,13.468725204467773,13.354995727539062,13.436230659484863,10.02081298828125,64967625
"2010-04-12",13.476847648620605,13.549959182739258,13.460600852966309,13.493095397949219,10.063225746154785,56718325
"2010-04-13",13.476847648620605,13.57433032989502,13.411860466003418,13.501218795776367,10.069281578063965,85280479
"2010-04-14",13.671812057495117,13.858652114868164,13.65556526184082,13.8505277633667,10.32979965209961,155369926
"2010-04-15",13.88302230834961,13.907391548156738,13.753046035766602,13.79366397857666,10.287393569946289,101626682
"2010-04-16",13.736799240112305,13.753046035766602,13.054427146911621,13.290007591247559,9.911761283874512,468533372
"2010-04-19",13.135662078857422,13.444354057312012,13.119415283203125,13.419983863830566,10.008699417114258,319699563
"2010-04-20",13.525588989257812,13.598699569702148,13.444354057312012,13.598699569702148,10.141988754272461,151176894
"2010-04-21",13.606823921203613,13.728675842285156,13.363119125366211,13.517464637756348,10.081398963928223,210131946
"2010-04-22",13.37124252319336,13.631194114685059,13.31437873840332,13.590577125549316,10.135929107666016,123733596
"2010-04-23",13.614947319030762,13.688057899475098,13.54183578491211,13.631194114685059,10.166218757629395,109054906
"2010-04-26",13.62307071685791,13.62307071685791,13.387490272521973,13.419983863830566,10.008699417114258,128910443
"2010-04-27",13.273760795593262,13.419983863830566,12.932575225830078,12.965068817138672,9.669421195983887,289883143
"2010-04-28",13.143786430358887,13.241267204284668,13.030056953430176,13.151908874511719,9.808764457702637,194917032
"2010-04-29",13.322502136230469,13.525588989257812,13.257513999938965,13.452478408813477,10.032930374145508,153177515
"2010-04-30",13.387490272521973,13.428107261657715,13.103167533874512,13.127538681030273,9.790589332580566,206146707
"2010-05-03",13.241267204284668,13.411860466003418,13.200650215148926,13.379365921020508,9.978401184082031,110817944
"2010-05-04",13.184403419494629,13.225020408630371,12.932575225830078,13.013810157775879,9.705767631530762,195182313
"2010-05-05",12.802599906921387,13.160032272338867,12.75385856628418,12.940698623657227,9.651247024536133,227201362
"2010-05-06",12.883833885192871,13.030056953430176,11.827781677246094,12.3964262008667,9.245325088500977,385070710
"2010-05-07",12.404548645019531,12.623883247375488,12.079609870910645,12.258326530456543,9.14233112335205,434082852
"2010-05-10",12.891958236694336,13.013810157775879,12.729488372802734,12.940698623657227,9.651247024536133,220172844
"2010-05-11",12.745735168457031,13.103167533874512,12.737611770629883,12.891958236694336,9.614892959594727,149938016
"2010-05-12",12.973193168640137,13.046303749084473,12.867587089538574,13.038180351257324,9.723949432373047,108045855
"2010-05-13",12.997563362121582,13.030056953430176,12.802599906921387,12.802599906921387,9.548250198364258,117497842
"2010-05-14",12.656376838684082,12.66450023651123,12.339561462402344,12.469536781311035,9.299851417541504,185612150
"2010-05-17",12.469536781311035,12.583266258239746,12.177091598510742,12.477660179138184,9.305907249450684,215164644
"2010-05-18",12.623883247375488,12.63200569152832,12.030868530273438,12.120226860046387,9.03933334350586,245298293
"2010-05-19",12.006499290466309,12.258326530456543,11.892769813537598,12.136473655700684,9.051447868347168,282446426
"2010-05-20",11.909016609191895,11.949633598327637,11.551584243774414,11.575955390930176,8.633416175842285,264759910
"2010-05-21",11.332249641418457,12.136473655700684,11.332249641418457,11.982128143310547,8.936335563659668,256736868
"2010-05-24",12.038992881774902,12.038992881774902,11.62469482421875,11.640941619873047,8.681876182556152,132667948
"2010-05-25",11.31600284576416,11.754671096801758,11.242892265319824,11.74654769897461,8.760639190673828,202843441
"2010-05-26",11.93338680267334,11.957757949829102,11.600324630737305,11.665312767028809,8.700054168701172,153920670
"2010-05-27",11.91714096069336,12.201461791992188,11.852152824401855,12.193339347839355,9.09385871887207,150171413
"2010-05-28",12.160844802856445,12.168968200683594,11.884647369384766,11.925264358520508,8.893927574157715,156946837
"2010-06-01",11.7952880859375,11.96588134765625,11.65718936920166,11.673436164855957,8.7061128616333,102271849
"2010-06-02",11.7952880859375,12.038992881774902,11.681559562683105,12.038992881774902,8.978747367858887,97060780
"2010-06-03",12.08773422241211,12.112104415893555,11.844029426574707,11.974004745483398,8.930279731750488,126116689
"2010-06-04",11.730300903320312,11.7952880859375,11.437854766845703,11.494720458984375,8.572823524475098,146914680
"2010-06-07",11.543460845947266,11.600324630737305,11.226645469665527,11.26726245880127,8.403182983398438,128171597
"2010-06-08",11.332249641418457,11.510967254638672,11.129162788391113,11.502842903137207,8.57888412475586,180966602
"2010-06-09",11.584077835083008,11.673436164855957,11.332249641418457,11.380990982055664,8.488004684448242,153438734
"2010-06-10",11.551584243774414,11.779041290283203,11.470349311828613,11.754671096801758,8.766698837280273,138725329
"2010-06-11",11.640941619873047,11.827781677246094,11.608448028564453,11.787164688110352,8.790933609008789,66406172
"2010-06-14",11.884647369384766,11.941511154174805,11.722176551818848,11.738424301147461,8.754584312438965,111620925
"2010-06-15",11.811534881591797,12.038992881774902,11.738424301147461,12.01462173461914,8.9605712890625,124529437
"2010-06-16",11.941511154174805,12.08773422241211,11.892769813537598,12.022746086120605,8.96662712097168,76874719
"2010-06-17",12.0552396774292,12.071487426757812,11.8765230178833,12.006499290466309,8.954511642456055,88713985
"2010-06-18",12.038992881774902,12.071487426757812,11.957757949829102,12.04711627960205,9.003689765930176,82191162
"2010-06-21",12.18521499633789,12.22583293914795,11.96588134765625,12.030868530273438,8.991547584533691,105541262
"2010-06-22",12.038992881774902,12.095856666564941,11.827781677246094,11.844029426574707,8.851909637451172,102404305
"2010-06-23",11.852152824401855,11.909016609191895,11.714054107666016,11.787164688110352,8.809409141540527,147406957
"2010-06-24",11.714054107666016,11.819659233093262,11.527214050292969,11.575955390930176,8.651557922363281,180425454
"2010-06-25",11.722176551818848,11.91714096069336,11.559707641601562,11.892769813537598,8.888336181640625,174342222
"2010-06-28",11.900894165039062,11.93338680267334,11.74654769897461,11.779041290283203,8.803339958190918,97958795
"2010-06-29",11.616572380065918,11.632819175720215,11.26726245880127,11.356620788574219,8.487627983093262,190216582
"2010-06-30",11.340373992919922,11.470349311828613,11.169780731201172,11.218522071838379,8.384418487548828,152587990
"2010-07-01",11.202275276184082,11.291632652282715,10.844841957092285,11.112915992736816,8.305492401123047,164533121
"2010-07-02",11.194150924682617,11.210397720336914,10.893582344055176,10.982940673828125,8.208353042602539,82338882
"2010-07-06",11.226645469665527,11.283509254455566,10.92607593536377,11.047928810119629,8.256925582885742,131649787
"2010-07-07",11.121040344238281,11.559707641601562,11.104792594909668,11.535337448120117,8.62120246887207,135275082
"2010-07-08",11.673436164855957,11.689682960510254,11.445979118347168,11.62469482421875,8.687986373901367,99375306
"2010-07-09",11.584077835083008,11.811534881591797,11.575955390930176,11.787164688110352,8.809409141540527,99814035
"2010-07-12",11.770917892456055,11.827781677246094,11.65718936920166,11.803412437438965,8.821555137634277,67070912
"2010-07-13",11.957757949829102,12.160844802856445,11.949633598327637,12.095856666564941,9.040115356445312,103837681
"2010-07-14",12.038992881774902,12.04711627960205,11.8765230178833,12.006499290466309,8.973336219787598,95201847
"2010-07-15",12.022746086120605,12.04711627960205,11.722176551818848,11.982128143310547,8.955121040344238,118284082
"2010-07-16",11.835906028747559,11.860276222229004,11.445979118347168,11.478472709655762,8.578700065612793,174393677
"2010-07-19",11.494720458984375,11.543460845947266,11.283509254455566,11.470349311828613,8.572629928588867,87813508
"2010-07-20",11.259139060974121,11.608448028564453,11.242892265319824,11.592201232910156,8.66369915008545,113625609
"2010-07-21",11.803412437438965,11.803412437438965,11.372867584228516,11.40536117553711,8.52406120300293,126180578
"2010-07-22",11.551584243774414,11.787164688110352,11.551584243774414,11.738424301147461,8.772981643676758,103468874
"2010-07-23",11.714054107666016,11.860276222229004,11.608448028564453,11.827781677246094,8.839767456054688,85939803
"2010-07-26",11.844029426574707,12.01462173461914,11.779041290283203,11.990251541137695,8.96119213104248,97582109
"2010-07-27",12.144598007202148,12.201461791992188,11.998374938964844,12.022746086120605,8.9854736328125,114958905
"2010-07-28",11.990251541137695,12.063363075256348,11.8765230178833,11.91714096069336,8.906551361083984,60830850
"2010-07-29",12.022746086120605,12.079609870910645,11.811534881591797,11.957757949829102,8.936908721923828,86025234
"2010-07-30",11.803412437438965,12.030868530273438,11.803412437438965,11.949633598327637,8.930837631225586,72789892
"2010-08-02",12.120226860046387,12.258326530456543,12.071487426757812,12.250203132629395,9.155470848083496,120011913
"2010-08-03",12.18521499633789,12.217708587646484,12.095856666564941,12.112104415893555,9.052264213562012,81845251
"2010-08-04",12.160844802856445,12.201461791992188,12.08773422241211,12.160844802856445,9.088685989379883,82030516
"2010-08-05",12.071487426757812,12.136473655700684,12.038992881774902,12.112104415893555,9.052264213562012,50578959
"2010-08-06",11.990251541137695,12.0552396774292,11.844029426574707,12.006499290466309,8.973336219787598,101926554
"2010-08-09",12.063363075256348,12.103981018066406,11.949633598327637,12.071487426757812,9.021904945373535,49583449
"2010-08-10",11.957757949829102,12.063363075256348,11.884647369384766,11.96588134765625,8.942976951599121,81174971
"2010-08-11",11.779041290283203,11.787164688110352,11.527214050292969,11.543460845947266,8.627273559570312,117411918
"2010-08-12",11.421607971191406,11.535337448120117,11.380990982055664,11.462225914001465,8.566559791564941,88825636
"2010-08-13",11.4541015625,11.567831039428711,11.429732322692871,11.429732322692871,8.542274475097656,64041298
"2010-08-16",11.397237777709961,11.445979118347168,11.340373992919922,11.397237777709961,8.517990112304688,68304497
"2010-08-17",11.519089698791504,11.600324630737305,11.421607971191406,11.48659610748291,8.584768295288086,79810039
"2010-08-18",11.478472709655762,11.616572380065918,11.437854766845703,11.535337448120117,8.62120246887207,68372325
"2010-08-19",11.462225914001465,11.510967254638672,11.242892265319824,11.26726245880127,8.420849800109863,124471211
"2010-08-20",11.226645469665527,11.259139060974121,11.129162788391113,11.23476791381836,8.396561622619629,81137426
"2010-08-23",11.291632652282715,11.307880401611328,11.153533935546875,11.161657333374023,8.341924667358398,66239371
"2010-08-24",11.023557662963867,11.080422401428223,10.942322731018066,10.974817276000977,8.20228385925293,116123431
"2010-08-25",10.893582344055176,11.047928810119629,10.796100616455078,11.00731086730957,8.226571083068848,90747843
"2010-08-26",11.06417465209961,11.137287139892578,10.885458946228027,10.917952537536621,8.159784317016602,88256545
"2010-08-27",10.966693878173828,11.161657333374023,10.844841957092285,11.153533935546875,8.335847854614258,107590139
"2010-08-30",11.104792594909668,11.129162788391113,10.909829139709473,10.917952537536621,8.159784317016602,78521797
"2010-08-31",10.909829139709473,11.056052207946777,10.828595161437988,11.015435218811035,8.232638359069824,131233463
"2010-09-01",11.153533935546875,11.4541015625,11.14540958404541,11.437854766845703,8.548344612121582,163002496
"2010-09-02",11.429732322692871,11.551584243774414,11.421607971191406,11.551584243774414,8.633342742919922,82205072
"2010-09-03",11.70592975616455,11.7952880859375,11.65718936920166,11.7952880859375,8.815483093261719,108976122
"2010-09-07",11.681559562683105,11.689682960510254,11.510967254638672,11.527214050292969,8.615127563476562,69632992
"2010-09-08",11.567831039428711,11.722176551818848,11.559707641601562,11.640941619873047,8.700125694274902,63465559
"2010-09-09",11.819659233093262,11.884647369384766,11.714054107666016,11.787164688110352,8.809409141540527,100214233
"2010-09-10",11.7952880859375,11.844029426574707,11.754671096801758,11.803412437438965,8.821555137634277,48934712
"2010-09-13",11.982128143310547,12.08773422241211,11.982128143310547,12.0552396774292,9.009764671325684,93892679
"2010-09-14",12.01462173461914,12.038992881774902,11.884647369384766,11.949633598327637,8.930837631225586,81324661
"2010-09-15",11.860276222229004,12.006499290466309,11.819659233093262,11.990251541137695,8.96119213104248,91766372
"2010-09-16",11.949633598327637,11.96588134765625,11.8765230178833,11.957757949829102,8.936908721923828,65492647
"2010-09-17",11.974004745483398,11.998374938964844,11.852152824401855,11.868399620056152,8.890056610107422,80925078
"2010-09-20",11.884647369384766,12.128351211547852,11.868399620056152,12.095856666564941,9.06042766571045,64263001
"2010-09-21",12.128351211547852,12.160844802856445,11.941511154174805,11.982128143310547,8.97524356842041,103705472
"2010-09-22",11.900894165039062,12.01462173461914,11.76279354095459,11.787164688110352,8.829204559326172,114854147
"2010-09-23",11.673436164855957,11.770917892456055,11.535337448120117,11.559707641601562,8.658824920654297,127349658
"2010-09-24",11.697807312011719,11.868399620056152,11.689682960510254,11.868399620056152,8.890056610107422,94600257
"2010-09-27",11.868399620056152,11.868399620056152,11.714054107666016,11.738424301147461,8.792692184448242,76726384
"2010-09-28",11.779041290283203,11.7952880859375,11.62469482421875,11.76279354095459,8.810949325561523,101337767
"2010-09-29",11.722176551818848,11.779041290283203,11.616572380065918,11.673436164855957,8.744019508361816,82229692
"2010-09-30",11.74654769897461,11.884647369384766,11.649065971374512,11.65718936920166,8.731843948364258,132373000
"2010-10-01",11.770917892456055,11.819659233093262,11.649065971374512,11.779041290283203,8.82311725616455,162650799
"2010-10-04",11.76279354095459,11.852152824401855,11.640941619873047,11.697807312011719,8.762269020080566,105309096
"2010-10-05",11.803412437438965,12.01462173461914,11.714054107666016,11.96588134765625,8.963068962097168,163731125
"2010-10-06",11.990251541137695,12.022746086120605,11.91714096069336,11.957757949829102,8.956986427307129,79712666
"2010-10-07",12.01462173461914,12.0552396774292,11.844029426574707,11.909016609191895,8.920476913452148,88379153
"2010-10-08",11.925264358520508,11.96588134765625,11.8765230178833,11.941511154174805,8.944815635681152,76830034
"2010-10-11",11.949633598327637,11.96588134765625,11.8765230178833,11.925264358520508,8.93264389038086,50798200
"2010-10-12",11.860276222229004,12.079609870910645,11.835906028747559,12.063363075256348,9.036088943481445,81038084
"2010-10-13",12.136473655700684,12.18521499633789,12.038992881774902,12.071487426757812,9.04217529296875,138693077
"2010-10-14",11.957757949829102,11.982128143310547,11.74654769897461,11.860276222229004,8.883966445922852,208325454
"2010-10-15",11.900894165039062,11.957757949829102,11.575955390930176,11.65718936920166,8.731843948364258,163544136
"2010-10-18",11.616572380065918,11.93338680267334,11.616572380065918,11.91714096069336,8.92656421661377,96393824
"2010-10-19",11.827781677246094,11.998374938964844,11.70592975616455,11.754671096801758,8.804863929748535,180636325
"2010-10-20",11.76279354095459,11.93338680267334,11.65718936920166,11.868399620056152,8.890056610107422,118915708
"2010-10-21",11.91714096069336,12.006499290466309,11.770917892456055,11.868399620056152,8.890056610107422,90587936
"2010-10-22",11.892769813537598,11.93338680267334,11.827781677246094,11.860276222229004,8.883966445922852,50796353
"2010-10-25",11.96588134765625,11.982128143310547,11.803412437438965,11.819659233093262,8.853543281555176,56338931
"2010-10-26",11.770917892456055,11.860276222229004,11.74654769897461,11.835906028747559,8.86571216583252,58349523
"2010-10-27",11.7952880859375,11.884647369384766,11.754671096801758,11.844029426574707,8.871795654296875,77185177
"2010-10-28",11.909016609191895,11.941511154174805,11.770917892456055,11.844029426574707,8.871795654296875,71284256
"2010-10-29",11.811534881591797,11.852152824401855,11.76279354095459,11.827781677246094,8.85962963104248,49026545
"2010-11-01",11.852152824401855,11.93338680267334,11.714054107666016,11.827781677246094,8.85962963104248,80929756
"2010-11-02",11.900894165039062,11.909016609191895,11.827781677246094,11.860276222229004,8.883966445922852,67197828
"2010-11-03",11.868399620056152,11.982128143310547,11.779041290283203,11.974004745483398,8.969155311584473,133181275
"2010-11-04",12.095856666564941,12.3964262008667,12.08773422241211,12.372055053710938,9.267316818237305,204934664
"2010-11-05",12.404548645019531,12.737611770629883,12.372055053710938,12.656376838684082,9.480289459228516,203857416
"2010-11-08",12.640130043029785,12.648253440856934,12.44516658782959,12.558895111083984,9.407268524169922,110754301
"2010-11-09",12.599513053894043,12.607636451721191,12.242079734802246,12.32331371307373,9.230804443359375,150410720
"2010-11-10",12.32331371307373,12.469536781311035,12.217708587646484,12.461413383483887,9.334250450134277,149972115
"2010-11-11",12.339561462402344,12.3964262008667,12.274574279785156,12.339561462402344,9.242979049682617,73585118
"2010-11-12",12.274574279785156,12.315191268920898,12.103981018066406,12.136473655700684,9.090851783752441,109245218
"2010-11-15",12.217708587646484,12.347684860229492,12.177091598510742,12.193339347839355,9.133447647094727,88027456
"2010-11-16",12.128351211547852,12.144598007202148,11.892769813537598,11.990251541137695,8.981324195861816,166446464
"2010-11-17",11.982128143310547,12.01462173461914,11.8765230178833,11.909016609191895,8.920476913452148,111420026
"2010-11-18",12.0552396774292,12.152721405029297,12.022746086120605,12.071487426757812,9.04217529296875,105170116
"2010-11-19",12.006499290466309,12.071487426757812,11.957757949829102,12.071487426757812,9.04217529296875,53682925
"2010-11-22",11.990251541137695,11.998374938964844,11.811534881591797,11.892769813537598,8.908305168151855,119643844
"2010-11-23",11.76279354095459,11.803412437438965,11.697807312011719,11.70592975616455,8.768354415893555,104476201
"2010-11-24",11.787164688110352,11.892769813537598,11.754671096801758,11.884647369384766,8.902225494384766,72325066
"2010-11-26",11.779041290283203,11.844029426574707,11.714054107666016,11.714054107666016,8.774439811706543,39044858
"2010-11-29",11.689682960510254,11.860276222229004,11.665312767028809,11.811534881591797,8.847456932067871,101123080
"2010-11-30",11.714054107666016,11.835906028747559,11.697807312011719,11.74654769897461,8.798776626586914,94421024
"2010-12-01",11.91714096069336,11.990251541137695,11.884647369384766,11.982128143310547,8.97524356842041,102218916
"2010-12-02",12.038992881774902,12.307066917419434,12.022746086120605,12.290820121765137,9.206470489501953,139900073
"2010-12-03",12.209586143493652,12.35580825805664,12.144598007202148,12.331438064575195,9.236888885498047,111832288
"2010-12-06",12.298944473266602,12.35580825805664,12.250203132629395,12.315191268920898,9.224723815917969,64905337
"2010-12-07",12.485783576965332,12.485783576965332,12.298944473266602,12.331438064575195,9.236888885498047,131973540
"2010-12-08",12.339561462402344,12.534524917602539,12.32331371307373,12.534524917602539,9.389016151428223,119732230
"2010-12-09",12.61575984954834,12.713240623474121,12.550771713256836,12.688871383666992,9.50462818145752,95687230
"2010-12-10",12.729488372802734,12.810723304748535,12.648253440856934,12.802599906921387,9.589815139770508,69683833
"2010-12-13",12.859463691711426,12.883833885192871,12.75385856628418,12.794475555419922,9.583732604980469,62184704
"2010-12-14",12.794475555419922,12.843216896057129,12.63200569152832,12.680747032165527,9.498543739318848,85879730
"2010-12-15",12.623883247375488,12.729488372802734,12.550771713256836,12.575141906738281,9.419441223144531,101531526
"2010-12-16",12.607636451721191,12.680747032165527,12.526400566101074,12.591388702392578,9.43160629272461,108179541
"2010-12-17",12.56701946258545,12.623883247375488,12.502031326293945,12.61575984954834,9.484129905700684,76205917
"2010-12-20",12.640130043029785,12.672623634338379,12.583266258239746,12.623883247375488,9.490238189697266,49879628
"2010-12-21",12.672623634338379,12.851340293884277,12.672623634338379,12.843216896057129,9.655125617980957,59296901
"2010-12-22",12.891958236694336,13.013810157775879,12.867587089538574,12.989439010620117,9.765048027038574,87852408
"2010-12-23",12.965068817138672,12.973193168640137,12.843216896057129,12.891958236694336,9.691765785217285,36235347
"2010-12-27",12.826970100402832,13.005685806274414,12.818845748901367,13.005685806274414,9.777260780334473,29735790
"2010-12-28",13.005685806274414,13.046303749084473,12.973193168640137,13.005685806274414,9.777260780334473,42018708
"2010-12-29",13.021932601928711,13.030056953430176,12.965068817138672,12.981315612792969,9.758938789367676,31035357
"2010-12-30",12.981315612792969,12.981315612792969,12.891958236694336,12.940698623657227,9.728407859802246,45377614
"2010-12-31",12.908205032348633,12.973193168640137,12.891958236694336,12.95694637298584,9.740622520446777,27080400
"2011-01-03",13.135662078857422,13.273760795593262,13.103167533874512,13.241267204284668,9.954366683959961,113566767
"2011-01-04",13.290007591247559,13.306255340576172,13.111291885375977,13.225020408630371,9.942151069641113,65761128
"2011-01-05",13.176279067993164,13.40373706817627,13.160032272338867,13.379365921020508,10.058181762695312,119644460
"2011-01-06",13.387490272521973,13.411860466003418,13.281885147094727,13.290007591247559,9.991008758544922,82408064
"2011-01-07",13.338748931884766,13.354995727539062,13.013810157775879,13.176279067993164,9.905508995056152,219266212
"2011-01-10",13.103167533874512,13.184403419494629,13.021932601928711,13.143786430358887,9.881083488464355,107038774
"2011-01-11",13.225020408630371,13.290007591247559,13.135662078857422,13.192525863647461,9.917724609375,61620659
"2011-01-12",13.346872329711914,13.419983863830566,13.322502136230469,13.411860466003418,10.082610130310059,100785048
"2011-01-13",13.436230659484863,13.452478408813477,13.322502136230469,13.37124252319336,10.052075386047363,74704466
"2011-01-14",13.363119125366211,13.614947319030762,13.346872329711914,13.582452774047852,10.210857391357422,113359713
"2011-01-18",13.549959182739258,13.566205978393555,13.436230659484863,13.501218795776367,10.149786949157715,75478150
"2011-01-19",13.395612716674805,13.444354057312012,13.160032272338867,13.200650215148926,9.923833847045898,144544020
"2011-01-20",13.200650215148926,13.31437873840332,13.151908874511719,13.26563835144043,9.972685813903809,115484911
"2011-01-21",13.354995727539062,13.436230659484863,13.306255340576172,13.37124252319336,10.052075386047363,93333928
"2011-01-24",13.395612716674805,13.419983863830566,13.306255340576172,13.354995727539062,10.039862632751465,54863208
"2011-01-25",13.290007591247559,13.37124252319336,13.168155670166016,13.330625534057617,10.021546363830566,84937892
"2011-01-26",13.37124252319336,13.40373706817627,13.306255340576172,13.322502136230469,10.015436172485352,68221281
"2011-01-27",13.322502136230469,13.444354057312012,13.306255340576172,13.436230659484863,10.100931167602539,88248544
"2011-01-28",13.444354057312012,13.54183578491211,13.184403419494629,13.200650215148926,9.923833847045898,139244565
"2011-01-31",13.225020408630371,13.346872329711914,13.225020408630371,13.322502136230469,10.015436172485352,77839208
"2011-02-01",13.40373706817627,13.639318466186523,13.395612716674805,13.598699569702148,10.223072052001953,78635911
"2011-02-02",13.558082580566406,13.598699569702148,13.476847648620605,13.493095397949219,10.143680572509766,57381711
"2011-02-03",13.493095397949219,13.525588989257812,13.37124252319336,13.501218795776367,10.149786949157715,63619065
"2011-02-04",13.48497200012207,13.501218795776367,13.387490272521973,13.493095397949219,10.143680572509766,76650431
"2011-02-07",13.54183578491211,13.720552444458008,13.533712387084961,13.688057899475098,10.290247917175293,61790537
"2011-02-08",13.696182250976562,13.809910774230957,13.65556526184082,13.785539627075195,10.363531112670898,59912524
"2011-02-09",13.696182250976562,13.761170387268066,13.590577125549316,13.688057899475098,10.290247917175293,68776339
"2011-02-10",13.62307071685791,13.71242904663086,13.598699569702148,13.688057899475098,10.290247917175293,53665322
"2011-02-11",13.639318466186523,13.915515899658203,13.606823921203613,13.874897956848145,10.430708885192871,90898394
"2011-02-14",13.866774559020996,13.907391548156738,13.818034172058105,13.88302230834961,10.43681526184082,43128085
"2011-02-15",13.858652114868164,13.9317626953125,13.818034172058105,13.866774559020996,10.424601554870605,60650508
"2011-02-16",13.915515899658203,13.956132888793945,13.858652114868164,13.939886093139648,10.47956657409668,44080140
"2011-02-17",13.891144752502441,13.956132888793945,13.858652114868164,13.923639297485352,10.467352867126465,43641043
"2011-02-18",13.939886093139648,13.972379684448242,13.891144752502441,13.956132888793945,10.491778373718262,39684855
"2011-02-22",13.736799240112305,13.809910774230957,13.493095397949219,13.525588989257812,10.168107032775879,125808569
"2011-02-23",13.517464637756348,13.62307071685791,13.298131942749023,13.468725204467773,10.125362396240234,142391001
"2011-02-24",13.436230659484863,13.493095397949219,13.273760795593262,13.436230659484863,10.100931167602539,98899648
"2011-02-25",13.533712387084961,13.65556526184082,13.517464637756348,13.62307071685791,10.24139404296875,61174545
"2011-02-28",13.71242904663086,13.761170387268066,13.631194114685059,13.688057899475098,10.290247917175293,68170072
"2011-03-01",13.728675842285156,13.728675842285156,13.395612716674805,13.395612716674805,10.070398330688477,130762113
"2011-03-02",13.379365921020508,13.436230659484863,13.26563835144043,13.31437873840332,10.009329795837402,82293212
"2011-03-03",13.460600852966309,13.614947319030762,13.452478408813477,13.590577125549316,10.21696662902832,103454963
"2011-03-04",13.566205978393555,13.566205978393555,13.322502136230469,13.419983863830566,10.088722229003906,129134485
"2011-03-07",13.452478408813477,13.517464637756348,13.273760795593262,13.330625534057617,10.021546363830566,85241580
"2011-03-08",13.387490272521973,13.647440910339355,13.387490272521973,13.62307071685791,10.24139404296875,98070200
"2011-03-09",13.614947319030762,13.688057899475098,13.517464637756348,13.62307071685791,10.24139404296875,87131903
"2011-03-10",13.460600852966309,13.468725204467773,13.31437873840332,13.346872329711914,10.033754348754883,114185344
"2011-03-11",13.26563835144043,13.476847648620605,13.26563835144043,13.436230659484863,10.100931167602539,107898504
"2011-03-14",13.330625534057617,13.37124252319336,13.200650215148926,13.31437873840332,10.009329795837402,86120391
"2011-03-15",12.973193168640137,13.225020408630371,12.92445182800293,13.160032272338867,9.893298149108887,127169809
"2011-03-16",13.176279067993164,13.192525863647461,12.826970100402832,12.916328430175781,9.71008586883545,214034093
"2011-03-17",13.09504508972168,13.111291885375977,12.916328430175781,13.070673942565918,9.82612133026123,120224753
"2011-03-18",13.208772659301758,13.322502136230469,13.160032272338867,13.216897010803223,9.962053298950195,207386693
"2011-03-21",13.363119125366211,13.37124252319336,13.208772659301758,13.281885147094727,10.011034965515137,95996704
"2011-03-22",13.281885147094727,13.290007591247559,13.200650215148926,13.208772659301758,9.955927848815918,56765349
"2011-03-23",13.168155670166016,13.216897010803223,13.013810157775879,13.176279067993164,9.931432723999023,79906795
"2011-03-24",13.208772659301758,13.249390602111816,13.086920738220215,13.241267204284668,9.980420112609863,76789780
"2011-03-25",13.257513999938965,13.322502136230469,13.208772659301758,13.273760795593262,10.004912376403809,55517238
"2011-03-28",13.281885147094727,13.322502136230469,13.225020408630371,13.23314380645752,9.974295616149902,39245265
"2011-03-29",13.208772659301758,13.26563835144043,13.127538681030273,13.257513999938965,9.99266242980957,46897284
"2011-03-30",13.322502136230469,13.411860466003418,13.281885147094727,13.363119125366211,10.07226276397705,75779991
"2011-03-31",13.281885147094727,13.346872329711914,13.26563835144043,13.31437873840332,10.03552532196045,60843037
"2011-04-01",13.40373706817627,13.48497200012207,13.37124252319336,13.428107261657715,10.121246337890625,80709407
"2011-04-04",13.428107261657715,13.48497200012207,13.354995727539062,13.411860466003418,10.108997344970703,47174874
"2011-04-05",13.379365921020508,13.444354057312012,13.346872329711914,13.40373706817627,10.102875709533691,47211312
"2011-04-06",13.460600852966309,13.57433032989502,13.419983863830566,13.558082580566406,10.219212532043457,81798227
"2011-04-07",13.549959182739258,13.606823921203613,13.452478408813477,13.493095397949219,10.170228958129883,60873442
"2011-04-08",13.558082580566406,13.582452774047852,13.338748931884766,13.37124252319336,10.07838249206543,73274290
"2011-04-11",13.387490272521973,13.468725204467773,13.338748931884766,13.37124252319336,10.07838249206543,49493463
"2011-04-12",13.290007591247559,13.40373706817627,13.23314380645752,13.322502136230469,10.041647911071777,78789416
"2011-04-13",13.428107261657715,13.428107261657715,13.176279067993164,13.225020408630371,9.968172073364258,94654914
"2011-04-14",13.119415283203125,13.143786430358887,13.038180351257324,13.103167533874512,9.876325607299805,72457522
"2011-04-15",13.160032272338867,13.200650215148926,13.078798294067383,13.111291885375977,9.88244915008545,64317165
"2011-04-18",12.965068817138672,12.981315612792969,12.851340293884277,12.932575225830078,9.74774169921875,102992477
"2011-04-19",12.997563362121582,13.005685806274414,12.883833885192871,12.973193168640137,9.778360366821289,72236188
"2011-04-20",13.070673942565918,13.078798294067383,12.95694637298584,13.005685806274414,9.802850723266602,78296032
"2011-04-21",13.070673942565918,13.103167533874512,12.989439010620117,13.078798294067383,9.857961654663086,54159938
"2011-04-25",13.054427146911621,13.111291885375977,13.046303749084473,13.06255054473877,9.845710754394531,37023310
"2011-04-26",13.111291885375977,13.168155670166016,13.070673942565918,13.143786430358887,9.906944274902344,61796200
"2011-04-27",13.176279067993164,13.257513999938965,13.078798294067383,13.225020408630371,9.968172073364258,69756092
"2011-04-28",13.208772659301758,13.354995727539062,13.200650215148926,13.330625534057617,10.047775268554688,53786206
"2011-04-29",13.322502136230469,13.322502136230469,13.249390602111816,13.306255340576172,10.029401779174805,30507750
"2011-05-02",13.354995727539062,13.37124252319336,13.23314380645752,13.249390602111816,9.986540794372559,51127862
"2011-05-03",13.216897010803223,13.338748931884766,13.208772659301758,13.306255340576172,10.029401779174805,85342891
"2011-05-04",13.31437873840332,13.322502136230469,13.160032272338867,13.192525863647461,9.943680763244629,112329858
"2011-05-05",13.127538681030273,13.160032272338867,12.981315612792969,13.021932601928711,9.815098762512207,103157800
"2011-05-06",13.160032272338867,13.216897010803223,13.046303749084473,13.086920738220215,9.864081382751465,102177678
"2011-05-09",13.046303749084473,13.086920738220215,12.989439010620117,13.054427146911621,9.839587211608887,47858203
"2011-05-10",13.078798294067383,13.200650215148926,13.070673942565918,13.176279067993164,9.931432723999023,69163243
"2011-05-11",13.143786430358887,13.160032272338867,12.981315612792969,12.997563362121582,9.796731948852539,97156183
"2011-05-12",12.965068817138672,13.013810157775879,12.851340293884277,12.997563362121582,9.796731948852539,78830655
"2011-05-13",12.997563362121582,13.021932601928711,12.794475555419922,12.810723304748535,9.655900955200195,82158787
"2011-05-16",12.75385856628418,12.940698623657227,12.729488372802734,12.794475555419922,9.643654823303223,89906208
"2011-05-17",12.745735168457031,12.900080680847168,12.737611770629883,12.891958236694336,9.717130661010742,98470152
"2011-05-18",12.883833885192871,12.95694637298584,12.835092544555664,12.948822021484375,9.759992599487305,60153554
"2011-05-19",12.997563362121582,13.005685806274414,12.900080680847168,12.948822021484375,9.759992599487305,64194311
"2011-05-20",12.908205032348633,12.965068817138672,12.75385856628418,12.770106315612793,9.625287055969238,89394728
"2011-05-23",12.61575984954834,12.680747032165527,12.591388702392578,12.591388702392578,9.490581512451172,93564986
"2011-05-24",12.63200569152832,12.648253440856934,12.502031326293945,12.575141906738281,9.478336334228516,79566054
"2011-05-25",12.510153770446777,12.656376838684082,12.510153770446777,12.583266258239746,9.484457969665527,85723147
"2011-05-26",12.550771713256836,12.696993827819824,12.526400566101074,12.648253440856934,9.533442497253418,84613647
"2011-05-27",12.688871383666992,12.794475555419922,12.680747032165527,12.737611770629883,9.600790977478027,61971741
"2011-05-31",12.875711441040039,12.908205032348633,12.778228759765625,12.867587089538574,9.698759078979492,80145486
"2011-06-01",12.818845748901367,12.826970100402832,12.420796394348145,12.437043190002441,9.37424373626709,148857321
"2011-06-02",12.453289985656738,12.534524917602539,12.35580825805664,12.44516658782959,9.38036823272705,165873188
"2011-06-03",12.307066917419434,12.502031326293945,12.290820121765137,12.363931655883789,9.319135665893555,119706995
"2011-06-06",12.307066917419434,12.331438064575195,12.095856666564941,12.128351211547852,9.141575813293457,145434772
"2011-06-07",12.217708587646484,12.258326530456543,12.08773422241211,12.103981018066406,9.123205184936523,97768974
"2011-06-08",12.071487426757812,12.144598007202148,11.96588134765625,11.990251541137695,9.037480354309082,102198851
"2011-06-09",12.01462173461914,12.177091598510742,11.982128143310547,12.128351211547852,9.141575813293457,73352336
"2011-06-10",12.071487426757812,12.152721405029297,11.8765230178833,12.04711627960205,9.080343246459961,181570161
"2011-06-13",12.095856666564941,12.201461791992188,12.022746086120605,12.168968200683594,9.172187805175781,117670798
"2011-06-14",12.282696723937988,12.339561462402344,12.201461791992188,12.233956336975098,9.221172332763672,104946689
"2011-06-15",12.103981018066406,12.152721405029297,11.884647369384766,11.96588134765625,9.019111633300781,188730642
"2011-06-16",11.957757949829102,12.112104415893555,11.900894165039062,12.030868530273438,9.068097114562988,165893253
"2011-06-17",12.120226860046387,12.144598007202148,12.038992881774902,12.095856666564941,9.149822235107422,100420179
"2011-06-20",12.038992881774902,12.160844802856445,11.998374938964844,12.08773422241211,9.143678665161133,66083650
"2011-06-21",12.160844802856445,12.282696723937988,12.08773422241211,12.258326530456543,9.272727966308594,95554282
"2011-06-22",12.209586143493652,12.339561462402344,12.168968200683594,12.18521499633789,9.21741771697998,106150238
"2011-06-23",12.038992881774902,12.095856666564941,11.91714096069336,12.063363075256348,9.125246047973633,127233698
"2011-06-24",12.071487426757812,12.095856666564941,11.925264358520508,11.990251541137695,9.069938659667969,91530513
"2011-06-27",11.974004745483398,12.152721405029297,11.974004745483398,12.112104415893555,9.162117004394531,61283489
"2011-06-28",12.168968200683594,12.168968200683594,12.08773422241211,12.168968200683594,9.20512866973877,58644594
"2011-06-29",12.282696723937988,12.437043190002441,12.250203132629395,12.420796394348145,9.395624160766602,111616001
"2011-06-30",12.461413383483887,12.518278121948242,12.35580825805664,12.469536781311035,9.432493209838867,92703779
"2011-07-01",12.44516658782959,12.721364974975586,12.44516658782959,12.696993827819824,9.604548454284668,77715000
"2011-07-05",12.66450023651123,12.672623634338379,12.526400566101074,12.583266258239746,9.51852035522461,100972036
"2011-07-06",12.49390697479248,12.526400566101074,12.420796394348145,12.518278121948242,9.469361305236816,66252174
"2011-07-07",12.672623634338379,12.75385856628418,12.656376838684082,12.721364974975586,9.6229887008667,55920391
"2011-07-08",12.526400566101074,12.558895111083984,12.469536781311035,12.558895111083984,9.50008487701416,76580879
"2011-07-11",12.388301849365234,12.3964262008667,12.160844802856445,12.217708587646484,9.241998672485352,107713485
"2011-07-12",12.168968200683594,12.339561462402344,12.152721405029297,12.168968200683594,9.20512866973877,79766707
"2011-07-13",12.242079734802246,12.35580825805664,12.160844802856445,12.177091598510742,9.211276054382324,105923365
"2011-07-14",12.282696723937988,12.290820121765137,12.079609870910645,12.08773422241211,9.143678665161133,150775588
"2011-07-15",12.18521499633789,12.18521499633789,11.96588134765625,12.063363075256348,9.125246047973633,132402790
"2011-07-18",11.998374938964844,12.01462173461914,11.76279354095459,11.900894165039062,9.002347946166992,137133277
"2011-07-19",11.941511154174805,12.079609870910645,11.900894165039062,12.04711627960205,9.112955093383789,134575505
"2011-07-20",12.112104415893555,12.242079734802246,12.103981018066406,12.18521499633789,9.21741771697998,118538406
"2011-07-21",12.315191268920898,12.518278121948242,12.307066917419434,12.477660179138184,9.438638687133789,189235844
"2011-07-22",12.502031326293945,12.510153770446777,12.388301849365234,12.44516658782959,9.414056777954102,60323309
"2011-07-25",12.32331371307373,12.3964262008667,12.250203132629395,12.35580825805664,9.34646224975586,78466525
"2011-07-26",12.331438064575195,12.404548645019531,12.274574279785156,12.339561462402344,9.334173202514648,113040637
"2011-07-27",12.282696723937988,12.282696723937988,12.030868530273438,12.04711627960205,9.112955093383789,151973351
"2011-07-28",12.071487426757812,12.193339347839355,12.022746086120605,12.0552396774292,9.11910343170166,80068056
"2011-07-29",11.925264358520508,12.144598007202148,11.884647369384766,12.022746086120605,9.094520568847656,98119563
"2011-08-01",12.209586143493652,12.209586143493652,11.8765230178833,11.982128143310547,9.06379508972168,91890703
"2011-08-02",11.900894165039062,11.941511154174805,11.649065971374512,11.65718936920166,8.817998886108398,142203889
"2011-08-03",11.673436164855957,11.730300903320312,11.478472709655762,11.714054107666016,8.86101245880127,150485442
"2011-08-04",11.575955390930176,11.608448028564453,11.09666919708252,11.121040344238281,8.412431716918945,228842654
"2011-08-05",11.23476791381836,11.299756050109863,10.69861888885498,10.909829139709473,8.252662658691406,220311208
"2011-08-08",10.552395820617676,10.796100616455078,9.78066635131836,9.878148078918457,7.472254276275635,320107763
"2011-08-09",10.178715705871582,10.641755104064941,9.78066635131836,10.641755104064941,8.049878120422363,203780725
"2011-08-10",10.38992691040039,10.398050308227539,9.86190128326416,9.902518272399902,7.490688323974609,333138883
"2011-08-11",10.048741340637207,10.658001899719238,9.943136215209961,10.454915046691895,7.908548355102539,342125552
"2011-08-12",10.666125297546387,10.820470809936523,10.30869197845459,10.381802558898926,7.853239059448242,167083138
"2011-08-15",10.511778831481934,10.722989082336426,10.511778831481934,10.714865684509277,8.105183601379395,140239829
"2011-08-16",10.552395820617676,10.682372093200684,10.414297103881836,10.503656387329102,7.945416450500488,128292974
"2011-08-17",10.584890365600586,10.706742286682129,10.47928524017334,10.568642616271973,7.9945759773254395,117996766
"2011-08-18",10.203086853027344,10.211210250854492,9.943136215209961,10.056863784790039,7.607446193695068,208364107
"2011-08-19",9.886271476745605,10.203086853027344,9.82940673828125,9.853776931762695,7.453819274902344,155535619
"2011-08-22",10.113728523254395,10.121851921081543,9.707554817199707,9.731925010681152,7.36164665222168,127443091
"2011-08-23",9.740049362182617,10.048741340637207,9.593826293945312,10.048741340637207,7.601297855377197,170500517
"2011-08-24",10.048741340637207,10.341185569763184,10.0,10.316816329956055,7.804078578948975,161958977
"2011-08-25",10.690496444702148,10.828595161437988,10.146223068237305,10.284321784973145,7.779500961303711,234626754
"2011-08-26",10.178715705871582,10.463038444519043,10.0,10.373680114746094,7.847097873687744,121201429
"2011-08-29",10.56052017211914,10.820470809936523,10.552395820617676,10.804224014282227,8.172775268554688,119732353
"2011-08-30",10.73111343383789,10.820470809936523,10.576766967773438,10.73111343383789,8.117473602294922,107048376
"2011-08-31",10.828595161437988,10.950447082519531,10.763607025146484,10.86921215057373,8.221939086914062,107177384
"2011-09-01",10.861088752746582,10.901705741882324,10.609260559082031,10.625508308410645,8.037589073181152,123459575
"2011-09-02",10.30869197845459,10.365555763244629,10.162469863891602,10.186840057373047,7.7057600021362305,131594516
"2011-09-06",9.82940673828125,10.032493591308594,9.821284294128418,10.008123397827148,7.57057523727417,138630665
"2011-09-07",10.21933364868164,10.503656387329102,9.837530136108398,10.487408638000488,7.9331254959106445,141058813
"2011-09-08",10.341185569763184,10.463038444519043,10.227457046508789,10.259950637817383,7.761066436767578,104926993
"2011-09-09",10.13809871673584,10.203086853027344,9.894394874572754,9.935011863708496,7.5152716636657715,158558709
"2011-09-12",9.764418601989746,10.064988136291504,9.74817180633545,10.048741340637207,7.601297855377197,144663304
"2011-09-13",10.113728523254395,10.227457046508789,10.0,10.113728523254395,7.65045690536499,121317389
"2011-09-14",10.21933364868164,10.357433319091797,9.983753204345703,10.235581398010254,7.7426300048828125,124639242
"2011-09-15",10.349309921264648,10.503656387329102,10.292445182800293,10.495532035827637,7.939269065856934,128471592
"2011-09-16",10.503656387329102,10.593013763427734,10.316816329956055,10.487408638000488,7.963944435119629,97875333
"2011-09-19",10.268074989318848,10.292445182800293,10.113728523254395,10.203086853027344,7.748034954071045,127818546
"2011-09-20",10.25182819366455,10.341185569763184,10.17059326171875,10.17059326171875,7.723361015319824,68153453
"2011-09-21",10.194963455200195,10.21933364868164,9.666936874389648,9.666936874389648,7.3408942222595215,147554800
"2011-09-22",9.43947982788086,9.512591361999512,9.21202278137207,9.390739440917969,7.131154537200928,251432981
"2011-09-23",9.325751304626465,9.528838157653809,9.309503555297852,9.488221168518066,7.205179691314697,146697901
"2011-09-26",9.618197441101074,9.926889419555664,9.536961555480957,9.91064167022705,7.525960922241211,136811863
"2011-09-27",10.13809871673584,10.235581398010254,9.870023727416992,9.959383010864258,7.562973976135254,173008556
"2011-09-28",9.975629806518555,10.032493591308594,9.658814430236816,9.675061225891113,7.3470611572265625,126402158
"2011-09-29",9.926889419555664,10.008123397827148,9.675061225891113,9.943136215209961,7.55063533782959,126952784
"2011-09-30",9.764418601989746,9.837530136108398,9.585702896118164,9.593826293945312,7.285376071929932,118365943
"2011-10-03",9.52071475982666,9.699431419372559,9.147034645080566,9.16328239440918,6.958429336547852,197426303
"2011-10-04",9.041430473327637,9.561331748962402,8.895207405090332,9.528838157653809,7.236025333404541,275785977
"2011-10-05",9.504467964172363,9.723801612854004,9.317627906799316,9.666936874389648,7.3408942222595215,148534060
"2011-10-06",9.618197441101074,9.983753204345703,9.488221168518066,9.967506408691406,7.569141387939453,171494180
"2011-10-07",10.024370193481445,10.024370193481445,9.593826293945312,9.61007308959961,7.297715187072754,189703501
"2011-10-10",9.845653533935547,10.105605125427246,9.837530136108398,10.105605125427246,7.674006938934326,121636587
"2011-10-11",9.975629806518555,10.178715705871582,9.935011863708496,10.097481727600098,7.667840957641602,118209237
"2011-10-12",10.211210250854492,10.52802562713623,10.194963455200195,10.357433319091797,7.865244388580322,156456284
"2011-10-13",10.203086853027344,10.227457046508789,9.975629806518555,10.113728523254395,7.680177211761475,143400298
"2011-10-14",10.259950637817383,10.316816329956055,10.064988136291504,10.235581398010254,7.772712230682373,149084564
"2011-10-17",10.154346466064453,10.178715705871582,9.894394874572754,9.9187650680542,7.532127857208252,108158491
"2011-10-18",10.0,10.519903182983398,9.926889419555664,10.38992691040039,7.889919757843018,226470024
"2011-10-19",10.398050308227539,10.568642616271973,10.203086853027344,10.243703842163086,7.7788777351379395,163000772
"2011-10-20",10.243703842163086,10.438668251037598,10.113728523254395,10.398050308227539,7.896090984344482,152230261
"2011-10-21",10.544273376464844,10.682372093200684,10.495532035827637,10.666125297546387,8.099660873413086,210757910
"2011-10-24",10.69861888885498,10.92607593536377,10.682372093200684,10.901705741882324,8.278557777404785,125120194
"2011-10-25",10.763607025146484,10.771730422973633,10.503656387329102,10.576766967773438,8.031801223754883,169801678
"2011-10-26",10.747360229492188,10.828595161437988,10.544273376464844,10.763607025146484,8.173685073852539,167673895
"2011-10-27",11.283509254455566,11.510967254638672,11.112915992736816,11.40536117553711,8.661020278930664,286446930
"2011-10-28",11.340373992919922,11.4541015625,11.251014709472656,11.413484573364258,8.667190551757812,167421540
"2011-10-31",11.137287139892578,11.210397720336914,10.950447082519531,10.966693878173828,8.32790756225586,135847497
"2011-11-01",10.430543899536133,10.722989082336426,10.4224214553833,10.44679069519043,7.933103084564209,263955821
"2011-11-02",10.706742286682129,10.78797721862793,10.568642616271973,10.75548267364502,8.167515754699707,141886414
"2011-11-03",10.893582344055176,10.982940673828125,10.56052017211914,10.942322731018066,8.30939769744873,137635648
"2011-11-04",10.812348365783691,10.828595161437988,10.658001899719238,10.796100616455078,8.198362350463867,114088957
"2011-11-07",10.763607025146484,10.861088752746582,10.658001899719238,10.852965354919434,8.24154281616211,101449664
"2011-11-08",10.958569526672363,11.088545799255371,10.812348365783691,11.056052207946777,8.395761489868164,140400105
"2011-11-09",10.739235877990723,10.763607025146484,10.4224214553833,10.454915046691895,7.939269065856934,144136559
"2011-11-10",10.633630752563477,10.641755104064941,10.4224214553833,10.503656387329102,7.976284503936768,175243190
"2011-11-11",10.682372093200684,10.804224014282227,10.674248695373535,10.75548267364502,8.167515754699707,113960564
"2011-11-14",10.666125297546387,10.682372093200684,10.463038444519043,10.536149024963379,8.000958442687988,77723247
"2011-11-15",10.454915046691895,10.666125297546387,10.4224214553833,10.584890365600586,8.037969589233398,110939567
"2011-11-16",10.463038444519043,10.56052017211914,10.300568580627441,10.324938774108887,7.840569972991943,112264861
"2011-11-17",10.316816329956055,10.357433319091797,10.048741340637207,10.121851921081543,7.686349391937256,178507556
"2011-11-18",10.17059326171875,10.211210250854492,10.08935832977295,10.154346466064453,7.711025714874268,104695565
"2011-11-21",9.959383010864258,9.983753204345703,9.82940673828125,9.902518272399902,7.519789695739746,120345391
"2011-11-22",9.91064167022705,9.951258659362793,9.796913146972656,9.813159942626953,7.451932430267334,81508942
"2011-11-23",9.707554817199707,9.707554817199707,9.528838157653809,9.545084953308105,7.248360633850098,101619666
"2011-11-25",9.545084953308105,9.723801612854004,9.528838157653809,9.569456100463867,7.266869068145752,39104069
"2011-11-28",9.943136215209961,9.951258659362793,9.74817180633545,9.853776931762695,7.482776165008545,84348120
"2011-11-29",9.845653533935547,9.9187650680542,9.772542953491211,9.805036544799805,7.445765018463135,78328776
"2011-11-30",10.162469863891602,10.454915046691895,10.113728523254395,10.406173706054688,7.902254581451416,168795212
"2011-12-01",10.349309921264648,10.38992691040039,10.227457046508789,10.349309921264648,7.859076023101807,84288047
"2011-12-02",10.454915046691895,10.682372093200684,10.454915046691895,10.487408638000488,7.963944435119629,157736524
"2011-12-05",10.682372093200684,10.828595161437988,10.609260559082031,10.69861888885498,8.124335289001465,124016480
"2011-12-06",10.641755104064941,10.771730422973633,10.576766967773438,10.706742286682129,8.130502700805664,69770618
"2011-12-07",10.61738395690918,10.86921215057373,10.544273376464844,10.83671760559082,8.229207038879395,112741751
"2011-12-08",10.722989082336426,10.722989082336426,10.381802558898926,10.414297103881836,7.908425807952881,150280849
"2011-12-09",10.519903182983398,10.69861888885498,10.495532035827637,10.641755104064941,8.081151008605957,120871398
"2011-12-12",10.487408638000488,10.495532035827637,10.300568580627441,10.38992691040039,7.889919757843018,120333328
"2011-12-13",10.47928524017334,10.519903182983398,10.113728523254395,10.243703842163086,7.7788777351379395,149126787
"2011-12-14",10.129976272583008,10.324938774108887,10.113728523254395,10.203086853027344,7.748034954071045,117957251
"2011-12-15",10.357433319091797,10.373680114746094,10.194963455200195,10.211210250854492,7.754206657409668,75845726
"2011-12-16",10.235581398010254,10.333063125610352,10.154346466064453,10.186840057373047,7.785248279571533,122441784
"2011-12-19",10.211210250854492,10.227457046508789,9.9187650680542,9.959383010864258,7.611415386199951,81936099
"2011-12-20",10.146223068237305,10.381802558898926,10.13809871673584,10.333063125610352,7.896995544433594,126622630
"2011-12-21",10.333063125610352,10.414297103881836,10.243703842163086,10.38992691040039,7.940455913543701,98054074
"2011-12-22",10.463038444519043,10.633630752563477,10.4224214553833,10.609260559082031,8.108083724975586,79959605
"2011-12-23",10.658001899719238,10.69861888885498,10.584890365600586,10.682372093200684,8.163952827453613,37730396
"2011-12-27",10.641755104064941,10.73111343383789,10.61738395690918,10.625508308410645,8.12049674987793,33277869
"2011-12-28",10.633630752563477,10.633630752563477,10.44679069519043,10.454915046691895,7.990128040313721,52844368
"2011-12-29",10.487408638000488,10.625508308410645,10.47928524017334,10.61738395690918,8.114290237426758,46397867
"2011-12-30",10.584890365600586,10.61738395690918,10.552395820617676,10.56052017211914,8.070829391479492,34132060
"2012-01-03",10.78797721862793,10.942322731018066,10.779853820800781,10.83671760559082,8.281913757324219,103362023
"2012-01-04",10.75548267364502,10.844841957092285,10.682372093200684,10.804224014282227,8.257081985473633,69833891
"2012-01-05",10.706742286682129,11.00731086730957,10.658001899719238,10.950447082519531,8.368831634521484,89935260
"2012-01-06",10.958569526672363,10.958569526672363,10.812348365783691,10.885458946228027,8.319165229797363,83878617
"2012-01-09",10.92607593536377,10.991064071655273,10.86921215057373,10.942322731018066,8.362621307373047,69189586
"2012-01-10",11.112915992736816,11.17790412902832,11.06417465209961,11.137287139892578,8.511621475219727,86035082
"2012-01-11",11.088545799255371,11.275385856628418,11.047928810119629,11.26726245880127,8.610954284667969,80938989
"2012-01-12",11.31600284576416,11.372867584228516,11.169780731201172,11.307880401611328,8.641999244689941,94107119
"2012-01-13",11.080422401428223,11.23476791381836,11.031682014465332,11.226645469665527,8.579915046691895,95008949
"2012-01-17",11.23476791381836,11.34849739074707,11.09666919708252,11.137287139892578,8.511621475219727,89019642
"2012-01-18",11.112915992736816,11.324127197265625,11.06417465209961,11.307880401611328,8.641999244689941,118473902
"2012-01-19",11.421607971191406,11.4541015625,11.364744186401367,11.413484573364258,8.722704887390137,131377244
"2012-01-20",11.372867584228516,11.502842903137207,11.340373992919922,11.48659610748291,8.778578758239746,114827311
"2012-01-23",11.494720458984375,11.608448028564453,11.4541015625,11.527214050292969,8.809622764587402,99325943
"2012-01-24",11.413484573364258,11.527214050292969,11.356620788574219,11.510967254638672,8.79720687866211,80650073
"2012-01-25",11.445979118347168,11.567831039428711,11.40536117553711,11.535337448120117,8.815831184387207,103761975
"2012-01-26",11.592201232910156,11.649065971374512,11.372867584228516,11.437854766845703,8.741329193115234,104215475
"2012-01-27",11.372867584228516,11.519089698791504,11.356620788574219,11.478472709655762,8.77237606048584,103542364
"2012-01-30",11.34849739074707,11.397237777709961,11.275385856628418,11.372867584228516,8.691665649414062,71714490
"2012-01-31",11.445979118347168,11.462225914001465,11.340373992919922,11.421607971191406,8.728912353515625,82584343
"2012-02-01",11.519089698791504,11.681559562683105,11.519089698791504,11.600324630737305,8.865494728088379,87912357
"2012-02-02",11.640941619873047,11.70592975616455,11.575955390930176,11.65718936920166,8.908954620361328,65660186
"2012-02-03",11.852152824401855,11.974004745483398,11.835906028747559,11.974004745483398,9.151082038879395,106830735
"2012-02-06",11.900894165039062,11.925264358520508,11.844029426574707,11.91714096069336,9.107624053955078,55279655
"2012-02-07",11.868399620056152,11.949633598327637,11.819659233093262,11.909016609191895,9.101414680480957,56189611
"2012-02-08",11.925264358520508,11.998374938964844,11.884647369384766,11.998374938964844,9.169707298278809,66141999
"2012-02-09",12.04711627960205,12.071487426757812,11.884647369384766,11.949633598327637,9.132455825805664,95860801
"2012-02-10",11.819659233093262,11.852152824401855,11.770917892456055,11.835906028747559,9.045539855957031,79561623
"2012-02-13",11.96588134765625,11.982128143310547,11.909016609191895,11.941511154174805,9.126249313354492,57901562
"2012-02-14",11.884647369384766,11.892769813537598,11.714054107666016,11.827781677246094,9.039332389831543,99205059
"2012-02-15",11.860276222229004,11.91714096069336,11.722176551818848,11.754671096801758,8.983454704284668,93529534
"2012-02-16",11.730300903320312,11.941511154174805,11.689682960510254,11.941511154174805,9.126249313354492,96074380
"2012-02-17",11.974004745483398,12.030868530273438,11.949633598327637,12.01462173461914,9.182122230529785,75672648
"2012-02-21",12.022746086120605,12.079609870910645,11.957757949829102,12.006499290466309,9.17591381072998,78483021
"2012-02-22",11.949633598327637,11.990251541137695,11.844029426574707,11.852152824401855,9.057958602905273,91890457
"2012-02-23",11.852152824401855,11.957757949829102,11.811534881591797,11.957757949829102,9.138664245605469,63968915
"2012-02-24",11.982128143310547,11.998374938964844,11.884647369384766,11.91714096069336,9.107624053955078,63090473
"2012-02-27",11.811534881591797,12.038992881774902,11.76279354095459,12.006499290466309,9.17591381072998,76146583
"2012-02-28",12.030868530273438,12.071487426757812,11.949633598327637,12.038992881774902,9.200750350952148,64479411
"2012-02-29",12.04711627960205,12.152721405029297,11.957757949829102,11.990251541137695,9.163496017456055,115620690
"2012-03-01",12.022746086120605,12.160844802856445,12.01462173461914,12.120226860046387,9.262829780578613,81546487
"2012-03-02",12.120226860046387,12.152721405029297,12.063363075256348,12.079609870910645,9.231788635253906,58846847
"2012-03-05",12.04711627960205,12.04711627960205,11.96588134765625,12.030868530273438,9.194538116455078,63542127
"2012-03-06",11.844029426574707,11.8765230178833,11.697807312011719,11.738424301147461,8.971036911010742,115379168
"2012-03-07",11.787164688110352,11.900894165039062,11.76279354095459,11.884647369384766,9.08279037475586,82887662
"2012-03-08",11.96588134765625,12.022746086120605,11.900894165039062,11.998374938964844,9.169707298278809,84296787
"2012-03-09",12.038992881774902,12.160844802856445,12.01462173461914,12.095856666564941,9.244206428527832,91179308
"2012-03-12",12.095856666564941,12.103981018066406,11.974004745483398,12.063363075256348,9.219367027282715,69292990
"2012-03-13",12.160844802856445,12.542648315429688,12.144598007202148,12.526400566101074,9.573247909545898,226592263
"2012-03-14",12.550771713256836,12.591388702392578,12.412672996520996,12.542648315429688,9.585663795471191,160538280
"2012-03-15",12.591388702392578,12.78635311126709,12.485783576965332,12.761981964111328,9.753288269042969,162857361
"2012-03-16",12.778228759765625,12.802599906921387,12.696993827819824,12.770106315612793,9.790657997131348,102174477
"2012-03-19",12.770106315612793,12.973193168640137,12.721364974975586,12.835092544555664,9.840481758117676,139045389
"2012-03-20",12.75385856628418,12.932575225830078,12.729488372802734,12.900080680847168,9.89030933380127,108827047
"2012-03-21",12.948822021484375,12.95694637298584,12.810723304748535,12.843216896057129,9.846711158752441,93343529
"2012-03-22",12.721364974975586,12.761981964111328,12.61575984954834,12.672623634338379,9.71591854095459,130459287
"2012-03-23",12.648253440856934,12.794475555419922,12.56701946258545,12.778228759765625,9.796884536743164,90967946
"2012-03-26",12.900080680847168,12.981315612792969,12.851340293884277,12.981315612792969,9.952589988708496,95005010
"2012-03-27",12.965068817138672,13.005685806274414,12.843216896057129,12.859463691711426,9.85916519165039,104557816
"2012-03-28",12.859463691711426,12.92445182800293,12.745735168457031,12.891958236694336,9.88408088684082,129709978
"2012-03-29",12.794475555419922,12.826970100402832,12.648253440856934,12.761981964111328,9.784431457519531,126585577
"2012-03-30",12.843216896057129,12.851340293884277,12.713240623474121,12.835092544555664,9.840481758117676,73690122
"2012-04-02",12.778228759765625,12.989439010620117,12.75385856628418,12.932575225830078,9.915220260620117,110200843
"2012-04-03",12.900080680847168,12.92445182800293,12.745735168457031,12.859463691711426,9.85916519165039,129060871
"2012-04-04",12.713240623474121,12.745735168457031,12.599513053894043,12.656376838684082,9.703462600708008,104199472
"2012-04-05",12.591388702392578,12.705118179321289,12.56701946258545,12.623883247375488,9.678547859191895,71652078
"2012-04-09",12.380179405212402,12.49390697479248,12.347684860229492,12.428919792175293,9.52907657623291,109181083
"2012-04-10",12.412672996520996,12.469536781311035,12.144598007202148,12.160844802856445,9.323543548583984,145531651
"2012-04-11",12.331438064575195,12.404548645019531,12.298944473266602,12.35580825805664,9.47301959991455,91447666
"2012-04-12",12.388301849365234,12.599513053894043,12.347684860229492,12.583266258239746,9.647412300109863,107650211
"2012-04-13",12.558895111083984,12.558895111083984,12.266449928283691,12.290820121765137,9.423198699951172,114048334
"2012-04-16",12.404548645019531,12.461413383483887,12.274574279785156,12.380179405212402,9.491706848144531,138138881
"2012-04-17",12.49390697479248,12.591388702392578,12.428919792175293,12.542648315429688,9.616272926330566,81803766
"2012-04-18",12.461413383483887,12.56701946258545,12.44516658782959,12.461413383483887,9.553988456726074,65399829
"2012-04-19",12.534524917602539,12.534524917602539,12.315191268920898,12.404548645019531,9.510388374328613,131280980
"2012-04-20",12.461413383483887,12.461413383483887,12.331438064575195,12.339561462402344,9.460564613342285,68882944
"2012-04-23",12.144598007202148,12.258326530456543,12.120226860046387,12.250203132629395,9.392057418823242,91121944
"2012-04-24",12.258326530456543,12.388301849365234,12.258326530456543,12.388301849365234,9.49793529510498,76151999
"2012-04-25",12.477660179138184,12.526400566101074,12.380179405212402,12.49390697479248,9.578901290893555,91385378
"2012-04-26",12.453289985656738,12.63200569152832,12.44516658782959,12.599513053894043,9.659866333007812,58432862
"2012-04-27",12.656376838684082,12.66450023651123,12.518278121948242,12.607636451721191,9.666093826293945,59668663
"2012-04-30",12.558895111083984,12.583266258239746,12.453289985656738,12.534524917602539,9.610038757324219,71007527
"2012-05-01",12.534524917602539,12.761981964111328,12.518278121948242,12.66450023651123,9.709689140319824,103766530
"2012-05-02",12.575141906738281,12.599513053894043,12.469536781311035,12.56701946258545,9.634952545166016,69602094
"2012-05-03",12.575141906738281,12.583266258239746,12.412672996520996,12.461413383483887,9.553988456726074,104392985
"2012-05-04",12.363931655883789,12.404548645019531,12.217708587646484,12.266449928283691,9.404512405395508,95088718
"2012-05-07",12.18521499633789,12.380179405212402,12.18521499633789,12.339561462402344,9.460564613342285,101873252
"2012-05-08",12.250203132629395,12.315191268920898,12.144598007202148,12.258326530456543,9.398283958435059,100957018
"2012-05-09",12.103981018066406,12.209586143493652,12.022746086120605,12.120226860046387,9.292404174804688,116092656
"2012-05-10",12.274574279785156,12.298944473266602,12.144598007202148,12.168968200683594,9.3297758102417,79928091
"2012-05-11",11.909016609191895,12.144598007202148,11.892769813537598,12.030868530273438,9.223894119262695,123047067
"2012-05-14",11.860276222229004,11.91714096069336,11.779041290283203,11.787164688110352,9.0370512008667,112880977
"2012-05-15",11.7952880859375,11.868399620056152,11.697807312011719,11.722176551818848,8.987224578857422,122145975
"2012-05-16",11.803412437438965,11.860276222229004,11.543460845947266,11.551584243774414,8.856436729431152,143225373
"2012-05-17",11.535337448120117,11.551584243774414,11.307880401611328,11.31600284576416,8.67581558227539,190024423
"2012-05-18",11.356620788574219,11.356620788574219,11.14540958404541,11.186027526855469,8.576166152954102,151363760
"2012-05-21",11.23476791381836,11.364744186401367,11.129162788391113,11.291632652282715,8.657130241394043,106559053
"2012-05-22",11.364744186401367,11.567831039428711,11.299756050109863,11.380990982055664,8.7256441116333,121446767
"2012-05-23",11.275385856628418,11.445979118347168,11.169780731201172,11.421607971191406,8.756783485412598,137010300
"2012-05-24",11.478472709655762,11.494720458984375,11.307880401611328,11.429732322692871,8.76301097869873,99869922
"2012-05-25",11.413484573364258,11.48659610748291,11.356620788574219,11.389115333557129,8.7318696975708,51386864
"2012-05-29",11.502842903137207,11.559707641601562,11.445979118347168,11.551584243774414,8.856436729431152,90323886
"2012-05-30",11.421607971191406,11.437854766845703,11.283509254455566,11.283509254455566,8.65090560913086,104857811
"2012-05-31",11.307880401611328,11.478472709655762,11.194150924682617,11.380990982055664,8.7256441116333,110352133
"2012-06-01",11.161657333374023,11.17790412902832,10.950447082519531,10.958569526672363,8.401778221130371,124009217
"2012-06-04",11.00731086730957,11.00731086730957,10.804224014282227,10.852965354919434,8.320812225341797,97012771
"2012-06-05",10.828595161437988,11.056052207946777,10.820470809936523,11.031682014465332,8.457836151123047,123895103
"2012-06-06",11.14540958404541,11.364744186401367,11.09666919708252,11.356620788574219,8.70695686340332,120034933
"2012-06-07",11.527214050292969,11.567831039428711,11.31600284576416,11.34849739074707,8.700730323791504,114277300
"2012-06-08",11.307880401611328,11.48659610748291,11.226645469665527,11.48659610748291,8.806609153747559,74612757
"2012-06-11",11.632819175720215,11.640941619873047,11.259139060974121,11.275385856628418,8.64467716217041,126832761
"2012-06-12",11.299756050109863,11.4541015625,11.202275276184082,11.445979118347168,8.775467872619629,105210246
"2012-06-13",11.389115333557129,11.559707641601562,11.34849739074707,11.40536117553711,8.744324684143066,118488551
"2012-06-14",11.429732322692871,11.600324630737305,11.397237777709961,11.543460845947266,8.850207328796387,127557943
"2012-06-15",11.551584243774414,11.65718936920166,11.470349311828613,11.649065971374512,8.974117279052734,104497005
"2012-06-18",11.575955390930176,11.681559562683105,11.527214050292969,11.584077835083008,8.924052238464355,83680426
"2012-06-19",11.65718936920166,11.835906028747559,11.649065971374512,11.779041290283203,9.074248313903809,79604585
"2012-06-20",11.803412437438965,11.884647369384766,11.689682960510254,11.803412437438965,9.093018531799316,108411585
"2012-06-21",11.827781677246094,11.884647369384766,11.519089698791504,11.543460845947266,8.892762184143066,88837454
"2012-06-22",11.62469482421875,11.689682960510254,11.584077835083008,11.649065971374512,8.974117279052734,55259836
"2012-06-25",11.478472709655762,11.48659610748291,11.34849739074707,11.40536117553711,8.786371231079102,62777553
"2012-06-26",11.4541015625,11.527214050292969,11.364744186401367,11.462225914001465,8.830179214477539,65826371
"2012-06-27",11.519089698791504,11.640941619873047,11.4541015625,11.600324630737305,8.936566352844238,69296314
"2012-06-28",11.478472709655762,11.600324630737305,11.389115333557129,11.592201232910156,8.930309295654297,85956791
"2012-06-29",11.8765230178833,11.900894165039062,11.787164688110352,11.892769813537598,9.161860466003418,76394260
"2012-07-02",11.949633598327637,11.982128143310547,11.819659233093262,11.96588134765625,9.218185424804688,75570598
"2012-07-03",11.941511154174805,12.063363075256348,11.91714096069336,12.030868530273438,9.2682466506958,39736188
"2012-07-05",11.974004745483398,11.974004745483398,11.835906028747559,11.852152824401855,9.130570411682129,54074506
"2012-07-06",11.697807312011719,11.7952880859375,11.689682960510254,11.754671096801758,9.055475234985352,55147815
"2012-07-09",11.722176551818848,11.779041290283203,11.673436164855957,11.738424301147461,9.04295825958252,45911499
"2012-07-10",11.827781677246094,11.860276222229004,11.600324630737305,11.649065971374512,8.974117279052734,79133604
"2012-07-11",11.65718936920166,11.787164688110352,11.640941619873047,11.74654769897461,9.049214363098145,97988216
"2012-07-12",11.640941619873047,11.697807312011719,11.575955390930176,11.62469482421875,8.955344200134277,66861519
"2012-07-13",11.681559562683105,11.96588134765625,11.681559562683105,11.949633598327637,9.205668449401855,95969252
"2012-07-16",11.957757949829102,11.974004745483398,11.868399620056152,11.925264358520508,9.1868896484375,61542737
"2012-07-17",12.006499290466309,12.006499290466309,11.803412437438965,11.990251541137695,9.236956596374512,77759685
"2012-07-18",11.949633598327637,12.006499290466309,11.892769813537598,11.93338680267334,9.193153381347656,68192230
"2012-07-19",11.949633598327637,11.982128143310547,11.811534881591797,11.860276222229004,9.13682746887207,61045906
"2012-07-20",11.770917892456055,11.779041290283203,11.665312767028809,11.681559562683105,8.999149322509766,69130498
"2012-07-23",11.462225914001465,11.616572380065918,11.445979118347168,11.584077835083008,8.924052238464355,72823006
"2012-07-24",11.616572380065918,11.616572380065918,11.445979118347168,11.551584243774414,8.899023056030273,55617072
"2012-07-25",11.616572380065918,11.65718936920166,11.527214050292969,11.592201232910156,8.930309295654297,55276209
"2012-07-26",11.770917892456055,11.803412437438965,11.697807312011719,11.770917892456055,9.067991256713867,69291513
"2012-07-27",11.852152824401855,12.063363075256348,11.7952880859375,11.990251541137695,9.236956596374512,85430785
"2012-07-30",11.96588134765625,12.038992881774902,11.93338680267334,11.96588134765625,9.218185424804688,45241343
"2012-07-31",11.925264358520508,11.96588134765625,11.884647369384766,11.909016609191895,9.174375534057617,57458525
"2012-08-01",11.957757949829102,11.998374938964844,11.852152824401855,11.852152824401855,9.130570411682129,99654866
"2012-08-02",11.74654769897461,11.844029426574707,11.649065971374512,11.76279354095459,9.06173038482666,78094271
"2012-08-03",11.941511154174805,12.103981018066406,11.925264358520508,12.038992881774902,9.274506568908691,98849054
"2012-08-06",12.112104415893555,12.177091598510742,12.071487426757812,12.08773422241211,9.312057495117188,50850271
"2012-08-07",12.120226860046387,12.233956336975098,12.112104415893555,12.136473655700684,9.349601745605469,43945346
"2012-08-08",12.08773422241211,12.18521499633789,12.079609870910645,12.136473655700684,9.349601745605469,32388964
"2012-08-09",12.120226860046387,12.193339347839355,12.095856666564941,12.128351211547852,9.343343734741211,32552810
"2012-08-10",12.08773422241211,12.160844802856445,12.0552396774292,12.136473655700684,9.349601745605469,21702038
"2012-08-13",12.112104415893555,12.160844802856445,12.063363075256348,12.144598007202148,9.355863571166992,20176829
"2012-08-14",12.217708587646484,12.233956336975098,12.103981018066406,12.128351211547852,9.343343734741211,28338974
"2012-08-15",12.136473655700684,12.209586143493652,12.112104415893555,12.168968200683594,9.374637603759766,24638834
"2012-08-16",12.209586143493652,12.282696723937988,12.136473655700684,12.250203132629395,9.437217712402344,40100933
"2012-08-17",12.290820121765137,12.298944473266602,12.250203132629395,12.290820121765137,9.468509674072266,29729389
"2012-08-20",12.282696723937988,12.331438064575195,12.258326530456543,12.32331371307373,9.493535041809082,31691726
"2012-08-21",12.372055053710938,12.49390697479248,12.315191268920898,12.363931655883789,9.52483081817627,50864181
"2012-08-22",12.32331371307373,12.3964262008667,12.274574279785156,12.347684860229492,9.512311935424805,57712973
"2012-08-23",12.32331371307373,12.339561462402344,12.209586143493652,12.22583293914795,9.41844367980957,50210028
"2012-08-24",12.177091598510742,12.331438064575195,12.160844802856445,12.290820121765137,9.468509674072266,33998620
"2012-08-27",12.331438064575195,12.339561462402344,12.250203132629395,12.282696723937988,9.462246894836426,22600791
"2012-08-28",12.242079734802246,12.339561462402344,12.22583293914795,12.266449928283691,9.449732780456543,27816907
"2012-08-29",12.290820121765137,12.32331371307373,12.250203132629395,12.290820121765137,9.468509674072266,22826310
"2012-08-30",12.233956336975098,12.266449928283691,12.160844802856445,12.22583293914795,9.41844367980957,31546837
"2012-08-31",12.298944473266602,12.347684860229492,12.22583293914795,12.315191268920898,9.487279891967773,64889457
"2012-09-04",12.290820121765137,12.347684860229492,12.242079734802246,12.315191268920898,9.487279891967773,36182168
"2012-09-05",12.315191268920898,12.35580825805664,12.274574279785156,12.315191268920898,9.487279891967773,32883211
"2012-09-06",12.380179405212402,12.61575984954834,12.380179405212402,12.607636451721191,9.712573051452637,64472271
"2012-09-07",12.648253440856934,12.761981964111328,12.648253440856934,12.737611770629883,9.812700271606445,57754827
"2012-09-10",12.721364974975586,12.761981964111328,12.623883247375488,12.63200569152832,9.731344223022461,52705757
"2012-09-11",12.63200569152832,12.745735168457031,12.607636451721191,12.737611770629883,9.812700271606445,70453823
"2012-09-12",12.802599906921387,12.851340293884277,12.75385856628418,12.78635311126709,9.850253105163574,62693107
"2012-09-13",12.778228759765625,13.160032272338867,12.737611770629883,13.119415283203125,10.106830596923828,172620053
"2012-09-14",13.225020408630371,13.354995727539062,13.184403419494629,13.225020408630371,10.188188552856445,150418352
"2012-09-17",13.176279067993164,13.225020408630371,13.070673942565918,13.103167533874512,10.094310760498047,60313214
"2012-09-18",13.054427146911621,13.086920738220215,12.997563362121582,13.038180351257324,10.044249534606934,81750341
"2012-09-19",13.070673942565918,13.119415283203125,13.005685806274414,13.030056953430176,10.037992477416992,80701652
"2012-09-20",12.908205032348633,12.965068817138672,12.843216896057129,12.95694637298584,9.981674194335938,81109728
"2012-09-21",13.013810157775879,13.013810157775879,12.851340293884277,12.859463691711426,9.947735786437988,42195603
"2012-09-24",12.770106315612793,12.92445182800293,12.770106315612793,12.867587089538574,9.954020500183105,46410423
"2012-09-25",12.900080680847168,12.940698623657227,12.66450023651123,12.672623634338379,9.803201675415039,88561833
"2012-09-26",12.63200569152832,12.656376838684082,12.550771713256836,12.591388702392578,9.740361213684082,64955438
"2012-09-27",12.66450023651123,12.770106315612793,12.623883247375488,12.705118179321289,9.828340530395508,57130095
"2012-09-28",12.656376838684082,12.737611770629883,12.607636451721191,12.66450023651123,9.796917915344238,56713893
"2012-10-01",12.75385856628418,12.875711441040039,12.688871383666992,12.721364974975586,9.84090805053711,66024193
"2012-10-02",12.802599906921387,12.802599906921387,12.688871383666992,12.745735168457031,9.859759330749512,54014310
"2012-10-03",12.802599906921387,12.908205032348633,12.721364974975586,12.859463691711426,9.947735786437988,68035400
"2012-10-04",12.932575225830078,13.070673942565918,12.908205032348633,13.054427146911621,10.098557472229004,95948941
"2012-10-05",13.143786430358887,13.184403419494629,13.005685806274414,13.046303749084473,10.09227180480957,76084786
"2012-10-08",12.981315612792969,13.06255054473877,12.965068817138672,13.038180351257324,10.085986137390137,36612525
"2012-10-09",13.046303749084473,13.09504508972168,12.916328430175781,12.95694637298584,10.023147583007812,90105261
"2012-10-10",12.948822021484375,13.005685806274414,12.875711441040039,12.948822021484375,10.016866683959961,76931837
"2012-10-11",13.078798294067383,13.103167533874512,12.997563362121582,13.021932601928711,10.073417663574219,75143933
"2012-10-12",12.908205032348633,12.989439010620117,12.802599906921387,12.843216896057129,9.935169219970703,91271141
"2012-10-15",12.891958236694336,13.005685806274414,12.835092544555664,12.989439010620117,10.0482816696167,68673674
"2012-10-16",13.054427146911621,13.127538681030273,13.030056953430176,13.070673942565918,10.111124038696289,94636818
"2012-10-17",13.119415283203125,13.249390602111816,13.103167533874512,13.241267204284668,10.243087768554688,70444591
"2012-10-18",13.208772659301758,13.31437873840332,13.192525863647461,13.26563835144043,10.261944770812988,63453495
"2012-10-19",13.23314380645752,13.23314380645752,13.021932601928711,13.086920738220215,10.123692512512207,75531821
"2012-10-22",13.070673942565918,13.119415283203125,12.965068817138672,13.086920738220215,10.123692512512207,129434726
"2012-10-23",12.916328430175781,12.92445182800293,12.818845748901367,12.867587089538574,9.954020500183105,79617756
"2012-10-24",12.948822021484375,12.973193168640137,12.851340293884277,12.867587089538574,9.954020500183105,64741983
"2012-10-25",12.989439010620117,13.013810157775879,12.810723304748535,12.900080680847168,9.979158401489258,65027206
"2012-10-26",12.883833885192871,12.908205032348633,12.745735168457031,12.835092544555664,9.92888355255127,69489581
"2012-10-31",12.883833885192871,12.92445182800293,12.826970100402832,12.916328430175781,9.991726875305176,53059793
"2012-11-01",12.932575225830078,13.078798294067383,12.908205032348633,13.078798294067383,10.117409706115723,72143001
"2012-11-02",13.151908874511719,13.160032272338867,12.973193168640137,12.997563362121582,10.054566383361816,65960673
"2012-11-05",12.95694637298584,12.997563362121582,12.835092544555664,12.973193168640137,10.03571605682373,54580447
"2012-11-06",13.013810157775879,13.160032272338867,13.005685806274414,13.119415283203125,10.148826599121094,49350790
"2012-11-07",12.932575225830078,12.948822021484375,12.656376838684082,12.680747032165527,9.80948543548584,143868817
"2012-11-08",12.737611770629883,12.843216896057129,12.56701946258545,12.575141906738281,9.727792739868164,114104714
"2012-11-09",12.518278121948242,12.729488372802734,12.502031326293945,12.591388702392578,9.740361213684082,95030861
"2012-11-12",12.648253440856934,12.648253440856934,12.56701946258545,12.61575984954834,9.759215354919434,41658271
"2012-11-13",12.518278121948242,12.696993827819824,12.49390697479248,12.526400566101074,9.690088272094727,63960298
"2012-11-14",12.550771713256836,12.591388702392578,12.266449928283691,12.307066917419434,9.520418167114258,84265766
"2012-11-15",12.307066917419434,12.428919792175293,12.274574279785156,12.331438064575195,9.539271354675293,85757861
"2012-11-16",12.363931655883789,12.428919792175293,12.233956336975098,12.412672996520996,9.602113723754883,77888940
"2012-11-19",12.591388702392578,12.66450023651123,12.583266258239746,12.648253440856934,9.784351348876953,64199481
"2012-11-20",12.61575984954834,12.75385856628418,12.575141906738281,12.713240623474121,9.83462142944336,49879012
"2012-11-21",12.721364974975586,12.737611770629883,12.640130043029785,12.713240623474121,9.83462142944336,32286422
"2012-11-23",12.810723304748535,12.875711441040039,12.778228759765625,12.867587089538574,9.954020500183105,25337304
"2012-11-26",12.802599906921387,12.826970100402832,12.737611770629883,12.818845748901367,9.916316032409668,37321089
"2012-11-27",12.794475555419922,12.843216896057129,12.688871383666992,12.705118179321289,9.828340530395508,61359564
"2012-11-28",12.63200569152832,12.770106315612793,12.534524917602539,12.75385856628418,9.866044044494629,58569995
"2012-11-29",12.818845748901367,12.867587089538574,12.75385856628418,12.818845748901367,9.916316032409668,48775790
"2012-11-30",12.810723304748535,12.859463691711426,12.75385856628418,12.802599906921387,9.903746604919434,36530910
"2012-12-03",12.843216896057129,12.883833885192871,12.745735168457031,12.75385856628418,9.866044044494629,62742593
"2012-12-04",12.75385856628418,12.78635311126709,12.656376838684082,12.721364974975586,9.84090805053711,48549409
"2012-12-05",12.761981964111328,12.940698623657227,12.729488372802734,12.875711441040039,9.960305213928223,57255164
"2012-12-06",12.883833885192871,12.92445182800293,12.843216896057129,12.916328430175781,9.991726875305176,42609219
"2012-12-07",12.989439010620117,13.021932601928711,12.932575225830078,13.021932601928711,10.073417663574219,44538688
"2012-12-10",12.981315612792969,13.030056953430176,12.940698623657227,12.989439010620117,10.0482816696167,59304164
"2012-12-11",13.046303749084473,13.111291885375977,13.005685806274414,13.054427146911621,10.098557472229004,58723378
"2012-12-12",13.111291885375977,13.225020408630371,13.078798294067383,13.111291885375977,10.142544746398926,68531370
"2012-12-13",13.111291885375977,13.135662078857422,13.005685806274414,13.046303749084473,10.09227180480957,50848055
"2012-12-14",13.030056953430176,13.054427146911621,12.981315612792969,12.997563362121582,10.054566383361816,43026404
"2012-12-17",13.078798294067383,13.273760795593262,13.070673942565918,13.26563835144043,10.261944770812988,85069486
"2012-12-18",13.338748931884766,13.476847648620605,13.290007591247559,13.460600852966309,10.412761688232422,86535115
"2012-12-19",13.493095397949219,13.509342193603516,13.37124252319336,13.379365921020508,10.349923133850098,90697864
"2012-12-20",13.395612716674805,13.566205978393555,13.387490272521973,13.566205978393555,10.49445629119873,76288517
"2012-12-21",13.249390602111816,13.379365921020508,13.23314380645752,13.322502136230469,10.37051773071289,72313987
"2012-12-24",13.257513999938965,13.330625534057617,13.249390602111816,13.298131942749023,10.351545333862305,29586100
"2012-12-26",13.322502136230469,13.346872329711914,13.249390602111816,13.298131942749023,10.351545333862305,36545928
"2012-12-27",13.322502136230469,13.346872329711914,13.070673942565918,13.249390602111816,10.313602447509766,54714996
"2012-12-28",13.160032272338867,13.249390602111816,13.127538681030273,13.143786430358887,10.231398582458496,39480386
"2012-12-31",13.127538681030273,13.330625534057617,13.09504508972168,13.31437873840332,10.364191055297852,73574162
"2013-01-02",13.647440910339355,13.71242904663086,13.598699569702148,13.704304695129395,10.667715072631836,86126792
"2013-01-03",13.704304695129395,13.728675842285156,13.631194114685059,13.688057899475098,10.655071258544922,59026942
"2013-01-04",13.71242904663086,13.874897956848145,13.679935455322266,13.8505277633667,10.781539916992188,54822954
"2013-01-07",13.826157569885254,13.834280967712402,13.736799240112305,13.818034172058105,10.756245613098145,44491664
"2013-01-08",13.79366397857666,13.801787376403809,13.71242904663086,13.777417182922363,10.724628448486328,51457154
"2013-01-09",13.809910774230957,13.88302230834961,13.71242904663086,13.761170387268066,10.711983680725098,59736737
"2013-01-10",13.874897956848145,13.948010444641113,13.809910774230957,13.9317626953125,10.844776153564453,75427432
"2013-01-11",13.899269104003906,13.907391548156738,13.809910774230957,13.899269104003906,10.819479942321777,52621188
"2013-01-14",13.88302230834961,13.899269104003906,13.777417182922363,13.858652114868164,10.78786563873291,47142130
"2013-01-15",13.79366397857666,13.9317626953125,13.769292831420898,13.915515899658203,10.832131385803223,51769213
"2013-01-16",13.907391548156738,13.948010444641113,13.842405319213867,13.923639297485352,10.838451385498047,71678176
"2013-01-17",13.9317626953125,13.96425724029541,13.874897956848145,13.915515899658203,10.832131385803223,69721255
"2013-01-18",13.907391548156738,13.948010444641113,13.834280967712402,13.9317626953125,10.844776153564453,70050794
"2013-01-22",13.907391548156738,14.061738014221191,13.907391548156738,14.061738014221191,10.945953369140625,52164733
"2013-01-23",14.053614616394043,14.069862365722656,13.980504035949707,14.053614616394043,10.939629554748535,46065374
"2013-01-24",14.094231605529785,14.207961082458496,14.061738014221191,14.126726150512695,10.996537208557129,82546675
"2013-01-25",14.1917142868042,14.199837684631348,14.10235595703125,14.1917142868042,11.047127723693848,56354565
"2013-01-28",14.207961082458496,14.216083526611328,14.077984809875488,14.134849548339844,11.002860069274902,38270928
"2013-01-29",14.10235595703125,14.207961082458496,14.086109161376953,14.1917142868042,11.047127723693848,46096888
"2013-01-30",14.159219741821289,14.18359088897705,14.094231605529785,14.126726150512695,10.996537208557129,39875044
"2013-01-31",14.10235595703125,14.142972946166992,14.053614616394043,14.118602752685547,10.990212440490723,43701239
"2013-02-01",14.1917142868042,14.346059799194336,14.1917142868042,14.305442810058594,11.13565731048584,71294104
"2013-02-04",14.207961082458496,14.24045467376709,14.110479354858398,14.142972946166992,11.009187698364258,61435148
"2013-02-05",14.216083526611328,14.329813003540039,14.1917142868042,14.281071662902832,11.11668586730957,58311731
"2013-02-06",14.199837684631348,14.313566207885742,14.18359088897705,14.305442810058594,11.13565731048584,36912889
"2013-02-07",14.337937355041504,14.3541841506958,14.151097297668457,14.264824867248535,11.10403823852539,62169070
"2013-02-08",14.289196014404297,14.313566207885742,14.256702423095703,14.297319412231445,11.1293306350708,54945808
"2013-02-11",14.297319412231445,14.386676788330078,14.27294921875,14.362306594848633,11.17991828918457,34986990
"2013-02-12",14.378554344177246,14.49228286743164,14.329813003540039,14.476036071777344,11.268449783325195,68228421
"2013-02-13",14.508529663085938,14.516653060913086,14.386676788330078,14.443541526794434,11.243152618408203,49634536
"2013-02-14",14.386676788330078,14.500406265258789,14.370430946350098,14.49228286743164,11.281095504760742,38606376
"2013-02-15",14.52477741241455,14.532899856567383,14.378554344177246,14.427294731140137,11.230507850646973,78615969
"2013-02-19",14.476036071777344,14.573516845703125,14.459789276123047,14.565394401550293,11.338008880615234,54735061
"2013-02-20",14.557271003723145,14.565394401550293,14.337937355041504,14.346059799194336,11.167275428771973,67902699
"2013-02-21",14.32168960571289,14.32168960571289,14.175466537475586,14.232331275939941,11.078743934631348,64595863
"2013-02-22",14.329813003540039,14.41104793548584,14.305442810058594,14.41104793548584,11.217862129211426,53303285
"2013-02-25",14.500406265258789,14.500406265258789,14.0129976272583,14.02112102508545,10.914337158203125,88097007
"2013-02-26",14.10235595703125,14.134849548339844,13.939886093139648,14.094231605529785,10.971245765686035,91502446
"2013-02-27",14.069862365722656,14.346059799194336,14.061738014221191,14.313566207885742,11.14198112487793,77002374
"2013-02-28",14.313566207885742,14.41104793548584,14.256702423095703,14.289196014404297,11.123008728027344,76742387
"2013-03-01",14.18359088897705,14.370430946350098,14.10235595703125,14.329813003540039,11.154630661010742,63689232
"2013-03-04",14.289196014404297,14.459789276123047,14.27294921875,14.451664924621582,11.249475479125977,44648986
"2013-03-05",14.541024208068848,14.66287612915039,14.516653060913086,14.573516845703125,11.344328880310059,81640166
"2013-03-06",14.679122924804688,14.727864265441895,14.606011390686035,14.670998573303223,11.42021369934082,81642628
"2013-03-07",14.703493118286133,14.792851448059082,14.703493118286133,14.776603698730469,11.502418518066406,58971794
"2013-03-08",14.865962982177734,14.882209777832031,14.71973991394043,14.817221641540527,11.534036636352539,75238474
"2013-03-11",14.825345039367676,14.955321311950684,14.784728050231934,14.930950164794922,11.622564315795898,60897570
"2013-03-12",14.914703369140625,14.930950164794922,14.809098243713379,14.849716186523438,11.55932903289795,40250869
"2013-03-13",14.865962982177734,14.906579971313477,14.817221641540527,14.89033317565918,11.590947151184082,29836732
"2013-03-14",14.947196960449219,15.012185096740723,14.922826766967773,14.987814903259277,11.666829109191895,82792382
"2013-03-15",14.93907356262207,15.004061698913574,14.865962982177734,14.987814903259277,11.706167221069336,61508885
"2013-03-18",14.792851448059082,14.906579971313477,14.760356903076172,14.841591835021973,11.591958999633789,50767302
"2013-03-19",14.906579971313477,14.922826766967773,14.670998573303223,14.760356903076172,11.528510093688965,80060793
"2013-03-20",14.841591835021973,14.89033317565918,14.817221641540527,14.85783863067627,11.604649543762207,77461167
"2013-03-21",14.776603698730469,14.83346939086914,14.679122924804688,14.679122924804688,11.46506404876709,70564736
"2013-03-22",14.760356903076172,14.792851448059082,14.687246322631836,14.768481254577637,11.534858703613281,54333878
"2013-03-25",14.825345039367676,14.865962982177734,14.646629333496094,14.727864265441895,11.503131866455078,61043567
"2013-03-26",14.784728050231934,14.83346939086914,14.727864265441895,14.825345039367676,11.579268455505371,59791763
"2013-03-27",14.71973991394043,14.768481254577637,14.670998573303223,14.75223445892334,11.522163391113281,39216336
"2013-03-28",14.744110107421875,14.80097484588623,14.711617469787598,14.792851448059082,11.553892135620117,31685325
"2013-04-01",14.784728050231934,14.841591835021973,14.670998573303223,14.71973991394043,11.496788024902344,27318475
"2013-04-02",14.760356903076172,14.825345039367676,14.75223445892334,14.809098243713379,11.566580772399902,49287270
"2013-04-03",14.817221641540527,14.817221641540527,14.508529663085938,14.565394401550293,11.376235008239746,109156340
"2013-04-04",14.573516845703125,14.703493118286133,14.573516845703125,14.695369720458984,11.47775650024414,68118247
"2013-04-05",14.459789276123047,14.670998573303223,14.435418128967285,14.646629333496094,11.43968391418457,73523198
"2013-04-08",14.63038158416748,14.80097484588623,14.573516845703125,14.792851448059082,11.553892135620117,51458508
"2013-04-09",14.83346939086914,14.930950164794922,14.776603698730469,14.83346939086914,11.585615158081055,62398898
"2013-04-10",14.89033317565918,15.052803039550781,14.89033317565918,15.036556243896484,11.744235038757324,82560708
"2013-04-11",15.044678688049316,15.150283813476562,14.995938301086426,15.069049835205078,11.769614219665527,60166233
"2013-04-12",14.97156810760498,15.044678688049316,14.922826766967773,15.004061698913574,11.718855857849121,56836255
"2013-04-15",14.979690551757812,15.052803039550781,14.670998573303223,14.687246322631836,11.471407890319824,88256176
"2013-04-16",14.83346939086914,14.930950164794922,14.735986709594727,14.914703369140625,11.649065017700195,55160987
"2013-04-17",14.776603698730469,14.792851448059082,14.516653060913086,14.638504981994629,11.43333911895752,97644397
"2013-04-18",14.63038158416748,14.638504981994629,14.419171333312988,14.484159469604492,11.312787055969238,75975843
"2013-04-19",14.532899856567383,14.695369720458984,14.516653060913086,14.687246322631836,11.471407890319824,66982034
"2013-04-22",14.71973991394043,14.727864265441895,14.557271003723145,14.703493118286133,11.484099388122559,53919154
"2013-04-23",14.817221641540527,14.979690551757812,14.80097484588623,14.97156810760498,11.693476676940918,92145028
"2013-04-24",14.987814903259277,15.085296630859375,14.97156810760498,15.06092643737793,11.763272285461426,46441322
"2013-04-25",15.117790222167969,15.239643096923828,15.085296630859375,15.150283813476562,11.833061218261719,44356254
"2013-04-26",15.125913619995117,15.158408164978027,15.020309448242188,15.085296630859375,11.782305717468262,29434318
"2013-04-29",15.150283813476562,15.174654960632324,15.085296630859375,15.150283813476562,11.833061218261719,36910920
"2013-04-30",15.14216136932373,15.19902515411377,15.077173233032227,15.190901756286621,11.864786148071289,50558770
"2013-05-01",15.16653060913086,15.182778358459473,15.012185096740723,15.020309448242188,11.731546401977539,49923082
"2013-05-02",15.069049835205078,15.174654960632324,15.044678688049316,15.150283813476562,11.833061218261719,54011356
"2013-05-03",15.304630279541016,15.385865211486816,15.288382530212402,15.312753677368164,11.95995807647705,50393078
"2013-05-06",15.353370666503906,15.491470336914062,15.345248222351074,15.47522258758545,12.08685302734375,29340516
"2013-05-07",15.532088279724121,15.605198860168457,15.442728996276855,15.556458473205566,12.15030574798584,48645304
"2013-05-08",15.556458473205566,15.702680587768555,15.50771713256836,15.686433792114258,12.251819610595703,77939657
"2013-05-09",15.694557189941406,15.694557189941406,15.532088279724121,15.572705268859863,12.162993431091309,46510750
"2013-05-10",15.58895206451416,15.637693405151367,15.540210723876953,15.637693405151367,12.213752746582031,65637289
"2013-05-13",15.613323211669922,15.718928337097168,15.572705268859863,15.686433792114258,12.251819610595703,38763821
"2013-05-14",15.718928337097168,16.051990509033203,15.702680587768555,15.954508781433105,12.461198806762695,42067209
"2013-05-15",15.954508781433105,16.141347885131836,15.913890838623047,16.100730895996094,12.575403213500977,58081658
"2013-05-16",16.0682373046875,16.157594680786133,15.954508781433105,15.995125770568848,12.492920875549316,46165208
"2013-05-17",16.0682373046875,16.214460372924805,16.06011390686035,16.206335067749023,12.657888412475586,59018818
"2013-05-20",16.190088272094727,16.320064544677734,16.17384147644043,16.23883056640625,12.683267593383789,40420254
"2013-05-21",16.271324157714844,16.360681533813477,16.2307071685791,16.279447555541992,12.71498966217041,44609840
"2013-05-22",16.311941146850586,16.531274795532227,16.043867111206055,16.108854293823242,12.581748962402344,118123067
"2013-05-23",15.881397247314453,16.092607498168945,15.832655906677246,16.01137351989746,12.505616188049316,73706248
"2013-05-24",15.930137634277344,16.035743713378906,15.857027053833008,16.027620315551758,12.518301963806152,62105304
"2013-05-28",16.2469539642334,16.33631134033203,16.11697769165039,16.190088272094727,12.645196914672852,58804501
"2013-05-29",16.100730895996094,16.271324157714844,16.0682373046875,16.190088272094727,12.645196914672852,59443390
"2013-05-30",16.214460372924805,16.441917419433594,16.18196678161621,16.385053634643555,12.797472953796387,68429074
"2013-05-31",16.34443473815918,16.409423828125,16.108854293823242,16.11697769165039,12.588098526000977,73854091
"2013-06-03",16.18196678161621,16.198213577270508,15.881397247314453,16.133224487304688,12.600783348083496,123404549
"2013-06-04",16.157594680786133,16.2469539642334,15.946385383605957,15.9870023727417,12.486580848693848,77242788
"2013-06-05",15.954508781433105,16.01949691772461,15.670186996459961,15.72705078125,12.283543586730957,108448023
"2013-06-06",15.710803985595703,15.954508781433105,15.613323211669922,15.946385383605957,12.454855918884277,87829880
"2013-06-07",16.035743713378906,16.2469539642334,15.9870023727417,16.222583770751953,12.670580863952637,65529331
"2013-06-10",16.303817749023438,16.320064544677734,16.17384147644043,16.2307071685791,12.676922798156738,81226304
"2013-06-11",16.0682373046875,16.133224487304688,15.938261985778809,15.962632179260254,12.467543601989746,86971873
"2013-06-12",16.0682373046875,16.07636070251465,15.75954532623291,15.792038917541504,12.334300994873047,79029954
"2013-06-13",15.783916473388672,16.108854293823242,15.743297576904297,16.092607498168945,12.569060325622559,85934756
"2013-06-14",16.0682373046875,16.108854293823242,15.857027053833008,15.881397247314453,12.404093742370605,54618855
"2013-06-17",16.00324821472168,16.108854293823242,15.946385383605957,16.035743713378906,12.524646759033203,56877616
"2013-06-18",16.051990509033203,16.18196678161621,16.035743713378906,16.141347885131836,12.607131004333496,42143039
"2013-06-19",16.149471282958984,16.16571807861328,15.905768394470215,15.922015190124512,12.435816764831543,75429279
"2013-06-20",15.775792121887207,15.832655906677246,15.515840530395508,15.580828666687012,12.169340133666992,126575852
"2013-06-21",15.6458158493042,15.653940200805664,15.345248222351074,15.532088279724121,12.180167198181152,105462601
"2013-06-24",15.33712387084961,15.41835880279541,15.093420028686523,15.255889892578125,11.96357536315918,96897057
"2013-06-25",15.410236358642578,15.613323211669922,15.36961841583252,15.540210723876953,12.18653678894043,80205190
"2013-06-26",15.686433792114258,15.751421928405762,15.597076416015625,15.694557189941406,12.307575225830078,82233016
"2013-06-27",15.800162315368652,15.922015190124512,15.775792121887207,15.89764404296875,12.466835021972656,52961682
"2013-06-28",15.840780258178711,15.873273849487305,15.710803985595703,15.800162315368652,12.39039134979248,63374219
"2013-07-01",15.913890838623047,16.2469539642334,15.840780258178711,15.848902702331543,12.428611755371094,73513720
"2013-07-02",15.857027053833008,16.027620315551758,15.792038917541504,15.865150451660156,12.441353797912598,74272877
"2013-07-03",15.75954532623291,15.857027053833008,15.710803985595703,15.81640911102295,12.403127670288086,30829533
"2013-07-05",15.995125770568848,16.100730895996094,15.889520645141602,16.100730895996094,12.626093864440918,46578332
"2013-07-08",16.206335067749023,16.279447555541992,16.16571807861328,16.222583770751953,12.721651077270508,58673522
"2013-07-09",16.320064544677734,16.368806838989258,16.206335067749023,16.360681533813477,12.829944610595703,93151001
"2013-07-10",16.311941146850586,16.34443473815918,16.17384147644043,16.263200759887695,12.753501892089844,71055905
"2013-07-11",16.482534408569336,16.482534408569336,16.29569435119629,16.41754722595215,12.87453842163086,74407918
"2013-07-12",16.45816421508789,16.539398193359375,16.41754722595215,16.531274795532227,12.963722229003906,53045513
"2013-07-15",16.63688087463379,16.645004272460938,16.50690460205078,16.604387283325195,13.021058082580566,32258971
"2013-07-16",16.604387283325195,16.653127670288086,16.46628761291504,16.539398193359375,12.9700927734375,44604916
"2013-07-17",16.5718936920166,16.661251068115234,16.531274795532227,16.612510681152344,13.027424812316895,46074484
"2013-07-18",16.661251068115234,16.839967727661133,16.653127670288086,16.831844329833984,13.199429512023926,57946248
"2013-07-19",16.823720932006836,16.839967727661133,16.73436164855957,16.839967727661133,13.205803871154785,40687012
"2013-07-22",16.84809112548828,16.95369529724121,16.823720932006836,16.95369529724121,13.294983863830566,32787439
"2013-07-23",17.002437591552734,17.002437591552734,16.872461318969727,16.888708114624023,13.2440185546875,37173861
"2013-07-24",16.95369529724121,16.95369529724121,16.73436164855957,16.766855239868164,13.148469924926758,45179670
"2013-07-25",16.726238250732422,16.791227340698242,16.62875747680664,16.783103942871094,13.16120719909668,46240669
"2013-07-26",16.701868057250977,16.766855239868164,16.596263885498047,16.766855239868164,13.148469924926758,37870484
"2013-07-29",16.73436164855957,16.73436164855957,16.580015182495117,16.645004272460938,13.052910804748535,35602736
"2013-07-30",16.693744659423828,16.74248504638672,16.5881404876709,16.63688087463379,13.046536445617676,29564312
"2013-07-31",16.645004272460938,16.79935073852539,16.620634078979492,16.645004272460938,13.052910804748535,56247221
"2013-08-01",16.79935073852539,16.929325103759766,16.783103942871094,16.91307830810547,13.263134002685547,41956665
"2013-08-02",16.896831512451172,16.921201705932617,16.84809112548828,16.90495491027832,13.256759643554688,38756558
"2013-08-05",16.888708114624023,16.929325103759766,16.839967727661133,16.872461318969727,13.231277465820312,25892854
"2013-08-06",16.839967727661133,16.85621452331543,16.701868057250977,16.718114852905273,13.11024284362793,31125712
"2013-08-07",16.645004272460938,16.653127670288086,16.523151397705078,16.604387283325195,13.021058082580566,47522016
"2013-08-08",16.693744659423828,16.74248504638672,16.523151397705078,16.645004272460938,13.052910804748535,53167013
"2013-08-09",16.604387283325195,16.68562126159668,16.555646896362305,16.5881404876709,13.008315086364746,25617110
"2013-08-12",16.51502799987793,16.5718936920166,16.46628761291504,16.523151397705078,12.957353591918945,33403185
"2013-08-13",16.56376838684082,16.653127670288086,16.441917419433594,16.604387283325195,13.021058082580566,37451082
"2013-08-14",16.580015182495117,16.661251068115234,16.531274795532227,16.539398193359375,12.9700927734375,37419446
"2013-08-15",16.41754722595215,16.41754722595215,16.23883056640625,16.29569435119629,12.778982162475586,76359915
"2013-08-16",16.263200759887695,16.376928329467773,16.2307071685791,16.263200759887695,12.753501892089844,40227972
"2013-08-19",16.2307071685791,16.2469539642334,16.043867111206055,16.051990509033203,12.587868690490723,47041926
"2013-08-20",16.084484100341797,16.2469539642334,16.01949691772461,16.206335067749023,12.70890998840332,52458696
"2013-08-21",16.133224487304688,16.271324157714844,16.01949691772461,16.092607498168945,12.619722366333008,57591843
"2013-08-22",16.157594680786133,16.303817749023438,16.141347885131836,16.279447555541992,12.766241073608398,39774718
"2013-08-23",16.311941146850586,16.328187942504883,16.214460372924805,16.29569435119629,12.778982162475586,31125096
"2013-08-26",16.320064544677734,16.360681533813477,16.190088272094727,16.190088272094727,12.696168899536133,36845430
"2013-08-27",15.995125770568848,16.051990509033203,15.767668724060059,15.800162315368652,12.39039134979248,89691891
"2013-08-28",15.75954532623291,15.930137634277344,15.718928337097168,15.824533462524414,12.409504890441895,63150423
"2013-08-29",15.792038917541504,15.970754623413086,15.775792121887207,15.865150451660156,12.441353797912598,33458334
"2013-08-30",15.873273849487305,15.905768394470215,15.743297576904297,15.792038917541504,12.384017944335938,32457777
"2013-09-03",15.97887897491455,16.0682373046875,15.832655906677246,15.922015190124512,12.485943794250488,52539203
"2013-09-04",15.938261985778809,16.11697769165039,15.89764404296875,16.043867111206055,12.581500053405762,38645768
"2013-09-05",16.07636070251465,16.18196678161621,16.043867111206055,16.084484100341797,12.61335277557373,37273449
"2013-09-06",16.17384147644043,16.18196678161621,15.905768394470215,16.084484100341797,12.61335277557373,48118067
"2013-09-09",16.149471282958984,16.271324157714844,16.108854293823242,16.271324157714844,12.759872436523438,40325837
"2013-09-10",16.40130043029785,16.490657806396484,16.39317512512207,16.46628761291504,12.912762641906738,45371583
"2013-09-11",16.433794021606445,16.490657806396484,16.39317512512207,16.482534408569336,12.925498962402344,39921576
"2013-09-12",16.46628761291504,16.490657806396484,16.34443473815918,16.360681533813477,12.829944610595703,42265400
"2013-09-13",16.385053634643555,16.433794021606445,16.33631134033203,16.409423828125,12.868169784545898,36197555
"2013-09-16",16.604387283325195,16.661251068115234,16.555646896362305,16.5881404876709,13.008315086364746,48338416
"2013-09-17",16.612510681152344,16.669374465942383,16.580015182495117,16.669374465942383,13.072022438049316,42906382
"2013-09-18",16.63688087463379,16.91307830810547,16.5881404876709,16.815597534179688,13.186686515808105,62847843
"2013-09-19",16.888708114624023,16.90495491027832,16.718114852905273,16.750608444213867,13.135725975036621,49697070
"2013-09-20",16.726238250732422,16.73436164855957,16.5718936920166,16.596263885498047,13.066012382507324,54032652
"2013-09-23",16.498781204223633,16.51502799987793,16.33631134033203,16.360681533813477,12.88054370880127,62269273
"2013-09-24",16.34443473815918,16.40130043029785,16.23883056640625,16.255077362060547,12.797399520874023,49559198
"2013-09-25",16.279447555541992,16.39317512512207,16.198213577270508,16.34443473815918,12.867752075195312,48181217
"2013-09-26",16.368806838989258,16.450040817260742,16.271324157714844,16.34443473815918,12.867752075195312,35533800
"2013-09-27",16.2469539642334,16.328187942504883,16.214460372924805,16.28757095336914,12.822981834411621,60591420
"2013-09-30",16.092607498168945,16.255077362060547,16.07636070251465,16.17384147644043,12.733449935913086,49069260
"2013-10-01",16.198213577270508,16.320064544677734,16.18196678161621,16.28757095336914,12.822981834411621,50421391
"2013-10-02",16.17384147644043,16.29569435119629,16.133224487304688,16.279447555541992,12.81658935546875,46893960
"2013-10-03",16.23883056640625,16.263200759887695,16.027620315551758,16.157594680786133,12.720656394958496,57469112
"2013-10-04",16.16571807861328,16.29569435119629,16.149471282958984,16.28757095336914,12.822981834411621,36588767
"2013-10-07",16.149471282958984,16.206335067749023,16.084484100341797,16.100730895996094,12.675886154174805,35878480
"2013-10-08",16.100730895996094,16.12510108947754,15.873273849487305,15.89764404296875,12.516002655029297,90449818
"2013-10-09",15.938261985778809,16.01949691772461,15.824533462524414,15.954508781433105,12.560770988464355,96983596
"2013-10-10",16.16571807861328,16.41754722595215,16.157594680786133,16.409423828125,12.918915748596191,94071174
"2013-10-11",16.368806838989258,16.51502799987793,16.320064544677734,16.498781204223633,12.989265441894531,47829520
"2013-10-14",16.39317512512207,16.604387283325195,16.368806838989258,16.580015182495117,13.053221702575684,45458737
"2013-10-15",16.580015182495117,16.62875747680664,16.425670623779297,16.45816421508789,12.95728874206543,57169733
"2013-10-16",16.5718936920166,16.823720932006836,16.56376838684082,16.80747413635254,13.232298851013184,92827371
"2013-10-17",16.693744659423828,16.97806739807129,16.693744659423828,16.95369529724121,13.347415924072266,65763713
"2013-10-18",17.002437591552734,17.02680778503418,16.880584716796875,16.986190795898438,13.37299633026123,51511564
"2013-10-21",16.994314193725586,17.02680778503418,16.937448501586914,16.95369529724121,13.347415924072266,35925381
"2013-10-22",17.02680778503418,17.091794967651367,16.961820602416992,16.986190795898438,13.37299633026123,38892953
"2013-10-23",16.90495491027832,16.929325103759766,16.80747413635254,16.84809112548828,13.264270782470703,44094297
"2013-10-24",16.90495491027832,16.90495491027832,16.791227340698242,16.872461318969727,13.283458709716797,34263777
"2013-10-25",16.888708114624023,16.945573806762695,16.84809112548828,16.945573806762695,13.341024398803711,34527334
"2013-10-28",16.937448501586914,16.945573806762695,16.872461318969727,16.90495491027832,13.309041976928711,26414798
"2013-10-29",16.937448501586914,16.969942092895508,16.896831512451172,16.95369529724121,13.347415924072266,27109328
"2013-10-30",16.97806739807129,17.002437591552734,16.831844329833984,16.888708114624023,13.296248435974121,43636119
"2013-10-31",16.864337921142578,16.880584716796875,16.701868057250977,16.709991455078125,13.155550956726074,60161063
"2013-11-01",16.709991455078125,16.774980545043945,16.661251068115234,16.750608444213867,13.187527656555176,41068991
"2013-11-04",16.774980545043945,16.791227340698242,16.709991455078125,16.75873374938965,13.193926811218262,23064878
"2013-11-05",16.701868057250977,16.73436164855957,16.645004272460938,16.669374465942383,13.123573303222656,31916014
"2013-11-06",16.750608444213867,16.791227340698242,16.709991455078125,16.750608444213867,13.187527656555176,35278244
"2013-11-07",16.79935073852539,16.823720932006836,16.555646896362305,16.56376838684082,13.040430068969727,55046504
"2013-11-08",16.580015182495117,16.945573806762695,16.56376838684082,16.945573806762695,13.341024398803711,78709894
"2013-11-11",16.945573806762695,16.986190795898438,16.880584716796875,16.95369529724121,13.347415924072266,28828050
"2013-11-12",16.91307830810547,16.929325103759766,16.74248504638672,16.791227340698242,13.219504356384277,35299294
"2013-11-13",16.718114852905273,17.002437591552734,16.693744659423828,16.937448501586914,13.334626197814941,52414257
"2013-11-14",16.937448501586914,17.091794967651367,16.896831512451172,17.08367156982422,13.449748039245605,43016187
"2013-11-15",17.099918365478516,17.181154251098633,17.067424774169922,17.164907455444336,13.513693809509277,45884171
"2013-11-18",17.229894638061523,17.278635025024414,17.116165161132812,17.156782150268555,13.507306098937988,52683107
"2013-11-19",17.164907455444336,17.270511627197266,17.132413864135742,17.181154251098633,13.526490211486816,35699492
"2013-11-20",17.221771240234375,17.270511627197266,17.07554817199707,17.132413864135742,13.488114356994629,39271362
"2013-11-21",17.181154251098633,17.400487899780273,17.173030853271484,17.376117706298828,13.67997932434082,45735589
"2013-11-22",17.392364501953125,17.46547508239746,17.35987091064453,17.457351684570312,13.743932723999023,34106702
"2013-11-25",17.51421546936035,17.554832458496094,17.449228286743164,17.481721878051758,13.7631254196167,34048598
"2013-11-26",17.489845275878906,17.554832458496094,17.457351684570312,17.46547508239746,13.750333786010742,34307478
"2013-11-27",17.506092071533203,17.53858757019043,17.46547508239746,17.51421546936035,13.788703918457031,19686029
"2013-11-29",17.579204559326172,17.579204559326172,17.441104888916016,17.449228286743164,13.73753833770752,14792804
"2013-12-02",17.47359848022461,17.57107925415039,17.392364501953125,17.441104888916016,13.731149673461914,37823829
"2013-12-03",17.351747512817383,17.392364501953125,17.173030853271484,17.262388229370117,13.590442657470703,34143508
"2013-12-04",17.18927764892578,17.384239196777344,17.156782150268555,17.30300521850586,13.622419357299805,53872745
"2013-12-05",17.229894638061523,17.270511627197266,17.12428855895996,17.140535354614258,13.494513511657715,45227309
"2013-12-06",17.3436222076416,17.42485809326172,17.262388229370117,17.376117706298828,13.67997932434082,37371314
"2013-12-09",17.432981491088867,17.489845275878906,17.41673469543457,17.449228286743164,13.73753833770752,27234152
"2013-12-10",17.408611297607422,17.489845275878906,17.384239196777344,17.384239196777344,13.686375617980957,37960839
"2013-12-11",17.392364501953125,17.400487899780273,17.116165161132812,17.14866065979004,13.50090503692627,79264090
"2013-12-12",17.140535354614258,17.229894638061523,17.108041763305664,17.14866065979004,13.50090503692627,48718056
"2013-12-13",17.205524444580078,17.24614143371582,17.12428855895996,17.164907455444336,13.513693809509277,89187304
"2013-12-16",17.238018035888672,17.311128616333008,17.238018035888672,17.270511627197266,13.596837997436523,84071637
"2013-12-17",17.270511627197266,17.270511627197266,17.140535354614258,17.156782150268555,13.507306098937988,33255096
"2013-12-18",17.213647842407227,17.57107925415039,17.059301376342773,17.554832458496094,13.820686340332031,122031246
"2013-12-19",17.53046226501465,17.579204559326172,17.47359848022461,17.53046226501465,13.801495552062988,56205614
"2013-12-20",17.481721878051758,17.603574752807617,17.47359848022461,17.554832458496094,13.885672569274902,81181865
"2013-12-23",17.63606834411621,17.676685333251953,17.611698150634766,17.63606834411621,13.949929237365723,36429968
"2013-12-24",17.668561935424805,17.676685333251953,17.619821548461914,17.668561935424805,13.975625038146973,9107923
"2013-12-26",17.725425720214844,17.725425720214844,17.668561935424805,17.70918083190918,14.007758140563965,18352240
"2013-12-27",17.717302322387695,17.725425720214844,17.668561935424805,17.7010555267334,14.00133228302002,14700479
"2013-12-30",17.7010555267334,17.733549118041992,17.64419174194336,17.668561935424805,13.975625038146973,19989840
"2013-12-31",17.7010555267334,17.76604461669922,17.69293212890625,17.757919311523438,14.046310424804688,22770053
"2014-01-02",17.725425720214844,17.74167251586914,17.611698150634766,17.660438537597656,13.969205856323242,43679450
"2014-01-03",17.6848087310791,17.839155197143555,17.676685333251953,17.782291412353516,14.065585136413574,30349074
"2014-01-06",17.87164878845215,17.92038917541504,17.76604461669922,17.798538208007812,14.07844066619873,42798546
"2014-01-07",17.896018981933594,17.896018981933594,17.749797821044922,17.80666160583496,14.084859848022461,58506229
"2014-01-08",17.839155197143555,17.887895584106445,17.790414810180664,17.863525390625,14.129838943481445,44270453
"2014-01-09",17.92038917541504,17.952884674072266,17.81478500366211,17.928512573242188,14.181251525878906,35872817
"2014-01-10",17.92038917541504,17.944759368896484,17.81478500366211,17.896018981933594,14.155546188354492,44795967
"2014-01-13",17.87164878845215,17.904142379760742,17.59545135498047,17.627944946289062,13.943504333496094,52459804
"2014-01-14",17.725425720214844,17.798538208007812,17.63606834411621,17.774166107177734,14.059165954589844,38581263
"2014-01-15",17.85540199279785,18.001625061035156,17.847278594970703,17.98537826538086,14.226228713989258,75928326
"2014-01-16",17.93663787841797,17.944759368896484,17.831031799316406,17.87164878845215,14.136270523071289,57911287
"2014-01-17",17.896018981933594,17.928512573242188,17.774166107177734,17.81478500366211,14.091290473937988,70660016
"2014-01-21",17.91226577758789,17.928512573242188,17.725425720214844,17.831031799316406,14.104141235351562,51099056
"2014-01-22",17.863525390625,17.879772186279297,17.790414810180664,17.839155197143555,14.110560417175293,22301904
"2014-01-23",17.757919311523438,17.76604461669922,17.46547508239746,17.546709060668945,13.87924575805664,64648058
"2014-01-24",17.457351684570312,17.457351684570312,17.14866065979004,17.14866065979004,13.5643892288208,86803719
"2014-01-27",17.173030853271484,17.25426483154297,16.945573806762695,17.043054580688477,13.480860710144043,79350014
"2014-01-28",17.132413864135742,17.286758422851562,17.116165161132812,17.270511627197266,13.660774230957031,43538500
"2014-01-29",17.08367156982422,17.238018035888672,17.02680778503418,17.067424774169922,13.500136375427246,79334380
"2014-01-30",17.221771240234375,17.3436222076416,17.164907455444336,17.311128616333008,13.692899703979492,56607904
"2014-01-31",17.051177978515625,17.270511627197266,17.01868438720703,17.108041763305664,13.532262802124023,65974214
"2014-02-03",17.091794967651367,17.132413864135742,16.653127670288086,16.67749786376953,13.191709518432617,129496030
"2014-02-04",16.75873374938965,16.929325103759766,16.701868057250977,16.839967727661133,13.32022476196289,67895066
"2014-02-05",16.815597534179688,16.880584716796875,16.701868057250977,16.823720932006836,13.307367324829102,58062823
"2014-02-06",16.85621452331543,17.091794967651367,16.84809112548828,17.08367156982422,13.512992858886719,49232368
"2014-02-07",17.156782150268555,17.311128616333008,17.099918365478516,17.29488182067871,13.680054664611816,63056129
"2014-02-10",17.30300521850586,17.327375411987305,17.213647842407227,17.311128616333008,13.692899703979492,53244320
"2014-02-11",17.36799430847168,17.53858757019043,17.286758422851562,17.489845275878906,13.834267616271973,46243500
"2014-02-12",17.51421546936035,17.57107925415039,17.42485809326172,17.489845275878906,13.834267616271973,47764154
"2014-02-13",17.335500717163086,17.562957763671875,17.335500717163086,17.554832458496094,13.885672569274902,39783458
"2014-02-14",17.53046226501465,17.59545135498047,17.497968673706055,17.579204559326172,13.904952049255371,37421046
"2014-02-18",17.59545135498047,17.64419174194336,17.53046226501465,17.611698150634766,13.930649757385254,26168844
"2014-02-19",17.554832458496094,17.660438537597656,17.35987091064453,17.36799430847168,13.737883567810059,78908823
"2014-02-20",17.384239196777344,17.457351684570312,17.286758422851562,17.41673469543457,13.776439666748047,39164019
"2014-02-21",17.449228286743164,17.51421546936035,17.384239196777344,17.449228286743164,13.802135467529297,53100785
"2014-02-24",17.457351684570312,17.668561935424805,17.449228286743164,17.579204559326172,13.904952049255371,51914224
"2014-02-25",17.57107925415039,17.579204559326172,17.432981491088867,17.47359848022461,13.821412086486816,49380703
"2014-02-26",17.51421546936035,17.53046226501465,17.35987091064453,17.449228286743164,13.802135467529297,52231699
"2014-02-27",17.42485809326172,17.546709060668945,17.36799430847168,17.53858757019043,13.872824668884277,47711837
"2014-02-28",17.546709060668945,17.725425720214844,17.51421546936035,17.627944946289062,13.943504333496094,69264062
"2014-03-03",17.46547508239746,17.51421546936035,17.376117706298828,17.489845275878906,13.834267616271973,61089483
"2014-03-04",17.69293212890625,17.847278594970703,17.660438537597656,17.847278594970703,14.116995811462402,61500268
"2014-03-05",17.85540199279785,18.03411865234375,17.81478500366211,18.03411865234375,14.264782905578613,58700112
"2014-03-06",18.03411865234375,18.13159942626953,18.0259952545166,18.09098243713379,14.3097562789917,53457898
"2014-03-07",18.2047119140625,18.269699096679688,18.099105834960938,18.172218322753906,14.374014854431152,81544764
"2014-03-10",18.13159942626953,18.277822494506836,18.066612243652344,18.180341720581055,14.38044548034668,29071542
"2014-03-11",18.2047119140625,18.220958709716797,18.017871856689453,18.058488845825195,14.284056663513184,55578050
"2014-03-12",17.944759368896484,18.03411865234375,17.896018981933594,18.0259952545166,14.258352279663086,39319248
"2014-03-13",18.08285903930664,18.107229232788086,17.782291412353516,17.822908401489258,14.097715377807617,70116160
"2014-03-14",17.757919311523438,17.904142379760742,17.69293212890625,17.70918083190918,14.007758140563965,54433958
"2014-03-17",17.85540199279785,17.96100616455078,17.839155197143555,17.896018981933594,14.155546188354492,46338656
"2014-03-18",17.944759368896484,18.001625061035156,17.91226577758789,17.98537826538086,14.226228713989258,44158186
"2014-03-19",18.001625061035156,18.107229232788086,17.847278594970703,17.97725486755371,14.219801902770996,69971394
"2014-03-20",17.944759368896484,18.30219268798828,17.944759368896484,18.26157569885254,14.444697380065918,112214267
"2014-03-21",18.318439483642578,18.399675369262695,18.172218322753906,18.19658851623535,14.446633338928223,82702027
"2014-03-24",18.25345230102539,18.30219268798828,18.08285903930664,18.188465118408203,14.440177917480469,68496287
"2014-03-25",18.245328903198242,18.277822494506836,18.08285903930664,18.172218322753906,14.427286148071289,42096507
"2014-03-26",18.277822494506836,18.285945892333984,17.98537826538086,17.98537826538086,14.278949737548828,62505872
"2014-03-27",17.944759368896484,18.0259952545166,17.790414810180664,17.887895584106445,14.201553344726562,81009033
"2014-03-28",17.93663787841797,18.074735641479492,17.896018981933594,17.96100616455078,14.259599685668945,48922771
"2014-03-31",18.09098243713379,18.2047119140625,18.074735641479492,18.147846221923828,14.407936096191406,41048557
"2014-04-01",18.19658851623535,18.237205505371094,18.13159942626953,18.180341720581055,14.433734893798828,51651775
"2014-04-02",18.19658851623535,18.26157569885254,18.164094924926758,18.220958709716797,14.46597957611084,44565278
"2014-04-03",18.237205505371094,18.26157569885254,18.13159942626953,18.188465118408203,14.440177917480469,46626833
"2014-04-04",18.285945892333984,18.32656478881836,17.993501663208008,18.009748458862305,14.298296928405762,60202301
"2014-04-07",17.993501663208008,18.001625061035156,17.717302322387695,17.733549118041992,14.079017639160156,72897112
"2014-04-08",17.749797821044922,17.798538208007812,17.611698150634766,17.757919311523438,14.09836196899414,56290676
"2014-04-09",17.81478500366211,17.928512573242188,17.725425720214844,17.91226577758789,14.220897674560547,44907126
"2014-04-10",17.928512573242188,17.928512573242188,17.489845275878906,17.497968673706055,13.891988754272461,94458692
"2014-04-11",17.29488182067871,17.497968673706055,17.213647842407227,17.286758422851562,13.724300384521484,98050873
"2014-04-14",17.489845275878906,17.51421546936035,17.24614143371582,17.42485809326172,13.833939552307129,69247689
"2014-04-15",17.46547508239746,17.619821548461914,17.335500717163086,17.587326049804688,13.962931632995605,103855038
"2014-04-16",17.668561935424805,17.733549118041992,17.562957763671875,17.725425720214844,14.072562217712402,49363100
"2014-04-17",17.749797821044922,17.798538208007812,17.668561935424805,17.757919311523438,14.09836196899414,58956037
"2014-04-21",17.76604461669922,17.782291412353516,17.7010555267334,17.74167251586914,14.085465431213379,37683618
"2014-04-22",17.76604461669922,17.91226577758789,17.7010555267334,17.863525390625,14.182202339172363,33032777
"2014-04-23",17.847278594970703,17.92038917541504,17.822908401489258,17.904142379760742,14.214455604553223,32197667
"2014-04-24",17.98537826538086,17.98537826538086,17.822908401489258,17.896018981933594,14.208002090454102,36918798
"2014-04-25",17.85540199279785,17.87164878845215,17.717302322387695,17.749797821044922,14.091914176940918,35205738
"2014-04-28",17.749797821044922,17.798538208007812,17.47359848022461,17.64419174194336,14.008073806762695,54068967
"2014-04-29",17.6848087310791,17.822908401489258,17.668561935424805,17.81478500366211,14.143508911132812,34182162
"2014-04-30",17.76604461669922,17.879772186279297,17.749797821044922,17.839155197143555,14.162850379943848,46774307
"2014-05-01",17.839155197143555,17.896018981933594,17.782291412353516,17.87164878845215,14.188658714294434,33615533
"2014-05-02",17.879772186279297,18.0259952545166,17.822908401489258,17.863525390625,14.182202339172363,34600209
"2014-05-05",17.7010555267334,17.80666160583496,17.63606834411621,17.790414810180664,14.124164581298828,23206197
"2014-05-06",17.74167251586914,17.74167251586914,17.53858757019043,17.53858757019043,13.924233436584473,73906286
"2014-05-07",17.627944946289062,17.790414810180664,17.579204559326172,17.774166107177734,14.111261367797852,50411420
"2014-05-08",17.749797821044922,17.92038917541504,17.749797821044922,17.822908401489258,14.1499605178833,35858291
"2014-05-09",17.81478500366211,17.839155197143555,17.7010555267334,17.81478500366211,14.143508911132812,29373014
"2014-05-12",17.904142379760742,18.001625061035156,17.863525390625,17.993501663208008,14.285394668579102,25643084
"2014-05-13",18.001625061035156,18.050365447998047,17.952884674072266,17.97725486755371,14.272496223449707,28989311
"2014-05-14",17.96100616455078,17.97725486755371,17.81478500366211,17.847278594970703,14.169309616088867,31432723
"2014-05-15",17.76604461669922,17.790414810180664,17.51421546936035,17.64419174194336,14.008073806762695,49008449
"2014-05-16",17.652315139770508,17.668561935424805,17.53046226501465,17.668561935424805,14.027417182922363,41206002
"2014-05-19",17.619821548461914,17.774166107177734,17.611698150634766,17.757919311523438,14.09836196899414,24674780
"2014-05-20",17.725425720214844,17.76604461669922,17.587326049804688,17.652315139770508,14.014522552490234,24000561
"2014-05-21",17.717302322387695,17.839155197143555,17.70918083190918,17.76604461669922,14.104811668395996,39055814
"2014-05-22",17.790414810180664,17.879772186279297,17.74167251586914,17.847278594970703,14.169309616088867,22555244
"2014-05-23",17.87164878845215,17.91226577758789,17.831031799316406,17.904142379760742,14.214455604553223,20383390
"2014-05-27",17.944759368896484,18.13159942626953,17.944759368896484,18.058488845825195,14.336991310119629,28444963
"2014-05-28",18.017871856689453,18.074735641479492,17.98537826538086,18.0259952545166,14.311195373535156,40448075
"2014-05-29",18.066612243652344,18.08285903930664,17.98537826538086,18.066612243652344,14.343438148498535,18361350
"2014-05-30",18.0259952545166,18.123477935791016,18.017871856689453,18.107229232788086,14.37568473815918,33521607
"2014-06-02",18.123477935791016,18.172218322753906,18.03411865234375,18.15597152709961,14.414386749267578,24982776
"2014-06-03",18.107229232788086,18.180341720581055,18.074735641479492,18.180341720581055,14.433734893798828,19306758
"2014-06-04",18.123477935791016,18.245328903198242,18.123477935791016,18.229082107543945,14.472433090209961,24081684
"2014-06-05",18.26157569885254,18.407798767089844,18.180341720581055,18.399675369262695,14.607872009277344,38203470
"2014-06-06",18.448415756225586,18.5458984375,18.415922164916992,18.521526336669922,14.704606056213379,36753598
"2014-06-09",18.529651641845703,18.627132415771484,18.513404846191406,18.60276222229004,14.769099235534668,39739634
"2014-06-10",18.55402183532715,18.59463882446289,18.521526336669922,18.59463882446289,14.762650489807129,26550947
"2014-06-11",18.521526336669922,18.529651641845703,18.415922164916992,18.47278594970703,14.665904998779297,25320439
"2014-06-12",18.464662551879883,18.47278594970703,18.32656478881836,18.359058380126953,14.57562255859375,36993766
"2014-06-13",18.407798767089844,18.448415756225586,18.31031608581543,18.3671817779541,14.58206844329834,34428485
"2014-06-16",18.334686279296875,18.334686279296875,18.229082107543945,18.277822494506836,14.511129379272461,41736316
"2014-06-17",18.25345230102539,18.48090934753418,18.245328903198242,18.464662551879883,14.659461975097656,30098442
"2014-06-18",18.456539154052734,18.60276222229004,18.3834285736084,18.570268630981445,14.743298530578613,38125793
"2014-06-19",18.578392028808594,18.59463882446289,18.48090934753418,18.5458984375,14.723953247070312,28443117
"2014-06-20",18.55402183532715,18.570268630981445,18.489032745361328,18.5458984375,14.782228469848633,30669011
"2014-06-23",18.5458984375,18.60276222229004,18.48090934753418,18.586515426635742,14.814600944519043,23893956
"2014-06-24",18.5458984375,18.627132415771484,18.440292358398438,18.464662551879883,14.717482566833496,27761266
"2014-06-25",18.37530517578125,18.505279541015625,18.359058380126953,18.48090934753418,14.730429649353027,31616881
"2014-06-26",18.456539154052734,18.48090934753418,18.277822494506836,18.415922164916992,14.678629875183105,32902784
"2014-06-27",18.359058380126953,18.489032745361328,18.359058380126953,18.489032745361328,14.736905097961426,22087464
"2014-06-30",18.448415756225586,18.505279541015625,18.42404556274414,18.47278594970703,14.72394847869873,45984497
"2014-07-01",18.513404846191406,18.667749404907227,18.513404846191406,18.586515426635742,14.814600944519043,34924332
"2014-07-02",18.578392028808594,18.64337921142578,18.562145233154297,18.570268630981445,14.801650047302246,21714471
"2014-07-03",18.700244903564453,18.740861892700195,18.659626007080078,18.71649169921875,14.91820240020752,27225904
"2014-07-07",18.692119598388672,18.692119598388672,18.578392028808594,18.635255813598633,14.853452682495117,30418995
"2014-07-08",18.60276222229004,18.619009017944336,18.43216896057129,18.47278594970703,14.72394847869873,42234379
"2014-07-09",18.497156143188477,18.53777313232422,18.456539154052734,18.521526336669922,14.76280403137207,23890756
"2014-07-10",18.318439483642578,18.456539154052734,18.245328903198242,18.399675369262695,14.66568660736084,31814580
"2014-07-11",18.37530517578125,18.448415756225586,18.285945892333984,18.43216896057129,14.69157886505127,26102370
"2014-07-14",18.610885620117188,18.619009017944336,18.521526336669922,18.5458984375,14.782228469848633,26266093
"2014-07-15",18.64337921142578,18.71649169921875,18.578392028808594,18.675872802734375,14.88582706451416,36321394
"2014-07-16",18.692119598388672,18.71649169921875,18.586515426635742,18.64337921142578,14.859928131103516,32831509
"2014-07-17",18.55402183532715,18.635255813598633,18.3834285736084,18.399675369262695,14.66568660736084,42034342
"2014-07-18",18.456539154052734,18.627132415771484,18.456539154052734,18.610885620117188,14.834025382995605,25827980
"2014-07-21",18.513404846191406,18.586515426635742,18.48090934753418,18.562145233154297,14.795183181762695,18265332
"2014-07-22",18.610885620117188,18.65150260925293,18.578392028808594,18.619009017944336,14.840502738952637,15999553
"2014-07-23",18.627132415771484,18.692119598388672,18.59463882446289,18.659626007080078,14.872875213623047,17625827
"2014-07-24",18.70836639404297,18.732738494873047,18.667749404907227,18.700244903564453,14.905256271362305,25123971
"2014-07-25",18.627132415771484,18.683996200561523,18.578392028808594,18.59463882446289,14.82107925415039,44700318
"2014-07-28",18.578392028808594,18.65150260925293,18.48090934753418,18.60276222229004,14.827552795410156,51911024
"2014-07-29",18.627132415771484,18.675872802734375,18.497156143188477,18.505279541015625,14.749856948852539,34997453
"2014-07-30",18.578392028808594,18.659626007080078,18.47278594970703,18.586515426635742,14.814600944519043,49021005
"2014-07-31",18.456539154052734,18.505279541015625,18.19658851623535,18.2047119140625,14.510284423828125,61818850
"2014-08-01",18.15597152709961,18.229082107543945,17.969131469726562,18.050365447998047,14.387259483337402,61016238
"2014-08-04",18.115352630615234,18.220958709716797,18.03411865234375,18.19658851623535,14.503811836242676,32232135
"2014-08-05",18.107229232788086,18.164094924926758,17.93663787841797,18.009748458862305,14.354887008666992,49123055
"2014-08-06",17.952884674072266,18.180341720581055,17.952884674072266,18.08285903930664,14.413156509399414,45635509
"2014-08-07",18.164094924926758,18.2047119140625,17.952884674072266,18.001625061035156,14.348413467407227,49004387
"2014-08-08",17.993501663208008,18.188465118408203,17.952884674072266,18.180341720581055,14.49085807800293,62985100
"2014-08-11",18.21283531188965,18.277822494506836,18.180341720581055,18.19658851623535,14.503811836242676,28040580
"2014-08-12",18.139724731445312,18.285945892333984,18.139724731445312,18.237205505371094,14.536178588867188,27079046
"2014-08-13",18.277822494506836,18.359058380126953,18.26157569885254,18.318439483642578,14.600931167602539,27864301
"2014-08-14",18.342811584472656,18.43216896057129,18.334686279296875,18.43216896057129,14.69157886505127,26959269
"2014-08-15",18.513404846191406,18.513404846191406,18.237205505371094,18.342811584472656,14.620357513427734,48988876
"2014-08-18",18.43216896057129,18.562145233154297,18.42404556274414,18.5458984375,14.782228469848633,30915826
"2014-08-19",18.586515426635742,18.627132415771484,18.562145233154297,18.578392028808594,14.808127403259277,24872847
"2014-08-20",18.5458984375,18.692119598388672,18.521526336669922,18.627132415771484,14.846976280212402,32671479
"2014-08-21",18.667749404907227,18.87895965576172,18.635255813598633,18.846466064453125,15.021803855895996,46030414
"2014-08-22",18.846466064453125,18.895206451416016,18.757108688354492,18.781478881835938,14.970006942749023,30347351
"2014-08-25",18.87083625793457,19.000812530517578,18.87083625793457,18.94394874572754,15.09950065612793,33893123
"2014-08-26",18.927701950073242,19.04142951965332,18.919578552246094,18.98456573486328,15.131872177124023,17016729
"2014-08-27",19.033306121826172,19.033306121826172,18.911453247070312,18.94394874572754,15.09950065612793,21784145
"2014-08-28",18.854589462280273,18.911453247070312,18.81397247314453,18.887083053588867,15.054180145263672,25850015
"2014-08-29",18.94394874572754,19.000812530517578,18.895206451416016,18.976442337036133,15.125398635864258,28003280
"2014-09-02",19.033306121826172,19.065799713134766,18.94394874572754,19.04955291748047,15.183675765991211,36352415
"2014-09-03",19.122665405273438,19.1389102935791,18.976442337036133,19.017059326171875,15.157771110534668,24151728
"2014-09-04",19.033306121826172,19.1551570892334,18.968318939208984,19.033306121826172,15.170722007751465,31148855
"2014-09-05",19.008935928344727,19.065799713134766,18.895206451416016,19.057676315307617,15.190154075622559,30005256
"2014-09-08",19.04142951965332,19.1389102935791,19.000812530517578,19.065799713134766,15.196619987487793,26755908
"2014-09-09",19.025182723999023,19.025182723999023,18.838342666625977,18.87083625793457,15.041227340698242,38428619
"2014-09-10",18.87895965576172,18.99268913269043,18.87895965576172,18.968318939208984,15.11893081665039,38567107
"2014-09-11",18.903331756591797,19.033306121826172,18.887083053588867,19.017059326171875,15.157771110534668,36650440
"2014-09-12",19.017059326171875,19.090171813964844,18.927701950073242,19.000812530517578,15.14482307434082,42971009
"2014-09-15",19.000812530517578,19.04142951965332,18.93582534790039,18.99268913269043,15.13835334777832,25694294
"2014-09-16",18.94394874572754,19.114540100097656,18.93582534790039,19.073923110961914,15.203091621398926,39350392
"2014-09-17",19.114540100097656,19.26076316833496,19.04955291748047,19.1551570892334,15.267848014831543,54889305
"2014-09-18",19.252639770507812,19.39073944091797,19.228269577026367,19.341997146606445,15.416768074035645,63655749
"2014-09-19",19.366369247436523,19.398862838745117,19.16328239440918,19.21202278137207,15.37646484375,62190612
"2014-09-22",19.171405792236328,19.22014617919922,19.057676315307617,19.082046508789062,15.272432327270508,39775087
"2014-09-23",19.04142951965332,19.1389102935791,18.94394874572754,18.952070236206055,15.16840648651123,39927485
"2014-09-24",18.99268913269043,19.065799713134766,18.911453247070312,19.057676315307617,15.25292682647705,44279193
"2014-09-25",18.99268913269043,19.025182723999023,18.740861892700195,18.740861892700195,14.99936580657959,66656804
"2014-09-26",18.797725677490234,18.968318939208984,18.76523208618164,18.919578552246094,15.142402648925781,49182020
"2014-09-29",18.732738494873047,18.895206451416016,18.724613189697266,18.854589462280273,15.090383529663086,47184969
"2014-09-30",18.895206451416016,18.93582534790039,18.781478881835938,18.82209587097168,15.06437873840332,40730589
"2014-10-01",18.781478881835938,18.82209587097168,18.562145233154297,18.59463882446289,14.88233470916748,63257889
"2014-10-02",18.60276222229004,18.71649169921875,18.47278594970703,18.64337921142578,14.921344757080078,69509769
"2014-10-03",18.81397247314453,18.94394874572754,18.748985290527344,18.911453247070312,15.135897636413574,62092379
"2014-10-06",19.04142951965332,19.04142951965332,18.830219268798828,18.854589462280273,15.090383529663086,40801003
"2014-10-07",18.805849075317383,18.805849075317383,18.529651641845703,18.53777313232422,14.836821556091309,63099706
"2014-10-08",18.5458984375,18.887083053588867,18.489032745361328,18.887083053588867,15.116393089294434,72327897
"2014-10-09",18.87083625793457,18.87083625793457,18.47278594970703,18.489032745361328,14.797808647155762,110277904
"2014-10-10",18.448415756225586,18.659626007080078,18.334686279296875,18.342811584472656,14.680782318115234,76225243
"2014-10-13",18.350933074951172,18.464662551879883,18.164094924926758,18.180341720581055,14.550750732421875,70603882
"2014-10-14",18.229082107543945,18.399675369262695,18.172218322753906,18.25345230102539,14.609261512756348,78074944
"2014-10-15",17.993501663208008,18.08285903930664,17.506092071533203,17.904142379760742,14.329689979553223,134405258
"2014-10-16",17.59545135498047,18.0422420501709,17.579204559326172,17.904142379760742,14.329689979553223,101397347
"2014-10-17",18.139724731445312,18.220958709716797,18.009748458862305,18.13159942626953,14.511739730834961,65796704
"2014-10-20",18.09098243713379,18.25345230102539,18.09098243713379,18.237205505371094,14.596261978149414,60934746
"2014-10-21",18.399675369262695,18.60276222229004,18.350933074951172,18.578392028808594,14.869325637817383,62988547
"2014-10-22",18.610885620117188,18.627132415771484,18.407798767089844,18.407798767089844,14.732794761657715,56880817
"2014-10-23",18.619009017944336,18.70836639404297,18.55402183532715,18.586515426635742,14.875829696655273,99572513
"2014-10-24",18.619009017944336,18.77335548400879,18.586515426635742,18.76523208618164,15.018868446350098,32770205
"2014-10-27",18.700244903564453,18.797725677490234,18.667749404907227,18.789602279663086,15.03837776184082,27325984
"2014-10-28",18.838342666625977,19.000812530517578,18.838342666625977,18.99268913269043,15.200915336608887,44604546
"2014-10-29",19.025182723999023,19.073923110961914,18.895206451416016,19.04142951965332,15.239924430847168,55631844
"2014-10-30",19.025182723999023,19.236392974853516,18.968318939208984,19.147035598754883,15.324450492858887,41918628
"2014-10-31",19.366369247436523,19.39073944091797,19.285133361816406,19.366369247436523,15.499990463256836,46879927
"2014-11-03",19.415109634399414,19.48822021484375,19.358245849609375,19.43947982788086,15.558505058288574,60885014
"2014-11-04",19.366369247436523,19.455726623535156,19.293258666992188,19.447603225708008,15.565010070800781,36701526
"2014-11-05",19.618196487426758,19.618196487426758,19.463851928710938,19.577579498291016,15.669034004211426,30312760
"2014-11-06",19.545085906982422,19.618196487426758,19.48822021484375,19.61007308959961,15.695047378540039,33192561
"2014-11-07",19.618196487426758,19.66693687438965,19.520715713500977,19.618196487426758,15.701545715332031,35459694
"2014-11-10",19.618196487426758,19.72380256652832,19.593826293945312,19.72380256652832,15.786063194274902,37733474
"2014-11-11",19.731924057006836,19.748172760009766,19.6588134765625,19.6588134765625,15.734052658081055,47698542
"2014-11-12",19.593826293945312,19.642566680908203,19.545085906982422,19.618196487426758,15.701545715332031,23048629
"2014-11-13",19.634443283081055,19.675060272216797,19.528837203979492,19.61007308959961,15.695047378540039,36133543
"2014-11-14",19.60194969177246,19.642566680908203,19.520715713500977,19.545085906982422,15.64302921295166,14073777
"2014-11-17",19.48822021484375,19.569456100463867,19.471973419189453,19.545085906982422,15.64302921295166,19907978
"2014-11-18",19.536962509155273,19.675060272216797,19.528837203979492,19.61007308959961,15.695047378540039,15630130
"2014-11-19",19.577579498291016,19.60194969177246,19.48822021484375,19.569456100463867,15.6625337600708,27164231
"2014-11-20",19.471973419189453,19.593826293945312,19.43947982788086,19.569456100463867,15.6625337600708,19798912
"2014-11-21",19.788789749145508,19.788789749145508,19.642566680908203,19.66693687438965,15.740555763244629,25110061
"2014-11-24",19.731924057006836,19.845653533935547,19.72380256652832,19.796913146972656,15.844585418701172,23038411
"2014-11-25",19.8375301361084,19.8375301361084,19.71567726135254,19.78066635131836,15.831574440002441,28864242
"2014-11-26",19.78066635131836,19.813159942626953,19.756296157836914,19.805036544799805,15.85107421875,10769280
"2014-11-28",19.8212833404541,19.910642623901367,19.796913146972656,19.8212833404541,15.864084243774414,9621496
"2014-12-01",19.71567726135254,19.77254295349121,19.634443283081055,19.683183670043945,15.753562927246094,33654309
"2014-12-02",19.66693687438965,19.88627052307129,19.66693687438965,19.870023727416992,15.903093338012695,26767603
"2014-12-03",19.88627052307129,19.975629806518555,19.845653533935547,19.959383010864258,15.974614143371582,17814417
"2014-12-04",19.935012817382812,20.00812339782715,19.853776931762695,19.983753204345703,15.994112968444824,20925400
"2014-12-05",20.089357376098633,20.235580444335938,20.064987182617188,20.1624698638916,16.13715171813965,37209929
"2014-12-08",20.138099670410156,20.365556716918945,20.129976272583008,20.259950637817383,16.215173721313477,52915889
"2014-12-09",20.0,20.211210250854492,19.94313621520996,20.211210250854492,16.176166534423828,55516992
"2014-12-10",20.154346466064453,20.21933364868164,19.918764114379883,19.95125961303711,15.968111038208008,63708559
"2014-12-11",20.00812339782715,20.1787166595459,19.967506408691406,20.0,16.00712776184082,71819494
"2014-12-12",19.845653533935547,19.967506408691406,19.585702896118164,19.61007308959961,15.695047378540039,48320689
"2014-12-15",19.72380256652832,19.756296157836914,19.33387565612793,19.43135643005371,15.552007675170898,45935750
"2014-12-16",19.32575035095215,19.634443283081055,19.236392974853516,19.244516372680664,15.40246868133545,45497391
"2014-12-17",19.33387565612793,19.691307067871094,19.293258666992188,19.683183670043945,15.753562927246094,53873361
"2014-12-18",19.983753204345703,20.154346466064453,19.87814712524414,20.138099670410156,16.11765480041504,46183796
"2014-12-19",20.097482681274414,20.154346466064453,19.983753204345703,20.04874038696289,16.12809944152832,49107421
"2014-12-22",20.10560417175293,20.186840057373047,20.05686378479004,20.186840057373047,16.239200592041016,19475282
"2014-12-23",20.259950637817383,20.373680114746094,20.21933364868164,20.300569534301758,16.330690383911133,22928360
"2014-12-24",20.365556716918945,20.365556716918945,20.259950637817383,20.268075942993164,16.304550170898438,9773278
"2014-12-26",20.33306312561035,20.3411865234375,20.259950637817383,20.268075942993164,16.304550170898438,18149002
"2014-12-29",20.251827239990234,20.422420501708984,20.211210250854492,20.3411865234375,16.36336326599121,22126486
"2014-12-30",20.308692932128906,20.365556716918945,20.251827239990234,20.316816329956055,16.34375762939453,20298451
"2014-12-31",20.38992691040039,20.406173706054688,20.064987182617188,20.089357376098633,16.160785675048828,29869969
"2015-01-02",20.194963455200195,20.22745704650879,19.935012817382812,20.089357376098633,16.160785675048828,40511471
"2015-01-05",19.959383010864258,20.0,19.618196487426758,19.66693687438965,15.820972442626953,50770502
"2015-01-06",19.66693687438965,19.731924057006836,19.27701187133789,19.366369247436523,15.579180717468262,57454463
"2015-01-07",19.528837203979492,19.618196487426758,19.415109634399414,19.569456100463867,15.742551803588867,36287049
"2015-01-08",19.796913146972656,19.910642623901367,19.756296157836914,19.861900329589844,15.97780990600586,37995923
"2015-01-09",19.902517318725586,19.910642623901367,19.585702896118164,19.593826293945312,15.762147903442383,36300590
"2015-01-12",19.593826293945312,19.642566680908203,19.374492645263672,19.43135643005371,15.631455421447754,38356360
"2015-01-13",19.56133270263672,19.691307067871094,19.228269577026367,19.366369247436523,15.579180717468262,45785445
"2015-01-14",19.057676315307617,19.16328239440918,18.838342666625977,19.090171813964844,15.3569917678833,71356023
"2015-01-15",19.025182723999023,19.122665405273438,18.82209587097168,18.854589462280273,15.16748046875,58038203
"2015-01-16",18.805849075317383,19.090171813964844,18.732738494873047,19.082046508789062,15.350458145141602,89499855
"2015-01-20",19.1389102935791,19.21202278137207,18.93582534790039,19.000812530517578,15.285107612609863,39330942
"2015-01-21",18.99268913269043,19.147035598754883,18.87083625793457,19.04955291748047,15.324311256408691,49251571
"2015-01-22",19.16328239440918,19.545085906982422,19.033306121826172,19.520715713500977,15.703333854675293,97345387
"2015-01-23",19.50446891784668,19.545085906982422,19.30950355529785,19.30950355529785,15.53343391418457,34069402
"2015-01-26",19.27701187133789,19.415109634399414,19.228269577026367,19.406986236572266,15.611851692199707,27588310
"2015-01-27",19.1389102935791,19.32575035095215,19.122665405273438,19.195775985717773,15.44194507598877,35186781
"2015-01-28",19.293258666992188,19.293258666992188,18.81397247314453,18.846466064453125,15.160947799682617,85405918
"2015-01-29",18.82209587097168,19.04142951965332,18.748985290527344,19.000812530517578,15.285107612609863,50409450
"2015-01-30",18.781478881835938,19.000812530517578,18.683996200561523,18.692119598388672,15.036779403686523,64531113
"2015-02-02",18.740861892700195,19.017059326171875,18.59463882446289,18.99268913269043,15.278573989868164,62984977
"2015-02-03",19.065799713134766,19.32575035095215,19.065799713134766,19.30950355529785,15.53343391418457,66155787
"2015-02-04",19.26888656616211,19.423233032226562,19.228269577026367,19.26076316833496,15.494221687316895,37523958
"2015-02-05",19.317628860473633,19.48822021484375,19.301380157470703,19.455726623535156,15.651058197021484,30264135
"2015-02-06",19.634443283081055,19.805036544799805,19.56133270263672,19.61007308959961,15.775225639343262,83237512
"2015-02-09",19.520715713500977,19.61007308959961,19.463851928710938,19.512590408325195,15.696806907653809,37354080
"2015-02-10",19.6588134765625,19.707555770874023,19.520715713500977,19.66693687438965,15.820972442626953,39742220
"2015-02-11",19.642566680908203,19.72380256652832,19.536962509155273,19.66693687438965,15.820972442626953,36080733
"2015-02-12",19.699430465698242,19.88627052307129,19.6588134765625,19.861900329589844,15.97780990600586,40635310
"2015-02-13",19.870023727416992,19.926889419555664,19.77254295349121,19.845653533935547,15.964740753173828,23270085
"2015-02-17",19.813159942626953,19.959383010864258,19.796913146972656,19.910642623901367,16.01701545715332,17869196
"2015-02-18",19.88627052307129,19.88627052307129,19.740049362182617,19.788789749145508,15.918994903564453,36387868
"2015-02-19",19.740049362182617,19.788789749145508,19.6588134765625,19.707555770874023,15.853646278381348,21550255
"2015-02-20",19.675060272216797,19.88627052307129,19.55320930480957,19.853776931762695,15.971272468566895,40206183
"2015-02-23",19.82940673828125,19.82940673828125,19.699430465698242,19.805036544799805,15.932062149047852,23616735
"2015-02-24",19.853776931762695,19.967506408691406,19.813159942626953,19.902517318725586,16.010480880737305,33958612
"2015-02-25",19.88627052307129,19.983753204345703,19.87814712524414,19.902517318725586,16.010480880737305,32659415
"2015-02-26",19.926889419555664,19.935012817382812,19.788789749145508,19.853776931762695,15.971272468566895,33480738
"2015-02-27",19.82940673828125,19.870023727416992,19.764419555664062,19.78066635131836,15.912463188171387,28937856
"2015-03-02",19.788789749145508,19.94313621520996,19.748172760009766,19.926889419555664,16.030078887939453,27137641
"2015-03-03",19.870023727416992,19.926889419555664,19.77254295349121,19.870023727416992,15.984339714050293,31729394
"2015-03-04",19.788789749145508,19.813159942626953,19.675060272216797,19.748172760009766,15.886322021484375,47685247
"2015-03-05",19.78066635131836,19.870023727416992,19.71567726135254,19.82940673828125,15.95167064666748,25112031
"2015-03-06",19.902517318725586,20.032493591308594,19.65069007873535,19.683183670043945,15.834041595458984,74347599
"2015-03-09",19.699430465698242,19.813159942626953,19.691307067871094,19.77254295349121,15.90592098236084,26666907
"2015-03-10",19.60194969177246,19.61007308959961,19.350122451782227,19.350122451782227,15.566102981567383,49650662
"2015-03-11",19.406986236572266,19.545085906982422,19.38261604309082,19.471973419189453,15.664124488830566,36531648
"2015-03-12",19.634443283081055,19.910642623901367,19.61007308959961,19.89439582824707,16.003942489624023,50418806
"2015-03-13",19.845653533935547,19.88627052307129,19.642566680908203,19.756296157836914,15.892854690551758,40917578
"2015-03-16",19.8375301361084,20.016246795654297,19.8375301361084,20.0,16.088895797729492,39676730
"2015-03-17",19.935012817382812,20.0,19.813159942626953,19.95125961303711,16.04969596862793,22247248
"2015-03-18",19.902517318725586,20.129976272583008,19.82940673828125,20.064987182617188,16.141170501708984,58915168
"2015-03-19",20.064987182617188,20.064987182617188,19.788789749145508,19.87814712524414,15.990875244140625,42486734
"2015-03-20",19.902517318725586,20.089357376098633,19.8375301361084,20.073110580444336,16.207990646362305,47450742
"2015-03-23",20.032493591308594,20.129976272583008,19.959383010864258,19.959383010864258,16.11615562438965,26417014
"2015-03-24",19.94313621520996,19.94313621520996,19.788789749145508,19.796913146972656,15.984973907470703,22615686
"2015-03-25",19.8212833404541,19.870023727416992,19.4800968170166,19.4800968170166,15.729159355163574,40570806
"2015-03-26",19.398862838745117,19.55320930480957,19.317628860473633,19.463851928710938,15.716044425964355,40238682
"2015-03-27",19.463851928710938,19.48822021484375,19.366369247436523,19.43947982788086,15.696365356445312,30154207
"2015-03-30",19.585702896118164,19.77254295349121,19.577579498291016,19.72380256652832,15.925936698913574,43422048
"2015-03-31",19.626319885253906,19.683183670043945,19.545085906982422,19.585702896118164,15.814431190490723,26132160
"2015-04-01",19.536962509155273,19.642566680908203,19.43135643005371,19.569456100463867,15.801314353942871,32823015
"2015-04-02",19.520715713500977,19.699430465698242,19.520715713500977,19.66693687438965,15.880026817321777,26472163
"2015-04-06",19.50446891784668,19.748172760009766,19.463851928710938,19.699430465698242,15.906254768371582,19432443
"2015-04-07",19.740049362182617,19.756296157836914,19.593826293945312,19.593826293945312,15.820989608764648,22346466
"2015-04-08",19.61007308959961,19.748172760009766,19.61007308959961,19.66693687438965,15.880026817321777,22778055
"2015-04-09",19.634443283081055,19.71567726135254,19.56133270263672,19.699430465698242,15.906254768371582,25595691
"2015-04-10",19.707555770874023,19.740049362182617,19.6588134765625,19.691307067871094,15.899697303771973,18165005
"2015-04-13",19.6588134765625,19.82940673828125,19.642566680908203,19.764419555664062,15.958736419677734,38112499
"2015-04-14",19.748172760009766,19.813159942626953,19.65069007873535,19.764419555664062,15.958736419677734,32499016
"2015-04-15",19.805036544799805,19.918764114379883,19.756296157836914,19.8375301361084,16.01776123046875,45762179
"2015-04-16",19.82940673828125,19.935012817382812,19.72380256652832,19.870023727416992,16.04400062561035,27839065
"2015-04-17",19.77254295349121,19.77254295349121,19.528837203979492,19.60194969177246,15.827548027038574,49064829
"2015-04-20",19.675060272216797,19.756296157836914,19.66693687438965,19.683183670043945,15.893141746520996,19100196
"2015-04-21",19.756296157836914,19.78066635131836,19.569456100463867,19.585702896118164,15.814431190490723,26714793
"2015-04-22",19.60194969177246,19.77254295349121,19.536962509155273,19.72380256652832,15.925936698913574,26511555
"2015-04-23",19.691307067871094,19.805036544799805,19.6588134765625,19.756296157836914,15.952170372009277,26294652
"2015-04-24",19.71567726135254,19.748172760009766,19.65069007873535,19.72380256652832,15.925936698913574,23031271
"2015-04-27",19.748172760009766,19.82940673828125,19.618196487426758,19.65069007873535,15.866909980773926,29486759
"2015-04-28",19.618196487426758,19.764419555664062,19.536962509155273,19.764419555664062,15.958736419677734,31748721
"2015-04-29",19.65069007873535,19.845653533935547,19.569456100463867,19.756296157836914,15.952170372009277,49893538
"2015-04-30",19.699430465698242,19.805036544799805,19.528837203979492,19.60194969177246,15.827548027038574,42838185
"2015-05-01",19.707555770874023,19.796913146972656,19.683183670043945,19.77254295349121,15.96529483795166,22565584
"2015-05-04",19.853776931762695,19.975629806518555,19.8212833404541,19.967506408691406,16.12271499633789,27367961
"2015-05-05",19.910642623901367,20.024370193481445,19.77254295349121,19.788789749145508,15.978405952453613,37717594
"2015-05-06",19.870023727416992,19.902517318725586,19.55320930480957,19.691307067871094,15.899697303771973,36626312
"2015-05-07",19.61007308959961,19.87814712524414,19.61007308959961,19.82940673828125,16.011213302612305,39290812
"2015-05-08",19.935012817382812,20.11372947692871,19.935012817382812,20.11372947692871,16.24078369140625,40714217
"2015-05-11",20.11372947692871,20.154346466064453,20.00812339782715,20.040616989135742,16.181745529174805,38354636
"2015-05-12",19.95125961303711,20.016246795654297,19.805036544799805,19.967506408691406,16.12271499633789,48760649
"2015-05-13",19.967506408691406,20.04874038696289,19.935012817382812,19.975629806518555,16.12928009033203,29430379
"2015-05-14",20.073110580444336,20.1624698638916,20.032493591308594,20.154346466064453,16.273584365844727,26445450
"2015-05-15",20.1624698638916,20.17059326171875,20.0,20.064987182617188,16.201433181762695,28494942
"2015-05-18",20.073110580444336,20.194963455200195,20.04874038696289,20.1787166595459,16.293256759643555,19841750
"2015-05-19",20.21933364868164,20.357433319091797,20.203086853027344,20.292444229125977,16.385086059570312,32513049
"2015-05-20",20.33306312561035,20.3411865234375,20.203086853027344,20.235580444335938,16.33917236328125,37350263
"2015-05-21",20.194963455200195,20.235580444335938,20.17059326171875,20.186840057373047,16.29981803894043,23172098
"2015-05-22",20.146223068237305,20.243703842163086,20.146223068237305,20.194963455200195,16.306371688842773,16231966
"2015-05-26",20.1624698638916,20.1624698638916,19.95125961303711,19.967506408691406,16.12271499633789,54832187
"2015-05-27",20.024370193481445,20.211210250854492,20.0,20.186840057373047,16.29981803894043,31773341
"2015-05-28",20.138099670410156,20.1787166595459,20.040616989135742,20.1624698638916,16.280136108398438,21900598
"2015-05-29",20.1624698638916,20.1624698638916,19.935012817382812,19.983753204345703,16.135831832885742,31521478
"2015-06-01",20.089357376098633,20.11372947692871,19.94313621520996,20.0,16.148954391479492,23062170
"2015-06-02",19.983753204345703,20.10560417175293,19.902517318725586,20.032493591308594,16.17519187927246,26426862
"2015-06-03",20.10560417175293,20.259950637817383,20.064987182617188,20.203086853027344,16.312936782836914,40898498
"2015-06-04",20.146223068237305,20.194963455200195,19.99187660217285,20.024370193481445,16.168630599975586,37471271
"2015-06-05",20.17059326171875,20.268075942993164,20.081235885620117,20.138099670410156,16.26046371459961,52402931
"2015-06-08",20.17059326171875,20.194963455200195,20.00812339782715,20.016246795654297,16.16207504272461,28272131
"2015-06-09",20.032493591308594,20.154346466064453,19.95125961303711,20.064987182617188,16.201433181762695,31163011
"2015-06-10",20.1787166595459,20.422420501708984,20.146223068237305,20.34930992126465,16.431001663208008,53968148
"2015-06-11",20.43866729736328,20.471162796020508,20.357433319091797,20.430543899536133,16.496593475341797,60034147
"2015-06-12",20.381803512573242,20.422420501708984,20.27619743347168,20.3411865234375,16.42444610595703,42206558
"2015-06-15",20.211210250854492,20.324939727783203,20.12185287475586,20.251827239990234,16.352285385131836,40678641
"2015-06-16",20.259950637817383,20.381803512573242,20.194963455200195,20.365556716918945,16.444120407104492,36228207
"2015-06-17",20.430543899536133,20.454914093017578,20.292444229125977,20.3411865234375,16.42444610595703,55448179
"2015-06-18",20.430543899536133,20.56052017211914,20.3411865234375,20.528026580810547,16.575305938720703,70136594
"2015-06-19",20.381803512573242,20.406173706054688,20.097482681274414,20.097482681274414,16.298622131347656,47071470
"2015-06-22",20.38992691040039,20.487409591674805,20.381803512573242,20.406173706054688,16.5489559173584,40678518
"2015-06-23",20.463037490844727,20.51177978515625,20.414297103881836,20.44679069519043,16.581893920898438,33542288
"2015-06-24",20.414297103881836,20.44679069519043,20.27619743347168,20.27619743347168,16.44355010986328,26541099
"2015-06-25",20.33306312561035,20.3411865234375,20.138099670410156,20.154346466064453,16.344730377197266,43711579
"2015-06-26",20.243703842163086,20.27619743347168,20.1624698638916,20.21933364868164,16.397438049316406,30737208
"2015-06-29",20.0,20.089357376098633,19.72380256652832,19.731924057006836,16.00215721130371,52912442
"2015-06-30",19.926889419555664,19.975629806518555,19.740049362182617,19.805036544799805,16.06144905090332,77383245
"2015-07-01",20.11372947692871,20.154346466064453,19.983753204345703,20.10560417175293,16.305204391479492,52375111
"2015-07-02",20.097482681274414,20.146223068237305,19.935012817382812,20.016246795654297,16.232738494873047,24081438
"2015-07-06",19.788789749145508,19.983753204345703,19.764419555664062,19.935012817382812,16.166858673095703,33223951
"2015-07-07",19.902517318725586,19.99187660217285,19.60194969177246,19.975629806518555,16.19979476928711,63077548
"2015-07-08",19.707555770874023,19.8375301361084,19.593826293945312,19.626319885253906,15.91650676727295,56789354
"2015-07-09",19.902517318725586,19.935012817382812,19.740049362182617,19.78066635131836,16.04168128967285,31236625
"2015-07-10",20.05686378479004,20.064987182617188,19.926889419555664,20.016246795654297,16.232738494873047,36120618
"2015-07-13",20.186840057373047,20.259950637817383,20.146223068237305,20.259950637817383,16.43037223815918,41191230
"2015-07-14",20.194963455200195,20.34930992126465,20.154346466064453,20.308692932128906,16.469905853271484,27691961
"2015-07-15",20.406173706054688,20.51177978515625,20.33306312561035,20.479284286499023,16.60824966430664,62160945
"2015-07-16",20.633630752563477,20.682371139526367,20.60926055908203,20.682371139526367,16.772945404052734,39781365
"2015-07-17",20.66612434387207,20.69049644470215,20.536148071289062,20.625507354736328,16.72682762145996,22286763
"2015-07-20",20.682371139526367,20.714866638183594,20.593013763427734,20.649877548217773,16.746601104736328,25354045
"2015-07-21",20.658002853393555,20.73923683166504,20.576766967773438,20.625507354736328,16.72682762145996,24390172
"2015-07-22",20.633630752563477,20.804224014282227,20.60926055908203,20.77985382080078,16.851999282836914,36459143
"2015-07-23",20.796100616455078,20.812347412109375,20.56052017211914,20.601137161254883,16.707061767578125,36561685
"2015-07-24",20.576766967773438,20.593013763427734,20.373680114746094,20.406173706054688,16.5489559173584,32149658
"2015-07-27",20.268075942993164,20.316816329956055,20.186840057373047,20.259950637817383,16.43037223815918,34805048
"2015-07-28",20.422420501708984,20.422420501708984,20.211210250854492,20.3411865234375,16.49625015258789,29677194
"2015-07-29",20.406173706054688,20.552396774291992,20.357433319091797,20.544273376464844,16.660945892333984,33091373
"2015-07-30",20.51177978515625,20.56052017211914,20.430543899536133,20.544273376464844,16.660945892333984,20597954
"2015-07-31",20.5199031829834,20.56864356994629,20.422420501708984,20.479284286499023,16.60824966430664,24137571
"2015-08-03",20.479284286499023,20.5036563873291,20.316816329956055,20.454914093017578,16.588483810424805,42025601
"2015-08-04",20.471162796020508,20.528026580810547,20.38992691040039,20.422420501708984,16.562137603759766,30678613
"2015-08-05",20.56052017211914,20.625507354736328,20.44679069519043,20.5036563873291,16.628009796142578,24771536
"2015-08-06",20.5199031829834,20.552396774291992,20.357433319091797,20.430543899536133,16.5687198638916,23921408
"2015-08-07",20.414297103881836,20.49553108215332,20.300569534301758,20.471162796020508,16.601661682128906,30673812
"2015-08-10",20.60926055908203,20.67424964904785,20.552396774291992,20.66612434387207,16.759777069091797,30165778
"2015-08-11",20.471162796020508,20.544273376464844,20.39805030822754,20.479284286499023,16.60824966430664,65448208
"2015-08-12",20.308692932128906,20.324939727783203,19.983753204345703,20.292444229125977,16.456722259521484,77509300
"2015-08-13",20.3411865234375,20.43866729736328,20.211210250854492,20.365556716918945,16.516016006469727,27547564
"2015-08-14",20.3411865234375,20.51177978515625,20.33306312561035,20.51177978515625,16.634599685668945,33603346
"2015-08-17",20.422420501708984,20.56052017211914,20.34930992126465,20.552396774291992,16.66754150390625,28771055
"2015-08-18",20.528026580810547,20.584890365600586,20.487409591674805,20.536148071289062,16.654359817504883,20245642
"2015-08-19",20.479284286499023,20.528026580810547,20.27619743347168,20.34930992126465,16.502843856811523,57382080
"2015-08-20",20.138099670410156,20.1624698638916,19.918764114379883,19.918764114379883,16.15367889404297,67731590
"2015-08-21",19.66693687438965,19.813159942626953,19.203899383544922,19.203899383544922,15.573933601379395,127715881
"2015-08-24",18.0259952545166,19.033306121826172,15.044678688049316,18.3834285736084,14.908552169799805,143651668
"2015-08-25",19.057676315307617,19.073923110961914,18.074735641479492,18.139724731445312,14.710919380187988,84936661
"2015-08-26",18.562145233154297,18.82209587097168,18.220958709716797,18.82209587097168,15.264305114746094,146056427
"2015-08-27",19.065799713134766,19.32575035095215,18.911453247070312,19.285133361816406,15.63981819152832,96219884
"2015-08-28",19.21202278137207,19.26076316833496,19.073923110961914,19.195775985717773,15.567347526550293,40348364
"2015-08-31",19.073923110961914,19.1551570892334,19.017059326171875,19.033306121826172,15.435590744018555,58845124
"2015-09-01",18.627132415771484,18.724613189697266,18.277822494506836,18.415922164916992,14.934904098510742,86294454
"2015-09-02",18.659626007080078,18.71649169921875,18.42404556274414,18.667749404907227,15.139132499694824,52533664
"2015-09-03",18.724613189697266,18.968318939208984,18.692119598388672,18.77335548400879,15.22477912902832,60273576
"2015-09-04",18.505279541015625,18.562145233154297,18.277822494506836,18.399675369262695,14.921727180480957,54210039
"2015-09-08",18.757108688354492,18.887083053588867,18.627132415771484,18.87083625793457,15.303831100463867,49726245
"2015-09-09",19.04142951965332,19.122665405273438,18.570268630981445,18.610885620117188,15.093011856079102,43741739
"2015-09-10",18.59463882446289,18.838342666625977,18.53777313232422,18.700244903564453,15.165485382080078,43653476
"2015-09-11",18.610885620117188,18.781478881835938,18.570268630981445,18.781478881835938,15.231366157531738,26809949
"2015-09-14",18.740861892700195,18.797725677490234,18.667749404907227,18.740861892700195,15.198423385620117,31837353
"2015-09-15",18.81397247314453,19.065799713134766,18.740861892700195,19.008935928344727,15.4158296585083,41048311
"2015-09-16",19.025182723999023,19.16328239440918,18.927701950073242,19.130788803100586,15.514650344848633,28008328
"2015-09-17",19.114540100097656,19.244516372680664,18.82209587097168,18.862712860107422,15.297243118286133,75221486
"2015-09-18",18.513404846191406,18.60276222229004,18.37530517578125,18.407798767089844,15.001320838928223,85290820
"2015-09-21",18.529651641845703,18.692119598388672,18.497156143188477,18.619009017944336,15.173446655273438,47097445
"2015-09-22",18.342811584472656,18.448415756225586,18.245328903198242,18.3834285736084,14.98145866394043,65335941
"2015-09-23",18.391551971435547,18.456539154052734,18.285945892333984,18.391551971435547,14.988082885742188,34891095
"2015-09-24",18.180341720581055,18.294069290161133,18.099105834960938,18.26157569885254,14.882156372070312,51271027
"2015-09-25",18.521526336669922,18.65150260925293,18.440292358398438,18.529651641845703,15.100625991821289,55416173
"2015-09-28",18.399675369262695,18.43216896057129,18.0422420501709,18.099105834960938,14.749757766723633,58422891
"2015-09-29",18.115352630615234,18.188465118408203,17.969131469726562,18.13159942626953,14.776236534118652,48264309
"2015-09-30",18.37530517578125,18.407798767089844,18.188465118408203,18.407798767089844,15.001320838928223,49086741
"2015-10-01",18.399675369262695,18.489032745361328,18.220958709716797,18.415922164916992,15.007940292358398,48512971
"2015-10-02",18.017871856689453,18.440292358398438,17.85540199279785,18.440292358398438,15.027801513671875,75346063
"2015-10-05",18.570268630981445,18.854589462280273,18.562145233154297,18.830219268798828,15.345565795898438,47975517
"2015-10-06",18.789602279663086,18.854589462280273,18.70836639404297,18.740861892700195,15.272748947143555,36684908
"2015-10-07",18.862712860107422,18.99268913269043,18.748985290527344,18.887083053588867,15.391915321350098,38597020
"2015-10-08",18.81397247314453,19.017059326171875,18.77335548400879,19.000812530517578,15.484593391418457,37237011
"2015-10-09",19.04142951965332,19.057676315307617,18.797725677490234,18.87895965576172,15.38528823852539,58339183
"2015-10-12",18.87083625793457,18.927701950073242,18.82209587097168,18.895206451416016,15.398534774780273,25312191
"2015-10-13",18.830219268798828,18.952070236206055,18.748985290527344,18.748985290527344,15.279372215270996,42452020
"2015-10-14",18.757108688354492,18.789602279663086,18.570268630981445,18.59463882446289,15.153585433959961,44763838
"2015-10-15",18.700244903564453,19.04142951965332,18.683996200561523,19.017059326171875,15.497833251953125,55652525
"2015-10-16",19.073923110961914,19.16328239440918,19.033306121826172,19.130788803100586,15.590521812438965,36542235
"2015-10-19",19.008935928344727,19.1551570892334,19.000812530517578,19.114540100097656,15.577277183532715,32690313
"2015-10-20",19.114540100097656,19.252639770507812,19.09829330444336,19.228269577026367,15.66995906829834,23941473
"2015-10-21",19.252639770507812,19.317628860473633,19.057676315307617,19.090171813964844,15.557415962219238,29215200
"2015-10-22",19.130788803100586,19.471973419189453,19.122665405273438,19.398862838745117,15.808978080749512,61204335
"2015-10-23",19.55320930480957,19.618196487426758,19.463851928710938,19.61007308959961,15.981109619140625,45903498
"2015-10-26",19.61007308959961,19.61007308959961,19.455726623535156,19.528837203979492,15.914910316467285,24485698
"2015-10-27",19.43135643005371,19.455726623535156,19.350122451782227,19.415109634399414,15.822219848632812,28664204
"2015-10-28",19.455726623535156,19.902517318725586,19.455726623535156,19.870023727416992,16.192949295043945,112058299
"2015-10-29",19.861900329589844,19.94313621520996,19.748172760009766,19.845653533935547,16.173093795776367,48479611
"2015-10-30",19.796913146972656,19.813159942626953,19.536962509155273,19.56133270263672,15.941390991210938,62867662
"2015-11-02",19.61007308959961,19.910642623901367,19.60194969177246,19.82940673828125,16.159852981567383,73531446
"2015-11-03",19.8212833404541,19.926889419555664,19.731924057006836,19.861900329589844,16.186336517333984,42479225
"2015-11-04",19.861900329589844,19.910642623901367,19.748172760009766,19.805036544799805,16.13999366760254,40100564
"2015-11-05",19.805036544799805,19.918764114379883,19.77254295349121,19.88627052307129,16.206193923950195,45236788
"2015-11-06",20.259950637817383,20.28432273864746,20.016246795654297,20.089357376098633,16.37169647216797,85556100
"2015-11-09",20.11372947692871,20.1624698638916,19.756296157836914,19.870023727416992,16.192949295043945,59169369
"2015-11-10",19.8212833404541,19.967506408691406,19.788789749145508,19.959383010864258,16.26577377319336,41119339
"2015-11-11",20.04874038696289,20.04874038696289,19.87814712524414,19.89439582824707,16.212814331054688,27576370
"2015-11-12",19.845653533935547,19.853776931762695,19.585702896118164,19.593826293945312,15.967869758605957,66597469
"2015-11-13",19.4963436126709,19.634443283081055,19.374492645263672,19.43135643005371,15.835464477539062,53877793
"2015-11-16",19.374492645263672,19.66693687438965,19.33387565612793,19.66693687438965,16.027450561523438,53560564
"2015-11-17",19.748172760009766,19.805036544799805,19.585702896118164,19.626319885253906,15.994344711303711,46013180
"2015-11-18",19.740049362182617,20.0,19.675060272216797,19.975629806518555,16.279014587402344,83572836
"2015-11-19",19.983753204345703,20.04874038696289,19.910642623901367,20.00812339782715,16.30548667907715,35613076
"2015-11-20",20.064987182617188,20.12185287475586,19.983753204345703,20.040616989135742,16.33197784423828,44189330
"2015-11-23",20.032493591308594,20.097482681274414,19.935012817382812,19.959383010864258,16.26577377319336,31828859
"2015-11-24",19.8375301361084,19.967506408691406,19.731924057006836,19.902517318725586,16.219432830810547,35916887
"2015-11-25",19.910642623901367,19.959383010864258,19.861900329589844,19.918764114379883,16.23267364501953,24226080
"2015-11-27",19.95125961303711,19.99187660217285,19.853776931762695,19.967506408691406,16.27239227294922,23191055
"2015-11-30",20.032493591308594,20.032493591308594,19.918764114379883,19.95125961303711,16.2591552734375,30361138
"2015-12-01",20.024370193481445,20.1787166595459,19.983753204345703,20.17059326171875,16.43790054321289,38268343
"2015-12-02",20.21933364868164,20.21933364868164,19.89439582824707,19.935012817382812,16.24591827392578,43846620
"2015-12-03",20.04874038696289,20.04874038696289,19.545085906982422,19.61007308959961,15.981109619140625,59308595
"2015-12-04",19.731924057006836,20.1624698638916,19.683183670043945,20.129976272583008,16.404804229736328,52547451
"2015-12-07",20.10560417175293,20.12185287475586,19.845653533935547,19.94313621520996,16.25252914428711,31381144
"2015-12-08",19.72380256652832,19.870023727416992,19.642566680908203,19.691307067871094,16.047304153442383,35697769
"2015-12-09",19.60194969177246,19.8212833404541,19.350122451782227,19.463851928710938,15.86194896697998,66624798
"2015-12-10",19.455726623535156,19.66693687438965,19.39073944091797,19.4800968170166,15.8751859664917,58161303
"2015-12-11",19.187652587890625,19.30950355529785,18.94394874572754,19.04955291748047,15.52431869506836,89542078
"2015-12-14",19.065799713134766,19.22014617919922,18.87895965576172,19.090171813964844,15.557415962219238,71948873
"2015-12-15",19.285133361816406,19.642566680908203,19.26888656616211,19.536962509155273,15.921527862548828,93332943
"2015-12-16",19.71567726135254,19.918764114379883,19.528837203979492,19.853776931762695,16.179710388183594,102205375
"2015-12-17",19.926889419555664,19.926889419555664,19.545085906982422,19.569456100463867,15.948004722595215,70913355
"2015-12-18",19.30950355529785,19.33387565612793,18.927701950073242,18.927701950073242,15.521659851074219,113598773
"2015-12-21",19.082046508789062,19.179529190063477,18.94394874572754,19.114540100097656,15.674877166748047,50728156
"2015-12-22",19.228269577026367,19.33387565612793,19.057676315307617,19.293258666992188,15.82143497467041,57087748
"2015-12-23",19.415109634399414,19.55320930480957,19.358245849609375,19.520715713500977,16.007957458496094,40627924
"2015-12-24",19.545085906982422,19.61007308959961,19.455726623535156,19.50446891784668,15.994632720947266,13844688
"2015-12-28",19.423233032226562,19.4963436126709,19.32575035095215,19.48822021484375,15.981310844421387,16747016
"2015-12-29",19.65069007873535,19.71567726135254,19.585702896118164,19.691307067871094,16.14785385131836,38040239
"2015-12-30",19.65069007873535,19.683183670043945,19.520715713500977,19.55320930480957,16.034610748291016,19339133
"2015-12-31",19.358245849609375,19.585702896118164,19.317628860473633,19.358245849609375,15.874728202819824,59154720
"2016-01-04",18.960195541381836,19.000812530517578,18.76523208618164,18.98456573486328,15.568294525146484,93387476
"2016-01-05",19.017059326171875,19.114540100097656,18.887083053588867,19.057676315307617,15.628247261047363,52096536
"2016-01-06",18.781478881835938,18.87895965576172,18.667749404907227,18.76523208618164,15.388428688049316,77248574
"2016-01-07",18.37530517578125,18.5458984375,18.164094924926758,18.237205505371094,14.955422401428223,92006910
"2016-01-08",18.399675369262695,18.415922164916992,17.91226577758789,17.952884674072266,14.722262382507324,83028242
"2016-01-11",18.050365447998047,18.08285903930664,17.798538208007812,17.97725486755371,14.742244720458984,70986600
"2016-01-12",18.164094924926758,18.19658851623535,17.879772186279297,18.115352630615234,14.855491638183594,80633578
"2016-01-13",18.188465118408203,18.269699096679688,17.562957763671875,17.64419174194336,14.469114303588867,125524947
"2016-01-14",17.6848087310791,17.944759368896484,17.51421546936035,17.798538208007812,14.59569263458252,95264013
"2016-01-15",17.197399139404297,17.481721878051758,17.164907455444336,17.400487899780273,14.269268035888672,94362797
"2016-01-19",17.587326049804688,17.652315139770508,17.270511627197266,17.392364501953125,14.262608528137207,83779398
"2016-01-20",17.034931182861328,17.213647842407227,16.67749786376953,17.051177978515625,13.982821464538574,107682217
"2016-01-21",17.067424774169922,17.286758422851562,16.921201705932617,16.97806739807129,13.922863960266113,91494814
"2016-01-22",17.197399139404297,17.35987091064453,17.164907455444336,17.286758422851562,14.176006317138672,59334200
"2016-01-25",17.213647842407227,17.278635025024414,16.896831512451172,16.937448501586914,13.889551162719727,78982191
"2016-01-26",17.002437591552734,17.270511627197266,16.97806739807129,17.221771240234375,14.122709274291992,63973716
"2016-01-27",17.164907455444336,17.457351684570312,17.034931182861328,17.156782150268555,14.069418907165527,77206350
"2016-01-28",17.262388229370117,17.3436222076416,17.051177978515625,17.164907455444336,14.076085090637207,79906672
"2016-01-29",17.286758422851562,17.652315139770508,17.229894638061523,17.64419174194336,14.469114303588867,100518905
"2016-02-01",17.562957763671875,17.660438537597656,17.441104888916016,17.57107925415039,14.409161567687988,84561575
"2016-02-02",17.31925392150879,17.3436222076416,17.043054580688477,17.08367156982422,14.009464263916016,86157444
"2016-02-03",17.181154251098633,17.181154251098633,16.612510681152344,17.099918365478516,14.022788047790527,151930266
"2016-02-04",16.994314193725586,17.36799430847168,16.994314193725586,17.24614143371582,14.142698287963867,97011048
"2016-02-05",17.262388229370117,17.351747512817383,16.969942092895508,17.01868438720703,13.956171035766602,81506726
"2016-02-08",16.774980545043945,16.831844329833984,16.360681533813477,16.5881404876709,13.603104591369629,132312804
"2016-02-09",16.263200759887695,16.67749786376953,16.263200759887695,16.56376838684082,13.583114624023438,168924221
"2016-02-10",16.693744659423828,16.880584716796875,16.46628761291504,16.474411010742188,13.509841918945312,80836939
"2016-02-11",16.035743713378906,16.149471282958984,15.865150451660156,15.970754623413086,13.096817016601562,155436893
"2016-02-12",16.352558135986328,16.645004272460938,16.279447555541992,16.645004272460938,13.649740219116211,119640644
"2016-02-16",16.929325103759766,16.986190795898438,16.75873374938965,16.91307830810547,13.869572639465332,97496185
"2016-02-17",17.07554817199707,17.221771240234375,17.07554817199707,17.140535354614258,14.0560941696167,79846353
"2016-02-18",17.205524444580078,17.205524444580078,16.961820602416992,17.043054580688477,13.976152420043945,79491948
"2016-02-19",16.90495491027832,17.116165161132812,16.880584716796875,17.043054580688477,13.976152420043945,91481888
"2016-02-22",17.24614143371582,17.384239196777344,17.24614143371582,17.311128616333008,14.195991516113281,52408225
"2016-02-23",17.221771240234375,17.24614143371582,16.969942092895508,17.002437591552734,13.942851066589355,71553352
"2016-02-24",16.75873374938965,17.010560989379883,16.612510681152344,16.961820602416992,13.909540176391602,89023089
"2016-02-25",16.961820602416992,17.213647842407227,16.961820602416992,17.197399139404297,14.102731704711914,87713797
"2016-02-26",17.311128616333008,17.47359848022461,17.221771240234375,17.31925392150879,14.202653884887695,100096303
"2016-02-29",17.30300521850586,17.392364501953125,17.12428855895996,17.132413864135742,14.049437522888184,70846020
"2016-03-01",17.25426483154297,17.74167251586914,17.25426483154297,17.70918083190918,14.52241325378418,100224943
"2016-03-02",17.725425720214844,17.91226577758789,17.7010555267334,17.904142379760742,14.682289123535156,89863616
"2016-03-03",17.887895584106445,18.03411865234375,17.81478500366211,18.0259952545166,14.782222747802734,76643660
"2016-03-04",18.115352630615234,18.188465118408203,17.96100616455078,18.099105834960938,14.842172622680664,70707286
"2016-03-07",17.97725486755371,18.115352630615234,17.92038917541504,18.09098243713379,14.8355131149292,48251261
"2016-03-08",17.928512573242188,18.001625061035156,17.774166107177734,17.798538208007812,14.59569263458252,94684581
"2016-03-09",17.863525390625,17.91226577758789,17.757919311523438,17.822908401489258,14.615678787231445,59913509
"2016-03-10",17.93663787841797,18.017871856689453,17.59545135498047,17.80666160583496,14.602354049682617,94740222
"2016-03-11",17.98537826538086,18.294069290161133,17.98537826538086,18.269699096679688,14.982068061828613,79284278
"2016-03-14",18.21283531188965,18.26157569885254,18.099105834960938,18.21283531188965,14.935434341430664,55347853
"2016-03-15",18.09098243713379,18.2047119140625,18.0259952545166,18.2047119140625,14.928779602050781,75699114
"2016-03-16",18.107229232788086,18.277822494506836,18.0259952545166,18.164094924926758,14.895463943481445,72379969
"2016-03-17",18.164094924926758,18.440292358398438,18.03411865234375,18.3834285736084,15.075329780578613,65859485
"2016-03-18",18.415922164916992,18.53777313232422,18.3671817779541,18.464662551879883,15.209156036376953,65031268
"2016-03-21",18.407798767089844,18.55402183532715,18.359058380126953,18.43216896057129,15.182389259338379,47484348
"2016-03-22",18.30219268798828,18.448415756225586,18.26157569885254,18.37530517578125,15.135553359985352,43482367
"2016-03-23",18.342811584472656,18.37530517578125,18.229082107543945,18.237205505371094,15.021800994873047,55912266
"2016-03-24",18.074735641479492,18.123477935791016,17.952884674072266,18.123477935791016,14.928121566772461,48500785
"2016-03-28",18.147846221923828,18.237205505371094,18.09098243713379,18.180341720581055,14.97496223449707,36121356
"2016-03-29",18.107229232788086,18.220958709716797,18.001625061035156,18.21283531188965,15.001726150512695,44438115
"2016-03-30",18.31031608581543,18.456539154052734,18.294069290161133,18.318439483642578,15.08871078491211,37636102
"2016-03-31",18.269699096679688,18.391551971435547,18.237205505371094,18.277822494506836,15.055254936218262,39946073
"2016-04-01",18.188465118408203,18.464662551879883,18.115352630615234,18.440292358398438,15.189079284667969,45753316
"2016-04-04",18.42404556274414,18.464662551879883,18.31031608581543,18.350933074951172,15.115474700927734,38544826
"2016-04-05",18.180341720581055,18.21283531188965,18.058488845825195,18.09098243713379,14.901360511779785,61644172
"2016-04-06",18.058488845825195,18.2047119140625,18.001625061035156,18.188465118408203,14.981654167175293,38129610
"2016-04-07",18.058488845825195,18.074735641479492,17.749797821044922,17.847278594970703,14.7006196975708,51315220
"2016-04-08",17.969131469726562,18.09098243713379,17.879772186279297,17.91226577758789,14.754152297973633,55956828
"2016-04-11",17.993501663208008,18.139724731445312,17.969131469726562,17.98537826538086,14.814370155334473,45423161
"2016-04-12",18.009748458862305,18.245328903198242,17.969131469726562,18.21283531188965,15.001726150512695,48225902
"2016-04-13",18.399675369262695,18.64337921142578,18.3834285736084,18.627132415771484,15.34298324584961,69649488
"2016-04-14",18.53777313232422,18.76523208618164,18.53777313232422,18.667749404907227,15.376435279846191,52055051
"2016-04-15",18.71649169921875,18.740861892700195,18.570268630981445,18.60276222229004,15.322904586791992,53901797
"2016-04-18",18.513404846191406,18.757108688354492,18.497156143188477,18.740861892700195,15.436655044555664,52434076
"2016-04-19",18.797725677490234,18.976442337036133,18.797725677490234,18.976442337036133,15.630704879760742,57169363
"2016-04-20",18.968318939208984,19.1551570892334,18.960195541381836,19.122665405273438,15.75114631652832,74743119
"2016-04-21",19.114540100097656,19.195775985717773,18.903331756591797,18.952070236206055,15.610626220703125,63436754
"2016-04-22",18.968318939208984,19.171405792236328,18.968318939208984,19.130788803100586,15.757838249206543,46728145
"2016-04-25",19.04955291748047,19.10641860961914,18.952070236206055,19.090171813964844,15.72437858581543,38189682
"2016-04-26",19.10641860961914,19.236392974853516,19.082046508789062,19.21202278137207,15.82474422454834,41664795
"2016-04-27",19.195775985717773,19.30950355529785,19.130788803100586,19.244516372680664,15.85151481628418,56916147
"2016-04-28",19.082046508789062,19.236392974853516,18.976442337036133,19.04142951965332,15.684233665466309,74850832
"2016-04-29",18.93582534790039,19.008935928344727,18.76523208618164,18.93582534790039,15.597248077392578,60318138
"2016-05-02",18.952070236206055,19.130788803100586,18.911453247070312,19.10641860961914,15.73775577545166,43564598
"2016-05-03",18.887083053588867,18.903331756591797,18.700244903564453,18.862712860107422,15.537026405334473,44142060
"2016-05-04",18.64337921142578,18.81397247314453,18.627132415771484,18.71649169921875,15.416583061218262,46466680
"2016-05-05",18.757108688354492,18.830219268798828,18.659626007080078,18.70836639404297,15.409894943237305,47043157
"2016-05-06",18.570268630981445,18.797725677490234,18.570268630981445,18.789602279663086,15.476805686950684,38964104
"2016-05-09",18.757108688354492,18.846466064453125,18.667749404907227,18.740861892700195,15.436655044555664,31989258
"2016-05-10",18.830219268798828,19.017059326171875,18.82209587097168,19.008935928344727,15.657464981079102,37549070
"2016-05-11",18.952070236206055,19.000812530517578,18.789602279663086,18.805849075317383,15.49018669128418,31961192
"2016-05-12",18.87083625793457,18.952070236206055,18.700244903564453,18.81397247314453,15.496872901916504,35254978
"2016-05-13",18.77335548400879,18.903331756591797,18.55402183532715,18.586515426635742,15.309521675109863,45538875
"2016-05-16",18.586515426635742,18.76523208618164,18.570268630981445,18.683996200561523,15.389815330505371,33796243
"2016-05-17",18.635255813598633,18.71649169921875,18.497156143188477,18.578392028808594,15.302824020385742,45457629
"2016-05-18",18.521526336669922,18.919578552246094,18.521526336669922,18.903331756591797,15.57048225402832,96899150
"2016-05-19",18.81397247314453,18.903331756591797,18.610885620117188,18.724613189697266,15.423272132873535,66203303
"2016-05-20",18.82209587097168,18.960195541381836,18.789602279663086,18.854589462280273,15.530329704284668,35765351
"2016-05-23",18.81397247314453,18.903331756591797,18.757108688354492,18.838342666625977,15.516944885253906,38575724
"2016-05-24",18.968318939208984,19.16328239440918,18.94394874572754,19.122665405273438,15.75114631652832,47386483
"2016-05-25",19.203899383544922,19.423233032226562,19.195775985717773,19.32575035095215,15.918424606323242,51504178
"2016-05-26",19.33387565612793,19.358245849609375,19.187652587890625,19.21202278137207,15.82474422454834,36198417
"2016-05-27",19.244516372680664,19.350122451782227,19.22014617919922,19.341997146606445,15.931805610656738,37026264
"2016-05-31",19.43947982788086,19.43947982788086,19.228269577026367,19.293258666992188,15.891660690307617,40884834
"2016-06-01",19.1551570892334,19.358245849609375,19.073923110961914,19.33387565612793,15.925114631652832,38452378
"2016-06-02",19.285133361816406,19.374492645263672,19.22014617919922,19.374492645263672,15.958573341369629,28227076
"2016-06-03",19.1389102935791,19.1551570892334,18.895206451416016,19.09829330444336,15.731063842773438,86083215
"2016-06-06",19.10641860961914,19.301380157470703,19.090171813964844,19.21202278137207,15.82474422454834,46925474
"2016-06-07",19.228269577026367,19.285133361816406,19.1551570892334,19.171405792236328,15.791296005249023,26503799
"2016-06-08",19.1389102935791,19.236392974853516,19.1389102935791,19.187652587890625,15.804669380187988,30469958
"2016-06-09",19.073923110961914,19.10641860961914,18.952070236206055,19.04955291748047,15.690923690795898,39571234
"2016-06-10",18.830219268798828,18.903331756591797,18.757108688354492,18.81397247314453,15.496872901916504,47349676
"2016-06-13",18.70836639404297,18.927701950073242,18.675872802734375,18.683996200561523,15.389815330505371,56062079
"2016-06-14",18.610885620117188,18.70836639404297,18.31031608581543,18.407798767089844,15.162318229675293,66888232
"2016-06-15",18.456539154052734,18.64337921142578,18.415922164916992,18.43216896057129,15.182389259338379,58034633
"2016-06-16",18.285945892333984,18.497156143188477,18.180341720581055,18.48090934753418,15.222540855407715,71488109
"2016-06-17",18.407798767089844,18.456539154052734,18.285945892333984,18.3671817779541,15.209753036499023,46524537
"2016-06-20",18.659626007080078,18.757108688354492,18.464662551879883,18.47278594970703,15.297210693359375,70566829
"2016-06-21",18.5458984375,18.619009017944336,18.464662551879883,18.578392028808594,15.384650230407715,40308110
"2016-06-22",18.578392028808594,18.71649169921875,18.521526336669922,18.562145233154297,15.371212005615234,54005201
"2016-06-23",18.781478881835938,18.952070236206055,18.77335548400879,18.952070236206055,15.694098472595215,73745517
"2016-06-24",17.96100616455078,18.350933074951172,17.87164878845215,17.93663787841797,14.853229522705078,165914672
"2016-06-27",17.668561935424805,17.69293212890625,17.31925392150879,17.42485809326172,14.429422378540039,140642119
"2016-06-28",17.74167251586914,17.87164878845215,17.587326049804688,17.87164878845215,14.799407958984375,109722231
"2016-06-29",18.0259952545166,18.277822494506836,17.98537826538086,18.277822494506836,15.135758399963379,100009025
"2016-06-30",18.334686279296875,18.570268630981445,18.245328903198242,18.570268630981445,15.377934455871582,72707045
"2016-07-01",18.497156143188477,18.60276222229004,18.440292358398438,18.47278594970703,15.297210693359375,45095346
"2016-07-05",18.294069290161133,18.342811584472656,18.107229232788086,18.19658851623535,15.068485260009766,59557011
"2016-07-06",18.0422420501709,18.269699096679688,18.001625061035156,18.245328903198242,15.108851432800293,58561132
"2016-07-07",18.30219268798828,18.42404556274414,18.180341720581055,18.269699096679688,15.129032135009766,65731461
"2016-07-08",18.521526336669922,18.64337921142578,18.497156143188477,18.619009017944336,15.418295860290527,55327418
"2016-07-11",18.71649169921875,18.781478881835938,18.659626007080078,18.724613189697266,15.505743026733398,42557517
"2016-07-12",18.862712860107422,18.98456573486328,18.838342666625977,18.960195541381836,15.700827598571777,55059306
"2016-07-13",18.94394874572754,19.000812530517578,18.854589462280273,18.960195541381836,15.700827598571777,57377156
"2016-07-14",19.33387565612793,19.33387565612793,19.090171813964844,19.1389102935791,15.848820686340332,67039521
"2016-07-15",19.21202278137207,19.228269577026367,18.98456573486328,19.10641860961914,15.821907997131348,62710956
"2016-07-18",19.114540100097656,19.195775985717773,19.09829330444336,19.171405792236328,15.87573528289795,38953149
"2016-07-19",19.082046508789062,19.187652587890625,19.057676315307617,19.179529190063477,15.882454872131348,30777585
"2016-07-20",19.252639770507812,19.252639770507812,19.130788803100586,19.21202278137207,15.909360885620117,31817657
"2016-07-21",19.187652587890625,19.22014617919922,19.090171813964844,19.114540100097656,15.828639030456543,36524509
"2016-07-22",19.1389102935791,19.244516372680664,19.10641860961914,19.236392974853516,15.929545402526855,23484772
"2016-07-25",19.203899383544922,19.244516372680664,19.1389102935791,19.195775985717773,15.895912170410156,37096308
"2016-07-26",19.147035598754883,19.236392974853516,19.130788803100586,19.21202278137207,15.909360885620117,34484126
"2016-07-27",19.179529190063477,19.26076316833496,19.1389102935791,19.203899383544922,15.90263557434082,50709937
"2016-07-28",19.1551570892334,19.285133361816406,19.090171813964844,19.244516372680664,15.936275482177734,33001387
"2016-07-29",19.171405792236328,19.301380157470703,19.171405792236328,19.21202278137207,15.909360885620117,54440606
"2016-08-01",19.228269577026367,19.30950355529785,19.122665405273438,19.16328239440918,15.86900806427002,39409726
"2016-08-02",19.10641860961914,19.179529190063477,18.952070236206055,19.000812530517578,15.734457969665527,39709475
"2016-08-03",19.000812530517578,19.203899383544922,19.000812530517578,19.195775985717773,15.895912170410156,33511513
"2016-08-04",19.179529190063477,19.21202278137207,19.10641860961914,19.147035598754883,15.855549812316895,31363295
"2016-08-05",19.350122451782227,19.512590408325195,19.293258666992188,19.512590408325195,16.158262252807617,51542339
"2016-08-08",19.569456100463867,19.593826293945312,19.4800968170166,19.536962509155273,16.178443908691406,45019886
"2016-08-09",19.528837203979492,19.585702896118164,19.50446891784668,19.55320930480957,16.1919002532959,32239890
"2016-08-10",19.536962509155273,19.569456100463867,19.366369247436523,19.398862838745117,16.064085006713867,33545242
"2016-08-11",19.43947982788086,19.48822021484375,19.366369247436523,19.43947982788086,16.09772491455078,25139605
"2016-08-12",19.30950355529785,19.415109634399414,19.301380157470703,19.38261604309082,16.050636291503906,28861534
"2016-08-15",19.455726623535156,19.528837203979492,19.43947982788086,19.512590408325195,16.158262252807617,26275941
"2016-08-16",19.4800968170166,19.512590408325195,19.415109634399414,19.463851928710938,16.117902755737305,27637427
"2016-08-17",19.463851928710938,19.536962509155273,19.415109634399414,19.528837203979492,16.171722412109375,25676567
"2016-08-18",19.4963436126709,19.55320930480957,19.455726623535156,19.512590408325195,16.158262252807617,26595016
"2016-08-19",19.455726623535156,19.520715713500977,19.38261604309082,19.50446891784668,16.15152931213379,31510153
"2016-08-22",19.471973419189453,19.520715713500977,19.423233032226562,19.50446891784668,16.15152931213379,32517481
"2016-08-23",19.577579498291016,19.626319885253906,19.528837203979492,19.528837203979492,16.171722412109375,29855443
"2016-08-24",19.536962509155273,19.585702896118164,19.471973419189453,19.520715713500977,16.164989471435547,24299201
"2016-08-25",19.4963436126709,19.593826293945312,19.471973419189453,19.56133270263672,16.198633193969727,27249662
"2016-08-26",19.618196487426758,19.731924057006836,19.463851928710938,19.585702896118164,16.218809127807617,64953346
"2016-08-29",19.634443283081055,19.82940673828125,19.61007308959961,19.756296157836914,16.360069274902344,40451522
"2016-08-30",19.788789749145508,19.935012817382812,19.764419555664062,19.935012817382812,16.508071899414062,39359132
"2016-08-31",19.94313621520996,19.967506408691406,19.788789749145508,19.95125961303711,16.521526336669922,56386078
"2016-09-01",20.0,20.016246795654297,19.71567726135254,19.870023727416992,16.454246520996094,62960480
"2016-09-02",19.89439582824707,20.016246795654297,19.870023727416992,19.959383010864258,16.528247833251953,66918391
"2016-09-06",19.95125961303711,19.983753204345703,19.77254295349121,19.926889419555664,16.501340866088867,60299920
"2016-09-07",19.853776931762695,19.94313621520996,19.813159942626953,19.918764114379883,16.494611740112305,38671003
"2016-09-08",19.918764114379883,19.975629806518555,19.861900329589844,19.902517318725586,16.481155395507812,72066064
"2016-09-09",19.788789749145508,19.861900329589844,19.528837203979492,19.528837203979492,16.171722412109375,66476831
"2016-09-12",19.43947982788086,19.8212833404541,19.350122451782227,19.748172760009766,16.353351593017578,87153077
"2016-09-13",19.520715713500977,19.569456100463867,19.32575035095215,19.398862838745117,16.064085006713867,83230864
"2016-09-14",19.398862838745117,19.528837203979492,19.293258666992188,19.350122451782227,16.023723602294922,82876829
"2016-09-15",19.30950355529785,19.520715713500977,19.26888656616211,19.463851928710938,16.117902755737305,68626527
"2016-09-16",19.293258666992188,19.301380157470703,19.130788803100586,19.187652587890625,15.965137481689453,75235766
"2016-09-19",19.18000030517578,19.450000762939453,19.18000030517578,19.309999465942383,16.066944122314453,50396100
"2016-09-20",19.450000762939453,19.479999542236328,19.290000915527344,19.31999969482422,16.07526397705078,39903200
"2016-09-21",19.40999984741211,19.459999084472656,19.25,19.440000534057617,16.175107955932617,64029700
"2016-09-22",19.540000915527344,19.559999465942383,19.440000534057617,19.479999542236328,16.208393096923828,38355700
"2016-09-23",19.40999984741211,19.510000228881836,19.350000381469727,19.3799991607666,16.12519073486328,59009500
"2016-09-26",19.260000228881836,19.270000457763672,19.020000457763672,19.06999969482422,15.867242813110352,54189000
"2016-09-27",19.0,19.239999771118164,18.940000534057617,19.219999313354492,15.992067337036133,47620000
"2016-09-28",19.299999237060547,19.34000015258789,19.1200008392334,19.309999465942383,16.066944122314453,42936400
"2016-09-29",19.299999237060547,19.399999618530273,18.940000534057617,19.040000915527344,15.842287063598633,62580800
"2016-09-30",19.139999389648438,19.399999618530273,19.110000610351562,19.299999237060547,16.05861473083496,47336900
"2016-10-03",19.239999771118164,19.309999465942383,19.15999984741211,19.209999084472656,15.983739852905273,33170500
"2016-10-04",19.260000228881836,19.43000030517578,19.190000534057617,19.290000915527344,16.050302505493164,68471600
"2016-10-05",19.3700008392334,19.639999389648438,19.34000015258789,19.600000381469727,16.308238983154297,58651900
"2016-10-06",19.649999618530273,19.65999984741211,19.459999084472656,19.6299991607666,16.33319664001465,53337300
"2016-10-07",19.549999237060547,19.65999984741211,19.489999771118164,19.6200008392334,16.324880599975586,55532800
"2016-10-10",19.719999313354492,19.809999465942383,19.700000762939453,19.719999313354492,16.408082962036133,37997400
"2016-10-11",19.65999984741211,19.719999313354492,19.40999984741211,19.540000915527344,16.258319854736328,78581200
"2016-10-12",19.520000457763672,19.649999618530273,19.489999771118164,19.520000457763672,16.24167251586914,51378700
"2016-10-13",19.360000610351562,19.3700008392334,19.110000610351562,19.329999923706055,16.083587646484375,73171100
"2016-10-14",19.559999465942383,19.6200008392334,19.360000610351562,19.420000076293945,16.158470153808594,76176500
"2016-10-17",19.43000030517578,19.469999313354492,19.280000686645508,19.329999923706055,16.083587646484375,41236100
"2016-10-18",19.530000686645508,19.549999237060547,19.40999984741211,19.489999771118164,16.216707229614258,45958700
"2016-10-19",19.549999237060547,19.709999084472656,19.530000686645508,19.65999984741211,16.358163833618164,49835900
"2016-10-20",19.639999389648438,19.780000686645508,19.579999923706055,19.65999984741211,16.358163833618164,56238200
"2016-10-21",19.5,19.670000076293945,19.469999313354492,19.649999618530273,16.349842071533203,39543100
"2016-10-24",19.739999771118164,19.809999465942383,19.700000762939453,19.709999084472656,16.399770736694336,33808700
"2016-10-25",19.75,19.760000228881836,19.639999389648438,19.690000534057617,16.38312530517578,36177800
"2016-10-26",19.600000381469727,19.84000015258789,19.579999923706055,19.809999465942383,16.482975006103516,40419200
"2016-10-27",19.920000076293945,19.950000762939453,19.770000457763672,19.860000610351562,16.524574279785156,45545800
"2016-10-28",19.899999618530273,19.920000076293945,19.6200008392334,19.770000457763672,16.449687957763672,55749900
"2016-10-31",19.8700008392334,19.8700008392334,19.739999771118164,19.739999771118164,16.424728393554688,38579100
"2016-11-01",19.809999465942383,19.860000610351562,19.5,19.65999984741211,16.358163833618164,62758900
"2016-11-02",19.6200008392334,19.6299991607666,19.440000534057617,19.530000686645508,16.249996185302734,66529900
"2016-11-03",19.549999237060547,19.729999542236328,19.520000457763672,19.549999237060547,16.266637802124023,53462100
"2016-11-04",19.559999465942383,19.649999618530273,19.399999618530273,19.489999771118164,16.216707229614258,64891400
"2016-11-07",19.81999969482422,19.989999771118164,19.799999237060547,19.979999542236328,16.624418258666992,59001800
"2016-11-08",19.920000076293945,20.09000015258789,19.790000915527344,19.989999771118164,16.63273811340332,63290400
"2016-11-09",20.540000915527344,20.940000534057617,20.110000610351562,20.84000015258789,17.339981079101562,268936600
"2016-11-10",21.15999984741211,21.700000762939453,21.079999923706055,21.610000610351562,17.980663299560547,241635500
"2016-11-11",21.469999313354492,21.700000762939453,21.399999618530273,21.670000076293945,18.030588150024414,134954500
"2016-11-14",21.8799991607666,22.329999923706055,21.850000381469727,22.200000762939453,18.471586227416992,261730900
"2016-11-15",22.010000228881836,22.200000762939453,21.790000915527344,22.18000030517578,18.454938888549805,122754500
"2016-11-16",21.979999542236328,22.030000686645508,21.799999237060547,21.860000610351562,18.188676834106445,117887700
"2016-11-17",21.860000610351562,22.18000030517578,21.809999465942383,22.15999984741211,18.438295364379883,98536400
"2016-11-18",22.139999389648438,22.239999771118164,22.059999465942383,22.15999984741211,18.438295364379883,92344300
"2016-11-21",22.280000686645508,22.299999237060547,22.09000015258789,22.239999771118164,18.504850387573242,71943900
"2016-11-22",22.34000015258789,22.350000381469727,22.1200008392334,22.25,18.513174057006836,98286500
"2016-11-23",22.34000015258789,22.40999984741211,22.170000076293945,22.3799991607666,18.621347427368164,101948400
"2016-11-25",22.43000030517578,22.450000762939453,22.31999969482422,22.40999984741211,18.64630889892578,33114800
"2016-11-28",22.25,22.3799991607666,22.09000015258789,22.149999618530273,18.429977416992188,99791400
"2016-11-29",22.190000534057617,22.280000686645508,22.110000610351562,22.209999084472656,18.479896545410156,74645700
"2016-11-30",22.520000457763672,22.56999969482422,22.43000030517578,22.510000228881836,18.72951889038086,98843700
"2016-12-01",22.6299991607666,22.950000762939453,22.600000381469727,22.899999618530273,19.054014205932617,120088300
"2016-12-02",22.84000015258789,22.850000381469727,22.549999237060547,22.649999618530273,18.845998764038086,82108300
"2016-12-05",22.850000381469727,23.0,22.790000915527344,22.920000076293945,19.07065773010254,95145700
"2016-12-06",23.06999969482422,23.139999389648438,22.84000015258789,23.1200008392334,19.2370662689209,79142600
"2016-12-07",23.18000030517578,23.5,23.100000381469727,23.479999542236328,19.536605834960938,120172500
"2016-12-08",23.610000610351562,23.84000015258789,23.469999313354492,23.700000762939453,19.719654083251953,116856500
"2016-12-09",23.700000762939453,23.75,23.530000686645508,23.75,19.76125717163086,95677300
"2016-12-12",23.68000030517578,23.780000686645508,23.459999084472656,23.520000457763672,19.569887161254883,85143200
"2016-12-13",23.579999923706055,23.719999313354492,23.3799991607666,23.579999923706055,19.619808197021484,113420700
"2016-12-14",23.399999618530273,23.829999923706055,23.309999465942383,23.469999313354492,19.528289794921875,142995800
"2016-12-15",23.59000015258789,23.8700008392334,23.5,23.670000076293945,19.69469451904297,110426000
"2016-12-16",23.68000030517578,23.690000534057617,23.329999923706055,23.360000610351562,19.525020599365234,83096500
"2016-12-19",23.389999389648438,23.43000030517578,23.18000030517578,23.3700008392334,19.533382415771484,73717600
"2016-12-20",23.510000228881836,23.65999984741211,23.510000228881836,23.65999984741211,19.77576446533203,60793600
"2016-12-21",23.65999984741211,23.670000076293945,23.520000457763672,23.600000381469727,19.725618362426758,37738000
"2016-12-22",23.59000015258789,23.59000015258789,23.459999084472656,23.540000915527344,19.675472259521484,37796100
"2016-12-23",23.540000915527344,23.579999923706055,23.469999313354492,23.579999923706055,19.708898544311523,18276700
"2016-12-27",23.6299991607666,23.639999389648438,23.579999923706055,23.610000610351562,19.73398208618164,38241100
"2016-12-28",23.649999618530273,23.670000076293945,23.350000381469727,23.3700008392334,19.533382415771484,30834400
"2016-12-29",23.389999389648438,23.43000030517578,23.100000381469727,23.200000762939453,19.391284942626953,39251800
"2016-12-30",23.290000915527344,23.329999923706055,23.170000076293945,23.25,19.433076858520508,44761200
"2017-01-03",23.610000610351562,23.670000076293945,23.260000228881836,23.510000228881836,19.650394439697266,71259900
"2017-01-04",23.579999923706055,23.729999542236328,23.510000228881836,23.700000762939453,19.809202194213867,45092200
"2017-01-05",23.6299991607666,23.65999984741211,23.239999771118164,23.459999084472656,19.608604431152344,62201100
"2017-01-06",23.549999237060547,23.639999389648438,23.420000076293945,23.540000915527344,19.675472259521484,38060800
"2017-01-09",23.479999542236328,23.530000686645508,23.329999923706055,23.3799991607666,19.541738510131836,34022400
"2017-01-10",23.420000076293945,23.6299991607666,23.309999465942383,23.43000030517578,19.58353042602539,46212100
"2017-01-11",23.459999084472656,23.579999923706055,23.299999237060547,23.579999923706055,19.708898544311523,48001200
"2017-01-12",23.469999313354492,23.5,23.18000030517578,23.3799991607666,19.541738510131836,57418100
"2017-01-13",23.540000915527344,23.790000915527344,23.40999984741211,23.510000228881836,19.650394439697266,72479700
"2017-01-17",23.34000015258789,23.350000381469727,22.940000534057617,22.950000762939453,19.182329177856445,96657800
"2017-01-18",23.06999969482422,23.170000076293945,22.850000381469727,23.139999389648438,19.341135025024414,68289100
"2017-01-19",23.190000534057617,23.25,22.959999084472656,23.040000915527344,19.257556915283203,56729700
"2017-01-20",23.110000610351562,23.229999542236328,23.030000686645508,23.149999618530273,19.349496841430664,74805200
"2017-01-23",23.049999237060547,23.190000534057617,22.920000076293945,23.0,19.224124908447266,46651200
"2017-01-24",23.110000610351562,23.3799991607666,23.010000228881836,23.290000915527344,19.466516494750977,45229500
"2017-01-25",23.540000915527344,23.690000534057617,23.43000030517578,23.68000030517578,19.79248809814453,92850100
"2017-01-26",23.719999313354492,23.799999237060547,23.610000610351562,23.739999771118164,19.842639923095703,70704400
"2017-01-27",23.739999771118164,23.75,23.579999923706055,23.649999618530273,19.767406463623047,43944500
"2017-01-30",23.5,23.510000228881836,23.25,23.459999084472656,19.608604431152344,46168800
"2017-01-31",23.34000015258789,23.520000457763672,23.18000030517578,23.309999465942383,19.48322868347168,56477300
"2017-02-01",23.489999771118164,23.610000610351562,23.270000457763672,23.34000015258789,19.508302688598633,72132200
"2017-02-02",23.209999084472656,23.360000610351562,23.100000381469727,23.25,19.433076858520508,39396500
"2017-02-03",23.649999618530273,23.739999771118164,23.440000534057617,23.719999313354492,19.82592010498047,86346600
"2017-02-06",23.579999923706055,23.780000686645508,23.559999465942383,23.610000610351562,19.73398208618164,34952100
"2017-02-07",23.75,23.760000228881836,23.520000457763672,23.549999237060547,19.683828353881836,50838500
"2017-02-08",23.549999237060547,23.549999237060547,23.280000686645508,23.389999389648438,19.550094604492188,54341100
"2017-02-09",23.389999389648438,23.739999771118164,23.329999923706055,23.709999084472656,19.81755828857422,76813700
"2017-02-10",23.850000381469727,23.860000610351562,23.690000534057617,23.780000686645508,19.876066207885742,55078700
"2017-02-13",23.93000030517578,24.15999984741211,23.889999389648438,24.049999237060547,20.101743698120117,76687000
"2017-02-14",24.030000686645508,24.360000610351562,23.989999771118164,24.329999923706055,20.33577537536621,75954300
"2017-02-15",24.450000762939453,24.56999969482422,24.270000457763672,24.520000457763672,20.49458885192871,76869400
"2017-02-16",24.489999771118164,24.530000686645508,24.309999465942383,24.459999084472656,20.444438934326172,64048200
"2017-02-17",24.280000686645508,24.469999313354492,24.25,24.469999313354492,20.452787399291992,54156600
"2017-02-21",24.600000381469727,24.649999618530273,24.510000228881836,24.59000015258789,20.553091049194336,55216100
"2017-02-22",24.489999771118164,24.68000030517578,24.450000762939453,24.610000610351562,20.569812774658203,50438900
"2017-02-23",24.6200008392334,24.670000076293945,24.469999313354492,24.610000610351562,20.569812774658203,53509400
"2017-02-24",24.350000381469727,24.479999542236328,24.309999465942383,24.420000076293945,20.4110050201416,61686800
"2017-02-27",24.450000762939453,24.600000381469727,24.440000534057617,24.549999237060547,20.5196590423584,39655000
"2017-02-28",24.459999084472656,24.549999237060547,24.3799991607666,24.540000915527344,20.511302947998047,48913000
"2017-03-01",25.010000228881836,25.290000915527344,24.979999542236328,25.239999771118164,21.096384048461914,92150000
"2017-03-02",25.290000915527344,25.299999237060547,24.84000015258789,24.850000381469727,20.770408630371094,69446200
"2017-03-03",24.8700008392334,25.030000686645508,24.860000610351562,24.969999313354492,20.87070655822754,57652800
"2017-03-06",24.81999969482422,24.860000610351562,24.670000076293945,24.780000686645508,20.7119083404541,49017200
"2017-03-07",24.81999969482422,24.81999969482422,24.649999618530273,24.709999084472656,20.653392791748047,53726500
"2017-03-08",24.979999542236328,25.059999465942383,24.709999084472656,24.719999313354492,20.6617488861084,104601000
"2017-03-09",24.81999969482422,24.940000534057617,24.700000762939453,24.809999465942383,20.736976623535156,60804100
"2017-03-10",24.93000030517578,24.950000762939453,24.6299991607666,24.790000915527344,20.72025489807129,62148600
"2017-03-13",24.81999969482422,24.8799991607666,24.700000762939453,24.850000381469727,20.770408630371094,49418400
"2017-03-14",24.75,24.799999237060547,24.600000381469727,24.780000686645508,20.7119083404541,49511100
"2017-03-15",24.81999969482422,24.920000076293945,24.6299991607666,24.739999771118164,20.678468704223633,86455100
"2017-03-16",24.84000015258789,24.969999313354492,24.770000457763672,24.780000686645508,20.7119083404541,89233700
"2017-03-17",24.75,24.760000228881836,24.450000762939453,24.450000762939453,20.508913040161133,83056800
"2017-03-20",24.399999618530273,24.469999313354492,24.25,24.25,20.34114646911621,78676400
"2017-03-21",24.360000610351562,24.3799991607666,23.510000228881836,23.56999969482422,19.770761489868164,192257000
"2017-03-22",23.399999618530273,23.6299991607666,23.229999542236328,23.520000457763672,19.72881507873535,133199500
"2017-03-23",23.489999771118164,23.84000015258789,23.440000534057617,23.56999969482422,19.770761489868164,85238900
"2017-03-24",23.610000610351562,23.729999542236328,23.3799991607666,23.540000915527344,19.745594024658203,97583400
"2017-03-27",23.040000915527344,23.459999084472656,22.979999542236328,23.450000762939453,19.67009735107422,103963000
"2017-03-28",23.3700008392334,23.860000610351562,23.3700008392334,23.770000457763672,19.938520431518555,82301100
"2017-03-29",23.729999542236328,23.770000457763672,23.600000381469727,23.6200008392334,19.81269645690918,76524100
"2017-03-30",23.639999389648438,23.989999771118164,23.610000610351562,23.93000030517578,20.07273292541504,92566000
"2017-03-31",23.84000015258789,23.90999984741211,23.729999542236328,23.729999542236328,19.904970169067383,70540000
"2017-04-03",23.770000457763672,23.829999923706055,23.399999618530273,23.68000030517578,19.86302947998047,93489100
"2017-04-04",23.579999923706055,23.700000762939453,23.540000915527344,23.649999618530273,19.83785629272461,105795900
"2017-04-05",23.8700008392334,23.959999084472656,23.469999313354492,23.469999313354492,19.686878204345703,104651200
"2017-04-06",23.450000762939453,23.719999313354492,23.329999923706055,23.6200008392334,19.81269645690918,80802100
"2017-04-07",23.440000534057617,23.68000030517578,23.399999618530273,23.520000457763672,19.72881507873535,61525700
"2017-04-10",23.520000457763672,23.670000076293945,23.3799991607666,23.459999084472656,19.678485870361328,60429000
"2017-04-11",23.34000015258789,23.43000030517578,23.149999618530273,23.389999389648438,19.619770050048828,83801200
"2017-04-12",23.360000610351562,23.3799991607666,23.139999389648438,23.200000762939453,19.460390090942383,74023000
"2017-04-13",23.110000610351562,23.3700008392334,22.899999618530273,22.899999618530273,19.208749771118164,120159300
"2017-04-17",22.959999084472656,23.309999465942383,22.889999389648438,23.299999237060547,19.544279098510742,86681200
"2017-04-18",23.139999389648438,23.25,22.940000534057617,23.079999923706055,19.359737396240234,74890400
"2017-04-19",23.229999542236328,23.31999969482422,22.979999542236328,23.010000228881836,19.301023483276367,55583800
"2017-04-20",23.18000030517578,23.450000762939453,23.09000015258789,23.399999618530273,19.62815284729004,85720400
"2017-04-21",23.34000015258789,23.43000030517578,23.149999618530273,23.15999984741211,19.42683982849121,94675300
"2017-04-24",23.690000534057617,23.809999465942383,23.59000015258789,23.68000030517578,19.86302947998047,98770600
"2017-04-25",23.889999389648438,24.010000228881836,23.860000610351562,23.889999389648438,20.03917121887207,71026100
"2017-04-26",23.860000610351562,24.09000015258789,23.81999969482422,23.8700008392334,20.022397994995117,71691200
"2017-04-27",23.920000076293945,23.920000076293945,23.6200008392334,23.760000228881836,19.930131912231445,68871800
"2017-04-28",23.770000457763672,23.790000915527344,23.530000686645508,23.530000686645508,19.737205505371094,64091900
"2017-05-01",23.649999618530273,23.799999237060547,23.549999237060547,23.68000030517578,19.86302947998047,69086600
"2017-05-02",23.68000030517578,23.709999084472656,23.520000457763672,23.649999618530273,19.83785629272461,76511500
"2017-05-03",23.56999969482422,23.84000015258789,23.549999237060547,23.84000015258789,19.997234344482422,78115400
"2017-05-04",23.989999771118164,24.06999969482422,23.780000686645508,23.8799991607666,20.030786514282227,64482800
"2017-05-05",23.950000762939453,23.959999084472656,23.760000228881836,23.84000015258789,19.997234344482422,46881500
"2017-05-08",23.8700008392334,23.90999984741211,23.780000686645508,23.81999969482422,19.980459213256836,45893000
"2017-05-09",23.8799991607666,23.959999084472656,23.649999618530273,23.729999542236328,19.904970169067383,65737900
"2017-05-10",23.690000534057617,23.809999465942383,23.649999618530273,23.809999465942383,19.972068786621094,51192700
"2017-05-11",23.719999313354492,23.760000228881836,23.469999313354492,23.65999984741211,19.84624481201172,77266700
"2017-05-12",23.549999237060547,23.56999969482422,23.43000030517578,23.559999465942383,19.762371063232422,55787200
"2017-05-15",23.610000610351562,23.790000915527344,23.600000381469727,23.739999771118164,19.91335678100586,52192100
"2017-05-16",23.790000915527344,23.829999923706055,23.670000076293945,23.809999465942383,19.972068786621094,51529600
"2017-05-17",23.309999465942383,23.489999771118164,22.969999313354492,23.059999465942383,19.342960357666016,141192800
"2017-05-18",23.030000686645508,23.290000915527344,23.0,23.149999618530273,19.418458938598633,101656900
"2017-05-19",23.190000534057617,23.479999542236328,23.18000030517578,23.350000381469727,19.58621597290039,69775600
"2017-05-22",23.479999542236328,23.479999542236328,23.25,23.40999984741211,19.636547088623047,79181900
"2017-05-23",23.43000030517578,23.65999984741211,23.31999969482422,23.59000015258789,19.787532806396484,65577800
"2017-05-24",23.6200008392334,23.639999389648438,23.479999542236328,23.579999923706055,19.779136657714844,59441200
"2017-05-25",23.6299991607666,23.729999542236328,23.559999465942383,23.6200008392334,19.81269645690918,49362400
"2017-05-26",23.559999465942383,23.68000030517578,23.559999465942383,23.610000610351562,19.804311752319336,42601700
"2017-05-30",23.540000915527344,23.56999969482422,23.399999618530273,23.450000762939453,19.67009735107422,46584200
"2017-05-31",23.450000762939453,23.459999084472656,23.100000381469727,23.25,19.50233268737793,115877900
"2017-06-01",23.3799991607666,23.559999465942383,23.219999313354492,23.540000915527344,19.745594024658203,81187600
"2017-06-02",23.3700008392334,23.56999969482422,23.31999969482422,23.450000762939453,19.67009735107422,83704500
"2017-06-05",23.459999084472656,23.639999389648438,23.459999084472656,23.489999771118164,19.70365333557129,44055800
"2017-06-06",23.309999465942383,23.450000762939453,23.260000228881836,23.389999389648438,19.619770050048828,60397300
"2017-06-07",23.43000030517578,23.6299991607666,23.389999389648438,23.56999969482422,19.770761489868164,83049100
"2017-06-08",23.56999969482422,24.010000228881836,23.549999237060547,23.84000015258789,19.997234344482422,77987000
"2017-06-09",23.989999771118164,24.329999923706055,23.969999313354492,24.290000915527344,20.37470245361328,133216200
"2017-06-12",24.34000015258789,24.510000228881836,24.200000762939453,24.34000015258789,20.416643142700195,86644400
"2017-06-13",24.469999313354492,24.549999237060547,24.399999618530273,24.469999313354492,20.525684356689453,94978600
"2017-06-14",24.260000228881836,24.540000915527344,24.1299991607666,24.510000228881836,20.55923843383789,117605800
"2017-06-15",24.329999923706055,24.540000915527344,24.309999465942383,24.40999984741211,20.475357055664062,59547700
"2017-06-16",24.309999465942383,24.3700008392334,24.219999313354492,24.290000915527344,20.452627182006836,53818800
"2017-06-19",24.450000762939453,24.59000015258789,24.420000076293945,24.540000915527344,20.663127899169922,58041300
"2017-06-20",24.459999084472656,24.479999542236328,24.31999969482422,24.329999923706055,20.486305236816406,45689600
"2017-06-21",24.3700008392334,24.3700008392334,24.1200008392334,24.1299991607666,20.317901611328125,51938200
"2017-06-22",24.040000915527344,24.110000610351562,23.950000762939453,23.979999542236328,20.19159698486328,58380200
"2017-06-23",24.079999923706055,24.09000015258789,23.809999465942383,23.889999389648438,20.11581039428711,85352600
"2017-06-26",23.940000534057617,24.1200008392334,23.860000610351562,24.020000457763672,20.22527503967285,60302300
"2017-06-27",24.110000610351562,24.31999969482422,24.049999237060547,24.139999389648438,20.32632064819336,75943400
"2017-06-28",24.299999237060547,24.559999465942383,24.280000686645508,24.520000457763672,20.646291732788086,90097600
"2017-06-29",25.020000457763672,25.020000457763672,24.510000228881836,24.690000534057617,20.789430618286133,119176700
"2017-06-30",24.8700008392334,24.8799991607666,24.6200008392334,24.670000076293945,20.772592544555664,72754900
"2017-07-03",24.809999465942383,25.190000534057617,24.780000686645508,25.030000686645508,21.075716018676758,61454400
"2017-07-05",25.100000381469727,25.1299991607666,24.920000076293945,25.06999969482422,21.109397888183594,78100200
"2017-07-06",25.059999465942383,25.170000076293945,24.8799991607666,24.8799991607666,20.94941520690918,97648100
"2017-07-07",25.010000228881836,25.100000381469727,24.8799991607666,25.049999237060547,21.09256362915039,59432400
"2017-07-10",25.010000228881836,25.079999923706055,24.93000030517578,25.020000457763672,21.06730079650879,55022500
"2017-07-11",25.0,25.010000228881836,24.729999542236328,24.799999237060547,20.88204574584961,49857200
"2017-07-12",24.799999237060547,24.899999618530273,24.729999542236328,24.8799991607666,20.94941520690918,47818600
"2017-07-13",24.8799991607666,25.030000686645508,24.860000610351562,25.030000686645508,21.075716018676758,48875900
"2017-07-14",24.719999313354492,24.959999084472656,24.59000015258789,24.920000076293945,20.983089447021484,61742300
"2017-07-17",24.850000381469727,24.899999618530273,24.739999771118164,24.84000015258789,20.915735244750977,43257000
"2017-07-18",24.670000076293945,24.84000015258789,24.639999389648438,24.799999237060547,20.88204574584961,63210700
"2017-07-19",24.850000381469727,24.920000076293945,24.719999313354492,24.809999465942383,20.890472412109375,48259400
"2017-07-20",24.829999923706055,24.940000534057617,24.75,24.799999237060547,20.88204574584961,40163500
"2017-07-21",24.729999542236328,24.8799991607666,24.729999542236328,24.799999237060547,20.88204574584961,39108400
"2017-07-24",24.790000915527344,24.940000534057617,24.790000915527344,24.90999984741211,20.974672317504883,26364800
"2017-07-25",25.190000534057617,25.31999969482422,25.149999618530273,25.219999313354492,21.23569679260254,75786800
"2017-07-26",25.25,25.290000915527344,24.989999771118164,25.049999237060547,21.09256362915039,56086500
"2017-07-27",25.100000381469727,25.110000610351562,24.799999237060547,24.90999984741211,20.974672317504883,67826200
"2017-07-28",24.8700008392334,24.979999542236328,24.770000457763672,24.90999984741211,20.974672317504883,43735800
"2017-07-31",25.0,25.18000030517578,24.969999313354492,25.09000015258789,21.12622833251953,43039300
"2017-08-01",25.260000228881836,25.290000915527344,25.139999389648438,25.270000457763672,21.277799606323242,60987500
"2017-08-02",25.299999237060547,25.329999923706055,25.18000030517578,25.309999465942383,21.311479568481445,43341500
"2017-08-03",25.270000457763672,25.309999465942383,25.18000030517578,25.219999313354492,21.23569679260254,40816800
"2017-08-04",25.450000762939453,25.489999771118164,25.34000015258789,25.389999389648438,21.378841400146484,50792900
"2017-08-07",25.389999389648438,25.399999618530273,25.309999465942383,25.350000381469727,21.345163345336914,39486800
"2017-08-08",25.309999465942383,25.59000015258789,25.270000457763672,25.280000686645508,21.28622055053711,52736500
"2017-08-09",25.06999969482422,25.299999237060547,25.06999969482422,25.280000686645508,21.28622055053711,46567000
"2017-08-10",25.1200008392334,25.18000030517578,24.829999923706055,24.829999923706055,20.907312393188477,71130300
"2017-08-11",24.829999923706055,24.959999084472656,24.670000076293945,24.729999542236328,20.82311248779297,50477800
"2017-08-14",24.93000030517578,25.139999389648438,24.920000076293945,25.06999969482422,21.109397888183594,49472900
"2017-08-15",25.280000686645508,25.309999465942383,25.09000015258789,25.09000015258789,21.12622833251953,48535000
"2017-08-16",25.200000762939453,25.239999771118164,25.0,25.040000915527344,21.084138870239258,35084100
"2017-08-17",24.979999542236328,25.020000457763672,24.600000381469727,24.610000610351562,20.722068786621094,76613100
"2017-08-18",24.489999771118164,24.799999237060547,24.479999542236328,24.6200008392334,20.730491638183594,71725900
"2017-08-21",24.600000381469727,24.6299991607666,24.450000762939453,24.549999237060547,20.671545028686523,45047200
"2017-08-22",24.649999618530273,24.84000015258789,24.6200008392334,24.81999969482422,20.898895263671875,42644000
"2017-08-23",24.639999389648438,24.8799991607666,24.6200008392334,24.739999771118164,20.83152961730957,36612700
"2017-08-24",24.850000381469727,24.850000381469727,24.690000534057617,24.739999771118164,20.83152961730957,31067200
"2017-08-25",24.790000915527344,24.920000076293945,24.780000686645508,24.809999465942383,20.890472412109375,37177300
"2017-08-28",24.829999923706055,24.84000015258789,24.59000015258789,24.649999618530273,20.755752563476562,36486900
"2017-08-29",24.3700008392334,24.610000610351562,24.350000381469727,24.56999969482422,20.688385009765625,42814200
"2017-08-30",24.610000610351562,24.780000686645508,24.59000015258789,24.670000076293945,20.772592544555664,35176100
"2017-08-31",24.75,24.780000686645508,24.6200008392334,24.700000762939453,20.797853469848633,44225200
"2017-09-01",24.729999542236328,24.90999984741211,24.670000076293945,24.770000457763672,20.856792449951172,42132600
"2017-09-05",24.579999923706055,24.6200008392334,24.170000076293945,24.239999771118164,20.4105224609375,96579200
"2017-09-06",24.329999923706055,24.420000076293945,24.219999313354492,24.299999237060547,20.461044311523438,77593900
"2017-09-07",24.34000015258789,24.360000610351562,23.790000915527344,23.8799991607666,20.107393264770508,87667800
"2017-09-08",23.899999618530273,24.190000534057617,23.850000381469727,24.100000381469727,20.292640686035156,68639500
"2017-09-11",24.3799991607666,24.59000015258789,24.329999923706055,24.520000457763672,20.646291732788086,73305700
"2017-09-12",24.610000610351562,24.829999923706055,24.59000015258789,24.809999465942383,20.890472412109375,66350600
"2017-09-13",24.770000457763672,24.860000610351562,24.68000030517578,24.850000381469727,20.92415428161621,51049400
"2017-09-14",24.860000610351562,24.920000076293945,24.75,24.799999237060547,20.88204574584961,47163200
"2017-09-15",24.65999984741211,24.790000915527344,24.6299991607666,24.770000457763672,20.943775177001953,59250200
"2017-09-18",24.860000610351562,25.06999969482422,24.84000015258789,25.059999465942383,21.18897247314453,44010400
"2017-09-19",25.059999465942383,25.309999465942383,25.020000457763672,25.25,21.34963035583496,58443300
"2017-09-20",25.270000457763672,25.489999771118164,25.149999618530273,25.399999618530273,21.476459503173828,70595500
"2017-09-21",25.34000015258789,25.520000457763672,25.31999969482422,25.459999084472656,21.527191162109375,51050100
"2017-09-22",25.360000610351562,25.459999084472656,25.290000915527344,25.43000030517578,21.501821517944336,42306600
"2017-09-25",25.399999618530273,25.489999771118164,25.229999542236328,25.399999618530273,21.476459503173828,39774600
"2017-09-26",25.440000534057617,25.479999542236328,25.31999969482422,25.389999389648438,21.468006134033203,46811000
"2017-09-27",25.709999084472656,25.829999923706055,25.600000381469727,25.700000762939453,21.73012351989746,65919100
"2017-09-28",25.790000915527344,25.799999237060547,25.610000610351562,25.739999771118164,21.763940811157227,37718900
"2017-09-29",25.739999771118164,25.860000610351562,25.700000762939453,25.860000610351562,21.865407943725586,42740800
"2017-10-02",25.809999465942383,26.079999923706055,25.809999465942383,26.079999923706055,22.05141830444336,52774000
"2017-10-03",26.059999465942383,26.170000076293945,26.010000228881836,26.170000076293945,22.127521514892578,48062900
"2017-10-04",26.100000381469727,26.18000030517578,26.040000915527344,26.049999237060547,22.026058197021484,39283800
"2017-10-05",26.079999923706055,26.40999984741211,26.010000228881836,26.31999969482422,22.254350662231445,61260400
"2017-10-06",26.389999389648438,26.459999084472656,26.209999084472656,26.350000381469727,22.279714584350586,66077800
"2017-10-09",26.420000076293945,26.420000076293945,26.190000534057617,26.25,22.195161819458008,31340200
"2017-10-10",26.290000915527344,26.3700008392334,26.219999313354492,26.3700008392334,22.2966251373291,35822500
"2017-10-11",26.309999465942383,26.350000381469727,26.209999084472656,26.31999969482422,22.254350662231445,33748600
"2017-10-12",26.389999389648438,26.399999618530273,26.09000015258789,26.1200008392334,22.085241317749023,53834800
"2017-10-13",25.989999771118164,26.219999313354492,25.889999389648438,26.1299991607666,22.09369468688965,69561400
"2017-10-16",26.149999618530273,26.309999465942383,26.139999389648438,26.299999237060547,22.2374324798584,42000700
"2017-10-17",26.389999389648438,26.399999618530273,26.110000610351562,26.170000076293945,22.127521514892578,37844200
"2017-10-18",26.280000686645508,26.350000381469727,26.170000076293945,26.309999465942383,22.245893478393555,52201500
"2017-10-19",26.1200008392334,26.34000015258789,26.079999923706055,26.329999923706055,22.26280403137207,34671600
"2017-10-20",26.610000610351562,26.65999984741211,26.520000457763672,26.639999389648438,22.52491569519043,56083800
"2017-10-23",26.649999618530273,26.700000762939453,26.559999465942383,26.6200008392334,22.508010864257812,43555200
"2017-10-24",26.709999084472656,26.860000610351562,26.690000534057617,26.809999465942383,22.668657302856445,61259200
"2017-10-25",26.889999389648438,26.920000076293945,26.5,26.649999618530273,22.533370971679688,68653500
"2017-10-26",26.75,26.920000076293945,26.75,26.799999237060547,22.660202026367188,41832600
"2017-10-27",26.75,26.829999923706055,26.610000610351562,26.780000686645508,22.643287658691406,56694400
"2017-10-30",26.75,26.790000915527344,26.600000381469727,26.670000076293945,22.55028533935547,48157500
"2017-10-31",26.670000076293945,26.770000457763672,26.56999969482422,26.600000381469727,22.491092681884766,39890800
"2017-11-01",26.709999084472656,26.829999923706055,26.610000610351562,26.639999389648438,22.52491569519043,40921900
"2017-11-02",26.670000076293945,26.93000030517578,26.540000915527344,26.889999389648438,22.736299514770508,51098300
"2017-11-03",26.799999237060547,26.81999969482422,26.700000762939453,26.780000686645508,22.643287658691406,42387000
"2017-11-06",26.709999084472656,26.799999237060547,26.65999984741211,26.75,22.61792755126953,33642100
"2017-11-07",26.770000457763672,26.850000381469727,26.309999465942383,26.3799991607666,22.305072784423828,70325500
"2017-11-08",26.329999923706055,26.34000015258789,26.15999984741211,26.25,22.195161819458008,55844900
"2017-11-09",26.079999923706055,26.25,25.889999389648438,26.15999984741211,22.119062423706055,94577000
"2017-11-10",26.18000030517578,26.229999542236328,26.059999465942383,26.079999923706055,22.05141830444336,53209600
"2017-11-13",25.920000076293945,26.18000030517578,25.899999618530273,26.1200008392334,22.085241317749023,50579200
"2017-11-14",26.020000457763672,26.1200008392334,25.93000030517578,26.110000610351562,22.076791763305664,54101800
"2017-11-15",25.8799991607666,26.270000457763672,25.860000610351562,26.18000030517578,22.135976791381836,64952300
"2017-11-16",26.299999237060547,26.360000610351562,26.170000076293945,26.190000534057617,22.144426345825195,53648100
"2017-11-17",26.059999465942383,26.219999313354492,26.030000686645508,26.15999984741211,22.119062423706055,41938700
"2017-11-20",26.209999084472656,26.31999969482422,26.1299991607666,26.280000686645508,22.220529556274414,35232400
"2017-11-21",26.3700008392334,26.399999618530273,26.299999237060547,26.360000610351562,22.288164138793945,35972400
"2017-11-22",26.360000610351562,26.43000030517578,26.229999542236328,26.229999542236328,22.17824935913086,30959400
"2017-11-24",26.329999923706055,26.3799991607666,26.200000762939453,26.219999313354492,22.16979217529297,12172500
"2017-11-27",26.200000762939453,26.34000015258789,26.18000030517578,26.200000762939453,22.152883529663086,42346400
"2017-11-28",26.229999542236328,26.90999984741211,26.209999084472656,26.8799991607666,22.727848052978516,86507000
"2017-11-29",27.139999389648438,27.520000457763672,27.06999969482422,27.34000015258789,23.116788864135742,135340600
"2017-11-30",27.579999923706055,27.8799991607666,27.3799991607666,27.520000457763672,23.268983840942383,135241700
"2017-12-01",27.559999465942383,27.709999084472656,26.950000762939453,27.579999923706055,23.31970977783203,148119600
"2017-12-04",28.040000915527344,28.200000762939453,28.0,28.0,23.67483901977539,99820400
"2017-12-05",28.1200008392334,28.149999618530273,27.780000686645508,27.850000381469727,23.548009872436523,77706200
"2017-12-06",27.75,27.90999984741211,27.670000076293945,27.75,23.463457107543945,60299100
"2017-12-07",27.84000015258789,27.940000534057617,27.579999923706055,27.84000015258789,23.53955078125,59625500
"2017-12-08",27.979999542236328,28.010000228881836,27.780000686645508,28.010000228881836,23.68329620361328,55001600
"2017-12-11",28.010000228881836,28.049999237060547,27.860000610351562,27.940000534057617,23.624107360839844,43278400
"2017-12-12",28.049999237060547,28.329999923706055,27.959999084472656,28.219999313354492,23.860858917236328,69517100
"2017-12-13",28.190000534057617,28.25,27.850000381469727,27.8700008392334,23.56492042541504,97335300
"2017-12-14",27.969999313354492,28.010000228881836,27.65999984741211,27.690000534057617,23.41272735595703,76970000
"2017-12-15",27.729999542236328,28.0,27.6299991607666,27.809999465942383,23.62339210510254,111826100
"2017-12-18",28.040000915527344,28.200000762939453,27.989999771118164,28.059999465942383,23.83575439453125,61275500
"2017-12-19",28.219999313354492,28.239999771118164,27.940000534057617,27.940000534057617,23.73381996154785,57366300
"2017-12-20",28.170000076293945,28.219999313354492,27.8700008392334,27.889999389648438,23.691347122192383,69680300
"2017-12-21",28.040000915527344,28.209999084472656,28.010000228881836,28.1299991607666,23.89521026611328,46123500
"2017-12-22",28.209999084472656,28.25,27.920000076293945,28.049999237060547,23.827259063720703,43020300
"2017-12-26",28.049999237060547,28.139999389648438,27.860000610351562,27.969999313354492,23.759300231933594,33710100
"2017-12-27",27.989999771118164,28.010000228881836,27.90999984741211,28.0,23.7847843170166,29421000
"2017-12-28",28.06999969482422,28.1200008392334,28.0,28.110000610351562,23.87822914123535,28129700
"2017-12-29",28.200000762939453,28.200000762939453,27.90999984741211,27.90999984741211,23.708328247070312,55169800
"2018-01-02",28.09000015258789,28.09000015258789,27.790000915527344,27.920000076293945,23.716825485229492,55436100
"2018-01-03",27.969999313354492,28.09000015258789,27.8799991607666,28.06999969482422,23.84424591064453,56906200
"2018-01-04",28.229999542236328,28.540000915527344,28.18000030517578,28.329999923706055,24.065107345581055,62247000
"2018-01-05",28.479999542236328,28.479999542236328,28.229999542236328,28.40999984741211,24.1330623626709,37989500
"2018-01-08",28.3799991607666,28.43000030517578,28.270000457763672,28.3700008392334,24.099084854125977,44252100
"2018-01-09",28.489999771118164,28.739999771118164,28.440000534057617,28.59000015258789,24.285961151123047,51418700
"2018-01-10",28.68000030517578,28.950000762939453,28.6299991607666,28.829999923706055,24.48983383178711,64670900
"2018-01-11",28.950000762939453,29.0,28.809999465942383,28.969999313354492,24.608755111694336,42361700
"2018-01-12",29.139999389648438,29.25,28.959999084472656,29.229999542236328,24.82961654663086,44537500
"2018-01-16",29.479999542236328,29.530000686645508,28.989999771118164,29.149999618530273,24.761659622192383,67563800
"2018-01-17",29.229999542236328,29.450000762939453,28.989999771118164,29.3700008392334,24.948535919189453,54312000
"2018-01-18",29.469999313354492,29.479999542236328,29.290000915527344,29.329999923706055,24.91456413269043,49247400
"2018-01-19",29.43000030517578,29.549999237060547,29.3700008392334,29.540000915527344,25.09295082092285,60727800
"2018-01-22",29.549999237060547,29.790000915527344,29.510000228881836,29.780000686645508,25.296815872192383,46868900
"2018-01-23",29.709999084472656,29.860000610351562,29.56999969482422,29.809999465942383,25.322301864624023,60862000
"2018-01-24",29.950000762939453,30.079999923706055,29.770000457763672,30.010000228881836,25.492197036743164,66371000
"2018-01-25",30.1299991607666,30.1299991607666,29.850000381469727,29.950000762939453,25.441226959228516,45423700
"2018-01-26",30.040000915527344,30.18000030517578,29.899999618530273,30.170000076293945,25.62810516357422,33871900
"2018-01-29",30.190000534057617,30.329999923706055,30.030000686645508,30.049999237060547,25.526166915893555,41037700
"2018-01-30",29.829999923706055,30.020000457763672,29.65999984741211,29.65999984741211,25.19487762451172,67316900
"2018-01-31",29.739999771118164,29.889999389648438,29.639999389648438,29.739999771118164,25.262840270996094,49504500
"2018-02-01",29.68000030517578,30.049999237060547,29.670000076293945,30.020000457763672,25.500686645507812,60824200
"2018-02-02",29.959999084472656,30.040000915527344,29.34000015258789,29.360000610351562,24.940048217773438,73086000
"2018-02-05",28.729999542236328,29.209999084472656,27.600000381469727,27.8799991607666,23.682851791381836,147871500
"2018-02-06",27.239999771118164,28.459999084472656,27.170000076293945,28.389999389648438,24.116069793701172,159006400
"2018-02-07",28.34000015258789,28.809999465942383,28.219999313354492,28.40999984741211,24.1330623626709,102699400
"2018-02-08",28.459999084472656,28.510000228881836,27.139999389648438,27.15999984741211,23.071237564086914,135270500
"2018-02-09",27.56999969482422,27.889999389648438,26.760000228881836,27.68000030517578,23.512968063354492,149504900
"2018-02-12",27.959999084472656,28.350000381469727,27.709999084472656,28.06999969482422,23.84424591064453,83571800
"2018-02-13",27.90999984741211,28.25,27.829999923706055,28.190000534057617,23.94618034362793,43365500
"2018-02-14",28.170000076293945,28.8700008392334,28.06999969482422,28.860000610351562,24.515321731567383,57379700
"2018-02-15",29.100000381469727,29.139999389648438,28.700000762939453,29.020000457763672,24.65123176574707,66976000
"2018-02-16",28.8799991607666,29.229999542236328,28.84000015258789,28.979999542236328,24.61724853515625,47508200
"2018-02-20",28.920000076293945,29.209999084472656,28.799999237060547,28.889999389648438,24.540794372558594,58236100
"2018-02-21",28.899999618530273,29.399999618530273,28.8700008392334,28.93000030517578,24.574787139892578,44578800
"2018-02-22",29.0,29.15999984741211,28.6200008392334,28.690000534057617,24.370908737182617,47602700
"2018-02-23",28.780000686645508,29.1200008392334,28.770000457763672,29.1200008392334,24.736177444458008,41187300
"2018-02-26",29.329999923706055,29.559999465942383,29.139999389648438,29.559999465942383,25.10993766784668,55124200
"2018-02-27",29.579999923706055,29.770000457763672,29.260000228881836,29.280000686645508,24.872089385986328,72752100
"2018-02-28",29.43000030517578,29.540000915527344,28.8700008392334,28.8700008392334,24.523813247680664,65254700
"2018-03-01",28.8799991607666,29.110000610351562,28.209999084472656,28.3700008392334,24.099084854125977,82467900
"2018-03-02",28.170000076293945,28.520000457763672,27.889999389648438,28.440000534057617,24.158546447753906,78991200
"2018-03-05",28.219999313354492,29.0,28.209999084472656,28.84000015258789,24.49832534790039,58952100
"2018-03-06",29.0,29.020000457763672,28.65999984741211,28.959999084472656,24.600263595581055,49746100
"2018-03-07",28.600000381469727,28.969999313354492,28.56999969482422,28.90999984741211,24.557796478271484,41530200
"2018-03-08",28.979999542236328,29.040000915527344,28.690000534057617,29.0,24.634241104125977,50803000
"2018-03-09",29.309999465942383,29.719999313354492,29.190000534057617,29.700000762939453,25.22886085510254,54595700
"2018-03-12",29.700000762939453,29.809999465942383,29.549999237060547,29.600000381469727,25.143918991088867,51784500
"2018-03-13",29.739999771118164,29.770000457763672,29.200000762939453,29.270000457763672,24.863601684570312,47049400
"2018-03-14",29.399999618530273,29.399999618530273,28.850000381469727,28.940000534057617,24.583276748657227,57278900
"2018-03-15",29.049999237060547,29.110000610351562,28.860000610351562,28.950000762939453,24.59177017211914,47451600
"2018-03-16",28.90999984741211,29.149999618530273,28.8700008392334,28.8700008392334,24.613086700439453,61278200
"2018-03-19",28.829999923706055,28.93000030517578,28.389999389648438,28.65999984741211,24.43404769897461,52145000
"2018-03-20",28.770000457763672,28.850000381469727,28.65999984741211,28.729999542236328,24.493724822998047,37146500
"2018-03-21",28.780000686645508,29.100000381469727,28.6200008392334,28.719999313354492,24.485198974609375,53291400
"2018-03-22",28.34000015258789,28.450000762939453,27.559999465942383,27.65999984741211,23.581499099731445,85160300
"2018-03-23",27.690000534057617,27.729999542236328,26.770000457763672,26.81999969482422,22.865360260009766,89289500
"2018-03-26",27.360000610351562,27.770000457763672,27.100000381469727,27.690000534057617,23.60707664489746,84145000
"2018-03-27",27.780000686645508,27.899999618530273,26.93000030517578,27.149999618530273,23.14670181274414,78827400
"2018-03-28",27.219999313354492,27.469999313354492,26.850000381469727,27.200000762939453,23.18932342529297,84244500
"2018-03-29",27.31999969482422,27.760000228881836,27.200000762939453,27.56999969482422,23.504770278930664,58290000
"2018-04-02",27.56999969482422,27.600000381469727,26.549999237060547,26.959999084472656,22.984710693359375,74363900
"2018-04-03",27.1299991607666,27.389999389648438,26.889999389648438,27.329999923706055,23.30015754699707,75160400
"2018-04-04",26.84000015258789,27.700000762939453,26.81999969482422,27.6200008392334,23.547399520874023,70327000
"2018-04-05",27.8700008392334,28.040000915527344,27.75,27.84000015258789,23.73495864868164,45378300
"2018-04-06",27.520000457763672,27.700000762939453,26.920000076293945,27.170000076293945,23.163753509521484,88521000
"2018-04-09",27.31999969482422,27.8700008392334,27.270000457763672,27.31999969482422,23.291629791259766,54633200
"2018-04-10",27.760000228881836,27.889999389648438,27.549999237060547,27.729999542236328,23.641172409057617,67801500
"2018-04-11",27.479999542236328,27.610000610351562,27.329999923706055,27.399999618530273,23.359832763671875,52480800
"2018-04-12",27.610000610351562,28.059999465942383,27.59000015258789,27.8799991607666,23.769058227539062,63289100
"2018-04-13",28.219999313354492,28.239999771118164,27.309999465942383,27.459999084472656,23.41098976135254,70103900
"2018-04-16",27.6200008392334,27.780000686645508,27.5,27.579999923706055,23.513296127319336,44633600
"2018-04-17",27.81999969482422,27.850000381469727,27.479999542236328,27.579999923706055,23.513296127319336,50750100
"2018-04-18",27.649999618530273,27.760000228881836,27.389999389648438,27.450000762939453,23.4024600982666,66795500
"2018-04-19",27.5,27.93000030517578,27.479999542236328,27.8700008392334,23.760540008544922,76142000
"2018-04-20",27.920000076293945,28.040000915527344,27.760000228881836,27.8799991607666,23.769058227539062,49800400
"2018-04-23",27.959999084472656,27.989999771118164,27.760000228881836,27.850000381469727,23.743486404418945,45689200
"2018-04-24",28.0,28.170000076293945,27.479999542236328,27.670000076293945,23.590023040771484,69592900
"2018-04-25",27.639999389648438,27.790000915527344,27.3700008392334,27.649999618530273,23.57297134399414,51819000
"2018-04-26",27.6299991607666,27.809999465942383,27.520000457763672,27.65999984741211,23.581499099731445,33456200
"2018-04-27",27.610000610351562,27.770000457763672,27.56999969482422,27.700000762939453,23.6156063079834,47185200
"2018-04-30",27.770000457763672,27.920000076293945,27.440000534057617,27.450000762939453,23.4024600982666,41731400
"2018-05-01",27.389999389648438,27.479999542236328,27.170000076293945,27.459999084472656,23.41098976135254,46372400
"2018-05-02",27.360000610351562,27.469999313354492,27.110000610351562,27.149999618530273,23.14670181274414,45430300
"2018-05-03",27.020000457763672,27.059999465942383,26.459999084472656,26.920000076293945,22.95061492919922,68947900
"2018-05-04",26.760000228881836,27.420000076293945,26.670000076293945,27.270000457763672,23.249008178710938,40575600
"2018-05-07",27.3700008392334,27.559999465942383,27.260000228881836,27.450000762939453,23.4024600982666,36873600
"2018-05-08",27.469999313354492,27.829999923706055,27.459999084472656,27.639999389648438,23.564451217651367,47718500
"2018-05-09",27.770000457763672,28.1200008392334,27.670000076293945,28.049999237060547,23.913990020751953,43817000
"2018-05-10",28.0,28.34000015258789,27.959999084472656,28.280000686645508,24.110084533691406,41445500
"2018-05-11",28.299999237060547,28.450000762939453,28.200000762939453,28.260000228881836,24.093029022216797,25894000
"2018-05-14",28.34000015258789,28.389999389648438,28.190000534057617,28.239999771118164,24.075971603393555,31292900
"2018-05-15",28.200000762939453,28.34000015258789,28.079999923706055,28.190000534057617,24.03335189819336,54655800
"2018-05-16",28.15999984741211,28.31999969482422,28.100000381469727,28.239999771118164,24.075971603393555,31984900
"2018-05-17",28.209999084472656,28.280000686645508,28.0,28.18000030517578,24.02482032775879,45070400
"2018-05-18",28.18000030517578,28.190000534057617,27.940000534057617,27.950000762939453,23.8287410736084,33266100
"2018-05-21",28.110000610351562,28.260000228881836,28.100000381469727,28.149999618530273,23.99925422668457,29647900
"2018-05-22",28.170000076293945,28.5,28.170000076293945,28.34000015258789,24.16123390197754,52841400
"2018-05-23",28.149999618530273,28.239999771118164,27.860000610351562,28.15999984741211,24.007776260375977,44968500
"2018-05-24",28.06999969482422,28.09000015258789,27.65999984741211,27.940000534057617,23.82021141052246,43245200
"2018-05-25",27.809999465942383,27.899999618530273,27.719999313354492,27.850000381469727,23.743486404418945,39312500
"2018-05-29",27.459999084472656,27.5,26.719999313354492,26.920000076293945,22.95061492919922,126469700
"2018-05-30",27.18000030517578,27.520000457763672,27.110000610351562,27.40999984741211,23.368362426757812,65843700
"2018-05-31",27.350000381469727,27.389999389648438,27.100000381469727,27.18000030517578,23.172279357910156,66686900
"2018-06-01",27.510000228881836,27.6299991607666,27.399999618530273,27.479999542236328,23.42803382873535,62934300
"2018-06-04",27.610000610351562,27.670000076293945,27.520000457763672,27.56999969482422,23.504770278930664,44196900
"2018-06-05",27.479999542236328,27.520000457763672,27.309999465942383,27.450000762939453,23.4024600982666,44996800
"2018-06-06",27.610000610351562,27.969999313354492,27.579999923706055,27.950000762939453,23.8287410736084,61960000
"2018-06-07",28.06999969482422,28.18000030517578,27.850000381469727,28.040000915527344,23.905466079711914,65166100
"2018-06-08",28.010000228881836,28.110000610351562,27.860000610351562,28.079999923706055,23.93956756591797,47713400
"2018-06-11",28.170000076293945,28.270000457763672,28.020000457763672,28.020000457763672,23.888418197631836,47319600
"2018-06-12",28.100000381469727,28.170000076293945,27.809999465942383,27.950000762939453,23.8287410736084,55517200
"2018-06-13",27.959999084472656,28.18000030517578,27.81999969482422,27.850000381469727,23.743486404418945,61095800
"2018-06-14",27.899999618530273,27.950000762939453,27.510000228881836,27.59000015258789,23.521821975708008,70635500
"2018-06-15",27.299999237060547,27.559999465942383,27.110000610351562,27.469999313354492,23.520963668823242,63387600
"2018-06-18",27.229999542236328,27.459999084472656,27.139999389648438,27.420000076293945,23.4781551361084,49824600
"2018-06-19",27.139999389648438,27.420000076293945,27.1299991607666,27.350000381469727,23.418212890625,50214700
"2018-06-20",27.600000381469727,27.600000381469727,27.25,27.280000686645508,23.358274459838867,42833600
"2018-06-21",27.190000534057617,27.360000610351562,27.010000228881836,27.200000762939453,23.289777755737305,75190900
"2018-06-22",27.389999389648438,27.420000076293945,27.049999237060547,27.06999969482422,23.178464889526367,61389400
"2018-06-25",26.950000762939453,27.0,26.600000381469727,26.780000686645508,22.930158615112305,80746100
"2018-06-26",26.799999237060547,26.829999923706055,26.520000457763672,26.690000534057617,22.85309410095215,56387800
"2018-06-27",26.68000030517578,26.8799991607666,26.350000381469727,26.360000610351562,22.570539474487305,78099200
"2018-06-28",26.360000610351562,26.700000762939453,26.309999465942383,26.59000015258789,22.767475128173828,78544800
"2018-06-29",26.920000076293945,27.06999969482422,26.549999237060547,26.59000015258789,22.767475128173828,77149900
"2018-07-02",26.3700008392334,26.729999542236328,26.350000381469727,26.719999313354492,22.8787841796875,66202800
"2018-07-03",26.790000915527344,26.8700008392334,26.420000076293945,26.479999542236328,22.673290252685547,30717800
"2018-07-05",26.6200008392334,26.68000030517578,26.450000762939453,26.540000915527344,22.72466278076172,40668500
"2018-07-06",26.469999313354492,26.780000686645508,26.3700008392334,26.670000076293945,22.835969924926758,41285000
"2018-07-09",26.809999465942383,27.309999465942383,26.780000686645508,27.280000686645508,23.358274459838867,73447400
"2018-07-10",27.299999237060547,27.389999389648438,27.100000381469727,27.18000030517578,23.272655487060547,51260600
"2018-07-11",27.030000686645508,27.190000534057617,26.989999771118164,27.049999237060547,23.16134262084961,46023700
"2018-07-12",27.219999313354492,27.239999771118164,26.940000534057617,27.100000381469727,23.20415687561035,64876800
"2018-07-13",26.989999771118164,27.06999969482422,26.700000762939453,26.979999542236328,23.10140609741211,64146900
"2018-07-16",27.059999465942383,27.479999542236328,27.040000915527344,27.459999084472656,23.512399673461914,55812000
"2018-07-17",27.489999771118164,27.600000381469727,27.34000015258789,27.489999771118164,23.5380859375,55502200
"2018-07-18",27.600000381469727,27.979999542236328,27.559999465942383,27.93000030517578,23.91483497619629,59109200
"2018-07-19",27.790000915527344,27.799999237060547,27.469999313354492,27.510000228881836,23.55521583557129,61765100
"2018-07-20",27.459999084472656,27.639999389648438,27.360000610351562,27.559999465942383,23.598024368286133,51562300
"2018-07-23",27.559999465942383,27.979999542236328,27.549999237060547,27.940000534057617,23.92339324951172,81516200
"2018-07-24",28.049999237060547,28.190000534057617,27.950000762939453,28.020000457763672,23.991897583007812,63133700
"2018-07-25",28.0,28.1299991607666,27.850000381469727,28.079999923706055,24.04327392578125,44197200
"2018-07-26",28.149999618530273,28.260000228881836,28.040000915527344,28.06999969482422,24.034709930419922,40056800
"2018-07-27",28.059999465942383,28.270000457763672,27.969999313354492,28.1299991607666,24.08608055114746,63149400
"2018-07-30",28.149999618530273,28.360000610351562,28.110000610351562,28.149999618530273,24.103214263916016,56474100
"2018-07-31",28.229999542236328,28.239999771118164,27.889999389648438,27.950000762939453,23.931962966918945,84500100
"2018-08-01",28.1299991607666,28.270000457763672,27.8799991607666,27.950000762939453,23.931962966918945,64046900
"2018-08-02",27.770000457763672,28.010000228881836,27.68000030517578,27.959999084472656,23.940523147583008,38330700
"2018-08-03",27.920000076293945,28.1200008392334,27.920000076293945,28.1200008392334,24.07752227783203,34894300
"2018-08-06",28.15999984741211,28.34000015258789,28.100000381469727,28.270000457763672,24.205963134765625,38230100
"2018-08-07",28.350000381469727,28.559999465942383,28.329999923706055,28.399999618530273,24.317270278930664,44608600
"2018-08-08",28.360000610351562,28.520000457763672,28.34000015258789,28.469999313354492,24.377206802368164,47522000
"2018-08-09",28.399999618530273,28.469999313354492,28.299999237060547,28.299999237060547,24.231645584106445,29357800
"2018-08-10",27.93000030517578,28.06999969482422,27.829999923706055,27.969999313354492,23.949085235595703,83301400
"2018-08-13",27.969999313354492,28.040000915527344,27.690000534057617,27.700000762939453,23.71790313720703,74413500
"2018-08-14",27.799999237060547,28.010000228881836,27.719999313354492,27.959999084472656,23.940523147583008,43659000
"2018-08-15",27.729999542236328,27.8799991607666,27.610000610351562,27.739999771118164,23.752153396606445,55681100
"2018-08-16",27.8700008392334,28.190000534057617,27.8700008392334,28.110000610351562,24.068960189819336,49534200
"2018-08-17",28.030000686645508,28.209999084472656,28.030000686645508,28.170000076293945,24.120336532592773,43193100
"2018-08-20",28.170000076293945,28.309999465942383,28.1299991607666,28.260000228881836,24.197399139404297,30053700
"2018-08-21",28.280000686645508,28.510000228881836,28.219999313354492,28.3700008392334,24.291582107543945,47940000
"2018-08-22",28.25,28.3799991607666,28.229999542236328,28.270000457763672,24.205963134765625,27323300
"2018-08-23",28.260000228881836,28.290000915527344,28.100000381469727,28.139999389648438,24.094646453857422,31767800
"2018-08-24",28.25,28.299999237060547,28.190000534057617,28.239999771118164,24.18026351928711,22064500
"2018-08-27",28.350000381469727,28.719999313354492,28.34000015258789,28.6200008392334,24.505647659301758,52254500
"2018-08-28",28.700000762939453,28.719999313354492,28.540000915527344,28.59000015258789,24.47995376586914,28896800
"2018-08-29",28.59000015258789,28.65999984741211,28.440000534057617,28.579999923706055,24.471389770507812,34015300
"2018-08-30",28.450000762939453,28.559999465942383,28.309999465942383,28.360000610351562,24.283023834228516,43264100
"2018-08-31",28.260000228881836,28.350000381469727,28.170000076293945,28.329999923706055,24.25733757019043,34107800
"2018-09-04",28.270000457763672,28.5,28.200000762939453,28.469999313354492,24.377206802368164,43145600
"2018-09-05",28.450000762939453,28.639999389648438,28.43000030517578,28.489999771118164,24.39432716369629,32727700
"2018-09-06",28.450000762939453,28.530000686645508,28.270000457763672,28.360000610351562,24.283023834228516,38328900
"2018-09-07",28.420000076293945,28.440000534057617,28.209999084472656,28.329999923706055,24.25733757019043,43644300
"2018-09-10",28.399999618530273,28.440000534057617,28.270000457763672,28.299999237060547,24.231645584106445,29927200
"2018-09-11",28.219999313354492,28.40999984741211,28.1200008392334,28.329999923706055,24.25733757019043,32065200
"2018-09-12",28.329999923706055,28.389999389648438,28.049999237060547,28.06999969482422,24.034709930419922,47963400
"2018-09-13",28.139999389648438,28.280000686645508,27.969999313354492,28.030000686645508,24.00046157836914,44977100
"2018-09-14",28.06999969482422,28.260000228881836,28.059999465942383,28.229999542236328,24.171703338623047,34151000
"2018-09-17",28.229999542236328,28.309999465942383,28.079999923706055,28.110000610351562,24.068960189819336,26907900
"2018-09-18",28.18000030517578,28.280000686645508,28.059999465942383,28.25,24.188833236694336,36405600
"2018-09-19",28.229999542236328,28.81999969482422,28.229999542236328,28.729999542236328,24.599828720092773,75551800
"2018-09-20",28.940000534057617,29.06999969482422,28.8700008392334,28.979999542236328,24.81389045715332,78555500
"2018-09-21",28.950000762939453,29.0,28.700000762939453,28.739999771118164,24.717561721801758,64710000
"2018-09-24",28.709999084472656,28.75,28.399999618530273,28.420000076293945,24.44235610961914,47985100
"2018-09-25",28.530000686645508,28.549999237060547,28.299999237060547,28.309999465942383,24.34774398803711,32964400
"2018-09-26",28.350000381469727,28.389999389648438,27.899999618530273,27.969999313354492,24.055334091186523,60288100
"2018-09-27",28.0,28.100000381469727,27.84000015258789,27.8700008392334,23.969329833984375,57492200
"2018-09-28",27.760000228881836,27.770000457763672,27.540000915527344,27.579999923706055,23.71991729736328,66454900
"2018-10-01",27.739999771118164,27.889999389648438,27.600000381469727,27.690000534057617,23.81452178955078,49855000
"2018-10-02",27.649999618530273,27.739999771118164,27.469999313354492,27.690000534057617,23.81452178955078,47629500
"2018-10-03",27.8700008392334,28.06999969482422,27.790000915527344,27.950000762939453,24.038135528564453,79591400
"2018-10-04",27.940000534057617,28.350000381469727,27.920000076293945,28.139999389648438,24.201536178588867,94700800
"2018-10-05",28.209999084472656,28.309999465942383,27.93000030517578,28.0,24.08113670349121,58148700
"2018-10-08",27.920000076293945,28.280000686645508,27.899999618530273,28.190000534057617,24.244543075561523,56594900
"2018-10-09",28.059999465942383,28.200000762939453,27.8799991607666,28.079999923706055,24.149940490722656,47963500
"2018-10-10",28.06999969482422,28.139999389648438,27.209999084472656,27.209999084472656,23.40169906616211,101604400
"2018-10-11",27.049999237060547,27.219999313354492,26.31999969482422,26.399999618530273,22.70507049560547,178628200
"2018-10-12",26.8799991607666,26.920000076293945,26.030000686645508,26.43000030517578,22.730865478515625,137933000
"2018-10-15",26.440000534057617,26.6299991607666,26.309999465942383,26.309999465942383,22.627660751342773,82196400
"2018-10-16",26.489999771118164,26.770000457763672,26.309999465942383,26.75,23.00608253479004,75137300
"2018-10-17",26.690000534057617,27.190000534057617,26.559999465942383,27.020000457763672,23.23829460144043,79472100
"2018-10-18",26.8700008392334,27.06999969482422,26.489999771118164,26.56999969482422,22.851280212402344,81706000
"2018-10-19",26.549999237060547,26.8799991607666,26.420000076293945,26.670000076293945,22.937280654907227,73614300
"2018-10-22",26.700000762939453,26.760000228881836,26.100000381469727,26.100000381469727,22.447057723999023,58645800
"2018-10-23",25.56999969482422,26.040000915527344,25.420000076293945,25.889999389648438,22.266450881958008,93698200
"2018-10-24",25.850000381469727,25.850000381469727,25.139999389648438,25.239999771118164,21.70742416381836,98050700
"2018-10-25",25.360000610351562,25.84000015258789,25.329999923706055,25.6299991607666,22.04283332824707,72439400
"2018-10-26",25.31999969482422,25.520000457763672,25.020000457763672,25.260000228881836,21.724626541137695,115308900
"2018-10-29",25.56999969482422,25.93000030517578,25.209999084472656,25.479999542236328,21.91383171081543,97946100
"2018-10-30",25.6200008392334,25.940000534057617,25.440000534057617,25.920000076293945,22.292255401611328,82719100
"2018-10-31",26.170000076293945,26.610000610351562,26.1299991607666,26.280000686645508,22.60186767578125,93781100
"2018-11-01",26.350000381469727,26.510000228881836,26.219999313354492,26.399999618530273,22.70507049560547,62346600
"2018-11-02",26.65999984741211,26.809999465942383,26.18000030517578,26.3799991607666,22.687868118286133,73034200
"2018-11-05",26.489999771118164,26.8799991607666,26.489999771118164,26.799999237060547,23.04908561706543,58705800
"2018-11-06",26.780000686645508,26.940000534057617,26.649999618530273,26.940000534057617,23.169496536254883,51010900
"2018-11-07",27.09000015258789,27.31999969482422,26.81999969482422,27.290000915527344,23.470508575439453,59990800
"2018-11-08",27.1299991607666,27.520000457763672,27.040000915527344,27.3700008392334,23.539310455322266,46730100
"2018-11-09",27.299999237060547,27.3799991607666,26.979999542236328,27.1200008392334,23.324298858642578,47051200
"2018-11-12",27.059999465942383,27.18000030517578,26.530000686645508,26.579999923706055,22.85987663269043,47135500
"2018-11-13",26.6200008392334,26.989999771118164,26.600000381469727,26.729999542236328,22.988882064819336,69820600
"2018-11-14",26.940000534057617,26.979999542236328,26.079999923706055,26.3700008392334,22.679269790649414,104274200
"2018-11-15",26.190000534057617,26.780000686645508,26.030000686645508,26.760000228881836,23.01468276977539,93998000
"2018-11-16",26.6200008392334,26.90999984741211,26.469999313354492,26.790000915527344,23.040483474731445,80518300
"2018-11-19",26.770000457763672,26.899999618530273,26.540000915527344,26.780000686645508,23.03188705444336,65491300
"2018-11-20",26.469999313354492,26.579999923706055,26.110000610351562,26.190000534057617,22.524456024169922,103778300
"2018-11-21",26.34000015258789,26.59000015258789,26.1299991607666,26.209999084472656,22.541656494140625,48618000
"2018-11-23",26.06999969482422,26.219999313354492,25.93000030517578,26.0,22.361051559448242,24252300
"2018-11-26",26.270000457763672,26.6299991607666,26.260000228881836,26.530000686645508,22.81687355041504,50168800
"2018-11-27",26.479999542236328,26.6299991607666,26.420000076293945,26.549999237060547,22.834074020385742,47174300
"2018-11-28",26.6299991607666,27.059999465942383,26.399999618530273,27.059999465942383,23.272695541381836,61375300
"2018-11-29",26.860000610351562,27.010000228881836,26.719999313354492,26.829999923706055,23.074886322021484,43664100
"2018-11-30",26.75,27.079999923706055,26.709999084472656,26.969999313354492,23.19528579711914,45435200
"2018-12-03",27.360000610351562,27.469999313354492,26.950000762939453,27.139999389648438,23.34149742126465,65332700
"2018-12-04",27.0,27.010000228881836,25.829999923706055,25.959999084472656,22.326650619506836,110918600
"2018-12-06",25.3799991607666,25.610000610351562,24.93000030517578,25.600000381469727,22.01703643798828,134687100
"2018-12-07",25.540000915527344,25.899999618530273,24.989999771118164,25.110000610351562,21.59561538696289,86740000
"2018-12-10",25.010000228881836,25.079999923706055,24.299999237060547,24.760000228881836,21.294601440429688,101121800
"2018-12-11",25.06999969482422,25.219999313354492,24.43000030517578,24.520000457763672,21.08819580078125,92308200
"2018-12-12",24.860000610351562,25.020000457763672,24.540000915527344,24.65999984741211,21.20859718322754,86748900
"2018-12-13",24.649999618530273,24.780000686645508,24.389999389648438,24.479999542236328,21.053796768188477,67232900
"2018-12-14",24.239999771118164,24.579999923706055,24.190000534057617,24.239999771118164,20.847381591796875,66817000
"2018-12-17",24.100000381469727,24.469999313354492,23.889999389648438,24.0,20.640966415405273,101180400
"2018-12-18",24.139999389648438,24.399999618530273,23.760000228881836,23.90999984741211,20.56357192993164,90844000
"2018-12-19",23.860000610351562,24.389999389648438,23.420000076293945,23.610000610351562,20.305553436279297,129331700
"2018-12-20",23.3799991607666,23.75,23.270000457763672,23.399999618530273,20.12494468688965,107016900
"2018-12-21",23.229999542236328,23.670000076293945,22.739999771118164,22.790000915527344,19.722537994384766,118502300
"2018-12-24",22.489999771118164,22.75,22.280000686645508,22.309999465942383,19.307144165039062,71752700
"2018-12-26",22.3700008392334,23.329999923706055,22.049999237060547,23.31999969482422,20.18120002746582,108133500
"2018-12-27",22.93000030517578,23.600000381469727,22.709999084472656,23.600000381469727,20.423513412475586,98005000
"2018-12-28",23.709999084472656,23.899999618530273,23.489999771118164,23.59000015258789,20.41485595703125,76348400
"2018-12-31",23.719999313354492,23.920000076293945,23.520000457763672,23.81999969482422,20.613901138305664,56435400
"2019-01-02",23.469999313354492,24.06999969482422,23.399999618530273,24.020000457763672,20.786985397338867,62945000
"2019-01-03",23.84000015258789,23.899999618530273,23.420000076293945,23.479999542236328,20.31966209411621,65729700
"2019-01-04",23.8799991607666,24.309999465942383,23.81999969482422,24.260000228881836,20.994678497314453,64638400
"2019-01-07",24.209999084472656,24.510000228881836,24.059999465942383,24.290000915527344,21.02063751220703,48167000
"2019-01-08",24.510000228881836,24.549999237060547,24.030000686645508,24.309999465942383,21.037948608398438,90114700
"2019-01-09",24.3700008392334,24.520000457763672,24.200000762939453,24.43000030517578,21.141794204711914,61037100
"2019-01-10",24.290000915527344,24.520000457763672,24.209999084472656,24.440000534057617,21.150453567504883,48630500
"2019-01-11",24.31999969482422,24.549999237060547,24.18000030517578,24.5,21.20237922668457,44961600
"2019-01-14",24.260000228881836,24.75,24.229999542236328,24.670000076293945,21.3494930267334,50610600
"2019-01-15",24.56999969482422,24.93000030517578,24.5,24.889999389648438,21.539880752563477,59156500
"2019-01-16",25.18000030517578,25.56999969482422,25.110000610351562,25.420000076293945,21.998544692993164,72982400
"2019-01-17",25.31999969482422,25.649999618530273,25.170000076293945,25.559999465942383,22.11970329284668,55771300
"2019-01-18",25.739999771118164,26.030000686645508,25.530000686645508,26.0,22.500478744506836,58400200
"2019-01-22",25.780000686645508,25.90999984741211,25.56999969482422,25.700000762939453,22.240856170654297,79651700
"2019-01-23",25.799999237060547,25.829999923706055,25.440000534057617,25.729999542236328,22.266813278198242,44072000
"2019-01-24",25.639999389648438,25.860000610351562,25.559999465942383,25.790000915527344,22.318748474121094,25496900
"2019-01-25",25.969999313354492,26.170000076293945,25.899999618530273,26.0,22.500478744506836,63140000
"2019-01-28",25.75,25.950000762939453,25.709999084472656,25.920000076293945,22.431251525878906,66894900
"2019-01-29",25.90999984741211,26.010000228881836,25.81999969482422,25.829999923706055,22.353355407714844,29442100
"2019-01-30",25.90999984741211,26.139999389648438,25.729999542236328,25.979999542236328,22.483169555664062,62076800
"2019-01-31",25.760000228881836,25.979999542236328,25.719999313354492,25.940000534057617,22.44855308532715,64021500
"2019-02-01",25.979999542236328,26.170000076293945,25.950000762939453,26.049999237060547,22.543746948242188,42920300
"2019-02-04",26.059999465942383,26.170000076293945,25.920000076293945,26.15999984741211,22.638946533203125,30362500
"2019-02-05",26.209999084472656,26.229999542236328,25.989999771118164,26.09000015258789,22.5783634185791,39094900
"2019-02-06",26.010000228881836,26.200000762939453,25.969999313354492,26.059999465942383,22.55240249633789,51542800
"2019-02-07",25.979999542236328,26.049999237060547,25.59000015258789,25.799999237060547,22.3273983001709,80395700
"2019-02-08",25.65999984741211,25.780000686645508,25.34000015258789,25.670000076293945,22.21489715576172,54911100
"2019-02-11",25.75,25.799999237060547,25.6200008392334,25.75,22.28412437438965,53115700
"2019-02-12",25.940000534057617,26.229999542236328,25.93000030517578,26.1299991607666,22.612977981567383,37671300
"2019-02-13",26.25,26.43000030517578,26.190000534057617,26.200000762939453,22.67356300354004,42969600
"2019-02-14",26.0,26.079999923706055,25.729999542236328,25.8799991607666,22.396629333496094,47630100
"2019-02-15",26.09000015258789,26.43000030517578,25.8799991607666,26.43000030517578,22.87259864807129,46880800
"2019-02-19",26.299999237060547,26.549999237060547,26.219999313354492,26.469999313354492,22.907217025756836,23868300
"2019-02-20",26.459999084472656,26.649999618530273,26.399999618530273,26.639999389648438,23.054340362548828,27509100
"2019-02-21",26.59000015258789,26.68000030517578,26.40999984741211,26.5,22.933176040649414,46619900
"2019-02-22",26.5,26.579999923706055,26.360000610351562,26.459999084472656,22.8985595703125,26343700
"2019-02-25",26.579999923706055,26.81999969482422,26.540000915527344,26.56999969482422,22.993759155273438,33835900
"2019-02-26",26.3799991607666,26.690000534057617,26.360000610351562,26.489999771118164,22.92452621459961,35659700
"2019-02-27",26.440000534057617,26.639999389648438,26.40999984741211,26.59000015258789,23.011072158813477,42542400
"2019-02-28",26.600000381469727,26.649999618530273,26.510000228881836,26.520000457763672,22.95049285888672,39835900
"2019-03-01",26.75,26.940000534057617,26.610000610351562,26.690000534057617,23.097606658935547,82657300
"2019-03-04",26.760000228881836,26.940000534057617,26.299999237060547,26.520000457763672,22.95049285888672,76611900
"2019-03-05",26.56999969482422,26.579999923706055,26.219999313354492,26.420000076293945,22.86394691467285,39868100
"2019-03-06",26.420000076293945,26.510000228881836,26.229999542236328,26.25,22.71682357788086,43158900
"2019-03-07",26.149999618530273,26.149999618530273,25.829999923706055,25.979999542236328,22.483169555664062,62622100
"2019-03-08",25.690000534057617,25.989999771118164,25.68000030517578,25.969999313354492,22.474517822265625,55826400
"2019-03-11",26.100000381469727,26.31999969482422,25.979999542236328,26.239999771118164,22.708173751831055,63343500
"2019-03-12",26.280000686645508,26.389999389648438,26.239999771118164,26.299999237060547,22.76009750366211,32521100
"2019-03-13",26.399999618530273,26.579999923706055,26.31999969482422,26.479999542236328,22.91588020324707,42817500
"2019-03-14",26.440000534057617,26.68000030517578,26.43000030517578,26.579999923706055,23.002412796020508,37665700
"2019-03-15",26.450000762939453,26.709999084472656,26.43000030517578,26.6299991607666,23.163331985473633,70020400
"2019-03-18",26.68000030517578,26.979999542236328,26.68000030517578,26.899999618530273,23.398181915283203,43980700
"2019-03-19",27.049999237060547,27.100000381469727,26.6200008392334,26.690000534057617,23.21552085876465,45029300
"2019-03-20",26.6299991607666,26.639999389648438,26.110000610351562,26.139999389648438,22.737117767333984,65860300
"2019-03-21",25.959999084472656,26.170000076293945,25.780000686645508,26.059999465942383,22.667526245117188,104914100
"2019-03-22",25.75,25.889999389648438,25.229999542236328,25.34000015258789,22.041263580322266,121855900
"2019-03-25",25.309999465942383,25.530000686645508,25.079999923706055,25.229999542236328,21.94558334350586,72835600
"2019-03-26",25.43000030517578,25.59000015258789,25.280000686645508,25.530000686645508,22.206525802612305,51171500
"2019-03-27",25.469999313354492,25.600000381469727,25.299999237060547,25.420000076293945,22.11085319519043,73148100
"2019-03-28",25.469999313354492,25.649999618530273,25.350000381469727,25.639999389648438,22.30220603942871,52089300
"2019-03-29",25.860000610351562,25.8799991607666,25.610000610351562,25.709999084472656,22.363094329833984,50234400
"2019-04-01",25.920000076293945,26.360000610351562,25.90999984741211,26.34000015258789,22.911081314086914,62485300
"2019-04-02",26.270000457763672,26.459999084472656,26.229999542236328,26.31999969482422,22.893688201904297,41002400
"2019-04-03",26.5,26.6200008392334,26.290000915527344,26.399999618530273,22.963272094726562,52030900
"2019-04-04",26.399999618530273,26.670000076293945,26.399999618530273,26.559999465942383,23.102445602416992,54378900
"2019-04-05",26.610000610351562,26.700000762939453,26.520000457763672,26.600000381469727,23.137235641479492,37088800
"2019-04-08",26.530000686645508,26.639999389648438,26.469999313354492,26.6299991607666,23.163331985473633,34998000
"2019-04-09",26.510000228881836,26.510000228881836,26.290000915527344,26.40999984741211,22.971965789794922,65954800
"2019-04-10",26.40999984741211,26.530000686645508,26.280000686645508,26.489999771118164,23.041553497314453,48232700
"2019-04-11",26.59000015258789,26.75,26.510000228881836,26.649999618530273,23.18073081970215,62205000
"2019-04-12",27.040000915527344,27.329999923706055,26.899999618530273,27.139999389648438,23.6069393157959,84627600
"2019-04-15",27.149999618530273,27.15999984741211,26.90999984741211,26.969999313354492,23.45906639099121,40030400
"2019-04-16",27.030000686645508,27.3799991607666,27.010000228881836,27.350000381469727,23.78960418701172,56093400
"2019-04-17",27.450000762939453,27.459999084472656,27.200000762939453,27.420000076293945,23.850488662719727,58834000
"2019-04-18",27.3700008392334,27.450000762939453,27.299999237060547,27.34000015258789,23.78089714050293,52495700
"2019-04-22",27.260000228881836,27.34000015258789,27.170000076293945,27.260000228881836,23.71131706237793,39324100
"2019-04-23",27.25,27.459999084472656,27.139999389648438,27.43000030517578,23.85918617248535,54250300
"2019-04-24",27.34000015258789,27.520000457763672,27.280000686645508,27.399999618530273,23.833091735839844,39505200
"2019-04-25",27.270000457763672,27.559999465942383,27.200000762939453,27.450000762939453,23.8765811920166,44532300
"2019-04-26",27.450000762939453,27.719999313354492,27.40999984741211,27.700000762939453,24.094043731689453,41527900
"2019-04-29",27.799999237060547,28.1299991607666,27.729999542236328,27.979999542236328,24.337587356567383,61643200
"2019-04-30",28.020000457763672,28.059999465942383,27.780000686645508,28.020000457763672,24.37238883972168,38800300
"2019-05-01",28.049999237060547,28.139999389648438,27.770000457763672,27.790000915527344,24.172327041625977,67969500
"2019-05-02",27.770000457763672,27.950000762939453,27.6200008392334,27.81999969482422,24.198423385620117,50972900
"2019-05-03",27.940000534057617,28.1200008392334,27.889999389648438,28.06999969482422,24.41587257385254,34598900
"2019-05-06",27.579999923706055,27.979999542236328,27.530000686645508,27.8799991607666,24.250612258911133,42517000
"2019-05-07",27.6200008392334,27.889999389648438,27.229999542236328,27.420000076293945,23.850488662719727,60090800
"2019-05-08",27.309999465942383,27.59000015258789,27.239999771118164,27.360000610351562,23.798301696777344,44254200
"2019-05-09",27.030000686645508,27.360000610351562,26.899999618530273,27.299999237060547,23.746109008789062,56468300
"2019-05-10",27.149999618530273,27.530000686645508,26.90999984741211,27.479999542236328,23.902677536010742,63453600
"2019-05-13",26.93000030517578,26.989999771118164,26.59000015258789,26.68000030517578,23.206817626953125,54962500
"2019-05-14",26.739999771118164,27.1200008392334,26.709999084472656,26.889999389648438,23.389484405517578,52398400
"2019-05-15",26.6200008392334,26.920000076293945,26.520000457763672,26.790000915527344,23.302499771118164,49061700
"2019-05-16",26.8799991607666,27.209999084472656,26.860000610351562,27.059999465942383,23.537351608276367,44872600
"2019-05-17",26.790000915527344,27.139999389648438,26.75,26.8799991607666,23.380783081054688,62711500
"2019-05-20",26.780000686645508,27.030000686645508,26.780000686645508,26.90999984741211,23.406883239746094,44357300
"2019-05-21",27.020000457763672,27.190000534057617,27.020000457763672,27.190000534057617,23.650432586669922,36851400
"2019-05-22",27.049999237060547,27.110000610351562,26.950000762939453,27.030000686645508,23.511259078979492,25867600
"2019-05-23",26.770000457763672,26.780000686645508,26.420000076293945,26.649999618530273,23.18073081970215,51832900
"2019-05-24",26.75,26.8700008392334,26.670000076293945,26.860000610351562,23.363388061523438,30582000
"2019-05-28",26.780000686645508,26.860000610351562,26.549999237060547,26.549999237060547,23.093740463256836,35177700
"2019-05-29",26.34000015258789,26.549999237060547,26.219999313354492,26.5,23.05025291442871,39700600
"2019-05-30",26.559999465942383,26.709999084472656,26.280000686645508,26.40999984741211,22.971965789794922,40641200
"2019-05-31",26.06999969482422,26.200000762939453,25.989999771118164,26.010000228881836,22.624040603637695,49259200
"2019-06-03",25.969999313354492,26.290000915527344,25.920000076293945,26.18000030517578,22.771915435791016,63329300
"2019-06-04",26.5,26.920000076293945,26.43000030517578,26.889999389648438,23.389484405517578,45454400
"2019-06-05",26.940000534057617,27.079999923706055,26.709999084472656,27.059999465942383,23.537351608276367,46599700
"2019-06-06",27.06999969482422,27.270000457763672,26.920000076293945,27.15999984741211,23.624338150024414,37297600
"2019-06-07",27.15999984741211,27.25,27.079999923706055,27.1200008392334,23.589542388916016,33054800
"2019-06-10",27.280000686645508,27.549999237060547,27.280000686645508,27.350000381469727,23.78960418701172,37081400
"2019-06-11",27.5,27.610000610351562,27.280000686645508,27.360000610351562,23.798301696777344,34273400
"2019-06-12",27.329999923706055,27.3799991607666,27.030000686645508,27.09000015258789,23.563447952270508,36866000
"2019-06-13",27.139999389648438,27.270000457763672,27.06999969482422,27.18000030517578,23.6417293548584,31020000
"2019-06-14",27.209999084472656,27.329999923706055,27.0,27.239999771118164,23.69392204284668,29724100
"2019-06-17",27.229999542236328,27.309999465942383,26.959999084472656,26.989999771118164,23.476465225219727,40981600
"2019-06-18",26.93000030517578,27.459999084472656,26.93000030517578,27.350000381469727,23.78960418701172,46237400
"2019-06-19",27.399999618530273,27.59000015258789,27.270000457763672,27.299999237060547,23.746109008789062,58118500
"2019-06-20",27.450000762939453,27.530000686645508,27.1200008392334,27.420000076293945,23.850488662719727,50583800
"2019-06-21",27.299999237060547,27.479999542236328,27.18000030517578,27.219999313354492,23.79715919494629,65322300
"2019-06-24",27.170000076293945,27.360000610351562,27.079999923706055,27.110000610351562,23.700990676879883,48377800
"2019-06-25",27.110000610351562,27.149999618530273,26.889999389648438,27.020000457763672,23.62230682373047,47748500
"2019-06-26",27.079999923706055,27.209999084472656,26.959999084472656,26.969999313354492,23.578596115112305,31448000
"2019-06-27",27.06999969482422,27.290000915527344,27.06999969482422,27.209999084472656,23.788415908813477,59459800
"2019-06-28",27.530000686645508,27.700000762939453,27.239999771118164,27.600000381469727,24.129377365112305,76728100
"2019-07-01",27.920000076293945,28.049999237060547,27.780000686645508,27.93000030517578,24.417879104614258,48971100
"2019-07-02",27.889999389648438,27.979999542236328,27.709999084472656,27.860000610351562,24.3566837310791,56626800
"2019-07-03",27.950000762939453,28.09000015258789,27.8700008392334,28.079999923706055,24.54901695251465,23706800
"2019-07-05",28.170000076293945,28.270000457763672,28.030000686645508,28.15999984741211,24.618955612182617,40683100
"2019-07-08",28.010000228881836,28.1299991607666,27.940000534057617,28.020000457763672,24.496564865112305,26286700
"2019-07-09",27.829999923706055,28.1200008392334,27.809999465942383,28.06999969482422,24.54027557373047,25895800
"2019-07-10",28.079999923706055,28.229999542236328,27.93000030517578,27.969999313354492,24.452848434448242,36566700
"2019-07-11",28.010000228881836,28.170000076293945,27.959999084472656,28.1299991607666,24.592729568481445,40907500
"2019-07-12",28.170000076293945,28.31999969482422,28.100000381469727,28.31999969482422,24.758832931518555,31109900
"2019-07-15",28.329999923706055,28.350000381469727,28.079999923706055,28.15999984741211,24.618955612182617,28346100
"2019-07-16",28.209999084472656,28.260000228881836,28.030000686645508,28.09000015258789,24.557762145996094,47287700
"2019-07-17",27.989999771118164,28.079999923706055,27.809999465942383,27.850000381469727,24.347946166992188,35062600
"2019-07-18",27.809999465942383,28.110000610351562,27.780000686645508,28.059999465942383,24.531530380249023,46369800
"2019-07-19",28.1299991607666,28.18000030517578,27.920000076293945,27.940000534057617,24.426620483398438,29338500
"2019-07-22",27.8799991607666,28.049999237060547,27.829999923706055,28.0,24.47907257080078,26683300
"2019-07-23",28.06999969482422,28.329999923706055,28.059999465942383,28.290000915527344,24.732606887817383,45307600
"2019-07-24",28.229999542236328,28.579999923706055,28.209999084472656,28.579999923706055,24.98613929748535,36374200
"2019-07-25",28.56999969482422,28.610000610351562,28.31999969482422,28.3799991607666,24.811294555664062,34180400
"2019-07-26",28.440000534057617,28.709999084472656,28.3799991607666,28.690000534057617,25.082313537597656,33642800
"2019-07-29",28.639999389648438,28.719999313354492,28.440000534057617,28.469999313354492,24.889972686767578,35955100
"2019-07-30",28.25,28.420000076293945,28.190000534057617,28.389999389648438,24.820035934448242,30726100
"2019-07-31",28.389999389648438,28.530000686645508,28.200000762939453,28.25,24.69763946533203,64485400
"2019-08-01",28.229999542236328,28.420000076293945,27.56999969482422,27.610000610351562,24.138118743896484,107976300
"2019-08-02",27.559999465942383,27.739999771118164,27.229999542236328,27.600000381469727,24.129377365112305,66036400
"2019-08-05",26.989999771118164,27.1200008392334,26.479999542236328,26.68000030517578,23.32505989074707,85527900
"2019-08-06",26.850000381469727,27.1299991607666,26.59000015258789,27.110000610351562,23.700990676879883,53445000
"2019-08-07",26.600000381469727,26.8700008392334,26.239999771118164,26.75,23.386268615722656,82354600
"2019-08-08",27.010000228881836,27.270000457763672,26.8799991607666,27.260000228881836,23.832130432128906,66653200
"2019-08-09",27.110000610351562,27.309999465942383,26.899999618530273,27.170000076293945,23.753448486328125,53782700
"2019-08-12",26.850000381469727,26.950000762939453,26.56999969482422,26.649999618530273,23.298837661743164,56837600
"2019-08-13",26.600000381469727,27.170000076293945,26.5,26.979999542236328,23.58734130859375,72255900
"2019-08-14",26.3799991607666,26.520000457763672,25.959999084472656,25.979999542236328,22.71308708190918,92067300
"2019-08-15",26.110000610351562,26.280000686645508,25.920000076293945,26.110000610351562,22.826745986938477,59504500
"2019-08-16",26.239999771118164,26.639999389648438,26.239999771118164,26.56999969482422,23.228897094726562,48451800
"2019-08-19",26.979999542236328,27.030000686645508,26.790000915527344,26.84000015258789,23.464937210083008,38297700
"2019-08-20",26.690000534057617,26.739999771118164,26.450000762939453,26.479999542236328,23.150217056274414,40579300
"2019-08-21",26.649999618530273,26.690000534057617,26.530000686645508,26.600000381469727,23.255126953125,44913500
"2019-08-22",26.739999771118164,26.850000381469727,26.56999969482422,26.780000686645508,23.41248893737793,43896700
"2019-08-23",26.59000015258789,26.790000915527344,25.920000076293945,26.100000381469727,22.817996978759766,86245300
"2019-08-26",26.270000457763672,26.3700008392334,26.110000610351562,26.350000381469727,23.03655433654785,34175500
"2019-08-27",26.450000762939453,26.530000686645508,26.030000686645508,26.190000534057617,22.896682739257812,54240800
"2019-08-28",26.049999237060547,26.469999313354492,26.030000686645508,26.43000030517578,23.106502532958984,51870400
"2019-08-29",26.670000076293945,26.920000076293945,26.6200008392334,26.829999923706055,23.456199645996094,49818300
"2019-08-30",26.979999542236328,27.059999465942383,26.81999969482422,26.920000076293945,23.534881591796875,40561000
"2019-09-03",26.700000762939453,26.729999542236328,26.40999984741211,26.639999389648438,23.290088653564453,59997200
"2019-09-04",26.84000015258789,26.950000762939453,26.780000686645508,26.899999618530273,23.517396926879883,43945700
"2019-09-05",27.280000686645508,27.68000030517578,27.270000457763672,27.450000762939453,23.99823570251465,68639200
"2019-09-06",27.479999542236328,27.559999465942383,27.34000015258789,27.440000534057617,23.989498138427734,35660800
"2019-09-09",27.6299991607666,27.969999313354492,27.56999969482422,27.860000610351562,24.3566837310791,67797700
"2019-09-10",27.950000762939453,28.079999923706055,27.700000762939453,27.959999084472656,24.444101333618164,77540100
"2019-09-11",27.979999542236328,28.149999618530273,27.729999542236328,28.1200008392334,24.583986282348633,53285900
"2019-09-12",28.040000915527344,28.3799991607666,27.950000762939453,28.270000457763672,24.715124130249023,72872200
"2019-09-13",28.489999771118164,28.600000381469727,28.360000610351562,28.489999771118164,24.907461166381836,56248700
"2019-09-16",28.25,28.43000030517578,28.209999084472656,28.389999389648438,24.820035934448242,36693600
"2019-09-17",28.290000915527344,28.420000076293945,28.190000534057617,28.420000076293945,24.846263885498047,40868800
"2019-09-18",28.309999465942383,28.59000015258789,28.229999542236328,28.520000457763672,24.933687210083008,57268900
"2019-09-19",28.5,28.670000076293945,28.3799991607666,28.389999389648438,24.820035934448242,42335000
"2019-09-20",28.290000915527344,28.399999618530273,28.059999465942383,28.079999923706055,24.674169540405273,82921100
"2019-09-23",27.940000534057617,28.209999084472656,27.889999389648438,28.1299991607666,24.718103408813477,35827300
"2019-09-24",28.209999084472656,28.270000457763672,27.780000686645508,27.860000610351562,24.480854034423828,61659700
"2019-09-25",27.920000076293945,28.139999389648438,27.809999465942383,28.09000015258789,24.682958602905273,53544400
"2019-09-26",28.049999237060547,28.079999923706055,27.920000076293945,27.959999084472656,24.5687198638916,53107500
"2019-09-27",28.190000534057617,28.290000915527344,27.920000076293945,28.06999969482422,24.665386199951172,73386900
"2019-09-30",28.139999389648438,28.170000076293945,27.979999542236328,28.0,24.60386848449707,30608000
"2019-10-01",28.1299991607666,28.149999618530273,27.40999984741211,27.40999984741211,24.08543586730957,54786200
"2019-10-02",27.239999771118164,27.25,26.790000915527344,26.850000381469727,23.593360900878906,78141700
"2019-10-03",26.809999465942383,26.959999084472656,26.450000762939453,26.959999084472656,23.690017700195312,81128700
"2019-10-04",26.989999771118164,27.479999542236328,26.969999313354492,27.459999084472656,24.12936782836914,40697200
"2019-10-07",27.350000381469727,27.56999969482422,27.290000915527344,27.31999969482422,24.0063533782959,36922900
"2019-10-08",27.049999237060547,27.059999465942383,26.760000228881836,26.780000686645508,23.531848907470703,60008900
"2019-10-09",26.950000762939453,27.15999984741211,26.93000030517578,27.030000686645508,23.751527786254883,45131000
"2019-10-10",27.100000381469727,27.510000228881836,27.100000381469727,27.309999465942383,23.9975643157959,54305400
"2019-10-11",27.739999771118164,27.989999771118164,27.639999389648438,27.649999618530273,24.29631996154785,78702500
"2019-10-14",27.559999465942383,27.75,27.530000686645508,27.690000534057617,24.331472396850586,35821000
"2019-10-15",27.850000381469727,28.260000228881836,27.739999771118164,28.09000015258789,24.682958602905273,65130200
"2019-10-16",28.09000015258789,28.15999984741211,27.950000762939453,28.020000457763672,24.62145233154297,44595200
"2019-10-17",28.170000076293945,28.25,27.969999313354492,28.040000915527344,24.639020919799805,32013600
"2019-10-18",27.959999084472656,28.219999313354492,27.959999084472656,28.110000610351562,24.700536727905273,40523700
"2019-10-21",28.350000381469727,28.540000915527344,28.34000015258789,28.5,25.04322624206543,44145400
"2019-10-22",28.450000762939453,28.610000610351562,28.329999923706055,28.420000076293945,24.97293472290039,50423000
"2019-10-23",28.360000610351562,28.540000915527344,28.350000381469727,28.540000915527344,25.07837677001953,30615400
"2019-10-24",28.56999969482422,28.6200008392334,28.389999389648438,28.5,25.04322624206543,33469600
"2019-10-25",28.469999313354492,28.729999542236328,28.229999542236328,28.639999389648438,25.166248321533203,28330200
"2019-10-28",28.75,28.920000076293945,28.739999771118164,28.790000915527344,25.29804801940918,50104600
"2019-10-29",28.729999542236328,29.0,28.700000762939453,28.860000610351562,25.35956382751465,48458100
"2019-10-30",28.860000610351562,28.920000076293945,28.639999389648438,28.84000015258789,25.341989517211914,51106700
"2019-10-31",28.739999771118164,28.75,28.469999313354492,28.700000762939453,25.218969345092773,56795500
"2019-11-01",28.920000076293945,29.149999618530273,28.860000610351562,29.1200008392334,25.588027954101562,42302300
"2019-11-04",29.3700008392334,29.420000076293945,29.290000915527344,29.3700008392334,25.807706832885742,37319100
"2019-11-05",29.459999084472656,29.6200008392334,29.40999984741211,29.479999542236328,25.904361724853516,39516100
"2019-11-06",29.459999084472656,29.6299991607666,29.420000076293945,29.6299991607666,26.036176681518555,40179900
"2019-11-07",29.809999465942383,30.030000686645508,29.739999771118164,29.850000381469727,26.2294864654541,61738600
"2019-11-08",29.81999969482422,29.850000381469727,29.639999389648438,29.84000015258789,26.220703125,53808800
"2019-11-11",29.65999984741211,29.81999969482422,29.6200008392334,29.760000228881836,26.15040397644043,19702400
"2019-11-12",29.770000457763672,29.889999389648438,29.690000534057617,29.799999237060547,26.185550689697266,44640600
"2019-11-13",29.56999969482422,29.709999084472656,29.450000762939453,29.610000610351562,26.018596649169922,43495400
"2019-11-14",29.530000686645508,29.670000076293945,29.469999313354492,29.670000076293945,26.071317672729492,46158400
"2019-11-15",29.770000457763672,29.799999237060547,29.65999984741211,29.75,26.141613006591797,30097000
"2019-11-18",29.75,29.81999969482422,29.65999984741211,29.809999465942383,26.194337844848633,25440500
"2019-11-19",29.8799991607666,29.969999313354492,29.790000915527344,29.8700008392334,26.2470645904541,30770900
"2019-11-20",29.75,29.809999465942383,29.520000457763672,29.729999542236328,26.124042510986328,46719500
"2019-11-21",29.790000915527344,29.84000015258789,29.600000381469727,29.700000762939453,26.09768295288086,37192700
"2019-11-22",29.739999771118164,29.950000762939453,29.739999771118164,29.920000076293945,26.290998458862305,35195000
"2019-11-25",29.959999084472656,30.149999618530273,29.950000762939453,30.110000610351562,26.45794677734375,50094100
"2019-11-26",30.110000610351562,30.110000610351562,29.93000030517578,30.079999923706055,26.43159294128418,33516200
"2019-11-27",30.15999984741211,30.209999084472656,30.059999465942383,30.200000762939453,26.537033081054688,31012300
"2019-11-29",30.139999389648438,30.239999771118164,30.09000015258789,30.149999618530273,26.493101119995117,19444200
"2019-12-02",30.200000762939453,30.260000228881836,29.93000030517578,29.959999084472656,26.326147079467773,52427800
"2019-12-03",29.610000610351562,29.6200008392334,29.350000381469727,29.540000915527344,25.957088470458984,66912000
"2019-12-04",29.56999969482422,29.899999618530273,29.549999237060547,29.81999969482422,26.203121185302734,41793900
"2019-12-05",29.940000534057617,30.010000228881836,29.829999923706055,29.959999084472656,26.326147079467773,44933500
"2019-12-06",30.290000915527344,30.459999084472656,30.280000686645508,30.360000610351562,26.677627563476562,40811300
"2019-12-09",30.299999237060547,30.420000076293945,30.280000686645508,30.290000915527344,26.616121292114258,21627500
"2019-12-10",30.209999084472656,30.360000610351562,30.1299991607666,30.299999237060547,26.624906539916992,37362100
"2019-12-11",30.290000915527344,30.34000015258789,30.200000762939453,30.229999542236328,26.563396453857422,24490200
"2019-12-12",30.270000457763672,30.90999984741211,30.25,30.81999969482422,27.081830978393555,68427500
"2019-12-13",30.790000915527344,30.969999313354492,30.530000686645508,30.709999084472656,26.98517417907715,48135700
"2019-12-16",30.959999084472656,31.020000457763672,30.790000915527344,30.81999969482422,27.081830978393555,45914900
"2019-12-17",30.84000015258789,31.040000915527344,30.829999923706055,30.940000534057617,27.187280654907227,30911900
"2019-12-18",31.040000915527344,31.040000915527344,30.809999465942383,30.809999465942383,27.073049545288086,39079700
"2019-12-19",30.81999969482422,30.889999389648438,30.770000457763672,30.799999237060547,27.064260482788086,36946900
"2019-12-20",30.799999237060547,30.8799991607666,30.639999389648438,30.68000030517578,27.09605598449707,97416000
"2019-12-23",30.760000228881836,30.770000457763672,30.56999969482422,30.610000610351562,27.03423500061035,38293100
"2019-12-24",30.670000076293945,30.690000534057617,30.600000381469727,30.68000030517578,27.09605598449707,12315900
"2019-12-26",30.709999084472656,30.850000381469727,30.709999084472656,30.850000381469727,27.246196746826172,15891300
"2019-12-27",30.899999618530273,30.90999984741211,30.75,30.770000457763672,27.17554473876953,19417400
"2019-12-30",30.90999984741211,30.959999084472656,30.649999618530273,30.68000030517578,27.09605598449707,18819300
"2019-12-31",30.65999984741211,30.790000915527344,30.6200008392334,30.780000686645508,27.18437385559082,15788100
"2020-01-02",30.889999389648438,31.079999923706055,30.799999237060547,31.079999923706055,27.449329376220703,28843300
"2020-01-03",30.68000030517578,30.8799991607666,30.59000015258789,30.75,27.157875061035156,51363600
"2020-01-06",30.469999313354492,30.75,30.459999084472656,30.729999542236328,27.140214920043945,27956100
"2020-01-07",30.65999984741211,30.709999084472656,30.530000686645508,30.530000686645508,26.963581085205078,39627500
"2020-01-08",30.559999465942383,30.899999618530273,30.559999465942383,30.729999542236328,27.140214920043945,47966600
"2020-01-09",30.950000762939453,30.979999542236328,30.829999923706055,30.920000076293945,27.308021545410156,27705300
"2020-01-10",30.940000534057617,30.950000762939453,30.649999618530273,30.690000534057617,27.104890823364258,33458200
"2020-01-13",30.760000228881836,30.93000030517578,30.68000030517578,30.899999618530273,27.290353775024414,27542700
"2020-01-14",30.899999618530273,31.079999923706055,30.799999237060547,30.84000015258789,27.23736572265625,37575400
"2020-01-15",30.690000534057617,30.790000915527344,30.56999969482422,30.670000076293945,27.087228775024414,41457300
"2020-01-16",30.81999969482422,30.940000534057617,30.75,30.940000534057617,27.32568359375,34444000
"2020-01-17",31.030000686645508,31.100000381469727,30.90999984741211,31.030000686645508,27.40517234802246,38819400
"2020-01-21",30.8799991607666,31.020000457763672,30.770000457763672,30.770000457763672,27.17554473876953,41276500
"2020-01-22",30.8700008392334,30.940000534057617,30.81999969482422,30.860000610351562,27.25503158569336,27391000
"2020-01-23",30.700000762939453,30.850000381469727,30.489999771118164,30.780000686645508,27.18437385559082,43072300
"2020-01-24",30.790000915527344,30.790000915527344,30.200000762939453,30.389999389648438,26.839935302734375,58924900
"2020-01-27",29.790000915527344,30.059999465942383,29.75,29.920000076293945,26.42483901977539,50289300
"2020-01-28",30.079999923706055,30.399999618530273,30.030000686645508,30.270000457763672,26.73395347595215,34257900
"2020-01-29",30.3700008392334,30.479999542236328,30.170000076293945,30.219999313354492,26.689790725708008,41167500
"2020-01-30",29.950000762939453,30.6200008392334,29.93000030517578,30.600000381469727,27.025402069091797,51210000
"2020-01-31",30.34000015258789,30.3799991607666,29.850000381469727,29.959999084472656,26.460166931152344,58958800
"2020-02-03",30.170000076293945,30.469999313354492,30.149999618530273,30.170000076293945,26.645633697509766,40168200
"2020-02-04",30.579999923706055,30.75,30.450000762939453,30.459999084472656,26.90175437927246,79273300
"2020-02-05",30.8700008392334,31.100000381469727,30.799999237060547,31.06999969482422,27.440494537353516,51086900
"2020-02-06",31.239999771118164,31.270000457763672,30.969999313354492,31.030000686645508,27.40517234802246,37044400
"2020-02-07",30.860000610351562,31.010000228881836,30.790000915527344,30.920000076293945,27.308021545410156,27982500
"2020-02-10",30.81999969482422,31.010000228881836,30.809999465942383,31.010000228881836,27.387502670288086,17723700
"2020-02-11",31.09000015258789,31.260000228881836,31.09000015258789,31.1200008392334,27.484657287597656,27997400
"2020-02-12",31.280000686645508,31.3799991607666,31.100000381469727,31.139999389648438,27.502317428588867,26964200
"2020-02-13",31.040000915527344,31.200000762939453,30.950000762939453,31.1299991607666,27.493488311767578,22758700
"2020-02-14",31.100000381469727,31.190000534057617,31.020000457763672,31.170000076293945,27.52881622314453,22080200
"2020-02-18",31.079999923706055,31.15999984741211,30.719999313354492,30.899999618530273,27.290353775024414,37768900
"2020-02-19",31.010000228881836,31.209999084472656,30.969999313354492,31.1299991607666,27.493488311767578,25643300
"2020-02-20",31.020000457763672,31.280000686645508,30.860000610351562,31.06999969482422,27.440494537353516,50344300
"2020-02-21",30.920000076293945,30.989999771118164,30.600000381469727,30.770000457763672,27.17554473876953,51128200
"2020-02-24",29.799999237060547,30.059999465942383,29.6299991607666,29.770000457763672,26.2923583984375,70455400
"2020-02-25",29.780000686645508,29.84000015258789,28.6200008392334,28.760000228881836,25.40035057067871,111826900
"2020-02-26",28.950000762939453,29.219999313354492,28.549999237060547,28.549999237060547,25.214874267578125,95015700
"2020-02-27",27.940000534057617,28.389999389648438,27.309999465942383,27.329999923706055,24.137392044067383,143536200
"2020-02-28",26.399999618530273,26.850000381469727,25.969999313354492,26.59000015258789,23.48383903503418,192063500
"2020-03-02",26.639999389648438,27.950000762939453,26.360000610351562,27.950000762939453,24.684965133666992,127115500
"2020-03-03",27.860000610351562,28.25,26.6299991607666,26.899999618530273,23.75762176513672,256525000
"2020-03-04",27.260000228881836,27.799999237060547,26.799999237060547,27.790000915527344,24.543663024902344,124408000
"2020-03-05",26.8700008392334,26.940000534057617,26.149999618530273,26.450000762939453,23.360193252563477,130265700
"2020-03-06",25.25,25.84000015258789,25.030000686645508,25.549999237060547,22.565322875976562,160606600
"2020-03-09",23.0,23.8799991607666,22.520000457763672,22.809999465942383,20.145408630371094,134165700
"2020-03-10",23.8700008392334,24.170000076293945,22.84000015258789,24.149999618530273,21.32886505126953,149282300
"2020-03-11",23.40999984741211,23.649999618530273,22.520000457763672,22.84000015258789,20.171903610229492,146915400
"2020-03-12",20.940000534057617,22.209999084472656,20.299999237060547,20.3700008392334,17.99043846130371,161437500
"2020-03-13",21.899999618530273,23.09000015258789,20.899999618530273,23.049999237060547,20.35736656188965,160945700
"2020-03-16",19.350000381469727,21.34000015258789,18.93000030517578,19.889999389648438,17.566511154174805,110661600
"2020-03-17",20.350000381469727,21.190000534057617,19.540000915527344,20.969999313354492,18.520341873168945,122295100
"2020-03-18",19.649999618530273,20.049999237060547,18.280000686645508,19.190000534057617,16.94828224182129,145056400
"2020-03-19",18.790000915527344,19.889999389648438,18.110000610351562,19.610000610351562,17.319215774536133,105652800
"2020-03-20",19.81999969482422,19.920000076293945,18.670000076293945,18.90999984741211,16.70099449157715,157840900
"2020-03-23",18.440000534057617,18.600000381469727,17.489999771118164,17.65999984741211,15.729265213012695,144547900
"2020-03-24",18.709999084472656,19.959999084472656,18.579999923706055,19.850000381469727,17.67983627319336,158551100
"2020-03-25",20.139999389648438,21.229999542236328,19.389999389648438,20.389999389648438,18.16080093383789,162949600
"2020-03-26",20.65999984741211,21.81999969482422,20.6299991607666,21.670000076293945,19.30086326599121,129753900
"2020-03-27",20.790000915527344,21.670000076293945,20.549999237060547,21.010000228881836,18.71302032470703,109305600
"2020-03-30",21.040000915527344,21.530000686645508,20.600000381469727,21.40999984741211,19.069290161132812,67297200
"2020-03-31",21.209999084472656,21.450000762939453,20.639999389648438,20.81999969482422,18.543787002563477,83819900
"2020-04-01",19.719999313354492,19.940000534057617,19.3700008392334,19.549999237060547,17.41263771057129,79185000
"2020-04-02",19.43000030517578,20.200000762939453,19.360000610351562,20.040000915527344,17.849069595336914,68398300
"2020-04-03",19.850000381469727,20.139999389648438,19.360000610351562,19.639999389648438,17.492799758911133,68418100
"2020-04-06",20.6200008392334,21.219999313354492,20.469999313354492,21.049999237060547,18.74864387512207,69015100
"2020-04-07",22.200000762939453,22.219999313354492,21.25,21.260000228881836,18.93568992614746,70950900
"2020-04-08",21.579999923706055,22.329999923706055,21.34000015258789,22.190000534057617,19.764013290405273,80003400
"2020-04-09",22.770000457763672,23.65999984741211,22.729999542236328,23.3799991607666,20.823911666870117,147845500
"2020-04-13",23.309999465942383,23.329999923706055,22.329999923706055,22.530000686645508,20.06683921813965,66236300
"2020-04-14",23.06999969482422,23.139999389648438,22.209999084472656,22.6299991607666,20.155908584594727,96169000
"2020-04-15",21.729999542236328,21.860000610351562,21.540000915527344,21.649999618530273,19.283048629760742,63482000
"2020-04-16",21.600000381469727,21.639999389648438,21.059999465942383,21.270000457763672,18.944597244262695,68907600
"2020-04-17",22.100000381469727,22.520000457763672,21.920000076293945,22.389999389648438,19.942148208618164,88698600
"2020-04-20",21.950000762939453,22.360000610351562,21.75,22.0,19.594783782958984,59063100
"2020-04-21",21.329999923706055,21.709999084472656,21.209999084472656,21.290000915527344,18.96240997314453,71957900
"2020-04-22",21.729999542236328,21.790000915527344,21.469999313354492,21.520000457763672,19.167264938354492,47507800
"2020-04-23",21.579999923706055,21.860000610351562,21.399999618530273,21.43000030517578,19.087099075317383,71740200
"2020-04-24",21.65999984741211,21.829999923706055,21.329999923706055,21.739999771118164,19.36321258544922,33825300
"2020-04-27",21.959999084472656,22.600000381469727,21.920000076293945,22.479999542236328,20.022302627563477,109435100
"2020-04-28",23.15999984741211,23.329999923706055,22.670000076293945,22.719999313354492,20.236064910888672,46452300
"2020-04-29",23.420000076293945,23.65999984741211,23.18000030517578,23.3799991607666,20.823911666870117,70064400
"2020-04-30",22.90999984741211,23.15999984741211,22.68000030517578,22.790000915527344,20.298418045043945,56745700
"2020-05-01",22.25,22.309999465942383,21.90999984741211,22.059999465942383,19.648221969604492,37534300
"2020-05-04",21.770000457763672,21.889999389648438,21.440000534057617,21.860000610351562,19.470094680786133,50177200
"2020-05-05",22.15999984741211,22.280000686645508,21.790000915527344,21.790000915527344,19.407745361328125,65123000
"2020-05-06",21.989999771118164,22.049999237060547,21.299999237060547,21.31999969482422,18.98912811279297,63738400
"2020-05-07",21.600000381469727,22.18000030517578,21.600000381469727,21.81999969482422,19.43446159362793,61339000
"2020-05-08",22.239999771118164,22.31999969482422,22.010000228881836,22.290000915527344,19.85308074951172,42218300
"2020-05-11",21.979999542236328,22.049999237060547,21.739999771118164,21.860000610351562,19.470094680786133,54994900
"2020-05-12",21.950000762939453,22.030000686645508,21.270000457763672,21.290000915527344,18.96240997314453,62202700
"2020-05-13",21.110000610351562,21.139999389648438,20.5,20.65999984741211,18.40128517150879,86848300
"2020-05-14",20.299999237060547,21.209999084472656,20.09000015258789,21.190000534057617,18.873342514038086,103763100
"2020-05-15",20.989999771118164,21.229999542236328,20.799999237060547,21.049999237060547,18.74864387512207,70285000
"2020-05-18",21.829999923706055,22.299999237060547,21.68000030517578,22.1299991607666,19.7105712890625,79548500
"2020-05-19",22.0,22.110000610351562,21.579999923706055,21.59000015258789,19.229610443115234,56673200
"2020-05-20",21.950000762939453,22.200000762939453,21.93000030517578,22.06999969482422,19.657133102416992,50402600
"2020-05-21",22.0,22.209999084472656,21.8799991607666,22.0,19.594783782958984,49939900
"2020-05-22",21.989999771118164,22.020000457763672,21.700000762939453,21.920000076293945,19.523529052734375,37584500
"2020-05-26",22.75,23.299999237060547,22.729999542236328,23.059999465942383,20.53890037536621,108349200
"2020-05-27",24.09000015258789,24.100000381469727,23.540000915527344,24.059999465942383,21.429569244384766,121521200
"2020-05-28",24.329999923706055,24.34000015258789,23.610000610351562,23.68000030517578,21.091115951538086,101590100
"2020-05-29",23.399999618530273,23.6200008392334,23.170000076293945,23.40999984741211,20.850631713867188,86969000
"2020-06-01",23.5,23.790000915527344,23.34000015258789,23.68000030517578,21.091115951538086,52619200
"2020-06-02",23.889999389648438,24.040000915527344,23.700000762939453,23.8700008392334,21.260347366333008,52572800
"2020-06-03",24.399999618530273,24.8700008392334,24.34000015258789,24.760000228881836,22.053037643432617,77622900
"2020-06-04",24.719999313354492,25.299999237060547,24.520000457763672,25.299999237060547,22.53400421142578,97575100
"2020-06-05",26.780000686645508,26.829999923706055,26.149999618530273,26.239999771118164,23.37123680114746,135859300
"2020-06-08",26.670000076293945,26.799999237060547,26.3700008392334,26.739999771118164,23.816572189331055,80298400
"2020-06-09",26.110000610351562,26.399999618530273,25.920000076293945,26.170000076293945,23.30889129638672,92833100
"2020-06-10",26.020000457763672,26.15999984741211,25.170000076293945,25.190000534057617,22.4360294342041,110848900
"2020-06-11",24.0,24.360000610351562,23.09000015258789,23.1299991607666,20.601245880126953,233116600
"2020-06-12",24.059999465942383,24.059999465942383,23.219999313354492,23.829999923706055,21.224714279174805,127502900
"2020-06-15",23.010000228881836,24.239999771118164,22.959999084472656,24.15999984741211,21.518638610839844,92469500
"2020-06-16",25.1200008392334,25.1200008392334,23.950000762939453,24.540000915527344,21.857093811035156,108121300
"2020-06-17",24.610000610351562,24.610000610351562,24.1299991607666,24.170000076293945,21.52754020690918,56320900
"2020-06-18",23.93000030517578,24.3700008392334,23.860000610351562,24.139999389648438,21.50082015991211,61206500
"2020-06-19",24.600000381469727,24.610000610351562,23.709999084472656,23.979999542236328,21.358320236206055,99903900
"2020-06-22",23.68000030517578,23.8799991607666,23.530000686645508,23.709999084472656,21.252544403076172,47929500
"2020-06-23",24.06999969482422,24.219999313354492,23.799999237060547,23.81999969482422,21.351146697998047,47218900
"2020-06-24",23.510000228881836,23.520000457763672,22.90999984741211,22.979999542236328,20.598209381103516,90217500
"2020-06-25",22.899999618530273,23.639999389648438,22.860000610351562,23.59000015258789,21.144981384277344,110208900
"2020-06-26",23.190000534057617,23.260000228881836,22.520000457763672,22.579999923706055,20.239669799804688,123959100
"2020-06-29",22.81999969482422,22.979999542236328,22.6299991607666,22.829999923706055,20.463754653930664,69107100
"2020-06-30",22.709999084472656,23.299999237060547,22.690000534057617,23.139999389648438,20.741622924804688,60653100
"2020-07-01",23.239999771118164,23.350000381469727,22.8700008392334,22.940000534057617,20.56235122680664,60500300
"2020-07-02",23.450000762939453,23.530000686645508,22.920000076293945,22.969999313354492,20.589242935180664,50841900
"2020-07-06",23.479999542236328,23.65999984741211,23.280000686645508,23.40999984741211,20.9836368560791,60271700
"2020-07-07",23.219999313354492,23.229999542236328,22.8700008392334,22.93000030517578,20.55339241027832,43810900
"2020-07-08",22.920000076293945,23.229999542236328,22.84000015258789,23.170000076293945,20.768510818481445,53046100
"2020-07-09",23.15999984741211,23.209999084472656,22.489999771118164,22.68000030517578,20.329299926757812,71163700
"2020-07-10",22.670000076293945,23.489999771118164,22.670000076293945,23.459999084472656,21.028453826904297,94440600
"2020-07-13",23.760000228881836,23.90999984741211,23.420000076293945,23.559999465942383,21.118091583251953,102487100
"2020-07-14",23.459999084472656,23.75,23.25,23.68000030517578,21.225656509399414,102468300
"2020-07-15",24.25,24.260000228881836,23.889999389648438,24.149999618530273,21.646944046020508,90561800
"2020-07-16",23.940000534057617,24.399999618530273,23.850000381469727,24.149999618530273,21.646944046020508,74678500
"2020-07-17",24.200000762939453,24.219999313354492,23.940000534057617,23.950000762939453,21.467674255371094,47033200
"2020-07-20",23.81999969482422,23.979999542236328,23.75,23.84000015258789,21.36907196044922,40127600
"2020-07-21",24.0,24.43000030517578,23.969999313354492,24.309999465942383,21.790359497070312,46491300
"2020-07-22",24.190000534057617,24.329999923706055,24.110000610351562,24.309999465942383,21.790359497070312,44437400
"2020-07-23",24.260000228881836,24.469999313354492,24.18000030517578,24.329999923706055,21.808286666870117,49916100
"2020-07-24",24.350000381469727,24.479999542236328,24.190000534057617,24.270000457763672,21.754505157470703,41245600
"2020-07-27",24.15999984741211,24.18000030517578,23.860000610351562,24.06999969482422,21.575233459472656,43060200
"2020-07-28",23.979999542236328,24.1200008392334,23.899999618530273,24.010000228881836,21.521451950073242,35370500
"2020-07-29",23.969999313354492,24.489999771118164,23.93000030517578,24.459999084472656,21.92481231689453,36491600
"2020-07-30",24.0,24.06999969482422,23.709999084472656,24.020000457763672,21.530418395996094,53994600
"2020-07-31",24.010000228881836,24.059999465942383,23.709999084472656,24.030000686645508,21.539379119873047,50115900
"2020-08-03",24.1299991607666,24.290000915527344,23.959999084472656,24.100000381469727,21.60212516784668,42982100
"2020-08-04",24.0,24.040000915527344,23.8700008392334,24.0,21.51248550415039,30754400
"2020-08-05",24.15999984741211,24.389999389648438,24.1299991607666,24.329999923706055,21.808286666870117,34860700
"2020-08-06",24.25,24.420000076293945,24.149999618530273,24.31999969482422,21.799325942993164,33115400
"2020-08-07",24.200000762939453,24.860000610351562,24.149999618530273,24.84000015258789,22.265426635742188,63302800
"2020-08-10",24.979999542236328,25.110000610351562,24.8700008392334,25.020000457763672,22.4267635345459,45436100
"2020-08-11",25.489999771118164,25.719999313354492,25.25,25.309999465942383,22.686716079711914,73758600
"2020-08-12",25.760000228881836,25.770000457763672,25.059999465942383,25.239999771118164,22.623964309692383,58793600
"2020-08-13",25.049999237060547,25.260000228881836,24.93000030517578,25.079999923706055,22.480548858642578,35222500
"2020-08-14",24.959999084472656,25.299999237060547,24.93000030517578,25.18000030517578,22.57018280029297,28276900
"2020-08-17",25.09000015258789,25.110000610351562,24.75,24.760000228881836,22.193714141845703,53397000
"2020-08-18",24.780000686645508,24.84000015258789,24.579999923706055,24.600000381469727,22.0502986907959,35502500
"2020-08-19",24.690000534057617,24.940000534057617,24.520000457763672,24.59000015258789,22.04134178161621,59847200
"2020-08-20",24.309999465942383,24.5,24.290000915527344,24.360000610351562,21.83517837524414,45586100
"2020-08-21",24.31999969482422,24.530000686645508,24.229999542236328,24.309999465942383,21.790359497070312,35349200
"2020-08-24",24.450000762939453,24.889999389648438,24.389999389648438,24.889999389648438,22.310239791870117,51010900
"2020-08-25",25.100000381469727,25.170000076293945,24.799999237060547,24.959999084472656,22.372983932495117,55236900
"2020-08-26",24.899999618530273,24.959999084472656,24.75,24.84000015258789,22.265426635742188,30646600
"2020-08-27",24.81999969482422,25.3799991607666,24.81999969482422,25.260000228881836,22.641897201538086,66463900
"2020-08-28",25.440000534057617,25.450000762939453,25.149999618530273,25.360000610351562,22.731531143188477,49170600
"2020-08-31",25.34000015258789,25.34000015258789,25.059999465942383,25.059999465942383,22.46261978149414,52259000
"2020-09-01",24.93000030517578,25.219999313354492,24.850000381469727,25.1299991607666,22.525371551513672,42036100
"2020-09-02",25.1200008392334,25.579999923706055,25.049999237060547,25.489999771118164,22.848058700561523,48432500
"2020-09-03",25.639999389648438,26.010000228881836,24.940000534057617,25.100000381469727,22.49847984313965,98405500
"2020-09-04",25.549999237060547,25.690000534057617,24.889999389648438,25.290000915527344,22.668787002563477,111105500
"2020-09-08",25.040000915527344,25.100000381469727,24.549999237060547,24.639999389648438,22.086151123046875,84687600
"2020-09-09",24.8700008392334,25.06999969482422,24.709999084472656,24.889999389648438,22.310239791870117,52321200
"2020-09-10",24.969999313354492,25.139999389648438,24.489999771118164,24.540000915527344,21.996522903442383,55515300
"2020-09-11",24.579999923706055,24.84000015258789,24.5,24.709999084472656,22.148902893066406,69285700
"2020-09-14",24.93000030517578,25.270000457763672,24.860000610351562,25.049999237060547,22.453662872314453,51021000
"2020-09-15",25.100000381469727,25.1200008392334,24.690000534057617,24.709999084472656,22.148902893066406,48459900
"2020-09-16",24.760000228881836,25.270000457763672,24.709999084472656,24.989999771118164,22.399879455566406,62119900
"2020-09-17",24.649999618530273,24.8799991607666,24.579999923706055,24.729999542236328,22.166828155517578,47334200
"2020-09-18",24.729999542236328,24.93000030517578,24.6299991607666,24.68000030517578,22.122005462646484,61707200
"2020-09-21",24.030000686645508,24.170000076293945,23.559999465942383,23.93000030517578,21.567720413208008,72307300
"2020-09-22",23.8700008392334,24.100000381469727,23.530000686645508,23.729999542236328,21.387462615966797,84561500
"2020-09-23",23.780000686645508,23.950000762939453,23.200000762939453,23.200000762939453,20.909778594970703,54282500
"2020-09-24",23.209999084472656,23.579999923706055,22.940000534057617,23.25,20.954843521118164,56512300
"2020-09-25",23.079999923706055,23.56999969482422,23.030000686645508,23.489999771118164,21.17115592956543,46026600
"2020-09-28",23.81999969482422,24.219999313354492,23.81999969482422,24.049999237060547,21.675874710083008,62803500
"2020-09-29",23.979999542236328,24.020000457763672,23.6200008392334,23.75,21.40549087524414,53250800
"2020-09-30",23.850000381469727,24.270000457763672,23.84000015258789,24.06999969482422,21.693899154663086,66732200
"2020-10-01",24.170000076293945,24.329999923706055,23.920000076293945,24.110000610351562,21.729948043823242,65766100
"2020-10-02",23.790000915527344,24.440000534057617,23.729999542236328,24.299999237060547,21.901193618774414,63368100
"2020-10-05",24.530000686645508,24.780000686645508,24.469999313354492,24.700000762939453,22.26170539855957,58911700
"2020-10-06",24.90999984741211,25.079999923706055,24.360000610351562,24.450000762939453,22.036386489868164,88404900
"2020-10-07",24.68000030517578,24.979999542236328,24.68000030517578,24.860000610351562,22.405916213989258,53815200
"2020-10-08",25.0,25.260000228881836,24.940000534057617,25.200000762939453,22.71235466003418,57646300
"2020-10-09",25.34000015258789,25.3700008392334,25.030000686645508,25.229999542236328,22.739389419555664,52031600
"2020-10-12",25.209999084472656,25.59000015258789,25.209999084472656,25.510000228881836,22.99174690246582,45931400
"2020-10-13",25.43000030517578,25.510000228881836,24.940000534057617,25.020000457763672,22.550113677978516,60377800
"2020-10-14",25.040000915527344,25.1299991607666,24.75,24.780000686645508,22.333810806274414,48982200
"2020-10-15",24.549999237060547,24.979999542236328,24.510000228881836,24.969999313354492,22.505056381225586,41637200
"2020-10-16",25.020000457763672,25.149999618530273,24.8700008392334,24.989999771118164,22.52308464050293,40103600
"2020-10-19",25.079999923706055,25.09000015258789,24.56999969482422,24.610000610351562,22.180591583251953,42989000
"2020-10-20",24.770000457763672,25.100000381469727,24.760000228881836,24.809999465942383,22.36085319519043,67293900
"2020-10-21",24.770000457763672,24.93000030517578,24.68000030517578,24.68000030517578,22.243680953979492,44307200
"2020-10-22",24.670000076293945,25.200000762939453,24.65999984741211,25.170000076293945,22.68531036376953,39511800
"2020-10-23",25.329999923706055,25.40999984741211,25.049999237060547,25.25,22.75741195678711,45092700
"2020-10-26",24.889999389648438,24.93000030517578,24.450000762939453,24.68000030517578,22.243680953979492,54015100
"2020-10-27",24.670000076293945,24.670000076293945,24.209999084472656,24.229999542236328,21.838104248046875,46083300
"2020-10-28",23.719999313354492,23.93000030517578,23.469999313354492,23.610000610351562,21.279308319091797,89288300
"2020-10-29",23.549999237060547,23.959999084472656,23.25,23.790000915527344,21.441545486450195,60908400
"2020-10-30",23.649999618530273,23.899999618530273,23.469999313354492,23.860000610351562,21.504627227783203,66221600
"2020-11-02",24.260000228881836,24.420000076293945,23.959999084472656,24.309999465942383,21.910205841064453,65136000
"2020-11-03",24.760000228881836,25.100000381469727,24.729999542236328,24.850000381469727,22.396902084350586,79834200
"2020-11-04",24.40999984741211,25.0,24.190000534057617,24.559999465942383,22.135528564453125,87397400
"2020-11-05",24.770000457763672,25.34000015258789,24.770000457763672,25.15999984741211,22.67629623413086,65942300
"2020-11-06",25.280000686645508,25.309999465942383,24.8799991607666,24.959999084472656,22.49604034423828,60783500
"2020-11-09",26.979999542236328,27.440000534057617,26.65999984741211,27.010000228881836,24.343673706054688,162966800
"2020-11-10",27.040000915527344,27.25,26.790000915527344,27.149999618530273,24.4698543548584,85851200
"2020-11-11",27.299999237060547,27.31999969482422,26.8799991607666,27.040000915527344,24.370710372924805,65062400
"2020-11-12",26.709999084472656,26.770000457763672,26.350000381469727,26.59000015258789,23.96513557434082,62733800
"2020-11-13",26.84000015258789,27.139999389648438,26.770000457763672,27.030000686645508,24.361696243286133,45031800
"2020-11-16",27.709999084472656,27.729999542236328,27.360000610351562,27.6299991607666,24.902467727661133,67556100
"2020-11-17",27.31999969482422,27.639999389648438,27.1299991607666,27.59000015258789,24.866418838500977,63679700
"2020-11-18",27.719999313354492,27.940000534057617,27.31999969482422,27.329999923706055,24.632083892822266,71578400
"2020-11-19",27.190000534057617,27.450000762939453,27.020000457763672,27.420000076293945,24.71320152282715,47194800
"2020-11-20",27.280000686645508,27.389999389648438,27.1200008392334,27.18000030517578,24.496889114379883,39974700
"2020-11-23",27.530000686645508,27.770000457763672,27.389999389648438,27.690000534057617,24.95655059814453,51870500
"2020-11-24",28.170000076293945,28.690000534057617,28.100000381469727,28.65999984741211,25.830799102783203,60983200
"2020-11-25",28.5,28.579999923706055,28.219999313354492,28.559999465942383,25.74066734313965,45204600
"2020-11-27",28.559999465942383,28.59000015258789,28.360000610351562,28.469999313354492,25.6595458984375,26981200
"2020-11-30",28.299999237060547,28.3799991607666,27.829999923706055,27.8799991607666,25.127792358398438,72524200
"2020-12-01",28.399999618530273,28.56999969482422,28.290000915527344,28.309999465942383,25.515336990356445,53972100
"2020-12-02",28.270000457763672,28.670000076293945,28.219999313354492,28.6200008392334,25.79474639892578,57471800
"2020-12-03",28.639999389648438,28.799999237060547,28.459999084472656,28.6299991607666,25.803752899169922,49566000
"2020-12-04",28.81999969482422,29.030000686645508,28.799999237060547,28.979999542236328,26.119205474853516,52713100
"2020-12-07",28.809999465942383,28.860000610351562,28.610000610351562,28.780000686645508,25.93894386291504,34631600
"2020-12-08",28.510000228881836,28.84000015258789,28.510000228881836,28.770000457763672,25.929931640625,31628500
"2020-12-09",28.93000030517578,28.950000762939453,28.59000015258789,28.700000762939453,25.866846084594727,47589600
"2020-12-10",28.479999542236328,28.780000686645508,28.389999389648438,28.75,25.911901473999023,41298300
"2020-12-11",28.43000030517578,28.530000686645508,28.229999542236328,28.459999084472656,25.65053367614746,48216300
"2020-12-14",28.84000015258789,28.84000015258789,28.110000610351562,28.1299991607666,25.35310935974121,38302900
"2020-12-15",28.350000381469727,28.690000534057617,28.190000534057617,28.610000610351562,25.785728454589844,38604200
"2020-12-16",28.65999984741211,28.68000030517578,28.520000457763672,28.65999984741211,25.830799102783203,55602800
"2020-12-17",28.709999084472656,28.790000915527344,28.579999923706055,28.739999771118164,25.90289306640625,38510900
"2020-12-18",28.780000686645508,28.780000686645508,28.31999969482422,28.489999771118164,25.677574157714844,56080100
"2020-12-21",28.670000076293945,28.860000610351562,28.229999542236328,28.719999313354492,26.023710250854492,77688100
"2020-12-22",28.739999771118164,28.780000686645508,28.420000076293945,28.440000534057617,25.76999855041504,42317900
"2020-12-23",28.610000610351562,29.06999969482422,28.600000381469727,28.90999984741211,26.195873260498047,52681400
"2020-12-24",28.969999313354492,28.979999542236328,28.709999084472656,28.950000762939453,26.232118606567383,16071000
"2020-12-28",29.149999618530273,29.31999969482422,28.989999771118164,29.09000015258789,26.35897445678711,32824800
"2020-12-29",29.209999084472656,29.219999313354492,28.959999084472656,28.989999771118164,26.268360137939453,23607000
"2020-12-30",29.09000015258789,29.209999084472656,29.020000457763672,29.1200008392334,26.38616371154785,16616700
"2020-12-31",29.079999923706055,29.520000457763672,29.0,29.479999542236328,26.712360382080078,26239300
"2021-01-04",29.59000015258789,29.600000381469727,28.829999923706055,29.079999923706055,26.349910736083984,47086300
"2021-01-05",29.06999969482422,29.34000015258789,28.920000076293945,29.209999084472656,26.467708587646484,35265400
"2021-01-06",29.770000457763672,30.739999771118164,29.770000457763672,30.5,27.63660430908203,102254900
"2021-01-07",30.950000762939453,31.260000228881836,30.8799991607666,30.940000534057617,28.035293579101562,64342700
"2021-01-08",31.09000015258789,31.100000381469727,30.510000228881836,30.920000076293945,28.017166137695312,54266400
"2021-01-11",30.6200008392334,31.06999969482422,30.489999771118164,31.020000457763672,28.1077823638916,56590400
"2021-01-12",31.200000762939453,31.489999771118164,31.110000610351562,31.34000015258789,28.39773941040039,60546600
"2021-01-13",31.290000915527344,31.399999618530273,31.09000015258789,31.31999969482422,28.379613876342773,55394700
"2021-01-14",31.40999984741211,31.6200008392334,31.290000915527344,31.459999084472656,28.506471633911133,49828800
"2021-01-15",31.0,31.190000534057617,30.709999084472656,30.940000534057617,28.035293579101562,68732700
"2021-01-19",31.100000381469727,31.18000030517578,30.829999923706055,31.020000457763672,28.1077823638916,97457200
"2021-01-20",31.1200008392334,31.1200008392334,30.780000686645508,30.889999389648438,27.989986419677734,56113100
"2021-01-21",30.8700008392334,30.93000030517578,30.559999465942383,30.559999465942383,27.690969467163086,43713800
"2021-01-22",30.25,30.459999084472656,30.200000762939453,30.34000015258789,27.491619110107422,37928000
"2021-01-25",30.040000915527344,30.15999984741211,29.739999771118164,30.1200008392334,27.292282104492188,68321500
"2021-01-26",30.239999771118164,30.280000686645508,29.860000610351562,29.8799991607666,27.074806213378906,55504600
"2021-01-27",29.469999313354492,29.5,28.940000534057617,29.0,26.27742576599121,84059200
"2021-01-28",29.3700008392334,29.8799991607666,29.280000686645508,29.540000915527344,26.7667293548584,62985900
"2021-01-29",29.459999084472656,29.540000915527344,28.81999969482422,28.950000762939453,26.232118606567383,78260700
"2021-02-01",29.270000457763672,29.3700008392334,29.020000457763672,29.329999923706055,26.576444625854492,41947400
"2021-02-02",29.670000076293945,30.190000534057617,29.65999984741211,30.040000915527344,27.21978759765625,54263000
"2021-02-03",30.0,30.219999313354492,29.940000534057617,30.209999084472656,27.373825073242188,46195200
"2021-02-04",30.309999465942383,30.889999389648438,30.299999237060547,30.8799991607666,27.980928421020508,63061800
"2021-02-05",31.100000381469727,31.1299991607666,30.81999969482422,30.889999389648438,27.989986419677734,38461900
"2021-02-08",30.989999771118164,31.290000915527344,30.989999771118164,31.290000915527344,28.352434158325195,48756300
"2021-02-09",31.190000534057617,31.399999618530273,31.079999923706055,31.299999237060547,28.361492156982422,33572000
"2021-02-10",31.459999084472656,31.5,31.149999618530273,31.299999237060547,28.361492156982422,38899600
"2021-02-11",31.31999969482422,31.440000534057617,30.989999771118164,31.200000762939453,28.2708797454834,31909500
"2021-02-12",31.170000076293945,31.549999237060547,31.139999389648438,31.520000457763672,28.560840606689453,38271800
"2021-02-16",31.84000015258789,32.209999084472656,31.700000762939453,32.060001373291016,29.050146102905273,71330600
"2021-02-17",31.959999084472656,32.2599983215332,31.850000381469727,32.220001220703125,29.195127487182617,60460900
"2021-02-18",31.989999771118164,32.20000076293945,31.770000457763672,32.029998779296875,29.02295684814453,45188200
"2021-02-19",32.2400016784668,32.52000045776367,32.20000076293945,32.40999984741211,29.36728858947754,54361800
"2021-02-22",32.29999923706055,32.83000183105469,32.290000915527344,32.709999084472656,29.639118194580078,65930200
"2021-02-23",32.939998626708984,32.95000076293945,32.56999969482422,32.90999984741211,29.820343017578125,94331400
"2021-02-24",32.959999084472656,33.63999938964844,32.939998626708984,33.54999923706055,30.400257110595703,66000600
"2021-02-25",33.81999969482422,33.84000015258789,32.849998474121094,32.939998626708984,29.847530364990234,92189400
"2021-02-26",32.88999938964844,32.9900016784668,32.189998626708984,32.310001373291016,29.276670455932617,103105700
"2021-03-01",32.86000061035156,33.52000045776367,32.86000061035156,33.31999969482422,30.191852569580078,67590700
"2021-03-02",33.279998779296875,33.470001220703125,33.16999816894531,33.20000076293945,30.083120346069336,49987000
"2021-03-03",33.33000183105469,33.959999084472656,33.290000915527344,33.459999084472656,30.318714141845703,72541700
"2021-03-04",33.369998931884766,33.689998626708984,32.599998474121094,33.08000183105469,29.974388122558594,101311800
"2021-03-05",33.63999938964844,33.79999923706055,32.779998779296875,33.709999084472656,30.545238494873047,109299800
"2021-03-08",33.959999084472656,34.58000183105469,33.81999969482422,34.13999938964844,30.934871673583984,90538200
"2021-03-09",33.869998931884766,34.33000183105469,33.52000045776367,33.83000183105469,30.65397071838379,117224600
"2021-03-10",33.9900016784668,34.650001525878906,33.93000030517578,34.52000045776367,31.279197692871094,73269300
"2021-03-11",34.34000015258789,34.689998626708984,34.13999938964844,34.41999816894531,31.188589096069336,50904800
"2021-03-12",34.81999969482422,34.95000076293945,34.65999984741211,34.77000045776367,31.505727767944336,68126000
"2021-03-15",34.900001525878906,34.90999984741211,34.25,34.56999969482422,31.324495315551758,57836400
"2021-03-16",34.38999938964844,34.43000030517578,33.939998626708984,34.209999084472656,30.9982967376709,67373600
"2021-03-17",34.459999084472656,34.63999938964844,34.08000183105469,34.439998626708984,31.206708908081055,64051100
"2021-03-18",34.790000915527344,35.290000915527344,34.5,34.619998931884766,31.36980628967285,96690500
"2021-03-19",34.349998474121094,34.380001068115234,33.86000061035156,34.220001220703125,31.007366180419922,98510500
"2021-03-22",33.81999969482422,33.88999938964844,33.5099983215332,33.630001068115234,30.607818603515625,68170600
"2021-03-23",33.43000030517578,33.65999984741211,33.040000915527344,33.15999984741211,30.180049896240234,70441900
"2021-03-24",33.400001525878906,33.79999923706055,33.279998779296875,33.279998779296875,30.28926658630371,63357100
"2021-03-25",33.2599983215332,33.88999938964844,33.0,33.84000015258789,30.798934936523438,60532600
"2021-03-26",34.189998626708984,34.43000030517578,33.95000076293945,34.369998931884766,31.281314849853516,53779900
"2021-03-29",33.88999938964844,34.290000915527344,33.720001220703125,34.06999969482422,31.00826644897461,71777800
"2021-03-30",34.25,34.470001220703125,34.209999084472656,34.310001373291016,31.226707458496094,55011400
"2021-03-31",34.2400016784668,34.380001068115234,34.029998779296875,34.04999923706055,30.99006462097168,51138300
"2021-04-01",34.0,34.470001220703125,34.0,34.470001220703125,31.372329711914062,51690100
"2021-04-05",34.84000015258789,34.90999984741211,34.630001068115234,34.7400016784668,31.618072509765625,51790700
"2021-04-06",34.65999984741211,34.83000183105469,34.54999923706055,34.66999816894531,31.55434799194336,41336800
"2021-04-07",34.77000045776367,34.91999816894531,34.599998474121094,34.84000015258789,31.709070205688477,38660800
"2021-04-08",34.709999084472656,34.88999938964844,34.470001220703125,34.849998474121094,31.71816635131836,39927400
"2021-04-09",35.09000015258789,35.16999816894531,34.88999938964844,35.150001525878906,31.991209030151367,40133700
"2021-04-12",35.220001220703125,35.310001373291016,35.13999938964844,35.29999923706055,32.12772750854492,44435500
"2021-04-13",35.099998474121094,35.13999938964844,34.779998779296875,34.970001220703125,31.8273868560791,39950900
"2021-04-14",34.880001068115234,35.43000030517578,34.83000183105469,35.18000030517578,32.018516540527344,44065300
"2021-04-15",35.2599983215332,35.29999923706055,34.81999969482422,35.150001525878906,31.991209030151367,55483500
"2021-04-16",35.459999084472656,35.529998779296875,35.2400016784668,35.400001525878906,32.21875762939453,39115700
"2021-04-19",35.38999938964844,35.4900016784668,35.18000030517578,35.29999923706055,32.12772750854492,31172300
"2021-04-20",35.09000015258789,35.11000061035156,34.52000045776367,34.63999938964844,31.527048110961914,50227700
"2021-04-21",34.52000045776367,35.150001525878906,34.41999816894531,35.119998931884766,31.96390724182129,39680000
"2021-04-22",35.08000183105469,35.130001068115234,34.66999816894531,34.72999954223633,31.608963012695312,43611200
"2021-04-23",34.72999954223633,35.529998779296875,34.66999816894531,35.380001068115234,32.20054626464844,50437700
"2021-04-26",35.5099983215332,35.849998474121094,35.47999954223633,35.52000045776367,32.32796859741211,43749700
"2021-04-27",35.56999969482422,35.849998474121094,35.4900016784668,35.79999923706055,32.58279800415039,50852400
"2021-04-28",35.939998626708984,36.040000915527344,35.83000183105469,35.939998626708984,32.71022033691406,35771700
"2021-04-29",36.220001220703125,36.61000061035156,36.189998626708984,36.58000183105469,33.29270553588867,48573000
"2021-04-30",36.380001068115234,36.5099983215332,36.20000076293945,36.2599983215332,33.00146484375,43940900
"2021-05-03",36.56999969482422,36.63999938964844,36.29999923706055,36.439998626708984,33.165287017822266,33317300
"2021-05-04",36.279998779296875,36.72999954223633,36.040000915527344,36.72999954223633,33.42922592163086,66939700
"2021-05-05",36.84000015258789,37.16999816894531,36.84000015258789,37.029998779296875,33.7022590637207,38954200
"2021-05-06",37.18000030517578,37.59000015258789,36.959999084472656,37.58000183105469,34.202850341796875,43332900
"2021-05-07",37.150001525878906,37.790000915527344,37.060001373291016,37.779998779296875,34.38487243652344,64616700
"2021-05-10",37.97999954223633,38.2599983215332,37.720001220703125,37.75,34.357566833496094,56341100
"2021-05-11",37.369998931884766,37.709999084472656,36.939998626708984,37.08000183105469,33.747779846191406,82723700
"2021-05-12",37.369998931884766,37.5099983215332,36.54999923706055,36.70000076293945,33.401920318603516,97911900
"2021-05-13",36.560001373291016,37.52000045776367,36.540000915527344,37.290000915527344,33.93891525268555,66882600
"2021-05-14",37.5,37.97999954223633,37.459999084472656,37.880001068115234,34.475887298583984,44850200
"2021-05-17",37.7599983215332,37.9900016784668,37.61000061035156,37.95000076293945,34.53958511352539,40376700
"2021-05-18",37.91999816894531,38.04999923706055,37.400001525878906,37.41999816894531,34.05721664428711,40299200
"2021-05-19",36.9900016784668,37.209999084472656,36.59000015258789,37.189998626708984,33.84789276123047,63573900
"2021-05-20",37.25,37.470001220703125,36.95000076293945,37.209999084472656,33.866092681884766,59216100
"2021-05-21",37.36000061035156,37.779998779296875,37.34000015258789,37.58000183105469,34.202850341796875,44950300
"2021-05-24",37.7400016784668,37.849998474121094,37.54999923706055,37.7599983215332,34.36665725708008,29159600
"2021-05-25",37.810001373291016,38.099998474121094,37.33000183105469,37.380001068115234,34.02081298828125,38755900
"2021-05-26",37.52000045776367,37.65999984741211,37.220001220703125,37.4900016784668,34.12093734741211,38601900
"2021-05-27",37.83000183105469,38.02000045776367,37.61000061035156,37.91999816894531,34.51227951049805,39789500
"2021-05-28",38.09000015258789,38.09000015258789,37.709999084472656,37.9900016784668,34.57600021362305,39265000
"2021-06-01",38.369998931884766,38.47999954223633,38.119998931884766,38.220001220703125,34.78532409667969,35710700
"2021-06-02",38.34000015258789,38.380001068115234,38.06999969482422,38.279998779296875,34.83993911743164,37537500
"2021-06-03",38.15999984741211,38.599998474121094,38.040000915527344,38.369998931884766,34.921844482421875,54877500
"2021-06-04",38.41999816894531,38.5,38.130001068115234,38.470001220703125,35.01287078857422,27250900
"2021-06-07",38.529998779296875,38.529998779296875,38.150001525878906,38.220001220703125,34.78532409667969,37401800
"2021-06-08",38.0099983215332,38.2400016784668,37.72999954223633,38.119998931884766,34.69432067871094,47747700
"2021-06-09",37.970001220703125,38.02000045776367,37.65999984741211,37.7599983215332,34.36665725708008,40776200
"2021-06-10",38.08000183105469,38.18000030517578,37.290000915527344,37.31999969482422,33.966209411621094,53775500
"2021-06-11",37.38999938964844,37.58000183105469,37.380001068115234,37.560001373291016,34.184635162353516,40416700
"2021-06-14",37.4900016784668,37.54999923706055,36.95000076293945,37.16999816894531,33.82967758178711,50613400
"2021-06-15",37.18000030517578,37.43000030517578,37.0,37.2400016784668,33.893394470214844,51315100
"2021-06-16",37.119998931884766,37.45000076293945,36.7400016784668,37.20000076293945,33.85698699951172,84961100
"2021-06-17",37.38999938964844,37.40999984741211,35.9900016784668,36.099998474121094,32.8558464050293,97659900
"2021-06-18",35.619998931884766,35.7400016784668,35.18000030517578,35.22999954223633,32.06402587890625,180960000
"2021-06-21",35.439998626708984,35.93000030517578,35.380001068115234,35.90999984741211,32.81238555908203,89831400
"2021-06-22",35.9900016784668,36.11000061035156,35.630001068115234,35.970001220703125,32.86720657348633,42576400
"2021-06-23",36.0,36.209999084472656,35.95000076293945,36.040000915527344,32.93117141723633,48094900
"2021-06-24",36.25,36.58000183105469,36.08000183105469,36.4900016784668,33.34234619140625,42942800
"2021-06-25",36.68000030517578,37.029998779296875,36.470001220703125,36.93000030517578,33.7443962097168,56845000
"2021-06-28",36.86000061035156,36.88999938964844,36.45000076293945,36.65999984741211,33.4976806640625,70250700
"2021-06-29",36.849998474121094,37.04999923706055,36.43000030517578,36.529998779296875,33.3788948059082,61051200
"2021-06-30",36.41999816894531,36.77000045776367,36.40999984741211,36.689998626708984,33.52510070800781,42414100
"2021-07-01",36.869998931884766,37.0,36.68000030517578,36.97999954223633,33.790077209472656,36615600
"2021-07-02",36.97999954223633,37.02000045776367,36.790000915527344,36.939998626708984,33.75352478027344,27018400
"2021-07-06",36.849998474121094,36.869998931884766,36.119998931884766,36.36000061035156,33.22355651855469,49225300
"2021-07-07",36.13999938964844,36.4900016784668,36.060001373291016,36.40999984741211,33.269248962402344,43747100
"2021-07-08",35.83000183105469,36.040000915527344,35.5099983215332,35.68000030517578,32.60222244262695,75084200
"2021-07-09",36.20000076293945,36.7599983215332,36.09000015258789,36.709999084472656,33.543373107910156,70546500
"2021-07-12",36.4900016784668,37.13999938964844,36.33000183105469,37.06999969482422,33.872310638427734,62953400
"2021-07-13",36.95000076293945,37.0099983215332,36.529998779296875,36.66999816894531,33.50682830810547,44476200
"2021-07-14",36.689998626708984,36.93000030517578,36.099998474121094,36.5,33.35149002075195,69632700
"2021-07-15",36.13999938964844,36.849998474121094,36.13999938964844,36.619998931884766,33.46113204956055,53977600
"2021-07-16",36.810001373291016,36.810001373291016,36.040000915527344,36.119998931884766,33.00426483154297,56160700
"2021-07-19",35.41999816894531,35.61000061035156,34.900001525878906,35.11000061035156,32.08138656616211,89972200
"2021-07-20",35.06999969482422,36.220001220703125,35.0,35.97999954223633,32.8763427734375,70635800
"2021-07-21",36.27000045776367,36.779998779296875,36.2400016784668,36.599998474121094,33.44285583496094,59975000
"2021-07-22",36.470001220703125,36.560001373291016,36.04999923706055,36.20000076293945,33.07736587524414,35292300
"2021-07-23",36.54999923706055,36.650001525878906,36.15999984741211,36.2599983215332,33.132179260253906,36766900
"2021-07-26",36.189998626708984,36.540000915527344,36.16999816894531,36.470001220703125,33.324066162109375,25396000
"2021-07-27",36.189998626708984,36.619998931884766,36.02000045776367,36.459999084472656,33.3149299621582,38988400
"2021-07-28",36.59000015258789,36.63999938964844,36.15999984741211,36.40999984741211,33.269248962402344,42908200
"2021-07-29",36.650001525878906,36.970001220703125,36.4900016784668,36.810001373291016,33.63475036621094,41434200
"2021-07-30",36.709999084472656,36.97999954223633,36.43000030517578,36.52000045776367,33.36975860595703,52385300
"2021-08-02",36.77000045776367,37.189998626708984,36.47999954223633,36.529998779296875,33.3788948059082,47589900
"2021-08-03",36.65999984741211,36.9900016784668,36.119998931884766,36.939998626708984,33.75352478027344,42169600
"2021-08-04",36.59000015258789,37.02000045776367,36.43000030517578,36.630001068115234,33.47026824951172,52346400
"2021-08-05",36.86000061035156,37.11000061035156,36.849998474121094,37.11000061035156,33.90885925292969,37168200
"2021-08-06",37.459999084472656,37.93000030517578,37.45000076293945,37.86000061035156,34.594173431396484,58081000
"2021-08-09",37.810001373291016,38.13999938964844,37.599998474121094,37.959999084472656,34.68555450439453,48015600
"2021-08-10",37.93000030517578,38.470001220703125,37.88999938964844,38.36000061035156,35.051048278808594,40907400
"2021-08-11",38.470001220703125,38.810001373291016,38.290000915527344,38.79999923706055,35.453086853027344,48372100
"2021-08-12",38.84000015258789,38.91999816894531,38.599998474121094,38.869998931884766,35.517051696777344,44566400
"2021-08-13",38.900001525878906,38.95000076293945,38.4900016784668,38.58000183105469,35.2520637512207,43077200
"2021-08-16",38.33000183105469,38.52000045776367,37.9900016784668,38.47999954223633,35.16069030761719,48011800
"2021-08-17",38.220001220703125,38.5,37.83000183105469,38.209999084472656,34.913978576660156,52414800
"2021-08-18",38.060001373291016,38.33000183105469,37.709999084472656,37.7400016784668,34.48453140258789,39550400
"2021-08-19",37.33000183105469,37.7400016784668,37.220001220703125,37.459999084472656,34.228668212890625,48961300
"2021-08-20",37.459999084472656,37.75,37.31999969482422,37.689998626708984,34.4388313293457,33898600
"2021-08-23",37.880001068115234,38.15999984741211,37.880001068115234,38.0,34.72209930419922,28807400
"2021-08-24",38.06999969482422,38.31999969482422,38.040000915527344,38.22999954223633,34.93225860595703,37677300
"2021-08-25",38.33000183105469,38.91999816894531,38.25,38.68000030517578,35.34342956542969,47904800
"2021-08-26",38.849998474121094,38.900001525878906,38.45000076293945,38.4900016784668,35.169830322265625,38484300
"2021-08-27",38.540000915527344,39.0099983215332,38.529998779296875,39.0,35.63582992553711,38511100
"2021-08-30",39.02000045776367,39.040000915527344,38.43000030517578,38.45000076293945,35.13328170776367,30096500
"2021-08-31",38.41999816894531,38.689998626708984,38.2599983215332,38.400001525878906,35.08759307861328,49876200
"2021-09-01",38.43000030517578,38.45000076293945,38.04999923706055,38.18000030517578,34.88656997680664,43976200
"2021-09-02",38.27000045776367,38.45000076293945,38.15999984741211,38.310001373291016,35.00535202026367,29611500
"2021-09-03",38.2400016784668,38.31999969482422,37.97999954223633,38.06999969482422,34.78605270385742,34847500
"2021-09-07",38.20000076293945,38.20000076293945,37.84000015258789,37.84000015258789,34.575904846191406,39214900
"2021-09-08",37.75,37.93000030517578,37.54999923706055,37.75,34.49365997314453,32523900
"2021-09-09",37.70000076293945,38.220001220703125,37.66999816894531,37.86000061035156,34.594173431396484,33421000
"2021-09-10",38.06999969482422,38.11000061035156,37.56999969482422,37.58000183105469,34.33832550048828,39350500
"2021-09-13",37.849998474121094,38.06999969482422,37.7400016784668,38.0099983215332,34.731224060058594,40357300
"2021-09-14",38.13999938964844,38.279998779296875,37.380001068115234,37.5,34.265228271484375,45670600
"2021-09-15",37.47999954223633,37.95000076293945,37.439998626708984,37.86000061035156,34.594173431396484,36371300
"2021-09-16",38.0,38.189998626708984,37.58000183105469,37.75,34.49365997314453,42630200
"2021-09-17",37.70000076293945,37.939998626708984,37.47999954223633,37.58000183105469,34.33832550048828,82987200
"2021-09-20",36.59000015258789,36.689998626708984,36.029998779296875,36.54999923706055,33.54176330566406,95008800
"2021-09-21",36.779998779296875,36.91999816894531,36.40999984741211,36.5,33.495880126953125,45837600
"2021-09-22",36.959999084472656,37.369998931884766,36.880001068115234,37.11000061035156,34.055660247802734,58347800
"2021-09-23",37.470001220703125,38.20000076293945,37.40999984741211,38.02000045776367,34.89077377319336,71805000
"2021-09-24",37.9900016784668,38.349998474121094,37.939998626708984,38.220001220703125,35.074317932128906,48066100
"2021-09-27",38.560001373291016,38.849998474121094,38.4900016784668,38.7400016784668,35.551513671875,58794500
"2021-09-28",38.72999954223633,38.91999816894531,38.040000915527344,38.099998474121094,34.96419143676758,96152700
"2021-09-29",38.220001220703125,38.29999923706055,37.95000076293945,38.130001068115234,34.99172592163086,49882500
"2021-09-30",38.349998474121094,38.36000061035156,37.52000045776367,37.529998779296875,34.44110870361328,73319300
"2021-10-01",37.630001068115234,38.40999984741211,37.4900016784668,38.150001525878906,35.010074615478516,70444000
"2021-10-04",38.09000015258789,38.59000015258789,37.7599983215332,37.81999969482422,34.707237243652344,69772700
"2021-10-05",38.099998474121094,38.75,37.959999084472656,38.560001373291016,35.38633728027344,56058400
"2021-10-06",38.209999084472656,38.630001068115234,37.93000030517578,38.599998474121094,35.423038482666016,63405900
"2021-10-07",39.0,39.2400016784668,38.779998779296875,38.83000183105469,35.634117126464844,53295600
"2021-10-08",38.869998931884766,39.15999984741211,38.689998626708984,39.02000045776367,35.8084716796875,38607500
"2021-10-11",39.11000061035156,39.400001525878906,38.61000061035156,38.630001068115234,35.4505729675293,50748300
"2021-10-12",38.58000183105469,38.77000045776367,38.40999984741211,38.5099983215332,35.340450286865234,58527700
"2021-10-13",38.5,38.540000915527344,37.7400016784668,38.290000915527344,35.138553619384766,72105100
"2021-10-14",38.720001220703125,38.939998626708984,38.349998474121094,38.93000030517578,35.72587966918945,51893500
"2021-10-15",39.310001373291016,39.709999084472656,39.18000030517578,39.5099983215332,36.25813293457031,58411100
"2021-10-18",39.43000030517578,39.75,39.31999969482422,39.52000045776367,36.2673225402832,56312700
"2021-10-19",39.70000076293945,39.90999984741211,39.54999923706055,39.90999984741211,36.62522506713867,33082600
"2021-10-20",39.84000015258789,40.22999954223633,39.72999954223633,40.22999954223633,36.91887664794922,44670200
"2021-10-21",40.220001220703125,40.310001373291016,39.849998474121094,40.060001373291016,36.76287841796875,35067600
"2021-10-22",40.25,40.689998626708984,40.209999084472656,40.619998931884766,37.276790618896484,41458200
"2021-10-25",40.720001220703125,40.77000045776367,40.470001220703125,40.56999969482422,37.230892181396484,33121000
"2021-10-26",40.66999816894531,40.86000061035156,40.540000915527344,40.599998474121094,37.258426666259766,41586900
"2021-10-27",40.5,40.68000030517578,39.91999816894531,39.93000030517578,36.64358139038086,62449500
"2021-10-28",40.09000015258789,40.439998626708984,40.060001373291016,40.41999816894531,37.09324645996094,44566600
"2021-10-29",40.470001220703125,40.54999923706055,40.18000030517578,40.2599983215332,36.946414947509766,42092000
"2021-11-01",40.540000915527344,40.630001068115234,40.119998931884766,40.279998779296875,36.96476364135742,37503800
"2021-11-02",40.27000045776367,40.5,40.15999984741211,40.380001068115234,37.056541442871094,31436800
"2021-11-03",40.25,40.68000030517578,40.16999816894531,40.529998779296875,37.19419479370117,42946800
"2021-11-04",40.380001068115234,40.47999954223633,39.689998626708984,40.0,36.707820892333984,48279700
"2021-11-05",40.31999969482422,40.4900016784668,39.88999938964844,40.02000045776367,36.72616958618164,57866300
"2021-11-08",40.27000045776367,40.529998779296875,40.13999938964844,40.2400016784668,36.92806625366211,32864600
"2021-11-09",40.029998779296875,40.15999984741211,39.7599983215332,40.02000045776367,36.72616958618164,48420400
"2021-11-10",39.97999954223633,40.20000076293945,39.849998474121094,39.95000076293945,36.66192626953125,60695100
"2021-11-11",40.0099983215332,40.189998626708984,39.84000015258789,40.060001373291016,36.76287841796875,31438900
"2021-11-12",40.119998931884766,40.15999984741211,39.790000915527344,40.150001525878906,36.8454704284668,39218800
"2021-11-15",40.2599983215332,40.36000061035156,40.06999969482422,40.150001525878906,36.8454704284668,30081100
"2021-11-16",40.20000076293945,40.349998474121094,40.0,40.11000061035156,36.80875778198242,32599500
"2021-11-17",40.04999923706055,40.04999923706055,39.540000915527344,39.650001525878906,36.386619567871094,53557200
"2021-11-18",39.689998626708984,39.77000045776367,39.27000045776367,39.45000076293945,36.20308303833008,42990100
"2021-11-19",39.11000061035156,39.25,38.720001220703125,39.02000045776367,35.8084716796875,71858100
"2021-11-22",39.540000915527344,39.959999084472656,39.220001220703125,39.56999969482422,36.313201904296875,81965800
"2021-11-23",39.83000183105469,40.220001220703125,39.65999984741211,40.189998626708984,36.88216781616211,61571200
"2021-11-24",40.11000061035156,40.2599983215332,39.95000076293945,40.099998474121094,36.79957580566406,40410300
"2021-11-26",38.84000015258789,39.0099983215332,38.33000183105469,38.77000045776367,35.57904815673828,76492200
"2021-11-29",39.220001220703125,39.36000061035156,38.599998474121094,38.88999938964844,35.689170837402344,79316500
"2021-11-30",38.41999816894531,38.58000183105469,37.900001525878906,37.959999084472656,34.83572006225586,121263700
"2021-12-01",38.630001068115234,38.880001068115234,37.540000915527344,37.540000915527344,34.450279235839844,101946500
"2021-12-02",37.88999938964844,38.869998931884766,37.75,38.65999984741211,35.478092193603516,98076400
"2021-12-03",38.709999084472656,38.810001373291016,37.72999954223633,38.029998779296875,34.89994812011719,97178200
"2021-12-06",38.630001068115234,38.97999954223633,38.33000183105469,38.61000061035156,35.432228088378906,69716600
"2021-12-07",39.060001373291016,39.40999984741211,38.869998931884766,39.29999923706055,36.065425872802734,115475500
"2021-12-08",39.31999969482422,39.47999954223633,38.9900016784668,39.09000015258789,35.872718811035156,53033200
"2021-12-09",38.900001525878906,39.209999084472656,38.7599983215332,39.0099983215332,35.79929733276367,45521100
"2021-12-10",39.279998779296875,39.290000915527344,38.79999923706055,39.04999923706055,35.836002349853516,38900900
"2021-12-13",38.959999084472656,38.970001220703125,38.5,38.630001068115234,35.4505729675293,44343000
"2021-12-14",38.56999969482422,39.150001525878906,38.540000915527344,38.86000061035156,35.66163635253906,51734400
"2021-12-15",38.959999084472656,39.09000015258789,38.47999954223633,38.970001220703125,35.76259231567383,70424900
"2021-12-16",39.41999816894531,39.7400016784668,39.220001220703125,39.459999084472656,36.212257385253906,71156600
"2021-12-17",39.20000076293945,39.25,38.349998474121094,38.59000015258789,35.41386413574219,97654400
"2021-12-20",37.810001373291016,37.86000061035156,37.209999084472656,37.65999984741211,34.725982666015625,85242300
"2021-12-21",38.040000915527344,38.61000061035156,38.040000915527344,38.439998626708984,35.445213317871094,57667900
"2021-12-22",38.33000183105469,38.650001525878906,38.27000045776367,38.619998931884766,35.6111946105957,49702700
"2021-12-23",38.84000015258789,39.16999816894531,38.79999923706055,38.81999969482422,35.79560470581055,39057300
"2021-12-27",38.939998626708984,39.220001220703125,38.7400016784668,39.220001220703125,36.16444396972656,36120300
"2021-12-28",39.150001525878906,39.4900016784668,39.13999938964844,39.2400016784668,36.182891845703125,34055200
"2021-12-29",39.31999969482422,39.43000030517578,39.13999938964844,39.189998626708984,36.136783599853516,27150500
"2021-12-30",39.310001373291016,39.529998779296875,39.0,39.119998931884766,36.07223129272461,30089100
"2021-12-31",39.040000915527344,39.2400016784668,38.970001220703125,39.04999923706055,36.007694244384766,28497800
"2022-01-03",39.34000015258789,39.68000030517578,39.31999969482422,39.529998779296875,36.450294494628906,49884400
"2022-01-04",39.9900016784668,40.70000076293945,39.970001220703125,40.56999969482422,37.409263610839844,74210200
"2022-01-05",40.689998626708984,40.900001525878906,40.06999969482422,40.099998474121094,36.97588348388672,76288400
"2022-01-06",40.52000045776367,40.720001220703125,40.150001525878906,40.689998626708984,37.519920349121094,57725200
"2022-01-07",40.779998779296875,41.27000045776367,40.63999938964844,41.16999816894531,37.9625244140625,62185500
"2022-01-10",41.43000030517578,41.459999084472656,40.599998474121094,41.029998779296875,37.83342742919922,73620000
"2022-01-11",41.18000030517578,41.40999984741211,40.79999923706055,41.38999938964844,38.165382385253906,60706300
"2022-01-12",41.5,41.65999984741211,41.220001220703125,41.41999816894531,38.19304656982422,51560600
"2022-01-13",41.47999954223633,41.70000076293945,41.119998931884766,41.2599983215332,38.04551315307617,51659600
"2022-01-14",40.599998474121094,40.869998931884766,40.34000015258789,40.83000183105469,37.64902114868164,81135500
"2022-01-18",40.560001373291016,40.599998474121094,39.66999816894531,39.91999816894531,36.80990982055664,82526700
"2022-01-19",40.220001220703125,40.2400016784668,39.220001220703125,39.25,36.19211196899414,85975100
"2022-01-20",39.36000061035156,39.869998931884766,38.91999816894531,39.0,35.96158218383789,80314000
"2022-01-21",38.84000015258789,38.95000076293945,38.040000915527344,38.20000076293945,35.223915100097656,117914300
"2022-01-24",37.540000915527344,38.38999938964844,36.81999969482422,38.310001373291016,35.32533645629883,169153300
"2022-01-25",37.880001068115234,38.75,37.2599983215332,38.470001220703125,35.472877502441406,97364900
"2022-01-26",38.88999938964844,39.209999084472656,38.11000061035156,38.56999969482422,35.56509017944336,106682000
"2022-01-27",38.939998626708984,39.34000015258789,37.970001220703125,38.220001220703125,35.24235153198242,91498900
"2022-01-28",38.06999969482422,38.72999954223633,37.59000015258789,38.720001220703125,35.70339584350586,79753600
"2022-01-31",38.45000076293945,39.09000015258789,38.220001220703125,39.060001373291016,36.01691436767578,58740900
"2022-02-01",39.11000061035156,39.70000076293945,38.90999984741211,39.599998474121094,36.51484298706055,64601500
"2022-02-02",39.58000183105469,39.939998626708984,39.33000183105469,39.869998931884766,36.76380920410156,46649400
"2022-02-03",39.86000061035156,40.0,39.369998931884766,39.43000030517578,36.35808181762695,50677000
"2022-02-04",39.5,40.439998626708984,39.47999954223633,40.099998474121094,36.97588348388672,77792400
"2022-02-07",40.150001525878906,40.47999954223633,39.91999816894531,40.220001220703125,37.0865364074707,52710400
"2022-02-08",40.5,40.880001068115234,40.400001525878906,40.779998779296875,37.60291290283203,56921200
"2022-02-09",41.0,41.310001373291016,40.900001525878906,41.040000915527344,37.8426513671875,67505300
"2022-02-10",40.849998474121094,41.38999938964844,40.5099983215332,40.68000030517578,37.51070785522461,67260800
"2022-02-11",40.54999923706055,41.040000915527344,39.869998931884766,40.11000061035156,36.985111236572266,77962800
"2022-02-14",40.09000015258789,40.22999954223633,39.33000183105469,39.65999984741211,36.570167541503906,71521600
"2022-02-15",40.13999938964844,40.40999984741211,40.0,40.20000076293945,37.06809616088867,55439600
"2022-02-16",40.0,40.40999984741211,39.95000076293945,40.22999954223633,37.09575271606445,41168800
"2022-02-17",39.810001373291016,39.939998626708984,39.119998931884766,39.22999954223633,36.17366409301758,59107800
"2022-02-18",39.189998626708984,39.54999923706055,39.02000045776367,39.220001220703125,36.16444396972656,47816500
"2022-02-22",39.040000915527344,39.400001525878906,38.689998626708984,39.02000045776367,35.98003005981445,60719700
"2022-02-23",39.310001373291016,39.43000030517578,38.2400016784668,38.34000015258789,35.35301208496094,64169800
"2022-02-24",37.06999969482422,38.0,36.79999923706055,37.880001068115234,34.9288444519043,143075700
"2022-02-25",38.130001068115234,39.20000076293945,38.119998931884766,39.099998474121094,36.05379867553711,99127100
"2022-02-28",38.16999816894531,38.77000045776367,38.119998931884766,38.52000045776367,35.518978118896484,107370200
"2022-03-01",38.150001525878906,38.2599983215332,36.849998474121094,37.099998474121094,34.2096061706543,129873100
"2022-03-02",37.40999984741211,38.279998779296875,37.38999938964844,38.060001373291016,35.09482192993164,88182500
"2022-03-03",38.22999954223633,38.43000030517578,37.619998931884766,37.939998626708984,34.98416519165039,71952600
"2022-03-04",37.27000045776367,37.279998779296875,36.79999923706055,37.22999954223633,34.3294792175293,105904100
"2022-03-07",36.88999938964844,36.93000030517578,35.849998474121094,35.869998931884766,33.075439453125,116046200
"2022-03-08",36.02000045776367,36.66999816894531,35.4900016784668,35.65999984741211,32.88179397583008,114915000
"2022-03-09",36.849998474121094,37.279998779296875,36.70000076293945,36.970001220703125,34.089744567871094,88716400
"2022-03-10",36.36000061035156,36.900001525878906,36.25,36.65999984741211,33.803890228271484,71547300
"2022-03-11",36.97999954223633,37.209999084472656,36.380001068115234,36.400001525878906,33.564144134521484,76788200
"2022-03-14",36.95000076293945,37.459999084472656,36.689998626708984,36.86000061035156,33.98830795288086,70969700
"2022-03-15",37.22999954223633,37.439998626708984,36.90999984741211,37.380001068115234,34.46779251098633,51828700
"2022-03-16",37.86000061035156,38.4900016784668,37.7400016784668,38.43000030517578,35.435997009277344,87007600
"2022-03-17",38.209999084472656,38.91999816894531,37.959999084472656,38.90999984741211,35.878597259521484,58266400
"2022-03-18",38.900001525878906,39.099998474121094,38.529998779296875,39.0,35.96158218383789,82342500
"2022-03-21",39.02000045776367,39.13999938964844,38.61000061035156,38.810001373291016,35.92641067504883,46828600
"2022-03-22",39.27000045776367,39.689998626708984,39.220001220703125,39.439998626708984,36.50959396362305,61053100
"2022-03-23",39.189998626708984,39.279998779296875,38.689998626708984,38.709999084472656,35.83384323120117,42142600
"2022-03-24",38.97999954223633,39.060001373291016,38.70000076293945,39.02000045776367,36.12080383300781,30421500
"2022-03-25",39.150001525878906,39.599998474121094,39.09000015258789,39.52000045776367,36.58365249633789,48613100
"2022-03-28",39.400001525878906,39.439998626708984,38.959999084472656,39.40999984741211,36.481834411621094,44761000
"2022-03-29",39.88999938964844,40.0099983215332,39.27000045776367,39.5,36.56514358520508,67968600
"2022-03-30",39.5,39.52000045776367,38.9900016784668,39.220001220703125,36.30593490600586,47405300
"2022-03-31",39.16999816894531,39.33000183105469,38.310001373291016,38.31999969482422,35.47281265258789,66619600
"2022-04-01",38.58000183105469,38.65999984741211,37.95000076293945,38.220001220703125,35.38024139404297,68422500
"2022-04-04",38.130001068115234,38.36000061035156,37.779998779296875,38.04999923706055,35.22288131713867,134312400
"2022-04-05",37.900001525878906,38.310001373291016,37.720001220703125,37.810001373291016,35.00071334838867,56165700
"2022-04-06",37.5099983215332,37.709999084472656,37.40999984741211,37.54999923706055,34.760013580322266,55835100
"2022-04-07",37.52000045776367,37.689998626708984,36.97999954223633,37.5099983215332,34.72299575805664,53346900
"2022-04-08",37.65999984741211,38.060001373291016,37.560001373291016,37.88999938964844,35.07475662231445,44672300
"2022-04-11",37.790000915527344,38.15999984741211,37.65999984741211,37.720001220703125,34.91739273071289,54435500
"2022-04-12",37.689998626708984,38.040000915527344,37.150001525878906,37.310001373291016,34.537864685058594,67215400
"2022-04-13",36.959999084472656,37.33000183105469,36.88999938964844,37.310001373291016,34.537864685058594,57445600
"2022-04-14",37.22999954223633,37.4900016784668,36.880001068115234,36.88999938964844,34.14906692504883,68544200
"2022-04-18",36.65999984741211,37.279998779296875,36.650001525878906,37.11000061035156,34.35271453857422,52748400
"2022-04-19",37.209999084472656,37.68000030517578,37.20000076293945,37.619998931884766,34.82482147216797,41519100
"2022-04-20",37.90999984741211,38.150001525878906,37.790000915527344,37.880001068115234,35.06551742553711,54635800
"2022-04-21",38.13999938964844,38.31999969482422,37.209999084472656,37.279998779296875,34.51008224487305,54998100
"2022-04-22",37.220001220703125,37.22999954223633,36.130001068115234,36.16999816894531,33.48255920410156,73170900
"2022-04-25",35.869998931884766,36.310001373291016,35.33000183105469,36.22999954223633,33.538108825683594,91392800
"2022-04-26",35.81999969482422,36.20000076293945,35.29999923706055,35.31999969482422,32.69571304321289,81457500
"2022-04-27",35.27000045776367,35.650001525878906,35.15999984741211,35.290000915527344,32.667945861816406,81603000
"2022-04-28",35.650001525878906,35.869998931884766,35.119998931884766,35.7400016784668,33.08450698852539,62680000
"2022-04-29",35.560001373291016,35.689998626708984,34.43000030517578,34.5099983215332,31.945898056030273,74631700
"2022-05-02",34.66999816894531,34.790000915527344,33.84000015258789,34.52000045776367,31.955167770385742,104408800
"2022-05-03",34.7599983215332,35.31999969482422,34.63999938964844,34.970001220703125,32.37171936035156,73896300
"2022-05-04",35.029998779296875,36.099998474121094,34.90999984741211,36.040000915527344,33.36222457885742,87794900
"2022-05-05",35.619998931884766,35.689998626708984,34.560001373291016,34.9900016784668,32.39023971557617,101093900
"2022-05-06",34.849998474121094,34.900001525878906,34.2400016784668,34.7400016784668,32.158809661865234,99281900
"2022-05-09",34.27000045776367,34.47999954223633,33.75,33.90999984741211,31.390487670898438,85922800
"2022-05-10",34.220001220703125,34.439998626708984,33.189998626708984,33.61000061035156,31.11277198791504,107581200
"2022-05-11",33.650001525878906,34.33000183105469,33.25,33.29999923706055,30.825803756713867,110212200
"2022-05-12",33.02000045776367,33.36000061035156,32.40999984741211,33.04999923706055,30.59438133239746,114304100
"2022-05-13",33.45000076293945,33.810001373291016,33.22999954223633,33.529998779296875,31.03870964050293,64036200
"2022-05-16",33.400001525878906,33.54999923706055,32.9900016784668,33.25,30.77952003479004,55662200
"2022-05-17",33.900001525878906,34.2400016784668,33.709999084472656,34.13999938964844,31.603397369384766,62859300
"2022-05-18",33.81999969482422,33.869998931884766,33.06999969482422,33.20000076293945,30.73323631286621,74279300
"2022-05-19",32.75,33.220001220703125,32.70000076293945,32.97999954223633,30.52957534790039,71525400
"2022-05-20",33.209999084472656,33.380001068115234,32.22999954223633,32.91999816894531,30.474037170410156,77984600
"2022-05-23",33.54999923706055,34.2400016784668,33.380001068115234,33.9900016784668,31.46453285217285,78189300
"2022-05-24",33.790000915527344,34.029998779296875,33.220001220703125,33.91999816894531,31.39973258972168,77871200
"2022-05-25",33.84000015258789,34.400001525878906,33.7400016784668,34.189998626708984,31.64967155456543,72192600
"2022-05-26",34.560001373291016,35.099998474121094,34.529998779296875,34.97999954223633,32.380977630615234,50803200
"2022-05-27",35.130001068115234,35.63999938964844,35.06999969482422,35.56999969482422,32.927146911621094,43862500
"2022-05-31",35.279998779296875,35.7400016784668,35.09000015258789,35.470001220703125,32.83456802368164,64778900
"2022-06-01",35.380001068115234,35.470001220703125,34.56999969482422,34.900001525878906,32.306922912597656,48642400
"2022-06-02",34.93000030517578,35.40999984741211,34.65999984741211,35.380001068115234,32.751258850097656,45334700
"2022-06-03",35.04999923706055,35.20000076293945,34.83000183105469,34.869998931884766,32.27914810180664,36699400
"2022-06-06",35.15999984741211,35.52000045776367,34.959999084472656,34.970001220703125,32.37171936035156,32829600
"2022-06-07",34.72999954223633,35.27000045776367,34.70000076293945,35.2400016784668,32.621665954589844,32031400
"2022-06-08",34.970001220703125,35.06999969482422,34.4900016784668,34.619998931884766,32.04772186279297,38251800
"2022-06-09",34.58000183105469,34.599998474121094,33.72999954223633,33.75,31.242372512817383,49715100
"2022-06-10",33.02000045776367,33.13999938964844,32.5,32.529998779296875,30.113014221191406,74190900
"2022-06-13",31.709999084472656,32.099998474121094,31.3700008392334,31.559999465942383,29.215085983276367,104065100
"2022-06-14",31.690000534057617,31.90999984741211,31.049999237060547,31.290000915527344,28.965147018432617,75592200
"2022-06-15",31.6200008392334,32.09000015258789,31.100000381469727,31.639999389648438,29.289134979248047,87858800
"2022-06-16",31.0,31.010000228881836,30.579999923706055,30.84000015258789,28.548582077026367,100838500
"2022-06-17",30.90999984741211,31.280000686645508,30.6299991607666,30.93000030517578,28.631895065307617,116937700
"2022-06-21",31.469999313354492,31.579999923706055,31.190000534057617,31.3799991607666,29.20330238342285,58065800
"2022-06-22",31.020000457763672,31.600000381469727,30.979999542236328,31.309999465942383,29.138158798217773,48035800
"2022-06-23",31.329999923706055,31.389999389648438,30.68000030517578,31.190000534057617,29.026485443115234,69348900
"2022-06-24",31.31999969482422,32.369998931884766,31.270000457763672,32.34000015258789,30.096717834472656,65489300
"2022-06-27",32.59000015258789,32.59000015258789,32.08000183105469,32.22999954223633,29.994340896606445,47244800
"2022-06-28",32.560001373291016,32.869998931884766,31.889999389648438,31.90999984741211,29.6965389251709,42459900
"2022-06-29",31.940000534057617,32.060001373291016,31.6200008392334,31.729999542236328,29.529024124145508,64507500
"2022-06-30",31.229999542236328,31.729999542236328,30.850000381469727,31.450000762939453,29.268449783325195,75294300
"2022-07-01",31.350000381469727,31.979999542236328,31.139999389648438,31.8799991607666,29.668621063232422,77308400
"2022-07-05",31.3799991607666,31.790000915527344,31.020000457763672,31.770000457763672,29.566255569458008,51536800
"2022-07-06",31.700000762939453,31.950000762939453,31.389999389648438,31.690000534057617,29.491802215576172,48001700
"2022-07-07",31.959999084472656,32.2400016784668,31.93000030517578,32.150001525878906,29.91989517211914,33120100
"2022-07-08",32.2400016784668,32.34000015258789,31.950000762939453,32.08000183105469,29.854747772216797,29062200
"2022-07-11",31.899999618530273,32.060001373291016,31.729999542236328,31.81999969482422,29.6127872467041,30564300
"2022-07-12",31.579999923706055,32.20000076293945,31.559999465942383,31.6200008392334,29.42665672302246,38211000
"2022-07-13",31.280000686645508,31.549999237060547,30.950000762939453,31.34000015258789,29.166080474853516,51441600
"2022-07-14",30.700000762939453,30.84000015258789,30.3700008392334,30.739999771118164,28.607698440551758,57782300
"2022-07-15",31.18000030517578,31.959999084472656,31.100000381469727,31.780000686645508,29.575557708740234,59650200
"2022-07-18",32.22999954223633,32.45000076293945,31.520000457763672,31.65999984741211,29.463878631591797,38671600
"2022-07-19",32.08000183105469,32.709999084472656,31.989999771118164,32.61000061035156,30.34798240661621,40568000
"2022-07-20",32.540000915527344,32.790000915527344,32.439998626708984,32.72999954223633,30.459657669067383,38507700
"2022-07-21",32.63999938964844,32.939998626708984,32.38999938964844,32.939998626708984,30.65509033203125,40561800
"2022-07-22",32.9900016784668,33.15999984741211,32.5,32.75,30.47827911376953,25741200
"2022-07-25",32.95000076293945,33.11000061035156,32.720001220703125,32.959999084472656,30.673709869384766,24699300
"2022-07-26",32.79999923706055,32.9900016784668,32.41999816894531,32.5,30.24561882019043,26357800
"2022-07-27",32.630001068115234,33.15999984741211,32.52000045776367,33.0,30.7109317779541,44817200
"2022-07-28",33.029998779296875,33.25,32.5,33.2400016784668,30.934284210205078,40974600
"2022-07-29",33.31999969482422,33.81999969482422,33.290000915527344,33.709999084472656,31.371685028076172,38724000
"2022-08-01",33.38999938964844,33.619998931884766,33.20000076293945,33.43000030517578,31.111112594604492,35131300
"2022-08-02",33.27000045776367,33.4900016784668,33.02000045776367,33.060001373291016,30.766773223876953,36806900
"2022-08-03",33.310001373291016,33.63999938964844,33.119998931884766,33.560001373291016,31.232084274291992,27314900
"2022-08-04",33.529998779296875,33.619998931884766,33.38999938964844,33.45000076293945,31.129718780517578,24505800
"2022-08-05",33.36000061035156,33.849998474121094,33.2400016784668,33.689998626708984,31.353071212768555,34366100
"2022-08-08",33.939998626708984,34.04999923706055,33.63999938964844,33.66999816894531,31.33445167541504,24369100
"2022-08-09",33.72999954223633,33.93000030517578,33.66999816894531,33.84000015258789,31.492671966552734,26425400
"2022-08-10",34.43000030517578,34.72999954223633,34.36000061035156,34.599998474121094,32.19994354248047,45366000
"2022-08-11",34.91999816894531,35.22999954223633,34.880001068115234,35.0099983215332,32.581504821777344,46985200
"2022-08-12",35.18000030517578,35.56999969482422,35.0,35.560001373291016,33.093353271484375,36370300
"2022-08-15",35.20000076293945,35.650001525878906,35.130001068115234,35.54999923706055,33.08405303955078,25366000
"2022-08-16",35.38999938964844,35.970001220703125,35.38999938964844,35.810001373291016,33.326011657714844,41300800
"2022-08-17",35.400001525878906,35.790000915527344,35.380001068115234,35.630001068115234,33.158504486083984,33158000
"2022-08-18",35.599998474121094,35.720001220703125,35.43000030517578,35.66999816894531,33.19572830200195,15966200
"2022-08-19",35.459999084472656,35.459999084472656,34.84000015258789,34.959999084472656,32.534969329833984,33587400
"2022-08-22",34.45000076293945,34.459999084472656,34.099998474121094,34.189998626708984,31.818384170532227,36810100
"2022-08-23",34.150001525878906,34.400001525878906,34.04999923706055,34.04999923706055,31.68809700012207,23244000
"2022-08-24",33.9900016784668,34.34000015258789,33.91999816894531,34.22999954223633,31.855607986450195,20682200
"2022-08-25",34.29999923706055,34.790000915527344,34.209999084472656,34.7599983215332,32.348846435546875,26402600
"2022-08-26",34.90999984741211,34.91999816894531,33.689998626708984,33.720001220703125,31.38098907470703,38230600
"2022-08-29",33.470001220703125,33.720001220703125,33.279998779296875,33.47999954223633,31.15763282775879,34872100
"2022-08-30",33.59000015258789,33.70000076293945,33.099998474121094,33.29999923706055,30.990123748779297,41870700
"2022-08-31",33.470001220703125,33.59000015258789,33.0,33.04999923706055,30.75746726989746,39768200
"2022-09-01",32.90999984741211,33.20000076293945,32.5099983215332,33.150001525878906,30.85051918029785,40604600
"2022-09-02",33.529998779296875,33.810001373291016,32.72999954223633,32.88999938964844,30.608566284179688,43208800
"2022-09-06",33.060001373291016,33.13999938964844,32.47999954223633,32.810001373291016,30.53411102294922,45877100
"2022-09-07",32.709999084472656,33.52000045776367,32.65999984741211,33.459999084472656,31.139019012451172,35023000
"2022-09-08",33.290000915527344,34.06999969482422,33.150001525878906,34.04999923706055,31.68809700012207,50760900
"2022-09-09",34.20000076293945,34.45000076293945,34.189998626708984,34.36000061035156,31.976598739624023,41327100
"2022-09-12",34.5,34.81999969482422,34.41999816894531,34.63999938964844,32.23716735839844,41969600
"2022-09-13",33.959999084472656,34.08000183105469,33.2400016784668,33.349998474121094,31.036657333374023,60771600
"2022-09-14",33.41999816894531,33.58000183105469,32.95000076293945,33.25,30.943592071533203,39233200
"2022-09-15",33.290000915527344,33.790000915527344,33.20000076293945,33.36000061035156,31.045961380004883,47653000
"2022-09-16",33.029998779296875,33.119998931884766,32.709999084472656,33.060001373291016,30.766773223876953,53893300
"2022-09-19",32.5,33.279998779296875,32.5,33.2599983215332,31.11572265625,36491400
"2022-09-20",32.9900016784668,33.060001373291016,32.470001220703125,32.77000045776367,30.657312393188477,42193600
"2022-09-21",32.97999954223633,33.099998474121094,32.06999969482422,32.09000015258789,30.021154403686523,49644600
"2022-09-22",32.15999984741211,32.209999084472656,31.489999771118164,31.549999237060547,29.515972137451172,52299500
"2022-09-23",31.239999771118164,31.309999465942383,30.600000381469727,31.049999237060547,29.048202514648438,56801000
"2022-09-26",30.81999969482422,31.110000610351562,30.34000015258789,30.559999465942383,28.589792251586914,49969700
"2022-09-27",30.799999237060547,30.959999084472656,30.1200008392334,30.43000030517578,28.46817398071289,60630400
"2022-09-28",30.520000457763672,31.209999084472656,30.440000534057617,31.030000686645508,29.02949333190918,46088700
"2022-09-29",30.700000762939453,30.81999969482422,30.260000228881836,30.639999389648438,28.664634704589844,41860000
"2022-09-30",30.65999984741211,31.040000915527344,30.280000686645508,30.360000610351562,28.402687072753906,37984300
"2022-10-03",30.65999984741211,31.34000015258789,30.299999237060547,31.18000030517578,29.169822692871094,47086100
"2022-10-04",31.65999984741211,32.369998931884766,31.6200008392334,32.34000015258789,30.255035400390625,53441800
"2022-10-05",31.84000015258789,32.27000045776367,31.729999542236328,32.09000015258789,30.021154403686523,41766800
"2022-10-06",31.90999984741211,32.130001068115234,31.56999969482422,31.639999389648438,29.600168228149414,34717900
"2022-10-07",31.360000610351562,31.459999084472656,30.719999313354492,30.889999389648438,28.898515701293945,36380700
"2022-10-10",31.059999465942383,31.190000534057617,30.56999969482422,30.75,28.767541885375977,31011700
"2022-10-11",30.549999237060547,30.8700008392334,30.229999542236328,30.360000610351562,28.402687072753906,50431900
"2022-10-12",30.3700008392334,30.690000534057617,30.18000030517578,30.290000915527344,28.337200164794922,48265700
"2022-10-13",29.68000030517578,31.6200008392334,29.59000015258789,31.540000915527344,29.506610870361328,83086100
"2022-10-14",31.81999969482422,32.189998626708984,30.940000534057617,31.010000228881836,29.010784149169922,60886900
"2022-10-17",31.670000076293945,32.0,31.579999923706055,31.790000915527344,29.740497589111328,47222200
"2022-10-18",32.619998931884766,32.65999984741211,31.93000030517578,32.29999923706055,30.217613220214844,48150700
"2022-10-19",32.02000045776367,32.290000915527344,31.59000015258789,31.770000457763672,29.721786499023438,35205700
"2022-10-20",31.729999542236328,32.04999923706055,31.170000076293945,31.260000228881836,29.244667053222656,43124400
"2022-10-21",31.350000381469727,32.220001220703125,31.1200008392334,32.189998626708984,30.11470603942871,54487300
"2022-10-24",32.380001068115234,32.77000045776367,32.279998779296875,32.619998931884766,30.516983032226562,40117200
"2022-10-25",32.45000076293945,33.06999969482422,32.38999938964844,33.0099983215332,30.881837844848633,33950300
"2022-10-26",33.11000061035156,33.459999084472656,33.02000045776367,33.09000015258789,30.956682205200195,38012100
"2022-10-27",33.400001525878906,33.72999954223633,33.29999923706055,33.36000061035156,31.20927619934082,41232200
"2022-10-28",33.45000076293945,34.22999954223633,33.38999938964844,34.189998626708984,31.985763549804688,36421300
"2022-10-31",33.970001220703125,34.209999084472656,33.93000030517578,33.97999954223633,31.789302825927734,40083800
"2022-11-01",34.2599983215332,34.349998474121094,33.91999816894531,34.06999969482422,31.873502731323242,38946100
"2022-11-02",34.0,34.599998474121094,33.61000061035156,33.63999938964844,31.471221923828125,58039800
"2022-11-03",33.220001220703125,33.560001373291016,33.08000183105469,33.29999923706055,31.153141021728516,40828100
"2022-11-04",33.779998779296875,34.09000015258789,33.43000030517578,33.90999984741211,31.72381591796875,41825600
"2022-11-07",34.15999984741211,34.27000045776367,33.939998626708984,34.25,32.04190444946289,30060300
"2022-11-08",34.2599983215332,34.619998931884766,34.09000015258789,34.45000076293945,32.229007720947266,34839600
"2022-11-09",34.220001220703125,34.349998474121094,33.79999923706055,33.869998931884766,31.686397552490234,42126200
"2022-11-10",34.900001525878906,35.630001068115234,34.810001373291016,35.58000183105469,33.28615188598633,67677700
"2022-11-11",35.7599983215332,36.029998779296875,35.630001068115234,35.869998931884766,33.55744934082031,46076100
"2022-11-14",35.77000045776367,35.79999923706055,35.33000183105469,35.36000061035156,33.0803337097168,38002700
"2022-11-15",35.7400016784668,35.880001068115234,35.08000183105469,35.439998626708984,33.15517807006836,57802100
"2022-11-16",35.41999816894531,35.5099983215332,35.150001525878906,35.27000045776367,32.99614715576172,32852400
"2022-11-17",34.86000061035156,35.099998474121094,34.7599983215332,35.08000183105469,32.818389892578125,35706900
"2022-11-18",35.54999923706055,35.599998474121094,35.08000183105469,35.369998931884766,33.089683532714844,39455400
"2022-11-21",35.31999969482422,35.54999923706055,35.279998779296875,35.47999954223633,33.192596435546875,24630900
"2022-11-22",35.66999816894531,35.880001068115234,35.66999816894531,35.84000015258789,33.529388427734375,29582300
"2022-11-23",35.779998779296875,36.08000183105469,35.779998779296875,35.9900016784668,33.66972351074219,27916900
"2022-11-25",36.029998779296875,36.15999984741211,35.959999084472656,36.11000061035156,33.781986236572266,11266500
"2022-11-28",35.90999984741211,36.060001373291016,35.43000030517578,35.4900016784668,33.20195770263672,34196600
"2022-11-29",35.45000076293945,35.779998779296875,35.40999984741211,35.70000076293945,33.39841842651367,31489600
"2022-11-30",35.650001525878906,36.31999969482422,35.13999938964844,36.310001373291016,33.969093322753906,58607000
"2022-12-01",36.4900016784668,36.4900016784668,35.81999969482422,36.099998474121094,33.772621154785156,58157600
"2022-12-02",35.720001220703125,35.959999084472656,35.61000061035156,35.93000030517578,33.613590240478516,40483300
"2022-12-05",35.65999984741211,35.720001220703125,34.849998474121094,35.040000915527344,32.78096389770508,53402000
"2022-12-06",35.0,35.20000076293945,34.45000076293945,34.72999954223633,32.49095153808594,45102200
"2022-12-07",34.59000015258789,34.97999954223633,34.5099983215332,34.59000015258789,32.35997772216797,37775900
"2022-12-08",34.689998626708984,34.86000061035156,34.5,34.619998931884766,32.38804244995117,46600900
"2022-12-09",34.4900016784668,34.779998779296875,34.47999954223633,34.529998779296875,32.30384826660156,40885600
"2022-12-12",34.54999923706055,35.029998779296875,34.38999938964844,34.9900016784668,32.734195709228516,72570900
"2022-12-13",35.900001525878906,35.900001525878906,34.849998474121094,35.08000183105469,32.818389892578125,55659000
"2022-12-14",34.9900016784668,35.33000183105469,34.4900016784668,34.63999938964844,32.4067497253418,54685100
"2022-12-15",34.099998474121094,34.2400016784668,33.7400016784668,33.959999084472656,31.770593643188477,70330100
"2022-12-16",33.599998474121094,33.79999923706055,33.38999938964844,33.70000076293945,31.527359008789062,59619300
"2022-12-19",33.400001525878906,33.7400016784668,33.189998626708984,33.400001525878906,31.44263458251953,37456800
"2022-12-20",33.529998779296875,33.77000045776367,33.40999984741211,33.540000915527344,31.574426651000977,45446400
"2022-12-21",33.86000061035156,34.15999984741211,33.84000015258789,34.060001373291016,32.063941955566406,31318100
"2022-12-22",33.84000015258789,33.869998931884766,33.209999084472656,33.7599983215332,31.781538009643555,25605100
"2022-12-23",33.7400016784668,34.0,33.56999969482422,33.95000076293945,31.960405349731445,17116200
"2022-12-27",34.02000045776367,34.099998474121094,33.79999923706055,33.939998626708984,31.950986862182617,25601100
"2022-12-28",34.0,34.09000015258789,33.779998779296875,33.81999969482422,31.8380184173584,24395100
"2022-12-29",34.0,34.349998474121094,33.91999816894531,34.290000915527344,32.28046417236328,26624200
"2022-12-30",34.040000915527344,34.27000045776367,33.91999816894531,34.20000076293945,32.195743560791016,24735700
"2023-01-03",34.45000076293945,34.689998626708984,34.06999969482422,34.31999969482422,32.308712005615234,37396500
"2023-01-04",34.66999816894531,35.119998931884766,34.56999969482422,34.869998931884766,32.82648468017578,44669300
"2023-01-05",34.75,34.75,34.369998931884766,34.61000061035156,32.58171463012695,45585700
"2023-01-06",34.84000015258789,35.4900016784668,34.599998474121094,35.380001068115234,33.30659866333008,41229700
"2023-01-09",35.5,35.70000076293945,35.15999984741211,35.25,33.18421173095703,48726600
"2023-01-10",35.189998626708984,35.47999954223633,35.06999969482422,35.45000076293945,33.37248611450195,34663700
"2023-01-11",35.540000915527344,35.779998779296875,35.470001220703125,35.779998779296875,33.68315505981445,32014700
"2023-01-12",35.900001525878906,36.060001373291016,35.619998931884766,35.849998474121094,33.74905776977539,56642400
"2023-01-13",35.38999938964844,36.16999816894531,35.2599983215332,36.119998931884766,34.00322723388672,65920900
"2023-01-17",36.029998779296875,36.04999923706055,35.77000045776367,35.880001068115234,33.77729797363281,65345200
"2023-01-18",35.68000030517578,35.900001525878906,35.18000030517578,35.209999084472656,33.14655685424805,53693000
"2023-01-19",34.779998779296875,34.97999954223633,34.560001373291016,34.79999923706055,32.760581970214844,61169500
"2023-01-20",34.900001525878906,35.369998931884766,34.7400016784668,35.349998474121094,33.278350830078125,42330100
"2023-01-23",35.380001068115234,35.90999984741211,35.27000045776367,35.7599983215332,33.66432571411133,44997300
"2023-01-24",35.70000076293945,35.939998626708984,35.29999923706055,35.779998779296875,33.68315505981445,34333500
"2023-01-25",35.470001220703125,36.06999969482422,35.459999084472656,36.060001373291016,33.94674301147461,38458700
"2023-01-26",36.150001525878906,36.310001373291016,35.90999984741211,36.25,34.125606536865234,29944200
"2023-01-27",36.20000076293945,36.459999084472656,36.150001525878906,36.25,34.125606536865234,30787400
"2023-01-30",36.060001373291016,36.33000183105469,36.0099983215332,36.06999969482422,33.956153869628906,31595000
"2023-01-31",36.13999938964844,36.56999969482422,35.970001220703125,36.560001373291016,34.417442321777344,30282100
"2023-02-01",36.18000030517578,36.880001068115234,36.099998474121094,36.560001373291016,34.417442321777344,51418700
"2023-02-02",36.7599983215332,36.810001373291016,36.369998931884766,36.65999984741211,34.51158905029297,42107300
"2023-02-03",36.369998931884766,36.900001525878906,36.36000061035156,36.59000015258789,34.44568634033203,43155000
"2023-02-06",36.380001068115234,36.59000015258789,36.29999923706055,36.58000183105469,34.43627166748047,32273600
"2023-02-07",36.349998474121094,37.11000061035156,36.349998474121094,37.0,34.83165740966797,33000500
"2023-02-08",36.72999954223633,37.099998474121094,36.68000030517578,36.779998779296875,34.62454605102539,34555500
"2023-02-09",36.93000030517578,37.040000915527344,36.290000915527344,36.369998931884766,34.23857116699219,44329600
"2023-02-10",36.189998626708984,36.52000045776367,36.06999969482422,36.4900016784668,34.35154724121094,28108900
"2023-02-13",36.470001220703125,36.90999984741211,36.439998626708984,36.90999984741211,34.746925354003906,32209000
"2023-02-14",36.84000015258789,37.08000183105469,36.47999954223633,36.709999084472656,34.558650970458984,33525300
"2023-02-15",36.41999816894531,36.77000045776367,36.369998931884766,36.75,34.596309661865234,28510000
"2023-02-16",36.400001525878906,36.65999984741211,36.310001373291016,36.380001068115234,34.247989654541016,34379100
"2023-02-17",36.20000076293945,36.439998626708984,36.09000015258789,36.38999938964844,34.257408142089844,35889800
"2023-02-21",36.08000183105469,36.130001068115234,35.47999954223633,35.63999938964844,33.55135726928711,36425200
"2023-02-22",35.63999938964844,35.779998779296875,35.40999984741211,35.599998474121094,33.51369857788086,31065200
"2023-02-23",35.75,35.91999816894531,35.29999923706055,35.630001068115234,33.54193878173828,42357600
"2023-02-24",35.31999969482422,35.77000045776367,35.2599983215332,35.65999984741211,33.57018280029297,48732600
"2023-02-27",35.9900016784668,36.04999923706055,35.58000183105469,35.650001525878906,33.560768127441406,31664600
"2023-02-28",35.70000076293945,35.900001525878906,35.61000061035156,35.720001220703125,33.62666320800781,32531400
"2023-03-01",35.560001373291016,35.7599983215332,35.459999084472656,35.599998474121094,33.51369857788086,32790300
"2023-03-02",35.38999938964844,35.470001220703125,35.0099983215332,35.43000030517578,33.353668212890625,38401900
"2023-03-03",35.56999969482422,36.0,35.5,35.9900016784668,33.88084030151367,33091600
"2023-03-06",36.0099983215332,36.2400016784668,35.90999984741211,36.02000045776367,33.90908432006836,30111100
"2023-03-07",35.88999938964844,35.91999816894531,35.0,35.09000015258789,33.03358840942383,53804400
"2023-03-08",35.04999923706055,35.2400016784668,34.779998779296875,34.959999084472656,32.91121292114258,50860300
"2023-03-09",34.7599983215332,34.81999969482422,33.369998931884766,33.540000915527344,31.574426651000977,107108500
"2023-03-10",33.150001525878906,33.720001220703125,32.529998779296875,32.93000030517578,31.00017547607422,166569400
"2023-03-13",31.760000228881836,32.31999969482422,31.3700008392334,31.6299991607666,29.77635955810547,165965900
"2023-03-14",32.84000015258789,32.849998474121094,31.8700008392334,32.27000045776367,30.37885284423828,128115500
"2023-03-15",31.360000610351562,31.540000915527344,30.959999084472656,31.40999984741211,29.56925392150879,132235000
"2023-03-16",31.200000762939453,32.34000015258789,30.899999618530273,32.0099983215332,30.13408660888672,133892600
"2023-03-17",31.709999084472656,31.709999084472656,30.899999618530273,30.979999542236328,29.164453506469727,136760600
"2023-03-20",31.06999969482422,31.440000534057617,31.020000457763672,31.170000076293945,29.488954544067383,75384500
"2023-03-21",31.8799991607666,32.040000915527344,31.809999465942383,31.959999084472656,30.236347198486328,115899200
"2023-03-22",31.959999084472656,32.04999923706055,31.200000762939453,31.219999313354492,29.536256790161133,67874100
"2023-03-23",31.280000686645508,31.600000381469727,30.790000915527344,31.010000228881836,29.33757972717285,82366300
"2023-03-24",30.6299991607666,31.020000457763672,30.389999389648438,30.989999771118164,29.31866455078125,76619100
"2023-03-27",31.520000457763672,31.59000015258789,31.239999771118164,31.420000076293945,29.725467681884766,61393300
"2023-03-28",31.3799991607666,31.520000457763672,31.219999313354492,31.40999984741211,29.71600914001465,42980100
"2023-03-29",31.75,31.8799991607666,31.610000610351562,31.8700008392334,30.151201248168945,52147200
"2023-03-30",32.099998474121094,32.119998931884766,31.6200008392334,31.799999237060547,30.084972381591797,45061700
"2023-03-31",31.979999542236328,32.15999984741211,31.860000610351562,32.150001525878906,30.41610336303711,49034400
"2023-04-03",32.119998931884766,32.34000015258789,32.02000045776367,32.209999084472656,30.47286033630371,51213500
"2023-04-04",32.290000915527344,32.34000015258789,31.700000762939453,31.90999984741211,30.189041137695312,45939300
"2023-04-05",31.670000076293945,31.959999084472656,31.65999984741211,31.8700008392334,30.151201248168945,57965300
"2023-04-06",31.809999465942383,32.04999923706055,31.780000686645508,31.989999771118164,30.264726638793945,36762300
"2023-04-10",31.8700008392334,32.06999969482422,31.799999237060547,32.060001373291016,30.330955505371094,27900700
"2023-04-11",32.13999938964844,32.47999954223633,32.119998931884766,32.34000015258789,30.595853805541992,53912600
"2023-04-12",32.5,32.66999816894531,32.189998626708984,32.27000045776367,30.529626846313477,63645800
"2023-04-13",32.290000915527344,32.58000183105469,32.06999969482422,32.560001373291016,30.803983688354492,58550300
"2023-04-14",32.900001525878906,33.150001525878906,32.720001220703125,32.880001068115234,31.106731414794922,65276200
"2023-04-17",32.86000061035156,33.27000045776367,32.720001220703125,33.2599983215332,31.466236114501953,69670600
"2023-04-18",33.33000183105469,33.43000030517578,33.08000183105469,33.36000061035156,31.56084442138672,49507500
"2023-04-19",33.310001373291016,33.529998779296875,33.25,33.439998626708984,31.63652801513672,39478900
"2023-04-20",33.220001220703125,33.43000030517578,33.209999084472656,33.34000015258789,31.541921615600586,39291800
"2023-04-21",33.2400016784668,33.2599983215332,33.029998779296875,33.220001220703125,31.428390502929688,41545000
"2023-04-24",33.20000076293945,33.31999969482422,33.060001373291016,33.13999938964844,31.35270118713379,32774200
"2023-04-25",32.93000030517578,32.9900016784668,32.560001373291016,32.56999969482422,30.813447952270508,58534300
"2023-04-26",32.47999954223633,32.65999984741211,32.119998931884766,32.2599983215332,30.520166397094727,54294200
"2023-04-27",32.380001068115234,32.84000015258789,32.380001068115234,32.779998779296875,31.012123107910156,46398800
"2023-04-28",32.619998931884766,33.20000076293945,32.54999923706055,33.16999816894531,31.38109016418457,54598700
"2023-05-01",33.2599983215332,33.43000030517578,33.040000915527344,33.08000183105469,31.295949935913086,31950600
"2023-05-02",32.95000076293945,32.959999084472656,32.029998779296875,32.33000183105469,30.586393356323242,76096700
"2023-05-03",32.369998931884766,32.529998779296875,31.93000030517578,31.959999084472656,30.236347198486328,65642400
"2023-05-04",31.68000030517578,31.850000381469727,31.260000228881836,31.549999237060547,29.848461151123047,76076600
"2023-05-05",32.06999969482422,32.380001068115234,32.02000045776367,32.33000183105469,30.586393356323242,55019400
"2023-05-08",32.5099983215332,32.619998931884766,32.34000015258789,32.380001068115234,30.63369369506836,34323600
"2023-05-09",32.13999938964844,32.38999938964844,32.06999969482422,32.2599983215332,30.520166397094727,29736200
"2023-05-10",32.470001220703125,32.540000915527344,31.799999237060547,32.08000183105469,30.349876403808594,39706100
"2023-05-11",31.8799991607666,32.08000183105469,31.739999771118164,32.029998779296875,30.302566528320312,36693200
"2023-05-12",32.2400016784668,32.2400016784668,31.690000534057617,31.899999618530273,30.17958641052246,36253000
"2023-05-15",31.959999084472656,32.220001220703125,31.899999618530273,32.15999984741211,30.425556182861328,33208500
"2023-05-16",32.099998474121094,32.189998626708984,31.84000015258789,31.860000610351562,30.141738891601562,31241400
"2023-05-17",32.11000061035156,32.59000015258789,32.040000915527344,32.5,30.747222900390625,46818800
"2023-05-18",32.439998626708984,32.779998779296875,32.31999969482422,32.7400016784668,30.974281311035156,42232500
"2023-05-19",32.81999969482422,32.91999816894531,32.45000076293945,32.599998474121094,30.841827392578125,40132900
"2023-05-22",32.709999084472656,32.779998779296875,32.459999084472656,32.65999984741211,30.898601531982422,35286200
"2023-05-23",32.52000045776367,32.689998626708984,32.2599983215332,32.279998779296875,30.53908920288086,42217200
"2023-05-24",32.040000915527344,32.06999969482422,31.790000915527344,31.860000610351562,30.141738891601562,46610700
"2023-05-25",31.780000686645508,31.959999084472656,31.65999984741211,31.850000381469727,30.132278442382812,41658900
"2023-05-26",31.920000076293945,32.189998626708984,31.8700008392334,32.11000061035156,30.378259658813477,44183000
"2023-05-30",32.15999984741211,32.22999954223633,31.889999389648438,32.099998474121094,30.36879539489746,57900500
"2023-05-31",31.90999984741211,31.940000534057617,31.489999771118164,31.760000228881836,30.04713249206543,67667900
"2023-06-01",31.940000534057617,32.16999816894531,31.719999313354492,32.099998474121094,30.36879539489746,48643400
"2023-06-02",32.40999984741211,32.91999816894531,32.40999984741211,32.79999923706055,31.031042098999023,65752900
"2023-06-05",32.84000015258789,32.84000015258789,32.47999954223633,32.630001068115234,30.87021255493164,53591100
"2023-06-06",32.599998474121094,33.09000015258789,32.58000183105469,33.040000915527344,31.258100509643555,46236100
"2023-06-07",33.06999969482422,33.2400016784668,32.869998931884766,33.16999816894531,31.38109016418457,48467100
"2023-06-08",33.060001373291016,33.189998626708984,32.880001068115234,33.13999938964844,31.35270118713379,36261200
"2023-06-09",33.08000183105469,33.290000915527344,33.060001373291016,33.150001525878906,31.362167358398438,34021700
"2023-06-12",33.18000030517578,33.27000045776367,32.88999938964844,33.13999938964844,31.35270118713379,33655200
"2023-06-13",33.11000061035156,33.47999954223633,33.06999969482422,33.34000015258789,31.541921615600586,46054400
"2023-06-14",33.41999816894531,33.59000015258789,33.099998474121094,33.209999084472656,31.418930053710938,57195400
"2023-06-15",33.099998474121094,33.72999954223633,33.06999969482422,33.650001525878906,31.835201263427734,52241800
"2023-06-16",33.79999923706055,33.83000183105469,33.540000915527344,33.58000183105469,31.768985748291016,49861100
"2023-06-20",33.209999084472656,33.27000045776367,32.97999954223633,33.18000030517578,31.53139877319336,50683100
"2023-06-21",33.099998474121094,33.29999923706055,33.0,33.13999938964844,31.493379592895508,35967600
"2023-06-22",33.08000183105469,33.09000015258789,32.77000045776367,32.880001068115234,31.246307373046875,38690000
"2023-06-23",32.630001068115234,32.849998474121094,32.52000045776367,32.7400016784668,31.113262176513672,35529600
"2023-06-26",32.689998626708984,32.939998626708984,32.58000183105469,32.66999816894531,31.046741485595703,25728300
"2023-06-27",32.72999954223633,33.0,32.709999084472656,32.93000030517578,31.2938232421875,34348100
"2023-06-28",32.88999938964844,32.900001525878906,32.70000076293945,32.849998474121094,31.21779441833496,36663200
"2023-06-29",33.02000045776367,33.41999816894531,32.97999954223633,33.41999816894531,31.75947380065918,47471000
"2023-06-30",33.63999938964844,33.849998474121094,33.58000183105469,33.709999084472656,32.035064697265625,44762300
"2023-07-03",33.709999084472656,34.0,33.65999984741211,33.900001525878906,32.21561813354492,19128000
"2023-07-05",33.70000076293945,33.91999816894531,33.599998474121094,33.83000183105469,32.149105072021484,39831600
"2023-07-06",33.54999923706055,33.58000183105469,33.25,33.540000915527344,31.873510360717773,45808400
"2023-07-07",33.400001525878906,33.869998931884766,33.400001525878906,33.59000015258789,31.9210262298584,33488700
"2023-07-10",33.599998474121094,33.93000030517578,33.56999969482422,33.7400016784668,32.06358337402344,27254400
"2023-07-11",33.86000061035156,34.18000030517578,33.790000915527344,34.13999938964844,32.443695068359375,33744600
"2023-07-12",34.41999816894531,34.599998474121094,34.27000045776367,34.36000061035156,32.652767181396484,46546000
"2023-07-13",34.40999984741211,34.529998779296875,34.349998474121094,34.47999954223633,32.766807556152344,40453700
"2023-07-14",34.72999954223633,34.7400016784668,34.20000076293945,34.25,32.54823684692383,47552700
"2023-07-17",34.209999084472656,34.68000030517578,34.209999084472656,34.58000183105469,32.86184310913086,38568900
"2023-07-18",34.65999984741211,35.0,34.61000061035156,34.970001220703125,33.232460021972656,47160800
"2023-07-19",34.970001220703125,35.2599983215332,34.959999084472656,35.119998931884766,33.375003814697266,45599800
"2023-07-20",35.060001373291016,35.38999938964844,35.04999923706055,35.380001068115234,33.62208557128906,45591500
"2023-07-21",35.439998626708984,35.459999084472656,35.16999816894531,35.2599983215332,33.508052825927734,30615700
"2023-07-24",35.279998779296875,35.709999084472656,35.27000045776367,35.599998474121094,33.83115005493164,32299800
"2023-07-25",35.5,35.58000183105469,35.34000015258789,35.369998931884766,33.612579345703125,36218600
"2023-07-26",35.33000183105469,35.689998626708984,35.279998779296875,35.58000183105469,33.81214904785156,35638700
"2023-07-27",35.58000183105469,35.66999816894531,35.08000183105469,35.130001068115234,33.38451385498047,44072800
"2023-07-28",35.40999984741211,35.41999816894531,35.0099983215332,35.20000076293945,33.45103073120117,32422700
"2023-07-31",35.27000045776367,35.439998626708984,35.18000030517578,35.33000183105469,33.57457733154297,28627000
"2023-08-01",35.2599983215332,35.36000061035156,35.13999938964844,35.33000183105469,33.57457733154297,26480300
"2023-08-02",35.029998779296875,35.15999984741211,34.83000183105469,35.029998779296875,33.28948211669922,48923800
"2023-08-03",34.81999969482422,35.130001068115234,34.720001220703125,35.04999923706055,33.3084831237793,31861600
"2023-08-04",35.02000045776367,35.36000061035156,34.880001068115234,34.90999984741211,33.175437927246094,36195700
"2023-08-07",35.130001068115234,35.459999084472656,35.119998931884766,35.400001525878906,33.64109802246094,33119300
"2023-08-08",34.939998626708984,35.11000061035156,34.66999816894531,35.08000183105469,33.33699035644531,37254800
"2023-08-09",35.060001373291016,35.15999984741211,34.779998779296875,34.81999969482422,33.089908599853516,38304200
"2023-08-10",35.0,35.2599983215332,34.7599983215332,34.849998474121094,33.1184196472168,38097500
"2023-08-11",34.7400016784668,34.97999954223633,34.65999984741211,34.91999816894531,33.1849479675293,27518700
"2023-08-14",34.81999969482422,34.91999816894531,34.689998626708984,34.849998474121094,33.1184196472168,23773800
"2023-08-15",34.560001373291016,34.599998474121094,34.16999816894531,34.209999084472656,32.510223388671875,57472100
"2023-08-16",34.150001525878906,34.41999816894531,34.119998931884766,34.15999984741211,32.462703704833984,33566500
"2023-08-17",34.27000045776367,34.31999969482422,33.88999938964844,33.9900016784668,32.301151275634766,38205400
"2023-08-18",33.75,34.08000183105469,33.720001220703125,33.97999954223633,32.291648864746094,40860000
"2023-08-21",34.029998779296875,34.099998474121094,33.66999816894531,33.939998626708984,32.253639221191406,32308300
"2023-08-22",33.95000076293945,33.9900016784668,33.56999969482422,33.619998931884766,31.94953727722168,43133000
"2023-08-23",33.68000030517578,33.959999084472656,33.630001068115234,33.95000076293945,32.263145446777344,30240500
"2023-08-24",33.900001525878906,34.310001373291016,33.83000183105469,33.83000183105469,32.149105072021484,35784900
"2023-08-25",33.970001220703125,34.119998931884766,33.709999084472656,33.9900016784668,32.301151275634766,40347200
"2023-08-28",34.099998474121094,34.29999923706055,34.06999969482422,34.18000030517578,32.481719970703125,34905300
"2023-08-29",34.150001525878906,34.5,34.099998474121094,34.4900016784668,32.77631759643555,43394300
"2023-08-30",34.540000915527344,34.709999084472656,34.439998626708984,34.5099983215332,32.795318603515625,33799900
"2023-08-31",34.61000061035156,34.619998931884766,34.34000015258789,34.380001068115234,32.671775817871094,27999700
"2023-09-01",34.59000015258789,34.79999923706055,34.560001373291016,34.689998626708984,32.96636962890625,41075700
"2023-09-05",34.650001525878906,34.790000915527344,34.33000183105469,34.34000015258789,32.63376235961914,38612300
"2023-09-06",34.25,34.38999938964844,34.06999969482422,34.31999969482422,32.61476135253906,35672800
"2023-09-07",34.18000030517578,34.380001068115234,34.130001068115234,34.22999954223633,32.52922821044922,47632600
"2023-09-08",34.2599983215332,34.369998931884766,34.130001068115234,34.29999923706055,32.59574890136719,39720800
"2023-09-11",34.459999084472656,34.63999938964844,34.369998931884766,34.459999084472656,32.747798919677734,28965100
"2023-09-12",34.45000076293945,34.939998626708984,34.40999984741211,34.689998626708984,32.96636962890625,48615200
"2023-09-13",34.849998474121094,34.88999938964844,34.560001373291016,34.689998626708984,32.96636962890625,31994900
"2023-09-14",34.93000030517578,35.060001373291016,34.7599983215332,35.0099983215332,33.27047348022461,65685500
"2023-09-15",34.779998779296875,35.040000915527344,34.7599983215332,34.83000183105469,33.099422454833984,51800200
"2023-09-18",34.630001068115234,34.81999969482422,34.52000045776367,34.77000045776367,33.190101623535156,32458700
"2023-09-19",34.79999923706055,34.869998931884766,34.5099983215332,34.72999954223633,33.15191650390625,36112900
"2023-09-20",34.849998474121094,34.959999084472656,34.47999954223633,34.4900016784668,32.92283248901367,31618000
"2023-09-21",34.369998931884766,34.369998931884766,33.91999816894531,33.91999816894531,32.37872314453125,48103300
"2023-09-22",33.970001220703125,34.0,33.65999984741211,33.65999984741211,32.13054275512695,41688300
"2023-09-25",33.59000015258789,33.7599983215332,33.47999954223633,33.7400016784668,32.2069091796875,40141700
"2023-09-26",33.4900016784668,33.63999938964844,33.22999954223633,33.290000915527344,31.777347564697266,46165400
"2023-09-27",33.380001068115234,33.380001068115234,32.95000076293945,33.2400016784668,31.729625701904297,49360900
"2023-09-28",33.27000045776367,33.599998474121094,33.2599983215332,33.47999954223633,31.95871353149414,63638100
"2023-09-29",33.63999938964844,33.689998626708984,33.09000015258789,33.16999816894531,31.662803649902344,52860500
"2023-10-02",33.060001373291016,33.13999938964844,32.709999084472656,32.88999938964844,31.395524978637695,49350600
"2023-10-03",32.72999954223633,32.81999969482422,32.2400016784668,32.369998931884766,30.899154663085938,52921800
"2023-10-04",32.380001068115234,32.630001068115234,32.209999084472656,32.61000061035156,31.12824821472168,40136000
"2023-10-05",32.52000045776367,32.81999969482422,32.45000076293945,32.7599983215332,31.27143096923828,41407800
"2023-10-06",32.619998931884766,33.22999954223633,32.5099983215332,33.040000915527344,31.538711547851562,54057800
"2023-10-09",32.7400016784668,33.130001068115234,32.709999084472656,33.060001373291016,31.55780029296875,61396600
"2023-10-10",33.15999984741211,33.5099983215332,33.150001525878906,33.29999923706055,31.78689193725586,44743400
"2023-10-11",33.400001525878906,33.529998779296875,33.099998474121094,33.349998474121094,31.83462142944336,35746400
"2023-10-12",33.45000076293945,33.45000076293945,32.90999984741211,33.13999938964844,31.634157180786133,41991200
"2023-10-13",33.349998474121094,33.65999984741211,33.029998779296875,33.209999084472656,31.70098304748535,53213800
"2023-10-16",33.459999084472656,33.720001220703125,33.38999938964844,33.560001373291016,32.03507995605469,45589300
"2023-10-17",33.40999984741211,33.939998626708984,33.400001525878906,33.720001220703125,32.18781280517578,41925200
"2023-10-18",33.54999923706055,33.58000183105469,33.06999969482422,33.13999938964844,31.634157180786133,46942100
"2023-10-19",33.08000183105469,33.2599983215332,32.68000030517578,32.70000076293945,31.21415901184082,66656200
"2023-10-20",32.689998626708984,32.75,32.16999816894531,32.20000076293945,30.73687744140625,59921300
"2023-10-23",32.130001068115234,32.36000061035156,31.969999313354492,32.0,30.54596519470215,55913700
"2023-10-24",32.150001525878906,32.369998931884766,32.04999923706055,32.220001220703125,30.75596809387207,35825000
"2023-10-25",32.099998474121094,32.31999969482422,32.0099983215332,32.099998474121094,30.641416549682617,59240100
"2023-10-26",32.02000045776367,32.349998474121094,31.969999313354492,32.029998779296875,30.574602127075195,56046100
"2023-10-27",31.989999771118164,32.029998779296875,31.360000610351562,31.450000762939453,30.020957946777344,73057300
"2023-10-30",31.670000076293945,32.09000015258789,31.59000015258789,32.0099983215332,30.555511474609375,48978100
"2023-10-31",32.06999969482422,32.369998931884766,32.0099983215332,32.36000061035156,30.88960838317871,41050100
"2023-11-01",32.41999816894531,32.70000076293945,32.349998474121094,32.56999969482422,31.090063095092773,51764100
"2023-11-02",32.869998931884766,33.36000061035156,32.810001373291016,33.34000015258789,31.825075149536133,47417000
"2023-11-03",33.65999984741211,33.939998626708984,33.650001525878906,33.779998779296875,32.24508285522461,58801300
"2023-11-06",33.869998931884766,33.91999816894531,33.5,33.68000030517578,32.149627685546875,40599700
"2023-11-07",33.58000183105469,33.709999084472656,33.52000045776367,33.630001068115234,32.10190200805664,27442000
"2023-11-08",33.619998931884766,33.70000076293945,33.459999084472656,33.66999816894531,32.14008712768555,30165800
"2023-11-09",33.779998779296875,33.83000183105469,33.470001220703125,33.529998779296875,32.006439208984375,34336600
"2023-11-10",33.689998626708984,33.939998626708984,33.4900016784668,33.90999984741211,32.369178771972656,35146100
"2023-11-13",33.790000915527344,33.95000076293945,33.7400016784668,33.86000061035156,32.32145690917969,28327300
"2023-11-14",34.22999954223633,34.689998626708984,34.20000076293945,34.5,32.932369232177734,54296300
"2023-11-15",34.560001373291016,34.790000915527344,34.54999923706055,34.689998626708984,33.113731384277344,35000200
"2023-11-16",34.790000915527344,34.869998931884766,34.68000030517578,34.83000183105469,33.247379302978516,33222500
"2023-11-17",34.959999084472656,35.02000045776367,34.869998931884766,35.0099983215332,33.41919708251953,31336100
"2023-11-20",34.959999084472656,35.22999954223633,34.88999938964844,35.150001525878906,33.552833557128906,37285400
"2023-11-21",35.099998474121094,35.220001220703125,35.06999969482422,35.130001068115234,33.53374481201172,27285700
"2023-11-22",35.209999084472656,35.34000015258789,35.150001525878906,35.27000045776367,33.66738510131836,32719200
"2023-11-24",35.27000045776367,35.439998626708984,35.2599983215332,35.380001068115234,33.77238082885742,13168500
"2023-11-27",35.25,35.31999969482422,35.18000030517578,35.2599983215332,33.6578369140625,35017000
"2023-11-28",35.220001220703125,35.369998931884766,35.15999984741211,35.25,33.648292541503906,39329300
"2023-11-29",35.349998474121094,35.709999084472656,35.349998474121094,35.5,33.886932373046875,36651300
"2023-11-30",35.58000183105469,35.900001525878906,35.470001220703125,35.900001525878906,34.26875686645508,37334500
"2023-12-01",35.84000015258789,36.209999084472656,35.779998779296875,36.16999816894531,34.526485443115234,51267600
"2023-12-04",35.959999084472656,36.27000045776367,35.91999816894531,36.130001068115234,34.488304138183594,41366600
"2023-12-05",36.02000045776367,36.029998779296875,35.790000915527344,35.95000076293945,34.31648635864258,39510900
"2023-12-06",36.150001525878906,36.279998779296875,35.720001220703125,35.77000045776367,34.14466094970703,35616100
"2023-12-07",35.86000061035156,35.959999084472656,35.77000045776367,35.939998626708984,34.30693054199219,26050900
"2023-12-08",35.900001525878906,36.189998626708984,35.86000061035156,36.130001068115234,34.488304138183594,33213100
"2023-12-11",36.13999938964844,36.41999816894531,36.13999938964844,36.349998474121094,34.698307037353516,31165700
"2023-12-12",36.439998626708984,36.619998931884766,36.290000915527344,36.61000061035156,34.94649124145508,37245700
"2023-12-13",36.619998931884766,37.2400016784668,36.54999923706055,37.20000076293945,35.50968551635742,56989000
"2023-12-14",37.5,37.709999084472656,37.369998931884766,37.56999969482422,35.86286926269531,66865700
"2023-12-15",37.2599983215332,37.439998626708984,37.189998626708984,37.349998474121094,35.652862548828125,69246200
"2023-12-18",37.349998474121094,37.41999816894531,37.25,37.290000915527344,35.77182388305664,43434000
"2023-12-19",37.27000045776367,37.58000183105469,37.16999816894531,37.56999969482422,36.04042053222656,32509000
"2023-12-20",37.470001220703125,37.560001373291016,36.900001525878906,36.900001525878906,35.397701263427734,52985700
"2023-12-21",37.060001373291016,37.27000045776367,36.91999816894531,37.2599983215332,35.7430419921875,27522200
"2023-12-22",37.369998931884766,37.4900016784668,37.20000076293945,37.34000015258789,35.81978988647461,30331400
"2023-12-26",37.369998931884766,37.560001373291016,37.310001373291016,37.4900016784668,35.963687896728516,17837600
"2023-12-27",37.40999984741211,37.61000061035156,37.349998474121094,37.61000061035156,36.07878875732422,32640800
"2023-12-28",37.54999923706055,37.79999923706055,37.540000915527344,37.720001220703125,36.1843147277832,25308000
"2023-12-29",37.709999084472656,37.77000045776367,37.4900016784668,37.599998474121094,36.06919860839844,30218300
"2024-01-02",37.5,37.779998779296875,37.43000030517578,37.7599983215332,36.22269058227539,31351900
"2024-01-03",37.59000015258789,37.650001525878906,37.380001068115234,37.439998626708984,35.91571807861328,46909000
"2024-01-04",37.56999969482422,37.88999938964844,37.52000045776367,37.59000015258789,36.059608459472656,36904200
"2024-01-05",37.59000015258789,37.95000076293945,37.56999969482422,37.75,36.21310043334961,44852300
"2024-01-08",37.7599983215332,38.0099983215332,37.560001373291016,37.9900016784668,36.443321228027344,39098300
"2024-01-09",37.790000915527344,37.79999923706055,37.630001068115234,37.75,36.21310043334961,36338100
"2024-01-10",37.689998626708984,37.84000015258789,37.56999969482422,37.810001373291016,36.270660400390625,37095500
"2024-01-11",37.7599983215332,37.810001373291016,37.369998931884766,37.66999816894531,36.1363525390625,49043500
"2024-01-12",37.849998474121094,37.9900016784668,37.45000076293945,37.599998474121094,36.06919860839844,41333900
"2024-01-16",37.279998779296875,37.40999984741211,37.130001068115234,37.34000015258789,35.81978988647461,44042100
"2024-01-17",37.02000045776367,37.41999816894531,37.0,37.27000045776367,35.75263595581055,38715900
"2024-01-18",37.220001220703125,37.369998931884766,36.95000076293945,37.33000183105469,35.81019592285156,42064900
"2024-01-19",37.470001220703125,37.97999954223633,37.349998474121094,37.93000030517578,36.385765075683594,59417700
"2024-01-22",38.09000015258789,38.29999923706055,38.02000045776367,38.11000061035156,36.55842971801758,51828800
"2024-01-23",38.09000015258789,38.20000076293945,38.0099983215332,38.16999816894531,36.61598587036133,46255500
"2024-01-24",38.33000183105469,38.529998779296875,38.290000915527344,38.31999969482422,36.759883880615234,43975500
"2024-01-25",38.470001220703125,38.54999923706055,38.27000045776367,38.5099983215332,36.9421501159668,50693800
"2024-01-26",38.45000076293945,38.720001220703125,38.40999984741211,38.650001525878906,37.07645034790039,38620200
"2024-01-29",38.529998779296875,38.779998779296875,38.43000030517578,38.75,37.17237854003906,44175600
"2024-01-30",38.790000915527344,39.279998779296875,38.77000045776367,39.2400016784668,37.642433166503906,43229300
"2024-01-31",39.15999984741211,39.45000076293945,38.7400016784668,38.7599983215332,37.181976318359375,65780900
"2024-02-01",38.689998626708984,38.849998474121094,38.25,38.81999969482422,37.239524841308594,63445600
"2024-02-02",38.689998626708984,39.15999984741211,38.66999816894531,38.97999954223633,37.393009185791016,61778400
"2024-02-05",38.7599983215332,38.880001068115234,38.58000183105469,38.75,37.17237854003906,37351300
"2024-02-06",38.70000076293945,38.88999938964844,38.650001525878906,38.83000183105469,37.249122619628906,41055700
"2024-02-07",39.040000915527344,39.16999816894531,38.77000045776367,39.119998931884766,37.52731704711914,39018700
"2024-02-08",38.939998626708984,39.09000015258789,38.720001220703125,38.970001220703125,37.3834228515625,47331500
"2024-02-09",38.91999816894531,39.099998474121094,38.81999969482422,39.08000183105469,37.48894500732422,50680400
"2024-02-12",39.08000183105469,39.43000030517578,38.9900016784668,39.2599983215332,37.661617279052734,39952700
"2024-02-13",38.959999084472656,39.060001373291016,38.41999816894531,38.72999954223633,37.1531982421875,62948300
"2024-02-14",38.959999084472656,39.130001068115234,38.810001373291016,39.099998474121094,37.50813674926758,58722500
"2024-02-15",39.220001220703125,39.849998474121094,39.209999084472656,39.77000045776367,38.15085220336914,58107900
"2024-02-16",39.72999954223633,39.810001373291016,39.54999923706055,39.630001068115234,38.01655197143555,37900000
"2024-02-20",39.349998474121094,39.65999984741211,39.31999969482422,39.52000045776367,37.91103744506836,39952200
"2024-02-21",39.470001220703125,39.63999938964844,39.33000183105469,39.63999938964844,38.026145935058594,40242400
"2024-02-22",39.86000061035156,40.2400016784668,39.790000915527344,40.099998474121094,38.46742248535156,55188200
"2024-02-23",40.25,40.470001220703125,40.220001220703125,40.29999923706055,38.65927505493164,42190500
"2024-02-26",40.2599983215332,40.529998779296875,40.029998779296875,40.099998474121094,38.46742248535156,38370000
"2024-02-27",40.13999938964844,40.220001220703125,39.939998626708984,40.209999084472656,38.57293701171875,42599500
"2024-02-28",40.130001068115234,40.5,40.119998931884766,40.36000061035156,38.716835021972656,40040800
"2024-02-29",40.459999084472656,40.54999923706055,40.16999816894531,40.34000015258789,38.6976432800293,37629700
"2024-03-01",40.33000183105469,40.41999816894531,40.15999984741211,40.290000915527344,38.64968490600586,40794900
"2024-03-04",40.220001220703125,40.5,40.209999084472656,40.38999938964844,38.7456169128418,53413200
"2024-03-05",40.25,40.630001068115234,40.25,40.400001525878906,38.75519943237305,50770200
"2024-03-06",40.459999084472656,40.72999954223633,40.279998779296875,40.61000061035156,38.95665740966797,58459500
"2024-03-07",40.7599983215332,40.84000015258789,40.400001525878906,40.54999923706055,38.89909362792969,35505100
"2024-03-08",40.61000061035156,40.83000183105469,40.56999969482422,40.619998931884766,38.966251373291016,47266600
"2024-03-11",40.470001220703125,40.72999954223633,40.400001525878906,40.689998626708984,39.03339767456055,36233100
"2024-03-12",40.779998779296875,40.97999954223633,40.63999938964844,40.86000061035156,39.19647979736328,53199300
"2024-03-13",40.939998626708984,41.16999816894531,40.90999984741211,41.15999984741211,39.48426818847656,43471400
"2024-03-14",41.16999816894531,41.25,40.61000061035156,40.83000183105469,39.167701721191406,65563400
"2024-03-15",40.599998474121094,40.97999954223633,40.52000045776367,40.790000915527344,39.12931823730469,67568000
"2024-03-18",40.779998779296875,40.91999816894531,40.58000183105469,40.869998931884766,39.35367965698242,39140600
"2024-03-19",40.900001525878906,41.09000015258789,40.880001068115234,41.06999969482422,39.5462646484375,36748300
"2024-03-20",41.02000045776367,41.59000015258789,40.95000076293945,41.560001373291016,40.01808166503906,52255300
"2024-03-21",41.65999984741211,42.0,41.61000061035156,41.900001525878906,40.34546661376953,49209200
"2024-03-22",41.95000076293945,42.040000915527344,41.38999938964844,41.41999816894531,39.88327407836914,32033000
"2024-03-25",41.38999938964844,41.459999084472656,41.2599983215332,41.2599983215332,39.72920608520508,31784000
"2024-03-26",41.40999984741211,41.529998779296875,41.27000045776367,41.400001525878906,39.864017486572266,30135500
"2024-03-27",41.599998474121094,41.900001525878906,41.4900016784668,41.88999938964844,40.335838317871094,36670300
"2024-03-28",41.939998626708984,42.220001220703125,41.869998931884766,42.119998931884766,40.55730056762695,41490200
"2024-04-01",42.15999984741211,42.20000076293945,41.810001373291016,41.88999938964844,40.335838317871094,37537700
"2024-04-02",41.7599983215332,41.81999969482422,41.599998474121094,41.66999816894531,40.124000549316406,36359800
"2024-04-03",41.68000030517578,41.959999084472656,41.540000915527344,41.650001525878906,40.1047477722168,39715900
"2024-04-04",42.0,42.08000183105469,41.130001068115234,41.18000030517578,39.65217971801758,52657500
"2024-04-05",41.34000015258789,41.68000030517578,41.20000076293945,41.56999969482422,40.027706146240234,47540300
"2024-04-08",41.58000183105469,41.81999969482422,41.560001373291016,41.75,40.2010383605957,35165700
"2024-04-09",41.77000045776367,41.880001068115234,41.18000030517578,41.5099983215332,39.96993637084961,51953600
"2024-04-10",41.11000061035156,41.27000045776367,40.7599983215332,40.88999938964844,39.3729362487793,59492800
"2024-04-11",40.869998931884766,40.93000030517578,40.349998474121094,40.599998474121094,39.09369659423828,56870800
"2024-04-12",40.33000183105469,40.5,39.90999984741211,40.060001373291016,38.573734283447266,81234800
"2024-04-15",40.58000183105469,40.7400016784668,39.7400016784668,39.86000061035156,38.38115310668945,71800600
"2024-04-16",39.88999938964844,39.97999954223633,39.529998779296875,39.59000015258789,38.12116622924805,66751300
"2024-04-17",39.77000045776367,39.95000076293945,39.529998779296875,39.689998626708984,38.21745681762695,41561900
"2024-04-18",39.869998931884766,40.18000030517578,39.7400016784668,39.83000183105469,38.352264404296875,48893400
"2024-04-19",40.04999923706055,40.459999084472656,39.970001220703125,40.380001068115234,38.881866455078125,55513600
"2024-04-22",40.599998474121094,41.099998474121094,40.43000030517578,40.869998931884766,39.35367965698242,50701200
"2024-04-23",41.060001373291016,41.22999954223633,40.95000076293945,41.130001068115234,39.604042053222656,36488600
"2024-04-24",41.02000045776367,41.18000030517578,40.90999984741211,41.119998931884766,39.59440612792969,33957500
"2024-04-25",40.91999816894531,41.029998779296875,40.529998779296875,40.880001068115234,39.363311767578125,50365700
"2024-04-26",40.810001373291016,41.04999923706055,40.720001220703125,40.81999969482422,39.3055305480957,35796900
"2024-04-29",40.810001373291016,40.9900016784668,40.61000061035156,40.7599983215332,39.24776077270508,36596100
"2024-04-30",40.66999816894531,40.7599983215332,40.36000061035156,40.36000061035156,38.86260223388672,34481600
"2024-05-01",40.33000183105469,40.849998474121094,40.279998779296875,40.36000061035156,38.86260223388672,54717600
"2024-05-02",40.63999938964844,40.70000076293945,40.16999816894531,40.459999084472656,38.95889663696289,37085100
"2024-05-03",40.70000076293945,40.790000915527344,40.349998474121094,40.54999923706055,39.04555130004883,45012600
"2024-05-06",40.86000061035156,41.06999969482422,40.77000045776367,41.06999969482422,39.5462646484375,42335600
"2024-05-07",41.16999816894531,41.290000915527344,41.099998474121094,41.209999084472656,39.681068420410156,42601200
"2024-05-08",41.16999816894531,41.43000030517578,41.060001373291016,41.36000061035156,39.825504302978516,28390900
"2024-05-09",41.2599983215332,41.66999816894531,41.25,41.66999816894531,40.124000549316406,31594800
"2024-05-10",41.81999969482422,41.90999984741211,41.77000045776367,41.83000183105469,40.27806854248047,34306800
"2024-05-13",41.95000076293945,42.02000045776367,41.65999984741211,41.65999984741211,40.114376068115234,29570100
"2024-05-14",41.81999969482422,41.900001525878906,41.65999984741211,41.869998931884766,40.31657791137695,30638300
"2024-05-15",41.970001220703125,42.220001220703125,41.959999084472656,42.18000030517578,40.61507797241211,36138300
"2024-05-16",42.220001220703125,42.380001068115234,42.15999984741211,42.18000030517578,40.61507797241211,36032700
"2024-05-17",42.25,42.4900016784668,42.20000076293945,42.4900016784668,40.91358184814453,29813200
"2024-05-20",42.400001525878906,42.459999084472656,41.88999938964844,41.90999984741211,40.355098724365234,35719600
"2024-05-21",41.9900016784668,42.220001220703125,41.970001220703125,42.18000030517578,40.61507797241211,33413400
"2024-05-22",42.09000015258789,42.27000045776367,41.849998474121094,41.939998626708984,40.38398361206055,38661100
"2024-05-23",41.900001525878906,41.939998626708984,41.20000076293945,41.36000061035156,39.825504302978516,51768500
"2024-05-24",41.439998626708984,41.619998931884766,41.439998626708984,41.61000061035156,40.06623077392578,23477300
"2024-05-28",41.52000045776367,41.52000045776367,41.0,41.150001525878906,39.62329864501953,31004900
"2024-05-29",40.81999969482422,40.95000076293945,40.70000076293945,40.81999969482422,39.3055305480957,40620200
"2024-05-30",40.86000061035156,41.130001068115234,40.7599983215332,41.040000915527344,39.51737594604492,32769300
"2024-05-31",41.119998931884766,41.68000030517578,41.0,41.63999938964844,40.095115661621094,38664000
"2024-06-03",41.630001068115234,41.68000030517578,41.02000045776367,41.380001068115234,39.84476089477539,37855000
"2024-06-04",41.15999984741211,41.5,41.0,41.189998626708984,39.661808013916016,27586400
"2024-06-05",41.31999969482422,41.36000061035156,41.0099983215332,41.310001373291016,39.77735900878906,23817300
"2024-06-06",41.380001068115234,41.5,41.130001068115234,41.290000915527344,39.75809860229492,39040200
"2024-06-07",41.29999923706055,41.709999084472656,41.220001220703125,41.47999954223633,39.94104766845703,42273300
"2024-06-10",41.29999923706055,41.369998931884766,41.04999923706055,41.31999969482422,39.78697967529297,31615200
"2024-06-11",41.119998931884766,41.13999938964844,40.650001525878906,40.849998474121094,39.33442687988281,54584900
"2024-06-12",41.27000045776367,41.31999969482422,40.75,40.810001373291016,39.29590606689453,46399800
"2024-06-13",40.810001373291016,40.81999969482422,40.5,40.779998779296875,39.26702117919922,39497900
"2024-06-14",40.5,40.72999954223633,40.369998931884766,40.650001525878906,39.14183807373047,29083000
"2024-06-17",40.54999923706055,41.02000045776367,40.47999954223633,41.0099983215332,39.48849105834961,36076900
"2024-06-18",40.959999084472656,41.27000045776367,40.91999816894531,41.27000045776367,39.73884201049805,38900300
"2024-06-20",41.18000030517578,41.599998474121094,41.13999938964844,41.4900016784668,39.950679779052734,42869100
"2024-06-21",41.38999938964844,41.43000030517578,41.09000015258789,41.33000183105469,39.79661560058594,42530600
"2024-06-24",41.34000015258789,41.849998474121094,41.2400016784668,41.59000015258789,40.205535888671875,45252000
"2024-06-25",41.5099983215332,41.63999938964844,41.15999984741211,41.279998779296875,39.905853271484375,32845400
"2024-06-26",41.09000015258789,41.11000061035156,40.81999969482422,41.02000045776367,39.65450668334961,37978500
"2024-06-27",40.900001525878906,41.02000045776367,40.720001220703125,40.970001220703125,39.606178283691406,25466100
"2024-06-28",41.060001373291016,41.369998931884766,40.939998626708984,41.11000061035156,39.741512298583984,44045100
"2024-07-01",41.279998779296875,41.54999923706055,41.029998779296875,41.20000076293945,39.82851791381836,36131100
"2024-07-02",41.119998931884766,41.68000030517578,41.099998474121094,41.68000030517578,40.29254150390625,27033100
"2024-07-03",41.720001220703125,41.7599983215332,41.529998779296875,41.54999923706055,40.16686248779297,21113200
"2024-07-05",41.63999938964844,41.63999938964844,41.29999923706055,41.540000915527344,40.15719985961914,21421100
"2024-07-08",41.599998474121094,41.849998474121094,41.380001068115234,41.43000030517578,40.05085754394531,27779300
"2024-07-09",41.470001220703125,42.02000045776367,41.41999816894531,41.75,40.36021041870117,33140000
"2024-07-10",41.54999923706055,41.91999816894531,41.529998779296875,41.90999984741211,40.5148811340332,28445400
"2024-07-11",41.95000076293945,42.310001373291016,41.81999969482422,42.2400016784668,40.833900451660156,45836600
"2024-07-12",42.189998626708984,42.560001373291016,42.08000183105469,42.380001068115234,40.969234466552734,39041200
"2024-07-15",42.529998779296875,43.040000915527344,42.5,43.0,41.5685920715332,46561200
"2024-07-16",43.029998779296875,43.5099983215332,42.95000076293945,43.4900016784668,42.042293548583984,52243100
"2024-07-17",43.439998626708984,43.900001525878906,43.369998931884766,43.81999969482422,42.361297607421875,54773300
"2024-07-18",43.66999816894531,44.11000061035156,43.189998626708984,43.290000915527344,41.84894561767578,58731300
"2024-07-19",43.27000045776367,43.36000061035156,42.79999923706055,42.849998474121094,41.423587799072266,47220000
"2024-07-22",42.95000076293945,43.16999816894531,42.75,43.09000015258789,41.65559768676758,29071100
"2024-07-23",43.20000076293945,43.38999938964844,43.099998474121094,43.16999816894531,41.73293685913086,23800400
"2024-07-24",43.040000915527344,43.130001068115234,42.58000183105469,42.58000183105469,41.16258239746094,47786900
"2024-07-25",42.65999984741211,43.369998931884766,42.650001525878906,42.7400016784668,41.31725311279297,44862000
"2024-07-26",42.970001220703125,43.540000915527344,42.95000076293945,43.40999984741211,41.96494674682617,32636300
"2024-07-29",43.5099983215332,43.540000915527344,43.130001068115234,43.349998474121094,41.90694808959961,35195700
"2024-07-30",43.619998931884766,44.0,43.599998474121094,43.849998474121094,42.39030456542969,31418700
"2024-07-31",43.95000076293945,44.11000061035156,43.709999084472656,43.7400016784668,42.28396224975586,38694800
"2024-08-01",43.900001525878906,43.959999084472656,42.93000030517578,43.119998931884766,41.684600830078125,47060900
"2024-08-02",42.630001068115234,42.779998779296875,41.79999923706055,42.060001373291016,40.65988540649414,78599800
"2024-08-05",41.13999938964844,41.22999954223633,40.65999984741211,40.84000015258789,39.48050308227539,107913600
"2024-08-06",41.02000045776367,41.9900016784668,40.90999984741211,41.5,40.1185302734375,57668900
"2024-08-07",41.959999084472656,42.36000061035156,41.4900016784668,41.54999923706055,40.16686248779297,43912600
"2024-08-08",41.81999969482422,42.27000045776367,41.7599983215332,42.220001220703125,40.8145637512207,41260500
"2024-08-09",42.209999084472656,42.5099983215332,42.040000915527344,42.400001525878906,40.98857116699219,23838800
"2024-08-12",42.47999954223633,42.59000015258789,42.09000015258789,42.18000030517578,40.77589416503906,20509300
"2024-08-13",42.43000030517578,42.560001373291016,42.119998931884766,42.529998779296875,41.11424255371094,24922000
"2024-08-14",42.630001068115234,43.130001068115234,42.599998474121094,43.04999923706055,41.6169319152832,30673000
"2024-08-15",43.459999084472656,43.689998626708984,43.310001373291016,43.45000076293945,42.00361633300781,33329000
"2024-08-16",43.400001525878906,43.77000045776367,43.400001525878906,43.77000045776367,42.312965393066406,25338900
"2024-08-19",43.779998779296875,44.02000045776367,43.779998779296875,44.0099983215332,42.54497528076172,24458600
"2024-08-20",43.959999084472656,44.0,43.779998779296875,43.869998931884766,42.40964126586914,19620400
"2024-08-21",43.939998626708984,43.9900016784668,43.56999969482422,43.79999923706055,42.34196472167969,19914100
"2024-08-22",43.849998474121094,44.04999923706055,43.810001373291016,44.04999923706055,42.58364486694336,24738700
"2024-08-23",44.18000030517578,44.540000915527344,44.09000015258789,44.43000030517578,42.950992584228516,32762500
"2024-08-26",44.58000183105469,44.810001373291016,44.470001220703125,44.56999969482422,43.086334228515625,23716300
"2024-08-27",44.65999984741211,44.81999969482422,44.58000183105469,44.79999923706055,43.30867385864258,21583500
"2024-08-28",44.68000030517578,45.15999984741211,44.63999938964844,44.90999984741211,43.41501998901367,24726200
"2024-08-29",45.060001373291016,45.459999084472656,44.75,45.310001373291016,43.80170440673828,33726600
"2024-08-30",45.439998626708984,45.779998779296875,45.22999954223633,45.7400016784668,44.21739196777344,28967700
"2024-09-03",45.5,45.880001068115234,45.189998626708984,45.400001525878906,43.888710021972656,39893900
"2024-09-04",45.47999954223633,45.77000045776367,45.220001220703125,45.45000076293945,43.937042236328125,32006100
"2024-09-05",45.63999938964844,45.65999984741211,44.75,44.95000076293945,43.45368957519531,39523500
"2024-09-06",44.95000076293945,45.20000076293945,44.189998626708984,44.290000915527344,42.81565475463867,51331300
"2024-09-09",44.709999084472656,45.20000076293945,44.650001525878906,44.95000076293945,43.45368957519531,41010900
"2024-09-10",45.099998474121094,45.13999938964844,43.97999954223633,44.4900016784668,43.00899887084961,59115000
"2024-09-11",44.31999969482422,44.349998474121094,43.380001068115234,44.279998779296875,42.805992126464844,59397500
"2024-09-12",44.36000061035156,44.52000045776367,44.0,44.380001068115234,42.90265655517578,37732700
"2024-09-13",44.5099983215332,44.689998626708984,44.40999984741211,44.5099983215332,43.02832794189453,32912300
"2024-09-16",44.70000076293945,45.099998474121094,44.70000076293945,45.09000015258789,43.58902359008789,37063700
"2024-09-17",45.189998626708984,45.47999954223633,45.13999938964844,45.33000183105469,43.82103729248047,27893300
"2024-09-18",45.349998474121094,45.689998626708984,45.09000015258789,45.189998626708984,43.685691833496094,41783900
"2024-09-19",45.650001525878906,45.810001373291016,45.34000015258789,45.689998626708984,44.16905212402344,46457700
"2024-09-20",45.59000015258789,45.65999984741211,45.34000015258789,45.65999984741211,44.14004898071289,48699200
"2024-09-23",45.4900016784668,45.66999816894531,45.36000061035156,45.439998626708984,44.08668518066406,31615300
"2024-09-24",45.29999923706055,45.29999923706055,44.900001525878906,45.060001373291016,43.7180061340332,40341400
"2024-09-25",45.08000183105469,45.13999938964844,44.650001525878906,44.790000915527344,43.456050872802734,32546900
"2024-09-26",44.91999816894531,45.11000061035156,44.77000045776367,45.02000045776367,43.679195404052734,31445200
"2024-09-27",45.119998931884766,45.439998626708984,45.04999923706055,45.150001525878906,43.805328369140625,23226100
"2024-09-30",45.040000915527344,45.34000015258789,44.84000015258789,45.31999969482422,43.97026062011719,23593400
"2024-10-01",45.20000076293945,45.310001373291016,44.779998779296875,45.08000183105469,43.73741149902344,32703000
"2024-10-02",45.060001373291016,45.22999954223633,44.83000183105469,45.130001068115234,43.78592300415039,37709400
"2024-10-03",44.959999084472656,45.04999923706055,44.66999816894531,44.88999938964844,43.553062438964844,23545700
"2024-10-04",45.33000183105469,45.689998626708984,45.150001525878906,45.650001525878906,44.290435791015625,40432000
"2024-10-07",45.650001525878906,45.66999816894531,44.900001525878906,45.09000015258789,43.74711227416992,26599300
"2024-10-08",45.2599983215332,45.459999084472656,45.18000030517578,45.349998474121094,43.999366760253906,28763000
"2024-10-09",45.349998474121094,45.86000061035156,45.2599983215332,45.77000045776367,44.4068603515625,28334300
"2024-10-10",45.81999969482422,45.86000061035156,45.439998626708984,45.630001068115234,44.271034240722656,34127400
"2024-10-11",45.91999816894531,46.599998474121094,45.88999938964844,46.5099983215332,45.12481689453125,52850300
"2024-10-14",46.59000015258789,46.849998474121094,46.459999084472656,46.79999923706055,45.40618896484375,35850800
"2024-10-15",47.119998931884766,47.38999938964844,46.84000015258789,46.900001525878906,45.503204345703125,42356800
"2024-10-16",47.08000183105469,47.5,46.9900016784668,47.47999954223633,46.06592559814453,44973700
"2024-10-17",47.68000030517578,47.810001373291016,47.58000183105469,47.61000061035156,46.19205856323242,45823400
"2024-10-18",47.61000061035156,47.720001220703125,47.349998474121094,47.619998931884766,46.20176696777344,34279600
"2024-10-21",47.540000915527344,47.650001525878906,47.150001525878906,47.2400016784668,45.83307647705078,26207400
"2024-10-22",47.0,47.22999954223633,46.779998779296875,47.150001525878906,45.745758056640625,30018700
"2024-10-23",47.099998474121094,47.220001220703125,46.880001068115234,47.11000061035156,45.70695495605469,20697200
"2024-10-24",47.119998931884766,47.209999084472656,46.86000061035156,47.150001525878906,45.745758056640625,19617500
"2024-10-25",47.34000015258789,47.41999816894531,46.52000045776367,46.630001068115234,45.241249084472656,25526500
"2024-10-28",46.869998931884766,47.25,46.86000061035156,47.209999084472656,45.803977966308594,31415900
"2024-10-29",47.09000015258789,47.220001220703125,46.880001068115234,46.91999816894531,45.522613525390625,27930900
"2024-10-30",46.97999954223633,47.43000030517578,46.939998626708984,47.130001068115234,45.726356506347656,28704300
"2024-10-31",47.06999969482422,47.209999084472656,46.47999954223633,46.47999954223633,45.09571075439453,53417100
"2024-11-01",46.630001068115234,47.0,46.52000045776367,46.63999938964844,45.250946044921875,40139900
"2024-11-04",46.61000061035156,46.650001525878906,46.029998779296875,46.279998779296875,44.90167236328125,41705600
"2024-11-05",46.31999969482422,46.72999954223633,46.22999954223633,46.709999084472656,45.31886291503906,35221800
"2024-11-06",49.040000915527344,49.68000030517578,48.70000076293945,49.54999923706055,48.07427978515625,153473400
"2024-11-07",49.439998626708984,49.439998626708984,48.65999984741211,48.75,47.2981071472168,70611400
"2024-11-08",49.099998474121094,49.470001220703125,48.849998474121094,49.189998626708984,47.72500228881836,60376500
"2024-11-11",49.68000030517578,50.13999938964844,49.66999816894531,49.88999938964844,48.40415573120117,63654700
"2024-11-12",49.869998931884766,49.939998626708984,49.59000015258789,49.7400016784668,48.25862503051758,58512400
"2024-11-13",49.84000015258789,50.130001068115234,49.689998626708984,49.77000045776367,48.28772735595703,31880700
"2024-11-14",49.880001068115234,49.9900016784668,49.54999923706055,49.63999938964844,48.16160583496094,38252800
"2024-11-15",49.63999938964844,50.0099983215332,49.61000061035156,49.869998931884766,48.3847541809082,40741500
"2024-11-18",49.90999984741211,50.11000061035156,49.70000076293945,50.02000045776367,48.5302848815918,27141600
"2024-11-19",49.619998931884766,49.880001068115234,49.41999816894531,49.689998626708984,48.210113525390625,27014700
"2024-11-20",49.88999938964844,49.91999816894531,49.29999923706055,49.540000915527344,48.06458282470703,33932500
"2024-11-21",49.790000915527344,50.400001525878906,49.65999984741211,50.16999816894531,48.675811767578125,50881800
"2024-11-22",50.13999938964844,50.779998779296875,50.130001068115234,50.72999954223633,49.219139099121094,42050800
"2024-11-25",51.0099983215332,51.25,50.86000061035156,51.060001373291016,49.53931427001953,47492500
"2024-11-26",51.08000183105469,51.2599983215332,50.7599983215332,51.15999984741211,49.63633346557617,28418400
"2024-11-27",51.22999954223633,51.619998931884766,51.209999084472656,51.2599983215332,49.73334884643555,31803700
"2024-11-29",51.439998626708984,51.56999969482422,51.25,51.34000015258789,49.81096649169922,15178400
"2024-12-02",51.41999816894531,51.4900016784668,50.70000076293945,50.83000183105469,49.316158294677734,55483600
"2024-12-03",51.130001068115234,51.130001068115234,50.45000076293945,50.45000076293945,48.947479248046875,46924300
"2024-12-04",50.400001525878906,50.439998626708984,50.09000015258789,50.2599983215332,48.76313018798828,41017400
"2024-12-05",50.34000015258789,50.66999816894531,50.29999923706055,50.40999984741211,48.908668518066406,33599300
"2024-12-06",50.400001525878906,50.56999969482422,50.2599983215332,50.400001525878906,48.89896774291992,23439400
"2024-12-09",50.439998626708984,50.4900016784668,49.689998626708984,49.709999084472656,48.22951889038086,41998300
"2024-12-10",49.75,49.97999954223633,49.38999938964844,49.70000076293945,48.21981430053711,38861800
"2024-12-11",49.900001525878906,49.91999816894531,49.58000183105469,49.79999923706055,48.31683349609375,35035900
"2024-12-12",49.93000030517578,49.970001220703125,49.58000183105469,49.58000183105469,48.10338592529297,23107300
"2024-12-13",49.779998779296875,49.79999923706055,49.43000030517578,49.540000915527344,48.06458282470703,39160400
"2024-12-16",49.56999969482422,49.630001068115234,49.36000061035156,49.45000076293945,47.97726058959961,35242800
"2024-12-17",49.2599983215332,49.27000045776367,48.93000030517578,49.099998474121094,47.6376838684082,46103300
"2024-12-18",49.189998626708984,49.29999923706055,47.59000015258789,47.630001068115234,46.21146774291992,72399500
"2024-12-19",48.16999816894531,48.529998779296875,47.790000915527344,47.79999923706055,46.37640380859375,63641000
"2024-12-20",47.70000076293945,48.88999938964844,47.599998474121094,48.5099983215332,47.06525421142578,56066100
"2024-12-23",48.060001373291016,48.459999084472656,47.869998931884766,48.41999816894531,47.17827606201172,43033300
"2024-12-24",48.52000045776367,49.0099983215332,48.43000030517578,48.9900016784668,47.73366165161133,18350500
"2024-12-26",48.77000045776367,49.130001068115234,48.7400016784668,49.11000061035156,47.8505859375,20805600
"2024-12-27",48.849998474121094,49.16999816894531,48.4900016784668,48.75,47.49981689453125,33852400
"2024-12-30",48.25,48.5,47.86000061035156,48.279998779296875,47.0418701171875,34819800
"2024-12-31",48.400001525878906,48.56999969482422,48.15999984741211,48.33000183105469,47.09059143066406,25170500
"2025-01-02",48.58000183105469,48.77000045776367,47.939998626708984,48.209999084472656,46.97365951538086,35879100
"2025-01-03",48.4900016784668,48.619998931884766,48.08000183105469,48.59000015258789,47.34392166137695,25198100
"2025-01-06",48.79999923706055,49.02000045776367,48.349998474121094,48.439998626708984,47.1977653503418,54289900
"2025-01-07",48.650001525878906,48.7599983215332,48.119998931884766,48.33000183105469,47.09059143066406,57682700
"2025-01-08",48.34000015258789,48.5,48.02000045776367,48.4900016784668,47.24648666381836,36422000
"2025-01-10",48.099998474121094,48.13999938964844,47.150001525878906,47.31999969482422,46.10649108886719,53128700
"2025-01-13",47.08000183105469,47.68000030517578,47.040000915527344,47.65999984741211,46.437767028808594,36002800
"2025-01-14",47.849998474121094,48.290000915527344,47.7400016784668,48.25,47.01264190673828,39353300
"2025-01-15",49.279998779296875,49.61000061035156,49.0099983215332,49.47999954223633,48.21110153198242,61176900
"2025-01-16",49.459999084472656,49.849998474121094,49.459999084472656,49.810001373291016,48.53263854980469,33830400
"2025-01-17",49.90999984741211,50.31999969482422,49.72999954223633,50.22999954223633,48.941864013671875,43693100
"2025-01-21",50.400001525878906,50.709999084472656,50.38999938964844,50.650001525878906,49.351097106933594,33267500
"2025-01-22",50.650001525878906,50.65999984741211,50.209999084472656,50.40999984741211,49.117244720458984,37226400
"2025-01-23",50.4900016784668,50.790000915527344,50.47999954223633,50.70000076293945,49.39980697631836,32048800
"2025-01-24",50.529998779296875,50.900001525878906,50.47999954223633,50.849998474121094,49.545963287353516,39088700
"2025-01-27",50.7599983215332,51.439998626708984,50.619998931884766,51.40999984741211,50.09160232543945,61707400
"2025-01-28",51.349998474121094,51.54999923706055,51.11000061035156,51.31999969482422,50.00390625,39885300
"2025-01-29",51.18000030517578,51.7400016784668,51.16999816894531,51.279998779296875,49.964935302734375,43612200
"2025-01-30",51.75,52.040000915527344,51.43000030517578,51.77000045776367,50.44237518310547,64250500
"2025-01-31",51.83000183105469,51.970001220703125,51.439998626708984,51.470001220703125,50.150062561035156,40424200
"2025-02-03",50.75,51.400001525878906,50.40999984741211,51.2599983215332,49.94544219970703,77416200
"2025-02-04",51.31999969482422,51.38999938964844,51.0,51.13999938964844,49.828529357910156,41742700
"2025-02-05",51.36000061035156,51.689998626708984,51.13999938964844,51.68000030517578,50.354679107666016,34758600
"2025-02-06",51.97999954223633,52.130001068115234,51.7599983215332,52.11000061035156,50.773651123046875,34355900
"2025-02-07",52.16999816894531,52.2599983215332,51.779998779296875,51.81999969482422,50.4910888671875,40601400
"2025-02-10",51.90999984741211,51.97999954223633,51.189998626708984,51.40999984741211,50.09160232543945,37921500
"2025-02-11",51.33000183105469,51.63999938964844,51.02000045776367,51.540000915527344,50.2182731628418,45162900
"2025-02-12",51.279998779296875,51.380001068115234,50.91999816894531,51.36000061035156,50.042884826660156,45473100
"2025-02-13",51.5,51.77000045776367,51.279998779296875,51.70000076293945,50.37417221069336,36372200
"2025-02-14",51.77000045776367,52.02000045776367,51.75,51.79999923706055,50.47159957885742,29574300
"2025-02-18",51.880001068115234,52.20000076293945,51.75,52.16999816894531,50.83211135864258,33496800
"2025-02-19",52.040000915527344,52.25,51.900001525878906,52.189998626708984,50.851593017578125,31748500
"2025-02-20",52.11000061035156,52.150001525878906,51.040000915527344,51.38999938964844,50.072113037109375,47078900
"2025-02-21",51.40999984741211,51.5,50.650001525878906,50.75,49.44852828979492,51789900
"2025-02-24",50.9900016784668,51.40999984741211,50.68000030517578,50.970001220703125,49.66288757324219,56673900
"2025-02-25",51.27000045776367,51.40999984741211,50.310001373291016,50.959999084472656,49.653141021728516,50132800
"2025-02-26",50.970001220703125,51.31999969482422,50.75,50.849998474121094,49.545963287353516,31250500
"2025-02-27",51.029998779296875,51.79999923706055,50.9900016784668,51.130001068115234,49.818790435791016,44378600
"2025-02-28",51.38999938964844,52.2599983215332,51.16999816894531,52.18000030517578,50.84185791015625,63537100
"2025-03-03",52.31999969482422,52.63999938964844,51.369998931884766,51.7400016784668,50.41313934326172,76100100
"2025-03-04",51.220001220703125,51.279998779296875,49.63999938964844,49.91999816894531,48.63981246948242,99342400
"2025-03-05",49.939998626708984,50.45000076293945,49.560001373291016,50.209999084472656,48.92238235473633,75561700
"2025-03-06",49.619998931884766,49.959999084472656,49.060001373291016,49.380001068115234,48.11366271972656,55477700
"2025-03-07",49.20000076293945,49.33000183105469,48.25,49.119998931884766,47.86032485961914,87351400
"2025-03-10",48.290000915527344,48.61000061035156,47.459999084472656,48.02000045776367,46.788536071777344,78221400
"2025-03-11",47.95000076293945,48.08000183105469,47.279998779296875,47.61000061035156,46.38905334472656,72972200
"2025-03-12",48.119998931884766,48.189998626708984,47.220001220703125,47.68000030517578,46.45725631713867,60700100
"2025-03-13",47.79999923706055,48.08000183105469,47.279998779296875,47.41999816894531,46.20392608642578,49986300
"2025-03-14",47.869998931884766,48.599998474121094,47.619998931884766,48.52000045776367,47.275718688964844,49535700
"2025-03-17",48.33000183105469,49.33000183105469,48.31999969482422,49.09000015258789,47.83109664916992,43570500
"2025-03-18",49.130001068115234,49.290000915527344,48.849998474121094,49.029998779296875,47.77263641357422,32714200
"2025-03-19",49.060001373291016,49.83000183105469,48.86000061035156,49.56999969482422,48.298789978027344,44290700
"2025-03-20",49.290000915527344,49.97999954223633,49.20000076293945,49.63999938964844,48.36698913574219,46326000
"2025-03-21",49.38999938964844,49.63999938964844,49.029998779296875,49.459999084472656,48.191612243652344,53382800
"2025-03-24",49.790000915527344,50.27000045776367,49.65999984741211,50.150001525878906,49.04140090942383,43158200
"2025-03-25",50.33000183105469,50.5099983215332,50.08000183105469,50.43000030517578,49.31521224975586,24873700
"2025-03-26",50.58000183105469,50.90999984741211,50.09000015258789,50.279998779296875,49.16852569580078,39729200
"2025-03-27",50.189998626708984,50.45000076293945,49.790000915527344,50.18000030517578,49.07073211669922,32299800
"2025-03-28",50.029998779296875,50.29999923706055,49.02000045776367,49.209999084472656,48.12217712402344,45365400
"2025-03-31",48.720001220703125,50.060001373291016,48.58000183105469,49.810001373291016,48.70892333984375,38042300
"2025-04-01",49.619998931884766,49.970001220703125,49.20000076293945,49.75,48.650238037109375,37959100
"2025-04-02",49.349998474121094,50.33000183105469,49.27000045776367,50.15999984741211,49.051177978515625,41792100
"2025-04-03",48.20000076293945,48.650001525878906,47.599998474121094,47.689998626708984,46.635780334472656,101160600
"2025-04-04",46.06999969482422,46.40999984741211,44.09000015258789,44.20000076293945,43.222930908203125,128135300
"2025-04-07",42.84000015258789,45.650001525878906,42.209999084472656,44.09000015258789,43.1153564453125,179993200
"2025-04-08",45.79999923706055,46.220001220703125,43.2400016784668,43.91999816894531,42.94911575317383,98804200
"2025-04-09",43.2400016784668,47.61000061035156,43.06999969482422,47.22999954223633,46.18594741821289,177242900
"2025-04-10",46.529998779296875,46.599998474121094,44.540000915527344,45.90999984741211,44.89512634277344,93318200
"2025-04-11",45.599998474121094,46.970001220703125,45.369998931884766,46.66999816894531,45.63832473754883,63647400
"2025-04-14",47.349998474121094,47.619998931884766,46.869998931884766,47.150001525878906,46.10771560668945,52008900
"2025-04-15",47.41999816894531,47.900001525878906,47.22999954223633,47.27000045776367,46.22506332397461,41840100
"2025-04-16",47.16999816894531,47.34000015258789,46.18000030517578,46.529998779296875,45.50141906738281,47934300
"2025-04-17",46.5,47.209999084472656,46.43000030517578,46.650001525878906,45.61876678466797,61866600
"2025-04-21",46.40999984741211,46.54999923706055,45.13999938964844,45.650001525878906,44.64087677001953,43082300
"2025-04-22",46.34000015258789,47.279998779296875,46.20000076293945,47.15999984741211,46.11749267578125,38154800
"2025-04-23",48.040000915527344,48.72999954223633,47.560001373291016,47.720001220703125,46.66511917114258,50290900
"2025-04-24",47.54999923706055,48.34000015258789,47.36000061035156,48.25,47.18339157104492,26817900
"2025-04-25",48.0099983215332,48.22999954223633,47.70000076293945,48.02000045776367,46.9584846496582,28113000
"2025-04-28",48.220001220703125,48.56999969482422,47.83000183105469,48.16999816894531,47.105167388916016,33922800
"2025-04-29",48.18000030517578,48.7599983215332,47.959999084472656,48.66999816894531,47.594112396240234,42475300
"2025-04-30",48.150001525878906,48.93000030517578,47.5,48.7599983215332,47.68212127685547,33759900
"2025-05-01",48.58000183105469,49.06999969482422,48.439998626708984,48.75,47.67234420776367,34420200
"2025-05-02",49.4900016784668,49.939998626708984,49.33000183105469,49.7599983215332,48.66001510620117,35032100
"2025-05-05",49.34000015258789,49.83000183105469,49.099998474121094,49.439998626708984,48.34709548950195,24139900
"2025-05-06",49.0,49.560001373291016,48.970001220703125,49.15999984741211,48.07328414916992,28949100
"2025-05-07",49.31999969482422,49.720001220703125,49.2599983215332,49.45000076293945,48.356876373291016,30070100
"2025-05-08",49.84000015258789,50.369998931884766,49.72999954223633,49.86000061035156,48.757808685302734,31294200
"2025-05-09",49.959999084472656,50.040000915527344,49.720001220703125,49.86000061035156,48.757808685302734,22075000
"2025-05-12",51.11000061035156,51.20000076293945,50.54999923706055,50.869998931884766,49.7454833984375,44274100
"2025-05-13",51.0,51.31999969482422,50.90999984741211,51.08000183105469,49.950843811035156,33986100
"2025-05-14",51.11000061035156,51.16999816894531,50.790000915527344,50.939998626708984,49.813934326171875,38764200
"2025-05-15",50.869998931884766,51.36000061035156,50.83000183105469,51.279998779296875,50.146419525146484,34742500
"2025-05-16",51.27000045776367,51.66999816894531,51.15999984741211,51.59000015258789,50.44956588745117,53401000
"2025-05-19",51.31999969482422,51.77000045776367,51.2400016784668,51.619998931884766,50.47890090942383,26348400
"2025-05-20",51.380001068115234,51.52000045776367,51.11000061035156,51.34000015258789,50.2050895690918,26903000
"2025-05-21",51.02000045776367,51.16999816894531,50.25,50.290000915527344,49.178306579589844,40022000
"2025-05-22",50.18000030517578,50.52000045776367,49.970001220703125,50.22999954223633,49.119632720947266,33662800
"2025-05-23",49.59000015258789,50.290000915527344,49.56999969482422,50.04999923706055,48.94361114501953,33645600
"2025-05-27",50.439998626708984,50.959999084472656,50.2599983215332,50.93000030517578,49.80415725708008,38636400
"2025-05-28",50.88999938964844,51.02000045776367,50.5099983215332,50.59000015258789,49.47167205810547,31730200
"2025-05-29",50.7599983215332,50.86000061035156,50.36000061035156,50.849998474121094,49.725921630859375,34098400
"2025-05-30",50.68000030517578,51.04999923706055,50.459999084472656,50.959999084472656,49.833492279052734,37953200
"2025-06-02",50.61000061035156,51.0,50.290000915527344,50.97999954223633,49.853050231933594,30142300
"2025-06-03",50.81999969482422,51.130001068115234,50.40999984741211,51.08000183105469,49.950843811035156,33705400
"2025-06-04",51.150001525878906,51.209999084472656,50.779998779296875,50.790000915527344,49.66725158691406,24600500
"2025-06-05",50.79999923706055,50.880001068115234,50.45000076293945,50.650001525878906,49.53035354614258,42014400
"2025-06-06",51.16999816894531,51.439998626708984,51.04999923706055,51.279998779296875,50.146419525146484,34982800
"2025-06-09",51.34000015258789,51.36000061035156,50.689998626708984,51.0,49.87260818481445,28322100
"2025-06-10",50.9900016784668,51.08000183105469,50.880001068115234,51.060001373291016,49.93128967285156,27728600
"2025-06-11",51.11000061035156,51.34000015258789,50.810001373291016,51.0,49.87260818481445,39368400
"2025-06-12",50.70000076293945,51.0099983215332,50.5,51.0,49.87260818481445,25500900
"2025-06-13",50.349998474121094,50.459999084472656,49.810001373291016,49.959999084472656,48.855594635009766,54921900
"2025-06-16",50.31999969482422,50.880001068115234,50.310001373291016,50.529998779296875,49.412994384765625,35632400
"2025-06-17",50.27000045776367,50.47999954223633,50.09000015258789,50.2400016784668,49.12940979003906,31130700
"2025-06-18",50.220001220703125,50.77000045776367,50.150001525878906,50.220001220703125,49.10985565185547,45728200
"2025-06-20",50.369998931884766,50.58000183105469,50.220001220703125,50.36000061035156,49.24675369262695,44456100
"2025-06-23",50.20000076293945,50.84000015258789,49.84000015258789,50.81999969482422,49.86690902709961,43022700
"2025-06-24",51.31999969482422,51.77000045776367,51.279998779296875,51.58000183105469,50.61265182495117,41225000
"2025-06-25",51.59000015258789,51.599998474121094,51.29999923706055,51.40999984741211,50.445838928222656,33123900
"2025-06-26",51.439998626708984,51.83000183105469,51.40999984741211,51.790000915527344,50.8187141418457,37866000
"2025-06-27",51.75,52.22999954223633,51.70000076293945,51.939998626708984,50.96590042114258,38954100
"2025-06-30",52.18000030517578,52.439998626708984,52.13999938964844,52.369998931884766,51.38783264160156,42472900
"2025-07-01",52.2400016784668,52.77000045776367,52.209999084472656,52.65999984741211,51.672393798828125,33844800
"2025-07-02",52.75,52.7599983215332,52.34000015258789,52.619998931884766,51.63314437866211,40791100
"2025-07-03",52.75,53.27000045776367,52.70000076293945,53.189998626708984,52.19245529174805,25904800
"2025-07-07",53.130001068115234,53.25,52.41999816894531,52.68000030517578,51.692020416259766,34049000
"2025-07-08",52.560001373291016,52.599998474121094,52.18000030517578,52.209999084472656,51.230831146240234,53715000
"2025-07-09",52.47999954223633,52.5,52.13999938964844,52.400001525878906,51.41727066040039,36634900
"2025-07-10",52.279998779296875,52.7599983215332,52.279998779296875,52.709999084472656,51.72145462036133,27992600
"2025-07-11",52.36000061035156,52.40999984741211,52.08000183105469,52.15999984741211,51.1817741394043,30289900
"2025-07-14",52.150001525878906,52.58000183105469,52.02000045776367,52.54999923706055,51.564456939697266,27636500
"2025-07-15",52.34000015258789,52.45000076293945,51.650001525878906,51.650001525878906,50.68133544921875,47704600
"2025-07-16",51.93000030517578,52.060001373291016,51.33000183105469,52.0099983215332,51.03458786010742,46726500
"2025-07-17",51.869998931884766,52.599998474121094,51.810001373291016,52.5099983215332,51.525203704833984,48213900
"2025-07-18",52.58000183105469,52.650001525878906,52.43000030517578,52.540000915527344,51.55464553833008,29791300
"2025-07-21",52.56999969482422,52.939998626708984,52.369998931884766,52.38999938964844,51.4074592590332,36871400
"2025-07-22",52.5,52.75,52.470001220703125,52.68000030517578,51.692020416259766,32289100
"2025-07-23",52.79999923706055,53.099998474121094,52.560001373291016,53.099998474121094,52.1041374206543,32111300
"2025-07-24",53.119998931884766,53.439998626708984,53.0099983215332,53.06999969482422,52.07470703125,32371900
"2025-07-25",53.099998474121094,53.4900016784668,52.9900016784668,53.439998626708984,52.43776321411133,28964700
"2025-07-28",53.380001068115234,53.439998626708984,52.959999084472656,53.06999969482422,52.07470703125,29119300
"2025-07-29",53.25,53.29999923706055,52.68000030517578,52.79999923706055,51.80977249145508,37883200
"2025-07-30",52.779998779296875,53.029998779296875,52.439998626708984,52.70000076293945,51.71164321899414,37260100
"2025-07-31",52.47999954223633,52.9900016784668,52.27000045776367,52.369998931884766,51.38783264160156,46179400
"2025-08-01",51.720001220703125,51.7599983215332,51.04999923706055,51.400001525878906,50.43602752685547,63060800
"2025-08-04",51.599998474121094,51.90999984741211,51.4900016784668,51.90999984741211,50.93646240234375,40053100
"2025-08-05",52.04999923706055,52.09000015258789,51.36000061035156,51.70000076293945,50.73039627075195,33551000
"2025-08-06",51.810001373291016,52.029998779296875,51.65999984741211,51.95000076293945,50.97571563720703,34198700
"2025-08-07",52.18000030517578,52.25,51.220001220703125,51.369998931884766,50.406585693359375,43119400
"2025-08-08",51.66999816894531,51.970001220703125,51.5,51.849998474121094,50.877586364746094,39484400
"2025-08-11",51.959999084472656,52.029998779296875,51.720001220703125,51.83000183105469,50.85796356201172,29351200
"2025-08-12",52.04999923706055,52.54999923706055,52.040000915527344,52.459999084472656,51.47614669799805,37510000
"2025-08-13",52.65999984741211,52.90999984741211,52.4900016784668,52.7599983215332,51.77052307128906,41154900
"2025-08-14",52.709999084472656,53.04999923706055,52.529998779296875,53.0099983215332,52.015830993652344,35841500
"2025-08-15",53.130001068115234,53.15999984741211,52.41999816894531,52.459999084472656,51.47614669799805,46108500
"2025-08-18",52.38999938964844,52.560001373291016,52.290000915527344,52.5,51.51539611816406,25405100
"2025-08-19",52.45000076293945,52.869998931884766,52.45000076293945,52.599998474121094,51.61351776123047,24870800
"2025-08-20",52.63999938964844,53.0099983215332,52.5099983215332,52.869998931884766,51.87845993041992,39138800
"2025-08-21",52.720001220703125,52.79999923706055,52.349998474121094,52.70000076293945,51.71164321899414,29037000
"2025-08-22",52.970001220703125,53.68000030517578,52.95000076293945,53.56999969482422,52.56532669067383,47249800
"2025-08-25",53.470001220703125,53.58000183105469,53.2400016784668,53.2599983215332,52.26114273071289,24756500
"2025-08-26",53.099998474121094,53.689998626708984,53.099998474121094,53.66999816894531,52.663448333740234,27907000
"2025-08-27",53.540000915527344,53.939998626708984,53.5099983215332,53.779998779296875,52.771392822265625,39530100
"2025-08-28",53.88999938964844,53.90999984741211,53.70000076293945,53.849998474121094,52.8400764465332,28837300
"2025-08-29",53.900001525878906,54.13999938964844,53.79999923706055,53.9900016784668,52.977455139160156,36062400
"2025-09-02",53.70000076293945,53.70000076293945,53.119998931884766,53.59000015258789,52.58495330810547,38733100
"2025-09-03",53.5,53.599998474121094,53.130001068115234,53.5,52.49664306640625,36420100
"2025-09-04",53.689998626708984,54.08000183105469,53.56999969482422,54.060001373291016,53.046142578125,32730000
"2025-09-05",54.11000061035156,54.25,52.869998931884766,53.06999969482422,52.07470703125,58377100
"2025-09-08",53.09000015258789,53.16999816894531,52.84000015258789,53.11000061035156,52.113956451416016,49490900
"2025-09-09",52.97999954223633,53.59000015258789,52.959999084472656,53.34000015258789,52.33964157104492,38884500
"2025-09-10",53.16999816894531,53.400001525878906,52.93000030517578,53.15999984741211,52.16301727294922,32915900
"2025-09-11",53.189998626708984,54.06999969482422,53.18000030517578,54.029998779296875,53.016700744628906,36635400
"2025-09-12",53.959999084472656,54.06999969482422,53.709999084472656,53.79999923706055,52.791019439697266,25705900
"2025-09-15",53.88999938964844,54.09000015258789,53.619998931884766,53.68000030517578,52.67326736450195,31922000
"2025-09-16",53.61000061035156,53.66999816894531,53.27000045776367,53.560001373291016,52.55551528930664,28482500
"2025-09-17",53.66999816894531,54.33000183105469,53.650001525878906,54.08000183105469,53.06576919555664,47976100
"2025-09-18",54.11000061035156,54.5,53.9900016784668,54.130001068115234,53.11483383178711,36609100
"2025-09-19",54.2599983215332,54.40999984741211,53.91999816894531,54.25,53.23257827758789,46731400
"2025-09-22",53.70000076293945,54.060001373291016,53.63999938964844,54.0,53.16169357299805,32393000
"2025-09-23",53.95000076293945,54.4900016784668,53.630001068115234,53.7599983215332,52.9254150390625,28698900
"2025-09-24",53.83000183105469,53.959999084472656,53.5,53.61000061035156,52.77775573730469,23893400
"2025-09-25",53.470001220703125,53.709999084472656,53.2400016784668,53.470001220703125,52.63992691040039,24757500
"2025-09-26",53.709999084472656,54.099998474121094,53.63999938964844,53.86000061035156,53.023868560791016,30686100
"2025-09-29",54.040000915527344,54.150001525878906,53.7400016784668,54.130001068115234,53.28968048095703,20713800
"2025-09-30",54.060001373291016,54.2400016784668,53.41999816894531,53.869998931884766,53.03371047973633,32442200
"2025-10-01",53.61000061035156,53.7599983215332,53.369998931884766,53.38999938964844,52.561161041259766,33210100
"2025-10-02",53.310001373291016,53.47999954223633,53.060001373291016,53.349998474121094,52.521785736083984,32443400
"2025-10-03",53.41999816894531,53.970001220703125,53.380001068115234,53.720001220703125,52.88603973388672,32111600
"2025-10-06",53.93000030517578,54.06999969482422,53.29999923706055,53.70000076293945,52.86635208129883,32001300
"2025-10-07",53.880001068115234,54.04999923706055,53.52000045776367,53.77000045776367,52.935264587402344,31250500
"2025-10-08",53.93000030517578,53.95000076293945,53.34000015258789,53.5099983215332,52.67930221557617,26848700
"2025-10-09",53.630001068115234,53.810001373291016,53.189998626708984,53.31999969482422,52.492252349853516,33922400
"2025-10-10",53.459999084472656,53.68000030517578,52.15999984741211,52.15999984741211,51.35026168823242,73596200
"2025-10-13",52.54999923706055,52.81999969482422,52.34000015258789,52.65999984741211,51.842498779296875,39651900
"2025-10-14",52.45000076293945,53.650001525878906,52.25,53.2400016784668,52.413490295410156,62588700
"2025-10-15",53.43000030517578,53.7599983215332,52.86000061035156,53.2400016784668,52.413490295410156,39526600
"2025-10-16",53.09000015258789,53.119998931884766,51.540000915527344,51.7599983215332,50.95646667480469,85420100
"2025-10-17",51.900001525878906,52.36000061035156,51.72999954223633,52.18000030517578,51.36994934082031,52288900
"2025-10-20",52.36000061035156,52.900001525878906,52.290000915527344,52.790000915527344,51.97047805786133,39479600
"2025-10-21",52.65999984741211,53.130001068115234,52.65999984741211,52.72999954223633,51.911407470703125,31213600
"2025-10-22",52.779998779296875,52.81999969482422,52.119998931884766,52.43000030517578,51.616065979003906,53727500
"2025-10-23",52.59000015258789,52.68000030517578,52.290000915527344,52.540000915527344,51.724361419677734,29483700
"2025-10-24",52.849998474121094,53.279998779296875,52.810001373291016,53.11000061035156,52.2855110168457,31947800
"2025-10-27",53.369998931884766,53.43000030517578,53.20000076293945,53.33000183105469,52.502098083496094,27154100
"2025-10-28",53.33000183105469,53.400001525878906,52.939998626708984,52.9900016784668,52.16737747192383,33648000
"2025-10-29",52.45000076293945,52.58000183105469,51.869998931884766,52.09000015258789,51.281349182128906,61846300
"2025-10-30",52.02000045776367,52.81999969482422,52.02000045776367,52.22999954223633,51.41917037963867,48568700
"2025-10-31",52.0099983215332,52.5,51.939998626708984,52.369998931884766,51.5569953918457,40425800
"2025-11-03",52.33000183105469,52.34000015258789,51.650001525878906,52.150001525878906,51.34041976928711,38693200
"2025-11-04",51.95000076293945,52.540000915527344,51.84000015258789,52.41999816894531,51.606224060058594,44675200
"2025-11-05",52.4900016784668,52.81999969482422,52.18000030517578,52.599998474121094,51.78342819213867,38036300
"2025-11-06",52.5099983215332,52.70000076293945,52.16999816894531,52.40999984741211,51.596378326416016,42625700
"2025-11-07",52.279998779296875,52.79999923706055,52.09000015258789,52.779998779296875,51.960628509521484,46218700
"2025-11-10",52.93000030517578,53.150001525878906,52.650001525878906,52.970001220703125,52.14768600463867,42010600
"2025-11-11",53.06999969482422,53.34000015258789,52.880001068115234,53.209999084472656,52.38395690917969,29995800
"2025-11-12",53.220001220703125,53.88999938964844,53.220001220703125,53.66999816894531,52.83681869506836,46052700
"2025-11-13",53.56999969482422,53.7599983215332,52.880001068115234,52.97999954223633,52.157527923583984,50455300
"2025-11-14",52.810001373291016,52.810001373291016,52.27000045776367,52.45000076293945,51.63575744628906,46154600
"2025-11-17",52.470001220703125,52.4900016784668,51.25,51.45000076293945,50.651283264160156,70048500
"2025-11-18",51.279998779296875,51.75,51.150001525878906,51.369998931884766,50.5725212097168,66043600
"2025-11-19",51.380001068115234,51.650001525878906,51.189998626708984,51.560001373291016,50.759578704833984,46003900
"2025-11-20",52.029998779296875,52.38999938964844,51.08000183105469,51.11000061035156,50.31656265258789,70096400
"2025-11-21",51.459999084472656,51.970001220703125,51.13999938964844,51.66999816894531,50.86786651611328,68942900
"2025-11-24",51.7400016784668,51.970001220703125,51.33000183105469,51.88999938964844,51.084449768066406,43789100
"2025-11-25",52.11000061035156,52.65999984741211,51.90999984741211,52.540000915527344,51.724361419677734,50989800
"2025-11-26",52.66999816894531,53.150001525878906,52.599998474121094,52.95000076293945,52.12799835205078,35268500
"2025-11-28",53.099998474121094,53.54999923706055,53.029998779296875,53.33000183105469,52.502098083496094,16136100
"2025-12-01",53.06999969482422,53.400001525878906,52.84000015258789,52.88999938964844,52.06892776489258,29296300
"2025-12-02",52.9900016784668,53.13999938964844,52.63999938964844,52.84000015258789,52.01970291137695,29771500
"2025-12-03",52.939998626708984,53.599998474121094,52.880001068115234,53.54999923706055,52.71868133544922,32018000
"2025-12-04",53.59000015258789,53.90999984741211,53.470001220703125,53.65999984741211,52.82697677612305,33678700
"2025-12-05",53.540000915527344,53.93000030517578,53.45000076293945,53.68000030517578,52.84666442871094,28532300
"2025-12-08",53.70000076293945,53.709999084472656,53.279998779296875,53.47999954223633,52.6497688293457,31164200
"2025-12-09",53.5,53.95000076293945,53.25,53.279998779296875,52.45287322998047,46335400
"2025-12-10",53.279998779296875,54.08000183105469,53.209999084472656,53.88999938964844,53.053401947021484,45437500
"2025-12-11",53.959999084472656,54.97999954223633,53.93000030517578,54.869998931884766,54.0181884765625,51786500
"2025-12-12",55.15999984741211,55.209999084472656,54.709999084472656,54.95000076293945,54.096946716308594,64428900
"2025-12-15",55.18000030517578,55.310001373291016,54.81999969482422,54.9900016784668,54.13632583618164,35356800
"2025-12-16",55.040000915527344,55.15999984741211,54.47999954223633,54.63999938964844,53.7917594909668,37342300
"2025-12-17",54.79999923706055,55.06999969482422,54.58000183105469,54.630001068115234,53.781917572021484,41112400
"2025-12-18",54.77000045776367,55.02000045776367,54.36000061035156,54.540000915527344,53.69331741333008,35021600
"2025-12-19",54.560001373291016,55.02000045776367,54.560001373291016,54.84000015258789,53.988651275634766,46595300
"2025-12-22",54.75,55.439998626708984,54.7400016784668,55.31999969482422,54.651546478271484,37987800
"2025-12-23",55.310001373291016,55.560001373291016,55.310001373291016,55.43000030517578,54.76021957397461,24732900
"2025-12-24",55.5099983215332,55.88999938964844,55.40999984741211,55.72999954223633,55.05659103393555,15685800
"2025-12-26",55.709999084472656,55.79999923706055,55.439998626708984,55.619998931884766,54.94792175292969,20410100
"2025-12-29",55.59000015258789,55.68000030517578,55.2599983215332,55.31999969482422,54.651546478271484,34223800
"2025-12-30",55.400001525878906,55.400001525878906,55.13999938964844,55.18000030517578,54.513240814208984,16160900
"2025-12-31",55.220001220703125,55.2599983215332,54.75,54.77000045776367,54.108192443847656,22996200
"2026-01-02",54.83000183105469,55.0,54.34000015258789,54.93000030517578,54.266258239746094,36087100
"2026-01-05",54.81999969482422,56.5099983215332,54.81999969482422,56.130001068115234,55.45176315307617,58044100
"2026-01-06",56.040000915527344,56.52000045776367,55.9900016784668,56.400001525878906,55.71849822998047,38950800
"2026-01-07",56.22999954223633,56.34000015258789,55.540000915527344,55.61000061035156,54.938045501708984,44720900
"2026-01-08",55.45000076293945,56.25,55.40999984741211,55.900001525878906,55.22454071044922,35358300
"2026-01-09",55.97999954223633,56.15999984741211,55.720001220703125,55.72999954223633,55.05659103393555,29544900
"2026-01-12",55.029998779296875,55.36000061035156,54.84000015258789,55.290000915527344,54.621910095214844,42021600
"2026-01-13",55.150001525878906,55.22999954223633,54.150001525878906,54.22999954223633,53.57471466064453,77045100
"2026-01-14",54.04999923706055,54.18000030517578,53.689998626708984,54.150001525878906,53.495689392089844,59754600
"2026-01-15",54.220001220703125,54.70000076293945,54.209999084472656,54.369998931884766,53.7130241394043,48490800
"2026-01-16",54.369998931884766,54.7599983215332,54.290000915527344,54.439998626708984,53.78218078613281,44363200
"2026-01-20",53.61000061035156,54.11000061035156,53.099998474121094,53.20000076293945,52.55716323852539,57030800
"2026-01-21",53.369998931884766,53.83000183105469,53.2400016784668,53.459999084472656,52.814022064208984,49360300
"2026-01-22",53.650001525878906,54.04999923706055,53.63999938964844,53.810001373291016,53.159793853759766,46919300
"2026-01-23",53.4900016784668,53.5099983215332,52.880001068115234,53.06999969482422,52.428733825683594,47057500
"2026-01-26",53.099998474121094,53.54999923706055,53.09000015258789,53.40999984741211,52.76462936401367,31072700
"2026-01-27",53.31999969482422,53.43000030517578,52.84000015258789,53.0,52.35958480834961,38633700
"2026-01-28",52.93000030517578,53.209999084472656,52.7599983215332,52.9900016784668,52.34970474243164,45450800
"2026-01-29",53.31999969482422,53.630001068115234,52.9900016784668,53.54999923706055,52.90293502807617,51975400
"2026-01-30",53.380001068115234,53.65999984741211,53.02000045776367,53.439998626708984,52.79426193237305,42767000
"2026-02-02",53.45000076293945,54.09000015258789,53.20000076293945,54.029998779296875,53.377132415771484,48031500
"2026-02-03",53.720001220703125,54.16999816894531,53.15999984741211,53.529998779296875,52.883174896240234,66887100
"2026-02-04",53.5099983215332,54.18000030517578,53.400001525878906,53.959999084472656,53.307979583740234,59506400
"2026-02-05",53.939998626708984,54.060001373291016,53.18000030517578,53.290000915527344,52.64607620239258,64475000
"2026-02-06",53.83000183105469,54.349998474121094,53.83000183105469,54.2599983215332,53.60435485839844,53073800
"2026-02-09",54.08000183105469,54.38999938964844,53.900001525878906,53.939998626708984,53.28822326660156,31699900
"2026-02-10",53.70000076293945,54.2599983215332,53.119998931884766,53.54999923706055,52.90293502807617,57920800
"2026-02-11",53.66999816894531,53.93000030517578,52.689998626708984,52.7400016784668,52.102725982666016,60339900
"2026-02-12",52.900001525878906,53.11000061035156,51.43000030517578,51.689998626708984,51.06541061401367,94645100
"2026-02-13",51.54999923706055,51.93000030517578,51.25,51.650001525878906,51.02589416503906,56449300
"2026-02-17",51.81999969482422,52.40999984741211,51.81999969482422,52.20000076293945,51.569252014160156,54064700
"2026-02-18",52.349998474121094,52.779998779296875,52.279998779296875,52.59000015258789,51.954532623291016,45224000
"2026-02-19",52.13999938964844,52.380001068115234,51.7400016784668,52.150001525878906,51.51985549926758,47344400
"2026-02-20",52.040000915527344,52.5,51.720001220703125,52.4900016784668,51.85574722290039,52934100
"2026-02-23",52.189998626708984,52.470001220703125,50.63999938964844,50.72999954223633,50.11701202392578,94600400
"2026-02-24",50.45000076293945,51.18000030517578,50.2400016784668,50.97999954223633,50.363990783691406,64114100
"2026-02-25",51.2400016784668,51.88999938964844,51.16999816894531,51.869998931884766,51.24323654174805,47652800
"2026-02-26",52.06999969482422,52.65999984741211,51.97999954223633,52.5,51.86561965942383,60884300
"2026-02-27",51.880001068115234,52.060001373291016,51.0099983215332,51.43000030517578,50.808555603027344,81998700
"2026-03-02",50.61000061035156,51.630001068115234,50.459999084472656,51.29999923706055,50.68012237548828,70107200
"2026-03-03",50.290000915527344,51.54999923706055,50.08000183105469,51.209999084472656,50.59121322631836,94738700
"2026-03-04",51.33000183105469,51.650001525878906,51.08000183105469,51.5,50.87770080566406,51472400
"2026-03-05",51.2400016784668,51.81999969482422,50.90999984741211,51.22999954223633,50.61096954345703,58430700
"2026-03-06",50.439998626708984,50.619998931884766,49.75,50.56999969482422,49.95894241333008,75632700
"2026-03-09",49.91999816894531,50.52000045776367,49.18000030517578,50.33000183105469,49.72184371948242,78178700
"2026-03-10",50.33000183105469,50.689998626708984,49.75,50.060001373291016,49.45510482788086,70834200
"2026-03-11",49.97999954223633,50.119998931884766,49.220001220703125,49.63999938964844,49.040184020996094,56301200
"2026-03-12",48.97999954223633,49.220001220703125,48.790000915527344,48.83000183105469,48.23997116088867,67871700
"2026-03-13",49.11000061035156,49.459999084472656,48.849998474121094,48.88999938964844,48.29924392700195,47595200
"2026-03-16",49.25,49.75,49.11000061035156,49.29999923706055,48.704288482666016,45720100
"2026-03-17",49.70000076293945,50.189998626708984,49.5099983215332,49.560001373291016,48.961151123046875,46974000
"2026-03-18",49.369998931884766,49.709999084472656,48.91999816894531,48.970001220703125,48.37827682495117,49239100
"2026-03-19",48.77000045776367,49.18000030517578,48.52000045776367,48.9900016784668,48.39803695678711,58374000
"2026-03-20",48.959999084472656,49.34000015258789,48.790000915527344,49.08000183105469,48.4869499206543,82914000
"2026-03-23",49.70000076293945,49.86000061035156,49.220001220703125,49.27000045776367,48.92485809326172,81044800
"2026-03-24",48.79999923706055,49.59000015258789,48.779998779296875,49.279998779296875,48.93478775024414,43296400
"2026-03-25",49.59000015258789,49.95000076293945,48.9900016784668,49.34000015258789,48.99436569213867,40438800
"2026-03-26",49.11000061035156,49.4900016784668,48.880001068115234,49.04999923706055,48.706398010253906,45035700
"2026-03-27",48.790000915527344,48.84000015258789,47.66999816894531,47.810001373291016,47.4750862121582,64823900
"2026-03-30",48.22999954223633,48.720001220703125,48.09000015258789,48.36000061035156,48.02123260498047,58128900
"2026-03-31",48.91999816894531,49.459999084472656,48.5099983215332,49.369998931884766,49.0241584777832,85361900
"2026-04-01",49.79999923706055,49.849998474121094,49.13999938964844,49.439998626708984,49.093666076660156,61558300
"2026-04-02",48.83000183105469,49.810001373291016,48.599998474121094,49.529998779296875,49.18303298950195,39519800
"2026-04-06",49.5099983215332,50.0099983215332,49.45000076293945,49.880001068115234,49.53058624267578,27345800
"2026-04-07",49.619998931884766,50.02000045776367,49.5,49.880001068115234,49.53058624267578,31750000
"2026-04-08",51.189998626708984,51.47999954223633,50.959999084472656,51.20000076293945,50.841339111328125,48175400
"2026-04-09",50.939998626708984,51.540000915527344,50.79999923706055,51.33000183105469,50.970428466796875,30330500
"2026-04-10",51.22999954223633,51.290000915527344,50.63999938964844,50.77000045776367,50.41434860229492,35427500
"2026-04-13",50.5,51.66999816894531,50.41999816894531,51.65999984741211,51.29811477661133,33635900
"2026-04-14",51.5099983215332,51.90999984741211,51.439998626708984,51.779998779296875,51.41727066040039,36498400
"2026-04-15",52.06999969482422,52.33000183105469,51.81999969482422,52.16999816894531,51.80453872680664,33804700
"2026-04-16",52.09000015258789,52.40999984741211,51.91999816894531,52.029998779296875,51.66551971435547,25432000
"2026-04-17",52.369998931884766,52.97999954223633,52.29999923706055,52.43000030517578,52.062721252441406,45183400
"2026-04-20",52.34000015258789,52.7599983215332,52.2599983215332,52.630001068115234,52.26131820678711,26160600
"2026-04-21",52.709999084472656,53.189998626708984,52.20000076293945,52.29999923706055,51.93362808227539,34150100
"2026-04-22",52.47999954223633,52.650001525878906,52.06999969482422,52.209999084472656,51.844261169433594,31838400
"2026-04-23",52.08000183105469,52.16999816894531,51.29999923706055,51.79999923706055,51.4371337890625,44647900
"2026-04-24",51.58000183105469,51.66999816894531,51.31999969482422,51.41999816894531,51.05979537963867,27225300
"2026-04-27",51.310001373291016,51.900001525878906,51.27000045776367,51.810001373291016,51.44706726074219,25764300
"2026-04-28",52.20000076293945,52.400001525878906,51.79999923706055,51.849998474121094,51.48678207397461,24337500
"2026-04-29",52.130001068115234,52.29999923706055,51.70000076293945,51.91999816894531,51.55629348754883,22153100
"2026-04-30",51.5099983215332,52.25,51.20000076293945,52.130001068115234,51.76482391357422,31406400
"2026-05-01",52.400001525878906,52.61000061035156,51.91999816894531,51.91999816894531,51.55629348754883,39618200
"2026-05-04",51.779998779296875,52.189998626708984,51.4900016784668,51.58000183105469,51.21867752075195,44456300
"2026-05-05",51.56999969482422,51.77000045776367,51.380001068115234,51.59000015258789,51.228607177734375,27419600
"2026-05-06",51.91999816894531,52.2400016784668,51.779998779296875,51.84000015258789,51.47685241699219,39084600
"2026-05-07",51.779998779296875,52.08000183105469,51.41999816894531,51.54999923706055,51.18888473510742,36983100
"2026-05-08",51.68000030517578,51.7400016784668,51.13999938964844,51.2400016784668,50.88105773925781,29627700
"2026-05-11",51.2599983215332,51.459999084472656,50.959999084472656,51.18000030517578,50.821475982666016,30759200
"2026-05-12",51.18000030517578,51.70000076293945,50.810001373291016,51.58000183105469,51.21867752075195,44193700
"2026-05-13",51.13999938964844,51.33000183105469,50.959999084472656,50.9900016784668,50.632808685302734,33440200
"2026-05-14",51.27000045776367,51.4900016784668,51.099998474121094,51.290000915527344,50.93070983886719,37059700
"2026-05-15",51.31999969482422,51.5,51.040000915527344,51.099998474121094,50.74203872680664,29789800
"2026-05-18",51.0099983215332,51.79999923706055,50.970001220703125,51.7400016784668,51.37755584716797,32974600
"2026-05-19",51.630001068115234,51.790000915527344,51.04999923706055,51.099998474121094,50.74203872680664,35956300
"2026-05-20",51.22999954223633,51.709999084472656,50.779998779296875,51.65999984741211,51.29811477661133,42148400
"2026-05-21",51.459999084472656,51.83000183105469,51.209999084472656,51.72999954223633,51.36762619018555,33344200
"2026-05-22",51.900001525878906,52.16999816894531,51.84000015258789,51.939998626708984,51.57615280151367,23308000
"2026-05-26",52.0,52.22999954223633,51.720001220703125,51.849998474121094,51.48678207397461,24530200
"2026-05-27",51.7400016784668,51.9900016784668,51.29999923706055,51.41999816894531,51.05979537963867,45239100
"2026-05-28",51.189998626708984,51.5,51.02000045776367,51.27000045776367,50.91084671020508,40564600
"2026-05-29",51.279998779296875,51.790000915527344,51.16999816894531,51.58000183105469,51.21867752075195,34240300
"2026-06-01",51.22999954223633,51.599998474121094,51.189998626708984,51.43000030517578,51.06972885131836,34507600
"2026-06-02",51.22999954223633,51.65999984741211,50.97999954223633,51.459999084472656,51.09951400756836,30988800
"2026-06-03",51.13999938964844,51.15999984741211,50.52000045776367,50.869998931884766,50.513648986816406,44906700
"2026-06-04",51.540000915527344,52.29999923706055,51.47999954223633,52.189998626708984,51.82440185546875,57368100
"2026-06-05",52.380001068115234,52.47999954223633,52.060001373291016,52.29999923706055,51.93362808227539,42101700
"2026-06-08",52.2400016784668,52.470001220703125,51.959999084472656,51.970001220703125,51.60594177246094,39102700
"2026-06-09",52.18000030517578,52.70000076293945,52.040000915527344,52.459999084472656,52.09251022338867,41695100
"2026-06-10",52.5,52.810001373291016,52.209999084472656,52.22999954223633,51.86412048339844,31128400
"2026-06-11",52.349998474121094,52.77000045776367,52.040000915527344,52.619998931884766,52.25139236450195,41295600
"2026-06-12",52.959999084472656,53.54999923706055,52.810001373291016,53.34000015258789,52.966346740722656,51023300
"2026-06-15",53.7599983215332,53.970001220703125,53.47999954223633,53.560001373291016,53.18480682373047,37492400
"2026-06-16",54.0099983215332,54.43000030517578,53.849998474121094,54.349998474121094,53.96927261352539,37478300
"2026-06-17",54.290000915527344,54.88999938964844,53.900001525878906,54.04999923706055,53.67137145996094,49571900
"2026-06-18",54.54999923706055,54.61000061035156,53.459999084472656,53.56999969482422,53.194732666015625,37816800
"2026-06-22",53.619998931884766,54.02000045776367,53.56999969482422,53.70000076293945,53.510616302490234,27962800
"2026-06-23",53.630001068115234,54.029998779296875,53.4900016784668,53.880001068115234,53.68998336791992,33375300
"2026-06-24",53.86000061035156,54.099998474121094,53.540000915527344,53.720001220703125,53.530548095703125,30809600
"2026-06-25",53.91999816894531,54.68000030517578,53.400001525878906,53.45000076293945,53.261497497558594,31634800
"2026-06-26",53.560001373291016,53.939998626708984,53.20000076293945,53.56999969482422,53.38107681274414,26643000
"2026-06-29",53.70000076293945,54.029998779296875,53.68000030517578,53.720001220703125,53.530548095703125,31628000
"2026-06-30",53.65999984741211,53.849998474121094,53.400001525878906,53.61000061035156,53.420936584472656,27725300
"2026-07-01",53.83000183105469,55.08000183105469,53.75,54.779998779296875,54.58680725097656,47809800
"2026-07-02",55.279998779296875,55.63999938964844,55.0099983215332,55.619998931884766,55.42384338378906,46246100
"2026-07-06",55.849998474121094,56.15999984741211,55.58000183105469,56.13999938964844,55.942012786865234,32043700
"2026-07-07",56.310001373291016,56.59000015258789,56.0099983215332,56.04999923706055,55.85232925415039,27116500
"2026-07-08",55.790000915527344,55.79999923706055,54.95000076293945,54.970001220703125,54.77613830566406,41648100
"2026-07-09",55.06999969482422,55.689998626708984,54.970001220703125,55.540000915527344,55.3441276550293,26542000
"2026-07-10",55.9900016784668,56.029998779296875,55.36000061035156,55.709999084472656,55.513526916503906,24046300
"2026-07-13",55.97999954223633,56.15999984741211,55.61000061035156,56.06999969482422,55.872257232666016,33391000
"2026-07-14",55.599998474121094,56.79999923706055,55.59000015258789,56.18000030517578,55.98187255859375,43208800
"2026-07-15",56.29999923706055,56.81999969482422,56.18000030517578,56.560001373291016,56.360530853271484,49425400
"2026-07-16",56.7599983215332,56.84000015258789,56.38999938964844,56.75,56.549861907958984,27591200
"2026-07-17",56.43000030517578,56.939998626708984,56.119998931884766,56.2599983215332,56.061588287353516,42881800
"2026-07-20",56.29999923706055,56.380001068115234,55.88999938964844,56.040000915527344,55.84236526489258,38162600
"2026-07-21",55.9900016784668,56.34000015258789,55.720001220703125,56.11000061035156,55.91211700439453,26399000
"2026-07-22",56.13999938964844,56.279998779296875,55.90999984741211,56.04999923706055,55.85232925415039,25430900
"2026-07-23",55.68000030517578,55.86000061035156,55.45000076293945,55.83000183105469,55.63310623168945,24311000
"2026-07-24",55.83000183105469,56.380001068115234,55.689998626708984,56.310001373291016,56.111412048339844,32212900
"2026-07-27",56.7599983215332,57.130001068115234,56.59000015258789,56.880001068115234,56.67940139770508,29805900
"2026-07-28",57.130001068115234,57.599998474121094,56.95000076293945,57.599998474121094,57.3968620300293,34204400
"2026-07-29",57.290000915527344,57.470001220703125,56.59000015258789,56.68000030517578,56.480106353759766,49038800
"2026-07-30",56.81999969482422,57.04999923706055,56.18000030517578,57.0,56.798980712890625,33184200
"2026-07-31",56.810001373291016,57.119998931884766,56.689998626708984,56.939998626708984,56.73918914794922,32543500
"2026-08-03",57.290000915527344,57.54999923706055,57.0,57.380001068115234,57.17763900756836,31019400
"2026-08-04",57.220001220703125,58.02000045776367,57.189998626708984,57.880001068115234,57.67587661743164,31466100
"2026-08-05",58.18000030517578,58.40999984741211,57.79999923706055,58.0,57.79545211791992,34275600
"2026-08-06",58.380001068115234,58.380001068115234,57.59000015258789,57.810001373291016,57.60612487792969,27704200
"2026-08-07",57.61000061035156,57.790000915527344,57.34000015258789,57.599998474121094,57.3968620300293,20816700
"2026-08-10",57.540000915527344,58.02000045776367,57.459999084472656,57.810001373291016,57.60612487792969,26070800
"2026-08-11",57.779998779296875,58.099998474121094,57.720001220703125,57.79999923706055,57.59615707397461,19797000
"2026-08-12",57.83000183105469,58.0,57.68000030517578,57.91999816894531,57.71573257446289,18531700
"2026-08-13",58.189998626708984,58.310001373291016,57.75,58.2599983215332,58.054534912109375,23193500
"2026-08-14",58.220001220703125,58.290000915527344,58.060001373291016,58.15999984741211,57.95488739013672,28130100
"2026-08-17",57.959999084472656,58.27000045776367,57.54999923706055,57.58000183105469,57.37693405151367,45636700
"2026-08-18",57.72999954223633,57.97999954223633,57.56999969482422,57.84000015258789,57.636016845703125,25389400
"2026-08-19",57.880001068115234,58.20000076293945,57.41999816894531,57.47999954223633,57.277286529541016,35648300
"2026-08-20",57.470001220703125,57.65999984741211,56.90999984741211,56.95000076293945,56.7491569519043,30704200
"2026-08-21",57.31999969482422,57.70000076293945,57.25,57.47999954223633,57.277286529541016,27273100
"2026-08-24",57.70000076293945,58.380001068115234,57.63999938964844,58.220001220703125,58.014678955078125,31462900
"2026-08-25",58.189998626708984,58.36000061035156,57.869998931884766,58.310001373291016,58.1043586730957,23685100
"2026-08-26",58.25,58.380001068115234,58.02000045776367,58.2599983215332,58.054534912109375,20054000
"2026-08-27",57.90999984741211,58.22999954223633,57.72999954223633,57.880001068115234,57.67587661743164,26082100
"2026-08-28",57.97999954223633,58.40999984741211,57.91999816894531,58.099998474121094,57.89509963989258,25142600
"2026-08-31",57.86000061035156,57.93000030517578,57.689998626708984,57.709999084472656,57.506473541259766,25215700
"2026-09-01",57.61000061035156,57.97999954223633,57.130001068115234,57.20000076293945,56.99827575683594,32396200
"2026-09-02",57.380001068115234,58.22999954223633,57.31999969482422,57.65999984741211,57.45664978027344,31321800
"2026-09-03",58.0,58.599998474121094,57.9900016784668,58.560001373291016,58.353477478027344,32670500
"2026-09-04",58.040000915527344,58.380001068115234,57.91999816894531,58.099998474121094,57.89509963989258,26361500
"2026-09-08",57.709999084472656,57.81999969482422,57.2599983215332,57.29999923706055,57.09791946411133,38239200
"2026-09-09",57.130001068115234,57.33000183105469,56.72999954223633,57.060001373291016,56.858768463134766,27523000
"2026-09-10",56.90999984741211,57.11000061035156,56.689998626708984,56.869998931884766,56.669437408447266,25355100
"2026-09-11",57.439998626708984,57.619998931884766,56.959999084472656,57.25,57.048095703125,34701500
"2026-09-14",57.34000015258789,57.56999969482422,56.7599983215332,57.029998779296875,56.82887268066406,38162400
"2026-09-15",56.970001220703125,56.9900016784668,56.459999084472656,56.849998474121094,56.649505615234375,30161600
"2026-09-16",56.81999969482422,56.849998474121094,55.439998626708984,55.93000030517578,55.73275375366211,53072800
"2026-09-17",56.27000045776367,56.400001525878906,55.560001373291016,55.880001068115234,55.68292999267578,29191300
"2026-09-18",55.65999984741211,55.97999954223633,55.459999084472656,55.86000061035156,55.66299819946289,36017900
"2026-09-21",56.04999923706055,56.209999084472656,55.720001220703125,55.900001525878906,55.900001525878906,30640800
"2026-09-22",56.0,56.04999923706055,54.54999923706055,54.79999923706055,54.79999923706055,69837400
"2026-09-23",54.5,55.08000183105469,54.459999084472656,54.540000915527344,54.540000915527344,42703400
"2026-09-24",54.61000061035156,54.81999969482422,54.25,54.529998779296875,54.529998779296875,28808000
"2026-09-25",54.630001068115234,54.88999938964844,54.310001373291016,54.84000015258789,54.84000015258789,29101300
"2026-09-28",54.66999816894531,54.72999954223633,54.13999938964844,54.189998626708984,54.189998626708984,39822200
"2026-09-29",54.16999816894531,54.349998474121094,53.720001220703125,54.0099983215332,54.0099983215332,53090100
"2026-09-30",53.9900016784668,54.029998779296875,53.369998931884766,53.400001525878906,53.400001525878906,55804700
"2026-10-01",53.25,53.619998931884766,52.810001373291016,53.459999084472656,53.459999084472656,41547200
"2026-10-02",53.540000915527344,53.7599983215332,53.209999084472656,53.4900016784668,53.4900016784668,30292500
"2026-10-05",53.5,53.970001220703125,53.29999923706055,53.880001068115234,53.880001068115234,28810700
"2026-10-06",53.970001220703125,54.29999923706055,53.880001068115234,54.0099983215332,54.0099983215332,21721500
