funding_time_utc,funding_rate,mark_price
2020-09-22T16:00:00Z,0.00010000,
2020-09-23T00:00:00Z,0.00010000,
2020-09-23T08:00:00Z,-0.00740000,
2020-09-23T16:00:00Z,-0.00126541,
2020-09-24T00:00:00Z,-0.00018177,
2020-09-24T08:00:00Z,-0.00012012,
2020-09-24T16:00:00Z,-0.00048931,
2020-09-25T00:00:00Z,-0.00224858,
2020-09-25T08:00:00Z,-0.00289319,
2020-09-25T16:00:00Z,-0.00216208,
2020-09-26T00:00:00Z,-0.00098216,
2020-09-26T08:00:00Z,-0.00211755,
2020-09-26T16:00:00Z,-0.00011783,
2020-09-27T00:00:00Z,0.00010000,
2020-09-27T08:00:00Z,-0.00041945,
2020-09-27T16:00:00Z,-0.00050331,
2020-09-28T00:00:00Z,-0.00065609,
2020-09-28T08:00:00Z,-0.00013098,
2020-09-28T16:00:00Z,0.00010000,
2020-09-29T00:00:00Z,0.00010000,
2020-09-29T08:00:00Z,-0.00010608,
2020-09-29T16:00:00Z,0.00010000,
2020-09-30T00:00:00Z,0.00010000,
2020-09-30T08:00:00Z,-0.00030181,
2020-09-30T16:00:00Z,0.00010000,
2020-10-01T00:00:00Z,-0.00025416,
2020-10-01T08:00:00Z,0.00010000,
2020-10-01T16:00:00Z,0.00010000,
2020-10-02T00:00:00Z,0.00005208,
2020-10-02T08:00:00Z,0.00007022,
2020-10-02T16:00:00Z,0.00010000,
2020-10-03T00:00:00Z,-0.00015428,
2020-10-03T08:00:00Z,-0.00059442,
2020-10-03T16:00:00Z,-0.00034546,
2020-10-04T00:00:00Z,0.00007413,
2020-10-04T08:00:00Z,-0.00107719,
2020-10-04T16:00:00Z,-0.00167126,
2020-10-05T00:00:00Z,-0.00099078,
2020-10-05T08:00:00Z,-0.00194485,
2020-10-05T16:00:00Z,-0.00066244,
2020-10-06T00:00:00Z,-0.00035542,
2020-10-06T08:00:00Z,-0.00227416,
2020-10-06T16:00:00Z,-0.00248050,
2020-10-07T00:00:00Z,-0.00154079,
2020-10-07T08:00:00Z,-0.00323738,
2020-10-07T16:00:00Z,-0.00343181,
2020-10-08T00:00:00Z,-0.00361232,
2020-10-08T08:00:00Z,-0.00185869,
2020-10-08T16:00:00Z,-0.00045167,
2020-10-09T00:00:00Z,-0.00048272,
2020-10-09T08:00:00Z,-0.00027472,
2020-10-09T16:00:00Z,-0.00016517,
2020-10-10T00:00:00Z,-0.00044795,
2020-10-10T08:00:00Z,0.00010000,
2020-10-10T16:00:00Z,0.00010000,
2020-10-11T00:00:00Z,0.00010000,
2020-10-11T08:00:00Z,0.00008774,
2020-10-11T16:00:00Z,0.00010000,
2020-10-12T00:00:00Z,0.00010000,
2020-10-12T08:00:00Z,0.00010000,
2020-10-12T16:00:00Z,-0.00011544,
2020-10-13T00:00:00Z,-0.00006030,
2020-10-13T08:00:00Z,0.00010000,
2020-10-13T16:00:00Z,-0.00025068,
2020-10-14T00:00:00Z,-0.00012499,
2020-10-14T08:00:00Z,0.00010000,
2020-10-14T16:00:00Z,0.00010000,
2020-10-15T00:00:00Z,0.00010000,
2020-10-15T08:00:00Z,0.00010000,
2020-10-15T16:00:00Z,0.00010000,
2020-10-16T00:00:00Z,0.00010000,
2020-10-16T08:00:00Z,0.00010000,
2020-10-16T16:00:00Z,-0.00054988,
2020-10-17T00:00:00Z,-0.00128881,
2020-10-17T08:00:00Z,-0.00067109,
2020-10-17T16:00:00Z,-0.00056899,
2020-10-18T00:00:00Z,0.00010000,
2020-10-18T08:00:00Z,0.00010000,
2020-10-18T16:00:00Z,0.00010000,
2020-10-19T00:00:00Z,0.00010000,
2020-10-19T08:00:00Z,-0.00065428,
2020-10-19T16:00:00Z,-0.00081383,
2020-10-20T00:00:00Z,-0.00093807,
2020-10-20T08:00:00Z,-0.00125267,
2020-10-20T16:00:00Z,-0.00152251,
2020-10-21T00:00:00Z,-0.00147871,
2020-10-21T08:00:00Z,0.00010000,
2020-10-21T16:00:00Z,0.00009491,
2020-10-22T00:00:00Z,0.00010000,
2020-10-22T08:00:00Z,-0.00073807,
2020-10-22T16:00:00Z,-0.00048347,
2020-10-23T00:00:00Z,0.00010000,
2020-10-23T08:00:00Z,0.00010000,
2020-10-23T16:00:00Z,0.00010000,
2020-10-24T00:00:00Z,0.00010000,
2020-10-24T08:00:00Z,0.00010000,
2020-10-24T16:00:00Z,0.00010000,
2020-10-25T00:00:00Z,0.00010000,
2020-10-25T08:00:00Z,0.00010000,
2020-10-25T16:00:00Z,0.00010000,
2020-10-26T00:00:00Z,0.00010000,
2020-10-26T08:00:00Z,0.00010000,
2020-10-26T16:00:00Z,0.00010000,
2020-10-27T00:00:00Z,0.00010000,
2020-10-27T08:00:00Z,0.00010000,
2020-10-27T16:00:00Z,0.00010000,
2020-10-28T00:00:00Z,0.00010000,
2020-10-28T08:00:00Z,0.00010000,
2020-10-28T16:00:00Z,0.00010000,
2020-10-29T00:00:00Z,-0.00003133,
2020-10-29T08:00:00Z,0.00010000,
2020-10-29T16:00:00Z,0.00010000,
2020-10-30T00:00:00Z,0.00006883,
2020-10-30T08:00:00Z,0.00010000,
2020-10-30T16:00:00Z,0.00010000,
2020-10-31T00:00:00Z,0.00010000,
2020-10-31T08:00:00Z,0.00010000,
2020-10-31T16:00:00Z,0.00010000,
2020-11-01T00:00:00Z,0.00010000,
2020-11-01T08:00:00Z,0.00010000,
2020-11-01T16:00:00Z,-0.00009221,
2020-11-02T00:00:00Z,0.00010000,
2020-11-02T08:00:00Z,0.00010000,
2020-11-02T16:00:00Z,0.00010000,
2020-11-03T00:00:00Z,0.00010000,
2020-11-03T08:00:00Z,0.00010000,
2020-11-03T16:00:00Z,0.00010000,
2020-11-04T00:00:00Z,0.00010000,
2020-11-04T08:00:00Z,0.00010000,
2020-11-04T16:00:00Z,0.00010000,
2020-11-05T00:00:00Z,0.00010000,
2020-11-05T08:00:00Z,0.00009520,
2020-11-05T16:00:00Z,-0.00006991,
2020-11-06T00:00:00Z,0.00010000,
2020-11-06T08:00:00Z,0.00010000,
2020-11-06T16:00:00Z,0.00010000,
2020-11-07T00:00:00Z,0.00010000,
2020-11-07T08:00:00Z,0.00010000,
2020-11-07T16:00:00Z,0.00010000,
2020-11-08T00:00:00Z,0.00010000,
2020-11-08T08:00:00Z,0.00010000,
2020-11-08T16:00:00Z,0.00010000,
2020-11-09T00:00:00Z,0.00010000,
2020-11-09T08:00:00Z,0.00010000,
2020-11-09T16:00:00Z,0.00010000,
2020-11-10T00:00:00Z,0.00010000,
2020-11-10T08:00:00Z,0.00010000,
2020-11-10T16:00:00Z,0.00010000,
2020-11-11T00:00:00Z,0.00010000,
2020-11-11T08:00:00Z,0.00010000,
2020-11-11T16:00:00Z,0.00010000,
2020-11-12T00:00:00Z,0.00010000,
2020-11-12T08:00:00Z,0.00010000,
2020-11-12T16:00:00Z,0.00010000,
2020-11-13T00:00:00Z,0.00002094,
2020-11-13T08:00:00Z,0.00010000,
2020-11-13T16:00:00Z,0.00010000,
2020-11-14T00:00:00Z,0.00010000,
2020-11-14T08:00:00Z,0.00010000,
2020-11-14T16:00:00Z,0.00010000,
2020-11-15T00:00:00Z,0.00010000,
2020-11-15T08:00:00Z,0.00010000,
2020-11-15T16:00:00Z,0.00010000,
2020-11-16T00:00:00Z,0.00010000,
2020-11-16T08:00:00Z,0.00010000,
2020-11-16T16:00:00Z,0.00010000,
2020-11-17T00:00:00Z,0.00010000,
2020-11-17T08:00:00Z,0.00010000,
2020-11-17T16:00:00Z,0.00010000,
2020-11-18T00:00:00Z,0.00016732,
2020-11-18T08:00:00Z,0.00010000,
2020-11-18T16:00:00Z,0.00010000,
2020-11-19T00:00:00Z,0.00010000,
2020-11-19T08:00:00Z,0.00010000,
2020-11-19T16:00:00Z,0.00010000,
2020-11-20T00:00:00Z,0.00010000,
2020-11-20T08:00:00Z,0.00010000,
2020-11-20T16:00:00Z,0.00065021,
2020-11-21T00:00:00Z,0.00029848,
2020-11-21T08:00:00Z,0.00024077,
2020-11-21T16:00:00Z,0.00119609,
2020-11-22T00:00:00Z,0.00040022,
2020-11-22T08:00:00Z,0.00010000,
2020-11-22T16:00:00Z,0.00010000,
2020-11-23T00:00:00Z,0.00046919,
2020-11-23T08:00:00Z,0.00010000,
2020-11-23T16:00:00Z,0.00014739,
2020-11-24T00:00:00Z,0.00063786,
2020-11-24T08:00:00Z,0.00076917,
2020-11-24T16:00:00Z,0.00010000,
2020-11-25T00:00:00Z,0.00091423,
2020-11-25T08:00:00Z,0.00049187,
2020-11-25T16:00:00Z,0.00126493,
2020-11-26T00:00:00Z,0.00032436,
2020-11-26T08:00:00Z,0.00010000,
2020-11-26T16:00:00Z,0.00010000,
2020-11-27T00:00:00Z,0.00010000,
2020-11-27T08:00:00Z,-0.00001491,
2020-11-27T16:00:00Z,0.00010000,
2020-11-28T00:00:00Z,0.00010000,
2020-11-28T08:00:00Z,-0.00026742,
2020-11-28T16:00:00Z,0.00010000,
2020-11-29T00:00:00Z,0.00010000,
2020-11-29T08:00:00Z,0.00010000,
2020-11-29T16:00:00Z,0.00010000,
2020-11-30T00:00:00Z,0.00010000,
2020-11-30T08:00:00Z,0.00010000,
2020-11-30T16:00:00Z,0.00010000,
2020-12-01T00:00:00Z,0.00010000,
2020-12-01T08:00:00Z,0.00010000,
2020-12-01T16:00:00Z,0.00010000,
2020-12-02T00:00:00Z,0.00010000,
2020-12-02T08:00:00Z,0.00010000,
2020-12-02T16:00:00Z,0.00010000,
2020-12-03T00:00:00Z,0.00010000,
2020-12-03T08:00:00Z,0.00010000,
2020-12-03T16:00:00Z,0.00010000,
2020-12-04T00:00:00Z,0.00010000,
2020-12-04T08:00:00Z,0.00010000,
2020-12-04T16:00:00Z,0.00010000,
2020-12-05T00:00:00Z,0.00010000,
2020-12-05T08:00:00Z,0.00007470,
2020-12-05T16:00:00Z,0.00010000,
2020-12-06T00:00:00Z,0.00010000,
2020-12-06T08:00:00Z,-0.00001654,
2020-12-06T16:00:00Z,-0.00003139,
2020-12-07T00:00:00Z,-0.00018477,
2020-12-07T08:00:00Z,-0.00083711,
2020-12-07T16:00:00Z,-0.00025843,
2020-12-08T00:00:00Z,-0.00112269,
2020-12-08T08:00:00Z,-0.00150062,
2020-12-08T16:00:00Z,-0.00098165,
2020-12-09T00:00:00Z,-0.00136414,
2020-12-09T08:00:00Z,-0.00022080,
2020-12-09T16:00:00Z,-0.00009175,
2020-12-10T00:00:00Z,0.00010000,
2020-12-10T08:00:00Z,0.00010000,
2020-12-10T16:00:00Z,0.00010000,
2020-12-11T00:00:00Z,0.00010000,
2020-12-11T08:00:00Z,0.00010000,
2020-12-11T16:00:00Z,0.00010000,
2020-12-12T00:00:00Z,0.00010000,
2020-12-12T08:00:00Z,0.00010000,
2020-12-12T16:00:00Z,0.00010000,
2020-12-13T00:00:00Z,0.00010000,
2020-12-13T08:00:00Z,0.00010000,
2020-12-13T16:00:00Z,0.00010000,
2020-12-14T00:00:00Z,0.00010000,
2020-12-14T08:00:00Z,0.00010000,
2020-12-14T16:00:00Z,0.00012951,
2020-12-15T00:00:00Z,0.00010000,
2020-12-15T08:00:00Z,0.00052931,
2020-12-15T16:00:00Z,0.00010430,
2020-12-16T00:00:00Z,0.00010000,
2020-12-16T08:00:00Z,0.00010000,
2020-12-16T16:00:00Z,0.00010000,
2020-12-17T00:00:00Z,0.00010000,
2020-12-17T08:00:00Z,0.00011181,
2020-12-17T16:00:00Z,0.00033825,
2020-12-18T00:00:00Z,0.00014388,
2020-12-18T08:00:00Z,0.00010000,
2020-12-18T16:00:00Z,0.00014790,
2020-12-19T00:00:00Z,0.00010000,
2020-12-19T08:00:00Z,0.00090558,
2020-12-19T16:00:00Z,0.00052671,
2020-12-20T00:00:00Z,0.00120633,
2020-12-20T08:00:00Z,0.00083852,
2020-12-20T16:00:00Z,0.00057523,
2020-12-21T00:00:00Z,0.00010000,
2020-12-21T08:00:00Z,0.00039284,
2020-12-21T16:00:00Z,0.00007767,
2020-12-22T00:00:00Z,0.00010000,
2020-12-22T08:00:00Z,0.00010000,
2020-12-22T16:00:00Z,0.00010000,
2020-12-23T00:00:00Z,0.00010000,
2020-12-23T08:00:00Z,0.00010000,
2020-12-23T16:00:00Z,0.00016711,
2020-12-24T00:00:00Z,0.00010000,
2020-12-24T08:00:00Z,0.00010000,
2020-12-24T16:00:00Z,0.00010000,
2020-12-25T00:00:00Z,0.00010000,
2020-12-25T08:00:00Z,0.00010000,
2020-12-25T16:00:00Z,0.00010000,
2020-12-26T00:00:00Z,0.00010000,
2020-12-26T08:00:00Z,0.00010000,
2020-12-26T16:00:00Z,0.00010000,
2020-12-27T00:00:00Z,0.00010000,
2020-12-27T08:00:00Z,0.00010000,
2020-12-27T16:00:00Z,0.00010000,
2020-12-28T00:00:00Z,0.00010000,
2020-12-28T08:00:00Z,0.00010000,
2020-12-28T16:00:00Z,0.00015272,
2020-12-29T00:00:00Z,0.00020121,
2020-12-29T08:00:00Z,0.00014174,
2020-12-29T16:00:00Z,0.00010000,
2020-12-30T00:00:00Z,0.00012533,
2020-12-30T08:00:00Z,0.00010000,
2020-12-30T16:00:00Z,0.00010000,
2020-12-31T00:00:00Z,0.00010000,
2020-12-31T08:00:00Z,0.00010000,
2020-12-31T16:00:00Z,0.00010000,
2021-01-01T00:00:00Z,0.00010000,
2021-01-01T08:00:00Z,0.00010000,
2021-01-01T16:00:00Z,-0.00308578,
2021-01-02T00:00:00Z,0.00010000,
2021-01-02T08:00:00Z,0.00032818,
2021-01-02T16:00:00Z,0.00053305,
2021-01-03T00:00:00Z,0.00091160,
2021-01-03T08:00:00Z,0.00024361,
2021-01-03T16:00:00Z,0.00149666,
2021-01-04T00:00:00Z,0.00209236,
2021-01-04T08:00:00Z,0.00314356,
2021-01-04T16:00:00Z,0.00030670,
2021-01-05T00:00:00Z,0.00010000,
2021-01-05T08:00:00Z,0.00027935,
2021-01-05T16:00:00Z,0.00019227,
2021-01-06T00:00:00Z,0.00040949,
2021-01-06T08:00:00Z,0.00079333,
2021-01-06T16:00:00Z,0.00258334,
2021-01-07T00:00:00Z,0.00084995,
2021-01-07T08:00:00Z,0.00063809,
2021-01-07T16:00:00Z,0.00042983,
2021-01-08T00:00:00Z,0.00021377,
2021-01-08T08:00:00Z,0.00010000,
2021-01-08T16:00:00Z,0.00010000,
2021-01-09T00:00:00Z,0.00010000,
2021-01-09T08:00:00Z,0.00010000,
2021-01-09T16:00:00Z,0.00010000,
2021-01-10T00:00:00Z,-0.00053719,
2021-01-10T08:00:00Z,0.00010000,
2021-01-10T16:00:00Z,-0.00070709,
2021-01-11T00:00:00Z,0.00010000,
2021-01-11T08:00:00Z,0.00010000,
2021-01-11T16:00:00Z,0.00010000,
2021-01-12T00:00:00Z,0.00002357,
2021-01-12T08:00:00Z,-0.00089522,
2021-01-12T16:00:00Z,-0.00063105,
2021-01-13T00:00:00Z,-0.00003461,
2021-01-13T08:00:00Z,-0.00077163,
2021-01-13T16:00:00Z,-0.00031204,
2021-01-14T00:00:00Z,-0.00040585,
2021-01-14T08:00:00Z,-0.00003067,
2021-01-14T16:00:00Z,-0.00019238,
2021-01-15T00:00:00Z,0.00010000,
2021-01-15T08:00:00Z,0.00010000,
2021-01-15T16:00:00Z,0.00010000,
2021-01-16T00:00:00Z,-0.00166273,
2021-01-16T08:00:00Z,-0.00104330,
2021-01-16T16:00:00Z,-0.00149030,
2021-01-17T00:00:00Z,-0.00347653,
2021-01-17T08:00:00Z,-0.00232858,
2021-01-17T16:00:00Z,-0.00077802,
2021-01-18T00:00:00Z,-0.00114982,
2021-01-18T08:00:00Z,-0.00099425,
2021-01-18T16:00:00Z,-0.00093526,
2021-01-19T00:00:00Z,-0.00105610,
2021-01-19T08:00:00Z,-0.00197663,
2021-01-19T16:00:00Z,-0.00126051,
2021-01-20T00:00:00Z,-0.00155582,
2021-01-20T08:00:00Z,-0.00140997,
2021-01-20T16:00:00Z,-0.00121926,
2021-01-21T00:00:00Z,-0.00044673,
2021-01-21T08:00:00Z,-0.00095597,
2021-01-21T16:00:00Z,-0.00110195,
2021-01-22T00:00:00Z,-0.00077400,
2021-01-22T08:00:00Z,-0.00030388,
2021-01-22T16:00:00Z,0.00010000,
2021-01-23T00:00:00Z,0.00010000,
2021-01-23T08:00:00Z,0.00010000,
2021-01-23T16:00:00Z,-0.00010684,
2021-01-24T00:00:00Z,0.00010000,
2021-01-24T08:00:00Z,0.00010000,
2021-01-24T16:00:00Z,0.00010000,
2021-01-25T00:00:00Z,-0.00044707,
2021-01-25T08:00:00Z,-0.00047380,
2021-01-25T16:00:00Z,0.00005558,
2021-01-26T00:00:00Z,-0.00119228,
2021-01-26T08:00:00Z,-0.00131457,
2021-01-26T16:00:00Z,-0.00132486,
2021-01-27T00:00:00Z,0.00010000,
2021-01-27T08:00:00Z,-0.00144369,
2021-01-27T16:00:00Z,-0.00094067,
2021-01-28T00:00:00Z,-0.00025530,
2021-01-28T08:00:00Z,-0.00064845,
2021-01-28T16:00:00Z,-0.00057509,
2021-01-29T00:00:00Z,-0.00139510,
2021-01-29T08:00:00Z,-0.00024280,
2021-01-29T16:00:00Z,0.00010000,
2021-01-30T00:00:00Z,-0.00013533,
2021-01-30T08:00:00Z,-0.00154153,
2021-01-30T16:00:00Z,0.00004719,
2021-01-31T00:00:00Z,-0.00051680,
2021-01-31T08:00:00Z,0.00010000,
2021-01-31T16:00:00Z,0.00032646,
2021-02-01T00:00:00Z,0.00010000,
2021-02-01T08:00:00Z,0.00010000,
2021-02-01T16:00:00Z,0.00010000,
2021-02-02T00:00:00Z,0.00012136,
2021-02-02T08:00:00Z,0.00010000,
2021-02-02T16:00:00Z,0.00010000,
2021-02-03T00:00:00Z,0.00010000,
2021-02-03T08:00:00Z,-0.00025576,
2021-02-03T16:00:00Z,0.00038947,
2021-02-04T00:00:00Z,0.00010000,
2021-02-04T08:00:00Z,0.00093496,
2021-02-04T16:00:00Z,0.00010000,
2021-02-05T00:00:00Z,0.00010000,
2021-02-05T08:00:00Z,0.00040426,
2021-02-05T16:00:00Z,0.00010000,
2021-02-06T00:00:00Z,-0.00003715,
2021-02-06T08:00:00Z,-0.00275187,
2021-02-06T16:00:00Z,-0.00117315,
2021-02-07T00:00:00Z,-0.00029975,
2021-02-07T08:00:00Z,-0.00024556,
2021-02-07T16:00:00Z,-0.00077930,
2021-02-08T00:00:00Z,-0.00092641,
2021-02-08T08:00:00Z,-0.00099503,
2021-02-08T16:00:00Z,-0.00057337,
2021-02-09T00:00:00Z,0.00134365,
2021-02-09T08:00:00Z,0.00024491,
2021-02-09T16:00:00Z,0.00018221,
2021-02-10T00:00:00Z,0.00074645,
2021-02-10T08:00:00Z,-0.00006862,
2021-02-10T16:00:00Z,0.00005916,
2021-02-11T00:00:00Z,0.00010000,
2021-02-11T08:00:00Z,-0.00096753,
2021-02-11T16:00:00Z,0.00083881,
2021-02-12T00:00:00Z,0.00131848,
2021-02-12T08:00:00Z,0.00188976,
2021-02-12T16:00:00Z,0.00413492,
2021-02-13T00:00:00Z,0.00518469,
2021-02-13T08:00:00Z,0.00486547,
2021-02-13T16:00:00Z,0.00298832,
2021-02-14T00:00:00Z,0.00467579,
2021-02-14T08:00:00Z,0.00264158,
2021-02-14T16:00:00Z,0.00255122,
2021-02-15T00:00:00Z,0.00053582,
2021-02-15T08:00:00Z,-0.00016042,
2021-02-15T16:00:00Z,0.00092697,
2021-02-16T00:00:00Z,-0.00069740,
2021-02-16T08:00:00Z,-0.00084855,
2021-02-16T16:00:00Z,-0.00111457,
2021-02-17T00:00:00Z,-0.00134886,
2021-02-17T08:00:00Z,0.00010000,
2021-02-17T16:00:00Z,0.00307795,
2021-02-18T00:00:00Z,0.00256733,
2021-02-18T08:00:00Z,0.00281766,
2021-02-18T16:00:00Z,0.00125232,
2021-02-19T00:00:00Z,0.00044327,
2021-02-19T08:00:00Z,0.00138730,
2021-02-19T16:00:00Z,0.00262073,
2021-02-20T00:00:00Z,0.00298749,
2021-02-20T08:00:00Z,0.00316280,
2021-02-20T16:00:00Z,0.00443764,
2021-02-21T00:00:00Z,0.00010000,
2021-02-21T08:00:00Z,0.00010000,
2021-02-21T16:00:00Z,0.00074370,
2021-02-22T00:00:00Z,0.00018262,
2021-02-22T08:00:00Z,0.00010000,
2021-02-22T16:00:00Z,-0.00485198,
2021-02-23T00:00:00Z,-0.00323707,
2021-02-23T08:00:00Z,-0.00105030,
2021-02-23T16:00:00Z,-0.00254940,
2021-02-24T00:00:00Z,-0.00071343,
2021-02-24T08:00:00Z,-0.00072205,
2021-02-24T16:00:00Z,-0.00059170,
2021-02-25T00:00:00Z,-0.00113563,
2021-02-25T08:00:00Z,0.00010000,
2021-02-25T16:00:00Z,0.00010000,
2021-02-26T00:00:00Z,-0.00134897,
2021-02-26T08:00:00Z,-0.00166607,
2021-02-26T16:00:00Z,-0.00044926,
2021-02-27T00:00:00Z,-0.00084172,
2021-02-27T08:00:00Z,-0.00052315,
2021-02-27T16:00:00Z,-0.00035816,
2021-02-28T00:00:00Z,0.00010000,
2021-02-28T08:00:00Z,-0.00082583,
2021-02-28T16:00:00Z,-0.00094722,
2021-03-01T00:00:00Z,-0.00046648,
2021-03-01T08:00:00Z,-0.00036405,
2021-03-01T16:00:00Z,0.00004596,
2021-03-02T00:00:00Z,0.00010000,
2021-03-02T08:00:00Z,0.00010000,
2021-03-02T16:00:00Z,0.00054592,
2021-03-03T00:00:00Z,0.00010000,
2021-03-03T08:00:00Z,0.00010000,
2021-03-03T16:00:00Z,0.00044545,
2021-03-04T00:00:00Z,0.00038007,
2021-03-04T08:00:00Z,0.00029922,
2021-03-04T16:00:00Z,0.00075043,
2021-03-05T00:00:00Z,0.00010000,
2021-03-05T08:00:00Z,0.00010000,
2021-03-05T16:00:00Z,0.00048894,
2021-03-06T00:00:00Z,0.00017411,
2021-03-06T08:00:00Z,0.00010000,
2021-03-06T16:00:00Z,0.00041944,
2021-03-07T00:00:00Z,0.00088969,
2021-03-07T08:00:00Z,0.00083462,
2021-03-07T16:00:00Z,0.00099236,
2021-03-08T00:00:00Z,0.00072889,
2021-03-08T08:00:00Z,0.00010000,
2021-03-08T16:00:00Z,0.00085327,
2021-03-09T00:00:00Z,0.00042709,
2021-03-09T08:00:00Z,0.00195150,
2021-03-09T16:00:00Z,0.00247831,
2021-03-10T00:00:00Z,0.00205798,
2021-03-10T08:00:00Z,0.00164688,
2021-03-10T16:00:00Z,0.00180809,
2021-03-11T00:00:00Z,0.00092842,
2021-03-11T08:00:00Z,0.00130759,
2021-03-11T16:00:00Z,0.00180404,
2021-03-12T00:00:00Z,0.00131325,
2021-03-12T08:00:00Z,0.00132156,
2021-03-12T16:00:00Z,0.00061365,
2021-03-13T00:00:00Z,0.00038379,
2021-03-13T08:00:00Z,0.00114254,
2021-03-13T16:00:00Z,0.00181202,
2021-03-14T00:00:00Z,0.00215284,
2021-03-14T08:00:00Z,0.00158399,
2021-03-14T16:00:00Z,0.00140495,
2021-03-15T00:00:00Z,0.00136768,
2021-03-15T08:00:00Z,0.00119389,
2021-03-15T16:00:00Z,0.00053931,
2021-03-16T00:00:00Z,0.00085857,
2021-03-16T08:00:00Z,0.00066223,
2021-03-16T16:00:00Z,0.00114239,
2021-03-17T00:00:00Z,0.00063071,
2021-03-17T08:00:00Z,0.00075334,
2021-03-17T16:00:00Z,0.00053911,
2021-03-18T00:00:00Z,0.00077156,
2021-03-18T08:00:00Z,0.00086321,
2021-03-18T16:00:00Z,0.00245302,
2021-03-19T00:00:00Z,0.00083913,
2021-03-19T08:00:00Z,0.00051900,
2021-03-19T16:00:00Z,0.00116154,
2021-03-20T00:00:00Z,0.00078996,
2021-03-20T08:00:00Z,0.00082730,
2021-03-20T16:00:00Z,0.00288478,
2021-03-21T00:00:00Z,0.00170438,
2021-03-21T08:00:00Z,0.00111257,
2021-03-21T16:00:00Z,0.00105875,
2021-03-22T00:00:00Z,0.00133176,
2021-03-22T08:00:00Z,0.00103971,
2021-03-22T16:00:00Z,0.00182145,
2021-03-23T00:00:00Z,0.00037642,
2021-03-23T08:00:00Z,0.00026977,
2021-03-23T16:00:00Z,0.00067168,
2021-03-24T00:00:00Z,0.00010000,
2021-03-24T08:00:00Z,0.00034194,
2021-03-24T16:00:00Z,0.00104829,
2021-03-25T00:00:00Z,0.00010000,
2021-03-25T08:00:00Z,0.00010000,
2021-03-25T16:00:00Z,0.00010000,
2021-03-26T00:00:00Z,0.00010000,
2021-03-26T08:00:00Z,0.00040771,
2021-03-26T16:00:00Z,0.00069560,
2021-03-27T00:00:00Z,0.00010000,
2021-03-27T08:00:00Z,0.00068848,
2021-03-27T16:00:00Z,0.00064504,
2021-03-28T00:00:00Z,0.00101825,
2021-03-28T08:00:00Z,0.00113623,
2021-03-28T16:00:00Z,0.00140504,
2021-03-29T00:00:00Z,0.00088928,
2021-03-29T08:00:00Z,0.00114818,
2021-03-29T16:00:00Z,0.00084924,
2021-03-30T00:00:00Z,0.00116748,
2021-03-30T08:00:00Z,0.00159701,
2021-03-30T16:00:00Z,0.00215734,
2021-03-31T00:00:00Z,0.00138792,
2021-03-31T08:00:00Z,0.00133039,
2021-03-31T16:00:00Z,0.00059858,
2021-04-01T00:00:00Z,0.00173657,
2021-04-01T08:00:00Z,0.00200424,
2021-04-01T16:00:00Z,0.00225671,
2021-04-02T00:00:00Z,0.00140712,
2021-04-02T08:00:00Z,0.00285536,
2021-04-02T16:00:00Z,0.00241084,
2021-04-03T00:00:00Z,0.00166657,
2021-04-03T08:00:00Z,0.00296145,
2021-04-03T16:00:00Z,0.00316514,
2021-04-04T00:00:00Z,0.00026409,
2021-04-04T08:00:00Z,0.00101677,
2021-04-04T16:00:00Z,0.00111528,
2021-04-05T00:00:00Z,0.00140357,
2021-04-05T08:00:00Z,0.00196201,
2021-04-05T16:00:00Z,0.00265631,
2021-04-06T00:00:00Z,0.00264113,
2021-04-06T08:00:00Z,0.00269615,
2021-04-06T16:00:00Z,0.00172686,
2021-04-07T00:00:00Z,0.00118916,
2021-04-07T08:00:00Z,0.00110145,
2021-04-07T16:00:00Z,0.00050974,
2021-04-08T00:00:00Z,0.00056367,
2021-04-08T08:00:00Z,0.00092494,
2021-04-08T16:00:00Z,0.00095224,
2021-04-09T00:00:00Z,0.00097770,
2021-04-09T08:00:00Z,0.00133501,
2021-04-09T16:00:00Z,0.00091852,
2021-04-10T00:00:00Z,0.00056271,
2021-04-10T08:00:00Z,0.00201084,
2021-04-10T16:00:00Z,0.00183747,
2021-04-11T00:00:00Z,0.00138939,
2021-04-11T08:00:00Z,0.00208622,
2021-04-11T16:00:00Z,0.00226875,
2021-04-12T00:00:00Z,0.00225863,
2021-04-12T08:00:00Z,0.00257715,
2021-04-12T16:00:00Z,0.00151927,
2021-04-13T00:00:00Z,0.00230467,
2021-04-13T08:00:00Z,0.00199231,
2021-04-13T16:00:00Z,0.00286826,
2021-04-14T00:00:00Z,0.00340424,
2021-04-14T08:00:00Z,0.00339515,
2021-04-14T16:00:00Z,0.00151324,
2021-04-15T00:00:00Z,0.00129401,
2021-04-15T08:00:00Z,0.00162229,
2021-04-15T16:00:00Z,0.00299037,
2021-04-16T00:00:00Z,0.00341980,
2021-04-16T08:00:00Z,0.00241926,
2021-04-16T16:00:00Z,0.00198879,
2021-04-17T00:00:00Z,0.00224476,
2021-04-17T08:00:00Z,0.00250219,
2021-04-17T16:00:00Z,0.00194742,
2021-04-18T00:00:00Z,0.00174675,
2021-04-18T08:00:00Z,-0.00130574,
2021-04-18T16:00:00Z,0.00010000,
2021-04-19T00:00:00Z,0.00026100,
2021-04-19T08:00:00Z,0.00010000,
2021-04-19T16:00:00Z,0.00010000,
2021-04-20T00:00:00Z,0.00010000,
2021-04-20T08:00:00Z,0.00010000,
2021-04-20T16:00:00Z,0.00010000,
2021-04-21T00:00:00Z,0.00017321,
2021-04-21T08:00:00Z,0.00010000,
2021-04-21T16:00:00Z,0.00010000,
2021-04-22T00:00:00Z,0.00010000,
2021-04-22T08:00:00Z,0.00015865,
2021-04-22T16:00:00Z,0.00031379,
2021-04-23T00:00:00Z,0.00010000,
2021-04-23T08:00:00Z,0.00009187,
2021-04-23T16:00:00Z,0.00010000,
2021-04-24T00:00:00Z,0.00010000,
2021-04-24T08:00:00Z,0.00010000,
2021-04-24T16:00:00Z,0.00010000,
2021-04-25T00:00:00Z,0.00010000,
2021-04-25T08:00:00Z,0.00010000,
2021-04-25T16:00:00Z,0.00010000,
2021-04-26T00:00:00Z,0.00010000,
2021-04-26T08:00:00Z,0.00010000,
2021-04-26T16:00:00Z,0.00010000,
2021-04-27T00:00:00Z,0.00010000,
2021-04-27T08:00:00Z,0.00010000,
2021-04-27T16:00:00Z,0.00010000,
2021-04-28T00:00:00Z,0.00010000,
2021-04-28T08:00:00Z,0.00025484,
2021-04-28T16:00:00Z,0.00013131,
2021-04-29T00:00:00Z,0.00039294,
2021-04-29T08:00:00Z,0.00018558,
2021-04-29T16:00:00Z,0.00062323,
2021-04-30T00:00:00Z,0.00010000,
2021-04-30T08:00:00Z,0.00027616,
2021-04-30T16:00:00Z,0.00041288,
2021-05-01T00:00:00Z,0.00052863,
2021-05-01T08:00:00Z,0.00049444,
2021-05-01T16:00:00Z,0.00081839,
2021-05-02T00:00:00Z,0.00084965,
2021-05-02T08:00:00Z,0.00048924,
2021-05-02T16:00:00Z,0.00059880,
2021-05-03T00:00:00Z,0.00063855,
2021-05-03T08:00:00Z,0.00087217,
2021-05-03T16:00:00Z,0.00119032,
2021-05-04T00:00:00Z,0.00108077,
2021-05-04T08:00:00Z,0.00021765,
2021-05-04T16:00:00Z,0.00016831,
2021-05-05T00:00:00Z,0.00010000,
2021-05-05T08:00:00Z,0.00010000,
2021-05-05T16:00:00Z,0.00010000,
2021-05-06T00:00:00Z,0.00075423,
2021-05-06T08:00:00Z,0.00096912,
2021-05-06T16:00:00Z,0.00128452,
2021-05-07T00:00:00Z,0.00010000,
2021-05-07T08:00:00Z,0.00010000,
2021-05-07T16:00:00Z,0.00160615,
2021-05-08T00:00:00Z,0.00042969,
2021-05-08T08:00:00Z,0.00092103,
2021-05-08T16:00:00Z,0.00090340,
2021-05-09T00:00:00Z,0.00097481,
2021-05-09T08:00:00Z,0.00054500,
2021-05-09T16:00:00Z,0.00089532,
2021-05-10T00:00:00Z,0.00060412,
2021-05-10T08:00:00Z,0.00076783,
2021-05-10T16:00:00Z,0.00100427,
2021-05-11T00:00:00Z,0.00010000,
2021-05-11T08:00:00Z,0.00010000,
2021-05-11T16:00:00Z,0.00010000,
2021-05-12T00:00:00Z,0.00010000,
2021-05-12T08:00:00Z,0.00010000,
2021-05-12T16:00:00Z,0.00010000,
2021-05-13T00:00:00Z,0.00010000,
2021-05-13T08:00:00Z,0.00010000,
2021-05-13T16:00:00Z,0.00010000,
2021-05-14T00:00:00Z,0.00010000,
2021-05-14T08:00:00Z,0.00010000,
2021-05-14T16:00:00Z,0.00010000,
2021-05-15T00:00:00Z,0.00010000,
2021-05-15T08:00:00Z,0.00039539,
2021-05-15T16:00:00Z,0.00053227,
2021-05-16T00:00:00Z,0.00010000,
2021-05-16T08:00:00Z,0.00010000,
2021-05-16T16:00:00Z,0.00054384,
2021-05-17T00:00:00Z,0.00010000,
2021-05-17T08:00:00Z,0.00010000,
2021-05-17T16:00:00Z,0.00038907,
2021-05-18T00:00:00Z,0.00010000,
2021-05-18T08:00:00Z,0.00018810,
2021-05-18T16:00:00Z,0.00010000,
2021-05-19T00:00:00Z,0.00010000,
2021-05-19T08:00:00Z,0.00010000,
2021-05-19T16:00:00Z,-0.00750000,
2021-05-20T00:00:00Z,-0.00019453,
2021-05-20T08:00:00Z,-0.00120828,
2021-05-20T16:00:00Z,-0.00069833,
2021-05-21T00:00:00Z,-0.00040509,
2021-05-21T08:00:00Z,-0.00050562,
2021-05-21T16:00:00Z,-0.00046944,
2021-05-22T00:00:00Z,-0.00088362,
2021-05-22T08:00:00Z,-0.00097745,
2021-05-22T16:00:00Z,0.00002023,
2021-05-23T00:00:00Z,-0.00040617,
2021-05-23T08:00:00Z,-0.00058936,
2021-05-23T16:00:00Z,0.00010000,
2021-05-24T00:00:00Z,-0.00089841,
2021-05-24T08:00:00Z,-0.00016171,
2021-05-24T16:00:00Z,-0.00023792,
2021-05-25T00:00:00Z,0.00010000,
2021-05-25T08:00:00Z,0.00010000,
2021-05-25T16:00:00Z,0.00010000,
2021-05-26T00:00:00Z,0.00010000,
2021-05-26T08:00:00Z,0.00010000,
2021-05-26T16:00:00Z,0.00010000,
2021-05-27T00:00:00Z,0.00010000,
2021-05-27T08:00:00Z,0.00010000,
2021-05-27T16:00:00Z,0.00010000,
2021-05-28T00:00:00Z,0.00010000,
2021-05-28T08:00:00Z,0.00010000,
2021-05-28T16:00:00Z,0.00010000,
2021-05-29T00:00:00Z,0.00010000,
2021-05-29T08:00:00Z,0.00010000,
2021-05-29T16:00:00Z,0.00000032,
2021-05-30T00:00:00Z,-0.00004764,
2021-05-30T08:00:00Z,0.00002957,
2021-05-30T16:00:00Z,0.00010000,
2021-05-31T00:00:00Z,0.00010000,
2021-05-31T08:00:00Z,-0.00002930,
2021-05-31T16:00:00Z,0.00010000,
2021-06-01T00:00:00Z,0.00010000,
2021-06-01T08:00:00Z,0.00010000,
2021-06-01T16:00:00Z,0.00010000,
2021-06-02T00:00:00Z,0.00010000,
2021-06-02T08:00:00Z,0.00010000,
2021-06-02T16:00:00Z,0.00010000,
2021-06-03T00:00:00Z,0.00010000,
2021-06-03T08:00:00Z,0.00010000,
2021-06-03T16:00:00Z,0.00010000,
2021-06-04T00:00:00Z,0.00010000,
2021-06-04T08:00:00Z,0.00010000,
2021-06-04T16:00:00Z,0.00010000,
2021-06-05T00:00:00Z,0.00010000,
2021-06-05T08:00:00Z,0.00010000,
2021-06-05T16:00:00Z,-0.00020769,
2021-06-06T00:00:00Z,-0.00002837,
2021-06-06T08:00:00Z,-0.00013513,
2021-06-06T16:00:00Z,0.00000067,
2021-06-07T00:00:00Z,-0.00025655,
2021-06-07T08:00:00Z,0.00010000,
2021-06-07T16:00:00Z,0.00010000,
2021-06-08T00:00:00Z,0.00010000,
2021-06-08T08:00:00Z,-0.00017822,
2021-06-08T16:00:00Z,-0.00015115,
2021-06-09T00:00:00Z,-0.00037451,
2021-06-09T08:00:00Z,-0.00035328,
2021-06-09T16:00:00Z,-0.00024281,
2021-06-10T00:00:00Z,0.00009084,
2021-06-10T08:00:00Z,0.00010000,
2021-06-10T16:00:00Z,0.00010000,
2021-06-11T00:00:00Z,0.00010000,
2021-06-11T08:00:00Z,0.00010000,
2021-06-11T16:00:00Z,0.00010000,
2021-06-12T00:00:00Z,0.00005991,
2021-06-12T08:00:00Z,-0.00021445,
2021-06-12T16:00:00Z,0.00010000,
2021-06-13T00:00:00Z,-0.00000300,
2021-06-13T08:00:00Z,0.00002949,
2021-06-13T16:00:00Z,0.00006736,
2021-06-14T00:00:00Z,0.00002041,
2021-06-14T08:00:00Z,0.00008090,
2021-06-14T16:00:00Z,0.00010000,
2021-06-15T00:00:00Z,0.00010000,
2021-06-15T08:00:00Z,0.00010000,
2021-06-15T16:00:00Z,0.00010000,
2021-06-16T00:00:00Z,0.00010000,
2021-06-16T08:00:00Z,0.00010000,
2021-06-16T16:00:00Z,0.00010000,
2021-06-17T00:00:00Z,0.00010000,
2021-06-17T08:00:00Z,0.00010000,
2021-06-17T16:00:00Z,0.00010000,
2021-06-18T00:00:00Z,0.00010000,
2021-06-18T08:00:00Z,0.00010000,
2021-06-18T16:00:00Z,0.00010000,
2021-06-19T00:00:00Z,0.00010000,
2021-06-19T08:00:00Z,0.00009203,
2021-06-19T16:00:00Z,0.00010000,
2021-06-20T00:00:00Z,0.00010000,
2021-06-20T08:00:00Z,0.00010000,
2021-06-20T16:00:00Z,-0.00001332,
2021-06-21T00:00:00Z,0.00010000,
2021-06-21T08:00:00Z,0.00010000,
2021-06-21T16:00:00Z,-0.00004397,
2021-06-22T00:00:00Z,0.00002319,
2021-06-22T08:00:00Z,-0.00001076,
2021-06-22T16:00:00Z,-0.00008678,
2021-06-23T00:00:00Z,-0.00005199,
2021-06-23T08:00:00Z,0.00010000,
2021-06-23T16:00:00Z,0.00006370,
2021-06-24T00:00:00Z,-0.00018326,
2021-06-24T08:00:00Z,0.00010000,
2021-06-24T16:00:00Z,0.00010000,
2021-06-25T00:00:00Z,0.00010000,
2021-06-25T08:00:00Z,0.00010000,
2021-06-25T16:00:00Z,0.00010000,
2021-06-26T00:00:00Z,0.00010000,
2021-06-26T08:00:00Z,0.00010000,
2021-06-26T16:00:00Z,0.00010000,
2021-06-27T00:00:00Z,0.00010000,
2021-06-27T08:00:00Z,0.00000033,
2021-06-27T16:00:00Z,0.00002239,
2021-06-28T00:00:00Z,0.00010000,
2021-06-28T08:00:00Z,0.00010000,
2021-06-28T16:00:00Z,0.00010000,
2021-06-29T00:00:00Z,0.00010000,
2021-06-29T08:00:00Z,0.00010000,
2021-06-29T16:00:00Z,0.00010000,
2021-06-30T00:00:00Z,0.00010000,
2021-06-30T08:00:00Z,0.00010000,
2021-06-30T16:00:00Z,0.00010000,
2021-07-01T00:00:00Z,0.00010000,
2021-07-01T08:00:00Z,0.00010000,
2021-07-01T16:00:00Z,0.00010000,
2021-07-02T00:00:00Z,0.00010000,
2021-07-02T08:00:00Z,0.00010000,
2021-07-02T16:00:00Z,-0.00042949,
2021-07-03T00:00:00Z,-0.00006271,
2021-07-03T08:00:00Z,-0.00004016,
2021-07-03T16:00:00Z,0.00009750,
2021-07-04T00:00:00Z,0.00010000,
2021-07-04T08:00:00Z,0.00010000,
2021-07-04T16:00:00Z,0.00010000,
2021-07-05T00:00:00Z,0.00010000,
2021-07-05T08:00:00Z,0.00010000,
2021-07-05T16:00:00Z,0.00010000,
2021-07-06T00:00:00Z,0.00010000,
2021-07-06T08:00:00Z,0.00010000,
2021-07-06T16:00:00Z,0.00010000,
2021-07-07T00:00:00Z,0.00010000,
2021-07-07T08:00:00Z,0.00010000,
2021-07-07T16:00:00Z,0.00010000,
2021-07-08T00:00:00Z,0.00010000,
2021-07-08T08:00:00Z,0.00010000,
2021-07-08T16:00:00Z,0.00010000,
2021-07-09T00:00:00Z,0.00010000,
2021-07-09T08:00:00Z,0.00010000,
2021-07-09T16:00:00Z,0.00010000,
2021-07-10T00:00:00Z,0.00010000,
2021-07-10T08:00:00Z,0.00010000,
2021-07-10T16:00:00Z,0.00010000,
2021-07-11T00:00:00Z,0.00010000,
2021-07-11T08:00:00Z,0.00010000,
2021-07-11T16:00:00Z,0.00010000,
2021-07-12T00:00:00Z,0.00010000,
2021-07-12T08:00:00Z,0.00010000,
2021-07-12T16:00:00Z,0.00010000,
2021-07-13T00:00:00Z,0.00010000,
2021-07-13T08:00:00Z,0.00010000,
2021-07-13T16:00:00Z,0.00010000,
2021-07-14T00:00:00Z,0.00010000,
2021-07-14T08:00:00Z,0.00010000,
2021-07-14T16:00:00Z,-0.00000569,
2021-07-15T00:00:00Z,0.00010000,
2021-07-15T08:00:00Z,0.00010000,
2021-07-15T16:00:00Z,0.00010000,
2021-07-16T00:00:00Z,0.00010000,
2021-07-16T08:00:00Z,0.00010000,
2021-07-16T16:00:00Z,0.00010000,
2021-07-17T00:00:00Z,0.00010000,
2021-07-17T08:00:00Z,0.00010000,
2021-07-17T16:00:00Z,0.00010000,
2021-07-18T00:00:00Z,0.00010000,
2021-07-18T08:00:00Z,0.00010000,
2021-07-18T16:00:00Z,0.00010000,
2021-07-19T00:00:00Z,0.00010000,
2021-07-19T08:00:00Z,0.00010000,
2021-07-19T16:00:00Z,-0.00001971,
2021-07-20T00:00:00Z,0.00010000,
2021-07-20T08:00:00Z,-0.00001499,
2021-07-20T16:00:00Z,0.00003914,
2021-07-21T00:00:00Z,-0.00015321,
2021-07-21T08:00:00Z,-0.00008962,
2021-07-21T16:00:00Z,0.00004257,
2021-07-22T00:00:00Z,0.00010000,
2021-07-22T08:00:00Z,0.00010000,
2021-07-22T16:00:00Z,0.00010000,
2021-07-23T00:00:00Z,0.00010000,
2021-07-23T08:00:00Z,0.00010000,
2021-07-23T16:00:00Z,0.00010000,
2021-07-24T00:00:00Z,0.00010000,
2021-07-24T08:00:00Z,0.00010000,
2021-07-24T16:00:00Z,0.00010000,
2021-07-25T00:00:00Z,0.00010000,
2021-07-25T08:00:00Z,0.00010000,
2021-07-25T16:00:00Z,0.00010000,
2021-07-26T00:00:00Z,0.00010000,
2021-07-26T08:00:00Z,0.00010000,
2021-07-26T16:00:00Z,0.00010000,
2021-07-27T00:00:00Z,0.00010000,
2021-07-27T08:00:00Z,0.00010000,
2021-07-27T16:00:00Z,0.00010000,
2021-07-28T00:00:00Z,0.00010000,
2021-07-28T08:00:00Z,0.00010000,
2021-07-28T16:00:00Z,0.00010000,
2021-07-29T00:00:00Z,0.00010000,
2021-07-29T08:00:00Z,0.00010000,
2021-07-29T16:00:00Z,0.00010000,
2021-07-30T00:00:00Z,0.00010000,
2021-07-30T08:00:00Z,0.00010000,
2021-07-30T16:00:00Z,0.00010000,
2021-07-31T00:00:00Z,0.00010000,
2021-07-31T08:00:00Z,0.00010000,
2021-07-31T16:00:00Z,0.00010000,
2021-08-01T00:00:00Z,0.00010000,
2021-08-01T08:00:00Z,0.00010000,
2021-08-01T16:00:00Z,0.00010000,
2021-08-02T00:00:00Z,0.00010000,
2021-08-02T08:00:00Z,0.00010000,
2021-08-02T16:00:00Z,0.00010000,
2021-08-03T00:00:00Z,0.00010000,
2021-08-03T08:00:00Z,0.00010000,
2021-08-03T16:00:00Z,0.00010000,
2021-08-04T00:00:00Z,0.00010000,
2021-08-04T08:00:00Z,0.00010000,
2021-08-04T16:00:00Z,0.00010000,
2021-08-05T00:00:00Z,0.00010000,
2021-08-05T08:00:00Z,0.00010000,
2021-08-05T16:00:00Z,0.00010000,
2021-08-06T00:00:00Z,0.00010000,
2021-08-06T08:00:00Z,0.00010000,
2021-08-06T16:00:00Z,0.00010000,
2021-08-07T00:00:00Z,0.00016248,
2021-08-07T08:00:00Z,0.00038951,
2021-08-07T16:00:00Z,0.00027805,
2021-08-08T00:00:00Z,0.00010044,
2021-08-08T08:00:00Z,0.00049961,
2021-08-08T16:00:00Z,0.00040106,
2021-08-09T00:00:00Z,0.00010000,
2021-08-09T08:00:00Z,0.00010000,
2021-08-09T16:00:00Z,0.00012039,
2021-08-10T00:00:00Z,0.00022609,
2021-08-10T08:00:00Z,0.00020138,
2021-08-10T16:00:00Z,0.00022864,
2021-08-11T00:00:00Z,0.00024753,
2021-08-11T08:00:00Z,0.00032753,
2021-08-11T16:00:00Z,0.00061266,
2021-08-12T00:00:00Z,0.00018483,
2021-08-12T08:00:00Z,0.00028371,
2021-08-12T16:00:00Z,0.00035592,
2021-08-13T00:00:00Z,0.00010000,
2021-08-13T08:00:00Z,0.00043675,
2021-08-13T16:00:00Z,0.00040410,
2021-08-14T00:00:00Z,0.00013569,
2021-08-14T08:00:00Z,0.00017142,
2021-08-14T16:00:00Z,0.00035338,
2021-08-15T00:00:00Z,0.00043261,
2021-08-15T08:00:00Z,0.00028709,
2021-08-15T16:00:00Z,0.00037171,
2021-08-16T00:00:00Z,0.00044009,
2021-08-16T08:00:00Z,0.00073753,
2021-08-16T16:00:00Z,0.00076449,
2021-08-17T00:00:00Z,0.00036538,
2021-08-17T08:00:00Z,0.00038245,
2021-08-17T16:00:00Z,0.00068894,
2021-08-18T00:00:00Z,0.00023147,
2021-08-18T08:00:00Z,0.00010000,
2021-08-18T16:00:00Z,0.00010000,
2021-08-19T00:00:00Z,0.00028811,
2021-08-19T08:00:00Z,0.00010000,
2021-08-19T16:00:00Z,0.00024116,
2021-08-20T00:00:00Z,0.00010000,
2021-08-20T08:00:00Z,0.00043825,
2021-08-20T16:00:00Z,0.00048775,
2021-08-21T00:00:00Z,0.00011027,
2021-08-21T08:00:00Z,0.00035640,
2021-08-21T16:00:00Z,0.00072595,
2021-08-22T00:00:00Z,0.00063949,
2021-08-22T08:00:00Z,0.00087499,
2021-08-22T16:00:00Z,0.00082384,
2021-08-23T00:00:00Z,0.00074202,
2021-08-23T08:00:00Z,0.00117026,
2021-08-23T16:00:00Z,0.00058563,
2021-08-24T00:00:00Z,0.00058721,
2021-08-24T08:00:00Z,0.00094986,
2021-08-24T16:00:00Z,0.00059120,
2021-08-25T00:00:00Z,0.00010000,
2021-08-25T08:00:00Z,0.00078029,
2021-08-25T16:00:00Z,0.00023330,
2021-08-26T00:00:00Z,0.00034118,
2021-08-26T08:00:00Z,0.00031371,
2021-08-26T16:00:00Z,0.00010000,
2021-08-27T00:00:00Z,0.00042696,
2021-08-27T08:00:00Z,0.00010000,
2021-08-27T16:00:00Z,0.00010000,
2021-08-28T00:00:00Z,0.00010000,
2021-08-28T08:00:00Z,0.00022514,
2021-08-28T16:00:00Z,0.00024491,
2021-08-29T00:00:00Z,0.00076675,
2021-08-29T08:00:00Z,0.00010000,
2021-08-29T16:00:00Z,0.00017392,
2021-08-30T00:00:00Z,0.00026540,
2021-08-30T08:00:00Z,0.00011747,
2021-08-30T16:00:00Z,0.00072146,
2021-08-31T00:00:00Z,0.00063107,
2021-08-31T08:00:00Z,0.00010000,
2021-08-31T16:00:00Z,0.00018147,
2021-09-01T00:00:00Z,0.00026261,
2021-09-01T08:00:00Z,0.00046027,
2021-09-01T16:00:00Z,0.00083603,
2021-09-02T00:00:00Z,0.00010000,
2021-09-02T08:00:00Z,0.00098068,
2021-09-02T16:00:00Z,0.00102775,
2021-09-03T00:00:00Z,0.00118344,
2021-09-03T08:00:00Z,0.00128751,
2021-09-03T16:00:00Z,0.00078770,
2021-09-04T00:00:00Z,0.00028096,
2021-09-04T08:00:00Z,0.00079520,
2021-09-04T16:00:00Z,0.00091406,
2021-09-05T00:00:00Z,0.00105575,
2021-09-05T08:00:00Z,0.00101964,
2021-09-05T16:00:00Z,0.00149203,
2021-09-06T00:00:00Z,0.00139974,
2021-09-06T08:00:00Z,0.00152602,
2021-09-06T16:00:00Z,0.00037896,
2021-09-07T00:00:00Z,0.00069411,
2021-09-07T08:00:00Z,0.00055817,
2021-09-07T16:00:00Z,-0.00344103,
2021-09-08T00:00:00Z,0.00053280,
2021-09-08T08:00:00Z,0.00010000,
2021-09-08T16:00:00Z,0.00013464,
2021-09-09T00:00:00Z,0.00010000,
2021-09-09T08:00:00Z,0.00028850,
2021-09-09T16:00:00Z,0.00014488,
2021-09-10T00:00:00Z,0.00010000,
2021-09-10T08:00:00Z,0.00024333,
2021-09-10T16:00:00Z,0.00026693,
2021-09-11T00:00:00Z,0.00010000,
2021-09-11T08:00:00Z,0.00016568,
2021-09-11T16:00:00Z,0.00022746,
2021-09-12T00:00:00Z,0.00010000,
2021-09-12T08:00:00Z,0.00010000,
2021-09-12T16:00:00Z,0.00029886,
2021-09-13T00:00:00Z,0.00032172,
2021-09-13T08:00:00Z,0.00010000,
2021-09-13T16:00:00Z,0.00010000,
2021-09-14T00:00:00Z,0.00010000,
2021-09-14T08:00:00Z,0.00010000,
2021-09-14T16:00:00Z,0.00010000,
2021-09-15T00:00:00Z,0.00010000,
2021-09-15T08:00:00Z,0.00010000,
2021-09-15T16:00:00Z,0.00010000,
2021-09-16T00:00:00Z,0.00010000,
2021-09-16T08:00:00Z,0.00015676,
2021-09-16T16:00:00Z,0.00013042,
2021-09-17T00:00:00Z,0.00020190,
2021-09-17T08:00:00Z,0.00010000,
2021-09-17T16:00:00Z,0.00010000,
2021-09-18T00:00:00Z,0.00010000,
2021-09-18T08:00:00Z,0.00010000,
2021-09-18T16:00:00Z,0.00010000,
2021-09-19T00:00:00Z,0.00027023,
2021-09-19T08:00:00Z,0.00010000,
2021-09-19T16:00:00Z,0.00010000,
2021-09-20T00:00:00Z,0.00010000,
2021-09-20T08:00:00Z,0.00010000,
2021-09-20T16:00:00Z,0.00010000,
2021-09-21T00:00:00Z,0.00010000,
2021-09-21T08:00:00Z,0.00010000,
2021-09-21T16:00:00Z,0.00010000,
2021-09-22T00:00:00Z,0.00010000,
2021-09-22T08:00:00Z,0.00010000,
2021-09-22T16:00:00Z,0.00010000,
2021-09-23T00:00:00Z,0.00010000,
2021-09-23T08:00:00Z,0.00010000,
2021-09-23T16:00:00Z,0.00010000,
2021-09-24T00:00:00Z,0.00010000,
2021-09-24T08:00:00Z,0.00010000,
2021-09-24T16:00:00Z,0.00010000,
2021-09-25T00:00:00Z,0.00010000,
2021-09-25T08:00:00Z,0.00010000,
2021-09-25T16:00:00Z,0.00010000,
2021-09-26T00:00:00Z,0.00010000,
2021-09-26T08:00:00Z,0.00010000,
2021-09-26T16:00:00Z,0.00010000,
2021-09-27T00:00:00Z,0.00010000,
2021-09-27T08:00:00Z,0.00010000,
2021-09-27T16:00:00Z,0.00010000,
2021-09-28T00:00:00Z,0.00010000,
2021-09-28T08:00:00Z,0.00010000,
2021-09-28T16:00:00Z,0.00010000,
2021-09-29T00:00:00Z,0.00010000,
2021-09-29T08:00:00Z,0.00010000,
2021-09-29T16:00:00Z,0.00010000,
2021-09-30T00:00:00Z,0.00010000,
2021-09-30T08:00:00Z,0.00010000,
2021-09-30T16:00:00Z,0.00010000,
2021-10-01T00:00:00Z,0.00010000,
2021-10-01T08:00:00Z,0.00010000,
2021-10-01T16:00:00Z,0.00010000,
2021-10-02T00:00:00Z,0.00010000,
2021-10-02T08:00:00Z,0.00010000,
2021-10-02T16:00:00Z,0.00029807,
2021-10-03T00:00:00Z,0.00026592,
2021-10-03T08:00:00Z,0.00021543,
2021-10-03T16:00:00Z,0.00021273,
2021-10-04T00:00:00Z,0.00013029,
2021-10-04T08:00:00Z,0.00010000,
2021-10-04T16:00:00Z,0.00010000,
2021-10-05T00:00:00Z,0.00010000,
2021-10-05T08:00:00Z,0.00010000,
2021-10-05T16:00:00Z,0.00010000,
2021-10-06T00:00:00Z,0.00012085,
2021-10-06T08:00:00Z,0.00016641,
2021-10-06T16:00:00Z,0.00010000,
2021-10-07T00:00:00Z,0.00041677,
2021-10-07T08:00:00Z,0.00045770,
2021-10-07T16:00:00Z,0.00042452,
2021-10-08T00:00:00Z,0.00016532,
2021-10-08T08:00:00Z,0.00018067,
2021-10-08T16:00:00Z,0.00020486,
2021-10-09T00:00:00Z,0.00033875,
2021-10-09T08:00:00Z,0.00010000,
2021-10-09T16:00:00Z,0.00035990,
2021-10-10T00:00:00Z,0.00039378,
2021-10-10T08:00:00Z,0.00061953,
2021-10-10T16:00:00Z,0.00053193,
2021-10-11T00:00:00Z,0.00010000,
2021-10-11T08:00:00Z,0.00015463,
2021-10-11T16:00:00Z,0.00016619,
2021-10-12T00:00:00Z,0.00010000,
2021-10-12T08:00:00Z,0.00010000,
2021-10-12T16:00:00Z,0.00010000,
2021-10-13T00:00:00Z,0.00010000,
2021-10-13T08:00:00Z,0.00010000,
2021-10-13T16:00:00Z,0.00010000,
2021-10-14T00:00:00Z,0.00010000,
2021-10-14T08:00:00Z,0.00028053,
2021-10-14T16:00:00Z,0.00035052,
2021-10-15T00:00:00Z,0.00017816,
2021-10-15T08:00:00Z,0.00029278,
2021-10-15T16:00:00Z,0.00047397,
2021-10-16T00:00:00Z,0.00058628,
2021-10-16T08:00:00Z,0.00059077,
2021-10-16T16:00:00Z,0.00063936,
2021-10-17T00:00:00Z,0.00063286,
2021-10-17T08:00:00Z,0.00040444,
2021-10-17T16:00:00Z,0.00054839,
2021-10-18T00:00:00Z,0.00010000,
2021-10-18T08:00:00Z,0.00035135,
2021-10-18T16:00:00Z,0.00020018,
2021-10-19T00:00:00Z,0.00017821,
2021-10-19T08:00:00Z,0.00017200,
2021-10-19T16:00:00Z,0.00016160,
2021-10-20T00:00:00Z,0.00027189,
2021-10-20T08:00:00Z,0.00011906,
2021-10-20T16:00:00Z,0.00048900,
2021-10-21T00:00:00Z,0.00043778,
2021-10-21T08:00:00Z,0.00090985,
2021-10-21T16:00:00Z,0.00049338,
2021-10-22T00:00:00Z,0.00014308,
2021-10-22T08:00:00Z,0.00039838,
2021-10-22T16:00:00Z,0.00019628,
2021-10-23T00:00:00Z,0.00037982,
2021-10-23T08:00:00Z,0.00021333,
2021-10-23T16:00:00Z,0.00010636,
2021-10-24T00:00:00Z,0.00035136,
2021-10-24T08:00:00Z,0.00031614,
2021-10-24T16:00:00Z,0.00046671,
2021-10-25T00:00:00Z,0.00016138,
2021-10-25T08:00:00Z,0.00042359,
2021-10-25T16:00:00Z,0.00037555,
2021-10-26T00:00:00Z,0.00033795,
2021-10-26T08:00:00Z,0.00069608,
2021-10-26T16:00:00Z,0.00093570,
2021-10-27T00:00:00Z,0.00012931,
2021-10-27T08:00:00Z,0.00047735,
2021-10-27T16:00:00Z,0.00010000,
2021-10-28T00:00:00Z,0.00010000,
2021-10-28T08:00:00Z,0.00010000,
2021-10-28T16:00:00Z,0.00010000,
2021-10-29T00:00:00Z,0.00010000,
2021-10-29T08:00:00Z,0.00010000,
2021-10-29T16:00:00Z,0.00026339,
2021-10-30T00:00:00Z,0.00019116,
2021-10-30T08:00:00Z,0.00010000,
2021-10-30T16:00:00Z,0.00048711,
2021-10-31T00:00:00Z,0.00036665,
2021-10-31T08:00:00Z,0.00028627,
2021-10-31T16:00:00Z,0.00010000,
2021-11-01T00:00:00Z,0.00010000,
2021-11-01T08:00:00Z,0.00015895,
2021-11-01T16:00:00Z,0.00029348,
2021-11-02T00:00:00Z,0.00031692,
2021-11-02T08:00:00Z,0.00029338,
2021-11-02T16:00:00Z,0.00068169,
2021-11-03T00:00:00Z,0.00027981,
2021-11-03T08:00:00Z,0.00033321,
2021-11-03T16:00:00Z,0.00010000,
2021-11-04T00:00:00Z,0.00028230,
2021-11-04T08:00:00Z,0.00067010,
2021-11-04T16:00:00Z,0.00052225,
2021-11-05T00:00:00Z,0.00010000,
2021-11-05T08:00:00Z,0.00010000,
2021-11-05T16:00:00Z,0.00011211,
2021-11-06T00:00:00Z,0.00010310,
2021-11-06T08:00:00Z,0.00010000,
2021-11-06T16:00:00Z,0.00010000,
2021-11-07T00:00:00Z,0.00010000,
2021-11-07T08:00:00Z,0.00019396,
2021-11-07T16:00:00Z,0.00028429,
2021-11-08T00:00:00Z,0.00015954,
2021-11-08T08:00:00Z,0.00010000,
2021-11-08T16:00:00Z,0.00037942,
2021-11-09T00:00:00Z,0.00046832,
2021-11-09T08:00:00Z,0.00071168,
2021-11-09T16:00:00Z,0.00071119,
2021-11-10T00:00:00Z,0.00052626,
2021-11-10T08:00:00Z,0.00021930,
2021-11-10T16:00:00Z,0.00057404,
2021-11-11T00:00:00Z,0.00010000,
2021-11-11T08:00:00Z,0.00010000,
2021-11-11T16:00:00Z,0.00010000,
2021-11-12T00:00:00Z,0.00010000,
2021-11-12T08:00:00Z,0.00010000,
2021-11-12T16:00:00Z,0.00010000,
2021-11-13T00:00:00Z,0.00010000,
2021-11-13T08:00:00Z,0.00010000,
2021-11-13T16:00:00Z,0.00010000,
2021-11-14T00:00:00Z,0.00018876,
2021-11-14T08:00:00Z,0.00016145,
2021-11-14T16:00:00Z,0.00016602,
2021-11-15T00:00:00Z,0.00010000,
2021-11-15T08:00:00Z,0.00037321,
2021-11-15T16:00:00Z,0.00037503,
2021-11-16T00:00:00Z,0.00010000,
2021-11-16T08:00:00Z,0.00010000,
2021-11-16T16:00:00Z,0.00010000,
2021-11-17T00:00:00Z,0.00010000,
2021-11-17T08:00:00Z,0.00010000,
2021-11-17T16:00:00Z,0.00010000,
2021-11-18T00:00:00Z,0.00010000,
2021-11-18T08:00:00Z,0.00010000,
2021-11-18T16:00:00Z,0.00010000,
2021-11-19T00:00:00Z,0.00010000,
2021-11-19T08:00:00Z,0.00010000,
2021-11-19T16:00:00Z,0.00010000,
2021-11-20T00:00:00Z,0.00010000,
2021-11-20T08:00:00Z,0.00010000,
2021-11-20T16:00:00Z,0.00010000,
2021-11-21T00:00:00Z,0.00010000,
2021-11-21T08:00:00Z,0.00010000,
2021-11-21T16:00:00Z,0.00010000,
2021-11-22T00:00:00Z,0.00010000,
2021-11-22T08:00:00Z,0.00010000,
2021-11-22T16:00:00Z,0.00010362,
2021-11-23T00:00:00Z,0.00010000,
2021-11-23T08:00:00Z,0.00010000,
2021-11-23T16:00:00Z,0.00016125,
2021-11-24T00:00:00Z,0.00015391,
2021-11-24T08:00:00Z,0.00043818,
2021-11-24T16:00:00Z,0.00033467,
2021-11-25T00:00:00Z,0.00023072,
2021-11-25T08:00:00Z,0.00010000,
2021-11-25T16:00:00Z,0.00010000,
2021-11-26T00:00:00Z,0.00027882,
2021-11-26T08:00:00Z,0.00016645,
2021-11-26T16:00:00Z,0.00010000,
2021-11-27T00:00:00Z,0.00010000,
2021-11-27T08:00:00Z,0.00010000,
2021-11-27T16:00:00Z,0.00010000,
2021-11-28T00:00:00Z,0.00010000,
2021-11-28T08:00:00Z,0.00010000,
2021-11-28T16:00:00Z,0.00010000,
2021-11-29T00:00:00Z,0.00010000,
2021-11-29T08:00:00Z,0.00010000,
2021-11-29T16:00:00Z,0.00010000,
2021-11-30T00:00:00Z,0.00010000,
2021-11-30T08:00:00Z,0.00010000,
2021-11-30T16:00:00Z,0.00010000,
2021-12-01T00:00:00Z,0.00010000,
2021-12-01T08:00:00Z,0.00010000,
2021-12-01T16:00:00Z,0.00010000,
2021-12-02T00:00:00Z,0.00010000,
2021-12-02T08:00:00Z,0.00010000,
2021-12-02T16:00:00Z,0.00010000,
2021-12-03T00:00:00Z,0.00014700,
2021-12-03T08:00:00Z,0.00010000,
2021-12-03T16:00:00Z,0.00010000,
2021-12-04T00:00:00Z,0.00010000,
2021-12-04T08:00:00Z,-0.00045304,
2021-12-04T16:00:00Z,0.00010000,
2021-12-05T00:00:00Z,0.00010000,
2021-12-05T08:00:00Z,0.00010000,
2021-12-05T16:00:00Z,0.00010000,
2021-12-06T00:00:00Z,0.00010000,
2021-12-06T08:00:00Z,0.00010000,
2021-12-06T16:00:00Z,0.00010000,
2021-12-07T00:00:00Z,0.00007053,
2021-12-07T08:00:00Z,0.00004895,
2021-12-07T16:00:00Z,0.00010000,
2021-12-08T00:00:00Z,0.00010000,
2021-12-08T08:00:00Z,0.00010000,
2021-12-08T16:00:00Z,0.00010000,
2021-12-09T00:00:00Z,0.00010000,
2021-12-09T08:00:00Z,0.00010000,
2021-12-09T16:00:00Z,0.00010000,
2021-12-10T00:00:00Z,0.00010000,
2021-12-10T08:00:00Z,0.00010000,
2021-12-10T16:00:00Z,0.00010000,
2021-12-11T00:00:00Z,0.00010000,
2021-12-11T08:00:00Z,0.00010000,
2021-12-11T16:00:00Z,0.00010000,
2021-12-12T00:00:00Z,-0.00002967,
2021-12-12T08:00:00Z,0.00010000,
2021-12-12T16:00:00Z,0.00010000,
2021-12-13T00:00:00Z,0.00010000,
2021-12-13T08:00:00Z,0.00010000,
2021-12-13T16:00:00Z,0.00010000,
2021-12-14T00:00:00Z,0.00003555,
2021-12-14T08:00:00Z,0.00010000,
2021-12-14T16:00:00Z,0.00010000,
2021-12-15T00:00:00Z,0.00010000,
2021-12-15T08:00:00Z,0.00010000,
2021-12-15T16:00:00Z,0.00010000,
2021-12-16T00:00:00Z,0.00010000,
2021-12-16T08:00:00Z,0.00010000,
2021-12-16T16:00:00Z,0.00001442,
2021-12-17T00:00:00Z,0.00010000,
2021-12-17T08:00:00Z,0.00010000,
2021-12-17T16:00:00Z,0.00010000,
2021-12-18T00:00:00Z,0.00010000,
2021-12-18T08:00:00Z,0.00010000,
2021-12-18T16:00:00Z,0.00000198,
2021-12-19T00:00:00Z,0.00010000,
2021-12-19T08:00:00Z,0.00010000,
2021-12-19T16:00:00Z,0.00010000,
2021-12-20T00:00:00Z,0.00010000,
2021-12-20T08:00:00Z,0.00010000,
2021-12-20T16:00:00Z,0.00010000,
2021-12-21T00:00:00Z,0.00010000,
2021-12-21T08:00:00Z,-0.00000695,
2021-12-21T16:00:00Z,0.00010000,
2021-12-22T00:00:00Z,0.00010000,
2021-12-22T08:00:00Z,0.00010000,
2021-12-22T16:00:00Z,0.00010000,
2021-12-23T00:00:00Z,0.00010000,
2021-12-23T08:00:00Z,0.00010000,
2021-12-23T16:00:00Z,0.00010000,
2021-12-24T00:00:00Z,0.00010000,
2021-12-24T08:00:00Z,0.00010000,
2021-12-24T16:00:00Z,0.00010000,
2021-12-25T00:00:00Z,0.00010000,
2021-12-25T08:00:00Z,0.00010000,
2021-12-25T16:00:00Z,0.00010000,
2021-12-26T00:00:00Z,0.00010000,
2021-12-26T08:00:00Z,0.00010000,
2021-12-26T16:00:00Z,0.00010000,
2021-12-27T00:00:00Z,0.00010000,
2021-12-27T08:00:00Z,0.00010000,
2021-12-27T16:00:00Z,0.00010000,
2021-12-28T00:00:00Z,0.00010000,
2021-12-28T08:00:00Z,0.00010000,
2021-12-28T16:00:00Z,0.00010000,
2021-12-29T00:00:00Z,0.00010000,
2021-12-29T08:00:00Z,0.00010000,
2021-12-29T16:00:00Z,0.00010000,
2021-12-30T00:00:00Z,0.00010000,
2021-12-30T08:00:00Z,0.00010000,
2021-12-30T16:00:00Z,0.00010000,
2021-12-31T00:00:00Z,0.00010000,
2021-12-31T08:00:00Z,0.00010000,
2021-12-31T16:00:00Z,0.00010000,
2022-01-01T00:00:00Z,0.00010000,
2022-01-01T08:00:00Z,0.00010000,
2022-01-01T16:00:00Z,0.00010000,
2022-01-02T00:00:00Z,0.00010000,
2022-01-02T08:00:00Z,0.00010000,
2022-01-02T16:00:00Z,0.00010000,
2022-01-03T00:00:00Z,0.00010000,
2022-01-03T08:00:00Z,0.00010000,
2022-01-03T16:00:00Z,0.00010000,
2022-01-04T00:00:00Z,0.00010000,
2022-01-04T08:00:00Z,0.00010000,
2022-01-04T16:00:00Z,0.00010000,
2022-01-05T00:00:00Z,0.00010000,
2022-01-05T08:00:00Z,0.00010000,
2022-01-05T16:00:00Z,0.00010000,
2022-01-06T00:00:00Z,0.00010000,
2022-01-06T08:00:00Z,0.00010000,
2022-01-06T16:00:00Z,0.00010000,
2022-01-07T00:00:00Z,0.00005564,
2022-01-07T08:00:00Z,0.00010000,
2022-01-07T16:00:00Z,0.00010000,
2022-01-08T00:00:00Z,0.00010000,
2022-01-08T08:00:00Z,0.00010000,
2022-01-08T16:00:00Z,0.00010000,
2022-01-09T00:00:00Z,0.00009328,
2022-01-09T08:00:00Z,0.00010000,
2022-01-09T16:00:00Z,0.00010000,
2022-01-10T00:00:00Z,-0.00006774,
2022-01-10T08:00:00Z,0.00004447,
2022-01-10T16:00:00Z,0.00010000,
2022-01-11T00:00:00Z,-0.00004470,
2022-01-11T08:00:00Z,0.00006871,
2022-01-11T16:00:00Z,0.00010000,
2022-01-12T00:00:00Z,-0.00001531,
2022-01-12T08:00:00Z,0.00010000,
2022-01-12T16:00:00Z,-0.00000184,
2022-01-13T00:00:00Z,0.00010000,
2022-01-13T08:00:00Z,0.00010000,
2022-01-13T16:00:00Z,0.00010000,
2022-01-14T00:00:00Z,0.00010000,
2022-01-14T08:00:00Z,0.00010000,
2022-01-14T16:00:00Z,0.00010000,
2022-01-15T00:00:00Z,0.00010000,
2022-01-15T08:00:00Z,0.00010000,
2022-01-15T16:00:00Z,0.00010000,
2022-01-16T00:00:00Z,0.00010000,
2022-01-16T08:00:00Z,0.00010000,
2022-01-16T16:00:00Z,0.00010000,
2022-01-17T00:00:00Z,0.00010000,
2022-01-17T08:00:00Z,0.00010000,
2022-01-17T16:00:00Z,0.00010000,
2022-01-18T00:00:00Z,0.00008591,
2022-01-18T08:00:00Z,0.00010000,
2022-01-18T16:00:00Z,0.00010000,
2022-01-19T00:00:00Z,0.00010000,
2022-01-19T08:00:00Z,0.00010000,
2022-01-19T16:00:00Z,0.00010000,
2022-01-20T00:00:00Z,0.00010000,
2022-01-20T08:00:00Z,0.00010000,
2022-01-20T16:00:00Z,0.00010000,
2022-01-21T00:00:00Z,0.00001824,
2022-01-21T08:00:00Z,-0.00010046,
2022-01-21T16:00:00Z,0.00010000,
2022-01-22T00:00:00Z,0.00010000,
2022-01-22T08:00:00Z,0.00010000,
2022-01-22T16:00:00Z,-0.00009370,
2022-01-23T00:00:00Z,0.00003317,
2022-01-23T08:00:00Z,-0.00024242,
2022-01-23T16:00:00Z,-0.00018388,
2022-01-24T00:00:00Z,0.00008446,
2022-01-24T08:00:00Z,-0.00025863,
2022-01-24T16:00:00Z,0.00010000,
2022-01-25T00:00:00Z,0.00009099,
2022-01-25T08:00:00Z,0.00010000,
2022-01-25T16:00:00Z,0.00002645,
2022-01-26T00:00:00Z,0.00010000,
2022-01-26T08:00:00Z,-0.00005691,
2022-01-26T16:00:00Z,-0.00007497,
2022-01-27T00:00:00Z,-0.00000699,
2022-01-27T08:00:00Z,-0.00002035,
2022-01-27T16:00:00Z,-0.00051883,
2022-01-28T00:00:00Z,0.00003266,
2022-01-28T08:00:00Z,-0.00014706,
2022-01-28T16:00:00Z,-0.00023195,
2022-01-29T00:00:00Z,-0.00003335,
2022-01-29T08:00:00Z,-0.00000187,
2022-01-29T16:00:00Z,0.00010000,
2022-01-30T00:00:00Z,-0.00004105,
2022-01-30T08:00:00Z,-0.00007063,
2022-01-30T16:00:00Z,0.00010000,
2022-01-31T00:00:00Z,-0.00003554,
2022-01-31T08:00:00Z,-0.00008163,
2022-01-31T16:00:00Z,-0.00011606,
2022-02-01T00:00:00Z,0.00010000,
2022-02-01T08:00:00Z,0.00010000,
2022-02-01T16:00:00Z,0.00005953,
2022-02-02T00:00:00Z,0.00003667,
2022-02-02T08:00:00Z,0.00010000,
2022-02-02T16:00:00Z,0.00005326,
2022-02-03T00:00:00Z,-0.00006439,
2022-02-03T08:00:00Z,-0.00016954,
2022-02-03T16:00:00Z,-0.00022972,
2022-02-04T00:00:00Z,-0.00007393,
2022-02-04T08:00:00Z,-0.00016293,
2022-02-04T16:00:00Z,0.00007810,
2022-02-05T00:00:00Z,0.00010000,
2022-02-05T08:00:00Z,0.00010000,
2022-02-05T16:00:00Z,0.00010000,
2022-02-06T00:00:00Z,0.00009668,
2022-02-06T08:00:00Z,0.00010000,
2022-02-06T16:00:00Z,0.00010000,
2022-02-07T00:00:00Z,0.00010000,
2022-02-07T08:00:00Z,0.00010000,
2022-02-07T16:00:00Z,0.00000761,
2022-02-08T00:00:00Z,-0.00001890,
2022-02-08T08:00:00Z,-0.00139970,
2022-02-08T16:00:00Z,0.00010000,
2022-02-09T00:00:00Z,-0.00003319,
2022-02-09T08:00:00Z,0.00010000,
2022-02-09T16:00:00Z,-0.00000769,
2022-02-10T00:00:00Z,-0.00002012,
2022-02-10T08:00:00Z,-0.00001270,
2022-02-10T16:00:00Z,0.00003991,
2022-02-11T00:00:00Z,0.00010000,
2022-02-11T08:00:00Z,0.00010000,
2022-02-11T16:00:00Z,0.00003286,
2022-02-12T00:00:00Z,0.00010000,
2022-02-12T08:00:00Z,0.00010000,
2022-02-12T16:00:00Z,0.00010000,
2022-02-13T00:00:00Z,0.00004764,
2022-02-13T08:00:00Z,-0.00005262,
2022-02-13T16:00:00Z,0.00001087,
2022-02-14T00:00:00Z,-0.00001350,
2022-02-14T08:00:00Z,0.00007650,
2022-02-14T16:00:00Z,0.00010000,
2022-02-15T00:00:00Z,0.00008633,
2022-02-15T08:00:00Z,-0.00004465,
2022-02-15T16:00:00Z,0.00010000,
2022-02-16T00:00:00Z,0.00010000,
2022-02-16T08:00:00Z,0.00010000,
2022-02-16T16:00:00Z,0.00010000,
2022-02-17T00:00:00Z,0.00010000,
2022-02-17T08:00:00Z,0.00010000,
2022-02-17T16:00:00Z,0.00010000,
2022-02-18T00:00:00Z,0.00010000,
2022-02-18T08:00:00Z,0.00000111,
2022-02-18T16:00:00Z,0.00010000,
2022-02-19T00:00:00Z,0.00003130,
2022-02-19T08:00:00Z,-0.00006359,
2022-02-19T16:00:00Z,0.00010000,
2022-02-20T00:00:00Z,0.00010000,
2022-02-20T08:00:00Z,0.00010000,
2022-02-20T16:00:00Z,-0.00000277,
2022-02-21T00:00:00Z,-0.00000305,
2022-02-21T08:00:00Z,-0.00018234,
2022-02-21T16:00:00Z,0.00003084,
2022-02-22T00:00:00Z,-0.00003268,
2022-02-22T08:00:00Z,-0.00006793,
2022-02-22T16:00:00Z,-0.00013172,
2022-02-23T00:00:00Z,0.00010000,
2022-02-23T08:00:00Z,-0.00012725,
2022-02-23T16:00:00Z,0.00007330,
2022-02-24T00:00:00Z,0.00010000,
2022-02-24T08:00:00Z,-0.00004657,
2022-02-24T16:00:00Z,-0.00002217,
2022-02-25T00:00:00Z,0.00009480,
2022-02-25T08:00:00Z,0.00002619,
2022-02-25T16:00:00Z,0.00004088,
2022-02-26T00:00:00Z,0.00004298,
2022-02-26T08:00:00Z,0.00006736,
2022-02-26T16:00:00Z,0.00001519,
2022-02-27T00:00:00Z,0.00010000,
2022-02-27T08:00:00Z,-0.00016257,
2022-02-27T16:00:00Z,-0.00016921,
2022-02-28T00:00:00Z,-0.00050506,
2022-02-28T08:00:00Z,-0.00027448,
2022-02-28T16:00:00Z,-0.00021676,
2022-03-01T00:00:00Z,0.00010000,
2022-03-01T08:00:00Z,0.00010000,
2022-03-01T16:00:00Z,0.00010000,
2022-03-02T00:00:00Z,0.00010000,
2022-03-02T08:00:00Z,0.00010000,
2022-03-02T16:00:00Z,0.00010000,
2022-03-03T00:00:00Z,0.00005931,
2022-03-03T08:00:00Z,0.00008065,
2022-03-03T16:00:00Z,0.00010000,
2022-03-04T00:00:00Z,0.00002799,
2022-03-04T08:00:00Z,0.00010000,
2022-03-04T16:00:00Z,0.00010000,
2022-03-05T00:00:00Z,0.00010000,
2022-03-05T08:00:00Z,-0.00004708,
2022-03-05T16:00:00Z,0.00008437,
2022-03-06T00:00:00Z,0.00002670,
2022-03-06T08:00:00Z,0.00003885,
2022-03-06T16:00:00Z,-0.00006126,
2022-03-07T00:00:00Z,-0.00004794,
2022-03-07T08:00:00Z,-0.00004122,
2022-03-07T16:00:00Z,0.00010000,
2022-03-08T00:00:00Z,0.00002282,
2022-03-08T08:00:00Z,0.00009741,
2022-03-08T16:00:00Z,0.00010000,
2022-03-09T00:00:00Z,0.00005622,
2022-03-09T08:00:00Z,0.00010000,
2022-03-09T16:00:00Z,0.00010000,
2022-03-10T00:00:00Z,0.00010000,
2022-03-10T08:00:00Z,0.00010000,
2022-03-10T16:00:00Z,-0.00006631,
2022-03-11T00:00:00Z,-0.00009803,
2022-03-11T08:00:00Z,0.00010000,
2022-03-11T16:00:00Z,0.00010000,
2022-03-12T00:00:00Z,-0.00016509,
2022-03-12T08:00:00Z,0.00003061,
2022-03-12T16:00:00Z,-0.00001113,
2022-03-13T00:00:00Z,-0.00002490,
2022-03-13T08:00:00Z,0.00005006,
2022-03-13T16:00:00Z,-0.00004471,
2022-03-14T00:00:00Z,-0.00011809,
2022-03-14T08:00:00Z,-0.00003535,
2022-03-14T16:00:00Z,0.00010000,
2022-03-15T00:00:00Z,-0.00017226,
2022-03-15T08:00:00Z,0.00003063,
2022-03-15T16:00:00Z,0.00010000,
2022-03-16T00:00:00Z,0.00010000,
2022-03-16T08:00:00Z,0.00005689,
2022-03-16T16:00:00Z,0.00010000,
2022-03-17T00:00:00Z,0.00010000,
2022-03-17T08:00:00Z,0.00010000,
2022-03-17T16:00:00Z,0.00010000,
2022-03-18T00:00:00Z,0.00010000,
2022-03-18T08:00:00Z,0.00010000,
2022-03-18T16:00:00Z,0.00010000,
2022-03-19T00:00:00Z,0.00010000,
2022-03-19T08:00:00Z,0.00010000,
2022-03-19T16:00:00Z,0.00010000,
2022-03-20T00:00:00Z,0.00010000,
2022-03-20T08:00:00Z,0.00010000,
2022-03-20T16:00:00Z,0.00010000,
2022-03-21T00:00:00Z,0.00010000,
2022-03-21T08:00:00Z,0.00003590,
2022-03-21T16:00:00Z,0.00010000,
2022-03-22T00:00:00Z,0.00006931,
2022-03-22T08:00:00Z,0.00003112,
2022-03-22T16:00:00Z,-0.00001239,
2022-03-23T00:00:00Z,-0.00018292,
2022-03-23T08:00:00Z,-0.00005169,
2022-03-23T16:00:00Z,0.00010000,
2022-03-24T00:00:00Z,-0.00012162,
2022-03-24T08:00:00Z,0.00010000,
2022-03-24T16:00:00Z,0.00010000,
2022-03-25T00:00:00Z,0.00010000,
2022-03-25T08:00:00Z,0.00010000,
2022-03-25T16:00:00Z,-0.00011958,
2022-03-26T00:00:00Z,-0.00005318,
2022-03-26T08:00:00Z,0.00004314,
2022-03-26T16:00:00Z,0.00010000,
2022-03-27T00:00:00Z,0.00010000,
2022-03-27T08:00:00Z,0.00010000,
2022-03-27T16:00:00Z,0.00010000,
2022-03-28T00:00:00Z,0.00010000,
2022-03-28T08:00:00Z,0.00010000,
2022-03-28T16:00:00Z,0.00010000,
2022-03-29T00:00:00Z,0.00010000,
2022-03-29T08:00:00Z,0.00010000,
2022-03-29T16:00:00Z,0.00010000,
2022-03-30T00:00:00Z,0.00010000,
2022-03-30T08:00:00Z,0.00010000,
2022-03-30T16:00:00Z,0.00010000,
2022-03-31T00:00:00Z,0.00010000,
2022-03-31T08:00:00Z,0.00010000,
2022-03-31T16:00:00Z,0.00010000,
2022-04-01T00:00:00Z,0.00010000,
2022-04-01T08:00:00Z,0.00010000,
2022-04-01T16:00:00Z,0.00010000,
2022-04-02T00:00:00Z,0.00010000,
2022-04-02T08:00:00Z,0.00010000,
2022-04-02T16:00:00Z,0.00010000,
2022-04-03T00:00:00Z,0.00010000,
2022-04-03T08:00:00Z,0.00010000,
2022-04-03T16:00:00Z,0.00010000,
2022-04-04T00:00:00Z,0.00010000,
2022-04-04T08:00:00Z,0.00010000,
2022-04-04T16:00:00Z,0.00010000,
2022-04-05T00:00:00Z,0.00000527,
2022-04-05T08:00:00Z,0.00010000,
2022-04-05T16:00:00Z,0.00010000,
2022-04-06T00:00:00Z,0.00010000,
2022-04-06T08:00:00Z,0.00005217,
2022-04-06T16:00:00Z,0.00010000,
2022-04-07T00:00:00Z,-0.00005116,
2022-04-07T08:00:00Z,0.00003521,
2022-04-07T16:00:00Z,-0.00005840,
2022-04-08T00:00:00Z,-0.00025265,
2022-04-08T08:00:00Z,-0.00000504,
2022-04-08T16:00:00Z,0.00010000,
2022-04-09T00:00:00Z,0.00007979,
2022-04-09T08:00:00Z,-0.00011013,
2022-04-09T16:00:00Z,0.00000748,
2022-04-10T00:00:00Z,-0.00003031,
2022-04-10T08:00:00Z,0.00010000,
2022-04-10T16:00:00Z,0.00010000,
2022-04-11T00:00:00Z,0.00008144,
2022-04-11T08:00:00Z,0.00010000,
2022-04-11T16:00:00Z,0.00006532,
2022-04-12T00:00:00Z,-0.00012914,
2022-04-12T08:00:00Z,-0.00001521,
2022-04-12T16:00:00Z,-0.00003163,
2022-04-13T00:00:00Z,0.00005465,
2022-04-13T08:00:00Z,-0.00008607,
2022-04-13T16:00:00Z,0.00003619,
2022-04-14T00:00:00Z,0.00008875,
2022-04-14T08:00:00Z,0.00005235,
2022-04-14T16:00:00Z,0.00010000,
2022-04-15T00:00:00Z,0.00010000,
2022-04-15T08:00:00Z,0.00006952,
2022-04-15T16:00:00Z,0.00001825,
2022-04-16T00:00:00Z,0.00010000,
2022-04-16T08:00:00Z,0.00009237,
2022-04-16T16:00:00Z,0.00004213,
2022-04-17T00:00:00Z,0.00010000,
2022-04-17T08:00:00Z,0.00010000,
2022-04-17T16:00:00Z,0.00010000,
2022-04-18T00:00:00Z,0.00010000,
2022-04-18T08:00:00Z,-0.00005015,
2022-04-18T16:00:00Z,-0.00002996,
2022-04-19T00:00:00Z,0.00010000,
2022-04-19T08:00:00Z,0.00010000,
2022-04-19T16:00:00Z,0.00010000,
2022-04-20T00:00:00Z,0.00010000,
2022-04-20T08:00:00Z,0.00010000,
2022-04-20T16:00:00Z,0.00010000,
2022-04-21T00:00:00Z,0.00004648,
2022-04-21T08:00:00Z,0.00010000,
2022-04-21T16:00:00Z,0.00010000,
2022-04-22T00:00:00Z,-0.00007409,
2022-04-22T08:00:00Z,-0.00004311,
2022-04-22T16:00:00Z,0.00010000,
2022-04-23T00:00:00Z,0.00010000,
2022-04-23T08:00:00Z,0.00010000,
2022-04-23T16:00:00Z,0.00010000,
2022-04-24T00:00:00Z,0.00010000,
2022-04-24T08:00:00Z,-0.00013078,
2022-04-24T16:00:00Z,0.00001020,
2022-04-25T00:00:00Z,0.00010000,
2022-04-25T08:00:00Z,-0.00004509,
2022-04-25T16:00:00Z,-0.00017067,
2022-04-26T00:00:00Z,0.00010000,
2022-04-26T08:00:00Z,0.00010000,
2022-04-26T16:00:00Z,-0.00001940,
2022-04-27T00:00:00Z,-0.00008763,
2022-04-27T08:00:00Z,-0.00001565,
2022-04-27T16:00:00Z,0.00010000,
2022-04-28T00:00:00Z,-0.00002806,
2022-04-28T08:00:00Z,0.00007038,
2022-04-28T16:00:00Z,0.00005019,
2022-04-29T00:00:00Z,-0.00010462,
2022-04-29T08:00:00Z,0.00001610,
2022-04-29T16:00:00Z,-0.00013279,
2022-04-30T00:00:00Z,-0.00013409,
2022-04-30T08:00:00Z,0.00010000,
2022-04-30T16:00:00Z,-0.00001952,
2022-05-01T00:00:00Z,-0.00032861,
2022-05-01T08:00:00Z,-0.00022359,
2022-05-01T16:00:00Z,-0.00013930,
2022-05-02T00:00:00Z,0.00003157,
2022-05-02T08:00:00Z,-0.00016964,
2022-05-02T16:00:00Z,-0.00025609,
2022-05-03T00:00:00Z,-0.00005582,
2022-05-03T08:00:00Z,-0.00013535,
2022-05-03T16:00:00Z,0.00000324,
2022-05-04T00:00:00Z,-0.00010224,
2022-05-04T08:00:00Z,-0.00011753,
2022-05-04T16:00:00Z,-0.00002701,
2022-05-05T00:00:00Z,0.00010000,
2022-05-05T08:00:00Z,0.00010000,
2022-05-05T16:00:00Z,0.00002819,
2022-05-06T00:00:00Z,-0.00026094,
2022-05-06T08:00:00Z,-0.00010590,
2022-05-06T16:00:00Z,-0.00002998,
2022-05-07T00:00:00Z,-0.00013977,
2022-05-07T08:00:00Z,-0.00012527,
2022-05-07T16:00:00Z,-0.00001425,
2022-05-08T00:00:00Z,0.00001776,
2022-05-08T08:00:00Z,0.00006815,
2022-05-08T16:00:00Z,0.00010000,
2022-05-09T00:00:00Z,0.00004748,
2022-05-09T08:00:00Z,0.00001037,
2022-05-09T16:00:00Z,-0.00005400,
2022-05-10T00:00:00Z,-0.00023181,
2022-05-10T08:00:00Z,-0.00012447,
2022-05-10T16:00:00Z,-0.00028688,
2022-05-11T00:00:00Z,-0.00029213,
2022-05-11T08:00:00Z,-0.00075956,
2022-05-11T16:00:00Z,-0.00058614,
2022-05-12T00:00:00Z,-0.00054573,
2022-05-12T08:00:00Z,-0.00128784,
2022-05-12T16:00:00Z,-0.00022346,
2022-05-13T00:00:00Z,-0.00020965,
2022-05-13T08:00:00Z,-0.00018515,
2022-05-13T16:00:00Z,0.00006610,
2022-05-14T00:00:00Z,-0.00017923,
2022-05-14T08:00:00Z,-0.00019336,
2022-05-14T16:00:00Z,-0.00000906,
2022-05-15T00:00:00Z,0.00006411,
2022-05-15T08:00:00Z,0.00010000,
2022-05-15T16:00:00Z,0.00010000,
2022-05-16T00:00:00Z,0.00005682,
2022-05-16T08:00:00Z,-0.00012959,
2022-05-16T16:00:00Z,0.00009463,
2022-05-17T00:00:00Z,-0.00009670,
2022-05-17T08:00:00Z,-0.00005521,
2022-05-17T16:00:00Z,-0.00013521,
2022-05-18T00:00:00Z,-0.00028095,
2022-05-18T08:00:00Z,-0.00017340,
2022-05-18T16:00:00Z,-0.00022931,
2022-05-19T00:00:00Z,-0.00035100,
2022-05-19T08:00:00Z,-0.00016709,
2022-05-19T16:00:00Z,-0.00012438,
2022-05-20T00:00:00Z,-0.00009749,
2022-05-20T08:00:00Z,-0.00013397,
2022-05-20T16:00:00Z,0.00000820,
2022-05-21T00:00:00Z,-0.00054690,
2022-05-21T08:00:00Z,-0.00040853,
2022-05-21T16:00:00Z,-0.00026439,
2022-05-22T00:00:00Z,-0.00017427,
2022-05-22T08:00:00Z,-0.00006929,
2022-05-22T16:00:00Z,0.00005985,
2022-05-23T00:00:00Z,-0.00008653,
2022-05-23T08:00:00Z,-0.00000825,
2022-05-23T16:00:00Z,-0.00014806,
2022-05-24T00:00:00Z,-0.00051343,
2022-05-24T08:00:00Z,-0.00031830,
2022-05-24T16:00:00Z,-0.00049738,
2022-05-25T00:00:00Z,-0.00060233,
2022-05-25T08:00:00Z,-0.00021397,
2022-05-25T16:00:00Z,-0.00023972,
2022-05-26T00:00:00Z,-0.00006481,
2022-05-26T08:00:00Z,-0.00032587,
2022-05-26T16:00:00Z,-0.00048658,
2022-05-27T00:00:00Z,-0.00027992,
2022-05-27T08:00:00Z,-0.00026401,
2022-05-27T16:00:00Z,-0.00006224,
2022-05-28T00:00:00Z,-0.00022219,
2022-05-28T08:00:00Z,0.00008340,
2022-05-28T16:00:00Z,-0.00009735,
2022-05-29T00:00:00Z,0.00002008,
2022-05-29T08:00:00Z,-0.00022127,
2022-05-29T16:00:00Z,0.00004002,
2022-05-30T00:00:00Z,-0.00019880,
2022-05-30T08:00:00Z,-0.00003255,
2022-05-30T16:00:00Z,0.00003844,
2022-05-31T00:00:00Z,-0.00011926,
2022-05-31T08:00:00Z,0.00010000,
2022-05-31T16:00:00Z,-0.00001966,
2022-06-01T00:00:00Z,-0.00008331,
2022-06-01T08:00:00Z,-0.00009633,
2022-06-01T16:00:00Z,-0.00004792,
2022-06-02T00:00:00Z,-0.00015497,
2022-06-02T08:00:00Z,-0.00003296,
2022-06-02T16:00:00Z,-0.00006058,
2022-06-03T00:00:00Z,-0.00005184,
2022-06-03T08:00:00Z,-0.00004587,
2022-06-03T16:00:00Z,-0.00018001,
2022-06-04T00:00:00Z,-0.00016644,
2022-06-04T08:00:00Z,0.00004031,
2022-06-04T16:00:00Z,-0.00008952,
2022-06-05T00:00:00Z,-0.00017238,
2022-06-05T08:00:00Z,0.00010000,
2022-06-05T16:00:00Z,0.00010000,
2022-06-06T00:00:00Z,0.00010000,
2022-06-06T08:00:00Z,0.00010000,
2022-06-06T16:00:00Z,0.00010000,
2022-06-07T00:00:00Z,0.00007706,
2022-06-07T08:00:00Z,-0.00008507,
2022-06-07T16:00:00Z,-0.00004740,
2022-06-08T00:00:00Z,0.00010000,
2022-06-08T08:00:00Z,0.00005066,
2022-06-08T16:00:00Z,0.00010000,
2022-06-09T00:00:00Z,0.00006617,
2022-06-09T08:00:00Z,-0.00000700,
2022-06-09T16:00:00Z,0.00006197,
2022-06-10T00:00:00Z,0.00003956,
2022-06-10T08:00:00Z,0.00006761,
2022-06-10T16:00:00Z,-0.00034653,
2022-06-11T00:00:00Z,-0.00012106,
2022-06-11T08:00:00Z,-0.00014259,
2022-06-11T16:00:00Z,-0.00050123,
2022-06-12T00:00:00Z,-0.00033509,
2022-06-12T08:00:00Z,-0.00044071,
2022-06-12T16:00:00Z,-0.00022681,
2022-06-13T00:00:00Z,-0.00024702,
2022-06-13T08:00:00Z,-0.00057981,
2022-06-13T16:00:00Z,-0.00034753,
2022-06-14T00:00:00Z,-0.00026740,
2022-06-14T08:00:00Z,-0.00026683,
2022-06-14T16:00:00Z,-0.00040631,
2022-06-15T00:00:00Z,-0.00045364,
2022-06-15T08:00:00Z,-0.00035776,
2022-06-15T16:00:00Z,-0.00010931,
2022-06-16T00:00:00Z,-0.00017259,
2022-06-16T08:00:00Z,0.00010000,
2022-06-16T16:00:00Z,-0.00033615,
2022-06-17T00:00:00Z,-0.00032282,
2022-06-17T08:00:00Z,-0.00025993,
2022-06-17T16:00:00Z,-0.00027765,
2022-06-18T00:00:00Z,-0.00004872,
2022-06-18T08:00:00Z,-0.00069754,
2022-06-18T16:00:00Z,-0.00034177,
2022-06-19T00:00:00Z,-0.00011139,
2022-06-19T08:00:00Z,-0.00012943,
2022-06-19T16:00:00Z,-0.00010815,
2022-06-20T00:00:00Z,0.00010000,
2022-06-20T08:00:00Z,0.00010000,
2022-06-20T16:00:00Z,0.00010000,
2022-06-21T00:00:00Z,0.00010000,
2022-06-21T08:00:00Z,0.00010000,
2022-06-21T16:00:00Z,0.00010000,
2022-06-22T00:00:00Z,-0.00018811,
2022-06-22T08:00:00Z,-0.00004320,
2022-06-22T16:00:00Z,0.00004156,
2022-06-23T00:00:00Z,0.00004911,
2022-06-23T08:00:00Z,0.00009899,
2022-06-23T16:00:00Z,-0.00006160,
2022-06-24T00:00:00Z,0.00010000,
2022-06-24T08:00:00Z,0.00010000,
2022-06-24T16:00:00Z,0.00010000,
2022-06-25T00:00:00Z,0.00003333,
2022-06-25T08:00:00Z,-0.00004211,
2022-06-25T16:00:00Z,0.00010000,
2022-06-26T00:00:00Z,0.00010000,
2022-06-26T08:00:00Z,0.00010000,
2022-06-26T16:00:00Z,-0.00009021,
2022-06-27T00:00:00Z,0.00002963,
2022-06-27T08:00:00Z,0.00003678,
2022-06-27T16:00:00Z,0.00010000,
2022-06-28T00:00:00Z,-0.00009046,
2022-06-28T08:00:00Z,-0.00009551,
2022-06-28T16:00:00Z,0.00000928,
2022-06-29T00:00:00Z,-0.00003331,
2022-06-29T08:00:00Z,-0.00004193,
2022-06-29T16:00:00Z,-0.00016529,
2022-06-30T00:00:00Z,-0.00033248,
2022-06-30T08:00:00Z,-0.00006274,
2022-06-30T16:00:00Z,-0.00036037,
2022-07-01T00:00:00Z,-0.00032846,
2022-07-01T08:00:00Z,-0.00053371,
2022-07-01T16:00:00Z,-0.00025034,
2022-07-02T00:00:00Z,-0.00007651,
2022-07-02T08:00:00Z,-0.00005881,
2022-07-02T16:00:00Z,-0.00013895,
2022-07-03T00:00:00Z,0.00007548,
2022-07-03T08:00:00Z,-0.00033828,
2022-07-03T16:00:00Z,-0.00019384,
2022-07-04T00:00:00Z,-0.00019556,
2022-07-04T08:00:00Z,-0.00021084,
2022-07-04T16:00:00Z,-0.00033619,
2022-07-05T00:00:00Z,-0.00015367,
2022-07-05T08:00:00Z,-0.00006908,
2022-07-05T16:00:00Z,-0.00012386,
2022-07-06T00:00:00Z,0.00001825,
2022-07-06T08:00:00Z,-0.00003819,
2022-07-06T16:00:00Z,-0.00003918,
2022-07-07T00:00:00Z,0.00004828,
2022-07-07T08:00:00Z,-0.00012556,
2022-07-07T16:00:00Z,-0.00009335,
2022-07-08T00:00:00Z,0.00007256,
2022-07-08T08:00:00Z,0.00001185,
2022-07-08T16:00:00Z,-0.00004694,
2022-07-09T00:00:00Z,-0.00000343,
2022-07-09T08:00:00Z,0.00010000,
2022-07-09T16:00:00Z,-0.00031711,
2022-07-10T00:00:00Z,0.00001077,
2022-07-10T08:00:00Z,-0.00003349,
2022-07-10T16:00:00Z,0.00000531,
2022-07-11T00:00:00Z,-0.00008030,
2022-07-11T08:00:00Z,0.00005129,
2022-07-11T16:00:00Z,-0.00003959,
2022-07-12T00:00:00Z,-0.00010471,
2022-07-12T08:00:00Z,0.00002967,
2022-07-12T16:00:00Z,-0.00014871,
2022-07-13T00:00:00Z,0.00009464,
2022-07-13T08:00:00Z,-0.00033534,
2022-07-13T16:00:00Z,-0.00052705,
2022-07-14T00:00:00Z,-0.00010468,
2022-07-14T08:00:00Z,0.00010000,
2022-07-14T16:00:00Z,-0.00000382,
2022-07-15T00:00:00Z,0.00010000,
2022-07-15T08:00:00Z,0.00010000,
2022-07-15T16:00:00Z,0.00008818,
2022-07-16T00:00:00Z,0.00001235,
2022-07-16T08:00:00Z,0.00010000,
2022-07-16T16:00:00Z,0.00002094,
2022-07-17T00:00:00Z,0.00010000,
2022-07-17T08:00:00Z,0.00010000,
2022-07-17T16:00:00Z,0.00010000,
2022-07-18T00:00:00Z,0.00010000,
2022-07-18T08:00:00Z,0.00010000,
2022-07-18T16:00:00Z,0.00010000,
2022-07-19T00:00:00Z,0.00010000,
2022-07-19T08:00:00Z,0.00010000,
2022-07-19T16:00:00Z,0.00010000,
2022-07-20T00:00:00Z,0.00010000,
2022-07-20T08:00:00Z,0.00010000,
2022-07-20T16:00:00Z,0.00010000,
2022-07-21T00:00:00Z,0.00010000,
2022-07-21T08:00:00Z,0.00010000,
2022-07-21T16:00:00Z,0.00010000,
2022-07-22T00:00:00Z,0.00010000,
2022-07-22T08:00:00Z,0.00010000,
2022-07-22T16:00:00Z,0.00006143,
2022-07-23T00:00:00Z,0.00001853,
2022-07-23T08:00:00Z,0.00000793,
2022-07-23T16:00:00Z,0.00009958,
2022-07-24T00:00:00Z,0.00001455,
2022-07-24T08:00:00Z,-0.00007334,
2022-07-24T16:00:00Z,-0.00003615,
2022-07-25T00:00:00Z,0.00001368,
2022-07-25T08:00:00Z,0.00010000,
2022-07-25T16:00:00Z,0.00007913,
2022-07-26T00:00:00Z,-0.00002782,
2022-07-26T08:00:00Z,-0.00010227,
2022-07-26T16:00:00Z,-0.00013507,
2022-07-27T00:00:00Z,-0.00009412,
2022-07-27T08:00:00Z,-0.00020447,
2022-07-27T16:00:00Z,-0.00018911,
2022-07-28T00:00:00Z,0.00010000,
2022-07-28T08:00:00Z,-0.00006258,
2022-07-28T16:00:00Z,-0.00000306,
2022-07-29T00:00:00Z,0.00010000,
2022-07-29T08:00:00Z,0.00006543,
2022-07-29T16:00:00Z,0.00010000,
2022-07-30T00:00:00Z,0.00010000,
2022-07-30T08:00:00Z,0.00010000,
2022-07-30T16:00:00Z,0.00010000,
2022-07-31T00:00:00Z,0.00010000,
2022-07-31T08:00:00Z,0.00010000,
2022-07-31T16:00:00Z,0.00010000,
2022-08-01T00:00:00Z,0.00002026,
2022-08-01T08:00:00Z,0.00010000,
2022-08-01T16:00:00Z,0.00004108,
2022-08-02T00:00:00Z,0.00005750,
2022-08-02T08:00:00Z,-0.00011643,
2022-08-02T16:00:00Z,-0.00000101,
2022-08-03T00:00:00Z,-0.00010672,
2022-08-03T08:00:00Z,-0.00002543,
2022-08-03T16:00:00Z,0.00010000,
2022-08-04T00:00:00Z,0.00010000,
2022-08-04T08:00:00Z,0.00010000,
2022-08-04T16:00:00Z,0.00003801,
2022-08-05T00:00:00Z,0.00010000,
2022-08-05T08:00:00Z,0.00010000,
2022-08-05T16:00:00Z,0.00010000,
2022-08-06T00:00:00Z,0.00010000,
2022-08-06T08:00:00Z,0.00010000,
2022-08-06T16:00:00Z,0.00010000,
2022-08-07T00:00:00Z,0.00010000,
2022-08-07T08:00:00Z,0.00010000,
2022-08-07T16:00:00Z,0.00010000,
2022-08-08T00:00:00Z,0.00010000,
2022-08-08T08:00:00Z,-0.00009173,
2022-08-08T16:00:00Z,0.00010000,
2022-08-09T00:00:00Z,0.00010000,
2022-08-09T08:00:00Z,0.00010000,
2022-08-09T16:00:00Z,0.00010000,
2022-08-10T00:00:00Z,0.00010000,
2022-08-10T08:00:00Z,0.00010000,
2022-08-10T16:00:00Z,0.00010000,
2022-08-11T00:00:00Z,-0.00009479,
2022-08-11T08:00:00Z,0.00010000,
2022-08-11T16:00:00Z,0.00010000,
2022-08-12T00:00:00Z,0.00010000,
2022-08-12T08:00:00Z,0.00010000,
2022-08-12T16:00:00Z,0.00010000,
2022-08-13T00:00:00Z,0.00010000,
2022-08-13T08:00:00Z,0.00010000,
2022-08-13T16:00:00Z,0.00010000,
2022-08-14T00:00:00Z,0.00008862,
2022-08-14T08:00:00Z,0.00007349,
2022-08-14T16:00:00Z,-0.00005497,
2022-08-15T00:00:00Z,0.00001294,
2022-08-15T08:00:00Z,-0.00000729,
2022-08-15T16:00:00Z,-0.00003935,
2022-08-16T00:00:00Z,-0.00008822,
2022-08-16T08:00:00Z,0.00010000,
2022-08-16T16:00:00Z,0.00001176,
2022-08-17T00:00:00Z,0.00004054,
2022-08-17T08:00:00Z,0.00000055,
2022-08-17T16:00:00Z,0.00006991,
2022-08-18T00:00:00Z,-0.00010843,
2022-08-18T08:00:00Z,-0.00000706,
2022-08-18T16:00:00Z,-0.00011260,
2022-08-19T00:00:00Z,-0.00015843,
2022-08-19T08:00:00Z,-0.00043601,
2022-08-19T16:00:00Z,-0.00042151,
2022-08-20T00:00:00Z,-0.00029013,
2022-08-20T08:00:00Z,-0.00023400,
2022-08-20T16:00:00Z,-0.00045359,
2022-08-21T00:00:00Z,0.00002546,
2022-08-21T08:00:00Z,-0.00007518,
2022-08-21T16:00:00Z,-0.00001639,
2022-08-22T00:00:00Z,-0.00012082,
2022-08-22T08:00:00Z,-0.00007513,
2022-08-22T16:00:00Z,0.00005479,
2022-08-23T00:00:00Z,0.00005479,
2022-08-23T08:00:00Z,-0.00005602,
2022-08-23T16:00:00Z,0.00000208,
2022-08-24T00:00:00Z,0.00003322,
2022-08-24T08:00:00Z,0.00000424,
2022-08-24T16:00:00Z,0.00007173,
2022-08-25T00:00:00Z,-0.00007721,
2022-08-25T08:00:00Z,-0.00000036,
2022-08-25T16:00:00Z,-0.00019984,
2022-08-26T00:00:00Z,-0.00004429,
2022-08-26T08:00:00Z,-0.00002708,
2022-08-26T16:00:00Z,-0.00023473,
2022-08-27T00:00:00Z,-0.00029125,
2022-08-27T08:00:00Z,-0.00046211,
2022-08-27T16:00:00Z,-0.00009907,
2022-08-28T00:00:00Z,-0.00045148,
2022-08-28T08:00:00Z,-0.00016823,
2022-08-28T16:00:00Z,-0.00023615,
2022-08-29T00:00:00Z,-0.00040737,
2022-08-29T08:00:00Z,-0.00042120,
2022-08-29T16:00:00Z,-0.00049879,
2022-08-30T00:00:00Z,-0.00036987,
2022-08-30T08:00:00Z,-0.00023571,
2022-08-30T16:00:00Z,-0.00013227,
2022-08-31T00:00:00Z,0.00010000,
2022-08-31T08:00:00Z,-0.00021368,
2022-08-31T16:00:00Z,-0.00016054,
2022-09-01T00:00:00Z,-0.00005149,
2022-09-01T08:00:00Z,-0.00003321,
2022-09-01T16:00:00Z,-0.00006154,
2022-09-02T00:00:00Z,-0.00011306,
2022-09-02T08:00:00Z,0.00010000,
2022-09-02T16:00:00Z,-0.00017373,
2022-09-03T00:00:00Z,-0.00049352,
2022-09-03T08:00:00Z,-0.00009818,
2022-09-03T16:00:00Z,-0.00009365,
2022-09-04T00:00:00Z,-0.00018387,
2022-09-04T08:00:00Z,-0.00014527,
2022-09-04T16:00:00Z,-0.00008559,
2022-09-05T00:00:00Z,-0.00011537,
2022-09-05T08:00:00Z,-0.00013242,
2022-09-05T16:00:00Z,-0.00018576,
2022-09-06T00:00:00Z,-0.00017618,
2022-09-06T08:00:00Z,0.00010000,
2022-09-06T16:00:00Z,0.00002361,
2022-09-07T00:00:00Z,-0.00049614,
2022-09-07T08:00:00Z,-0.00017538,
2022-09-07T16:00:00Z,-0.00002255,
2022-09-08T00:00:00Z,0.00005629,
2022-09-08T08:00:00Z,0.00007202,
2022-09-08T16:00:00Z,0.00010000,
2022-09-09T00:00:00Z,0.00010000,
2022-09-09T08:00:00Z,0.00010000,
2022-09-09T16:00:00Z,0.00005195,
2022-09-10T00:00:00Z,0.00010000,
2022-09-10T08:00:00Z,0.00005078,
2022-09-10T16:00:00Z,0.00010000,
2022-09-11T00:00:00Z,0.00010000,
2022-09-11T08:00:00Z,0.00010000,
2022-09-11T16:00:00Z,0.00010000,
2022-09-12T00:00:00Z,0.00010000,
2022-09-12T08:00:00Z,0.00004618,
2022-09-12T16:00:00Z,0.00010000,
2022-09-13T00:00:00Z,-0.00005397,
2022-09-13T08:00:00Z,0.00001230,
2022-09-13T16:00:00Z,-0.00014795,
2022-09-14T00:00:00Z,-0.00023322,
2022-09-14T08:00:00Z,-0.00023309,
2022-09-14T16:00:00Z,-0.00023500,
2022-09-15T00:00:00Z,-0.00026796,
2022-09-15T08:00:00Z,-0.00004991,
2022-09-15T16:00:00Z,-0.00010556,
2022-09-16T00:00:00Z,-0.00029166,
2022-09-16T08:00:00Z,-0.00016185,
2022-09-16T16:00:00Z,-0.00034145,
2022-09-17T00:00:00Z,-0.00017479,
2022-09-17T08:00:00Z,-0.00031158,
2022-09-17T16:00:00Z,-0.00018101,
2022-09-18T00:00:00Z,-0.00016952,
2022-09-18T08:00:00Z,-0.00014796,
2022-09-18T16:00:00Z,-0.00008624,
2022-09-19T00:00:00Z,-0.00047824,
2022-09-19T08:00:00Z,-0.00033526,
2022-09-19T16:00:00Z,-0.00039057,
2022-09-20T00:00:00Z,-0.00031922,
2022-09-20T08:00:00Z,-0.00017020,
2022-09-20T16:00:00Z,-0.00040179,
2022-09-21T00:00:00Z,-0.00028339,
2022-09-21T08:00:00Z,-0.00023056,
2022-09-21T16:00:00Z,-0.00024145,
2022-09-22T00:00:00Z,-0.00065854,
2022-09-22T08:00:00Z,-0.00026416,
2022-09-22T16:00:00Z,0.00003773,
2022-09-23T00:00:00Z,-0.00012200,
2022-09-23T08:00:00Z,-0.00000420,
2022-09-23T16:00:00Z,-0.00016188,
2022-09-24T00:00:00Z,-0.00005348,
2022-09-24T08:00:00Z,0.00010000,
2022-09-24T16:00:00Z,-0.00002542,
2022-09-25T00:00:00Z,0.00010000,
2022-09-25T08:00:00Z,-0.00007965,
2022-09-25T16:00:00Z,-0.00003864,
2022-09-26T00:00:00Z,-0.00006780,
2022-09-26T08:00:00Z,-0.00008694,
2022-09-26T16:00:00Z,-0.00007587,
2022-09-27T00:00:00Z,0.00010000,
2022-09-27T08:00:00Z,-0.00003463,
2022-09-27T16:00:00Z,-0.00004593,
2022-09-28T00:00:00Z,-0.00034801,
2022-09-28T08:00:00Z,-0.00014511,
2022-09-28T16:00:00Z,-0.00016762,
2022-09-29T00:00:00Z,0.00002936,
2022-09-29T08:00:00Z,-0.00018351,
2022-09-29T16:00:00Z,0.00004434,
2022-09-30T00:00:00Z,0.00003189,
2022-09-30T08:00:00Z,0.00010000,
2022-09-30T16:00:00Z,-0.00007149,
2022-10-01T00:00:00Z,-0.00000557,
2022-10-01T08:00:00Z,0.00010000,
2022-10-01T16:00:00Z,0.00010000,
2022-10-02T00:00:00Z,-0.00022336,
2022-10-02T08:00:00Z,0.00010000,
2022-10-02T16:00:00Z,-0.00025851,
2022-10-03T00:00:00Z,-0.00009678,
2022-10-03T08:00:00Z,-0.00020234,
2022-10-03T16:00:00Z,-0.00012874,
2022-10-04T00:00:00Z,0.00010000,
2022-10-04T08:00:00Z,0.00000974,
2022-10-04T16:00:00Z,0.00010000,
2022-10-05T00:00:00Z,0.00002552,
2022-10-05T08:00:00Z,0.00004935,
2022-10-05T16:00:00Z,0.00005511,
2022-10-06T00:00:00Z,-0.00002712,
2022-10-06T08:00:00Z,0.00010000,
2022-10-06T16:00:00Z,-0.00011435,
2022-10-07T00:00:00Z,-0.00026467,
2022-10-07T08:00:00Z,-0.00003972,
2022-10-07T16:00:00Z,-0.00025311,
2022-10-08T00:00:00Z,-0.00036607,
2022-10-08T08:00:00Z,0.00010000,
2022-10-08T16:00:00Z,0.00003114,
2022-10-09T00:00:00Z,-0.00016376,
2022-10-09T08:00:00Z,0.00010000,
2022-10-09T16:00:00Z,0.00010000,
2022-10-10T00:00:00Z,0.00008028,
2022-10-10T08:00:00Z,0.00009919,
2022-10-10T16:00:00Z,-0.00001040,
2022-10-11T00:00:00Z,-0.00001530,
2022-10-11T08:00:00Z,-0.00026109,
2022-10-11T16:00:00Z,0.00001153,
2022-10-12T00:00:00Z,-0.00014807,
2022-10-12T08:00:00Z,-0.00001924,
2022-10-12T16:00:00Z,-0.00017383,
2022-10-13T00:00:00Z,-0.00009471,
2022-10-13T08:00:00Z,-0.00022116,
2022-10-13T16:00:00Z,-0.00035382,
2022-10-14T00:00:00Z,-0.00001618,
2022-10-14T08:00:00Z,-0.00024714,
2022-10-14T16:00:00Z,0.00010000,
2022-10-15T00:00:00Z,0.00010000,
2022-10-15T08:00:00Z,-0.00003726,
2022-10-15T16:00:00Z,0.00007438,
2022-10-16T00:00:00Z,0.00010000,
2022-10-16T08:00:00Z,-0.00022594,
2022-10-16T16:00:00Z,0.00005804,
2022-10-17T00:00:00Z,0.00006134,
2022-10-17T08:00:00Z,0.00003303,
2022-10-17T16:00:00Z,-0.00011747,
2022-10-18T00:00:00Z,0.00010000,
2022-10-18T08:00:00Z,0.00010000,
2022-10-18T16:00:00Z,0.00001021,
2022-10-19T00:00:00Z,0.00010000,
2022-10-19T08:00:00Z,0.00010000,
2022-10-19T16:00:00Z,0.00010000,
2022-10-20T00:00:00Z,-0.00001275,
2022-10-20T08:00:00Z,0.00010000,
2022-10-20T16:00:00Z,0.00002475,
2022-10-21T00:00:00Z,-0.00015085,
2022-10-21T08:00:00Z,-0.00014804,
2022-10-21T16:00:00Z,-0.00006020,
2022-10-22T00:00:00Z,-0.00000903,
2022-10-22T08:00:00Z,-0.00008506,
2022-10-22T16:00:00Z,0.00008054,
2022-10-23T00:00:00Z,0.00005378,
2022-10-23T08:00:00Z,0.00007026,
2022-10-23T16:00:00Z,0.00010000,
2022-10-24T00:00:00Z,0.00001442,
2022-10-24T08:00:00Z,0.00010000,
2022-10-24T16:00:00Z,0.00008564,
2022-10-25T00:00:00Z,-0.00006193,
2022-10-25T08:00:00Z,-0.00004139,
2022-10-25T16:00:00Z,-0.00002861,
2022-10-26T00:00:00Z,0.00010000,
2022-10-26T08:00:00Z,0.00010000,
2022-10-26T16:00:00Z,0.00010000,
2022-10-27T00:00:00Z,0.00006284,
2022-10-27T08:00:00Z,0.00010000,
2022-10-27T16:00:00Z,-0.00000418,
2022-10-28T00:00:00Z,0.00000923,
2022-10-28T08:00:00Z,0.00010000,
2022-10-28T16:00:00Z,-0.00005617,
2022-10-29T00:00:00Z,0.00001379,
2022-10-29T08:00:00Z,0.00005613,
2022-10-29T16:00:00Z,0.00005595,
2022-10-30T00:00:00Z,0.00010000,
2022-10-30T08:00:00Z,-0.00009462,
2022-10-30T16:00:00Z,0.00006291,
2022-10-31T00:00:00Z,0.00008567,
2022-10-31T08:00:00Z,0.00010000,
2022-10-31T16:00:00Z,0.00000329,
2022-11-01T00:00:00Z,-0.00002089,
2022-11-01T08:00:00Z,-0.00002104,
2022-11-01T16:00:00Z,-0.00001915,
2022-11-02T00:00:00Z,0.00005182,
2022-11-02T08:00:00Z,0.00003033,
2022-11-02T16:00:00Z,-0.00027063,
2022-11-03T00:00:00Z,-0.00027449,
2022-11-03T08:00:00Z,0.00003313,
2022-11-03T16:00:00Z,-0.00009611,
2022-11-04T00:00:00Z,-0.00018158,
2022-11-04T08:00:00Z,0.00003914,
2022-11-04T16:00:00Z,0.00010000,
2022-11-05T00:00:00Z,0.00003456,
2022-11-05T08:00:00Z,0.00009135,
2022-11-05T16:00:00Z,0.00002401,
2022-11-06T00:00:00Z,0.00010000,
2022-11-06T08:00:00Z,0.00009361,
2022-11-06T16:00:00Z,-0.00001451,
2022-11-07T00:00:00Z,-0.00004211,
2022-11-07T08:00:00Z,-0.00009920,
2022-11-07T16:00:00Z,-0.00003373,
2022-11-08T00:00:00Z,-0.00022644,
2022-11-08T08:00:00Z,-0.00067518,
2022-11-08T16:00:00Z,-0.00034283,
2022-11-09T00:00:00Z,-0.00108145,
2022-11-09T08:00:00Z,-0.00085389,
2022-11-09T16:00:00Z,-0.00070056,
2022-11-10T00:00:00Z,-0.00351003,
2022-11-10T08:00:00Z,-0.00239917,
2022-11-10T16:00:00Z,-0.00001189,
2022-11-11T00:00:00Z,0.00010000,
2022-11-11T08:00:00Z,0.00010000,
2022-11-11T16:00:00Z,0.00008443,
2022-11-12T00:00:00Z,-0.00003351,
2022-11-12T08:00:00Z,-0.00025424,
2022-11-12T16:00:00Z,-0.00038107,
2022-11-13T00:00:00Z,-0.00061027,
2022-11-13T08:00:00Z,-0.00053181,
2022-11-13T16:00:00Z,-0.00044151,
2022-11-14T00:00:00Z,-0.00021821,
2022-11-14T08:00:00Z,-0.00028706,
2022-11-14T16:00:00Z,0.00010000,
2022-11-15T00:00:00Z,-0.00013381,
2022-11-15T08:00:00Z,-0.00034313,
2022-11-15T16:00:00Z,-0.00021213,
2022-11-16T00:00:00Z,-0.00024638,
2022-11-16T08:00:00Z,-0.00019946,
2022-11-16T16:00:00Z,-0.00065337,
2022-11-17T00:00:00Z,-0.00107921,
2022-11-17T08:00:00Z,-0.00141276,
2022-11-17T16:00:00Z,-0.00021413,
2022-11-18T00:00:00Z,-0.00024033,
2022-11-18T08:00:00Z,-0.00011354,
2022-11-18T16:00:00Z,-0.00003880,
2022-11-19T00:00:00Z,-0.00009045,
2022-11-19T08:00:00Z,-0.00034144,
2022-11-19T16:00:00Z,-0.00028080,
2022-11-20T00:00:00Z,-0.00008444,
2022-11-20T08:00:00Z,-0.00008697,
2022-11-20T16:00:00Z,-0.00021691,
2022-11-21T00:00:00Z,-0.00035170,
2022-11-21T08:00:00Z,-0.00077375,
2022-11-21T16:00:00Z,-0.00085985,
2022-11-22T00:00:00Z,-0.00073408,
2022-11-22T08:00:00Z,-0.00024982,
2022-11-22T16:00:00Z,-0.00021950,
2022-11-23T00:00:00Z,-0.00006357,
2022-11-23T08:00:00Z,0.00000248,
2022-11-23T16:00:00Z,-0.00005716,
2022-11-24T00:00:00Z,-0.00018007,
2022-11-24T08:00:00Z,-0.00009965,
2022-11-24T16:00:00Z,-0.00007828,
2022-11-25T00:00:00Z,-0.00015035,
2022-11-25T08:00:00Z,0.00001959,
2022-11-25T16:00:00Z,-0.00003487,
2022-11-26T00:00:00Z,-0.00001427,
2022-11-26T08:00:00Z,-0.00019895,
2022-11-26T16:00:00Z,-0.00006596,
2022-11-27T00:00:00Z,-0.00020078,
2022-11-27T08:00:00Z,-0.00006675,
2022-11-27T16:00:00Z,0.00006420,
2022-11-28T00:00:00Z,0.00006392,
2022-11-28T08:00:00Z,-0.00048523,
2022-11-28T16:00:00Z,-0.00029326,
2022-11-29T00:00:00Z,-0.00018938,
2022-11-29T08:00:00Z,-0.00002977,
2022-11-29T16:00:00Z,0.00003539,
2022-11-30T00:00:00Z,-0.00009813,
2022-11-30T08:00:00Z,0.00009620,
2022-11-30T16:00:00Z,-0.00000474,
2022-12-01T00:00:00Z,-0.00021044,
2022-12-01T08:00:00Z,-0.00006224,
2022-12-01T16:00:00Z,0.00010000,
2022-12-02T00:00:00Z,-0.00004566,
2022-12-02T08:00:00Z,0.00008726,
2022-12-02T16:00:00Z,-0.00004636,
2022-12-03T00:00:00Z,-0.00015761,
2022-12-03T08:00:00Z,-0.00003350,
2022-12-03T16:00:00Z,-0.00004436,
2022-12-04T00:00:00Z,-0.00010706,
2022-12-04T08:00:00Z,-0.00002920,
2022-12-04T16:00:00Z,-0.00009782,
2022-12-05T00:00:00Z,-0.00005268,
2022-12-05T08:00:00Z,0.00003809,
2022-12-05T16:00:00Z,0.00007401,
2022-12-06T00:00:00Z,0.00004924,
2022-12-06T08:00:00Z,-0.00007987,
2022-12-06T16:00:00Z,-0.00003821,
2022-12-07T00:00:00Z,0.00000302,
2022-12-07T08:00:00Z,-0.00015636,
2022-12-07T16:00:00Z,-0.00013375,
2022-12-08T00:00:00Z,-0.00025507,
2022-12-08T08:00:00Z,0.00005989,
2022-12-08T16:00:00Z,-0.00007361,
2022-12-09T00:00:00Z,-0.00007469,
2022-12-09T08:00:00Z,-0.00004021,
2022-12-09T16:00:00Z,0.00000780,
2022-12-10T00:00:00Z,0.00010000,
2022-12-10T08:00:00Z,0.00010000,
2022-12-10T16:00:00Z,0.00002305,
2022-12-11T00:00:00Z,-0.00002417,
2022-12-11T08:00:00Z,0.00010000,
2022-12-11T16:00:00Z,-0.00004664,
2022-12-12T00:00:00Z,0.00000858,
2022-12-12T08:00:00Z,-0.00007960,
2022-12-12T16:00:00Z,-0.00013841,
2022-12-13T00:00:00Z,-0.00000164,
2022-12-13T08:00:00Z,-0.00005483,
2022-12-13T16:00:00Z,0.00005942,
2022-12-14T00:00:00Z,-0.00013302,
2022-12-14T08:00:00Z,0.00010000,
2022-12-14T16:00:00Z,0.00006105,
2022-12-15T00:00:00Z,0.00010000,
2022-12-15T08:00:00Z,0.00010000,
2022-12-15T16:00:00Z,0.00010000,
2022-12-16T00:00:00Z,0.00010000,
2022-12-16T08:00:00Z,0.00010000,
2022-12-16T16:00:00Z,-0.00009702,
2022-12-17T00:00:00Z,-0.00011627,
2022-12-17T08:00:00Z,-0.00039480,
2022-12-17T16:00:00Z,-0.00012606,
2022-12-18T00:00:00Z,-0.00040339,
2022-12-18T08:00:00Z,-0.00004659,
2022-12-18T16:00:00Z,-0.00006347,
2022-12-19T00:00:00Z,-0.00006549,
2022-12-19T08:00:00Z,-0.00013731,
2022-12-19T16:00:00Z,-0.00000260,
2022-12-20T00:00:00Z,-0.00022064,
2022-12-20T08:00:00Z,0.00006450,
2022-12-20T16:00:00Z,0.00004243,
2022-12-21T00:00:00Z,0.00010000,
2022-12-21T08:00:00Z,0.00004614,
2022-12-21T16:00:00Z,0.00003848,
2022-12-22T00:00:00Z,0.00002245,
2022-12-22T08:00:00Z,-0.00009932,
2022-12-22T16:00:00Z,-0.00012679,
2022-12-23T00:00:00Z,0.00010000,
2022-12-23T08:00:00Z,0.00010000,
2022-12-23T16:00:00Z,0.00007192,
2022-12-24T00:00:00Z,0.00010000,
2022-12-24T08:00:00Z,0.00008948,
2022-12-24T16:00:00Z,-0.00000361,
2022-12-25T00:00:00Z,-0.00005912,
2022-12-25T08:00:00Z,-0.00004770,
2022-12-25T16:00:00Z,0.00003324,
2022-12-26T00:00:00Z,0.00010000,
2022-12-26T08:00:00Z,0.00003902,
2022-12-26T16:00:00Z,0.00006559,
2022-12-27T00:00:00Z,0.00008296,
2022-12-27T08:00:00Z,-0.00001030,
2022-12-27T16:00:00Z,0.00002919,
2022-12-28T00:00:00Z,0.00010000,
2022-12-28T08:00:00Z,0.00005053,
2022-12-28T16:00:00Z,0.00010000,
2022-12-29T00:00:00Z,0.00010000,
2022-12-29T08:00:00Z,0.00000722,
2022-12-29T16:00:00Z,0.00008093,
2022-12-30T00:00:00Z,-0.00031297,
2022-12-30T08:00:00Z,-0.00017087,
2022-12-30T16:00:00Z,-0.00008786,
2022-12-31T00:00:00Z,0.00000218,
2022-12-31T08:00:00Z,-0.00003750,
2022-12-31T16:00:00Z,-0.00003388,
2023-01-01T00:00:00Z,0.00004281,
2023-01-01T08:00:00Z,0.00006782,
2023-01-01T16:00:00Z,-0.00018765,
2023-01-02T00:00:00Z,0.00000635,
2023-01-02T08:00:00Z,-0.00000155,
2023-01-02T16:00:00Z,0.00010000,
2023-01-03T00:00:00Z,0.00000712,
2023-01-03T08:00:00Z,0.00001118,
2023-01-03T16:00:00Z,-0.00008569,
2023-01-04T00:00:00Z,0.00001246,
2023-01-04T08:00:00Z,0.00002038,
2023-01-04T16:00:00Z,-0.00018681,
2023-01-05T00:00:00Z,-0.00008262,
2023-01-05T08:00:00Z,0.00010000,
2023-01-05T16:00:00Z,0.00010000,
2023-01-06T00:00:00Z,0.00010000,
2023-01-06T08:00:00Z,0.00010000,
2023-01-06T16:00:00Z,0.00010000,
2023-01-07T00:00:00Z,0.00010000,
2023-01-07T08:00:00Z,0.00010000,
2023-01-07T16:00:00Z,0.00010000,
2023-01-08T00:00:00Z,0.00010000,
2023-01-08T08:00:00Z,0.00010000,
2023-01-08T16:00:00Z,0.00010000,
2023-01-09T00:00:00Z,0.00010000,
2023-01-09T08:00:00Z,0.00010000,
2023-01-09T16:00:00Z,0.00010000,
2023-01-10T00:00:00Z,0.00010000,
2023-01-10T08:00:00Z,0.00010000,
2023-01-10T16:00:00Z,0.00010000,
2023-01-11T00:00:00Z,0.00010000,
2023-01-11T08:00:00Z,0.00007700,
2023-01-11T16:00:00Z,0.00005583,
2023-01-12T00:00:00Z,-0.00044601,
2023-01-12T08:00:00Z,0.00010000,
2023-01-12T16:00:00Z,0.00010000,
2023-01-13T00:00:00Z,0.00010000,
2023-01-13T08:00:00Z,0.00010000,
2023-01-13T16:00:00Z,0.00010000,
2023-01-14T00:00:00Z,0.00010000,
2023-01-14T08:00:00Z,0.00034109,
2023-01-14T16:00:00Z,0.00010000,
2023-01-15T00:00:00Z,0.00010000,
2023-01-15T08:00:00Z,0.00040559,
2023-01-15T16:00:00Z,0.00028283,
2023-01-16T00:00:00Z,0.00036648,
2023-01-16T08:00:00Z,0.00010000,
2023-01-16T16:00:00Z,0.00010000,
2023-01-17T00:00:00Z,0.00010000,
2023-01-17T08:00:00Z,0.00010000,
2023-01-17T16:00:00Z,0.00010000,
2023-01-18T00:00:00Z,0.00010000,
2023-01-18T08:00:00Z,0.00010000,
2023-01-18T16:00:00Z,0.00010000,
2023-01-19T00:00:00Z,0.00010000,
2023-01-19T08:00:00Z,0.00010000,
2023-01-19T16:00:00Z,0.00010000,
2023-01-20T00:00:00Z,0.00010000,
2023-01-20T08:00:00Z,0.00010000,
2023-01-20T16:00:00Z,0.00010000,
2023-01-21T00:00:00Z,0.00010000,
2023-01-21T08:00:00Z,0.00046904,
2023-01-21T16:00:00Z,0.00010000,
2023-01-22T00:00:00Z,0.00010000,
2023-01-22T08:00:00Z,0.00010000,
2023-01-22T16:00:00Z,0.00040474,
2023-01-23T00:00:00Z,0.00010000,
2023-01-23T08:00:00Z,0.00018525,
2023-01-23T16:00:00Z,0.00010000,
2023-01-24T00:00:00Z,0.00010000,
2023-01-24T08:00:00Z,0.00028888,
2023-01-24T16:00:00Z,0.00010000,
2023-01-25T00:00:00Z,0.00010000,
2023-01-25T08:00:00Z,0.00010000,
2023-01-25T16:00:00Z,0.00010000,
2023-01-26T00:00:00Z,0.00010000,
2023-01-26T08:00:00Z,0.00010000,
2023-01-26T16:00:00Z,0.00010000,
2023-01-27T00:00:00Z,0.00010000,
2023-01-27T08:00:00Z,0.00010000,
2023-01-27T16:00:00Z,0.00010000,
2023-01-28T00:00:00Z,0.00020610,
2023-01-28T08:00:00Z,0.00037016,
2023-01-28T16:00:00Z,0.00010000,
2023-01-29T00:00:00Z,0.00013960,
2023-01-29T08:00:00Z,0.00010000,
2023-01-29T16:00:00Z,0.00010000,
2023-01-30T00:00:00Z,0.00010000,
2023-01-30T08:00:00Z,0.00010000,
2023-01-30T16:00:00Z,0.00010000,
2023-01-31T00:00:00Z,0.00010000,
2023-01-31T08:00:00Z,0.00010000,
2023-01-31T16:00:00Z,0.00010000,
2023-02-01T00:00:00Z,0.00010000,
2023-02-01T08:00:00Z,0.00010000,
2023-02-01T16:00:00Z,0.00010000,
2023-02-02T00:00:00Z,0.00010000,
2023-02-02T08:00:00Z,0.00064049,
2023-02-02T16:00:00Z,0.00015488,
2023-02-03T00:00:00Z,0.00010000,
2023-02-03T08:00:00Z,0.00010000,
2023-02-03T16:00:00Z,0.00010000,
2023-02-04T00:00:00Z,0.00017298,
2023-02-04T08:00:00Z,0.00010000,
2023-02-04T16:00:00Z,0.00010000,
2023-02-05T00:00:00Z,0.00010000,
2023-02-05T08:00:00Z,0.00010000,
2023-02-05T16:00:00Z,0.00010000,
2023-02-06T00:00:00Z,0.00010000,
2023-02-06T08:00:00Z,0.00010000,
2023-02-06T16:00:00Z,0.00010000,
2023-02-07T00:00:00Z,0.00010000,
2023-02-07T08:00:00Z,0.00010000,
2023-02-07T16:00:00Z,0.00010000,
2023-02-08T00:00:00Z,0.00010000,
2023-02-08T08:00:00Z,0.00010000,
2023-02-08T16:00:00Z,0.00010000,
2023-02-09T00:00:00Z,0.00010000,
2023-02-09T08:00:00Z,0.00010000,
2023-02-09T16:00:00Z,0.00010000,
2023-02-10T00:00:00Z,0.00010000,
2023-02-10T08:00:00Z,0.00008138,
2023-02-10T16:00:00Z,0.00010000,
2023-02-11T00:00:00Z,0.00010000,
2023-02-11T08:00:00Z,0.00000667,
2023-02-11T16:00:00Z,-0.00005856,
2023-02-12T00:00:00Z,0.00005988,
2023-02-12T08:00:00Z,0.00000504,
2023-02-12T16:00:00Z,0.00003654,
2023-02-13T00:00:00Z,-0.00005522,
2023-02-13T08:00:00Z,0.00002312,
2023-02-13T16:00:00Z,0.00010000,
2023-02-14T00:00:00Z,0.00010000,
2023-02-14T08:00:00Z,0.00010000,
2023-02-14T16:00:00Z,0.00010000,
2023-02-15T00:00:00Z,0.00010000,
2023-02-15T08:00:00Z,0.00010000,
2023-02-15T16:00:00Z,0.00004914,
2023-02-16T00:00:00Z,0.00010000,
2023-02-16T08:00:00Z,0.00010000,
2023-02-16T16:00:00Z,0.00014513,
2023-02-17T00:00:00Z,0.00010000,
2023-02-17T08:00:00Z,0.00010000,
2023-02-17T16:00:00Z,0.00010000,
2023-02-18T00:00:00Z,0.00010000,
2023-02-18T08:00:00Z,0.00010000,
2023-02-18T16:00:00Z,0.00010000,
2023-02-19T00:00:00Z,0.00010000,
2023-02-19T08:00:00Z,0.00010000,
2023-02-19T16:00:00Z,0.00010000,
2023-02-20T00:00:00Z,0.00010000,
2023-02-20T08:00:00Z,0.00010000,
2023-02-20T16:00:00Z,0.00010000,
2023-02-21T00:00:00Z,0.00023564,
2023-02-21T08:00:00Z,0.00010000,
2023-02-21T16:00:00Z,0.00010000,
2023-02-22T00:00:00Z,0.00022220,
2023-02-22T08:00:00Z,0.00015726,
2023-02-22T16:00:00Z,0.00010000,
2023-02-23T00:00:00Z,0.00010000,
2023-02-23T08:00:00Z,0.00010000,
2023-02-23T16:00:00Z,0.00010000,
2023-02-24T00:00:00Z,0.00010000,
2023-02-24T08:00:00Z,0.00010000,
2023-02-24T16:00:00Z,0.00010000,
2023-02-25T00:00:00Z,-0.00001594,
2023-02-25T08:00:00Z,0.00010000,
2023-02-25T16:00:00Z,0.00010000,
2023-02-26T00:00:00Z,0.00010000,
2023-02-26T08:00:00Z,0.00004912,
2023-02-26T16:00:00Z,0.00000733,
2023-02-27T00:00:00Z,0.00010000,
2023-02-27T08:00:00Z,0.00010000,
2023-02-27T16:00:00Z,0.00010000,
2023-02-28T00:00:00Z,0.00010000,
2023-02-28T08:00:00Z,0.00006177,
2023-02-28T16:00:00Z,0.00010000,
2023-03-01T00:00:00Z,0.00004757,
2023-03-01T08:00:00Z,0.00010000,
2023-03-01T16:00:00Z,0.00010000,
2023-03-02T00:00:00Z,0.00010000,
2023-03-02T08:00:00Z,0.00010000,
2023-03-02T16:00:00Z,0.00010000,
2023-03-03T00:00:00Z,0.00010000,
2023-03-03T08:00:00Z,-0.00006051,
2023-03-03T16:00:00Z,0.00010000,
2023-03-04T00:00:00Z,0.00010000,
2023-03-04T08:00:00Z,0.00010000,
2023-03-04T16:00:00Z,0.00010000,
2023-03-05T00:00:00Z,0.00003199,
2023-03-05T08:00:00Z,0.00000936,
2023-03-05T16:00:00Z,0.00001797,
2023-03-06T00:00:00Z,-0.00000058,
2023-03-06T08:00:00Z,-0.00005093,
2023-03-06T16:00:00Z,0.00007534,
2023-03-07T00:00:00Z,0.00010000,
2023-03-07T08:00:00Z,0.00008502,
2023-03-07T16:00:00Z,0.00006718,
2023-03-08T00:00:00Z,0.00010000,
2023-03-08T08:00:00Z,0.00010000,
2023-03-08T16:00:00Z,0.00010000,
2023-03-09T00:00:00Z,-0.00005363,
2023-03-09T08:00:00Z,0.00004507,
2023-03-09T16:00:00Z,0.00010000,
2023-03-10T00:00:00Z,-0.00054534,
2023-03-10T08:00:00Z,-0.00024148,
2023-03-10T16:00:00Z,-0.00013189,
2023-03-11T00:00:00Z,-0.00006167,
2023-03-11T08:00:00Z,0.00005788,
2023-03-11T16:00:00Z,-0.00018945,
2023-03-12T00:00:00Z,0.00010000,
2023-03-12T08:00:00Z,0.00010000,
2023-03-12T16:00:00Z,-0.00012277,
2023-03-13T00:00:00Z,0.00010000,
2023-03-13T08:00:00Z,0.00010000,
2023-03-13T16:00:00Z,0.00010000,
2023-03-14T00:00:00Z,0.00010000,
2023-03-14T08:00:00Z,0.00010000,
2023-03-14T16:00:00Z,0.00010000,
2023-03-15T00:00:00Z,0.00017393,
2023-03-15T08:00:00Z,0.00010000,
2023-03-15T16:00:00Z,0.00010000,
2023-03-16T00:00:00Z,0.00010000,
2023-03-16T08:00:00Z,0.00007150,
2023-03-16T16:00:00Z,0.00001594,
2023-03-17T00:00:00Z,-0.00000209,
2023-03-17T08:00:00Z,-0.00004976,
2023-03-17T16:00:00Z,0.00010000,
2023-03-18T00:00:00Z,0.00010000,
2023-03-18T08:00:00Z,0.00010000,
2023-03-18T16:00:00Z,0.00010000,
2023-03-19T00:00:00Z,0.00010000,
2023-03-19T08:00:00Z,0.00010000,
2023-03-19T16:00:00Z,0.00010000,
2023-03-20T00:00:00Z,0.00010000,
2023-03-20T08:00:00Z,0.00010000,
2023-03-20T16:00:00Z,0.00010000,
2023-03-21T00:00:00Z,0.00010000,
2023-03-21T08:00:00Z,0.00010000,
2023-03-21T16:00:00Z,0.00010000,
2023-03-22T00:00:00Z,0.00010000,
2023-03-22T08:00:00Z,0.00010000,
2023-03-22T16:00:00Z,0.00010000,
2023-03-23T00:00:00Z,0.00001005,
2023-03-23T08:00:00Z,0.00010000,
2023-03-23T16:00:00Z,0.00010000,
2023-03-24T00:00:00Z,0.00010000,
2023-03-24T08:00:00Z,0.00010000,
2023-03-24T16:00:00Z,0.00010000,
2023-03-25T00:00:00Z,0.00010000,
2023-03-25T08:00:00Z,0.00010000,
2023-03-25T16:00:00Z,-0.00000115,
2023-03-26T00:00:00Z,-0.00009348,
2023-03-26T08:00:00Z,0.00009518,
2023-03-26T16:00:00Z,0.00005948,
2023-03-27T00:00:00Z,0.00010000,
2023-03-27T08:00:00Z,0.00008705,
2023-03-27T16:00:00Z,0.00009856,
2023-03-28T00:00:00Z,0.00010000,
2023-03-28T08:00:00Z,0.00010000,
2023-03-28T16:00:00Z,0.00010000,
2023-03-29T00:00:00Z,0.00010000,
2023-03-29T08:00:00Z,0.00010000,
2023-03-29T16:00:00Z,0.00010000,
2023-03-30T00:00:00Z,0.00010000,
2023-03-30T08:00:00Z,0.00010000,
2023-03-30T16:00:00Z,0.00010000,
2023-03-31T00:00:00Z,0.00010000,
2023-03-31T08:00:00Z,0.00010000,
2023-03-31T16:00:00Z,0.00010000,
2023-04-01T00:00:00Z,0.00010000,
2023-04-01T08:00:00Z,0.00010000,
2023-04-01T16:00:00Z,0.00010000,
2023-04-02T00:00:00Z,0.00010000,
2023-04-02T08:00:00Z,0.00010000,
2023-04-02T16:00:00Z,0.00010000,
2023-04-03T00:00:00Z,0.00003631,
2023-04-03T08:00:00Z,0.00010000,
2023-04-03T16:00:00Z,0.00008344,
2023-04-04T00:00:00Z,0.00010000,
2023-04-04T08:00:00Z,0.00010000,
2023-04-04T16:00:00Z,0.00010000,
2023-04-05T00:00:00Z,0.00010000,
2023-04-05T08:00:00Z,0.00010000,
2023-04-05T16:00:00Z,0.00010000,
2023-04-06T00:00:00Z,0.00010000,
2023-04-06T08:00:00Z,0.00010000,
2023-04-06T16:00:00Z,0.00010000,
2023-04-07T00:00:00Z,0.00010000,
2023-04-07T08:00:00Z,0.00010000,
2023-04-07T16:00:00Z,0.00010000,
2023-04-08T00:00:00Z,0.00006178,
2023-04-08T08:00:00Z,0.00004562,
2023-04-08T16:00:00Z,0.00010000,
2023-04-09T00:00:00Z,0.00005399,
2023-04-09T08:00:00Z,0.00001683,
2023-04-09T16:00:00Z,0.00009207,
2023-04-10T00:00:00Z,0.00010000,
2023-04-10T08:00:00Z,0.00010000,
2023-04-10T16:00:00Z,0.00010000,
2023-04-11T00:00:00Z,0.00010000,
2023-04-11T08:00:00Z,0.00010000,
2023-04-11T16:00:00Z,0.00010000,
2023-04-12T00:00:00Z,0.00010000,
2023-04-12T08:00:00Z,0.00010000,
2023-04-12T16:00:00Z,0.00010000,
2023-04-13T00:00:00Z,0.00010000,
2023-04-13T08:00:00Z,0.00010000,
2023-04-13T16:00:00Z,0.00010000,
2023-04-14T00:00:00Z,0.00010000,
2023-04-14T08:00:00Z,0.00010000,
2023-04-14T16:00:00Z,0.00010000,
2023-04-15T00:00:00Z,0.00010000,
2023-04-15T08:00:00Z,0.00010000,
2023-04-15T16:00:00Z,0.00012998,
2023-04-16T00:00:00Z,0.00014755,
2023-04-16T08:00:00Z,0.00010000,
2023-04-16T16:00:00Z,0.00010000,
2023-04-17T00:00:00Z,0.00026176,
2023-04-17T08:00:00Z,0.00056245,
2023-04-17T16:00:00Z,0.00025168,
2023-04-18T00:00:00Z,0.00027334,
2023-04-18T08:00:00Z,0.00032737,
2023-04-18T16:00:00Z,0.00026086,
2023-04-19T00:00:00Z,0.00010000,
2023-04-19T08:00:00Z,0.00010000,
2023-04-19T16:00:00Z,0.00009762,
2023-04-20T00:00:00Z,0.00010000,
2023-04-20T08:00:00Z,0.00010000,
2023-04-20T16:00:00Z,0.00010000,
2023-04-21T00:00:00Z,0.00008371,
2023-04-21T08:00:00Z,0.00010000,
2023-04-21T16:00:00Z,0.00010000,
2023-04-22T00:00:00Z,-0.00008252,
2023-04-22T08:00:00Z,-0.00009347,
2023-04-22T16:00:00Z,-0.00001018,
2023-04-23T00:00:00Z,-0.00018232,
2023-04-23T08:00:00Z,-0.00006446,
2023-04-23T16:00:00Z,-0.00004437,
2023-04-24T00:00:00Z,0.00001944,
2023-04-24T08:00:00Z,-0.00001378,
2023-04-24T16:00:00Z,0.00010000,
2023-04-25T00:00:00Z,0.00002081,
2023-04-25T08:00:00Z,0.00002559,
2023-04-25T16:00:00Z,0.00005776,
2023-04-26T00:00:00Z,0.00010000,
2023-04-26T08:00:00Z,-0.00002177,
2023-04-26T16:00:00Z,0.00005377,
2023-04-27T00:00:00Z,-0.00007638,
2023-04-27T08:00:00Z,0.00010000,
2023-04-27T16:00:00Z,0.00008784,
2023-04-28T00:00:00Z,0.00009493,
2023-04-28T08:00:00Z,0.00010000,
2023-04-28T16:00:00Z,0.00002227,
2023-04-29T00:00:00Z,0.00006320,
2023-04-29T08:00:00Z,0.00006470,
2023-04-29T16:00:00Z,0.00009216,
2023-04-30T00:00:00Z,0.00010000,
2023-04-30T08:00:00Z,0.00000976,
2023-04-30T16:00:00Z,0.00005990,
2023-05-01T00:00:00Z,-0.00007086,
2023-05-01T08:00:00Z,0.00006271,
2023-05-01T16:00:00Z,0.00006429,
2023-05-02T00:00:00Z,0.00006234,
2023-05-02T08:00:00Z,0.00001006,
2023-05-02T16:00:00Z,0.00000522,
2023-05-03T00:00:00Z,0.00009125,
2023-05-03T08:00:00Z,0.00001315,
2023-05-03T16:00:00Z,-0.00001851,
2023-05-04T00:00:00Z,0.00010000,
2023-05-04T08:00:00Z,0.00006287,
2023-05-04T16:00:00Z,0.00004834,
2023-05-05T00:00:00Z,0.00010000,
2023-05-05T08:00:00Z,0.00003192,
2023-05-05T16:00:00Z,0.00010000,
2023-05-06T00:00:00Z,0.00010000,
2023-05-06T08:00:00Z,0.00010000,
2023-05-06T16:00:00Z,-0.00003079,
2023-05-07T00:00:00Z,-0.00015008,
2023-05-07T08:00:00Z,-0.00007457,
2023-05-07T16:00:00Z,-0.00008501,
2023-05-08T00:00:00Z,0.00000293,
2023-05-08T08:00:00Z,-0.00002320,
2023-05-08T16:00:00Z,0.00003226,
2023-05-09T00:00:00Z,-0.00012876,
2023-05-09T08:00:00Z,-0.00007308,
2023-05-09T16:00:00Z,-0.00009284,
2023-05-10T00:00:00Z,-0.00012343,
2023-05-10T08:00:00Z,-0.00000588,
2023-05-10T16:00:00Z,-0.00005628,
2023-05-11T00:00:00Z,0.00009594,
2023-05-11T08:00:00Z,0.00010000,
2023-05-11T16:00:00Z,0.00001095,
2023-05-12T00:00:00Z,-0.00002998,
2023-05-12T08:00:00Z,0.00002271,
2023-05-12T16:00:00Z,0.00006382,
2023-05-13T00:00:00Z,0.00003503,
2023-05-13T08:00:00Z,0.00008183,
2023-05-13T16:00:00Z,0.00007236,
2023-05-14T00:00:00Z,0.00009771,
2023-05-14T08:00:00Z,0.00003171,
2023-05-14T16:00:00Z,0.00007311,
2023-05-15T00:00:00Z,0.00003717,
2023-05-15T08:00:00Z,0.00010000,
2023-05-15T16:00:00Z,0.00002377,
2023-05-16T00:00:00Z,0.00005549,
2023-05-16T08:00:00Z,0.00004375,
2023-05-16T16:00:00Z,0.00004555,
2023-05-17T00:00:00Z,0.00006077,
2023-05-17T08:00:00Z,0.00006978,
2023-05-17T16:00:00Z,0.00001158,
2023-05-18T00:00:00Z,0.00010000,
2023-05-18T08:00:00Z,0.00010000,
2023-05-18T16:00:00Z,0.00009472,
2023-05-19T00:00:00Z,-0.00008796,
2023-05-19T08:00:00Z,0.00000264,
2023-05-19T16:00:00Z,0.00004939,
2023-05-20T00:00:00Z,0.00000378,
2023-05-20T08:00:00Z,-0.00005768,
2023-05-20T16:00:00Z,-0.00007723,
2023-05-21T00:00:00Z,-0.00000371,
2023-05-21T08:00:00Z,0.00005031,
2023-05-21T16:00:00Z,0.00001769,
2023-05-22T00:00:00Z,0.00001579,
2023-05-22T08:00:00Z,0.00003473,
2023-05-22T16:00:00Z,0.00010000,
2023-05-23T00:00:00Z,0.00010000,
2023-05-23T08:00:00Z,0.00010000,
2023-05-23T16:00:00Z,0.00010000,
2023-05-24T00:00:00Z,0.00010000,
2023-05-24T08:00:00Z,0.00010000,
2023-05-24T16:00:00Z,0.00010000,
2023-05-25T00:00:00Z,0.00002342,
2023-05-25T08:00:00Z,0.00005189,
2023-05-25T16:00:00Z,0.00005898,
2023-05-26T00:00:00Z,0.00010000,
2023-05-26T08:00:00Z,0.00010000,
2023-05-26T16:00:00Z,0.00010000,
2023-05-27T00:00:00Z,0.00010000,
2023-05-27T08:00:00Z,0.00010000,
2023-05-27T16:00:00Z,0.00010000,
2023-05-28T00:00:00Z,0.00010000,
2023-05-28T08:00:00Z,0.00010000,
2023-05-28T16:00:00Z,0.00010000,
2023-05-29T00:00:00Z,0.00010000,
2023-05-29T08:00:00Z,0.00010000,
2023-05-29T16:00:00Z,0.00010000,
2023-05-30T00:00:00Z,0.00010000,
2023-05-30T08:00:00Z,0.00010000,
2023-05-30T16:00:00Z,0.00010000,
2023-05-31T00:00:00Z,0.00010000,
2023-05-31T08:00:00Z,0.00010000,
2023-05-31T16:00:00Z,0.00007884,
2023-06-01T00:00:00Z,-0.00001870,
2023-06-01T08:00:00Z,0.00010000,
2023-06-01T16:00:00Z,0.00010000,
2023-06-02T00:00:00Z,0.00010000,
2023-06-02T08:00:00Z,0.00010000,
2023-06-02T16:00:00Z,0.00010000,
2023-06-03T00:00:00Z,0.00010000,
2023-06-03T08:00:00Z,0.00010000,
2023-06-03T16:00:00Z,0.00010000,
2023-06-04T00:00:00Z,0.00010000,
2023-06-04T08:00:00Z,0.00010000,
2023-06-04T16:00:00Z,0.00010000,
2023-06-05T00:00:00Z,0.00010000,
2023-06-05T08:00:00Z,0.00010000,
2023-06-05T16:00:00Z,0.00010000,
2023-06-06T00:00:00Z,0.00004557,
2023-06-06T08:00:00Z,0.00006766,
2023-06-06T16:00:00Z,0.00010000,
2023-06-07T00:00:00Z,0.00010000,
2023-06-07T08:00:00Z,0.00010000,
2023-06-07T16:00:00Z,0.00010000,
2023-06-08T00:00:00Z,0.00010000,
2023-06-08T08:00:00Z,0.00007860,
2023-06-08T16:00:00Z,0.00010000,
2023-06-09T00:00:00Z,0.00008752,
2023-06-09T08:00:00Z,0.00010000,
2023-06-09T16:00:00Z,0.00010000,
2023-06-10T00:00:00Z,0.00010000,
2023-06-10T08:00:00Z,-0.00032845,
2023-06-10T16:00:00Z,-0.00062672,
2023-06-11T00:00:00Z,-0.00049554,
2023-06-11T08:00:00Z,-0.00039183,
2023-06-11T16:00:00Z,-0.00043113,
2023-06-12T00:00:00Z,-0.00044183,
2023-06-12T08:00:00Z,-0.00019176,
2023-06-12T16:00:00Z,-0.00021977,
2023-06-13T00:00:00Z,-0.00006949,
2023-06-13T08:00:00Z,-0.00014585,
2023-06-13T16:00:00Z,-0.00019394,
2023-06-14T00:00:00Z,-0.00008790,
2023-06-14T08:00:00Z,-0.00008320,
2023-06-14T16:00:00Z,-0.00008808,
2023-06-15T00:00:00Z,-0.00027602,
2023-06-15T08:00:00Z,-0.00001008,
2023-06-15T16:00:00Z,0.00000552,
2023-06-16T00:00:00Z,-0.00013372,
2023-06-16T08:00:00Z,0.00005900,
2023-06-16T16:00:00Z,-0.00001819,
2023-06-17T00:00:00Z,0.00004756,
2023-06-17T08:00:00Z,-0.00006723,
2023-06-17T16:00:00Z,-0.00009170,
2023-06-18T00:00:00Z,-0.00011727,
2023-06-18T08:00:00Z,-0.00003139,
2023-06-18T16:00:00Z,-0.00020415,
2023-06-19T00:00:00Z,-0.00019724,
2023-06-19T08:00:00Z,-0.00017304,
2023-06-19T16:00:00Z,-0.00018848,
2023-06-20T00:00:00Z,-0.00017824,
2023-06-20T08:00:00Z,-0.00005676,
2023-06-20T16:00:00Z,-0.00016507,
2023-06-21T00:00:00Z,0.00010000,
2023-06-21T08:00:00Z,0.00010000,
2023-06-21T16:00:00Z,-0.00000246,
2023-06-22T00:00:00Z,0.00008208,
2023-06-22T08:00:00Z,0.00005879,
2023-06-22T16:00:00Z,0.00010000,
2023-06-23T00:00:00Z,0.00010000,
2023-06-23T08:00:00Z,0.00010000,
2023-06-23T16:00:00Z,0.00010000,
2023-06-24T00:00:00Z,0.00010000,
2023-06-24T08:00:00Z,0.00010000,
2023-06-24T16:00:00Z,0.00006331,
2023-06-25T00:00:00Z,0.00010000,
2023-06-25T08:00:00Z,0.00010000,
2023-06-25T16:00:00Z,0.00010000,
2023-06-26T00:00:00Z,0.00010000,
2023-06-26T08:00:00Z,0.00010000,
2023-06-26T16:00:00Z,0.00010000,
2023-06-27T00:00:00Z,0.00010000,
2023-06-27T08:00:00Z,0.00010000,
2023-06-27T16:00:00Z,0.00010000,
2023-06-28T00:00:00Z,0.00010000,
2023-06-28T08:00:00Z,0.00007532,
2023-06-28T16:00:00Z,0.00006718,
2023-06-29T00:00:00Z,-0.00011608,
2023-06-29T08:00:00Z,0.00003964,
2023-06-29T16:00:00Z,0.00001260,
2023-06-30T00:00:00Z,-0.00003952,
2023-06-30T08:00:00Z,0.00010000,
2023-06-30T16:00:00Z,0.00010000,
2023-07-01T00:00:00Z,0.00010000,
2023-07-01T08:00:00Z,0.00010000,
2023-07-01T16:00:00Z,0.00010000,
2023-07-02T00:00:00Z,0.00010000,
2023-07-02T08:00:00Z,0.00000773,
2023-07-02T16:00:00Z,0.00010000,
2023-07-03T00:00:00Z,0.00010000,
2023-07-03T08:00:00Z,0.00010000,
2023-07-03T16:00:00Z,0.00010000,
2023-07-04T00:00:00Z,0.00010000,
2023-07-04T08:00:00Z,0.00010000,
2023-07-04T16:00:00Z,0.00010000,
2023-07-05T00:00:00Z,0.00010000,
2023-07-05T08:00:00Z,0.00010000,
2023-07-05T16:00:00Z,-0.00017834,
2023-07-06T00:00:00Z,0.00000211,
2023-07-06T08:00:00Z,0.00010000,
2023-07-06T16:00:00Z,-0.00015923,
2023-07-07T00:00:00Z,-0.00010310,
2023-07-07T08:00:00Z,-0.00005070,
2023-07-07T16:00:00Z,0.00003173,
2023-07-08T00:00:00Z,0.00005300,
2023-07-08T08:00:00Z,0.00010000,
2023-07-08T16:00:00Z,0.00010000,
2023-07-09T00:00:00Z,0.00010000,
2023-07-09T08:00:00Z,0.00009046,
2023-07-09T16:00:00Z,0.00010000,
2023-07-10T00:00:00Z,0.00010000,
2023-07-10T08:00:00Z,0.00007438,
2023-07-10T16:00:00Z,0.00004282,
2023-07-11T00:00:00Z,0.00004253,
2023-07-11T08:00:00Z,0.00010000,
2023-07-11T16:00:00Z,0.00004173,
2023-07-12T00:00:00Z,0.00007306,
2023-07-12T08:00:00Z,0.00007143,
2023-07-12T16:00:00Z,0.00007448,
2023-07-13T00:00:00Z,0.00002545,
2023-07-13T08:00:00Z,0.00006690,
2023-07-13T16:00:00Z,-0.00009587,
2023-07-14T00:00:00Z,0.00010000,
2023-07-14T08:00:00Z,0.00010000,
2023-07-14T16:00:00Z,0.00010000,
2023-07-15T00:00:00Z,0.00010000,
2023-07-15T08:00:00Z,0.00010000,
2023-07-15T16:00:00Z,0.00010000,
2023-07-16T00:00:00Z,0.00010000,
2023-07-16T08:00:00Z,0.00010000,
2023-07-16T16:00:00Z,0.00010000,
2023-07-17T00:00:00Z,0.00008030,
2023-07-17T08:00:00Z,0.00010000,
2023-07-17T16:00:00Z,0.00010000,
2023-07-18T00:00:00Z,0.00010000,
2023-07-18T08:00:00Z,0.00010000,
2023-07-18T16:00:00Z,0.00010000,
2023-07-19T00:00:00Z,0.00010000,
2023-07-19T08:00:00Z,0.00010000,
2023-07-19T16:00:00Z,0.00010000,
2023-07-20T00:00:00Z,0.00010000,
2023-07-20T08:00:00Z,0.00010000,
2023-07-20T16:00:00Z,0.00010000,
2023-07-21T00:00:00Z,0.00008995,
2023-07-21T08:00:00Z,0.00003425,
2023-07-21T16:00:00Z,0.00010000,
2023-07-22T00:00:00Z,0.00010000,
2023-07-22T08:00:00Z,0.00010000,
2023-07-22T16:00:00Z,-0.00003911,
2023-07-23T00:00:00Z,0.00002010,
2023-07-23T08:00:00Z,0.00007075,
2023-07-23T16:00:00Z,0.00010000,
2023-07-24T00:00:00Z,0.00010000,
2023-07-24T08:00:00Z,0.00010000,
2023-07-24T16:00:00Z,0.00008705,
2023-07-25T00:00:00Z,0.00010000,
2023-07-25T08:00:00Z,0.00009506,
2023-07-25T16:00:00Z,-0.00007046,
2023-07-26T00:00:00Z,-0.00000505,
2023-07-26T08:00:00Z,0.00006606,
2023-07-26T16:00:00Z,0.00010000,
2023-07-27T00:00:00Z,0.00004541,
2023-07-27T08:00:00Z,0.00004217,
2023-07-27T16:00:00Z,-0.00007122,
2023-07-28T00:00:00Z,0.00009493,
2023-07-28T08:00:00Z,0.00010000,
2023-07-28T16:00:00Z,0.00007008,
2023-07-29T00:00:00Z,0.00010000,
2023-07-29T08:00:00Z,-0.00000668,
2023-07-29T16:00:00Z,0.00010000,
2023-07-30T00:00:00Z,0.00009068,
2023-07-30T08:00:00Z,0.00010000,
2023-07-30T16:00:00Z,0.00010000,
2023-07-31T00:00:00Z,0.00008620,
2023-07-31T08:00:00Z,0.00009854,
2023-07-31T16:00:00Z,-0.00003648,
2023-08-01T00:00:00Z,-0.00009356,
2023-08-01T08:00:00Z,0.00003820,
2023-08-01T16:00:00Z,0.00010000,
2023-08-02T00:00:00Z,0.00010000,
2023-08-02T08:00:00Z,0.00002291,
2023-08-02T16:00:00Z,0.00002077,
2023-08-03T00:00:00Z,-0.00000225,
2023-08-03T08:00:00Z,0.00001294,
2023-08-03T16:00:00Z,0.00002673,
2023-08-04T00:00:00Z,-0.00004145,
2023-08-04T08:00:00Z,-0.00005397,
2023-08-04T16:00:00Z,-0.00000686,
2023-08-05T00:00:00Z,0.00004434,
2023-08-05T08:00:00Z,0.00000750,
2023-08-05T16:00:00Z,-0.00013049,
2023-08-06T00:00:00Z,-0.00010260,
2023-08-06T08:00:00Z,0.00010000,
2023-08-06T16:00:00Z,0.00010000,
2023-08-07T00:00:00Z,0.00010000,
2023-08-07T08:00:00Z,0.00010000,
2023-08-07T16:00:00Z,0.00010000,
2023-08-08T00:00:00Z,-0.00001042,
2023-08-08T08:00:00Z,0.00009228,
2023-08-08T16:00:00Z,0.00010000,
2023-08-09T00:00:00Z,0.00010000,
2023-08-09T08:00:00Z,0.00010000,
2023-08-09T16:00:00Z,0.00010000,
2023-08-10T00:00:00Z,0.00010000,
2023-08-10T08:00:00Z,0.00008651,
2023-08-10T16:00:00Z,0.00003380,
2023-08-11T00:00:00Z,0.00010000,
2023-08-11T08:00:00Z,-0.00005992,
2023-08-11T16:00:00Z,-0.00002082,
2023-08-12T00:00:00Z,0.00000406,
2023-08-12T08:00:00Z,0.00004158,
2023-08-12T16:00:00Z,0.00007913,
2023-08-13T00:00:00Z,-0.00009679,
2023-08-13T08:00:00Z,-0.00010468,
2023-08-13T16:00:00Z,-0.00013785,
2023-08-14T00:00:00Z,-0.00000607,
2023-08-14T08:00:00Z,0.00010000,
2023-08-14T16:00:00Z,0.00010000,
2023-08-15T00:00:00Z,0.00010000,
2023-08-15T08:00:00Z,0.00010000,
2023-08-15T16:00:00Z,0.00010000,
2023-08-16T00:00:00Z,-0.00024918,
2023-08-16T08:00:00Z,-0.00008704,
2023-08-16T16:00:00Z,0.00001561,
2023-08-17T00:00:00Z,-0.00019126,
2023-08-17T08:00:00Z,0.00007750,
2023-08-17T16:00:00Z,0.00000877,
2023-08-18T00:00:00Z,-0.00104211,
2023-08-18T08:00:00Z,-0.00010876,
2023-08-18T16:00:00Z,0.00007602,
2023-08-19T00:00:00Z,-0.00007619,
2023-08-19T08:00:00Z,0.00009363,
2023-08-19T16:00:00Z,-0.00010850,
2023-08-20T00:00:00Z,-0.00021601,
2023-08-20T08:00:00Z,-0.00017488,
2023-08-20T16:00:00Z,-0.00016703,
2023-08-21T00:00:00Z,0.00002814,
2023-08-21T08:00:00Z,0.00000659,
2023-08-21T16:00:00Z,-0.00014387,
2023-08-22T00:00:00Z,-0.00016897,
2023-08-22T08:00:00Z,-0.00023828,
2023-08-22T16:00:00Z,-0.00022065,
2023-08-23T00:00:00Z,-0.00025692,
2023-08-23T08:00:00Z,-0.00032539,
2023-08-23T16:00:00Z,-0.00024482,
2023-08-24T00:00:00Z,-0.00009955,
2023-08-24T08:00:00Z,-0.00003156,
2023-08-24T16:00:00Z,-0.00034825,
2023-08-25T00:00:00Z,-0.00015128,
2023-08-25T08:00:00Z,-0.00014514,
2023-08-25T16:00:00Z,-0.00031387,
2023-08-26T00:00:00Z,-0.00019886,
2023-08-26T08:00:00Z,-0.00004841,
2023-08-26T16:00:00Z,-0.00013791,
2023-08-27T00:00:00Z,0.00004544,
2023-08-27T08:00:00Z,0.00006553,
2023-08-27T16:00:00Z,0.00003024,
2023-08-28T00:00:00Z,-0.00002010,
2023-08-28T08:00:00Z,-0.00003933,
2023-08-28T16:00:00Z,0.00007204,
2023-08-29T00:00:00Z,0.00007769,
2023-08-29T08:00:00Z,-0.00022446,
2023-08-29T16:00:00Z,-0.00013393,
2023-08-30T00:00:00Z,0.00010000,
2023-08-30T08:00:00Z,0.00008960,
2023-08-30T16:00:00Z,0.00001154,
2023-08-31T00:00:00Z,0.00001535,
2023-08-31T08:00:00Z,0.00005806,
2023-08-31T16:00:00Z,-0.00005581,
2023-09-01T00:00:00Z,-0.00010635,
2023-09-01T08:00:00Z,-0.00020661,
2023-09-01T16:00:00Z,-0.00017704,
2023-09-02T00:00:00Z,-0.00015921,
2023-09-02T08:00:00Z,-0.00012616,
2023-09-02T16:00:00Z,-0.00018896,
2023-09-03T00:00:00Z,-0.00020188,
2023-09-03T08:00:00Z,-0.00004997,
2023-09-03T16:00:00Z,-0.00005783,
2023-09-04T00:00:00Z,0.00010000,
2023-09-04T08:00:00Z,-0.00008471,
2023-09-04T16:00:00Z,-0.00007374,
2023-09-05T00:00:00Z,-0.00011266,
2023-09-05T08:00:00Z,-0.00003911,
2023-09-05T16:00:00Z,0.00006597,
2023-09-06T00:00:00Z,0.00002060,
2023-09-06T08:00:00Z,0.00005045,
2023-09-06T16:00:00Z,-0.00000308,
2023-09-07T00:00:00Z,0.00001039,
2023-09-07T08:00:00Z,0.00006057,
2023-09-07T16:00:00Z,-0.00011005,
2023-09-08T00:00:00Z,-0.00016389,
2023-09-08T08:00:00Z,-0.00003578,
2023-09-08T16:00:00Z,-0.00000563,
2023-09-09T00:00:00Z,0.00001036,
2023-09-09T08:00:00Z,-0.00003809,
2023-09-09T16:00:00Z,-0.00006457,
2023-09-10T00:00:00Z,-0.00027483,
2023-09-10T08:00:00Z,-0.00040009,
2023-09-10T16:00:00Z,-0.00030866,
2023-09-11T00:00:00Z,-0.00022746,
2023-09-11T08:00:00Z,-0.00018572,
2023-09-11T16:00:00Z,-0.00002498,
2023-09-12T00:00:00Z,0.00006230,
2023-09-12T08:00:00Z,0.00005996,
2023-09-12T16:00:00Z,0.00005532,
2023-09-13T00:00:00Z,-0.00011844,
2023-09-13T08:00:00Z,-0.00006234,
2023-09-13T16:00:00Z,-0.00011566,
2023-09-14T00:00:00Z,-0.00002672,
2023-09-14T08:00:00Z,-0.00006339,
2023-09-14T16:00:00Z,-0.00008732,
2023-09-15T00:00:00Z,0.00000297,
2023-09-15T08:00:00Z,0.00007049,
2023-09-15T16:00:00Z,0.00000836,
2023-09-16T00:00:00Z,0.00003376,
2023-09-16T08:00:00Z,0.00010000,
2023-09-16T16:00:00Z,-0.00001851,
2023-09-17T00:00:00Z,0.00001425,
2023-09-17T08:00:00Z,-0.00013415,
2023-09-17T16:00:00Z,-0.00012303,
2023-09-18T00:00:00Z,-0.00024561,
2023-09-18T08:00:00Z,0.00000637,
2023-09-18T16:00:00Z,-0.00003048,
2023-09-19T00:00:00Z,-0.00007249,
2023-09-19T08:00:00Z,-0.00006460,
2023-09-19T16:00:00Z,0.00007866,
2023-09-20T00:00:00Z,0.00006395,
2023-09-20T08:00:00Z,-0.00009409,
2023-09-20T16:00:00Z,-0.00010074,
2023-09-21T00:00:00Z,0.00008448,
2023-09-21T08:00:00Z,0.00003609,
2023-09-21T16:00:00Z,-0.00018022,
2023-09-22T00:00:00Z,-0.00006964,
2023-09-22T08:00:00Z,-0.00000825,
2023-09-22T16:00:00Z,0.00004246,
2023-09-23T00:00:00Z,-0.00000236,
2023-09-23T08:00:00Z,0.00005450,
2023-09-23T16:00:00Z,0.00010000,
2023-09-24T00:00:00Z,0.00010000,
2023-09-24T08:00:00Z,0.00010000,
2023-09-24T16:00:00Z,0.00004587,
2023-09-25T00:00:00Z,0.00010000,
2023-09-25T08:00:00Z,-0.00004927,
2023-09-25T16:00:00Z,-0.00002653,
2023-09-26T00:00:00Z,-0.00003515,
2023-09-26T08:00:00Z,0.00010000,
2023-09-26T16:00:00Z,0.00004630,
2023-09-27T00:00:00Z,0.00010000,
2023-09-27T08:00:00Z,0.00010000,
2023-09-27T16:00:00Z,0.00010000,
2023-09-28T00:00:00Z,0.00010000,
2023-09-28T08:00:00Z,0.00010000,
2023-09-28T16:00:00Z,0.00010000,
2023-09-29T00:00:00Z,0.00004752,
2023-09-29T08:00:00Z,0.00009197,
2023-09-29T16:00:00Z,0.00010000,
2023-09-30T00:00:00Z,0.00010000,
2023-09-30T08:00:00Z,0.00010000,
2023-09-30T16:00:00Z,0.00009778,
2023-10-01T00:00:00Z,0.00010000,
2023-10-01T08:00:00Z,0.00006585,
2023-10-01T16:00:00Z,0.00010000,
2023-10-02T00:00:00Z,0.00010000,
2023-10-02T08:00:00Z,0.00001914,
2023-10-02T16:00:00Z,0.00010000,
2023-10-03T00:00:00Z,0.00010000,
2023-10-03T08:00:00Z,0.00008716,
2023-10-03T16:00:00Z,0.00005096,
2023-10-04T00:00:00Z,0.00002378,
2023-10-04T08:00:00Z,0.00008421,
2023-10-04T16:00:00Z,0.00010000,
2023-10-05T00:00:00Z,0.00010000,
2023-10-05T08:00:00Z,0.00010000,
2023-10-05T16:00:00Z,0.00009092,
2023-10-06T00:00:00Z,0.00001650,
2023-10-06T08:00:00Z,-0.00011178,
2023-10-06T16:00:00Z,-0.00000289,
2023-10-07T00:00:00Z,-0.00002441,
2023-10-07T08:00:00Z,0.00000213,
2023-10-07T16:00:00Z,0.00010000,
2023-10-08T00:00:00Z,0.00010000,
2023-10-08T08:00:00Z,0.00008389,
2023-10-08T16:00:00Z,0.00010000,
2023-10-09T00:00:00Z,0.00003738,
2023-10-09T08:00:00Z,0.00010000,
2023-10-09T16:00:00Z,0.00006691,
2023-10-10T00:00:00Z,-0.00005879,
2023-10-10T08:00:00Z,-0.00000720,
2023-10-10T16:00:00Z,0.00007264,
2023-10-11T00:00:00Z,-0.00004627,
2023-10-11T08:00:00Z,0.00010000,
2023-10-11T16:00:00Z,0.00002573,
2023-10-12T00:00:00Z,0.00009033,
2023-10-12T08:00:00Z,0.00010000,
2023-10-12T16:00:00Z,0.00002575,
2023-10-13T00:00:00Z,0.00000132,
2023-10-13T08:00:00Z,0.00007952,
2023-10-13T16:00:00Z,0.00001745,
2023-10-14T00:00:00Z,-0.00005301,
2023-10-14T08:00:00Z,0.00001196,
2023-10-14T16:00:00Z,0.00003806,
2023-10-15T00:00:00Z,0.00001961,
2023-10-15T08:00:00Z,0.00010000,
2023-10-15T16:00:00Z,0.00003071,
2023-10-16T00:00:00Z,0.00001287,
2023-10-16T08:00:00Z,0.00010000,
2023-10-16T16:00:00Z,0.00010000,
2023-10-17T00:00:00Z,0.00000279,
2023-10-17T08:00:00Z,0.00006196,
2023-10-17T16:00:00Z,0.00003906,
2023-10-18T00:00:00Z,0.00006572,
2023-10-18T08:00:00Z,0.00005829,
2023-10-18T16:00:00Z,0.00008817,
2023-10-19T00:00:00Z,-0.00004133,
2023-10-19T08:00:00Z,0.00002328,
2023-10-19T16:00:00Z,-0.00004520,
2023-10-20T00:00:00Z,0.00002129,
2023-10-20T08:00:00Z,0.00005311,
2023-10-20T16:00:00Z,0.00005468,
2023-10-21T00:00:00Z,-0.00003721,
2023-10-21T08:00:00Z,0.00009849,
2023-10-21T16:00:00Z,0.00010000,
2023-10-22T00:00:00Z,0.00009662,
2023-10-22T08:00:00Z,-0.00005169,
2023-10-22T16:00:00Z,0.00008803,
2023-10-23T00:00:00Z,0.00005630,
2023-10-23T08:00:00Z,0.00009574,
2023-10-23T16:00:00Z,0.00010000,
2023-10-24T00:00:00Z,0.00010000,
2023-10-24T08:00:00Z,0.00010000,
2023-10-24T16:00:00Z,0.00010000,
2023-10-25T00:00:00Z,0.00010000,
2023-10-25T08:00:00Z,0.00010000,
2023-10-25T16:00:00Z,0.00010000,
2023-10-26T00:00:00Z,0.00010000,
2023-10-26T08:00:00Z,0.00010000,
2023-10-26T16:00:00Z,0.00010000,
2023-10-27T00:00:00Z,0.00010000,
2023-10-27T08:00:00Z,0.00010000,
2023-10-27T16:00:00Z,0.00010000,
2023-10-28T00:00:00Z,0.00010000,
2023-10-28T08:00:00Z,0.00010000,
2023-10-28T16:00:00Z,0.00010000,
2023-10-29T00:00:00Z,0.00010000,
2023-10-29T08:00:00Z,0.00010000,
2023-10-29T16:00:00Z,0.00010000,
2023-10-30T00:00:00Z,0.00010000,
2023-10-30T08:00:00Z,0.00010000,
2023-10-30T16:00:00Z,0.00010000,
2023-10-31T00:00:00Z,0.00018156,
2023-10-31T08:00:00Z,0.00010000,11.45471946
2023-10-31T16:00:00Z,0.00010000,11.22594106
2023-11-01T00:00:00Z,0.00010000,11.32800000
2023-11-01T08:00:00Z,0.00010000,11.06377871
2023-11-01T16:00:00Z,0.00010000,11.05100000
2023-11-02T00:00:00Z,0.00031014,12.23900000
2023-11-02T08:00:00Z,0.00027669,12.01600000
2023-11-02T16:00:00Z,0.00019586,11.53227303
2023-11-03T00:00:00Z,0.00010000,11.88400000
2023-11-03T08:00:00Z,0.00010000,11.80202642
2023-11-03T16:00:00Z,0.00010000,12.02483906
2023-11-04T00:00:00Z,0.00010000,12.11135858
2023-11-04T08:00:00Z,0.00010000,12.02100000
2023-11-04T16:00:00Z,0.00010000,12.07500000
2023-11-05T00:00:00Z,0.00010000,12.22446575
2023-11-05T08:00:00Z,0.00010000,12.40500000
2023-11-05T16:00:00Z,0.00012048,12.27700000
2023-11-06T00:00:00Z,0.00010000,12.35561686
2023-11-06T08:00:00Z,0.00010000,12.62800692
2023-11-06T16:00:00Z,0.00023531,12.99112989
2023-11-07T00:00:00Z,0.00010000,13.08402256
2023-11-07T08:00:00Z,0.00011014,13.04854918
2023-11-07T16:00:00Z,0.00016308,12.51000000
2023-11-08T00:00:00Z,0.00010000,12.81400000
2023-11-08T08:00:00Z,0.00011836,12.81636520
2023-11-08T16:00:00Z,0.00010000,12.78168767
2023-11-09T00:00:00Z,0.00010000,12.99400000
2023-11-09T08:00:00Z,0.00015255,13.30600000
2023-11-09T16:00:00Z,0.00041209,13.74561680
2023-11-10T00:00:00Z,0.00010000,12.96175363
2023-11-10T08:00:00Z,0.00036085,13.33313058
2023-11-10T16:00:00Z,0.00012720,13.31400000
2023-11-11T00:00:00Z,0.00040433,14.75769008
2023-11-11T08:00:00Z,0.00012819,14.26636284
2023-11-11T16:00:00Z,0.00029521,15.16221724
2023-11-12T00:00:00Z,0.00031013,16.80800000
2023-11-12T08:00:00Z,0.00021634,18.41298005
2023-11-12T16:00:00Z,0.00011617,18.07958170
2023-11-13T00:00:00Z,0.00012874,18.96874268
2023-11-13T08:00:00Z,0.00018603,18.10100000
2023-11-13T16:00:00Z,0.00038809,17.60889389
2023-11-14T00:00:00Z,0.00019237,16.12200000
2023-11-14T08:00:00Z,0.00010000,17.27219549
2023-11-14T16:00:00Z,0.00010000,17.31234740
2023-11-15T00:00:00Z,0.00010000,17.04999469
2023-11-15T08:00:00Z,0.00010000,18.60861578
2023-11-15T16:00:00Z,0.00011820,20.44372324
2023-11-16T00:00:00Z,0.00030624,20.70600000
2023-11-16T08:00:00Z,0.00010000,23.41953490
2023-11-16T16:00:00Z,0.00040911,22.80100000
2023-11-17T00:00:00Z,0.00010000,21.71900000
2023-11-17T08:00:00Z,0.00010000,22.71957134
2023-11-17T16:00:00Z,0.00010000,20.17968545
2023-11-18T00:00:00Z,0.00010000,21.92800000
2023-11-18T08:00:00Z,0.00010000,21.06400000
2023-11-18T16:00:00Z,0.00010000,22.20972814
2023-11-19T00:00:00Z,0.00010000,21.99737216
2023-11-19T08:00:00Z,0.00010000,21.73145588
2023-11-19T16:00:00Z,0.00010000,21.52868688
2023-11-20T00:00:00Z,0.00010000,22.85978479
2023-11-20T08:00:00Z,0.00010000,22.36713183
2023-11-20T16:00:00Z,0.00010000,21.89771248
2023-11-21T00:00:00Z,0.00010000,20.85100000
2023-11-21T08:00:00Z,0.00010000,20.60200000
2023-11-21T16:00:00Z,0.00010000,21.48807693
2023-11-22T00:00:00Z,0.00010000,19.01605201
2023-11-22T08:00:00Z,0.00010000,20.17255444
2023-11-22T16:00:00Z,0.00010000,19.99500000
2023-11-23T00:00:00Z,0.00010000,20.78800000
2023-11-23T08:00:00Z,0.00010000,21.07757318
2023-11-23T16:00:00Z,0.00010000,20.61301011
2023-11-24T00:00:00Z,0.00010000,20.63991446
2023-11-24T08:00:00Z,0.00010000,20.70431375
2023-11-24T16:00:00Z,0.00010000,21.58600000
2023-11-25T00:00:00Z,0.00010000,20.88296444
2023-11-25T08:00:00Z,0.00010000,21.18268210
2023-11-25T16:00:00Z,0.00010000,20.96846955
2023-11-26T00:00:00Z,0.00010000,21.37515651
2023-11-26T08:00:00Z,0.00013248,21.27600000
2023-11-26T16:00:00Z,0.00010000,20.69698257
2023-11-27T00:00:00Z,0.00010000,21.06928175
2023-11-27T08:00:00Z,0.00010000,20.51100000
2023-11-27T16:00:00Z,0.00010000,20.12000000
2023-11-28T00:00:00Z,0.00010000,20.35479962
2023-11-28T08:00:00Z,0.00010000,19.72388827
2023-11-28T16:00:00Z,0.00010000,20.35900000
2023-11-29T00:00:00Z,0.00010000,20.69890879
2023-11-29T08:00:00Z,0.00010000,21.14676651
2023-11-29T16:00:00Z,0.00010000,21.26080758
2023-11-30T00:00:00Z,0.00010000,21.12600000
2023-11-30T08:00:00Z,0.00010000,21.04530615
2023-11-30T16:00:00Z,0.00010000,21.08992778
2023-12-01T00:00:00Z,0.00010000,21.40276704
2023-12-01T08:00:00Z,0.00010000,22.28000000
2023-12-01T16:00:00Z,0.00010000,22.22135715
2023-12-02T00:00:00Z,0.00019360,21.87600000
2023-12-02T08:00:00Z,0.00010000,22.09840409
2023-12-02T16:00:00Z,0.00010000,21.96100000
2023-12-03T00:00:00Z,0.00013809,22.25200000
2023-12-03T08:00:00Z,0.00010554,22.18900000
2023-12-03T16:00:00Z,0.00010000,21.84514442
2023-12-04T00:00:00Z,0.00010000,21.95700000
2023-12-04T08:00:00Z,0.00035945,22.46142652
2023-12-04T16:00:00Z,0.00010000,21.40958832
2023-12-05T00:00:00Z,0.00010000,22.70800000
2023-12-05T08:00:00Z,0.00033313,22.19500000
2023-12-05T16:00:00Z,0.00010000,22.35922202
2023-12-06T00:00:00Z,0.00041753,24.54957267
2023-12-06T08:00:00Z,0.00039106,25.91400000
2023-12-06T16:00:00Z,0.00018120,25.81400000
2023-12-07T00:00:00Z,0.00018056,26.22728722
2023-12-07T08:00:00Z,0.00010000,26.62700000
2023-12-07T16:00:00Z,0.00010000,26.88738281
2023-12-08T00:00:00Z,0.00010000,26.28000000
2023-12-08T08:00:00Z,0.00020548,26.91100000
2023-12-08T16:00:00Z,0.00026308,27.72294335
2023-12-09T00:00:00Z,0.00049829,30.45272094
2023-12-09T08:00:00Z,0.00041650,32.87800000
2023-12-09T16:00:00Z,0.00032427,32.96500000
2023-12-10T00:00:00Z,0.00010000,31.91890790
2023-12-10T08:00:00Z,0.00010000,32.65400000
2023-12-10T16:00:00Z,0.00010000,33.17100000
2023-12-11T00:00:00Z,0.00026036,37.15629518
2023-12-11T08:00:00Z,0.00010000,35.32189421
2023-12-11T16:00:00Z,0.00010000,35.47300000
2023-12-12T00:00:00Z,0.00012410,38.06200000
2023-12-12T08:00:00Z,0.00011052,40.93440951
2023-12-12T16:00:00Z,0.00027776,37.66100000
2023-12-13T00:00:00Z,0.00010000,37.49522312
2023-12-13T08:00:00Z,0.00010000,35.27771250
2023-12-13T16:00:00Z,0.00010000,39.01156312
2023-12-14T00:00:00Z,0.00010000,39.01920281
2023-12-14T08:00:00Z,0.00010000,38.71300000
2023-12-14T16:00:00Z,0.00010000,38.25266208
2023-12-15T00:00:00Z,0.00010000,39.29500000
2023-12-15T08:00:00Z,0.00018905,39.38800000
2023-12-15T16:00:00Z,0.00030919,40.42446532
2023-12-16T00:00:00Z,0.00024209,39.73729357
2023-12-16T08:00:00Z,0.00016291,41.87764029
2023-12-16T16:00:00Z,0.00010000,44.90400000
2023-12-17T00:00:00Z,0.00010000,42.22517846
2023-12-17T08:00:00Z,0.00010000,41.46549833
2023-12-17T16:00:00Z,0.00010000,42.05800000
2023-12-18T00:00:00Z,0.00010000,40.60905264
2023-12-18T08:00:00Z,0.00010000,38.87200000
2023-12-18T16:00:00Z,0.00010000,39.13715528
2023-12-19T00:00:00Z,0.00010000,41.14220742
2023-12-19T08:00:00Z,0.00010000,40.80198083
2023-12-19T16:00:00Z,0.00010000,39.79213839
2023-12-20T00:00:00Z,0.00010000,39.74870125
2023-12-20T08:00:00Z,0.00010000,41.50900000
2023-12-20T16:00:00Z,0.00024236,43.75308067
2023-12-21T00:00:00Z,0.00027490,43.47400000
2023-12-21T08:00:00Z,0.00029422,44.86217595
2023-12-21T16:00:00Z,0.00035006,44.73800000
2023-12-22T00:00:00Z,0.00041417,46.02000000
2023-12-22T08:00:00Z,0.00037025,45.89336706
2023-12-22T16:00:00Z,0.00014786,45.13300000
2023-12-23T00:00:00Z,0.00010000,45.35464097
2023-12-23T08:00:00Z,0.00010000,45.14626170
2023-12-23T16:00:00Z,0.00012299,45.08874070
2023-12-24T00:00:00Z,0.00050432,48.10818705
2023-12-24T08:00:00Z,0.00029965,48.21700000
2023-12-24T16:00:00Z,0.00027999,47.90200000
2023-12-25T00:00:00Z,0.00022197,47.72276639
2023-12-25T08:00:00Z,0.00021898,47.02207554
2023-12-25T16:00:00Z,0.00045651,48.72900000
2023-12-26T00:00:00Z,0.00064000,48.23838855
2023-12-26T08:00:00Z,0.00010645,46.06400000
2023-12-26T16:00:00Z,0.00027908,44.88979774
2023-12-27T00:00:00Z,0.00010000,44.40811049
2023-12-27T08:00:00Z,0.00015534,43.30700000
2023-12-27T16:00:00Z,0.00027933,43.27428219
2023-12-28T00:00:00Z,0.00042320,42.43343993
2023-12-28T08:00:00Z,0.00071411,41.55411949
2023-12-28T16:00:00Z,0.00082332,40.14600000
2023-12-29T00:00:00Z,0.00066454,39.84100000
2023-12-29T08:00:00Z,0.00036130,40.63225026
2023-12-29T16:00:00Z,0.00064214,39.87635213
2023-12-30T00:00:00Z,0.00032939,40.20400000
2023-12-30T08:00:00Z,0.00041857,39.14057789
2023-12-30T16:00:00Z,0.00040004,39.85892772
2023-12-31T00:00:00Z,0.00038496,39.36459033
2023-12-31T08:00:00Z,0.00044807,40.35628720
2023-12-31T16:00:00Z,0.00042908,39.26800000
2024-01-01T00:00:00Z,0.00025310,38.57746561
2024-01-01T08:00:00Z,0.00034314,38.56774401
2024-01-01T16:00:00Z,0.00058407,40.18300000
2024-01-02T00:00:00Z,0.00063540,41.96839961
2024-01-02T08:00:00Z,0.00045506,43.20931708
2024-01-02T16:00:00Z,0.00073814,41.18641380
2024-01-03T00:00:00Z,0.00039584,40.64163474
2024-01-03T08:00:00Z,0.00031764,40.71296954
2024-01-03T16:00:00Z,0.00010000,37.09190433
2024-01-04T00:00:00Z,0.00010000,36.77209032
2024-01-04T08:00:00Z,0.00010000,36.59074254
2024-01-04T16:00:00Z,0.00010000,39.29657147
2024-01-05T00:00:00Z,0.00010000,38.70667907
2024-01-05T08:00:00Z,0.00010000,37.03566754
2024-01-05T16:00:00Z,0.00010000,36.10621694
2024-01-06T00:00:00Z,0.00010000,36.45433419
2024-01-06T08:00:00Z,0.00010000,34.45451040
2024-01-06T16:00:00Z,0.00010000,34.92500000
2024-01-07T00:00:00Z,0.00010000,34.61645860
2024-01-07T08:00:00Z,0.00010000,35.07961452
2024-01-07T16:00:00Z,0.00010000,34.68596687
2024-01-08T00:00:00Z,0.00010000,33.63044792
2024-01-08T08:00:00Z,0.00010000,32.61768876
2024-01-08T16:00:00Z,0.00010000,34.21900000
2024-01-09T00:00:00Z,0.00010000,36.08315945
2024-01-09T08:00:00Z,0.00010000,37.01994034
2024-01-09T16:00:00Z,0.00010000,35.60913391
2024-01-10T00:00:00Z,0.00010000,34.64090819
2024-01-10T08:00:00Z,0.00010000,34.14324689
2024-01-10T16:00:00Z,0.00010000,34.71449243
2024-01-11T00:00:00Z,0.00010000,38.54322139
2024-01-11T08:00:00Z,0.00010000,38.40885132
2024-01-11T16:00:00Z,0.00010000,39.49846678
2024-01-12T00:00:00Z,0.00010000,39.29922910
2024-01-12T08:00:00Z,0.00010000,38.71900000
2024-01-12T16:00:00Z,0.00010000,37.39900000
2024-01-13T00:00:00Z,0.00010000,35.91460107
2024-01-13T08:00:00Z,0.00010000,35.86177018
2024-01-13T16:00:00Z,0.00010000,36.12114329
2024-01-14T00:00:00Z,0.00010000,36.48385115
2024-01-14T08:00:00Z,0.00010000,36.43344710
2024-01-14T16:00:00Z,0.00010000,37.18900000
2024-01-15T00:00:00Z,0.00010000,35.29551636
2024-01-15T08:00:00Z,0.00010000,35.97857649
2024-01-15T16:00:00Z,0.00010000,35.28852887
2024-01-16T00:00:00Z,0.00010000,35.61532520
2024-01-16T08:00:00Z,0.00010000,35.81141594
2024-01-16T16:00:00Z,0.00010000,35.67500000
2024-01-17T00:00:00Z,0.00010000,35.57844049
2024-01-17T08:00:00Z,0.00010000,35.43436744
2024-01-17T16:00:00Z,0.00010000,35.79481886
2024-01-18T00:00:00Z,0.00010000,36.06654981
2024-01-18T08:00:00Z,0.00010000,35.87965235
2024-01-18T16:00:00Z,0.00010000,35.21996182
2024-01-19T00:00:00Z,0.00010000,33.58243332
2024-01-19T08:00:00Z,0.00010000,33.43400000
2024-01-19T16:00:00Z,0.00010000,32.65731113
2024-01-20T00:00:00Z,0.00010000,32.72700000
2024-01-20T08:00:00Z,0.00010000,32.58577548
2024-01-20T16:00:00Z,0.00010000,32.46080428
2024-01-21T00:00:00Z,0.00010000,32.88540891
2024-01-21T08:00:00Z,0.00010000,33.09301110
2024-01-21T16:00:00Z,0.00010000,32.96700000
2024-01-22T00:00:00Z,0.00010000,32.53963297
2024-01-22T08:00:00Z,0.00010000,31.97978315
2024-01-22T16:00:00Z,0.00010000,30.60920765
2024-01-23T00:00:00Z,0.00010000,29.53310601
2024-01-23T08:00:00Z,0.00010000,29.32769760
2024-01-23T16:00:00Z,0.00010000,29.07536364
2024-01-24T00:00:00Z,0.00010000,30.60923948
2024-01-24T08:00:00Z,0.00010000,30.55268131
2024-01-24T16:00:00Z,0.00008180,30.97200000
2024-01-25T00:00:00Z,0.00010000,31.17900000
2024-01-25T08:00:00Z,0.00010000,30.56700000
2024-01-25T16:00:00Z,0.00010000,29.80070117
2024-01-26T00:00:00Z,0.00010000,30.50318970
2024-01-26T08:00:00Z,0.00010000,30.60718823
2024-01-26T16:00:00Z,0.00006750,32.13018040
2024-01-27T00:00:00Z,0.00010000,32.25000000
2024-01-27T08:00:00Z,0.00010000,32.07242994
2024-01-27T16:00:00Z,0.00008808,32.64900000
2024-01-28T00:00:00Z,0.00006922,33.25831045
2024-01-28T08:00:00Z,0.00002096,35.67200000
2024-01-28T16:00:00Z,0.00010000,35.62600000
2024-01-29T00:00:00Z,0.00010000,34.82000000
2024-01-29T08:00:00Z,0.00009881,34.87700000
2024-01-29T16:00:00Z,0.00010000,35.80414161
2024-01-30T00:00:00Z,0.00010000,36.04200000
2024-01-30T08:00:00Z,0.00010000,35.72500000
2024-01-30T16:00:00Z,0.00010000,36.13437788
2024-01-31T00:00:00Z,0.00010000,35.18480478
2024-01-31T08:00:00Z,0.00010000,34.98403237
2024-01-31T16:00:00Z,0.00010000,35.21200000
2024-02-01T00:00:00Z,0.00010000,33.17200000
2024-02-01T08:00:00Z,0.00010000,33.34000000
2024-02-01T16:00:00Z,0.00010000,33.35999781
2024-02-02T00:00:00Z,0.00010000,33.84100000
2024-02-02T08:00:00Z,0.00010000,34.88963725
2024-02-02T16:00:00Z,0.00010000,36.58287225
2024-02-03T00:00:00Z,0.00010000,36.76072545
2024-02-03T08:00:00Z,0.00010000,35.95600000
2024-02-03T16:00:00Z,0.00010000,35.78400000
2024-02-04T00:00:00Z,0.00010000,35.95152434
2024-02-04T08:00:00Z,0.00010000,35.71400000
2024-02-04T16:00:00Z,0.00010000,35.76300000
2024-02-05T00:00:00Z,0.00010000,34.85300000
2024-02-05T08:00:00Z,0.00010000,35.56024667
2024-02-05T16:00:00Z,0.00010000,34.64204040
2024-02-06T00:00:00Z,0.00010000,34.53014814
2024-02-06T08:00:00Z,0.00006535,34.27174519
2024-02-06T16:00:00Z,0.00010000,34.24100000
2024-02-07T00:00:00Z,0.00010000,34.14600000
2024-02-07T08:00:00Z,0.00010000,34.02651454
2024-02-07T16:00:00Z,0.00010000,34.41200000
2024-02-08T00:00:00Z,0.00010000,35.28659749
2024-02-08T08:00:00Z,0.00010000,35.23054827
2024-02-08T16:00:00Z,0.00010000,36.02742766
2024-02-09T00:00:00Z,0.00010000,35.42164680
2024-02-09T08:00:00Z,0.00010000,36.08972053
2024-02-09T16:00:00Z,0.00010000,37.57226355
2024-02-10T00:00:00Z,0.00010000,38.00415058
2024-02-10T08:00:00Z,0.00010000,39.06637541
2024-02-10T16:00:00Z,0.00010000,39.35033175
2024-02-11T00:00:00Z,0.00010000,40.19900000
2024-02-11T08:00:00Z,0.00010000,40.83724670
2024-02-11T16:00:00Z,0.00010000,39.87919133
2024-02-12T00:00:00Z,0.00010000,39.72171381
2024-02-12T08:00:00Z,0.00010000,38.87566044
2024-02-12T16:00:00Z,0.00010000,40.18383706
2024-02-13T00:00:00Z,0.00010000,40.98700000
2024-02-13T08:00:00Z,0.00016396,41.10700000
2024-02-13T16:00:00Z,0.00010000,39.46037268
2024-02-14T00:00:00Z,0.00010000,39.75304683
2024-02-14T08:00:00Z,0.00012232,39.91405927
2024-02-14T16:00:00Z,0.00026428,41.70312774
2024-02-15T00:00:00Z,0.00032365,42.25300000
2024-02-15T08:00:00Z,0.00034533,42.94173201
2024-02-15T16:00:00Z,0.00029373,41.88619463
2024-02-16T00:00:00Z,0.00026165,41.57500000
2024-02-16T08:00:00Z,0.00020748,40.79004073
2024-02-16T16:00:00Z,0.00010000,40.10100000
2024-02-17T00:00:00Z,0.00010761,40.27700000
2024-02-17T08:00:00Z,0.00019347,40.26133406
2024-02-17T16:00:00Z,0.00011020,39.12000000
2024-02-18T00:00:00Z,0.00011589,39.78100000
2024-02-18T08:00:00Z,0.00023178,40.01456830
2024-02-18T16:00:00Z,0.00010000,40.27400000
2024-02-19T00:00:00Z,0.00016085,40.30974507
2024-02-19T08:00:00Z,0.00016805,40.52900000
2024-02-19T16:00:00Z,0.00015134,39.64200000
2024-02-20T00:00:00Z,0.00045186,39.53385641
2024-02-20T08:00:00Z,0.00027702,39.29305657
2024-02-20T16:00:00Z,0.00015148,37.71144361
2024-02-21T00:00:00Z,0.00010000,38.52628372
2024-02-21T08:00:00Z,0.00017213,37.36676148
2024-02-21T16:00:00Z,0.00010000,36.71048142
2024-02-22T00:00:00Z,0.00010000,37.62200000
2024-02-22T08:00:00Z,0.00021078,37.75700000
2024-02-22T16:00:00Z,0.00010000,37.51400000
2024-02-23T00:00:00Z,0.00017278,36.79963551
2024-02-23T08:00:00Z,0.00014838,36.43200000
2024-02-23T16:00:00Z,0.00019557,35.74961812
2024-02-24T00:00:00Z,0.00030828,35.94244052
2024-02-24T08:00:00Z,0.00043111,36.39177739
2024-02-24T16:00:00Z,0.00023027,36.37200000
2024-02-25T00:00:00Z,0.00021863,36.78200000
2024-02-25T08:00:00Z,0.00021750,36.93000000
2024-02-25T16:00:00Z,0.00039682,36.86000000
2024-02-26T00:00:00Z,0.00045706,37.48953467
2024-02-26T08:00:00Z,0.00044167,36.85800000
2024-02-26T16:00:00Z,0.00049665,38.29200000
2024-02-27T00:00:00Z,0.00056210,39.33044028
2024-02-27T08:00:00Z,0.00074454,39.12227845
2024-02-27T16:00:00Z,0.00035586,38.66433881
2024-02-28T00:00:00Z,0.00043254,39.28659942
2024-02-28T08:00:00Z,0.00050134,39.79900000
2024-02-28T16:00:00Z,0.00062997,39.88877782
2024-02-29T00:00:00Z,0.00054580,40.37300000
2024-02-29T08:00:00Z,0.00085228,41.65186175
2024-02-29T16:00:00Z,0.00091333,43.55500000
2024-03-01T00:00:00Z,0.00059715,40.98162323
2024-03-01T08:00:00Z,0.00061558,41.89997509
2024-03-01T16:00:00Z,0.00054160,41.61400000
2024-03-02T00:00:00Z,0.00066797,42.70200000
2024-03-02T08:00:00Z,0.00108345,42.62900000
2024-03-02T16:00:00Z,0.00088171,42.24400000
2024-03-03T00:00:00Z,0.00097077,44.43600000
2024-03-03T08:00:00Z,0.00065852,41.87191750
2024-03-03T16:00:00Z,0.00054581,42.59735106
2024-03-04T00:00:00Z,0.00062988,42.63618975
2024-03-04T08:00:00Z,0.00069943,43.01002744
2024-03-04T16:00:00Z,0.00066829,43.53871064
2024-03-05T00:00:00Z,0.00041232,43.09883231
2024-03-05T08:00:00Z,0.00143701,42.55400000
2024-03-05T16:00:00Z,0.00119408,44.19500000
2024-03-06T00:00:00Z,0.00010000,39.43700000
2024-03-06T08:00:00Z,0.00038689,41.22228214
2024-03-06T16:00:00Z,0.00036121,39.82900000
2024-03-07T00:00:00Z,0.00042000,41.59358574
2024-03-07T08:00:00Z,0.00045776,42.70000000
2024-03-07T16:00:00Z,0.00049980,43.81833615
2024-03-08T00:00:00Z,0.00059146,43.25005968
2024-03-08T08:00:00Z,0.00047096,43.14600000
2024-03-08T16:00:00Z,0.00068540,42.41200000
2024-03-09T00:00:00Z,0.00057770,42.65734925
2024-03-09T08:00:00Z,0.00068766,43.07719996
2024-03-09T16:00:00Z,0.00074372,43.15000000
2024-03-10T00:00:00Z,0.00076194,42.96683380
2024-03-10T08:00:00Z,0.00087519,43.82000547
2024-03-10T16:00:00Z,0.00039430,41.80100000
2024-03-11T00:00:00Z,0.00038942,42.08400000
2024-03-11T08:00:00Z,0.00052255,42.88600000
2024-03-11T16:00:00Z,0.00083940,46.72293253
2024-03-12T00:00:00Z,0.00088235,49.15989808
2024-03-12T08:00:00Z,0.00063585,47.70000000
2024-03-12T16:00:00Z,0.00053315,53.80200000
2024-03-13T00:00:00Z,0.00080567,55.55400000
2024-03-13T08:00:00Z,0.00073864,53.93600000
2024-03-13T16:00:00Z,0.00063138,53.57593241
2024-03-14T00:00:00Z,0.00047924,54.85200000
2024-03-14T08:00:00Z,0.00066058,55.95300000
2024-03-14T16:00:00Z,0.00068906,53.20100000
2024-03-15T00:00:00Z,0.00037372,54.01423316
2024-03-15T08:00:00Z,0.00044396,53.79790210
2024-03-15T16:00:00Z,0.00033544,55.47400000
2024-03-16T00:00:00Z,0.00026994,58.41562173
2024-03-16T08:00:00Z,0.00053169,60.70207509
2024-03-16T16:00:00Z,0.00017946,58.04600000
2024-03-17T00:00:00Z,0.00010000,53.47800000
2024-03-17T08:00:00Z,0.00014492,51.48600000
2024-03-17T16:00:00Z,0.00018468,55.67100000
2024-03-18T00:00:00Z,0.00013265,58.46107338
2024-03-18T08:00:00Z,0.00048825,61.33400000
2024-03-18T16:00:00Z,0.00034464,61.77989244
2024-03-19T00:00:00Z,0.00015398,60.69017169
2024-03-19T08:00:00Z,0.00024701,60.18630252
2024-03-19T16:00:00Z,0.00011491,59.82049732
2024-03-20T00:00:00Z,0.00010000,53.66400000
2024-03-20T08:00:00Z,0.00012556,53.85575843
2024-03-20T16:00:00Z,0.00010000,52.65500000
2024-03-21T00:00:00Z,0.00010000,57.07700000
2024-03-21T08:00:00Z,0.00021712,54.45800000
2024-03-21T16:00:00Z,0.00010000,54.66575141
2024-03-22T00:00:00Z,0.00010000,53.86000000
2024-03-22T08:00:00Z,0.00027007,55.85810055
2024-03-22T16:00:00Z,0.00010000,53.64516656
2024-03-23T00:00:00Z,0.00010000,53.44389244
2024-03-23T08:00:00Z,0.00017347,55.06403324
2024-03-23T16:00:00Z,0.00020075,54.84400000
2024-03-24T00:00:00Z,0.00017925,53.46564851
2024-03-24T08:00:00Z,0.00010000,53.43866839
2024-03-24T16:00:00Z,0.00010000,53.61584374
2024-03-25T00:00:00Z,0.00025731,55.72802521
2024-03-25T08:00:00Z,0.00031148,56.14723028
2024-03-25T16:00:00Z,0.00017866,58.40200000
2024-03-26T00:00:00Z,0.00031497,57.80900000
2024-03-26T08:00:00Z,0.00025082,58.29200000
2024-03-26T16:00:00Z,0.00037310,56.74146264
2024-03-27T00:00:00Z,0.00044377,55.82600000
2024-03-27T08:00:00Z,0.00028566,54.99951613
2024-03-27T16:00:00Z,0.00028787,53.36400000
2024-03-28T00:00:00Z,0.00022590,54.14486303
2024-03-28T08:00:00Z,0.00053119,54.97400000
2024-03-28T16:00:00Z,0.00042955,54.71474487
2024-03-29T00:00:00Z,0.00046305,54.67704118
2024-03-29T08:00:00Z,0.00042196,53.16466867
2024-03-29T16:00:00Z,0.00045578,53.09965599
2024-03-30T00:00:00Z,0.00054182,53.39172462
2024-03-30T08:00:00Z,0.00055828,53.90200000
2024-03-30T16:00:00Z,0.00062463,53.77200000
2024-03-31T00:00:00Z,0.00051786,52.97641260
2024-03-31T08:00:00Z,0.00066486,54.08800000
2024-03-31T16:00:00Z,0.00062951,53.25134111
2024-04-01T00:00:00Z,0.00083806,54.13400000
2024-04-01T08:00:00Z,0.00042790,52.24643876
2024-04-01T16:00:00Z,0.00033138,51.32196829
2024-04-02T00:00:00Z,0.00034668,51.43011488
2024-04-02T08:00:00Z,0.00010000,48.09051772
2024-04-02T16:00:00Z,0.00010000,46.85700000
2024-04-03T00:00:00Z,0.00010000,46.88998978
2024-04-03T08:00:00Z,0.00011120,47.84800000
2024-04-03T16:00:00Z,0.00010000,46.29072045
2024-04-04T00:00:00Z,0.00010000,45.91400000
2024-04-04T08:00:00Z,0.00011701,46.92857224
2024-04-04T16:00:00Z,0.00010000,47.47140227
2024-04-05T00:00:00Z,0.00011965,46.52906254
2024-04-05T08:00:00Z,0.00010000,45.41370111
2024-04-05T16:00:00Z,0.00010000,45.56300000
2024-04-06T00:00:00Z,0.00017606,45.32760594
2024-04-06T08:00:00Z,0.00010000,47.12126562
2024-04-06T16:00:00Z,0.00010000,48.12600876
2024-04-07T00:00:00Z,0.00010000,48.20257853
2024-04-07T08:00:00Z,0.00010000,48.46900000
2024-04-07T16:00:00Z,0.00010000,48.27034152
2024-04-08T00:00:00Z,0.00015096,49.34715219
2024-04-08T08:00:00Z,0.00010673,49.47778014
2024-04-08T16:00:00Z,0.00014268,49.65132339
2024-04-09T00:00:00Z,0.00011530,49.90038968
2024-04-09T08:00:00Z,0.00018842,48.45773299
2024-04-09T16:00:00Z,0.00021100,47.57939686
2024-04-10T00:00:00Z,0.00021691,46.50000000
2024-04-10T08:00:00Z,0.00013493,47.51300000
2024-04-10T16:00:00Z,0.00022174,46.65000000
2024-04-11T00:00:00Z,0.00017016,47.33500000
2024-04-11T08:00:00Z,0.00013383,47.24368236
2024-04-11T16:00:00Z,0.00010000,46.11500000
2024-04-12T00:00:00Z,0.00011915,46.05342838
2024-04-12T08:00:00Z,0.00014917,46.37257800
2024-04-12T16:00:00Z,0.00011557,44.20383683
2024-04-13T00:00:00Z,0.00010000,39.33594922
2024-04-13T08:00:00Z,0.00010000,38.12200973
2024-04-13T16:00:00Z,0.00010000,38.20600000
2024-04-14T00:00:00Z,-0.00006294,33.88900000
2024-04-14T08:00:00Z,0.00010000,36.25143053
2024-04-14T16:00:00Z,0.00010000,35.43362499
2024-04-15T00:00:00Z,-0.00011122,37.25205146
2024-04-15T08:00:00Z,0.00002213,37.74654288
2024-04-15T16:00:00Z,0.00001025,36.85300000
2024-04-16T00:00:00Z,0.00010000,35.13913268
2024-04-16T08:00:00Z,-0.00008633,35.66600000
2024-04-16T16:00:00Z,0.00006030,32.92325500
2024-04-17T00:00:00Z,0.00003477,34.73551191
2024-04-17T08:00:00Z,0.00000455,34.92386720
2024-04-17T16:00:00Z,0.00003472,32.62754093
2024-04-18T00:00:00Z,0.00008154,33.56598098
2024-04-18T08:00:00Z,0.00009856,33.31355316
2024-04-18T16:00:00Z,-0.00000263,35.00800000
2024-04-19T00:00:00Z,0.00010000,34.83000000
2024-04-19T08:00:00Z,0.00005872,35.17400000
2024-04-19T16:00:00Z,0.00010000,35.35212147
2024-04-20T00:00:00Z,0.00007250,34.65100000
2024-04-20T08:00:00Z,-0.00010306,35.83200000
2024-04-20T16:00:00Z,-0.00000936,36.58800000
2024-04-21T00:00:00Z,-0.00005572,38.29100000
2024-04-21T08:00:00Z,-0.00007331,38.01500000
2024-04-21T16:00:00Z,-0.00010823,37.19100000
2024-04-22T00:00:00Z,-0.00007201,37.11883911
2024-04-22T08:00:00Z,0.00005736,38.45900000
2024-04-22T16:00:00Z,-0.00001442,38.98400000
2024-04-23T00:00:00Z,-0.00013462,39.15500000
2024-04-23T08:00:00Z,0.00000000,38.24000000
2024-04-23T16:00:00Z,-0.00003381,38.94300000
2024-04-24T00:00:00Z,0.00003195,38.28559950
2024-04-24T08:00:00Z,0.00008467,39.10135593
2024-04-24T16:00:00Z,0.00001546,36.85300000
2024-04-25T00:00:00Z,0.00001399,36.35200000
2024-04-25T08:00:00Z,0.00005291,35.41500000
2024-04-25T16:00:00Z,0.00008803,35.62900000
2024-04-26T00:00:00Z,-0.00012022,35.56336371
2024-04-26T08:00:00Z,-0.00003628,35.33603100
2024-04-26T16:00:00Z,-0.00002578,35.13200000
2024-04-27T00:00:00Z,0.00003278,34.41000000
2024-04-27T08:00:00Z,0.00005409,34.05800000
2024-04-27T16:00:00Z,0.00003938,34.06000000
2024-04-28T00:00:00Z,0.00003187,34.44900000
2024-04-28T08:00:00Z,-0.00010129,34.98437897
2024-04-28T16:00:00Z,0.00002973,34.66000000
2024-04-29T00:00:00Z,0.00003092,33.94100000
2024-04-29T08:00:00Z,0.00003080,33.18900000
2024-04-29T16:00:00Z,0.00002100,34.93800000
2024-04-30T00:00:00Z,0.00008469,35.26600000
2024-04-30T08:00:00Z,-0.00002432,34.70700000
2024-04-30T16:00:00Z,0.00001566,32.79961171
2024-05-01T00:00:00Z,-0.00010209,32.68207872
2024-05-01T08:00:00Z,0.00006960,31.25300000
2024-05-01T16:00:00Z,0.00000656,32.46229984
2024-05-02T00:00:00Z,0.00006706,33.31125120
2024-05-02T08:00:00Z,0.00010000,32.63908670
2024-05-02T16:00:00Z,0.00004971,33.79200000
2024-05-03T00:00:00Z,-0.00002911,33.56364351
2024-05-03T08:00:00Z,0.00003993,33.53599602
2024-05-03T16:00:00Z,0.00009780,35.05600000
2024-05-04T00:00:00Z,0.00006379,35.52900000
2024-05-04T08:00:00Z,0.00010000,35.40500000
2024-05-04T16:00:00Z,0.00005294,36.20400000
2024-05-05T00:00:00Z,0.00007780,37.33575223
2024-05-05T08:00:00Z,0.00008475,36.94400000
2024-05-05T16:00:00Z,-0.00000440,37.38800000
2024-05-06T00:00:00Z,0.00004961,37.33000000
2024-05-06T08:00:00Z,0.00010000,38.25000000
2024-05-06T16:00:00Z,0.00010000,37.77791324
2024-05-07T00:00:00Z,0.00010000,37.10000000
2024-05-07T08:00:00Z,0.00008326,36.59606056
2024-05-07T16:00:00Z,0.00005793,36.88347571
2024-05-08T00:00:00Z,0.00010000,35.30024997
2024-05-08T08:00:00Z,0.00010000,34.54600000
2024-05-08T16:00:00Z,0.00010000,34.47200000
2024-05-09T00:00:00Z,0.00006419,33.99775356
2024-05-09T08:00:00Z,-0.00001162,34.25441533
2024-05-09T16:00:00Z,0.00005879,34.32938315
2024-05-10T00:00:00Z,-0.00000770,35.04300000
2024-05-10T08:00:00Z,0.00003559,36.00868390
2024-05-10T16:00:00Z,0.00010000,34.60603453
2024-05-11T00:00:00Z,0.00010000,33.69602735
2024-05-11T08:00:00Z,0.00010000,33.63666605
2024-05-11T16:00:00Z,0.00002328,33.78700000
2024-05-12T00:00:00Z,0.00006588,33.48200000
2024-05-12T08:00:00Z,0.00004785,33.23200000
2024-05-12T16:00:00Z,0.00004409,33.67800000
2024-05-13T00:00:00Z,0.00000173,33.11548057
2024-05-13T08:00:00Z,0.00008053,33.47674863
2024-05-13T16:00:00Z,0.00010000,33.27400000
2024-05-14T00:00:00Z,0.00010000,32.44444092
2024-05-14T08:00:00Z,0.00003254,32.64845621
2024-05-14T16:00:00Z,0.00010000,32.07500000
2024-05-15T00:00:00Z,0.00006712,31.57200000
2024-05-15T08:00:00Z,-0.00000250,32.65700000
2024-05-15T16:00:00Z,0.00010000,34.09625332
2024-05-16T00:00:00Z,0.00010000,34.65800000
2024-05-16T08:00:00Z,0.00010000,34.75206768
2024-05-16T16:00:00Z,0.00010000,34.21100000
2024-05-17T00:00:00Z,0.00010000,34.44900000
2024-05-17T08:00:00Z,0.00010000,37.27600000
2024-05-17T16:00:00Z,0.00010000,37.11200000
2024-05-18T00:00:00Z,0.00010000,36.41000000
2024-05-18T08:00:00Z,0.00007661,37.18200000
2024-05-18T16:00:00Z,0.00010000,37.32018128
2024-05-19T00:00:00Z,0.00010000,37.22100000
2024-05-19T08:00:00Z,0.00007311,36.88000000
2024-05-19T16:00:00Z,0.00010000,35.95600000
2024-05-20T00:00:00Z,0.00010000,35.58000000
2024-05-20T08:00:00Z,0.00008027,36.04000000
2024-05-20T16:00:00Z,0.00010000,36.64800000
2024-05-21T00:00:00Z,0.00010000,40.12300118
2024-05-21T08:00:00Z,0.00010000,40.72100000
2024-05-21T16:00:00Z,0.00010000,40.17646305
2024-05-22T00:00:00Z,0.00010000,41.22400000
2024-05-22T08:00:00Z,0.00010000,41.03100000
2024-05-22T16:00:00Z,0.00010000,40.40700000
2024-05-23T00:00:00Z,0.00011942,40.03545181
2024-05-23T08:00:00Z,0.00013987,40.00900000
2024-05-23T16:00:00Z,0.00010000,38.38200000
2024-05-24T00:00:00Z,0.00010000,38.52400000
2024-05-24T08:00:00Z,0.00010000,37.68800000
2024-05-24T16:00:00Z,0.00010000,38.17900000
2024-05-25T00:00:00Z,0.00010000,38.01210341
2024-05-25T08:00:00Z,0.00010000,38.37600000
2024-05-25T16:00:00Z,0.00010000,38.06200000
2024-05-26T00:00:00Z,0.00010000,38.28855186
2024-05-26T08:00:00Z,0.00010000,37.63920757
2024-05-26T16:00:00Z,0.00010000,36.89300000
2024-05-27T00:00:00Z,0.00010000,36.76100000
2024-05-27T08:00:00Z,0.00010000,37.00600000
2024-05-27T16:00:00Z,0.00010000,38.45500000
2024-05-28T00:00:00Z,0.00010000,38.28093756
2024-05-28T08:00:00Z,0.00010000,36.81800000
2024-05-28T16:00:00Z,0.00010000,37.11419284
2024-05-29T00:00:00Z,0.00015534,37.04202071
2024-05-29T08:00:00Z,0.00011189,36.85500000
2024-05-29T16:00:00Z,0.00016972,36.65028789
2024-05-30T00:00:00Z,0.00010000,36.21500000
2024-05-30T08:00:00Z,0.00010000,35.58300000
2024-05-30T16:00:00Z,0.00013477,36.74200000
2024-05-31T00:00:00Z,0.00010000,35.99600000
2024-05-31T08:00:00Z,0.00010000,36.20253062
2024-05-31T16:00:00Z,0.00010000,35.54094130
2024-06-01T00:00:00Z,0.00010000,36.04020405
2024-06-01T08:00:00Z,0.00012998,36.04862900
2024-06-01T16:00:00Z,0.00024564,35.98582874
2024-06-02T00:00:00Z,0.00014804,35.78100000
2024-06-02T08:00:00Z,0.00022327,35.72400000
2024-06-02T16:00:00Z,0.00019996,35.87000000
2024-06-03T00:00:00Z,0.00012069,34.93244950
2024-06-03T08:00:00Z,0.00012317,35.89100000
2024-06-03T16:00:00Z,0.00012404,35.65489973
2024-06-04T00:00:00Z,0.00010198,35.04778485
2024-06-04T08:00:00Z,0.00010000,34.81596432
2024-06-04T16:00:00Z,0.00010000,35.84406905
2024-06-05T00:00:00Z,0.00023887,36.09219810
2024-06-05T08:00:00Z,0.00019027,36.34429217
2024-06-05T16:00:00Z,0.00020176,36.47700000
2024-06-06T00:00:00Z,0.00021190,36.59700000
2024-06-06T08:00:00Z,0.00015581,36.36000000
2024-06-06T16:00:00Z,0.00018346,36.90808723
2024-06-07T00:00:00Z,0.00015329,35.91313567
2024-06-07T08:00:00Z,0.00010000,36.00949303
2024-06-07T16:00:00Z,0.00024431,36.29900000
2024-06-08T00:00:00Z,0.00010000,33.51577980
2024-06-08T08:00:00Z,0.00010000,33.61170618
2024-06-08T16:00:00Z,0.00010000,32.45100000
2024-06-09T00:00:00Z,0.00010000,32.26200000
2024-06-09T08:00:00Z,0.00010000,32.42800000
2024-06-09T16:00:00Z,0.00010000,32.44894194
2024-06-10T00:00:00Z,0.00010000,32.97915714
2024-06-10T08:00:00Z,0.00010000,32.05500000
2024-06-10T16:00:00Z,0.00010000,32.97070627
2024-06-11T00:00:00Z,0.00010000,32.27900000
2024-06-11T08:00:00Z,0.00010000,32.20800000
2024-06-11T16:00:00Z,0.00010000,31.13340701
2024-06-12T00:00:00Z,0.00010000,31.54600000
2024-06-12T08:00:00Z,0.00010000,32.19828692
2024-06-12T16:00:00Z,0.00010000,33.49237458
2024-06-13T00:00:00Z,0.00010000,33.27900000
2024-06-13T08:00:00Z,0.00010000,32.41522498
2024-06-13T16:00:00Z,0.00010000,31.30482306
2024-06-14T00:00:00Z,0.00010000,30.99410508
2024-06-14T08:00:00Z,0.00010000,31.59899518
2024-06-14T16:00:00Z,0.00010000,30.69144095
2024-06-15T00:00:00Z,0.00005224,30.27549486
2024-06-15T08:00:00Z,0.00009619,30.36100000
2024-06-15T16:00:00Z,0.00010000,30.30700000
2024-06-16T00:00:00Z,0.00010000,29.99663779
2024-06-16T08:00:00Z,0.00010000,30.33976767
2024-06-16T16:00:00Z,0.00010000,30.19032391
2024-06-17T00:00:00Z,0.00010000,30.06100000
2024-06-17T08:00:00Z,0.00009622,29.12100000
2024-06-17T16:00:00Z,0.00010000,28.05700000
2024-06-18T00:00:00Z,0.00010000,28.45291891
2024-06-18T08:00:00Z,0.00001491,26.61406851
2024-06-18T16:00:00Z,0.00005027,26.26725071
2024-06-19T00:00:00Z,0.00001537,26.58500000
2024-06-19T08:00:00Z,-0.00011542,27.32900000
2024-06-19T16:00:00Z,0.00005326,27.13587544
2024-06-20T00:00:00Z,0.00008400,26.93576074
2024-06-20T08:00:00Z,0.00002707,28.13400000
2024-06-20T16:00:00Z,-0.00000606,27.29800000
2024-06-21T00:00:00Z,0.00005402,27.57170210
2024-06-21T08:00:00Z,0.00000570,27.62200000
2024-06-21T16:00:00Z,0.00010000,27.41161889
2024-06-22T00:00:00Z,0.00010000,27.47352299
2024-06-22T08:00:00Z,0.00010000,25.31600000
2024-06-22T16:00:00Z,-0.00003097,26.10678798
2024-06-23T00:00:00Z,0.00006512,25.60100000
2024-06-23T08:00:00Z,-0.00006142,25.79122137
2024-06-23T16:00:00Z,-0.00005927,24.38862236
2024-06-24T00:00:00Z,-0.00006016,25.07514377
2024-06-24T08:00:00Z,0.00010000,24.25900000
2024-06-24T16:00:00Z,0.00010000,23.90600000
2024-06-25T00:00:00Z,0.00010000,24.78700000
2024-06-25T08:00:00Z,0.00004708,25.10894757
2024-06-25T16:00:00Z,0.00010000,25.62362809
2024-06-26T00:00:00Z,0.00010000,25.39000000
2024-06-26T08:00:00Z,0.00002881,26.01600000
2024-06-26T16:00:00Z,0.00008993,25.95418733
2024-06-27T00:00:00Z,-0.00001530,25.80700000
2024-06-27T08:00:00Z,0.00003318,26.05647809
2024-06-27T16:00:00Z,0.00006470,27.81900000
2024-06-28T00:00:00Z,0.00010000,27.90644344
2024-06-28T08:00:00Z,-0.00002713,28.12000000
2024-06-28T16:00:00Z,0.00005718,28.33700493
2024-06-29T00:00:00Z,0.00010000,27.95804487
2024-06-29T08:00:00Z,0.00010000,28.40100000
2024-06-29T16:00:00Z,0.00010000,27.76600000
2024-06-30T00:00:00Z,0.00010000,27.75700000
2024-06-30T08:00:00Z,0.00010000,28.27540870
2024-06-30T16:00:00Z,0.00010000,28.04700000
2024-07-01T00:00:00Z,0.00010000,29.35600000
2024-07-01T08:00:00Z,0.00010000,29.73390800
2024-07-01T16:00:00Z,0.00010000,29.81981962
2024-07-02T00:00:00Z,0.00010000,28.82240819
2024-07-02T08:00:00Z,0.00010000,28.18274745
2024-07-02T16:00:00Z,0.00004541,28.31300000
2024-07-03T00:00:00Z,0.00010000,28.69900000
2024-07-03T08:00:00Z,0.00010000,27.84609219
2024-07-03T16:00:00Z,0.00010000,26.91068481
2024-07-04T00:00:00Z,0.00010000,26.49732307
2024-07-04T08:00:00Z,0.00010000,25.57253904
2024-07-04T16:00:00Z,0.00009355,25.60000000
2024-07-05T00:00:00Z,0.00005453,24.43600000
2024-07-05T08:00:00Z,-0.00016551,23.19995740
2024-07-05T16:00:00Z,0.00001672,24.97200000
2024-07-06T00:00:00Z,0.00001245,25.12100000
2024-07-06T08:00:00Z,0.00002897,25.53817355
2024-07-06T16:00:00Z,0.00000971,25.98800000
2024-07-07T00:00:00Z,0.00008533,27.38903642
2024-07-07T08:00:00Z,0.00010000,26.39833227
2024-07-07T16:00:00Z,0.00006563,25.85885035
2024-07-08T00:00:00Z,0.00010000,25.73600000
2024-07-08T08:00:00Z,0.00007026,25.61564541
2024-07-08T16:00:00Z,0.00010000,25.87799383
2024-07-09T00:00:00Z,0.00010000,25.19723636
2024-07-09T08:00:00Z,-0.00008439,25.64400000
2024-07-09T16:00:00Z,0.00002148,25.51812346
2024-07-10T00:00:00Z,0.00010000,26.42600000
2024-07-10T08:00:00Z,0.00010000,26.84800000
2024-07-10T16:00:00Z,0.00010000,26.29105676
2024-07-11T00:00:00Z,-0.00002148,25.74139180
2024-07-11T08:00:00Z,-0.00002673,25.83000000
2024-07-11T16:00:00Z,-0.00011560,25.12700000
2024-07-12T00:00:00Z,-0.00008403,25.18821818
2024-07-12T08:00:00Z,0.00002612,25.21413952
2024-07-12T16:00:00Z,0.00006490,25.59900000
2024-07-13T00:00:00Z,-0.00005678,25.95400000
2024-07-13T08:00:00Z,0.00008254,25.79723708
2024-07-13T16:00:00Z,-0.00007175,26.17942211
2024-07-14T00:00:00Z,0.00004124,25.84129156
2024-07-14T08:00:00Z,-0.00003987,26.02400000
2024-07-14T16:00:00Z,-0.00006366,25.89730257
2024-07-15T00:00:00Z,-0.00000361,26.33800000
2024-07-15T08:00:00Z,0.00001807,27.11600000
2024-07-15T16:00:00Z,-0.00013978,26.92540907
2024-07-16T00:00:00Z,0.00010000,27.81800000
2024-07-16T08:00:00Z,0.00003648,26.84200000
2024-07-16T16:00:00Z,-0.00005184,28.44332396
2024-07-17T00:00:00Z,0.00002408,27.99732408
2024-07-17T08:00:00Z,0.00006270,28.65900000
2024-07-17T16:00:00Z,-0.00003293,28.01499036
2024-07-18T00:00:00Z,0.00010000,27.22483522
2024-07-18T08:00:00Z,0.00006697,27.56700000
2024-07-18T16:00:00Z,-0.00007145,26.86800000
2024-07-19T00:00:00Z,-0.00004197,27.12173106
2024-07-19T08:00:00Z,-0.00000708,26.88300000
2024-07-19T16:00:00Z,0.00000957,27.61141285
2024-07-20T00:00:00Z,0.00007892,28.14800000
2024-07-20T08:00:00Z,0.00010000,28.15562160
2024-07-20T16:00:00Z,0.00004607,28.38700000
2024-07-21T00:00:00Z,0.00010000,29.09674020
2024-07-21T08:00:00Z,0.00010000,28.74400000
2024-07-21T16:00:00Z,0.00010000,30.97300000
2024-07-22T00:00:00Z,0.00010000,32.62800000
2024-07-22T08:00:00Z,0.00010000,31.91211932
2024-07-22T16:00:00Z,0.00010000,31.91378108
2024-07-23T00:00:00Z,0.00010000,31.86592757
2024-07-23T08:00:00Z,0.00008337,30.39700000
2024-07-23T16:00:00Z,-0.00003400,30.29289074
2024-07-24T00:00:00Z,-0.00007016,29.80444346
2024-07-24T08:00:00Z,-0.00012399,29.25738299
2024-07-24T16:00:00Z,0.00010000,29.20378689
2024-07-25T00:00:00Z,0.00010000,28.36119799
2024-07-25T08:00:00Z,-0.00000876,27.29221695
2024-07-25T16:00:00Z,-0.00013094,27.00800000
2024-07-26T00:00:00Z,-0.00015478,27.22300000
2024-07-26T08:00:00Z,-0.00024973,27.98500000
2024-07-26T16:00:00Z,-0.00006980,28.54000000
2024-07-27T00:00:00Z,-0.00005255,28.69394435
2024-07-27T08:00:00Z,0.00006227,28.62800000
2024-07-27T16:00:00Z,-0.00005097,28.83200000
2024-07-28T00:00:00Z,-0.00006412,28.03200000
2024-07-28T08:00:00Z,-0.00001330,27.75478719
2024-07-28T16:00:00Z,-0.00025337,27.24600000
2024-07-29T00:00:00Z,-0.00035459,27.38143513
2024-07-29T08:00:00Z,0.00000118,28.68600000
2024-07-29T16:00:00Z,-0.00000941,27.52621014
2024-07-30T00:00:00Z,-0.00039414,26.98116004
2024-07-30T08:00:00Z,-0.00028592,27.21800000
2024-07-30T16:00:00Z,-0.00017798,26.68800000
2024-07-31T00:00:00Z,-0.00016956,26.30300000
2024-07-31T08:00:00Z,0.00010000,26.27569855
2024-07-31T16:00:00Z,-0.00010684,26.57000000
2024-08-01T00:00:00Z,-0.00008588,25.69217237
2024-08-01T08:00:00Z,-0.00006929,25.32804757
2024-08-01T16:00:00Z,-0.00003815,24.57600000
2024-08-02T00:00:00Z,-0.00023542,25.69333610
2024-08-02T08:00:00Z,0.00001417,24.99667638
2024-08-02T16:00:00Z,-0.00013571,24.11130289
2024-08-03T00:00:00Z,-0.00019328,23.58560943
2024-08-03T08:00:00Z,-0.00006371,23.71500000
2024-08-03T16:00:00Z,-0.00013470,23.34957239
2024-08-04T00:00:00Z,-0.00016748,22.65600000
2024-08-04T08:00:00Z,-0.00010687,22.57300000
2024-08-04T16:00:00Z,-0.00023368,21.58100000
2024-08-05T00:00:00Z,-0.00008400,21.24100000
2024-08-05T08:00:00Z,-0.00038437,19.03351138
2024-08-05T16:00:00Z,-0.00018649,19.71048995
2024-08-06T00:00:00Z,-0.00016979,19.52000000
2024-08-06T08:00:00Z,-0.00045507,21.00946075
2024-08-06T16:00:00Z,-0.00023828,21.10110954
2024-08-07T00:00:00Z,-0.00020619,20.87901381
2024-08-07T08:00:00Z,-0.00028376,21.22900000
2024-08-07T16:00:00Z,-0.00025843,20.40200000
2024-08-08T00:00:00Z,-0.00010291,19.84200000
2024-08-08T08:00:00Z,-0.00011894,20.56600000
2024-08-08T16:00:00Z,-0.00009201,21.93573936
2024-08-09T00:00:00Z,-0.00013680,22.72744738
2024-08-09T08:00:00Z,-0.00004762,21.80900758
2024-08-09T16:00:00Z,-0.00015677,21.35824889
2024-08-10T00:00:00Z,-0.00010102,21.73500000
2024-08-10T08:00:00Z,-0.00004234,21.66200000
2024-08-10T16:00:00Z,-0.00027488,21.67900000
2024-08-11T00:00:00Z,-0.00032438,21.56728847
2024-08-11T08:00:00Z,-0.00009391,22.05500000
2024-08-11T16:00:00Z,-0.00033072,21.28300000
2024-08-12T00:00:00Z,-0.00037232,20.38600000
2024-08-12T08:00:00Z,-0.00018964,21.03563488
2024-08-12T16:00:00Z,-0.00017200,21.34375337
2024-08-13T00:00:00Z,-0.00028962,21.24700000
2024-08-13T08:00:00Z,-0.00036940,20.96888449
2024-08-13T16:00:00Z,-0.00024248,21.02221733
2024-08-14T00:00:00Z,-0.00002654,21.36700000
2024-08-14T08:00:00Z,-0.00002370,21.27700000
2024-08-14T16:00:00Z,-0.00019190,21.28200000
2024-08-15T00:00:00Z,-0.00005146,20.94400000
2024-08-15T08:00:00Z,-0.00004975,20.94900000
2024-08-15T16:00:00Z,-0.00003135,20.90360755
2024-08-16T00:00:00Z,-0.00039148,20.11052084
2024-08-16T08:00:00Z,-0.00024390,20.52900000
2024-08-16T16:00:00Z,-0.00025046,19.94080171
2024-08-17T00:00:00Z,-0.00004856,20.35800000
2024-08-17T08:00:00Z,-0.00009688,20.56000000
2024-08-17T16:00:00Z,-0.00005041,20.45673788
2024-08-18T00:00:00Z,-0.00013313,20.69098925
2024-08-18T08:00:00Z,-0.00008766,20.73100000
2024-08-18T16:00:00Z,0.00000853,21.21100000
2024-08-19T00:00:00Z,0.00007799,20.80609181
2024-08-19T08:00:00Z,-0.00010787,20.67100000
2024-08-19T16:00:00Z,-0.00009285,20.55765546
2024-08-20T00:00:00Z,-0.00018766,21.19711966
2024-08-20T08:00:00Z,0.00007855,22.06600000
2024-08-20T16:00:00Z,0.00003385,21.76900000
2024-08-21T00:00:00Z,0.00004938,22.24859641
2024-08-21T08:00:00Z,-0.00004116,23.29097290
2024-08-21T16:00:00Z,-0.00000938,23.08158234
2024-08-22T00:00:00Z,-0.00008936,23.51800000
2024-08-22T08:00:00Z,-0.00001759,23.24605723
2024-08-22T16:00:00Z,-0.00004288,24.59664859
2024-08-23T00:00:00Z,-0.00009641,25.19600000
2024-08-23T08:00:00Z,-0.00003519,25.75100000
2024-08-23T16:00:00Z,0.00001234,26.11100000
2024-08-24T00:00:00Z,-0.00008347,26.48530964
2024-08-24T08:00:00Z,-0.00015408,26.60734971
2024-08-24T16:00:00Z,0.00000009,27.74300000
2024-08-25T00:00:00Z,0.00007134,27.10100000
2024-08-25T08:00:00Z,0.00001339,26.28539881
2024-08-25T16:00:00Z,-0.00005005,27.01600000
2024-08-26T00:00:00Z,-0.00002336,26.89854250
2024-08-26T08:00:00Z,0.00006217,26.79150144
2024-08-26T16:00:00Z,0.00004313,26.52816301
2024-08-27T00:00:00Z,0.00000978,25.92900000
2024-08-27T08:00:00Z,0.00003067,26.55212308
2024-08-27T16:00:00Z,0.00007828,25.32000000
2024-08-28T00:00:00Z,-0.00005919,24.07799117
2024-08-28T08:00:00Z,-0.00009814,23.61555766
2024-08-28T16:00:00Z,-0.00006989,23.86634684
2024-08-29T00:00:00Z,-0.00005849,23.43400000
2024-08-29T08:00:00Z,-0.00013522,23.82175634
2024-08-29T16:00:00Z,-0.00017556,24.33004158
2024-08-30T00:00:00Z,-0.00003943,22.89044629
2024-08-30T08:00:00Z,-0.00003979,23.36915783
2024-08-30T16:00:00Z,-0.00011917,22.36700000
2024-08-31T00:00:00Z,0.00003957,23.27501035
2024-08-31T08:00:00Z,0.00005597,23.00480829
2024-08-31T16:00:00Z,0.00005589,23.03300000
2024-09-01T00:00:00Z,-0.00002813,22.78614829
2024-09-01T08:00:00Z,-0.00010052,22.26200000
2024-09-01T16:00:00Z,-0.00006034,22.41836977
2024-09-02T00:00:00Z,-0.00020278,21.40588499
2024-09-02T08:00:00Z,-0.00009646,21.58500000
2024-09-02T16:00:00Z,-0.00019719,22.04600000
2024-09-03T00:00:00Z,-0.00016686,22.35200000
2024-09-03T08:00:00Z,-0.00013357,22.51350075
2024-09-03T16:00:00Z,-0.00012328,21.58208119
2024-09-04T00:00:00Z,-0.00011750,21.37400000
2024-09-04T08:00:00Z,-0.00006899,21.66288445
2024-09-04T16:00:00Z,-0.00005478,22.01800000
2024-09-05T00:00:00Z,-0.00004935,21.89300000
2024-09-05T08:00:00Z,-0.00008864,21.77300000
2024-09-05T16:00:00Z,-0.00010906,21.39662436
2024-09-06T00:00:00Z,-0.00000362,21.36005914
2024-09-06T08:00:00Z,-0.00006802,21.48988758
2024-09-06T16:00:00Z,-0.00002926,21.34059667
2024-09-07T00:00:00Z,-0.00012327,21.14100000
2024-09-07T08:00:00Z,-0.00006212,21.67700000
2024-09-07T16:00:00Z,-0.00004238,21.82962603
2024-09-08T00:00:00Z,0.00002022,21.78400000
2024-09-08T08:00:00Z,0.00010000,23.07200000
2024-09-08T16:00:00Z,0.00008247,22.46500000
2024-09-09T00:00:00Z,-0.00000918,23.23415632
2024-09-09T08:00:00Z,0.00006069,23.68854388
2024-09-09T16:00:00Z,-0.00000726,23.57500000
2024-09-10T00:00:00Z,-0.00001522,23.82900000
2024-09-10T08:00:00Z,-0.00016100,23.78300000
2024-09-10T16:00:00Z,-0.00003599,23.73600000
2024-09-11T00:00:00Z,0.00004957,24.33616860
2024-09-11T08:00:00Z,-0.00001489,23.62530017
2024-09-11T16:00:00Z,-0.00005715,23.31800000
2024-09-12T00:00:00Z,-0.00006667,23.26695427
2024-09-12T08:00:00Z,-0.00031640,23.50313410
2024-09-12T16:00:00Z,-0.00014502,23.45943897
2024-09-13T00:00:00Z,0.00000134,24.00557842
2024-09-13T08:00:00Z,0.00000328,23.82068548
2024-09-13T16:00:00Z,0.00007261,24.68900000
2024-09-14T00:00:00Z,0.00003677,24.89800000
2024-09-14T08:00:00Z,0.00007820,24.91724125
2024-09-14T16:00:00Z,0.00003640,25.45821343
2024-09-15T00:00:00Z,0.00006399,25.31700000
2024-09-15T08:00:00Z,-0.00003515,24.86860036
2024-09-15T16:00:00Z,-0.00003035,24.72612322
2024-09-16T00:00:00Z,-0.00003637,23.78378127
2024-09-16T08:00:00Z,-0.00016976,24.03900000
2024-09-16T16:00:00Z,-0.00000414,23.50300000
2024-09-17T00:00:00Z,-0.00008535,23.49600000
2024-09-17T08:00:00Z,-0.00012485,23.77600000
2024-09-17T16:00:00Z,0.00001040,24.39100000
2024-09-18T00:00:00Z,0.00001319,23.76200000
2024-09-18T08:00:00Z,-0.00011362,23.59600000
2024-09-18T16:00:00Z,-0.00024975,22.90274437
2024-09-19T00:00:00Z,0.00007935,24.69132849
2024-09-19T08:00:00Z,0.00010000,25.89290331
2024-09-19T16:00:00Z,0.00006056,26.37500000
2024-09-20T00:00:00Z,0.00010000,26.65100000
2024-09-20T08:00:00Z,0.00001141,28.19272752
2024-09-20T16:00:00Z,0.00010000,27.18900000
2024-09-21T00:00:00Z,-0.00000792,27.65500000
2024-09-21T08:00:00Z,0.00010000,27.25400000
2024-09-21T16:00:00Z,0.00010000,27.56221389
2024-09-22T00:00:00Z,0.00009162,27.77297225
2024-09-22T08:00:00Z,0.00004873,27.37700000
2024-09-22T16:00:00Z,0.00010000,26.85569875
2024-09-23T00:00:00Z,0.00005021,27.28700000
2024-09-23T08:00:00Z,0.00003463,27.64122569
2024-09-23T16:00:00Z,0.00006821,27.55737771
2024-09-24T00:00:00Z,0.00010000,27.37900000
2024-09-24T08:00:00Z,0.00010000,27.38619837
2024-09-24T16:00:00Z,-0.00004294,27.12500000
2024-09-25T00:00:00Z,0.00010000,28.46059532
2024-09-25T08:00:00Z,0.00008150,27.60100000
2024-09-25T16:00:00Z,0.00010000,27.66400000
2024-09-26T00:00:00Z,-0.00000072,27.26500000
2024-09-26T08:00:00Z,0.00010000,28.00008071
2024-09-26T16:00:00Z,0.00010000,29.18704884
2024-09-27T00:00:00Z,0.00010000,29.15500000
2024-09-27T08:00:00Z,0.00010000,29.61773908
2024-09-27T16:00:00Z,0.00010000,30.14200000
2024-09-28T00:00:00Z,0.00010000,30.42400000
2024-09-28T08:00:00Z,0.00010000,29.44700000
2024-09-28T16:00:00Z,0.00010000,29.46252683
2024-09-29T00:00:00Z,0.00008441,29.27700000
2024-09-29T08:00:00Z,0.00010000,28.60688519
2024-09-29T16:00:00Z,-0.00006757,28.81800000
2024-09-30T00:00:00Z,-0.00006796,29.02402971
2024-09-30T08:00:00Z,0.00005946,28.95000373
2024-09-30T16:00:00Z,0.00004130,27.93100000
2024-10-01T00:00:00Z,-0.00001538,27.69800000
2024-10-01T08:00:00Z,0.00002264,28.56992504
2024-10-01T16:00:00Z,-0.00008854,26.67070048
2024-10-02T00:00:00Z,-0.00009911,25.80242814
2024-10-02T08:00:00Z,-0.00013828,26.58900000
2024-10-02T16:00:00Z,0.00001241,26.20676539
2024-10-03T00:00:00Z,-0.00011105,25.31784678
2024-10-03T08:00:00Z,-0.00014586,24.86820270
2024-10-03T16:00:00Z,-0.00020334,24.35800000
2024-10-04T00:00:00Z,-0.00041478,24.63300000
2024-10-04T08:00:00Z,-0.00029116,25.26884897
2024-10-04T16:00:00Z,-0.00045387,26.12900000
2024-10-05T00:00:00Z,-0.00005122,26.24800000
2024-10-05T08:00:00Z,0.00000580,26.00229487
2024-10-05T16:00:00Z,-0.00003097,25.71672347
2024-10-06T00:00:00Z,-0.00009697,25.65000000
2024-10-06T08:00:00Z,-0.00006710,26.19197010
2024-10-06T16:00:00Z,-0.00000954,26.91200000
2024-10-07T00:00:00Z,0.00007865,26.91805395
2024-10-07T08:00:00Z,-0.00002738,27.21900000
2024-10-07T16:00:00Z,-0.00000409,27.12600000
2024-10-08T00:00:00Z,0.00006262,26.54600000
2024-10-08T08:00:00Z,0.00003536,26.51200000
2024-10-08T16:00:00Z,0.00000325,26.31900000
2024-10-09T00:00:00Z,0.00002748,26.33500000
2024-10-09T08:00:00Z,-0.00011487,26.44177643
2024-10-09T16:00:00Z,0.00001711,26.19152133
2024-10-10T00:00:00Z,0.00006712,25.75800000
2024-10-10T08:00:00Z,-0.00001035,26.10300000
2024-10-10T16:00:00Z,-0.00001936,25.84100000
2024-10-11T00:00:00Z,-0.00008407,25.84200000
2024-10-11T08:00:00Z,-0.00001061,26.12448275
2024-10-11T16:00:00Z,0.00007160,26.76040723
2024-10-12T00:00:00Z,0.00010000,27.45000000
2024-10-12T08:00:00Z,0.00010000,28.16600000
2024-10-12T16:00:00Z,0.00010000,29.10222869
2024-10-13T00:00:00Z,0.00010000,28.62400000
2024-10-13T08:00:00Z,0.00010000,29.03887237
2024-10-13T16:00:00Z,0.00010000,28.45000000
2024-10-14T00:00:00Z,0.00010000,29.04500000
2024-10-14T08:00:00Z,0.00010000,29.47403482
2024-10-14T16:00:00Z,0.00004341,29.54100000
2024-10-15T00:00:00Z,-0.00007493,29.04700000
2024-10-15T08:00:00Z,0.00007248,28.76300000
2024-10-15T16:00:00Z,-0.00009021,28.09500000
2024-10-16T00:00:00Z,-0.00011908,28.20489177
2024-10-16T08:00:00Z,-0.00011770,27.32769943
2024-10-16T16:00:00Z,-0.00003102,27.46900000
2024-10-17T00:00:00Z,0.00004453,28.00700000
2024-10-17T08:00:00Z,0.00005767,27.56000000
2024-10-17T16:00:00Z,0.00004914,27.73600000
2024-10-18T00:00:00Z,0.00002244,27.28952353
2024-10-18T08:00:00Z,0.00004322,27.68200000
2024-10-18T16:00:00Z,0.00001327,27.78078232
2024-10-19T00:00:00Z,0.00008096,28.07773952
2024-10-19T08:00:00Z,0.00007822,28.04300000
2024-10-19T16:00:00Z,0.00005845,28.11398929
2024-10-20T00:00:00Z,0.00007942,28.08900000
2024-10-20T08:00:00Z,0.00006654,27.93000000
2024-10-20T16:00:00Z,0.00006826,28.37400000
2024-10-21T00:00:00Z,0.00010000,28.96772219
2024-10-21T08:00:00Z,0.00010000,28.61900000
2024-10-21T16:00:00Z,0.00010000,27.75600000
2024-10-22T00:00:00Z,0.00000699,27.73800000
2024-10-22T08:00:00Z,0.00010000,27.97700000
2024-10-22T16:00:00Z,0.00004547,27.80709798
2024-10-23T00:00:00Z,0.00009935,27.62900000
2024-10-23T08:00:00Z,-0.00003332,27.06500000
2024-10-23T16:00:00Z,-0.00014626,26.49400000
2024-10-24T00:00:00Z,0.00000135,26.73554462
2024-10-24T08:00:00Z,0.00003859,26.83095399
2024-10-24T16:00:00Z,0.00010000,26.79493980
2024-10-25T00:00:00Z,0.00010000,26.82140106
2024-10-25T08:00:00Z,-0.00011919,26.22400000
2024-10-25T16:00:00Z,-0.00000947,26.13416035
2024-10-26T00:00:00Z,-0.00017851,24.91752005
2024-10-26T08:00:00Z,-0.00031813,25.40300000
2024-10-26T16:00:00Z,-0.00007290,25.06600000
2024-10-27T00:00:00Z,-0.00008053,25.38841429
2024-10-27T08:00:00Z,-0.00023747,25.43400000
2024-10-27T16:00:00Z,-0.00007456,25.78300000
2024-10-28T00:00:00Z,-0.00010925,25.75000000
2024-10-28T08:00:00Z,-0.00006118,25.73776725
2024-10-28T16:00:00Z,-0.00004278,25.55800000
2024-10-29T00:00:00Z,0.00010000,26.25100000
2024-10-29T08:00:00Z,0.00009964,26.53000000
2024-10-29T16:00:00Z,0.00008578,26.73173585
2024-10-30T00:00:00Z,0.00010000,26.86836128
2024-10-30T08:00:00Z,0.00010000,26.60400000
2024-10-30T16:00:00Z,0.00010000,26.12860398
2024-10-31T00:00:00Z,0.00010000,26.16354874
2024-10-31T08:00:00Z,-0.00005124,25.92101014
2024-10-31T16:00:00Z,-0.00013588,25.25308418
2024-11-01T00:00:00Z,-0.00044336,25.00414614
2024-11-01T08:00:00Z,-0.00003866,24.65100000
2024-11-01T16:00:00Z,-0.00012913,24.87800000
2024-11-02T00:00:00Z,-0.00005531,24.77300000
2024-11-02T08:00:00Z,-0.00004229,24.85900000
2024-11-02T16:00:00Z,-0.00023040,24.22797844
2024-11-03T00:00:00Z,-0.00024547,24.10100000
2024-11-03T08:00:00Z,-0.00012996,23.59500000
2024-11-03T16:00:00Z,-0.00003036,23.03618362
2024-11-04T00:00:00Z,-0.00023818,23.52059323
2024-11-04T08:00:00Z,-0.00023076,23.46577131
2024-11-04T16:00:00Z,-0.00004208,23.21201894
2024-11-05T00:00:00Z,-0.00001141,22.71700000
2024-11-05T08:00:00Z,-0.00001254,23.17700000
2024-11-05T16:00:00Z,-0.00000485,23.95800000
2024-11-06T00:00:00Z,0.00010000,23.97351433
2024-11-06T08:00:00Z,0.00010000,25.85626092
2024-11-06T16:00:00Z,0.00010000,26.15200000
2024-11-07T00:00:00Z,0.00010000,27.00849084
2024-11-07T08:00:00Z,0.00010000,26.93300000
2024-11-07T16:00:00Z,0.00010000,27.28200000
2024-11-08T00:00:00Z,0.00010000,27.38613540
2024-11-08T08:00:00Z,0.00010000,27.59100000
2024-11-08T16:00:00Z,0.00010000,28.08600000
2024-11-09T00:00:00Z,0.00010000,28.78500000
2024-11-09T08:00:00Z,0.00010000,29.26861531
2024-11-09T16:00:00Z,0.00010000,28.82336248
2024-11-10T00:00:00Z,0.00010000,30.38169499
2024-11-10T08:00:00Z,0.00010000,31.54807714
2024-11-10T16:00:00Z,0.00017318,32.35500000
2024-11-11T00:00:00Z,0.00016011,31.90400000
2024-11-11T08:00:00Z,0.00018792,31.34702093
2024-11-11T16:00:00Z,0.00010000,32.49065127
2024-11-12T00:00:00Z,0.00030821,35.74800000
2024-11-12T08:00:00Z,0.00036437,36.44319897
2024-11-12T16:00:00Z,0.00049131,33.90144279
2024-11-13T00:00:00Z,0.00012998,33.95215832
2024-11-13T08:00:00Z,0.00010560,32.05890894
2024-11-13T16:00:00Z,0.00010000,34.76090073
2024-11-14T00:00:00Z,0.00010000,33.12691261
2024-11-14T08:00:00Z,0.00010000,33.75578209
2024-11-14T16:00:00Z,0.00010000,31.78471268
2024-11-15T00:00:00Z,0.00010000,31.20700000
2024-11-15T08:00:00Z,0.00010000,31.62064684
2024-11-15T16:00:00Z,0.00010000,31.41361707
2024-11-16T00:00:00Z,0.00010000,33.12926031
2024-11-16T08:00:00Z,0.00010000,34.27502030
2024-11-16T16:00:00Z,0.00010000,34.59582967
2024-11-17T00:00:00Z,0.00010000,35.16600000
2024-11-17T08:00:00Z,0.00010000,36.52745028
2024-11-17T16:00:00Z,0.00018744,36.60129330
2024-11-18T00:00:00Z,0.00010000,34.73676170
2024-11-18T08:00:00Z,0.00010000,35.93421447
2024-11-18T16:00:00Z,0.00010000,35.57275619
2024-11-19T00:00:00Z,0.00019752,35.50900000
2024-11-19T08:00:00Z,0.00018132,35.07202614
2024-11-19T16:00:00Z,0.00010000,34.41390873
2024-11-20T00:00:00Z,0.00010000,34.22650881
2024-11-20T08:00:00Z,0.00010000,34.00060754
2024-11-20T16:00:00Z,0.00010000,34.87600000
2024-11-21T00:00:00Z,0.00010000,33.59188999
2024-11-21T08:00:00Z,0.00010000,34.30100000
2024-11-21T16:00:00Z,0.00010000,34.99266009
2024-11-22T00:00:00Z,0.00037199,35.78736814
2024-11-22T08:00:00Z,0.00017879,35.77100541
2024-11-22T16:00:00Z,0.00026420,39.53127375
2024-11-23T00:00:00Z,0.00016639,43.20800000
2024-11-23T08:00:00Z,0.00032581,42.95752083
2024-11-23T16:00:00Z,0.00040219,43.19074624
2024-11-24T00:00:00Z,0.00025758,41.46300000
2024-11-24T08:00:00Z,0.00029555,42.34000000
2024-11-24T16:00:00Z,0.00019210,38.79601665
2024-11-25T00:00:00Z,0.00010000,42.08700000
2024-11-25T08:00:00Z,0.00017432,44.99896529
2024-11-25T16:00:00Z,0.00024666,43.22500000
2024-11-26T00:00:00Z,0.00016271,41.33700000
2024-11-26T08:00:00Z,0.00010000,41.20500000
2024-11-26T16:00:00Z,0.00010000,41.03200000
2024-11-27T00:00:00Z,0.00013199,42.73468598
2024-11-27T08:00:00Z,0.00010000,43.30800000
2024-11-27T16:00:00Z,0.00010000,43.75600000
2024-11-28T00:00:00Z,0.00010474,43.80968556
2024-11-28T08:00:00Z,0.00010000,42.66256953
2024-11-28T16:00:00Z,0.00010000,41.68768543
2024-11-29T00:00:00Z,0.00010000,42.79330281
2024-11-29T08:00:00Z,0.00019268,42.66600000
2024-11-29T16:00:00Z,0.00016663,44.35600000
2024-11-30T00:00:00Z,0.00018446,44.88449297
2024-11-30T08:00:00Z,0.00019090,45.43800000
2024-11-30T16:00:00Z,0.00024661,45.59800000
2024-12-01T00:00:00Z,0.00023396,44.83853826
2024-12-01T08:00:00Z,0.00011693,44.18500000
2024-12-01T16:00:00Z,0.00010000,45.28800000
2024-12-02T00:00:00Z,0.00040734,45.14100000
2024-12-02T08:00:00Z,0.00010000,48.49106806
2024-12-02T16:00:00Z,0.00025591,49.11000000
2024-12-03T00:00:00Z,0.00017128,52.30800000
2024-12-03T08:00:00Z,0.00047279,50.83600000
2024-12-03T16:00:00Z,0.00022109,50.18749086
2024-12-04T00:00:00Z,0.00019138,50.91500000
2024-12-04T08:00:00Z,0.00040200,54.52269319
2024-12-04T16:00:00Z,0.00041775,55.68170555
2024-12-05T00:00:00Z,0.00037917,52.81605828
2024-12-05T08:00:00Z,0.00032937,52.00100000
2024-12-05T16:00:00Z,0.00048724,52.29500000
2024-12-06T00:00:00Z,0.00013142,50.31400000
2024-12-06T08:00:00Z,0.00039418,52.82900000
2024-12-06T16:00:00Z,0.00014007,51.69430662
2024-12-07T00:00:00Z,0.00050826,52.51700000
2024-12-07T08:00:00Z,0.00044077,51.53400000
2024-12-07T16:00:00Z,0.00038482,52.55900000
2024-12-08T00:00:00Z,0.00027071,51.63118504
2024-12-08T08:00:00Z,0.00010000,51.58400000
2024-12-08T16:00:00Z,0.00025955,52.26500000
2024-12-09T00:00:00Z,0.00034107,54.02800000
2024-12-09T08:00:00Z,0.00010000,51.43501177
2024-12-09T16:00:00Z,0.00010000,49.04805707
2024-12-10T00:00:00Z,0.00010000,45.02562625
2024-12-10T08:00:00Z,0.00010000,45.29212067
2024-12-10T16:00:00Z,0.00010000,42.38554148
2024-12-11T00:00:00Z,0.00010000,44.59361021
2024-12-11T08:00:00Z,0.00010000,43.98000000
2024-12-11T16:00:00Z,0.00010000,47.88700000
2024-12-12T00:00:00Z,0.00010000,48.43700000
2024-12-12T08:00:00Z,0.00010000,50.10623705
2024-12-12T16:00:00Z,0.00010000,52.28500000
2024-12-13T00:00:00Z,0.00010000,53.14853814
2024-12-13T08:00:00Z,0.00010000,51.74500000
2024-12-13T16:00:00Z,0.00010000,51.15863295
2024-12-14T00:00:00Z,0.00010000,52.77900000
2024-12-14T08:00:00Z,0.00010000,52.60221908
2024-12-14T16:00:00Z,0.00010000,51.33331573
2024-12-15T00:00:00Z,0.00010000,49.83000000
2024-12-15T08:00:00Z,0.00010000,48.42912011
2024-12-15T16:00:00Z,0.00007017,50.44082924
2024-12-16T00:00:00Z,0.00010000,50.76470553
2024-12-16T08:00:00Z,0.00010000,49.83846775
2024-12-16T16:00:00Z,0.00010000,48.99354700
2024-12-17T00:00:00Z,0.00010000,48.98587954
2024-12-17T08:00:00Z,0.00010000,48.80181892
2024-12-17T16:00:00Z,0.00010000,48.81711915
2024-12-18T00:00:00Z,0.00010000,47.88596528
2024-12-18T08:00:00Z,0.00010000,46.43365086
2024-12-18T16:00:00Z,0.00010000,46.27892011
2024-12-19T00:00:00Z,0.00008090,42.77203479
2024-12-19T08:00:00Z,-0.00003161,43.01437386
2024-12-19T16:00:00Z,-0.00001157,41.57762922
2024-12-20T00:00:00Z,-0.00004235,38.80700000
2024-12-20T08:00:00Z,0.00010000,39.11900000
2024-12-20T16:00:00Z,-0.00010293,37.99500000
2024-12-21T00:00:00Z,0.00010000,39.83500000
2024-12-21T08:00:00Z,0.00007826,41.82500000
2024-12-21T16:00:00Z,0.00010000,38.59639721
2024-12-22T00:00:00Z,0.00009291,37.40900000
2024-12-22T08:00:00Z,0.00010000,37.59569021
2024-12-22T16:00:00Z,0.00002695,37.00242276
2024-12-23T00:00:00Z,0.00010000,36.55700000
2024-12-23T08:00:00Z,0.00006721,36.29900000
2024-12-23T16:00:00Z,0.00004044,35.74500000
2024-12-24T00:00:00Z,0.00010000,39.08661230
2024-12-24T08:00:00Z,0.00002771,38.53900000
2024-12-24T16:00:00Z,0.00005849,40.87929956
2024-12-25T00:00:00Z,0.00003763,41.22406373
2024-12-25T08:00:00Z,0.00006567,40.85970445
2024-12-25T16:00:00Z,0.00002147,40.55200000
2024-12-26T00:00:00Z,0.00005041,40.23938647
2024-12-26T08:00:00Z,0.00010000,38.70761120
2024-12-26T16:00:00Z,0.00010000,37.66168875
2024-12-27T00:00:00Z,0.00008622,37.30900000
2024-12-27T08:00:00Z,0.00001283,37.18400000
2024-12-27T16:00:00Z,-0.00008497,36.65384970
2024-12-28T00:00:00Z,0.00010000,36.55200000
2024-12-28T08:00:00Z,0.00002098,36.39754203
2024-12-28T16:00:00Z,-0.00001702,37.04500000
2024-12-29T00:00:00Z,0.00008359,37.73100000
2024-12-29T08:00:00Z,0.00010000,37.66153126
2024-12-29T16:00:00Z,0.00008552,36.56078476
2024-12-30T00:00:00Z,0.00003506,35.81800000
2024-12-30T08:00:00Z,0.00010000,36.77349509
2024-12-30T16:00:00Z,0.00010000,35.12300000
2024-12-31T00:00:00Z,0.00010000,35.96500000
2024-12-31T08:00:00Z,-0.00000533,35.28700000
2024-12-31T16:00:00Z,0.00010000,36.76900000
2025-01-01T00:00:00Z,0.00010000,35.68919133
2025-01-01T08:00:00Z,0.00007855,35.60300000
2025-01-01T16:00:00Z,0.00008928,36.46700000
2025-01-02T00:00:00Z,0.00010000,37.76800000
2025-01-02T08:00:00Z,0.00010000,38.86087337
2025-01-02T16:00:00Z,0.00010000,39.40254855
2025-01-03T00:00:00Z,0.00010000,39.27626662
2025-01-03T08:00:00Z,0.00010000,39.41721795
2025-01-03T16:00:00Z,0.00010000,41.91343794
2025-01-04T00:00:00Z,0.00010000,41.94697715
2025-01-04T08:00:00Z,0.00010000,42.01352074
2025-01-04T16:00:00Z,0.00010000,41.07351752
2025-01-05T00:00:00Z,0.00010000,42.62223222
2025-01-05T08:00:00Z,0.00010000,42.28522350
2025-01-05T16:00:00Z,0.00010000,41.77300000
2025-01-06T00:00:00Z,0.00010000,43.10877784
2025-01-06T08:00:00Z,0.00010000,43.20307226
2025-01-06T16:00:00Z,0.00010000,44.73655341
2025-01-07T00:00:00Z,0.00010000,44.05160848
2025-01-07T08:00:00Z,0.00010000,43.79044556
2025-01-07T16:00:00Z,0.00010000,40.87326580
2025-01-08T00:00:00Z,0.00010000,39.18700000
2025-01-08T08:00:00Z,0.00010000,38.35217983
2025-01-08T16:00:00Z,0.00008209,38.16805333
2025-01-09T00:00:00Z,0.00002433,37.40377883
2025-01-09T08:00:00Z,0.00009336,36.29300000
2025-01-09T16:00:00Z,0.00006136,37.23400000
2025-01-10T00:00:00Z,0.00008323,36.17804674
2025-01-10T08:00:00Z,0.00002357,37.64106900
2025-01-10T16:00:00Z,0.00010000,36.58200000
2025-01-11T00:00:00Z,0.00008807,36.64863225
2025-01-11T08:00:00Z,0.00007803,36.44700000
2025-01-11T16:00:00Z,0.00002195,36.40200000
2025-01-12T00:00:00Z,0.00010000,37.11400000
2025-01-12T08:00:00Z,0.00007548,36.81800000
2025-01-12T16:00:00Z,0.00008709,37.47861190
2025-01-13T00:00:00Z,0.00001008,36.54000000
2025-01-13T08:00:00Z,-0.00015342,35.06500000
2025-01-13T16:00:00Z,-0.00003098,34.40383061
2025-01-14T00:00:00Z,0.00000391,35.27000000
2025-01-14T08:00:00Z,0.00010000,35.20400000
2025-01-14T16:00:00Z,0.00002821,36.17531647
2025-01-15T00:00:00Z,0.00006878,36.54900000
2025-01-15T08:00:00Z,0.00010000,37.24400000
2025-01-15T16:00:00Z,0.00010000,39.31700000
2025-01-16T00:00:00Z,0.00010000,39.81100000
2025-01-16T08:00:00Z,0.00006904,39.30129292
2025-01-16T16:00:00Z,0.00010000,39.74513749
2025-01-17T00:00:00Z,0.00010000,40.04900000
2025-01-17T08:00:00Z,0.00010000,41.33934484
2025-01-17T16:00:00Z,0.00010000,40.97300000
2025-01-18T00:00:00Z,0.00010000,41.35800000
2025-01-18T08:00:00Z,0.00010000,39.34983419
2025-01-18T16:00:00Z,0.00010000,39.08000000
2025-01-19T00:00:00Z,0.00010000,39.22718022
2025-01-19T08:00:00Z,0.00010000,38.51500000
2025-01-19T16:00:00Z,0.00008540,38.46293578
2025-01-20T00:00:00Z,0.00010000,35.65600000
2025-01-20T08:00:00Z,0.00010000,38.62804992
2025-01-20T16:00:00Z,0.00010000,37.29835547
2025-01-21T00:00:00Z,0.00010000,36.00700000
2025-01-21T08:00:00Z,-0.00006506,35.31900878
2025-01-21T16:00:00Z,0.00010000,36.18035819
2025-01-22T00:00:00Z,0.00010000,36.94721723
2025-01-22T08:00:00Z,0.00010000,36.84700000
2025-01-22T16:00:00Z,0.00010000,36.90439570
2025-01-23T00:00:00Z,0.00010000,36.79732104
2025-01-23T08:00:00Z,0.00010000,35.67700000
2025-01-23T16:00:00Z,0.00010000,35.92400000
2025-01-24T00:00:00Z,0.00010000,35.54500000
2025-01-24T08:00:00Z,0.00010000,35.77700000
2025-01-24T16:00:00Z,0.00010000,36.24000000
2025-01-25T00:00:00Z,0.00010000,35.32400000
2025-01-25T08:00:00Z,0.00010000,35.30400000
2025-01-25T16:00:00Z,0.00010000,36.43358734
2025-01-26T00:00:00Z,0.00010000,36.60900000
2025-01-26T08:00:00Z,0.00010000,37.62875246
2025-01-26T16:00:00Z,0.00010000,37.40455961
2025-01-27T00:00:00Z,0.00010000,35.72917421
2025-01-27T08:00:00Z,-0.00001943,33.80300000
2025-01-27T16:00:00Z,-0.00009551,33.64045286
2025-01-28T00:00:00Z,-0.00000806,34.17807764
2025-01-28T08:00:00Z,0.00001961,34.20724371
2025-01-28T16:00:00Z,0.00001280,33.75412768
2025-01-29T00:00:00Z,-0.00011638,32.04300000
2025-01-29T08:00:00Z,0.00005429,33.43800000
2025-01-29T16:00:00Z,0.00000690,32.59223258
2025-01-30T00:00:00Z,0.00007026,32.77900000
2025-01-30T08:00:00Z,0.00010000,33.68600000
2025-01-30T16:00:00Z,0.00010000,34.38000000
2025-01-31T00:00:00Z,0.00010000,34.27700000
2025-01-31T08:00:00Z,0.00010000,34.68040829
2025-01-31T16:00:00Z,0.00010000,35.93300000
2025-02-01T00:00:00Z,0.00010000,34.41305900
2025-02-01T08:00:00Z,0.00010000,34.41295198
2025-02-01T16:00:00Z,0.00010000,33.67755256
2025-02-02T00:00:00Z,0.00001895,32.09000000
2025-02-02T08:00:00Z,-0.00003339,31.23500000
2025-02-02T16:00:00Z,-0.00001527,30.68700000
2025-02-03T00:00:00Z,-0.00005576,27.61017796
2025-02-03T08:00:00Z,-0.00033471,25.52474122
2025-02-03T16:00:00Z,-0.00037199,27.30406565
2025-02-04T00:00:00Z,-0.00002821,28.38863488
2025-02-04T08:00:00Z,-0.00015998,25.63400000
2025-02-04T16:00:00Z,-0.00011478,26.88000563
2025-02-05T00:00:00Z,0.00000006,26.44800000
2025-02-05T08:00:00Z,0.00004051,26.83200000
2025-02-05T16:00:00Z,0.00004612,26.55300000
2025-02-06T00:00:00Z,0.00002867,25.83600000
2025-02-06T08:00:00Z,0.00001079,26.51700000
2025-02-06T16:00:00Z,-0.00000904,24.98000000
2025-02-07T00:00:00Z,0.00000934,24.49191445
2025-02-07T08:00:00Z,0.00003721,24.80600000
2025-02-07T16:00:00Z,-0.00003273,25.42554921
2025-02-08T00:00:00Z,-0.00005762,24.44700000
2025-02-08T08:00:00Z,0.00004729,24.33900000
2025-02-08T16:00:00Z,-0.00001195,24.21526117
2025-02-09T00:00:00Z,-0.00002351,24.56900000
2025-02-09T08:00:00Z,-0.00006122,25.31900000
2025-02-09T16:00:00Z,0.00008959,25.09531214
2025-02-10T00:00:00Z,-0.00001968,24.86000000
2025-02-10T08:00:00Z,0.00006363,25.38600000
2025-02-10T16:00:00Z,0.00006662,25.40900000
2025-02-11T00:00:00Z,0.00006394,25.66285660
2025-02-11T08:00:00Z,0.00003095,26.69000000
2025-02-11T16:00:00Z,0.00002962,26.12700000
2025-02-12T00:00:00Z,-0.00010130,25.37600000
2025-02-12T08:00:00Z,0.00000922,25.12400000
2025-02-12T16:00:00Z,0.00001594,25.01012272
2025-02-13T00:00:00Z,0.00010000,26.48900000
2025-02-13T08:00:00Z,0.00006300,25.50900000
2025-02-13T16:00:00Z,-0.00004496,25.47600000
2025-02-14T00:00:00Z,0.00002146,25.38200000
2025-02-14T08:00:00Z,0.00006066,25.68400000
2025-02-14T16:00:00Z,0.00006439,26.56600000
2025-02-15T00:00:00Z,0.00010000,26.37162394
2025-02-15T08:00:00Z,0.00004839,26.38595334
2025-02-15T16:00:00Z,-0.00002061,25.67100000
2025-02-16T00:00:00Z,-0.00012862,25.46800000
2025-02-16T08:00:00Z,-0.00013871,25.19600801
2025-02-16T16:00:00Z,-0.00010420,25.13081292
2025-02-17T00:00:00Z,-0.00011121,24.84459066
2025-02-17T08:00:00Z,-0.00006387,24.91170031
2025-02-17T16:00:00Z,0.00004145,25.12638627
2025-02-18T00:00:00Z,-0.00003184,25.01910756
2025-02-18T08:00:00Z,-0.00023069,23.96600000
2025-02-18T16:00:00Z,-0.00023210,23.42187180
2025-02-19T00:00:00Z,-0.00002500,23.51300000
2025-02-19T08:00:00Z,-0.00004733,23.71600000
2025-02-19T16:00:00Z,-0.00006609,23.48700000
2025-02-20T00:00:00Z,-0.00013228,23.72362182
2025-02-20T08:00:00Z,0.00003375,23.96096055
2025-02-20T16:00:00Z,0.00008701,24.24600000
2025-02-21T00:00:00Z,0.00010000,25.14200000
2025-02-21T08:00:00Z,0.00010000,25.15600000
2025-02-21T16:00:00Z,0.00010000,25.46297485
2025-02-22T00:00:00Z,-0.00018926,24.53100000
2025-02-22T08:00:00Z,-0.00002917,24.90000000
2025-02-22T16:00:00Z,0.00000512,25.82000000
2025-02-23T00:00:00Z,0.00010000,25.82300000
2025-02-23T08:00:00Z,0.00010000,25.82748528
2025-02-23T16:00:00Z,0.00010000,24.54255833
2025-02-24T00:00:00Z,-0.00010557,24.83300000
2025-02-24T08:00:00Z,-0.00004936,23.96400000
2025-02-24T16:00:00Z,-0.00002914,23.12800000
2025-02-25T00:00:00Z,-0.00012324,21.86529341
2025-02-25T08:00:00Z,-0.00008922,20.86809404
2025-02-25T16:00:00Z,-0.00006756,20.97353560
2025-02-26T00:00:00Z,-0.00007528,21.93600000
2025-02-26T08:00:00Z,-0.00011330,22.16242758
2025-02-26T16:00:00Z,0.00002289,22.24858089
2025-02-27T00:00:00Z,0.00008239,21.86200335
2025-02-27T08:00:00Z,0.00005192,22.99300000
2025-02-27T16:00:00Z,0.00007116,22.77700000
2025-02-28T00:00:00Z,0.00001081,22.51900000
2025-02-28T08:00:00Z,-0.00001701,20.61819055
2025-02-28T16:00:00Z,0.00000820,21.72900000
2025-03-01T00:00:00Z,0.00006070,22.36800000
2025-03-01T08:00:00Z,0.00000746,21.87900000
2025-03-01T16:00:00Z,0.00004032,21.29228202
2025-03-02T00:00:00Z,0.00002516,21.85300000
2025-03-02T08:00:00Z,0.00007467,21.88300000
2025-03-02T16:00:00Z,0.00004881,22.49900000
2025-03-03T00:00:00Z,0.00010000,24.94415118
2025-03-03T08:00:00Z,0.00008470,23.81645934
2025-03-03T16:00:00Z,0.00006869,23.23600000
2025-03-04T00:00:00Z,-0.00024457,20.93100000
2025-03-04T08:00:00Z,-0.00037182,20.02900000
2025-03-04T16:00:00Z,-0.00041858,19.91443546
2025-03-05T00:00:00Z,-0.00011102,19.98335958
2025-03-05T08:00:00Z,-0.00023251,20.13603591
2025-03-05T16:00:00Z,-0.00009907,20.39200000
2025-03-06T00:00:00Z,-0.00001963,21.71688335
2025-03-06T08:00:00Z,0.00006057,21.68543295
2025-03-06T16:00:00Z,0.00003195,21.95810240
2025-03-07T00:00:00Z,0.00001998,20.98800000
2025-03-07T08:00:00Z,0.00003604,20.72257288
2025-03-07T16:00:00Z,-0.00000767,20.70401534
2025-03-08T00:00:00Z,0.00005265,20.13038412
2025-03-08T08:00:00Z,-0.00003524,19.78537600
2025-03-08T16:00:00Z,-0.00012959,20.46100000
2025-03-09T00:00:00Z,0.00006537,20.48800000
2025-03-09T08:00:00Z,-0.00000672,20.13789525
2025-03-09T16:00:00Z,-0.00010440,19.16604559
2025-03-10T00:00:00Z,-0.00031252,17.95000000
2025-03-10T08:00:00Z,-0.00019534,18.39000000
2025-03-10T16:00:00Z,-0.00015464,17.78525677
2025-03-11T00:00:00Z,-0.00007422,16.25300000
2025-03-11T08:00:00Z,-0.00005278,16.95565236
2025-03-11T16:00:00Z,0.00006259,17.35100000
2025-03-12T00:00:00Z,0.00004556,17.49800000
2025-03-12T08:00:00Z,-0.00002562,17.54404337
2025-03-12T16:00:00Z,-0.00001805,17.97100000
2025-03-13T00:00:00Z,0.00001394,18.90600000
2025-03-13T08:00:00Z,-0.00000992,18.78700000
2025-03-13T16:00:00Z,0.00003423,18.37900000
2025-03-14T00:00:00Z,-0.00002284,18.49600000
2025-03-14T08:00:00Z,0.00003308,18.64380477
2025-03-14T16:00:00Z,0.00004456,18.99871514
2025-03-15T00:00:00Z,-0.00002726,18.56112339
2025-03-15T08:00:00Z,-0.00003619,18.59800000
2025-03-15T16:00:00Z,-0.00020421,18.54100000
2025-03-16T00:00:00Z,0.00000418,19.38500000
2025-03-16T08:00:00Z,-0.00002758,19.34200000
2025-03-16T16:00:00Z,-0.00028621,18.47697794
2025-03-17T00:00:00Z,-0.00019707,18.24200000
2025-03-17T08:00:00Z,-0.00017139,18.60100000
2025-03-17T16:00:00Z,-0.00030160,18.45600000
2025-03-18T00:00:00Z,0.00002693,18.80800000
2025-03-18T08:00:00Z,0.00002512,18.81801140
2025-03-18T16:00:00Z,-0.00007391,18.43400000
2025-03-19T00:00:00Z,0.00001619,18.97200000
2025-03-19T08:00:00Z,0.00010000,18.90400000
2025-03-19T16:00:00Z,0.00010000,19.84800000
2025-03-20T00:00:00Z,0.00010000,19.72472034
2025-03-20T08:00:00Z,-0.00000081,19.12560013
2025-03-20T16:00:00Z,-0.00018911,18.76100000
2025-03-21T00:00:00Z,-0.00020934,18.73600000
2025-03-21T08:00:00Z,0.00004365,18.74600000
2025-03-21T16:00:00Z,-0.00011967,18.47800000
2025-03-22T00:00:00Z,0.00005015,19.17138499
2025-03-22T08:00:00Z,0.00004940,19.36310140
2025-03-22T16:00:00Z,0.00010000,19.53895256
2025-03-23T00:00:00Z,0.00010000,19.41799969
2025-03-23T08:00:00Z,0.00010000,19.57400000
2025-03-23T16:00:00Z,0.00000037,19.47341260
2025-03-24T00:00:00Z,0.00004762,19.80600000
2025-03-24T08:00:00Z,0.00010000,21.51680748
2025-03-24T16:00:00Z,0.00010000,21.53000000
2025-03-25T00:00:00Z,0.00004750,21.46800000
2025-03-25T08:00:00Z,0.00003985,21.84900000
2025-03-25T16:00:00Z,0.00005945,22.47300000
2025-03-26T00:00:00Z,0.00007970,22.89000000
2025-03-26T08:00:00Z,-0.00001606,22.82623057
2025-03-26T16:00:00Z,0.00004544,22.16400000
2025-03-27T00:00:00Z,0.00010000,22.03831229
2025-03-27T08:00:00Z,0.00000662,22.06923732
2025-03-27T16:00:00Z,-0.00006813,21.90400000
2025-03-28T00:00:00Z,-0.00011691,22.00300000
2025-03-28T08:00:00Z,0.00002846,20.70000000
2025-03-28T16:00:00Z,-0.00009608,19.96513235
2025-03-29T00:00:00Z,-0.00024923,20.35100000
2025-03-29T08:00:00Z,-0.00009148,19.86571842
2025-03-29T16:00:00Z,-0.00010204,19.98481507
2025-03-30T00:00:00Z,-0.00016268,19.58900000
2025-03-30T08:00:00Z,-0.00027717,19.43400000
2025-03-30T16:00:00Z,-0.00019832,19.29100000
2025-03-31T00:00:00Z,-0.00018997,18.85300000
2025-03-31T08:00:00Z,-0.00010020,18.55375081
2025-03-31T16:00:00Z,-0.00013575,18.96200000
2025-04-01T00:00:00Z,-0.00008870,18.76400000
2025-04-01T08:00:00Z,-0.00016330,19.20800000
2025-04-01T16:00:00Z,-0.00004882,19.83867188
2025-04-02T00:00:00Z,-0.00006840,19.80700000
2025-04-02T08:00:00Z,0.00000512,19.05600000
2025-04-02T16:00:00Z,0.00001110,19.61200369
2025-04-03T00:00:00Z,-0.00012809,17.97122293
2025-04-03T08:00:00Z,0.00002640,18.36600000
2025-04-03T16:00:00Z,-0.00006030,17.95277666
2025-04-04T00:00:00Z,0.00000293,18.14000000
2025-04-04T08:00:00Z,-0.00005308,18.58800000
2025-04-04T16:00:00Z,-0.00004890,17.99300000
2025-04-05T00:00:00Z,-0.00002694,18.17896238
2025-04-05T08:00:00Z,0.00001389,18.20200000
2025-04-05T16:00:00Z,-0.00006389,17.83492872
2025-04-06T00:00:00Z,0.00004796,17.87300000
2025-04-06T08:00:00Z,-0.00029818,17.18385265
2025-04-06T16:00:00Z,-0.00028242,17.28917806
2025-04-07T00:00:00Z,-0.00017171,16.03200000
2025-04-07T08:00:00Z,-0.00004636,14.82400000
2025-04-07T16:00:00Z,-0.00022415,16.43183717
2025-04-08T00:00:00Z,-0.00003946,16.67700000
2025-04-08T08:00:00Z,-0.00029629,17.03747197
2025-04-08T16:00:00Z,-0.00027654,17.12500000
2025-04-09T00:00:00Z,-0.00020782,16.13700000
2025-04-09T08:00:00Z,-0.00028204,16.70568168
2025-04-09T16:00:00Z,-0.00009150,16.80400000
2025-04-10T00:00:00Z,0.00010000,18.43130504
2025-04-10T08:00:00Z,-0.00006468,18.04000000
2025-04-10T16:00:00Z,-0.00014973,17.65800000
2025-04-11T00:00:00Z,-0.00000110,18.30300000
2025-04-11T08:00:00Z,-0.00002494,18.54000000
2025-04-11T16:00:00Z,-0.00017701,19.18300000
2025-04-12T00:00:00Z,0.00000755,19.11200000
2025-04-12T08:00:00Z,-0.00011747,19.09500000
2025-04-12T16:00:00Z,-0.00029956,20.50118077
2025-04-13T00:00:00Z,-0.00008334,20.48099927
2025-04-13T08:00:00Z,-0.00009214,19.91500000
2025-04-13T16:00:00Z,-0.00015207,19.73700000
2025-04-14T00:00:00Z,-0.00002024,19.57506853
2025-04-14T08:00:00Z,-0.00021842,20.11000000
2025-04-14T16:00:00Z,-0.00021055,19.82600000
2025-04-15T00:00:00Z,-0.00006348,20.10500000
2025-04-15T08:00:00Z,-0.00019026,19.96500000
2025-04-15T16:00:00Z,-0.00030170,19.52400000
2025-04-16T00:00:00Z,-0.00003097,19.00285535
2025-04-16T08:00:00Z,-0.00012763,18.63200000
2025-04-16T16:00:00Z,-0.00019811,19.02400000
2025-04-17T00:00:00Z,-0.00005542,18.74537771
2025-04-17T08:00:00Z,0.00007844,19.38226907
2025-04-17T16:00:00Z,0.00000706,19.11730425
2025-04-18T00:00:00Z,0.00000455,19.04275275
2025-04-18T08:00:00Z,0.00000697,19.17100000
2025-04-18T16:00:00Z,-0.00014198,18.89333169
2025-04-19T00:00:00Z,0.00010000,19.06114361
2025-04-19T08:00:00Z,0.00007867,19.46700000
2025-04-19T16:00:00Z,0.00006920,19.69100000
2025-04-20T00:00:00Z,0.00010000,19.88800000
2025-04-20T08:00:00Z,0.00000119,19.63899421
2025-04-20T16:00:00Z,0.00000816,19.37300000
2025-04-21T00:00:00Z,-0.00003798,19.49709489
2025-04-21T08:00:00Z,0.00010000,20.61700000
2025-04-21T16:00:00Z,0.00010000,20.53343087
2025-04-22T00:00:00Z,0.00007053,19.90675691
2025-04-22T08:00:00Z,-0.00006386,20.27700000
2025-04-22T16:00:00Z,0.00010000,21.61431832
2025-04-23T00:00:00Z,0.00010000,22.09517771
2025-04-23T08:00:00Z,0.00010000,22.87594397
2025-04-23T16:00:00Z,0.00010000,22.26645030
2025-04-24T00:00:00Z,0.00010000,22.32600000
2025-04-24T08:00:00Z,0.00010000,21.87494183
2025-04-24T16:00:00Z,0.00010000,22.33027865
2025-04-25T00:00:00Z,0.00010000,22.36900000
2025-04-25T08:00:00Z,0.00010000,22.32647150
2025-04-25T16:00:00Z,-0.00001623,22.56500000
2025-04-26T00:00:00Z,0.00007483,22.15875111
2025-04-26T08:00:00Z,-0.00003229,22.44019062
2025-04-26T16:00:00Z,-0.00010466,22.01220330
2025-04-27T00:00:00Z,-0.00000802,22.39800000
2025-04-27T08:00:00Z,0.00001143,22.26100000
2025-04-27T16:00:00Z,-0.00010986,21.87200000
2025-04-28T00:00:00Z,-0.00010207,21.69900000
2025-04-28T08:00:00Z,0.00004325,22.29400000
2025-04-28T16:00:00Z,-0.00006542,21.44369894
2025-04-29T00:00:00Z,0.00010000,21.82700000
2025-04-29T08:00:00Z,0.00009640,22.17039516
2025-04-29T16:00:00Z,0.00010000,21.99000000
2025-04-30T00:00:00Z,-0.00011355,21.55051709
2025-04-30T08:00:00Z,-0.00002935,21.56500000
2025-04-30T16:00:00Z,-0.00015933,20.90700000
2025-05-01T00:00:00Z,0.00003621,20.90327618
2025-05-01T08:00:00Z,0.00008760,21.21531382
2025-05-01T16:00:00Z,-0.00002038,21.33700000
2025-05-02T00:00:00Z,0.00010000,21.62941419
2025-05-02T08:00:00Z,0.00007888,21.25594171
2025-05-02T16:00:00Z,-0.00007177,21.40800000
2025-05-03T00:00:00Z,-0.00015483,21.24000000
2025-05-03T08:00:00Z,-0.00010877,20.90815658
2025-05-03T16:00:00Z,-0.00011234,20.85404956
2025-05-04T00:00:00Z,-0.00005602,20.50900000
2025-05-04T08:00:00Z,-0.00016607,20.21400000
2025-05-04T16:00:00Z,-0.00020554,19.98900000
2025-05-05T00:00:00Z,-0.00018839,19.89302927
2025-05-05T08:00:00Z,0.00003843,20.01900313
2025-05-05T16:00:00Z,-0.00015190,19.35253035
2025-05-06T00:00:00Z,-0.00012103,19.67200000
2025-05-06T08:00:00Z,-0.00000774,19.77500000
2025-05-06T16:00:00Z,0.00005227,19.64600000
2025-05-07T00:00:00Z,0.00007720,20.00500000
2025-05-07T08:00:00Z,-0.00000163,19.91009750
2025-05-07T16:00:00Z,-0.00016988,19.30074595
2025-05-08T00:00:00Z,0.00003140,19.53700000
2025-05-08T08:00:00Z,0.00010000,20.84400000
2025-05-08T16:00:00Z,0.00010000,21.18351268
2025-05-09T00:00:00Z,0.00010000,22.15445447
2025-05-09T08:00:00Z,0.00010000,23.01201312
2025-05-09T16:00:00Z,0.00010000,23.13900000
2025-05-10T00:00:00Z,0.00010000,23.26888495
2025-05-10T08:00:00Z,0.00010000,24.16500000
2025-05-10T16:00:00Z,0.00010000,24.37000000
2025-05-11T00:00:00Z,0.00010000,25.81300000
2025-05-11T08:00:00Z,0.00010000,24.52919231
2025-05-11T16:00:00Z,0.00010000,24.38400000
2025-05-12T00:00:00Z,0.00010000,24.78062805
2025-05-12T08:00:00Z,0.00010000,26.02780112
2025-05-12T16:00:00Z,0.00010000,24.72050366
2025-05-13T00:00:00Z,0.00010000,24.82400000
2025-05-13T08:00:00Z,0.00009081,24.29393038
2025-05-13T16:00:00Z,0.00010000,24.89312551
2025-05-14T00:00:00Z,0.00010000,25.71555995
2025-05-14T08:00:00Z,0.00010000,26.02260821
2025-05-14T16:00:00Z,0.00010000,25.40428010
2025-05-15T00:00:00Z,0.00010000,24.95068781
2025-05-15T08:00:00Z,0.00007085,23.55083602
2025-05-15T16:00:00Z,0.00003698,23.78301583
2025-05-16T00:00:00Z,0.00002132,23.49200000
2025-05-16T08:00:00Z,0.00003938,23.77284425
2025-05-16T16:00:00Z,0.00005752,23.73400000
2025-05-17T00:00:00Z,0.00004895,23.04862561
2025-05-17T08:00:00Z,0.00002919,22.80600000
2025-05-17T16:00:00Z,0.00003576,22.44000000
2025-05-18T00:00:00Z,0.00000638,22.16500000
2025-05-18T08:00:00Z,-0.00005436,23.11500000
2025-05-18T16:00:00Z,-0.00005244,23.75200000
2025-05-19T00:00:00Z,-0.00003598,23.04285807
2025-05-19T08:00:00Z,0.00000057,21.67200000
2025-05-19T16:00:00Z,-0.00002011,22.07648126
2025-05-20T00:00:00Z,0.00010000,22.24288424
2025-05-20T08:00:00Z,0.00003254,22.23687290
2025-05-20T16:00:00Z,0.00003244,22.13200000
2025-05-21T00:00:00Z,0.00008089,22.59900000
2025-05-21T08:00:00Z,0.00010000,22.54600000
2025-05-21T16:00:00Z,0.00006244,23.21000000
2025-05-22T00:00:00Z,0.00008662,23.16400000
2025-05-22T08:00:00Z,0.00010000,24.12900000
2025-05-22T16:00:00Z,0.00010000,25.03300000
2025-05-23T00:00:00Z,0.00010000,25.25000000
2025-05-23T08:00:00Z,0.00010000,25.09492197
2025-05-23T16:00:00Z,0.00010000,24.46500000
2025-05-24T00:00:00Z,0.00010000,23.06300000
2025-05-24T08:00:00Z,-0.00005367,23.12610968
2025-05-24T16:00:00Z,-0.00007400,23.12903253
2025-05-25T00:00:00Z,-0.00006709,22.93989078
2025-05-25T08:00:00Z,-0.00003129,22.46207884
2025-05-25T16:00:00Z,-0.00009897,22.25200000
2025-05-26T00:00:00Z,-0.00007407,23.41220168
2025-05-26T08:00:00Z,-0.00001411,23.89754243
2025-05-26T16:00:00Z,0.00005253,23.46800000
2025-05-27T00:00:00Z,-0.00005915,23.05477020
2025-05-27T08:00:00Z,0.00004806,23.48100000
2025-05-27T16:00:00Z,0.00007756,23.43300000
2025-05-28T00:00:00Z,0.00003645,23.36100000
2025-05-28T08:00:00Z,0.00002512,23.27200000
2025-05-28T16:00:00Z,-0.00004014,22.85746814
2025-05-29T00:00:00Z,0.00000711,23.59900000
2025-05-29T08:00:00Z,0.00010000,23.71300000
2025-05-29T16:00:00Z,-0.00003080,22.77200000
2025-05-30T00:00:00Z,-0.00007683,22.23634969
2025-05-30T08:00:00Z,-0.00025091,21.42535515
2025-05-30T16:00:00Z,-0.00008610,21.46650716
2025-05-31T00:00:00Z,-0.00012519,20.53966765
2025-05-31T08:00:00Z,-0.00017394,20.13000000
2025-05-31T16:00:00Z,-0.00009842,20.66120229
2025-06-01T00:00:00Z,-0.00004205,20.78600000
2025-06-01T08:00:00Z,-0.00003631,20.65800000
2025-06-01T16:00:00Z,-0.00004566,20.69263956
2025-06-02T00:00:00Z,-0.00006084,20.86900000
2025-06-02T08:00:00Z,-0.00002796,20.66800000
2025-06-02T16:00:00Z,0.00005462,20.56300000
2025-06-03T00:00:00Z,0.00007780,21.14300000
2025-06-03T08:00:00Z,0.00008970,21.28781087
2025-06-03T16:00:00Z,0.00007066,21.35800000
2025-06-04T00:00:00Z,0.00000316,21.12900000
2025-06-04T08:00:00Z,0.00000347,21.40721993
2025-06-04T16:00:00Z,-0.00003378,21.08999841
2025-06-05T00:00:00Z,-0.00003792,20.07500000
2025-06-05T08:00:00Z,-0.00003280,20.20800000
2025-06-05T16:00:00Z,-0.00001419,19.97552249
2025-06-06T00:00:00Z,-0.00018426,18.73545123
2025-06-06T08:00:00Z,-0.00018400,19.34166278
2025-06-06T16:00:00Z,-0.00004184,19.70201406
2025-06-07T00:00:00Z,-0.00005348,19.63700000
2025-06-07T08:00:00Z,0.00002024,20.63521028
2025-06-07T16:00:00Z,0.00008637,20.89173817
2025-06-08T00:00:00Z,0.00002890,20.64600000
2025-06-08T08:00:00Z,-0.00003957,20.26940615
2025-06-08T16:00:00Z,0.00003980,20.67100000
2025-06-09T00:00:00Z,0.00010000,21.03900000
2025-06-09T08:00:00Z,-0.00007676,20.33200000
2025-06-09T16:00:00Z,0.00002877,21.01014282
2025-06-10T00:00:00Z,0.00010000,21.94132545
2025-06-10T08:00:00Z,0.00010000,21.68078127
2025-06-10T16:00:00Z,0.00010000,21.91674288
2025-06-11T00:00:00Z,0.00010000,22.56700000
2025-06-11T08:00:00Z,0.00010000,22.36618944
2025-06-11T16:00:00Z,0.00010000,22.56327985
2025-06-12T00:00:00Z,0.00010000,21.56016643
2025-06-12T08:00:00Z,0.00006008,21.01690984
2025-06-12T16:00:00Z,-0.00002708,20.85300000
2025-06-13T00:00:00Z,-0.00001067,20.27000000
2025-06-13T08:00:00Z,-0.00017593,19.13100000
2025-06-13T16:00:00Z,-0.00007489,19.29300000
2025-06-14T00:00:00Z,0.00003129,19.40484486
2025-06-14T08:00:00Z,-0.00001538,19.22983547
2025-06-14T16:00:00Z,-0.00003025,18.95268076
2025-06-15T00:00:00Z,0.00005438,18.92600000
2025-06-15T08:00:00Z,-0.00009264,18.95728759
2025-06-15T16:00:00Z,0.00002420,19.06500000
2025-06-16T00:00:00Z,-0.00002710,19.09900000
2025-06-16T08:00:00Z,0.00008404,19.78100000
2025-06-16T16:00:00Z,0.00003242,19.71185391
2025-06-17T00:00:00Z,0.00006771,19.04900000
2025-06-17T08:00:00Z,0.00008167,19.12700000
2025-06-17T16:00:00Z,-0.00009539,18.65387948
2025-06-18T00:00:00Z,-0.00002812,18.57400000
2025-06-18T08:00:00Z,0.00003537,18.72400000
2025-06-18T16:00:00Z,-0.00015652,18.34087079
2025-06-19T00:00:00Z,0.00001013,18.15500000
2025-06-19T08:00:00Z,-0.00015597,17.90203651
2025-06-19T16:00:00Z,-0.00020285,17.72900000
2025-06-20T00:00:00Z,0.00004512,18.04700083
2025-06-20T08:00:00Z,0.00008850,18.32150381
2025-06-20T16:00:00Z,-0.00003063,17.80700000
2025-06-21T00:00:00Z,-0.00002015,17.35800000
2025-06-21T08:00:00Z,0.00000425,17.53824866
2025-06-21T16:00:00Z,-0.00002460,17.13366016
2025-06-22T00:00:00Z,0.00000491,16.81200000
2025-06-22T08:00:00Z,0.00002452,16.83900000
2025-06-22T16:00:00Z,0.00002262,16.02857935
2025-06-23T00:00:00Z,-0.00001023,16.51876045
2025-06-23T08:00:00Z,-0.00007795,16.91200000
2025-06-23T16:00:00Z,0.00003124,16.74400000
2025-06-24T00:00:00Z,0.00003476,18.05100000
2025-06-24T08:00:00Z,0.00001328,18.04946297
2025-06-24T16:00:00Z,0.00000991,18.15600000
2025-06-25T00:00:00Z,0.00004774,18.22400000
2025-06-25T08:00:00Z,0.00010000,18.02712521
2025-06-25T16:00:00Z,0.00000524,17.58300000
2025-06-26T00:00:00Z,0.00006960,17.56700000
2025-06-26T08:00:00Z,-0.00000886,17.72528762
2025-06-26T16:00:00Z,0.00007578,17.24501373
2025-06-27T00:00:00Z,0.00005498,17.22400000
2025-06-27T08:00:00Z,0.00001270,17.38736950
2025-06-27T16:00:00Z,-0.00004237,17.53900000
2025-06-28T00:00:00Z,0.00000651,17.56800000
2025-06-28T08:00:00Z,0.00004379,17.66300818
2025-06-28T16:00:00Z,0.00002416,17.75200000
2025-06-29T00:00:00Z,0.00004474,17.96500000
2025-06-29T08:00:00Z,0.00008854,18.02663930
2025-06-29T16:00:00Z,0.00003383,17.83447539
2025-06-30T00:00:00Z,0.00010000,18.72800000
2025-06-30T08:00:00Z,0.00005783,18.23614872
2025-06-30T16:00:00Z,0.00006213,18.01118064
2025-07-01T00:00:00Z,0.00005998,17.95800000
2025-07-01T08:00:00Z,-0.00010590,17.62345604
2025-07-01T16:00:00Z,0.00001310,17.25000000
2025-07-02T00:00:00Z,-0.00009383,17.09204346
2025-07-02T08:00:00Z,-0.00006310,17.58000000
2025-07-02T16:00:00Z,0.00010000,18.00974281
2025-07-03T00:00:00Z,0.00010000,18.51435200
2025-07-03T08:00:00Z,0.00010000,19.08238269
2025-07-03T16:00:00Z,0.00010000,18.36132325
2025-07-04T00:00:00Z,0.00010000,18.53545249
2025-07-04T08:00:00Z,0.00010000,18.10800000
2025-07-04T16:00:00Z,-0.00005577,17.70558178
2025-07-05T00:00:00Z,-0.00013936,17.78392223
2025-07-05T08:00:00Z,-0.00010665,17.81000000
2025-07-05T16:00:00Z,-0.00002736,17.82700000
2025-07-06T00:00:00Z,-0.00006610,17.90400000
2025-07-06T08:00:00Z,-0.00009936,17.83775360
2025-07-06T16:00:00Z,0.00003339,18.15100000
2025-07-07T00:00:00Z,0.00009604,18.28100000
2025-07-07T08:00:00Z,0.00010000,18.29327416
2025-07-07T16:00:00Z,0.00004546,18.02800000
2025-07-08T00:00:00Z,0.00004471,17.98560722
2025-07-08T08:00:00Z,-0.00000732,17.90100000
2025-07-08T16:00:00Z,0.00007188,17.99800000
2025-07-09T00:00:00Z,0.00010000,18.35900000
2025-07-09T08:00:00Z,0.00010000,18.40200000
2025-07-09T16:00:00Z,0.00010000,18.52425971
2025-07-10T00:00:00Z,0.00010000,19.50079043
2025-07-10T08:00:00Z,0.00010000,19.49603975
2025-07-10T16:00:00Z,0.00010000,19.44700000
2025-07-11T00:00:00Z,0.00010000,20.70200482
2025-07-11T08:00:00Z,0.00010000,20.74000000
2025-07-11T16:00:00Z,0.00010000,20.94257759
2025-07-12T00:00:00Z,0.00010000,20.67451547
2025-07-12T08:00:00Z,0.00010000,20.88300756
2025-07-12T16:00:00Z,0.00010000,20.31600000
2025-07-13T00:00:00Z,0.00010000,20.68414720
2025-07-13T08:00:00Z,0.00007013,21.30400000
2025-07-13T16:00:00Z,0.00008910,21.28300000
2025-07-14T00:00:00Z,0.00007225,21.18687463
2025-07-14T08:00:00Z,0.00010000,21.83319732
2025-07-14T16:00:00Z,0.00010000,21.45144217
2025-07-15T00:00:00Z,0.00004688,21.25936561
2025-07-15T08:00:00Z,0.00008674,20.73250923
2025-07-15T16:00:00Z,0.00006731,21.17400000
2025-07-16T00:00:00Z,0.00010000,22.50400000
2025-07-16T08:00:00Z,0.00010000,21.97900000
2025-07-16T16:00:00Z,0.00010000,22.09986714
2025-07-17T00:00:00Z,0.00010000,22.65589602
2025-07-17T08:00:00Z,0.00010000,22.68900000
2025-07-17T16:00:00Z,0.00010000,22.72100000
2025-07-18T00:00:00Z,0.00010000,23.91407772
2025-07-18T08:00:00Z,0.00010000,24.34557340
2025-07-18T16:00:00Z,0.00010000,23.76358021
2025-07-19T00:00:00Z,0.00010000,23.51079982
2025-07-19T08:00:00Z,0.00010000,23.71000000
2025-07-19T16:00:00Z,0.00010000,23.63705106
2025-07-20T00:00:00Z,0.00010000,24.48363292
2025-07-20T08:00:00Z,0.00010000,24.69680249
2025-07-20T16:00:00Z,0.00010000,25.40356403
2025-07-21T00:00:00Z,0.00010000,25.04188189
2025-07-21T08:00:00Z,0.00010000,25.83035322
2025-07-21T16:00:00Z,0.00010000,25.90196505
2025-07-22T00:00:00Z,0.00010000,25.43305476
2025-07-22T08:00:00Z,0.00010000,25.65645796
2025-07-22T16:00:00Z,0.00010000,24.96790393
2025-07-23T00:00:00Z,0.00010000,25.89611862
2025-07-23T08:00:00Z,0.00010000,25.35212148
2025-07-23T16:00:00Z,0.00010000,24.35200000
2025-07-24T00:00:00Z,0.00010000,23.94100000
2025-07-24T08:00:00Z,0.00007045,23.25700000
2025-07-24T16:00:00Z,0.00010000,24.17944640
2025-07-25T00:00:00Z,0.00010000,23.65500000
2025-07-25T08:00:00Z,0.00001297,23.09851839
2025-07-25T16:00:00Z,0.00010000,23.19400000
2025-07-26T00:00:00Z,0.00010000,24.00300000
2025-07-26T08:00:00Z,0.00010000,24.08174728
2025-07-26T16:00:00Z,0.00010000,24.82013519
2025-07-27T00:00:00Z,0.00010000,24.93200000
2025-07-27T08:00:00Z,0.00010000,25.01597650
2025-07-27T16:00:00Z,0.00010000,25.02700000
2025-07-28T00:00:00Z,0.00010000,26.05522495
2025-07-28T08:00:00Z,0.00010000,26.55200000
2025-07-28T16:00:00Z,0.00010000,26.06395030
2025-07-29T00:00:00Z,0.00010000,25.19148556
2025-07-29T08:00:00Z,0.00005839,25.45100000
2025-07-29T16:00:00Z,0.00004066,24.30695031
2025-07-30T00:00:00Z,-0.00001345,24.35800000
2025-07-30T08:00:00Z,-0.00000516,23.99400000
2025-07-30T16:00:00Z,0.00004371,23.22073836
2025-07-31T00:00:00Z,0.00003826,23.30100000
2025-07-31T08:00:00Z,0.00007595,23.87300000
2025-07-31T16:00:00Z,-0.00002256,23.09189042
2025-08-01T00:00:00Z,-0.00005463,22.45089641
2025-08-01T08:00:00Z,0.00005662,22.14738937
2025-08-01T16:00:00Z,0.00002547,22.08369075
2025-08-02T00:00:00Z,0.00010000,21.50900000
2025-08-02T08:00:00Z,0.00010000,21.65600000
2025-08-02T16:00:00Z,0.00006685,21.20800000
2025-08-03T00:00:00Z,0.00010000,20.85373908
2025-08-03T08:00:00Z,0.00008227,21.16400000
2025-08-03T16:00:00Z,0.00005055,21.41400000
2025-08-04T00:00:00Z,0.00000325,21.35900000
2025-08-04T08:00:00Z,-0.00001958,21.91890158
2025-08-04T16:00:00Z,0.00002688,22.34521506
2025-08-05T00:00:00Z,0.00006070,23.10746793
2025-08-05T08:00:00Z,0.00003299,22.21000000
2025-08-05T16:00:00Z,0.00010000,21.71088824
2025-08-06T00:00:00Z,0.00000959,21.89614070
2025-08-06T08:00:00Z,0.00010000,22.23700000
2025-08-06T16:00:00Z,0.00006205,22.33538349
2025-08-07T00:00:00Z,0.00009385,22.22000000
2025-08-07T08:00:00Z,0.00010000,22.20400000
2025-08-07T16:00:00Z,0.00010000,22.64900000
2025-08-08T00:00:00Z,0.00010000,23.35388587
2025-08-08T08:00:00Z,0.00010000,23.47800000
2025-08-08T16:00:00Z,0.00010000,23.18559432
2025-08-09T00:00:00Z,0.00010000,23.79123331
2025-08-09T08:00:00Z,0.00010000,24.41327749
2025-08-09T16:00:00Z,0.00010000,24.16244739
2025-08-10T00:00:00Z,0.00010000,24.24100000
2025-08-10T08:00:00Z,0.00010000,23.48200000
2025-08-10T16:00:00Z,0.00010000,23.94987559
2025-08-11T00:00:00Z,0.00010000,23.83000000
2025-08-11T08:00:00Z,0.00010000,24.09964581
2025-08-11T16:00:00Z,0.00002384,23.73912042
2025-08-12T00:00:00Z,-0.00000022,22.77500000
2025-08-12T08:00:00Z,0.00004313,23.12000000
2025-08-12T16:00:00Z,0.00010000,24.19822642
2025-08-13T00:00:00Z,0.00010000,24.68400000
2025-08-13T08:00:00Z,0.00010000,24.76241285
2025-08-13T16:00:00Z,0.00010000,25.00000000
2025-08-14T00:00:00Z,0.00010000,25.47922407
2025-08-14T08:00:00Z,0.00010000,25.29832426
2025-08-14T16:00:00Z,0.00010000,23.87000000
2025-08-15T00:00:00Z,0.00002695,23.65003605
2025-08-15T08:00:00Z,0.00010000,25.41867448
2025-08-15T16:00:00Z,0.00010000,23.68390070
2025-08-16T00:00:00Z,-0.00014130,23.75531035
2025-08-16T08:00:00Z,0.00001004,23.99020478
2025-08-16T16:00:00Z,0.00007213,24.19900000
2025-08-17T00:00:00Z,0.00008594,24.29000000
2025-08-17T08:00:00Z,0.00010000,24.55300000
2025-08-17T16:00:00Z,0.00010000,25.41194689
2025-08-18T00:00:00Z,0.00010000,25.06537160
2025-08-18T08:00:00Z,-0.00016208,23.51666352
2025-08-18T16:00:00Z,-0.00007532,23.76159246
2025-08-19T00:00:00Z,0.00007399,23.68200000
2025-08-19T08:00:00Z,-0.00009655,23.02600000
2025-08-19T16:00:00Z,0.00001440,22.77400000
2025-08-20T00:00:00Z,0.00004597,22.35638875
2025-08-20T08:00:00Z,-0.00000858,22.76800000
2025-08-20T16:00:00Z,0.00010000,23.09500000
2025-08-21T00:00:00Z,0.00010000,23.45132426
2025-08-21T08:00:00Z,0.00010000,23.39822394
2025-08-21T16:00:00Z,0.00010000,22.93000000
2025-08-22T00:00:00Z,0.00010000,22.76900000
2025-08-22T08:00:00Z,0.00010000,23.04925020
2025-08-22T16:00:00Z,0.00010000,24.27022734
2025-08-23T00:00:00Z,0.00010000,25.26278218
2025-08-23T08:00:00Z,0.00010000,25.32695962
2025-08-23T16:00:00Z,0.00010000,25.66000000
2025-08-24T00:00:00Z,0.00010000,26.26300000
2025-08-24T08:00:00Z,0.00010000,25.45500000
2025-08-24T16:00:00Z,0.00010000,25.51495083
2025-08-25T00:00:00Z,0.00010000,25.81997711
2025-08-25T08:00:00Z,0.00010000,24.27970269
2025-08-25T16:00:00Z,-0.00007257,24.17291360
2025-08-26T00:00:00Z,-0.00008551,23.33900000
2025-08-26T08:00:00Z,-0.00001087,23.28800000
2025-08-26T16:00:00Z,0.00006382,23.68157335
2025-08-27T00:00:00Z,0.00010000,24.17223385
2025-08-27T08:00:00Z,0.00010000,24.31558065
2025-08-27T16:00:00Z,0.00010000,24.98100000
2025-08-28T00:00:00Z,0.00010000,24.42296220
2025-08-28T08:00:00Z,0.00010000,24.70314842
2025-08-28T16:00:00Z,0.00007493,24.58402408
2025-08-29T00:00:00Z,0.00010000,24.92800000
2025-08-29T08:00:00Z,0.00010000,24.14800000
2025-08-29T16:00:00Z,0.00002413,23.51700000
2025-08-30T00:00:00Z,0.00007189,23.53809729
2025-08-30T08:00:00Z,0.00010000,23.81000000
2025-08-30T16:00:00Z,0.00005072,23.91700000
2025-08-31T00:00:00Z,0.00008643,23.77009579
2025-08-31T08:00:00Z,0.00010000,23.85900000
2025-08-31T16:00:00Z,0.00010000,24.04500000
2025-09-01T00:00:00Z,-0.00000998,23.38200000
2025-09-01T08:00:00Z,-0.00007953,23.77700000
2025-09-01T16:00:00Z,0.00010000,23.65714003
2025-09-02T00:00:00Z,-0.00010841,23.20500000
2025-09-02T08:00:00Z,0.00010000,23.90117585
2025-09-02T16:00:00Z,0.00010000,23.60800000
2025-09-03T00:00:00Z,0.00010000,24.46105878
2025-09-03T08:00:00Z,0.00010000,24.74596136
2025-09-03T16:00:00Z,0.00010000,25.44900000
2025-09-04T00:00:00Z,0.00010000,25.19700000
2025-09-04T08:00:00Z,0.00010000,24.75900000
2025-09-04T16:00:00Z,0.00010000,24.72166894
2025-09-05T00:00:00Z,0.00003477,24.20200000
2025-09-05T08:00:00Z,0.00004504,24.84341238
2025-09-05T16:00:00Z,0.00010000,24.30300000
2025-09-06T00:00:00Z,0.00010000,24.46500000
2025-09-06T08:00:00Z,0.00005766,24.24700000
2025-09-06T16:00:00Z,0.00010000,24.21511476
2025-09-07T00:00:00Z,0.00010000,24.36742097
2025-09-07T08:00:00Z,0.00010000,24.53808501
2025-09-07T16:00:00Z,0.00010000,24.60617668
2025-09-08T00:00:00Z,0.00010000,24.68300000
2025-09-08T08:00:00Z,0.00010000,24.87600000
2025-09-08T16:00:00Z,0.00010000,25.72387222
2025-09-09T00:00:00Z,0.00010000,25.28534406
2025-09-09T08:00:00Z,0.00010000,25.90900000
2025-09-09T16:00:00Z,0.00010000,25.93117146
2025-09-10T00:00:00Z,0.00010000,25.93100000
2025-09-10T08:00:00Z,0.00010000,26.92220517
2025-09-10T16:00:00Z,0.00010000,28.66039794
2025-09-11T00:00:00Z,0.00010000,29.47400000
2025-09-11T08:00:00Z,0.00010000,28.76600000
2025-09-11T16:00:00Z,0.00009879,28.92000000
2025-09-12T00:00:00Z,0.00004899,29.13329076
2025-09-12T08:00:00Z,0.00006657,28.66744136
2025-09-12T16:00:00Z,-0.00001437,28.53352645
2025-09-13T00:00:00Z,0.00007266,28.96982678
2025-09-13T08:00:00Z,0.00010000,30.85000000
2025-09-13T16:00:00Z,0.00010000,29.81300000
2025-09-14T00:00:00Z,-0.00009514,30.06915627
2025-09-14T08:00:00Z,0.00004558,29.95200000
2025-09-14T16:00:00Z,0.00004187,29.10658267
2025-09-15T00:00:00Z,0.00010000,29.43373278
2025-09-15T08:00:00Z,-0.00004093,29.17021291
2025-09-15T16:00:00Z,-0.00002835,28.47700000
2025-09-16T00:00:00Z,0.00010000,29.79562436
2025-09-16T08:00:00Z,0.00010000,30.61576630
2025-09-16T16:00:00Z,0.00010000,30.10600000
2025-09-17T00:00:00Z,0.00001000,30.06031482
2025-09-17T08:00:00Z,0.00001351,30.10963033
2025-09-17T16:00:00Z,-0.00000996,29.49642466
2025-09-18T00:00:00Z,0.00010000,31.81910462
2025-09-18T08:00:00Z,0.00010000,32.79965240
2025-09-18T16:00:00Z,0.00010000,33.13600727
2025-09-19T00:00:00Z,0.00010000,35.18682045
2025-09-19T08:00:00Z,0.00010000,34.42936513
2025-09-19T16:00:00Z,0.00010000,33.93500000
2025-09-20T00:00:00Z,0.00010000,33.71900000
2025-09-20T08:00:00Z,0.00000035,33.92300000
2025-09-20T16:00:00Z,-0.00004382,33.59399513
2025-09-21T00:00:00Z,-0.00005963,33.15400000
2025-09-21T08:00:00Z,0.00010000,32.96200000
2025-09-21T16:00:00Z,0.00007117,33.03398389
2025-09-22T00:00:00Z,0.00001599,33.02600000
2025-09-22T08:00:00Z,-0.00002971,30.53000000
2025-09-22T16:00:00Z,0.00010000,31.95700000
2025-09-23T00:00:00Z,0.00010000,33.85782489
2025-09-23T08:00:00Z,0.00010000,34.95550445
2025-09-23T16:00:00Z,0.00010000,35.13900000
2025-09-24T00:00:00Z,-0.00002640,33.58625932
2025-09-24T08:00:00Z,0.00002535,34.12000000
2025-09-24T16:00:00Z,0.00007734,34.48300000
2025-09-25T00:00:00Z,-0.00002175,32.29500000
2025-09-25T08:00:00Z,0.00000137,30.71400000
2025-09-25T16:00:00Z,0.00009259,30.23700000
2025-09-26T00:00:00Z,0.00002414,28.62800000
2025-09-26T08:00:00Z,0.00009031,28.26300000
2025-09-26T16:00:00Z,0.00002573,27.87506359
2025-09-27T00:00:00Z,-0.00000283,29.08100000
2025-09-27T08:00:00Z,0.00010000,28.65900000
2025-09-27T16:00:00Z,0.00000709,28.67500000
2025-09-28T00:00:00Z,0.00010000,28.73600000
2025-09-28T08:00:00Z,0.00010000,28.37485056
2025-09-28T16:00:00Z,0.00010000,28.80700000
2025-09-29T00:00:00Z,0.00010000,29.98557972
2025-09-29T08:00:00Z,0.00004536,29.56259528
2025-09-29T16:00:00Z,0.00005735,30.44945175
2025-09-30T00:00:00Z,0.00009104,30.39400000
2025-09-30T08:00:00Z,-0.00002524,29.50500000
2025-09-30T16:00:00Z,-0.00000612,29.05700000
2025-10-01T00:00:00Z,0.00010000,30.01099818
2025-10-01T08:00:00Z,0.00010000,30.00405541
2025-10-01T16:00:00Z,0.00001998,30.56888723
2025-10-02T00:00:00Z,0.00009717,30.72000000
2025-10-02T08:00:00Z,-0.00001316,30.56700000
2025-10-02T16:00:00Z,-0.00008954,29.99500000
2025-10-03T00:00:00Z,0.00010000,30.96537232
2025-10-03T08:00:00Z,0.00010000,30.15900000
2025-10-03T16:00:00Z,-0.00005156,31.22500000
2025-10-04T00:00:00Z,0.00010000,31.31600000
2025-10-04T08:00:00Z,0.00010000,30.79222083
2025-10-04T16:00:00Z,-0.00014455,29.91000000
2025-10-05T00:00:00Z,-0.00016766,30.10056861
2025-10-05T08:00:00Z,0.00010000,31.06700000
2025-10-05T16:00:00Z,-0.00009755,30.22400000
2025-10-06T00:00:00Z,-0.00018863,30.05167070
2025-10-06T08:00:00Z,0.00010000,30.29378355
2025-10-06T16:00:00Z,0.00010000,30.83220907
2025-10-07T00:00:00Z,0.00010000,30.61243267
2025-10-07T08:00:00Z,0.00010000,30.09181838
2025-10-07T16:00:00Z,-0.00016040,28.51987919
2025-10-08T00:00:00Z,0.00004142,27.91439587
2025-10-08T08:00:00Z,-0.00003537,28.27811312
2025-10-08T16:00:00Z,-0.00001182,28.27600000
2025-10-09T00:00:00Z,0.00010000,28.80678808
2025-10-09T08:00:00Z,0.00010000,28.35605981
2025-10-09T16:00:00Z,0.00006446,27.95477882
2025-10-10T00:00:00Z,0.00010000,28.37400000
2025-10-10T08:00:00Z,0.00010000,28.21186916
2025-10-10T16:00:00Z,0.00010000,26.97900000
2025-10-11T00:00:00Z,0.00010000,20.61193209
2025-10-11T08:00:00Z,-0.00026718,22.19616095
2025-10-11T16:00:00Z,-0.00027333,22.79600000
2025-10-12T00:00:00Z,-0.00009953,21.44375004
2025-10-12T08:00:00Z,-0.00023162,21.35790423
2025-10-12T16:00:00Z,-0.00053536,22.33956307
2025-10-13T00:00:00Z,-0.00066280,22.47700000
2025-10-13T08:00:00Z,-0.00051614,22.68440908
2025-10-13T16:00:00Z,-0.00014938,22.79200000
2025-10-14T00:00:00Z,0.00002897,23.79800000
2025-10-14T08:00:00Z,-0.00015632,22.13836068
2025-10-14T16:00:00Z,-0.00029769,22.78264095
2025-10-15T00:00:00Z,0.00002027,22.72572250
2025-10-15T08:00:00Z,-0.00008911,22.95707866
2025-10-15T16:00:00Z,-0.00026345,21.91264081
2025-10-16T00:00:00Z,-0.00020520,21.88600000
2025-10-16T08:00:00Z,-0.00020345,21.85800000
2025-10-16T16:00:00Z,-0.00004769,21.13572748
2025-10-17T00:00:00Z,-0.00025880,20.95900000
2025-10-17T08:00:00Z,0.00007469,19.38872576
2025-10-17T16:00:00Z,-0.00002137,19.93327392
2025-10-18T00:00:00Z,0.00007571,19.94400000
2025-10-18T08:00:00Z,0.00003564,20.15600000
2025-10-18T16:00:00Z,0.00005427,20.01893725
2025-10-19T00:00:00Z,0.00003651,20.20500000
2025-10-19T08:00:00Z,0.00005833,19.94434021
2025-10-19T16:00:00Z,0.00005545,20.72600000
2025-10-20T00:00:00Z,-0.00004892,20.58505452
2025-10-20T08:00:00Z,0.00007537,20.90880409
2025-10-20T16:00:00Z,-0.00017217,20.59700000
2025-10-21T00:00:00Z,0.00010000,20.33300000
2025-10-21T08:00:00Z,-0.00012126,19.76236896
2025-10-21T16:00:00Z,0.00007501,20.76011429
2025-10-22T00:00:00Z,0.00010000,19.53000000
2025-10-22T08:00:00Z,-0.00008648,19.55700000
2025-10-22T16:00:00Z,0.00000338,19.53612960
2025-10-23T00:00:00Z,-0.00000938,19.00609307
2025-10-23T08:00:00Z,-0.00008649,19.53755993
2025-10-23T16:00:00Z,0.00010000,19.54238590
2025-10-24T00:00:00Z,0.00010000,19.12244302
2025-10-24T08:00:00Z,0.00010000,19.48800000
2025-10-24T16:00:00Z,-0.00002149,19.25800000
2025-10-25T00:00:00Z,0.00010000,19.49200000
2025-10-25T08:00:00Z,0.00010000,19.34770898
2025-10-25T16:00:00Z,-0.00000114,19.51900000
2025-10-26T00:00:00Z,0.00010000,19.71180378
2025-10-26T08:00:00Z,0.00004657,19.69706549
2025-10-26T16:00:00Z,0.00002498,20.40330886
2025-10-27T00:00:00Z,0.00009672,20.81500000
2025-10-27T08:00:00Z,-0.00006474,20.80300000
2025-10-27T16:00:00Z,0.00006498,20.44914357
2025-10-28T00:00:00Z,-0.00014360,20.31760852
2025-10-28T08:00:00Z,-0.00006008,20.29314080
2025-10-28T16:00:00Z,-0.00007477,19.99092080
2025-10-29T00:00:00Z,-0.00015923,19.46416514
2025-10-29T08:00:00Z,-0.00001607,19.59100000
2025-10-29T16:00:00Z,-0.00001011,19.42600000
2025-10-30T00:00:00Z,0.00007321,19.65200000
2025-10-30T08:00:00Z,-0.00006709,19.82700000
2025-10-30T16:00:00Z,-0.00039812,18.22050030
2025-10-31T00:00:00Z,-0.00032409,18.10100000
2025-10-31T08:00:00Z,-0.00017287,18.24300000
2025-10-31T16:00:00Z,-0.00016495,18.27066507
2025-11-01T00:00:00Z,-0.00005841,18.18400000
2025-11-01T08:00:00Z,-0.00004186,18.49859862
2025-11-01T16:00:00Z,0.00008591,18.62500000
2025-11-02T00:00:00Z,0.00005762,18.71773460
2025-11-02T08:00:00Z,0.00002421,18.95000000
2025-11-02T16:00:00Z,-0.00006520,18.26877623
2025-11-03T00:00:00Z,-0.00022845,18.80100000
2025-11-03T08:00:00Z,-0.00045881,17.46733725
2025-11-03T16:00:00Z,-0.00022582,16.35169863
2025-11-04T00:00:00Z,-0.00032402,16.64500000
2025-11-04T08:00:00Z,0.00003225,16.15288586
2025-11-04T16:00:00Z,0.00004729,16.41400000
2025-11-05T00:00:00Z,0.00004429,15.98065405
2025-11-05T08:00:00Z,0.00003148,16.53600000
2025-11-05T16:00:00Z,-0.00007199,16.74915062
2025-11-06T00:00:00Z,0.00009319,16.60588732
2025-11-06T08:00:00Z,-0.00001947,16.27617292
2025-11-06T16:00:00Z,-0.00007415,15.84100000
2025-11-07T00:00:00Z,-0.00001097,16.12196215
2025-11-07T08:00:00Z,0.00008768,16.91055547
2025-11-07T16:00:00Z,0.00002819,16.80768711
2025-11-08T00:00:00Z,0.00010000,17.74000000
2025-11-08T08:00:00Z,0.00010000,17.85420008
2025-11-08T16:00:00Z,0.00000292,17.13000000
2025-11-09T00:00:00Z,-0.00002506,17.48800000
2025-11-09T08:00:00Z,-0.00007441,17.12400000
2025-11-09T16:00:00Z,-0.00009611,17.68300000
2025-11-10T00:00:00Z,0.00006986,17.76400000
2025-11-10T08:00:00Z,-0.00005556,17.99295828
2025-11-10T16:00:00Z,-0.00011515,17.93100000
2025-11-11T00:00:00Z,0.00000493,18.16600000
2025-11-11T08:00:00Z,-0.00006623,17.54700000
2025-11-11T16:00:00Z,-0.00013108,17.62117145
2025-11-12T00:00:00Z,-0.00003555,16.99600000
2025-11-12T08:00:00Z,-0.00027446,17.13114056
2025-11-12T16:00:00Z,-0.00007449,17.02329704
2025-11-13T00:00:00Z,-0.00041211,16.80500000
2025-11-13T08:00:00Z,0.00004726,17.39178955
2025-11-13T16:00:00Z,0.00007101,16.95531421
2025-11-14T00:00:00Z,-0.00051425,16.08722153
2025-11-14T08:00:00Z,-0.00014474,15.91800000
2025-11-14T16:00:00Z,-0.00021089,15.50200000
2025-11-15T00:00:00Z,-0.00035835,15.11520861
2025-11-15T08:00:00Z,-0.00020236,15.62308638
2025-11-15T16:00:00Z,-0.00002679,15.60910210
2025-11-16T00:00:00Z,-0.00008437,15.52067319
2025-11-16T08:00:00Z,-0.00007318,15.73534181
2025-11-16T16:00:00Z,-0.00021347,15.07300000
2025-11-17T00:00:00Z,-0.00015899,15.13780558
2025-11-17T08:00:00Z,0.00002233,15.63000000
2025-11-17T16:00:00Z,0.00002362,15.24233211
2025-11-18T00:00:00Z,-0.00031184,14.51444152
2025-11-18T08:00:00Z,0.00010000,14.52780079
2025-11-18T16:00:00Z,0.00008149,14.72674918
2025-11-19T00:00:00Z,0.00010000,14.58000000
2025-11-19T08:00:00Z,-0.00036276,14.34852015
2025-11-19T16:00:00Z,0.00004941,14.05632377
2025-11-20T00:00:00Z,0.00010000,14.28179093
2025-11-20T08:00:00Z,0.00010000,14.36048369
2025-11-20T16:00:00Z,0.00010000,14.22100000
2025-11-21T00:00:00Z,-0.00012666,13.80300000
2025-11-21T08:00:00Z,-0.00025188,13.17019343
2025-11-21T16:00:00Z,-0.00006584,12.98952802
2025-11-22T00:00:00Z,-0.00026411,13.27900000
2025-11-22T08:00:00Z,-0.00019033,13.28085428
2025-11-22T16:00:00Z,-0.00030168,13.18122778
2025-11-23T00:00:00Z,-0.00007921,13.23000000
2025-11-23T08:00:00Z,-0.00004784,13.28300000
2025-11-23T16:00:00Z,-0.00030629,13.40721108
2025-11-24T00:00:00Z,-0.00013773,13.26700000
2025-11-24T08:00:00Z,0.00009762,13.44165193
2025-11-24T16:00:00Z,0.00001047,13.50424335
2025-11-25T00:00:00Z,0.00009583,13.88900000
2025-11-25T08:00:00Z,-0.00023848,13.87500000
2025-11-25T16:00:00Z,-0.00026325,13.90700000
2025-11-26T00:00:00Z,0.00010000,14.17434404
2025-11-26T08:00:00Z,-0.00015033,14.08100000
2025-11-26T16:00:00Z,-0.00022828,13.96868538
2025-11-27T00:00:00Z,0.00010000,14.94500000
2025-11-27T08:00:00Z,-0.00042724,14.93982897
2025-11-27T16:00:00Z,-0.00013988,14.95446861
2025-11-28T00:00:00Z,-0.00018374,15.01125602
2025-11-28T08:00:00Z,-0.00013977,15.00216049
2025-11-28T16:00:00Z,-0.00023493,15.08500000
2025-11-29T00:00:00Z,-0.00035723,14.83600000
2025-11-29T08:00:00Z,-0.00022956,14.66900000
2025-11-29T16:00:00Z,0.00006718,14.85355529
2025-11-30T00:00:00Z,-0.00023187,14.24129797
2025-11-30T08:00:00Z,-0.00017582,14.13272600
2025-11-30T16:00:00Z,-0.00022210,14.16361351
2025-12-01T00:00:00Z,-0.00022615,13.70500000
2025-12-01T08:00:00Z,-0.00029747,13.06500000
2025-12-01T16:00:00Z,-0.00007768,12.69495795
2025-12-02T00:00:00Z,-0.00031049,12.74833555
2025-12-02T08:00:00Z,-0.00015567,13.01650400
2025-12-02T16:00:00Z,0.00000849,13.67156336
2025-12-03T00:00:00Z,0.00010000,13.62300000
2025-12-03T08:00:00Z,0.00010000,14.12266154
2025-12-03T16:00:00Z,0.00002826,14.16300000
2025-12-04T00:00:00Z,0.00010000,14.77600000
2025-12-04T08:00:00Z,-0.00002219,14.71200000
2025-12-04T16:00:00Z,0.00005795,14.74055455
2025-12-05T00:00:00Z,-0.00003530,14.39760402
2025-12-05T08:00:00Z,0.00000152,14.36000000
2025-12-05T16:00:00Z,-0.00048547,13.67000000
2025-12-06T00:00:00Z,-0.00031245,13.20228377
2025-12-06T08:00:00Z,-0.00029315,13.22700000
2025-12-06T16:00:00Z,-0.00018505,13.31016892
2025-12-07T00:00:00Z,-0.00016270,13.39400000
2025-12-07T08:00:00Z,-0.00001474,13.39395416
2025-12-07T16:00:00Z,-0.00006954,13.41942248
2025-12-08T00:00:00Z,-0.00002728,13.47300000
2025-12-08T08:00:00Z,0.00004090,13.68191207
2025-12-08T16:00:00Z,0.00004153,13.57487260
2025-12-09T00:00:00Z,0.00008315,13.63700000
2025-12-09T08:00:00Z,-0.00002959,13.72238059
2025-12-09T16:00:00Z,-0.00003152,14.12488201
2025-12-10T00:00:00Z,0.00010000,14.59995838
2025-12-10T08:00:00Z,0.00010000,14.60545737
2025-12-10T16:00:00Z,-0.00003527,14.23700000
2025-12-11T00:00:00Z,-0.00003851,14.10600000
2025-12-11T08:00:00Z,-0.00043297,13.38192739
2025-12-11T16:00:00Z,-0.00026648,12.99558745
2025-12-12T00:00:00Z,-0.00006569,13.40700000
2025-12-12T08:00:00Z,0.00010000,13.64800000
2025-12-12T16:00:00Z,0.00001966,12.89522654
2025-12-13T00:00:00Z,-0.00007446,13.10273612
2025-12-13T08:00:00Z,0.00010000,13.32500000
2025-12-13T16:00:00Z,0.00010000,13.35900000
2025-12-14T00:00:00Z,-0.00002531,13.36300000
2025-12-14T08:00:00Z,-0.00006531,13.23720521
2025-12-14T16:00:00Z,-0.00016370,13.01584748
2025-12-15T00:00:00Z,-0.00025413,12.86600000
2025-12-15T08:00:00Z,0.00010000,13.19193554
2025-12-15T16:00:00Z,-0.00018294,12.49135235
2025-12-16T00:00:00Z,-0.00027778,12.33900000
2025-12-16T08:00:00Z,-0.00007292,12.18537437
2025-12-16T16:00:00Z,-0.00012936,12.35000000
2025-12-17T00:00:00Z,0.00007735,12.33656474
2025-12-17T08:00:00Z,0.00005814,12.21559028
2025-12-17T16:00:00Z,0.00007046,12.14900000
2025-12-18T00:00:00Z,-0.00016516,11.86105069
2025-12-18T08:00:00Z,-0.00018937,11.75300000
2025-12-18T16:00:00Z,-0.00004017,12.18300000
2025-12-19T00:00:00Z,0.00000252,11.43100000
2025-12-19T08:00:00Z,0.00000892,11.92900000
2025-12-19T16:00:00Z,0.00008514,12.18431196
2025-12-20T00:00:00Z,0.00004946,12.25518761
2025-12-20T08:00:00Z,-0.00004413,12.32984845
2025-12-20T16:00:00Z,0.00007084,12.26600000
2025-12-21T00:00:00Z,-0.00009783,12.20100000
2025-12-21T08:00:00Z,-0.00002829,12.11600000
2025-12-21T16:00:00Z,-0.00019875,12.08600000
2025-12-22T00:00:00Z,0.00000222,12.14100000
2025-12-22T08:00:00Z,-0.00004666,12.18400000
2025-12-22T16:00:00Z,0.00007228,12.36937357
2025-12-23T00:00:00Z,-0.00040648,12.41000000
2025-12-23T08:00:00Z,-0.00017327,12.18663961
2025-12-23T16:00:00Z,-0.00030833,11.94330654
2025-12-24T00:00:00Z,0.00010000,12.17500000
2025-12-24T08:00:00Z,-0.00022531,11.97100000
2025-12-24T16:00:00Z,0.00001332,12.00400000
2025-12-25T00:00:00Z,0.00006002,12.10000000
2025-12-25T08:00:00Z,0.00010000,12.24457180
2025-12-25T16:00:00Z,0.00007241,12.34600000
2025-12-26T00:00:00Z,0.00010000,12.07141545
2025-12-26T08:00:00Z,0.00010000,12.40900000
2025-12-26T16:00:00Z,0.00001613,12.22600000
2025-12-27T00:00:00Z,0.00007759,12.33714402
2025-12-27T08:00:00Z,0.00010000,12.45134420
2025-12-27T16:00:00Z,0.00010000,12.55365344
2025-12-28T00:00:00Z,0.00010000,12.69100000
2025-12-28T08:00:00Z,0.00010000,12.79100000
2025-12-28T16:00:00Z,0.00004229,12.72700000
2025-12-29T00:00:00Z,-0.00003938,12.63600000
2025-12-29T08:00:00Z,0.00010000,13.01000000
2025-12-29T16:00:00Z,-0.00007252,12.69234332
2025-12-30T00:00:00Z,-0.00019558,12.37188472
2025-12-30T08:00:00Z,-0.00001846,12.42200000
2025-12-30T16:00:00Z,0.00006737,12.58531623
2025-12-31T00:00:00Z,-0.00001228,12.57500000
2025-12-31T08:00:00Z,0.00010000,12.54100000
2025-12-31T16:00:00Z,-0.00004850,12.46100000
2026-01-01T00:00:00Z,-0.00032128,12.31222853
2026-01-01T08:00:00Z,-0.00017522,12.26970802
2026-01-01T16:00:00Z,0.00010000,12.52020642
2026-01-02T00:00:00Z,0.00010000,13.58400000
2026-01-02T08:00:00Z,0.00010000,13.39654175
2026-01-02T16:00:00Z,0.00010000,13.28700000
2026-01-03T00:00:00Z,0.00000628,13.80918361
2026-01-03T08:00:00Z,0.00010000,13.72574400
2026-01-03T16:00:00Z,0.00010000,13.86183464
2026-01-04T00:00:00Z,0.00002393,13.97800000
2026-01-04T08:00:00Z,-0.00007504,14.03210041
2026-01-04T16:00:00Z,-0.00003204,14.18501746
2026-01-05T00:00:00Z,0.00005057,14.24503339
2026-01-05T08:00:00Z,-0.00003513,14.27316171
2026-01-05T16:00:00Z,0.00002317,14.17689333
2026-01-06T00:00:00Z,0.00010000,14.44600000
2026-01-06T08:00:00Z,-0.00002719,14.27100000
2026-01-06T16:00:00Z,0.00008095,14.52500000
2026-01-07T00:00:00Z,0.00010000,14.59233528
2026-01-07T08:00:00Z,-0.00022571,14.51500000
2026-01-07T16:00:00Z,-0.00023088,13.99900000
2026-01-08T00:00:00Z,0.00003646,14.11300000
2026-01-08T08:00:00Z,-0.00002932,13.89400000
2026-01-08T16:00:00Z,-0.00004638,13.93602499
2026-01-09T00:00:00Z,0.00008719,13.88134086
2026-01-09T08:00:00Z,0.00005423,13.92500000
2026-01-09T16:00:00Z,0.00002423,13.97000000
2026-01-10T00:00:00Z,0.00007392,13.78813327
2026-01-10T08:00:00Z,0.00004184,13.80400000
2026-01-10T16:00:00Z,0.00010000,13.82766523
2026-01-11T00:00:00Z,0.00002517,13.72897554
2026-01-11T08:00:00Z,0.00006140,13.81200000
2026-01-11T16:00:00Z,0.00003998,13.79800000
2026-01-12T00:00:00Z,-0.00008889,13.68900000
2026-01-12T08:00:00Z,0.00010000,13.73000000
2026-01-12T16:00:00Z,-0.00020954,13.86600000
2026-01-13T00:00:00Z,0.00002736,13.51145411
2026-01-13T08:00:00Z,0.00006528,13.71105915
2026-01-13T16:00:00Z,0.00010000,14.35933986
2026-01-14T00:00:00Z,0.00010000,14.75470497
2026-01-14T08:00:00Z,0.00010000,14.68169768
2026-01-14T16:00:00Z,0.00010000,14.75745172
2026-01-15T00:00:00Z,0.00010000,14.60235000
2026-01-15T08:00:00Z,0.00003052,14.34400000
2026-01-15T16:00:00Z,0.00006731,14.04629098
2026-01-16T00:00:00Z,-0.00008092,13.81781585
2026-01-16T08:00:00Z,-0.00010694,13.80500000
2026-01-16T16:00:00Z,-0.00008500,13.39700000
2026-01-17T00:00:00Z,-0.00006898,13.57699266
2026-01-17T08:00:00Z,-0.00006190,13.59900000
2026-01-17T16:00:00Z,0.00006693,13.89090597
2026-01-18T00:00:00Z,0.00005900,13.73828720
2026-01-18T08:00:00Z,-0.00015182,13.61850908
2026-01-18T16:00:00Z,-0.00011080,13.56179159
2026-01-19T00:00:00Z,-0.00002658,12.97600000
2026-01-19T08:00:00Z,-0.00013154,12.63843893
2026-01-19T16:00:00Z,-0.00006765,12.71865024
2026-01-20T00:00:00Z,0.00006924,12.72835786
2026-01-20T08:00:00Z,0.00004469,12.55148547
2026-01-20T16:00:00Z,-0.00006301,12.39200000
2026-01-21T00:00:00Z,-0.00010767,12.08600000
2026-01-21T08:00:00Z,-0.00004449,12.22700000
2026-01-21T16:00:00Z,-0.00013232,12.39213727
2026-01-22T00:00:00Z,-0.00016248,12.40663360
2026-01-22T08:00:00Z,-0.00013554,12.42400000
2026-01-22T16:00:00Z,-0.00013209,12.16350068
2026-01-23T00:00:00Z,0.00003615,12.18945252
2026-01-23T08:00:00Z,-0.00005667,12.12482384
2026-01-23T16:00:00Z,-0.00002167,12.22500000
2026-01-24T00:00:00Z,-0.00010217,12.12074720
2026-01-24T08:00:00Z,-0.00009832,12.11403956
2026-01-24T16:00:00Z,-0.00010302,12.02762398
2026-01-25T00:00:00Z,-0.00011989,12.04048473
2026-01-25T08:00:00Z,-0.00002698,11.92700000
2026-01-25T16:00:00Z,0.00001641,11.84604923
2026-01-26T00:00:00Z,-0.00008031,11.49100000
2026-01-26T08:00:00Z,-0.00001959,11.68100000
2026-01-26T16:00:00Z,-0.00006103,11.74800000
2026-01-27T00:00:00Z,-0.00002800,11.71362535
2026-01-27T08:00:00Z,-0.00017009,11.75010750
2026-01-27T16:00:00Z,-0.00009695,11.71568388
2026-01-28T00:00:00Z,0.00008299,12.12700000
2026-01-28T08:00:00Z,-0.00010146,12.07852524
2026-01-28T16:00:00Z,-0.00004468,12.00702585
2026-01-29T00:00:00Z,-0.00003268,12.06858235
2026-01-29T08:00:00Z,-0.00010514,11.79429909
2026-01-29T16:00:00Z,-0.00040579,10.98900000
2026-01-30T00:00:00Z,-0.00025243,11.03400000
2026-01-30T08:00:00Z,-0.00010311,10.94864080
2026-01-30T16:00:00Z,-0.00008556,10.92993366
2026-01-31T00:00:00Z,-0.00004705,10.87277842
2026-01-31T08:00:00Z,-0.00018237,10.64700000
2026-01-31T16:00:00Z,-0.00009802,10.15900000
2026-02-01T00:00:00Z,-0.00027652,10.11472002
2026-02-01T08:00:00Z,-0.00002716,10.18400000
2026-02-01T16:00:00Z,-0.00000659,9.85400000
2026-02-02T00:00:00Z,-0.00019592,9.90800000
2026-02-02T08:00:00Z,-0.00008593,9.87800000
2026-02-02T16:00:00Z,-0.00007085,10.24003052
2026-02-03T00:00:00Z,-0.00007997,10.14100000
2026-02-03T08:00:00Z,-0.00020017,10.14300000
2026-02-03T16:00:00Z,-0.00013048,10.15100000
2026-02-04T00:00:00Z,0.00000707,9.92558777
2026-02-04T08:00:00Z,0.00000275,10.14601519
2026-02-04T16:00:00Z,-0.00007374,9.72355191
2026-02-05T00:00:00Z,0.00002379,9.71200000
2026-02-05T08:00:00Z,0.00000864,9.50084693
2026-02-05T16:00:00Z,-0.00004897,8.86100000
2026-02-06T00:00:00Z,-0.00002224,8.31063048
2026-02-06T08:00:00Z,-0.00011395,8.40900000
2026-02-06T16:00:00Z,-0.00010395,9.02929882
2026-02-07T00:00:00Z,-0.00012259,9.26877442
2026-02-07T08:00:00Z,-0.00003046,8.99403979
2026-02-07T16:00:00Z,0.00001478,9.17250996
2026-02-08T00:00:00Z,0.00000817,9.22028301
2026-02-08T08:00:00Z,-0.00002859,9.13700000
2026-02-08T16:00:00Z,-0.00010932,9.16921373
2026-02-09T00:00:00Z,-0.00001527,9.07846753
2026-02-09T08:00:00Z,-0.00005167,9.02552262
2026-02-09T16:00:00Z,-0.00003650,8.99500000
2026-02-10T00:00:00Z,0.00003100,9.04600000
2026-02-10T08:00:00Z,-0.00010413,8.81803965
2026-02-10T16:00:00Z,-0.00009657,8.77900000
2026-02-11T00:00:00Z,0.00004151,8.74900489
2026-02-11T08:00:00Z,-0.00020844,8.57437426
2026-02-11T16:00:00Z,-0.00017654,8.51300000
2026-02-12T00:00:00Z,-0.00016221,8.62821399
2026-02-12T08:00:00Z,-0.00002035,8.81315076
2026-02-12T16:00:00Z,-0.00004439,8.79900000
2026-02-13T00:00:00Z,0.00006568,8.90100000
2026-02-13T08:00:00Z,-0.00007825,8.82857920
2026-02-13T16:00:00Z,0.00000244,9.10100000
2026-02-14T00:00:00Z,0.00004457,9.14000000
2026-02-14T08:00:00Z,0.00001984,9.19403769
2026-02-14T16:00:00Z,0.00008281,9.37800000
2026-02-15T00:00:00Z,0.00004932,9.59000000
2026-02-15T08:00:00Z,0.00007451,9.69400000
2026-02-15T16:00:00Z,-0.00005073,9.38000000
2026-02-16T00:00:00Z,-0.00012161,9.27700000
2026-02-16T08:00:00Z,0.00000878,9.25400000
2026-02-16T16:00:00Z,-0.00009667,9.07900000
2026-02-17T00:00:00Z,0.00010000,9.26022189
2026-02-17T08:00:00Z,-0.00002604,9.19500000
2026-02-17T16:00:00Z,0.00002971,9.07800000
2026-02-18T00:00:00Z,0.00010000,9.13500000
2026-02-18T08:00:00Z,-0.00003168,9.12400000
2026-02-18T16:00:00Z,-0.00000165,9.11678197
2026-02-19T00:00:00Z,-0.00018518,8.85239623
2026-02-19T08:00:00Z,-0.00012315,8.89800000
2026-02-19T16:00:00Z,-0.00020288,8.81970061
2026-02-20T00:00:00Z,0.00007332,8.89500000
2026-02-20T08:00:00Z,0.00010000,9.19361809
2026-02-20T16:00:00Z,-0.00001021,9.17200000
2026-02-21T00:00:00Z,0.00010000,9.16512542
2026-02-21T08:00:00Z,0.00010000,9.14918823
2026-02-21T16:00:00Z,0.00010000,9.27600000
2026-02-22T00:00:00Z,-0.00004892,9.11000000
2026-02-22T08:00:00Z,-0.00019539,9.01173377
2026-02-22T16:00:00Z,-0.00008429,8.87800000
2026-02-23T00:00:00Z,-0.00025411,8.87300000
2026-02-23T08:00:00Z,-0.00024751,8.55726671
2026-02-23T16:00:00Z,0.00005861,8.56454121
2026-02-24T00:00:00Z,-0.00007179,8.36049183
2026-02-24T08:00:00Z,-0.00014540,8.25243654
2026-02-24T16:00:00Z,-0.00019095,8.33191374
2026-02-25T00:00:00Z,-0.00005472,8.28262496
2026-02-25T08:00:00Z,-0.00000058,8.57100000
2026-02-25T16:00:00Z,0.00010000,9.52418650
2026-02-26T00:00:00Z,0.00010000,9.51301409
2026-02-26T08:00:00Z,0.00009521,9.32100000
2026-02-26T16:00:00Z,0.00001331,9.30570296
2026-02-27T00:00:00Z,0.00007697,9.30200000
2026-02-27T08:00:00Z,0.00010000,9.38200000
2026-02-27T16:00:00Z,-0.00011331,9.01160265
2026-02-28T00:00:00Z,-0.00011378,8.94757081
2026-02-28T08:00:00Z,-0.00003551,8.62455290
2026-02-28T16:00:00Z,-0.00007364,8.63042265
2026-03-01T00:00:00Z,0.00010000,9.16200000
2026-03-01T08:00:00Z,0.00010000,9.21300000
2026-03-01T16:00:00Z,0.00007448,9.13100000
2026-03-02T00:00:00Z,0.00000366,9.02980858
2026-03-02T08:00:00Z,0.00010000,8.92900000
2026-03-02T16:00:00Z,0.00003843,9.30671986
2026-03-03T00:00:00Z,0.00002090,9.17100000
2026-03-03T08:00:00Z,-0.00003858,9.10811105
2026-03-03T16:00:00Z,-0.00011151,9.16104799
2026-03-04T00:00:00Z,0.00008140,9.17500000
2026-03-04T08:00:00Z,0.00008291,9.18211061
2026-03-04T16:00:00Z,0.00010000,9.70316512
2026-03-05T00:00:00Z,0.00010000,9.49566060
2026-03-05T08:00:00Z,0.00001206,9.37651549
2026-03-05T16:00:00Z,0.00001535,9.40242653
2026-03-06T00:00:00Z,0.00007637,9.38030195
2026-03-06T08:00:00Z,-0.00006713,9.45113390
2026-03-06T16:00:00Z,-0.00022904,8.96820731
2026-03-07T00:00:00Z,-0.00000955,9.01255196
2026-03-07T08:00:00Z,-0.00006226,9.01000000
2026-03-07T16:00:00Z,-0.00014645,8.96191947
2026-03-08T00:00:00Z,-0.00013545,8.90200000
2026-03-08T08:00:00Z,-0.00014220,8.87635126
2026-03-08T16:00:00Z,0.00002183,8.86632554
2026-03-09T00:00:00Z,-0.00016421,8.81004499
2026-03-09T08:00:00Z,0.00010000,9.08080222
2026-03-09T16:00:00Z,0.00010000,9.27607545
2026-03-10T00:00:00Z,0.00010000,9.26000000
2026-03-10T08:00:00Z,0.00010000,9.39800000
2026-03-10T16:00:00Z,0.00010000,9.76400000
2026-03-11T00:00:00Z,0.00010000,9.52837513
2026-03-11T08:00:00Z,0.00004794,9.51300000
2026-03-11T16:00:00Z,0.00005721,9.59600000
2026-03-12T00:00:00Z,0.00003407,9.54900000
2026-03-12T08:00:00Z,-0.00001745,9.58257279
2026-03-12T16:00:00Z,-0.00004792,9.58637403
2026-03-13T00:00:00Z,0.00010000,9.67300000
2026-03-13T08:00:00Z,0.00010000,9.84700000
2026-03-13T16:00:00Z,0.00005978,9.89200000
2026-03-14T00:00:00Z,-0.00003892,9.71500000
2026-03-14T08:00:00Z,0.00006986,9.58800000
2026-03-14T16:00:00Z,-0.00017038,9.55611303
2026-03-15T00:00:00Z,-0.00012817,9.72851294
2026-03-15T08:00:00Z,0.00006670,9.71079724
2026-03-15T16:00:00Z,0.00010000,9.71083487
2026-03-16T00:00:00Z,0.00006667,9.94726356
2026-03-16T08:00:00Z,0.00010000,10.36600000
2026-03-16T16:00:00Z,0.00006928,10.07200000
2026-03-17T00:00:00Z,0.00006745,10.48333094
2026-03-17T08:00:00Z,-0.00009192,10.30639429
2026-03-17T16:00:00Z,-0.00007364,10.26165869
2026-03-18T00:00:00Z,0.00010000,10.18973163
2026-03-18T08:00:00Z,0.00000214,10.24200000
2026-03-18T16:00:00Z,-0.00018495,9.55957352
2026-03-19T00:00:00Z,-0.00005210,9.67800000
2026-03-19T08:00:00Z,0.00004224,9.51200000
2026-03-19T16:00:00Z,0.00003639,9.40400000
2026-03-20T00:00:00Z,-0.00006435,9.46700000
2026-03-20T08:00:00Z,0.00005319,9.52912510
2026-03-20T16:00:00Z,0.00007169,9.48355438
2026-03-21T00:00:00Z,-0.00001362,9.56688231
2026-03-21T08:00:00Z,0.00000980,9.58100000
2026-03-21T16:00:00Z,0.00010000,9.53508620
2026-03-22T00:00:00Z,0.00005271,9.21050227
2026-03-22T08:00:00Z,-0.00006941,9.18900000
2026-03-22T16:00:00Z,-0.00024677,9.09232643
2026-03-23T00:00:00Z,-0.00001936,9.01900000
2026-03-23T08:00:00Z,0.00004707,9.01700000
2026-03-23T16:00:00Z,0.00010000,9.41900000
2026-03-24T00:00:00Z,0.00002947,9.56148773
2026-03-24T08:00:00Z,0.00007594,9.60000000
2026-03-24T16:00:00Z,0.00004978,9.43900000
2026-03-25T00:00:00Z,0.00010000,9.62000000
2026-03-25T08:00:00Z,0.00010000,9.64589357
2026-03-25T16:00:00Z,0.00010000,9.66690558
2026-03-26T00:00:00Z,0.00010000,9.67974513
2026-03-26T08:00:00Z,-0.00002701,9.43400000
2026-03-26T16:00:00Z,-0.00003088,9.17700000
2026-03-27T00:00:00Z,-0.00019598,9.09628751
2026-03-27T08:00:00Z,-0.00006933,9.06100000
2026-03-27T16:00:00Z,-0.00009949,8.80200000
2026-03-28T00:00:00Z,-0.00006645,8.78500000
2026-03-28T08:00:00Z,-0.00012344,8.82710146
2026-03-28T16:00:00Z,0.00003463,8.93398443
2026-03-29T00:00:00Z,-0.00000891,8.75200000
2026-03-29T08:00:00Z,0.00001594,8.74717874
2026-03-29T16:00:00Z,-0.00002535,8.65900823
2026-03-30T00:00:00Z,-0.00000278,8.59395898
2026-03-30T08:00:00Z,0.00008233,8.91534521
2026-03-30T16:00:00Z,0.00010000,8.94355985
2026-03-31T00:00:00Z,0.00000830,8.80761067
2026-03-31T08:00:00Z,0.00005857,8.91509123
2026-03-31T16:00:00Z,0.00005153,8.73900000
2026-04-01T00:00:00Z,0.00004414,8.90870349
2026-04-01T08:00:00Z,0.00010000,9.34000000
2026-04-01T16:00:00Z,0.00005184,9.21200000
2026-04-02T00:00:00Z,-0.00003318,9.12502038
2026-04-02T08:00:00Z,-0.00021589,8.74049970
2026-04-02T16:00:00Z,-0.00007622,8.73278035
2026-04-03T00:00:00Z,-0.00006291,8.74603758
2026-04-03T08:00:00Z,0.00010000,8.89600000
2026-04-03T16:00:00Z,0.00010000,9.01100000
2026-04-04T00:00:00Z,0.00010000,8.91050823
2026-04-04T08:00:00Z,-0.00003734,8.87100000
2026-04-04T16:00:00Z,-0.00002070,8.95014077
2026-04-05T00:00:00Z,0.00010000,8.98500000
2026-04-05T08:00:00Z,0.00010000,8.79700000
2026-04-05T16:00:00Z,-0.00007541,8.87180933
2026-04-06T00:00:00Z,0.00007568,9.06353816
2026-04-06T08:00:00Z,0.00010000,9.38500000
2026-04-06T16:00:00Z,0.00010000,9.37907697
2026-04-07T00:00:00Z,0.00002909,8.89522083
2026-04-07T08:00:00Z,-0.00039068,8.64034002
2026-04-07T16:00:00Z,-0.00033297,8.58000000
2026-04-08T00:00:00Z,0.00010000,9.42806611
2026-04-08T08:00:00Z,0.00010000,9.39131111
2026-04-08T16:00:00Z,0.00010000,9.21942232
2026-04-09T00:00:00Z,0.00010000,9.04900000
2026-04-09T08:00:00Z,0.00010000,9.07600000
2026-04-09T16:00:00Z,0.00010000,9.33600000
2026-04-10T00:00:00Z,0.00010000,9.36100000
2026-04-10T08:00:00Z,0.00004899,9.27000000
2026-04-10T16:00:00Z,0.00006798,9.42047266
2026-04-11T00:00:00Z,0.00009138,9.39000000
2026-04-11T08:00:00Z,-0.00012922,9.27900000
2026-04-11T16:00:00Z,-0.00006367,9.32891322
2026-04-12T00:00:00Z,0.00010000,9.37214869
2026-04-12T08:00:00Z,-0.00010747,9.01600000
2026-04-12T16:00:00Z,-0.00002044,8.95600000
2026-04-13T00:00:00Z,0.00002741,9.02500000
2026-04-13T08:00:00Z,0.00003448,9.06100000
2026-04-13T16:00:00Z,0.00009669,9.20300000
2026-04-14T00:00:00Z,0.00010000,9.66030026
2026-04-14T08:00:00Z,0.00010000,9.41362778
2026-04-14T16:00:00Z,-0.00002119,9.42397492
2026-04-15T00:00:00Z,-0.00007680,9.29735749
2026-04-15T08:00:00Z,0.00008944,9.26500000
2026-04-15T16:00:00Z,0.00010000,9.36582417
2026-04-16T00:00:00Z,0.00010000,9.43000000
2026-04-16T08:00:00Z,0.00009049,9.50800000
2026-04-16T16:00:00Z,0.00004125,9.58200000
2026-04-17T00:00:00Z,0.00010000,9.72693789
2026-04-17T08:00:00Z,0.00001607,9.62138834
2026-04-17T16:00:00Z,0.00010000,9.81059482
2026-04-18T00:00:00Z,0.00002286,9.71769962
2026-04-18T08:00:00Z,0.00000169,9.69900000
2026-04-18T16:00:00Z,-0.00014487,9.40554946
2026-04-19T00:00:00Z,-0.00001700,9.32700000
2026-04-19T08:00:00Z,-0.00005152,9.20588722
2026-04-19T16:00:00Z,-0.00006607,9.27600000
2026-04-20T00:00:00Z,-0.00012451,8.99727744
2026-04-20T08:00:00Z,0.00006762,9.21300000
2026-04-20T16:00:00Z,0.00003814,9.22400000
2026-04-21T00:00:00Z,0.00010000,9.26900000
2026-04-21T08:00:00Z,0.00005977,9.33700000
2026-04-21T16:00:00Z,0.00010000,9.38500000
2026-04-22T00:00:00Z,0.00007630,9.38800000
2026-04-22T08:00:00Z,0.00010000,9.57127652
2026-04-22T16:00:00Z,0.00006902,9.54200000
2026-04-23T00:00:00Z,0.00001153,9.33000000
2026-04-23T08:00:00Z,-0.00010462,9.28200000
2026-04-23T16:00:00Z,0.00002475,9.39558591
2026-04-24T00:00:00Z,0.00001636,9.37600000
2026-04-24T08:00:00Z,0.00007408,9.36824634
2026-04-24T16:00:00Z,0.00010000,9.46059426
2026-04-25T00:00:00Z,0.00010000,9.39600000
2026-04-25T08:00:00Z,0.00009159,9.44600000
2026-04-25T16:00:00Z,0.00007239,9.34173699
2026-04-26T00:00:00Z,-0.00011823,9.35855455
2026-04-26T08:00:00Z,0.00007142,9.43197647
2026-04-26T16:00:00Z,0.00010000,9.48415242
2026-04-27T00:00:00Z,0.00004208,9.45004777
2026-04-27T08:00:00Z,-0.00018166,9.22600000
2026-04-27T16:00:00Z,-0.00018323,9.13200000
2026-04-28T00:00:00Z,-0.00001531,9.26437008
2026-04-28T08:00:00Z,0.00003606,9.17400000
2026-04-28T16:00:00Z,0.00003877,9.16275312
2026-04-29T00:00:00Z,0.00000318,9.17241901
2026-04-29T08:00:00Z,0.00010000,9.29454182
2026-04-29T16:00:00Z,-0.00003289,9.11291251
2026-04-30T00:00:00Z,-0.00008624,9.11900000
2026-04-30T08:00:00Z,-0.00000442,9.14800000
2026-04-30T16:00:00Z,-0.00001738,9.13200000
2026-05-01T00:00:00Z,0.00005137,9.08900000
2026-05-01T08:00:00Z,-0.00006777,9.09700000
2026-05-01T16:00:00Z,0.00010000,9.19443004
2026-05-02T00:00:00Z,-0.00008260,9.08446703
2026-05-02T08:00:00Z,-0.00008057,9.09000000
2026-05-02T16:00:00Z,0.00000087,9.15014516
2026-05-03T00:00:00Z,0.00010000,9.18109185
2026-05-03T08:00:00Z,-0.00020803,9.04952940
2026-05-03T16:00:00Z,0.00001803,9.10423491
2026-05-04T00:00:00Z,0.00006460,9.08000000
2026-05-04T08:00:00Z,0.00010000,9.23446517
2026-05-04T16:00:00Z,0.00002346,9.13900000
2026-05-05T00:00:00Z,-0.00001253,9.16900000
2026-05-05T08:00:00Z,0.00010000,9.33473044
2026-05-05T16:00:00Z,0.00010000,9.40700804
2026-05-06T00:00:00Z,0.00010000,9.40000844
2026-05-06T08:00:00Z,0.00010000,9.55842604
2026-05-06T16:00:00Z,0.00006940,9.61764065
2026-05-07T00:00:00Z,0.00010000,9.61010143
2026-05-07T08:00:00Z,0.00009263,9.67866867
2026-05-07T16:00:00Z,-0.00003445,9.40900000
2026-05-08T00:00:00Z,0.00005496,9.49873705
2026-05-08T08:00:00Z,0.00010000,9.51572688
2026-05-08T16:00:00Z,0.00010000,9.77800000
2026-05-09T00:00:00Z,0.00010000,9.90300000
2026-05-09T08:00:00Z,0.00005611,9.94344970
2026-05-09T16:00:00Z,0.00002991,9.83100000
2026-05-10T00:00:00Z,-0.00004902,9.95767600
2026-05-10T08:00:00Z,0.00004454,9.92400000
2026-05-10T16:00:00Z,0.00004816,10.14700000
2026-05-11T00:00:00Z,0.00010000,10.22200000
2026-05-11T08:00:00Z,-0.00005202,10.08800000
2026-05-11T16:00:00Z,0.00003243,10.23492870
2026-05-12T00:00:00Z,-0.00002100,10.13194329
2026-05-12T08:00:00Z,0.00010000,10.01260713
2026-05-12T16:00:00Z,-0.00002342,9.73602252
2026-05-13T00:00:00Z,-0.00005505,9.83000000
2026-05-13T08:00:00Z,0.00009612,10.00000000
2026-05-13T16:00:00Z,-0.00013419,9.63400000
2026-05-14T00:00:00Z,-0.00002688,9.75000000
2026-05-14T08:00:00Z,-0.00003792,9.70100000
2026-05-14T16:00:00Z,0.00010000,10.05354661
2026-05-15T00:00:00Z,0.00010000,9.90252647
2026-05-15T08:00:00Z,0.00001527,9.81100000
2026-05-15T16:00:00Z,-0.00016242,9.47900000
2026-05-16T00:00:00Z,-0.00004301,9.53380714
2026-05-16T08:00:00Z,-0.00007633,9.33642645
2026-05-16T16:00:00Z,0.00002605,9.31106048
2026-05-17T00:00:00Z,0.00010000,9.28684655
2026-05-17T08:00:00Z,0.00010000,9.31981167
2026-05-17T16:00:00Z,-0.00008989,9.29322017
2026-05-18T00:00:00Z,-0.00005667,9.19205698
2026-05-18T08:00:00Z,0.00005501,9.11100000
2026-05-18T16:00:00Z,-0.00001157,9.08700000
2026-05-19T00:00:00Z,0.00009745,9.24379873
2026-05-19T08:00:00Z,0.00010000,9.27393860
2026-05-19T16:00:00Z,0.00002424,9.09343679
2026-05-20T00:00:00Z,0.00001035,9.10000000
2026-05-20T08:00:00Z,0.00005233,9.20400000
2026-05-20T16:00:00Z,0.00006425,9.33600000
2026-05-21T00:00:00Z,-0.00000061,9.29200000
2026-05-21T08:00:00Z,0.00004028,9.46608727
2026-05-21T16:00:00Z,0.00003077,9.37300000
2026-05-22T00:00:00Z,0.00010000,9.44766415
2026-05-22T08:00:00Z,0.00007238,9.50500851
2026-05-22T16:00:00Z,0.00004737,9.42800000
2026-05-23T00:00:00Z,-0.00002318,9.14800000
2026-05-23T08:00:00Z,-0.00005244,8.91788984
2026-05-23T16:00:00Z,0.00002381,9.13092589
2026-05-24T00:00:00Z,0.00010000,9.38546667
2026-05-24T08:00:00Z,0.00006205,9.32200000
2026-05-24T16:00:00Z,0.00006201,9.23226313
2026-05-25T00:00:00Z,0.00002502,9.20773943
2026-05-25T08:00:00Z,0.00004003,9.33800000
2026-05-25T16:00:00Z,0.00008390,9.42800000
2026-05-26T00:00:00Z,0.00006044,9.30433310
2026-05-26T08:00:00Z,0.00003224,9.26559944
2026-05-26T16:00:00Z,0.00006058,9.28561498
2026-05-27T00:00:00Z,-0.00001654,9.13452588
2026-05-27T08:00:00Z,-0.00000503,9.19300000
2026-05-27T16:00:00Z,0.00005681,9.23700000
2026-05-28T00:00:00Z,-0.00000184,9.03515306
2026-05-28T08:00:00Z,-0.00014850,8.84177427
2026-05-28T16:00:00Z,-0.00002493,8.84733463
2026-05-29T00:00:00Z,0.00006043,8.92248162
2026-05-29T08:00:00Z,0.00004680,8.92674698
2026-05-29T16:00:00Z,-0.00001396,8.92226264
2026-05-30T00:00:00Z,0.00009824,8.82271998
2026-05-30T08:00:00Z,0.00008360,8.91211321
2026-05-30T16:00:00Z,0.00002960,8.95900000
2026-05-31T00:00:00Z,0.00007014,8.94200000
2026-05-31T08:00:00Z,0.00006444,8.98568544
2026-05-31T16:00:00Z,0.00002459,8.87909234
2026-06-01T00:00:00Z,0.00004056,8.98024637
2026-06-01T08:00:00Z,0.00002493,8.78701668
2026-06-01T16:00:00Z,0.00004694,8.72780132
2026-06-02T00:00:00Z,0.00009940,8.93200000
2026-06-02T08:00:00Z,-0.00001174,8.71300000
2026-06-02T16:00:00Z,-0.00003119,8.36065524
2026-06-03T00:00:00Z,-0.00006428,8.17600000
2026-06-03T08:00:00Z,0.00005429,8.31500000
2026-06-03T16:00:00Z,0.00000673,8.18700000
2026-06-04T00:00:00Z,-0.00000717,8.04558834
2026-06-04T08:00:00Z,0.00002914,7.82000000
2026-06-04T16:00:00Z,-0.00008512,7.75900000
2026-06-05T00:00:00Z,-0.00011165,7.70191075
2026-06-05T08:00:00Z,0.00005674,7.30194795
2026-06-05T16:00:00Z,0.00001337,6.90177489
2026-06-06T00:00:00Z,-0.00007019,6.72266540
2026-06-06T08:00:00Z,-0.00001633,6.67300000
2026-06-06T16:00:00Z,-0.00000581,6.68541435
2026-06-07T00:00:00Z,-0.00001939,6.65932060
2026-06-07T08:00:00Z,-0.00006724,6.82000000
2026-06-07T16:00:00Z,-0.00003857,6.70500797
2026-06-08T00:00:00Z,0.00004957,6.81400000
2026-06-08T08:00:00Z,-0.00005095,6.69800000
2026-06-08T16:00:00Z,-0.00005118,6.80300000
2026-06-09T00:00:00Z,-0.00000292,6.76300000
2026-06-09T08:00:00Z,0.00004599,6.74500000
2026-06-09T16:00:00Z,-0.00015089,6.52081011
2026-06-10T00:00:00Z,0.00006886,6.63498002
2026-06-10T08:00:00Z,-0.00006322,6.55832855
2026-06-10T16:00:00Z,-0.00012197,6.57402519
2026-06-11T00:00:00Z,-0.00001208,6.37823889
2026-06-11T08:00:00Z,0.00003408,6.58849913
2026-06-11T16:00:00Z,-0.00003331,6.54000000
2026-06-12T00:00:00Z,-0.00002958,6.64400000
2026-06-12T08:00:00Z,-0.00002752,6.56400305
2026-06-12T16:00:00Z,-0.00006659,6.54600000
2026-06-13T00:00:00Z,-0.00002719,6.56700000
2026-06-13T08:00:00Z,-0.00002389,6.66315529
2026-06-13T16:00:00Z,0.00002430,6.74900000
2026-06-14T00:00:00Z,-0.00003580,6.71400000
2026-06-14T08:00:00Z,-0.00016329,6.65174483
2026-06-14T16:00:00Z,-0.00010091,6.52600000
2026-06-15T00:00:00Z,0.00003817,6.78680646
2026-06-15T08:00:00Z,0.00000555,6.75200000
2026-06-15T16:00:00Z,0.00000377,7.02900000
2026-06-16T00:00:00Z,0.00000969,6.83545498
2026-06-16T08:00:00Z,-0.00009046,6.91928948
2026-06-16T16:00:00Z,-0.00008016,6.78600115
2026-06-17T00:00:00Z,0.00008835,6.87700000
2026-06-17T08:00:00Z,0.00003452,6.89500000
2026-06-17T16:00:00Z,0.00001078,6.96532797
2026-06-18T00:00:00Z,-0.00015109,6.76240988
2026-06-18T08:00:00Z,-0.00024335,6.67200000
2026-06-18T16:00:00Z,-0.00008523,6.24100000
2026-06-19T00:00:00Z,-0.00013209,6.31352869
2026-06-19T08:00:00Z,-0.00014560,5.98700000
2026-06-19T16:00:00Z,-0.00013193,6.11800000
2026-06-20T00:00:00Z,-0.00018652,5.89000000
2026-06-20T08:00:00Z,-0.00013524,6.14600000
2026-06-20T16:00:00Z,0.00005196,6.14597561
2026-06-21T00:00:00Z,-0.00004411,6.23400000
2026-06-21T08:00:00Z,-0.00008191,6.28400000
2026-06-21T16:00:00Z,-0.00006478,6.32605897
2026-06-22T00:00:00Z,-0.00001466,6.10970426
2026-06-22T08:00:00Z,-0.00001309,6.28200000
2026-06-22T16:00:00Z,0.00001107,6.30295699
2026-06-23T00:00:00Z,-0.00004830,6.23600000
2026-06-23T08:00:00Z,0.00001915,6.15300000
2026-06-23T16:00:00Z,0.00001980,6.36707030
2026-06-24T00:00:00Z,0.00004004,6.48000000
2026-06-24T08:00:00Z,0.00001910,6.38900000
2026-06-24T16:00:00Z,-0.00000643,6.23000000
2026-06-25T00:00:00Z,0.00001855,6.44200000
2026-06-25T08:00:00Z,0.00004556,6.52700000
2026-06-25T16:00:00Z,-0.00011030,6.11300000
2026-06-26T00:00:00Z,0.00000405,6.23000000
2026-06-26T08:00:00Z,0.00001216,6.30966290
2026-06-26T16:00:00Z,0.00000268,6.37100000
2026-06-27T00:00:00Z,0.00010000,6.62900000
2026-06-27T08:00:00Z,0.00010000,6.55900000
2026-06-27T16:00:00Z,0.00008606,6.63300000
2026-06-28T00:00:00Z,0.00003347,6.42742317
2026-06-28T08:00:00Z,-0.00002078,6.33673485
2026-06-28T16:00:00Z,0.00002320,6.32100000
2026-06-29T00:00:00Z,0.00003300,6.44363279
2026-06-29T08:00:00Z,0.00008121,6.54600000
2026-06-29T16:00:00Z,0.00006278,6.65500000
2026-06-30T00:00:00Z,0.00001998,6.67401154
2026-06-30T08:00:00Z,0.00000792,6.57478146
2026-06-30T16:00:00Z,-0.00001017,6.49500000
2026-07-01T00:00:00Z,0.00006871,6.53400000
2026-07-01T08:00:00Z,0.00007856,6.64860402
2026-07-01T16:00:00Z,0.00005030,6.72669019
2026-07-02T00:00:00Z,0.00003433,6.66200000
2026-07-02T08:00:00Z,-0.00000269,6.66668848
2026-07-02T16:00:00Z,0.00001542,6.77100000
2026-07-03T00:00:00Z,-0.00001628,6.79820094
2026-07-03T08:00:00Z,0.00010000,6.83532513
2026-07-03T16:00:00Z,0.00003479,6.82484221
2026-07-04T00:00:00Z,0.00009203,6.94453485
2026-07-04T08:00:00Z,0.00001299,6.86315913
2026-07-04T16:00:00Z,0.00003164,6.98500000
2026-07-05T00:00:00Z,0.00009809,6.96225480
2026-07-05T08:00:00Z,-0.00013162,6.81204894
2026-07-05T16:00:00Z,0.00010000,6.92600000
2026-07-06T00:00:00Z,0.00010000,6.92100000
2026-07-06T08:00:00Z,0.00003928,6.92800000
2026-07-06T16:00:00Z,0.00004857,6.91600000
2026-07-07T00:00:00Z,0.00010000,6.92800000
2026-07-07T08:00:00Z,-0.00007396,6.76103958
2026-07-07T16:00:00Z,0.00001896,6.76587366
2026-07-08T00:00:00Z,-0.00000006,6.68500000
2026-07-08T08:00:00Z,-0.00017907,6.44412294
2026-07-08T16:00:00Z,-0.00000409,6.37801726
2026-07-09T00:00:00Z,0.00003293,6.47200000
2026-07-09T08:00:00Z,0.00010000,6.74208469
2026-07-09T16:00:00Z,0.00010000,6.75003871
2026-07-10T00:00:00Z,0.00010000,6.67531578
2026-07-10T08:00:00Z,0.00010000,6.74927993
2026-07-10T16:00:00Z,0.00006936,6.74000000
2026-07-11T00:00:00Z,0.00006443,6.73500000
2026-07-11T08:00:00Z,0.00006553,6.70648269
2026-07-11T16:00:00Z,0.00010000,6.74900000
2026-07-12T00:00:00Z,0.00005113,6.54738828
2026-07-12T08:00:00Z,-0.00022806,6.37301246
2026-07-12T16:00:00Z,-0.00017763,6.43541267
2026-07-13T00:00:00Z,-0.00006817,6.40300000
2026-07-13T08:00:00Z,-0.00005229,6.50400000
2026-07-13T16:00:00Z,0.00009907,6.55900000
2026-07-14T00:00:00Z,-0.00001621,6.44700000
2026-07-14T08:00:00Z,0.00001541,6.47700000
2026-07-14T16:00:00Z,0.00009621,6.65294299
2026-07-15T00:00:00Z,0.00010000,6.70900000
2026-07-15T08:00:00Z,0.00007216,6.61754405
2026-07-15T16:00:00Z,0.00008998,6.72500000
2026-07-16T00:00:00Z,0.00005068,6.69822925
2026-07-16T08:00:00Z,0.00006151,6.62514457
2026-07-16T16:00:00Z,0.00001921,6.62400339
2026-07-17T00:00:00Z,0.00001337,6.51163817
2026-07-17T08:00:00Z,-0.00000726,6.47400000
2026-07-17T16:00:00Z,0.00002583,6.47798839
2026-07-18T00:00:00Z,0.00008536,6.58522747
2026-07-18T08:00:00Z,0.00010000,6.60487534
2026-07-18T16:00:00Z,0.00004638,6.53869286
2026-07-19T00:00:00Z,0.00007488,6.57000000
2026-07-19T08:00:00Z,0.00000477,6.55400000
2026-07-19T16:00:00Z,-0.00008493,6.45100000
2026-07-20T00:00:00Z,-0.00011531,6.46200000
2026-07-20T08:00:00Z,0.00003488,6.54300000
2026-07-20T16:00:00Z,0.00005621,6.60895542
2026-07-21T00:00:00Z,0.00009543,6.57676801
2026-07-21T08:00:00Z,0.00008823,6.67400000
2026-07-21T16:00:00Z,0.00000017,6.61754121
2026-07-22T00:00:00Z,-0.00000077,6.56731485
2026-07-22T08:00:00Z,-0.00008670,6.49845881
2026-07-22T16:00:00Z,-0.00000608,6.63600000
2026-07-23T00:00:00Z,0.00009039,6.62300000
2026-07-23T08:00:00Z,-0.00003145,6.55700000
2026-07-23T16:00:00Z,-0.00014286,6.44568318
2026-07-24T00:00:00Z,-0.00019540,6.26206811
2026-07-24T08:00:00Z,-0.00018106,6.27739904
2026-07-24T16:00:00Z,-0.00014244,6.19669042
2026-07-25T00:00:00Z,-0.00005514,6.30100000
2026-07-25T08:00:00Z,0.00001901,6.24108622
2026-07-25T16:00:00Z,0.00010000,6.58054703
2026-07-26T00:00:00Z,0.00010000,6.77613939
2026-07-26T08:00:00Z,0.00010000,6.78251016
2026-07-26T16:00:00Z,0.00010000,6.69099527
2026-07-27T00:00:00Z,0.00010000,6.74200000
2026-07-27T08:00:00Z,0.00007881,6.67800000
2026-07-27T16:00:00Z,0.00003785,6.54007542
2026-07-28T00:00:00Z,0.00001100,6.40288248
2026-07-28T08:00:00Z,-0.00003038,6.44400000
2026-07-28T16:00:00Z,0.00001059,6.57000000
2026-07-29T00:00:00Z,0.00007415,6.57400000
2026-07-29T08:00:00Z,-0.00002301,6.42301540
2026-07-29T16:00:00Z,0.00001236,6.37936222
2026-07-30T00:00:00Z,0.00000003,6.42812121
2026-07-30T08:00:00Z,0.00006230,6.41800000
2026-07-30T16:00:00Z,0.00003127,6.45200000
2026-07-31T00:00:00Z,0.00000831,6.43020816
2026-07-31T08:00:00Z,-0.00005106,6.45115496
2026-07-31T16:00:00Z,0.00003544,6.40128588
2026-08-01T00:00:00Z,0.00007341,6.38300000
2026-08-01T08:00:00Z,0.00006872,6.37400000
2026-08-01T16:00:00Z,-0.00005611,6.36941506
2026-08-02T00:00:00Z,-0.00021252,6.18703277
2026-08-02T08:00:00Z,0.00010000,6.60800000
2026-08-02T16:00:00Z,0.00010000,6.59500000
2026-08-03T00:00:00Z,0.00010000,6.55009740
2026-08-03T08:00:00Z,-0.00001888,6.39724604
2026-08-03T16:00:00Z,0.00008841,6.51100000
2026-08-04T00:00:00Z,0.00010000,6.57200000
2026-08-04T08:00:00Z,0.00010000,6.83200000
2026-08-04T16:00:00Z,0.00010000,6.75569775
2026-08-05T00:00:00Z,0.00010000,6.68541355
2026-08-05T08:00:00Z,0.00005582,6.68130044
2026-08-05T16:00:00Z,0.00001570,6.64400000
2026-08-06T00:00:00Z,0.00010000,6.65738298
2026-08-06T08:00:00Z,0.00002731,6.68367398
2026-08-06T16:00:00Z,-0.00013145,6.46600000
2026-08-07T00:00:00Z,-0.00001172,6.43700000
2026-08-07T08:00:00Z,-0.00005802,6.41100000
2026-08-07T16:00:00Z,0.00004365,6.43700000
2026-08-08T00:00:00Z,0.00000102,6.42860317
2026-08-08T08:00:00Z,0.00010000,6.51700000
2026-08-08T16:00:00Z,0.00010000,6.54000000
2026-08-09T00:00:00Z,0.00007520,6.47684782
2026-08-09T08:00:00Z,0.00004535,6.47954533
2026-08-09T16:00:00Z,0.00010000,6.54700000
2026-08-10T00:00:00Z,0.00010000,6.41579028
2026-08-10T08:00:00Z,0.00010000,6.53500000
2026-08-10T16:00:00Z,0.00010000,6.48579747
2026-08-11T00:00:00Z,0.00005089,6.43200000
2026-08-11T08:00:00Z,0.00010000,6.48100000
2026-08-11T16:00:00Z,-0.00008100,6.21094780
2026-08-12T00:00:00Z,-0.00024723,6.31800000
2026-08-12T08:00:00Z,-0.00008414,6.23300000
2026-08-12T16:00:00Z,0.00003661,6.37283298
2026-08-13T00:00:00Z,0.00007032,6.31600000
2026-08-13T08:00:00Z,0.00010000,6.51500000
2026-08-13T16:00:00Z,0.00010000,6.40796618
2026-08-14T00:00:00Z,0.00002244,6.45311788
2026-08-14T08:00:00Z,0.00006646,6.37400000
2026-08-14T16:00:00Z,0.00002751,6.43600000
2026-08-15T00:00:00Z,0.00004688,6.47400000
2026-08-15T08:00:00Z,0.00010000,6.61738957
2026-08-15T16:00:00Z,0.00010000,6.55900000
2026-08-16T00:00:00Z,-0.00005180,6.32800000
2026-08-16T08:00:00Z,-0.00006750,6.33200000
2026-08-16T16:00:00Z,0.00000295,6.42847551
2026-08-17T00:00:00Z,-0.00000100,6.32631492
2026-08-17T08:00:00Z,0.00003174,6.35930845
2026-08-17T16:00:00Z,-0.00007983,6.32400000
2026-08-18T00:00:00Z,-0.00008161,6.34700000
2026-08-18T08:00:00Z,0.00000795,6.31017439
2026-08-18T16:00:00Z,0.00004996,6.37200000
2026-08-19T00:00:00Z,0.00002100,6.33100000
2026-08-19T08:00:00Z,0.00006876,6.34700000
2026-08-19T16:00:00Z,0.00004046,6.55900000
2026-08-20T00:00:00Z,0.00010000,6.77800000
2026-08-20T08:00:00Z,0.00010000,6.80800062
2026-08-20T16:00:00Z,0.00010000,7.05600000
2026-08-21T00:00:00Z,0.00010000,7.29208706
2026-08-21T08:00:00Z,0.00010000,7.47393232
2026-08-21T16:00:00Z,0.00010000,7.62076346
2026-08-22T00:00:00Z,0.00010000,7.84100000
2026-08-22T08:00:00Z,0.00010000,7.60996523
2026-08-22T16:00:00Z,0.00010000,7.45168421
2026-08-23T00:00:00Z,0.00010000,7.49500000
2026-08-23T08:00:00Z,0.00010000,7.37239406
2026-08-23T16:00:00Z,0.00010000,7.55600000
2026-08-24T00:00:00Z,0.00010000,7.60891997
2026-08-24T08:00:00Z,0.00010000,7.45700000
2026-08-24T16:00:00Z,0.00010000,7.53672874
2026-08-25T00:00:00Z,0.00010000,7.54300000
2026-08-25T08:00:00Z,0.00010000,7.52578803
2026-08-25T16:00:00Z,0.00003543,7.50562583
2026-08-26T00:00:00Z,0.00000367,7.32344840
2026-08-26T08:00:00Z,0.00001231,7.38896983
2026-08-26T16:00:00Z,0.00006169,7.22600000
2026-08-27T00:00:00Z,0.00009811,7.43900000
2026-08-27T08:00:00Z,0.00005984,7.37344673
2026-08-27T16:00:00Z,0.00004943,7.51600000
2026-08-28T00:00:00Z,0.00005925,7.52300000
2026-08-28T08:00:00Z,0.00002294,7.39506696
2026-08-28T16:00:00Z,0.00000120,7.32700000
2026-08-29T00:00:00Z,-0.00000750,7.30500000
2026-08-29T08:00:00Z,0.00003090,7.26672042
2026-08-29T16:00:00Z,0.00005955,7.32724687
2026-08-30T00:00:00Z,0.00008474,7.32700000
2026-08-30T08:00:00Z,0.00002733,7.32200000
2026-08-30T16:00:00Z,0.00008639,7.40800000
2026-08-31T00:00:00Z,-0.00002149,7.10800000
2026-08-31T08:00:00Z,-0.00001305,7.21452332
2026-08-31T16:00:00Z,-0.00000131,7.19900000
2026-09-01T00:00:00Z,0.00002403,7.22900000
2026-09-01T08:00:00Z,0.00005981,7.31242224
2026-09-01T16:00:00Z,0.00010000,7.30112189
2026-09-02T00:00:00Z,0.00002309,7.21400000
2026-09-02T08:00:00Z,0.00007870,7.20598150
2026-09-02T16:00:00Z,0.00001544,7.14685847
2026-09-03T00:00:00Z,0.00009880,7.19240202
2026-09-03T08:00:00Z,0.00010000,7.25742267
2026-09-03T16:00:00Z,0.00010000,7.51000000
2026-09-04T00:00:00Z,0.00010000,7.51838895
2026-09-04T08:00:00Z,0.00010000,7.47267953
2026-09-04T16:00:00Z,0.00001759,7.36300000
2026-09-05T00:00:00Z,0.00004841,7.38330888
2026-09-05T08:00:00Z,0.00010000,7.49100000
2026-09-05T16:00:00Z,0.00010000,7.54226273
2026-09-06T00:00:00Z,0.00010000,7.58915708
2026-09-06T08:00:00Z,0.00010000,7.64905609
2026-09-06T16:00:00Z,0.00010000,7.62600000
2026-09-07T00:00:00Z,0.00010000,7.90355838
2026-09-07T08:00:00Z,0.00008367,7.78000000
2026-09-07T16:00:00Z,0.00008302,8.08500000
2026-09-08T00:00:00Z,0.00000689,8.07200000
2026-09-08T08:00:00Z,0.00005493,8.05700000
2026-09-08T16:00:00Z,0.00007972,8.05079127
2026-09-09T00:00:00Z,0.00004736,8.00400000
2026-09-09T08:00:00Z,0.00000574,8.02800000
2026-09-09T16:00:00Z,-0.00003066,7.89100000
2026-09-10T00:00:00Z,0.00000496,7.79512768
2026-09-10T08:00:00Z,0.00001720,7.74403858
2026-09-10T16:00:00Z,0.00000152,7.59400000
2026-09-11T00:00:00Z,-0.00000321,7.41899706
2026-09-11T08:00:00Z,-0.00001173,7.47900000
2026-09-11T16:00:00Z,-0.00001420,7.57364731
2026-09-12T00:00:00Z,-0.00001186,7.45800000
2026-09-12T08:00:00Z,-0.00000146,7.44979161
2026-09-12T16:00:00Z,0.00005631,7.42800000
2026-09-13T00:00:00Z,0.00001195,7.39619883
2026-09-13T08:00:00Z,0.00001849,7.36000000
2026-09-13T16:00:00Z,0.00004900,7.35800000
2026-09-14T00:00:00Z,0.00001540,7.28486451
2026-09-14T08:00:00Z,0.00002766,7.41810588
2026-09-14T16:00:00Z,0.00002648,7.45755912
2026-09-15T00:00:00Z,0.00010000,7.56100000
2026-09-15T08:00:00Z,-0.00002416,7.46086212
2026-09-15T16:00:00Z,0.00004842,7.42600000
2026-09-16T00:00:00Z,0.00001434,7.26502772
2026-09-16T08:00:00Z,-0.00000083,7.23959854
2026-09-16T16:00:00Z,0.00001124,7.22300000
2026-09-17T00:00:00Z,0.00008533,7.47400000
2026-09-17T08:00:00Z,0.00005555,7.53600000
2026-09-17T16:00:00Z,0.00010000,7.60200000
2026-09-18T00:00:00Z,0.00010000,7.60800000
2026-09-18T08:00:00Z,0.00010000,7.92700000
2026-09-18T16:00:00Z,0.00010000,8.11015334
2026-09-19T00:00:00Z,0.00010000,8.20300000
2026-09-19T08:00:00Z,0.00010000,8.53800000
2026-09-19T16:00:00Z,0.00010000,9.44523453
2026-09-20T00:00:00Z,0.00010000,10.09300000
2026-09-20T08:00:00Z,0.00010000,9.59609203
2026-09-20T16:00:00Z,0.00010000,11.40532532
2026-09-21T00:00:00Z,0.00010000,11.31000000
2026-09-21T08:00:00Z,0.00003459,10.93500000
2026-09-21T16:00:00Z,0.00000864,11.07700000
2026-09-22T00:00:00Z,0.00010000,11.22661219
2026-09-22T08:00:00Z,0.00010000,10.72881638
2026-09-22T16:00:00Z,0.00008603,11.10000000
2026-09-23T00:00:00Z,0.00010000,11.31000000
2026-09-23T08:00:00Z,0.00010000,11.13740198
2026-09-23T16:00:00Z,-0.00001649,10.22800000
2026-09-24T00:00:00Z,-0.00000542,10.26100000
