date,open,high,low,close,adjclose,volume
"2016-09-26",13.23,13.27,13.1,13.12,8.9792,2636100
"2016-09-27",13.1,13.14,12.87,13.08,8.9519,4674100
"2016-09-28",13.13,13.17,12.96,13.15,8.9998,5722200
"2016-09-29",13.14,13.14,12.8,12.9,8.8287,6109400
"2016-09-30",12.91,13.01,12.82,12.85,8.7944,5867900
"2016-10-03",12.64,12.75,12.21,12.47,8.5344,8951200
"2016-10-04",12.38,12.38,11.87,11.95,8.1785,9760200
"2016-10-05",12,12.06,11.77,11.86,8.1169,14013500
"2016-10-06",11.79,11.83,11.6,11.66,7.98,8281500
"2016-10-07",11.73,11.83,11.58,11.59,7.9321,6837800
"2016-10-10",11.67,11.77,11.61,11.67,7.9869,4412900
"2016-10-11",11.62,11.65,11.45,11.52,7.8842,4010100
"2016-10-12",11.54,11.72,11.5,11.67,7.9869,5039800
"2016-10-13",11.61,11.85,11.51,11.73,8.0279,5451800
"2016-10-14",11.72,11.88,11.55,11.57,7.9184,5647500
"2016-10-17",11.6,11.73,11.6,11.71,8.0142,6197700
"2016-10-18",11.85,11.95,11.74,11.87,8.1237,5544300
"2016-10-19",11.9,12.16,11.88,12.12,8.2948,5088000
"2016-10-20",12.15,12.26,12.04,12.05,8.2469,4042400
"2016-10-21",11.94,12.08,11.87,12.02,8.2264,4317500
"2016-10-24",12.11,12.14,11.97,12.05,8.2469,3445800
"2016-10-25",12.01,12.08,11.91,12.02,8.2264,3173300
"2016-10-26",11.98,12.04,11.88,12,8.2127,3757900
"2016-10-27",12,12.05,11.76,11.82,8.0895,4578700
"2016-10-28",11.72,11.82,11.59,11.65,8.0481,6259500
"2016-10-31",11.7,11.93,11.69,11.77,8.131,5699900
"2016-11-01",11.77,11.81,11.6,11.65,8.0481,5119600
"2016-11-02",11.59,11.59,11.25,11.46,7.9168,9286400
"2016-11-03",11.46,11.84,11.44,11.75,8.1172,6656200
"2016-11-04",11.52,12.47,11.25,12.11,8.3658,10314500
"2016-11-07",12.27,12.43,12.21,12.41,8.5731,6915200
"2016-11-08",12.44,12.48,12.29,12.43,8.5869,4824800
"2016-11-09",12.3,12.3,11.91,12.01,8.2968,6599000
"2016-11-10",11.98,12.02,11.41,11.47,7.9237,6489300
"2016-11-11",11.53,11.57,11.13,11.26,7.7787,5538900
"2016-11-14",11.19,11.25,11.08,11.22,7.751,10628500
"2016-11-15",11.27,11.56,11.27,11.54,7.9721,6126400
"2016-11-16",11.5,11.53,11.25,11.35,7.8408,4207800
"2016-11-17",11.35,11.51,11.31,11.43,7.8961,3140300
"2016-11-18",11.42,11.67,11.38,11.4,7.8754,6746800
"2016-11-21",11.45,11.62,11.37,11.55,7.979,4347700
"2016-11-22",11.42,11.5,11.32,11.41,7.8823,5732300
"2016-11-23",11.29,11.44,11.25,11.34,7.8339,5093300
"2016-11-25",11.34,11.64,11.34,11.63,8.0343,2851400
"2016-11-28",11.72,11.97,11.72,11.94,8.2484,5435400
"2016-11-29",11.88,12.01,11.85,11.88,8.207,6530500
"2016-11-30",11.73,11.79,11.45,11.45,7.9099,5507100
"2016-12-01",11.36,11.46,10.98,11.03,7.6198,5479300
"2016-12-02",11.09,11.3,11.06,11.18,7.7234,5521000
"2016-12-05",11.16,11.39,11.07,11.34,7.8339,6499200
"2016-12-06",11.39,11.46,11.3,11.33,7.827,4712400
"2016-12-07",11.39,11.64,11.35,11.62,8.0273,5863300
"2016-12-08",11.57,11.92,11.51,11.84,8.1793,4463500
"2016-12-09",11.85,11.96,11.7,11.92,8.2346,4492100
"2016-12-12",11.88,12.04,11.85,12.01,8.2968,4652900
"2016-12-13",12.09,12.22,12.06,12.19,8.4211,5258400
"2016-12-14",12.27,12.47,11.92,11.94,8.2484,6920800
"2016-12-15",11.88,11.94,11.73,11.8,8.1517,4545200
"2016-12-16",11.81,11.92,11.66,11.75,8.1172,10487500
"2016-12-19",11.84,11.94,11.68,11.84,8.1793,5199600
"2016-12-20",11.83,12.01,11.82,11.94,8.2484,3419800
"2016-12-21",11.94,12.1,11.91,11.98,8.276,4125600
"2016-12-22",11.9,11.97,11.76,11.78,8.1379,3311000
"2016-12-23",11.83,11.84,11.68,11.73,8.1033,3593100
"2016-12-27",11.74,11.89,11.7,11.86,8.1931,2355000
"2016-12-28",11.88,11.92,11.63,11.64,8.0412,2588500
"2016-12-29",11.75,11.76,11.65,11.7,8.0826,2364000
"2016-12-30",11.73,11.79,11.59,11.62,8.0273,3245200
"2017-01-03",11.67,11.7,11.55,11.66,8.055,5020400
"2017-01-04",11.54,11.75,11.52,11.56,7.9859,5282600
"2017-01-05",11.52,11.6,11.26,11.41,7.8823,8106400
"2017-01-06",11.4,11.85,11.39,11.82,8.1655,4164800
"2017-01-09",11.87,11.9,11.52,11.53,7.9652,3761100
"2017-01-10",11.54,11.58,11.29,11.33,7.827,6459800
"2017-01-11",11.33,11.78,11.33,11.77,8.131,7781400
"2017-01-12",11.78,11.84,11.58,11.58,7.9997,4953900
"2017-01-13",11.61,11.74,11.57,11.72,8.0964,2741300
"2017-01-17",11.8,12.04,11.76,11.91,8.2277,4101400
"2017-01-18",11.94,12.06,11.87,11.93,8.2415,4558500
"2017-01-19",11.89,11.95,11.7,11.73,8.1033,3298900
"2017-01-20",11.75,11.84,11.35,11.41,7.8823,7689900
"2017-01-23",11.42,11.46,11.19,11.22,7.751,8791900
"2017-01-24",11.25,11.64,11.25,11.37,7.8546,7539200
"2017-01-25",11.37,11.49,11.35,11.37,7.8546,10297000
"2017-01-26",11.41,11.53,11.2,11.22,7.751,8797300
"2017-01-27",11.3,11.47,11.24,11.4,7.8754,7487100
"2017-01-30",11.29,11.34,11.15,11.21,7.8265,4700400
"2017-01-31",11.26,11.63,11.26,11.44,7.9871,9192100
"2017-02-01",11.4,11.44,11.13,11.24,7.8474,6091600
"2017-02-02",11.27,11.36,11.16,11.32,7.9033,3232800
"2017-02-03",11.38,11.44,11.28,11.37,7.9382,3321100
"2017-02-06",11.39,11.39,11.23,11.29,7.8823,4308600
"2017-02-07",11.3,11.54,11.3,11.43,7.9801,5680200
"2017-02-08",11.43,11.59,11.39,11.59,8.0918,4002000
"2017-02-09",11.56,11.63,11.41,11.47,8.008,4258300
"2017-02-10",11.47,11.62,11.45,11.61,8.1058,3692300
"2017-02-13",11.64,11.73,11.55,11.68,8.1546,2045000
"2017-02-14",11.65,11.66,11.42,11.49,8.022,3680400
"2017-02-15",11.38,11.59,11.35,11.56,8.0709,3350700
"2017-02-16",11.62,11.7,11.51,11.65,8.1337,5787500
"2017-02-17",11.64,11.64,11.25,11.46,8.001,6336800
"2017-02-21",11.46,11.85,11.39,11.78,8.2245,4089900
"2017-02-22",11.78,11.83,11.59,11.6,8.0988,5081300
"2017-02-23",11.69,11.78,11.63,11.75,8.2035,5074900
"2017-02-24",11.77,11.93,11.68,11.93,8.3292,6329300
"2017-02-27",11.71,11.74,11.1,11.14,7.7776,12986600
"2017-02-28",11.26,11.6,11.14,11.52,8.0429,10598700
"2017-03-01",11.38,11.5,11.31,11.35,7.9242,6811800
"2017-03-02",11.3,11.68,11.27,11.63,8.1197,6778200
"2017-03-03",11.64,11.65,11.38,11.55,8.0639,6001500
"2017-03-06",11.55,11.61,11.48,11.52,8.0429,6884600
"2017-03-07",11.55,11.6,11.31,11.33,7.9103,5982500
"2017-03-08",11.25,11.31,11.06,11.07,7.7287,4542600
"2017-03-09",11.05,11.19,11.04,11.06,7.7218,5151400
"2017-03-10",11.1,11.2,11.05,11.15,7.7846,4206300
"2017-03-13",11.17,11.21,11.01,11.02,7.6938,3492900
"2017-03-14",11.02,11.08,10.93,11,7.6799,3926600
"2017-03-15",11.05,11.4,11.03,11.31,7.8963,3914900
"2017-03-16",11.26,11.36,11.22,11.3,7.8893,3925400
"2017-03-17",11.36,11.47,11.31,11.46,8.001,8240900
"2017-03-20",11.48,11.48,11.14,11.2,7.8195,2725400
"2017-03-21",11.19,11.38,11.12,11.3,7.8893,5866900
"2017-03-22",11.34,11.43,11.1,11.15,7.7846,4494400
"2017-03-23",11.13,11.34,11.12,11.18,7.8055,3383000
"2017-03-24",11.18,11.31,11.17,11.23,7.8405,3479800
"2017-03-27",11.26,11.26,11.07,11.13,7.7706,3331500
"2017-03-28",11.08,11.32,11.05,11.31,7.8963,3855300
"2017-03-29",11.26,11.39,11.19,11.25,7.8544,5728300
"2017-03-30",11.24,11.27,11.03,11.08,7.7357,7207900
"2017-03-31",11.11,11.27,11.09,11.18,7.8055,13804600
"2017-04-03",11.17,11.22,11.06,11.19,7.8125,6425000
"2017-04-04",11.19,11.32,11.08,11.27,7.8684,5616500
"2017-04-05",11.24,11.31,11.08,11.16,7.7916,9859600
"2017-04-06",11.17,11.31,11.14,11.16,7.7916,6020600
"2017-04-07",11.18,11.21,11.03,11.04,7.7078,5612100
"2017-04-10",11.05,11.19,11.01,11.15,7.7846,7859400
"2017-04-11",11.13,11.35,11.03,11.31,7.8963,8621800
"2017-04-12",11.29,11.39,11.24,11.37,7.9382,8744600
"2017-04-13",11.36,11.41,11.29,11.36,7.9312,5228200
"2017-04-17",11.38,11.47,11.34,11.43,7.9801,3405600
"2017-04-18",11.4,11.45,11.34,11.41,7.9661,5916000
"2017-04-19",11.42,11.45,11.3,11.37,7.9382,5732700
"2017-04-20",11.37,11.43,11.25,11.42,7.9731,6281600
"2017-04-21",11.38,11.44,11.32,11.38,7.9452,5026200
"2017-04-24",11.4,11.6,11.36,11.59,8.0918,6947300
"2017-04-25",11.55,11.62,11.52,11.62,8.1127,4193100
"2017-04-26",11.6,11.6,11.43,11.45,7.9941,5299000
"2017-04-27",11.3,11.45,11.23,11.29,7.9658,12780700
"2017-04-28",11.3,11.38,11.21,11.31,7.9799,6136700
"2017-05-01",11.31,11.41,11.3,11.31,7.9799,5087700
"2017-05-02",11.33,11.34,11.24,11.3,7.9729,3563400
"2017-05-03",11.27,11.3,11.18,11.19,7.8953,5099400
"2017-05-04",11.17,11.22,11.05,11.09,7.8247,5737900
"2017-05-05",11.14,11.33,11.06,11.32,7.987,3918900
"2017-05-08",11.08,11.37,10.95,11.31,7.9799,7730600
"2017-05-09",11.26,11.47,11.23,11.34,8.0011,5450400
"2017-05-10",11.34,11.7,11.29,11.57,8.1634,7413300
"2017-05-11",11.57,11.6,11.45,11.47,8.0928,6102200
"2017-05-12",11.5,11.51,11.28,11.33,7.9941,3927700
"2017-05-15",11.34,11.45,11.31,11.4,8.0434,3727400
"2017-05-16",11.43,11.51,11.31,11.32,7.987,4295900
"2017-05-17",11.32,11.42,11.25,11.33,7.9941,3927700
"2017-05-18",11.3,11.33,10.98,11.18,7.8882,6620100
"2017-05-19",11.22,11.24,11.08,11.2,7.9023,6100500
"2017-05-22",11.17,11.38,11.15,11.36,8.0152,5721900
"2017-05-23",11.38,11.55,11.35,11.37,8.0223,3695600
"2017-05-24",11.36,11.83,11.36,11.75,8.2904,8910000
"2017-05-25",11.71,11.81,11.67,11.78,8.3116,4913100
"2017-05-26",11.76,11.85,11.68,11.79,8.3186,2565100
"2017-05-30",11.76,11.79,11.68,11.7,8.2551,2884000
"2017-05-31",11.73,11.79,11.58,11.68,8.241,6780000
"2017-06-01",11.68,11.95,11.64,11.95,8.4315,4574400
"2017-06-02",11.99,12,11.82,11.91,8.4033,5061600
"2017-06-05",11.87,11.94,11.71,11.71,8.2622,3925400
"2017-06-06",11.8,12,11.65,11.91,8.4033,7884800
"2017-06-07",11.92,11.92,11.55,11.57,8.1634,5520300
"2017-06-08",11.57,11.6,11.43,11.56,8.1563,3954000
"2017-06-09",11.53,11.72,11.53,11.72,8.2692,2672400
"2017-06-12",11.73,11.83,11.72,11.75,8.2904,4502500
"2017-06-13",11.71,11.96,11.67,11.93,8.4174,4702600
"2017-06-14",11.97,12.05,11.88,11.91,8.4033,4336800
"2017-06-15",11.82,12.05,11.76,11.92,8.4103,5362700
"2017-06-16",11.94,11.98,11.86,11.92,8.4103,7206400
"2017-06-19",11.93,11.97,11.86,11.91,8.4033,2659000
"2017-06-20",11.89,11.91,11.78,11.9,8.3962,2305000
"2017-06-21",11.93,11.94,11.64,11.67,8.2339,2671000
"2017-06-22",11.65,11.7,11.49,11.57,8.1634,4758600
"2017-06-23",11.6,11.7,11.5,11.56,8.1563,6861300
"2017-06-26",11.63,11.84,11.63,11.68,8.241,5189400
"2017-06-27",11.65,11.72,11.5,11.5,8.114,4684300
"2017-06-28",11.54,11.6,11.27,11.33,7.9941,6527700
"2017-06-29",11.25,11.31,11.11,11.16,7.8741,5909300
"2017-06-30",11.18,11.25,11.11,11.11,7.8388,4224400
"2017-07-03",11.15,11.19,10.96,11.01,7.7683,2754900
"2017-07-05",11,11.09,10.85,10.87,7.6695,5348800
"2017-07-06",10.81,10.83,10.6,10.68,7.5354,5693800
"2017-07-07",10.69,10.77,10.63,10.76,7.5919,5535100
"2017-07-10",10.85,10.98,10.8,10.94,7.7189,6330200
"2017-07-11",10.95,10.99,10.87,10.93,7.7118,4824000
"2017-07-12",11.09,11.22,10.99,11.1,7.8318,6016700
"2017-07-13",11.12,11.23,11,11.02,7.7753,5105400
"2017-07-14",11.11,11.15,11.01,11.03,7.7824,4242800
"2017-07-17",11.05,11.13,10.97,11.12,7.8459,3358400
"2017-07-18",11.12,11.3,11.09,11.24,7.9306,4629800
"2017-07-19",11.28,11.34,11.21,11.32,7.987,3800400
"2017-07-20",11.35,11.43,11.26,11.37,8.0223,2791500
"2017-07-21",11.38,11.44,11.33,11.42,8.0576,3197300
"2017-07-24",11.42,11.45,11.31,11.32,7.987,2906800
"2017-07-25",11.35,11.36,11.22,11.24,7.9306,4625000
"2017-07-26",11.24,11.24,11.04,11.16,7.8741,5336200
"2017-07-27",11.16,11.24,11.02,11.1,7.8318,5997300
"2017-07-28",11.09,11.11,10.96,10.98,7.7471,4831600
"2017-07-31",11,11.26,10.99,11.18,7.8882,17391400
"2017-08-01",11.06,11.23,11,11.2,7.9881,6287700
"2017-08-02",11.15,11.16,10.92,11.05,7.8811,6518100
"2017-08-03",11.14,11.24,11.06,11.12,7.931,7349200
"2017-08-04",11.08,11.16,10.96,11.08,7.9025,3612200
"2017-08-07",11.08,11.28,11.07,11.1,7.9167,6061900
"2017-08-08",11.01,11.66,11.01,11.38,8.1165,11148400
"2017-08-09",11.45,11.45,11.12,11.25,8.0237,7057800
"2017-08-10",11.25,11.5,11.18,11.38,8.1165,8965400
"2017-08-11",11.34,11.34,11,11.1,7.9167,4800000
"2017-08-14",11.12,11.15,11,11.11,7.9239,4860100
"2017-08-15",11.05,11.11,10.94,11.1,7.9167,4525800
"2017-08-16",11.13,11.19,11.1,11.18,7.9738,3108500
"2017-08-17",11.14,11.23,11,11.01,7.8526,3812100
"2017-08-18",11.02,11.12,10.99,11.07,7.8954,4446700
"2017-08-21",11.1,11.24,11.09,11.23,8.0095,3785300
"2017-08-22",11.23,11.38,11.18,11.35,8.0951,4243900
"2017-08-23",11.34,11.4,11.25,11.35,8.0951,2914400
"2017-08-24",11.36,11.43,11.32,11.4,8.1307,4933600
"2017-08-25",11.42,11.52,11.37,11.43,8.1521,2562900
"2017-08-28",11.47,11.49,11.13,11.19,7.9809,4903700
"2017-08-29",11.19,11.27,11.15,11.17,7.9667,3624400
"2017-08-30",11.15,11.2,11.03,11.06,7.8882,4393200
"2017-08-31",11.07,11.14,11.03,11.04,7.874,3913000
"2017-09-01",11.08,11.18,11.07,11.12,7.931,2410600
"2017-09-05",11.17,11.17,11.07,11.09,7.9096,2960400
"2017-09-06",11.16,11.16,11.02,11.11,7.9239,4235200
"2017-09-07",11.13,11.17,11.06,11.15,7.9524,2912200
"2017-09-08",11.16,11.24,11.12,11.21,7.9952,3542800
"2017-09-11",11.23,11.43,11.22,11.39,8.1236,6470300
"2017-09-12",11.38,11.44,11.21,11.24,8.0166,3397500
"2017-09-13",11.2,11.34,11.14,11.23,8.0095,4243500
"2017-09-14",11.2,11.3,11.14,11.26,8.0309,3676200
"2017-09-15",11.24,11.35,11.14,11.35,8.0951,8216400
"2017-09-18",11.36,11.39,11.22,11.27,8.038,3521000
"2017-09-19",11.28,11.38,11.27,11.33,8.0808,3943200
"2017-09-20",11.39,11.45,11.26,11.28,8.0451,5381600
"2017-09-21",11.28,11.34,11.13,11.13,7.9381,3260000
"2017-09-22",11.18,11.21,11.08,11.11,7.9239,2554800
"2017-09-25",11.13,11.22,11.1,11.21,7.9952,3914100
"2017-09-26",11.17,11.28,11.11,11.16,7.9595,5685000
"2017-09-27",11.09,11.17,11.06,11.13,7.9381,4690100
"2017-09-28",11.09,11.12,11,11.08,7.9025,4447500
"2017-09-29",11.08,11.12,11.01,11.02,7.8597,5082100
"2017-10-02",11.06,11.19,11.06,11.09,7.9096,3142500
"2017-10-03",11.1,11.22,11.02,11.19,7.9809,3770100
"2017-10-04",11.17,11.29,11.15,11.28,8.0451,2510700
"2017-10-05",11.3,11.32,11.21,11.29,8.0523,2846300
"2017-10-06",11.24,11.27,11.15,11.19,7.9809,2843900
"2017-10-09",11.21,11.29,11.18,11.2,7.9881,2901400
"2017-10-10",11.22,11.29,11.18,11.25,8.0237,3666200
"2017-10-11",11.2,11.31,11.2,11.27,8.038,3079500
"2017-10-12",11.22,11.26,11.15,11.22,8.0023,2833100
"2017-10-13",11.27,11.34,11.23,11.25,8.0237,2038200
"2017-10-16",11.23,11.29,11.19,11.27,8.038,2561000
"2017-10-17",11.24,11.25,11.18,11.19,7.9809,3623700
"2017-10-18",11.15,11.2,11.11,11.13,7.9381,3153200
"2017-10-19",11.13,11.29,11.07,11.29,8.0523,2997300
"2017-10-20",11.3,11.31,11.08,11.13,7.9381,3792600
"2017-10-23",11.13,11.16,11.05,11.13,7.9381,4139800
"2017-10-24",11.15,11.17,10.95,10.99,7.8383,3787500
"2017-10-25",10.97,11,10.69,10.9,7.7741,7459600
"2017-10-26",10.97,11.03,10.75,10.86,7.7456,4660100
"2017-10-27",10.82,10.84,10.72,10.78,7.6885,4910700
"2017-10-30",10.79,10.81,10.63,10.74,7.66,5087200
"2017-10-31",10.62,10.74,10.49,10.63,7.6672,7255300
"2017-11-01",10.59,10.66,10.55,10.57,7.6239,7046900
"2017-11-02",10.62,10.93,10.46,10.79,7.7826,6642800
"2017-11-03",10.72,10.77,10.47,10.49,7.5662,6025700
"2017-11-06",10.49,10.54,10.34,10.35,7.4652,5259600
"2017-11-07",10.35,10.55,10.31,10.51,7.5806,6848200
"2017-11-08",10.5,10.55,10.42,10.51,7.5806,4696600
"2017-11-09",10.44,10.52,10.28,10.3,7.4292,6323600
"2017-11-10",10.25,10.29,10,10.23,7.3787,26490500
"2017-11-13",10.66,10.84,10.44,10.82,7.8042,8512700
"2017-11-14",10.84,10.97,10.74,10.84,7.8187,9935600
"2017-11-15",10.81,10.9,10.78,10.87,7.8403,6803000
"2017-11-16",10.91,10.92,10.73,10.77,7.7682,5917000
"2017-11-17",10.77,10.79,10.6,10.61,7.6528,7575000
"2017-11-20",10.62,10.68,10.51,10.6,7.6456,5426600
"2017-11-21",10.65,10.68,10.58,10.63,7.6672,3741100
"2017-11-22",10.59,10.71,10.58,10.68,7.7033,3070200
"2017-11-24",10.73,10.78,10.68,10.69,7.7105,1213200
"2017-11-27",10.74,10.76,10.61,10.74,7.7465,5929400
"2017-11-28",10.74,10.79,10.56,10.57,7.6239,6173100
"2017-11-29",10.55,10.65,10.51,10.61,7.6528,6947500
"2017-11-30",10.61,10.68,10.5,10.58,7.6311,5254600
"2017-12-01",10.62,10.68,10.54,10.67,7.6961,5811000
"2017-12-04",10.69,10.82,10.62,10.77,7.7682,5055100
"2017-12-05",10.8,10.81,10.68,10.72,7.7321,4910800
"2017-12-06",10.8,10.94,10.73,10.83,7.8115,8070200
"2017-12-07",10.72,10.74,10.59,10.7,7.7177,6142800
"2017-12-08",10.72,10.79,10.67,10.76,7.761,4345400
"2017-12-11",10.76,10.95,10.74,10.86,7.8331,5273600
"2017-12-12",10.83,10.89,10.71,10.72,7.7321,4361000
"2017-12-13",10.76,10.77,10.54,10.65,7.6816,5795700
"2017-12-14",10.6,10.8,10.5,10.63,7.6672,5587900
"2017-12-15",10.68,11.02,10.68,10.8,7.7898,22897000
"2017-12-18",10.78,11,10.73,10.95,7.898,11128400
"2017-12-19",10.94,10.98,10.62,10.65,7.6816,11735400
"2017-12-20",10.65,10.67,10.43,10.58,7.6311,7972600
"2017-12-21",10.59,10.68,10.46,10.62,7.66,6183900
"2017-12-22",10.61,10.73,10.58,10.71,7.7249,3625400
"2017-12-26",10.75,10.84,10.62,10.64,7.6744,3203900
"2017-12-27",10.68,10.74,10.61,10.67,7.6961,3006200
"2017-12-28",10.71,10.77,10.61,10.76,7.761,3365800
"2017-12-29",10.77,10.88,10.74,10.83,7.8115,4774300
"2018-01-02",10.87,10.92,10.78,10.88,7.8475,4564500
"2018-01-03",10.85,10.97,10.79,10.87,7.8403,6181200
"2018-01-04",10.84,10.97,10.83,10.83,7.8115,5150000
"2018-01-05",10.86,10.92,10.78,10.87,7.8403,5388200
"2018-01-08",10.9,10.93,10.83,10.87,7.8403,6689100
"2018-01-09",10.83,10.91,10.75,10.76,7.761,9311600
"2018-01-10",10.73,10.8,10.64,10.78,7.7754,5026200
"2018-01-11",10.77,10.99,10.75,10.96,7.9052,8242700
"2018-01-12",10.97,11.14,10.9,11.04,7.9629,8527400
"2018-01-16",11.1,11.12,10.67,10.68,7.7033,12412800
"2018-01-17",10.77,10.85,10.7,10.72,7.7321,7138300
"2018-01-18",11.81,11.95,11.36,11.53,8.3164,30169700
"2018-01-19",11.59,11.75,11.49,11.75,8.475,15030300
"2018-01-22",11.8,11.81,11.28,11.38,8.2082,17730200
"2018-01-23",11.3,11.57,11.28,11.42,8.237,10852600
"2018-01-24",11.39,11.41,11.06,11.16,8.0495,14293200
"2018-01-25",11.15,11.5,11.14,11.49,8.2875,11566600
"2018-01-26",11.55,11.74,11.49,11.72,8.4534,9121100
"2018-01-29",11.68,11.92,11.61,11.81,8.5183,12887400
"2018-01-30",11.78,11.85,11.57,11.61,8.3741,12587800
"2018-01-31",11.55,11.64,11.51,11.56,8.4324,24509200
"2018-02-01",11.59,11.67,11.46,11.51,8.3959,6781000
"2018-02-02",11.35,11.49,11.11,11.12,8.1115,10120000
"2018-02-05",11.11,11.12,10.54,10.6,7.7321,15763900
"2018-02-06",10.4,10.64,10.15,10.58,7.7176,11696000
"2018-02-07",10.6,10.78,10.47,10.48,7.6446,8786300
"2018-02-08",10.44,10.45,10.05,10.06,7.3382,13049500
"2018-02-09",10.13,10.28,9.87,10.2,7.4404,10305200
"2018-02-12",10.23,10.34,10.03,10.27,7.4914,9008800
"2018-02-13",10.26,10.39,10.16,10.32,7.5279,6312200
"2018-02-14",10.23,10.33,10.14,10.27,7.4914,5931500
"2018-02-15",10.36,10.52,10.32,10.52,7.6738,7138200
"2018-02-16",10.44,10.61,10.43,10.45,7.6227,5665600
"2018-02-20",10.39,10.54,10.36,10.4,7.5863,7467400
"2018-02-21",10.44,10.57,10.23,10.23,7.4622,5365600
"2018-02-22",10.26,10.43,10.25,10.3,7.5133,6706800
"2018-02-23",10.36,10.52,10.33,10.49,7.6519,4672300
"2018-02-26",10.51,10.54,10.35,10.45,7.6227,10759900
"2018-02-27",10.75,11.25,10.57,11.22,8.1844,22078300
"2018-02-28",11.28,11.32,10.86,10.87,7.9291,10198400
"2018-03-01",10.92,11.27,10.89,10.96,7.9947,9875400
"2018-03-02",10.9,11,10.7,10.86,7.9218,7723600
"2018-03-05",10.9,10.99,10.8,10.98,8.0093,12072500
"2018-03-06",11.04,11.1,10.83,10.93,7.9729,8263100
"2018-03-07",10.87,10.92,10.71,10.8,7.878,7118300
"2018-03-08",10.84,10.94,10.83,10.84,7.9072,5443800
"2018-03-09",10.86,10.86,10.65,10.85,7.9145,5797300
"2018-03-12",10.85,10.88,10.62,10.74,7.8343,7481000
"2018-03-13",10.79,10.83,10.62,10.67,7.7832,5786400
"2018-03-14",10.7,10.78,10.65,10.7,7.8051,4334800
"2018-03-15",10.69,10.77,10.49,10.69,7.7978,9498900
"2018-03-16",10.73,10.91,10.7,10.84,7.9072,7325800
"2018-03-19",10.88,10.9,10.7,10.77,7.8561,5646600
"2018-03-20",10.8,10.86,10.63,10.71,7.8124,6359700
"2018-03-21",10.72,10.95,10.67,10.8,7.878,5687900
"2018-03-22",10.8,11.04,10.69,10.82,7.8926,7888900
"2018-03-23",10.91,11.02,10.68,10.72,7.8197,6536200
"2018-03-26",10.76,10.89,10.66,10.84,7.9072,5769700
"2018-03-27",10.84,11.11,10.82,10.95,7.9874,6993600
"2018-03-28",10.98,11.23,10.94,11.23,8.1917,12332900
"2018-03-29",11.24,11.43,11.15,11.37,8.2938,8712900
"2018-04-02",11.38,11.47,11.23,11.37,8.2938,13767500
"2018-04-03",11.35,11.52,11.19,11.5,8.3886,8743000
"2018-04-04",11.45,11.56,11.3,11.39,8.3084,12904900
"2018-04-05",11.41,11.57,11.31,11.5,8.3886,6277400
"2018-04-06",11.47,11.56,11.4,11.42,8.3303,6935200
"2018-04-09",11.42,11.52,11.33,11.39,8.3084,6087300
"2018-04-10",11.51,11.51,11.37,11.43,8.3376,4313600
"2018-04-11",11.38,11.5,11.38,11.42,8.3303,3826300
"2018-04-12",11.41,11.43,11.25,11.29,8.2355,5565300
"2018-04-13",11.33,11.42,11.31,11.34,8.2719,2556300
"2018-04-16",11.41,11.58,11.36,11.57,8.4397,6429200
"2018-04-17",11.57,11.83,11.46,11.74,8.5637,6433700
"2018-04-18",11.78,11.81,11.71,11.75,8.571,6396800
"2018-04-19",11.72,11.77,11.64,11.75,8.571,4225800
"2018-04-20",11.74,11.74,11.58,11.62,8.4762,3287300
"2018-04-23",11.67,11.92,11.63,11.86,8.6512,8928900
"2018-04-24",11.86,12.11,11.83,12,8.7534,8287800
"2018-04-25",11.95,12.05,11.9,12.03,8.7753,5840600
"2018-04-26",12.06,12.25,12,12.17,8.8774,5236800
"2018-04-27",12.16,12.45,12.14,12.31,8.9795,6476600
"2018-04-30",12.21,12.31,12.17,12.24,9.0237,7833500
"2018-05-01",12.25,12.26,12.1,12.21,9.0016,5700300
"2018-05-02",12.17,12.3,12.13,12.19,8.9869,7816100
"2018-05-03",12.19,12.32,12.05,12.3,9.068,5957600
"2018-05-04",12.28,12.4,12.24,12.33,9.0901,3365700
"2018-05-07",12.32,12.38,12.19,12.37,9.1196,13131900
"2018-05-08",12.15,12.17,11.66,11.73,8.6477,15873700
"2018-05-09",11.87,12.09,11.77,12.07,8.8984,8094400
"2018-05-10",12.1,12.32,12.07,12.31,9.0753,4207700
"2018-05-11",12.34,12.38,12.24,12.29,9.0606,3981600
"2018-05-14",12.32,12.41,12.29,12.35,9.1048,5406700
"2018-05-15",12.3,12.34,12.22,12.3,9.068,6206100
"2018-05-16",12.19,12.32,12.11,12.28,9.0532,5025700
"2018-05-17",12.28,12.32,12.01,12.05,8.8837,8142800
"2018-05-18",12.06,12.06,11.8,11.93,8.7952,6871600
"2018-05-21",11.99,12.13,11.94,12.06,8.891,5888400
"2018-05-22",12.12,12.26,12.1,12.2,8.9942,5304000
"2018-05-23",12.13,12.23,12.07,12.19,8.9869,5047900
"2018-05-24",12.22,12.43,12.15,12.39,9.1343,4152300
"2018-05-25",12.39,12.5,12.36,12.41,9.1491,3671700
"2018-05-29",12.37,12.49,12.3,12.41,9.1491,5008900
"2018-05-30",12.43,12.71,12.35,12.67,9.3407,7856100
"2018-05-31",12.62,12.86,12.62,12.75,9.3997,6844900
"2018-06-01",12.71,12.84,12.63,12.79,9.4292,6194900
"2018-06-04",12.86,13.09,12.81,12.93,9.5324,8255300
"2018-06-05",13,13.25,12.87,12.93,9.5324,13218800
"2018-06-06",12.96,12.98,12.47,12.51,9.2228,7097800
"2018-06-07",12.53,12.79,12.51,12.72,9.3776,6098200
"2018-06-08",12.71,12.77,12.6,12.77,9.4145,5656300
"2018-06-11",12.8,12.9,12.65,12.83,9.4587,3889200
"2018-06-12",12.86,13.07,12.81,13.04,9.6135,6081400
"2018-06-13",13.1,13.16,13.05,13.13,9.6799,6413700
"2018-06-14",13.18,13.35,13.08,13.18,9.7167,7081300
"2018-06-15",13.13,13.28,12.88,13.07,9.6356,9932400
"2018-06-18",13.05,13.16,13,13.07,9.6356,5218200
"2018-06-19",13.08,13.2,12.96,13.08,9.643,9251400
"2018-06-20",13.09,13.14,12.84,12.93,9.5324,7131900
"2018-06-21",12.95,13,12.87,12.89,9.5029,4496300
"2018-06-22",12.95,12.97,12.82,12.86,9.4808,7895500
"2018-06-25",12.86,12.92,12.77,12.87,9.4882,4960400
"2018-06-26",12.9,13.24,12.82,13.21,9.7388,8508400
"2018-06-27",13.15,13.42,13.1,13.24,9.761,7917200
"2018-06-28",13.29,13.56,13.25,13.51,9.96,9042900
"2018-06-29",13.51,13.53,13.26,13.41,9.8863,6384100
"2018-07-02",13.05,13.14,12.81,13.14,9.6872,7761300
"2018-07-03",13.16,13.18,12.96,13.01,9.5914,3846200
"2018-07-05",12.95,12.97,12.8,12.97,9.5619,5292000
"2018-07-06",12.96,13.04,12.92,13,9.584,5476100
"2018-07-09",13,13,12.57,12.63,9.3113,7724900
"2018-07-10",12.59,12.9,12.55,12.84,9.4661,9155900
"2018-07-11",12.85,13.12,12.83,13.03,9.6061,6661900
"2018-07-12",13.06,13.14,12.98,13.1,9.6578,4562600
"2018-07-13",13.12,13.19,13.09,13.18,9.7167,3615100
"2018-07-16",13.18,13.21,13.11,13.13,9.6799,3590800
"2018-07-17",13.1,13.12,12.83,12.85,9.4734,9094300
"2018-07-18",12.85,12.86,12.71,12.73,9.385,9829800
"2018-07-19",12.72,13.11,12.72,13.03,9.6061,8820300
"2018-07-20",13.03,13.08,12.96,13.03,9.6061,3413200
"2018-07-23",13.02,13.16,12.92,13.07,9.6356,6031800
"2018-07-24",13.09,13.18,12.92,13.11,9.6651,5683000
"2018-07-25",13.15,13.41,13.13,13.4,9.8789,10616600
"2018-07-26",13.44,13.58,13.33,13.4,9.8789,6653100
"2018-07-27",13.45,13.49,13.31,13.37,9.8568,5321000
"2018-07-30",13.38,13.46,13.29,13.3,9.8052,7106900
"2018-07-31",13.3,13.46,13.26,13.36,9.8494,10961300
"2018-08-01",13.36,13.59,13.34,13.47,9.9305,9492500
"2018-08-02",13.28,13.56,13.27,13.55,10.0869,10164800
"2018-08-03",13.28,13.74,13.28,13.69,10.1911,8038000
"2018-08-06",13.75,13.87,13.71,13.82,10.2878,8094900
"2018-08-07",13.27,13.8,13.23,13.63,10.1464,7520700
"2018-08-08",13.79,14,13.69,13.95,10.3846,7915900
"2018-08-09",13.95,13.97,13.71,13.74,10.2283,6606400
"2018-08-10",13.71,13.8,13.55,13.56,10.0943,5187700
"2018-08-13",13.56,13.58,13.35,13.38,9.9603,6132600
"2018-08-14",13.42,13.56,13.4,13.5,10.0496,6105700
"2018-08-15",13.48,13.55,13.4,13.49,10.0422,7684800
"2018-08-16",13.51,13.93,13.47,13.87,10.3251,7318100
"2018-08-17",13.76,13.99,13.7,13.94,10.3772,4541800
"2018-08-20",13.99,14,13.89,13.96,10.3921,3721800
"2018-08-21",13.96,14.02,13.91,13.97,10.3995,3670300
"2018-08-22",13.95,14.01,13.9,13.99,10.4144,3528200
"2018-08-23",13.98,14.11,13.96,14.01,10.4293,4758900
"2018-08-24",14.07,14.09,13.95,14.01,10.4293,3877200
"2018-08-27",14.06,14.08,13.92,13.96,10.3921,2827000
"2018-08-28",13.91,13.98,13.84,13.91,10.3548,3084500
"2018-08-29",14.02,14.1,13.91,14.01,10.4293,5860800
"2018-08-30",14,14.04,13.83,13.9,10.3474,6190000
"2018-08-31",13.87,13.87,13.4,13.46,10.0199,9630300
"2018-09-04",13.43,13.53,13.09,13.15,9.7891,10959700
"2018-09-05",13.19,13.5,13.17,13.41,9.9826,9487900
"2018-09-06",13.41,13.46,13.26,13.28,9.8859,4479800
"2018-09-07",13.16,13.24,13.08,13.11,9.7593,4933200
"2018-09-10",13.18,13.25,13.07,13.22,9.8412,5441200
"2018-09-11",13.17,13.23,13,13.08,9.737,9088300
"2018-09-12",13.12,13.26,13.03,13.23,9.8486,8296100
"2018-09-13",13.23,13.49,13.18,13.45,10.0124,8968300
"2018-09-14",13.4,13.64,13.39,13.55,10.0869,6918000
"2018-09-17",13.56,13.68,13.5,13.64,10.1539,5282900
"2018-09-18",13.64,13.84,13.57,13.75,10.2357,7925500
"2018-09-19",13.77,13.77,13.55,13.59,10.1166,8376600
"2018-09-20",13.64,13.86,13.49,13.81,10.2804,5128900
"2018-09-21",13.82,14.01,13.78,13.96,10.3921,8521700
"2018-09-24",13.96,14.01,13.74,13.76,10.2432,5382800
"2018-09-25",13.69,13.79,13.49,13.7,10.1985,10257900
"2018-09-26",13.77,13.77,13.54,13.61,10.1315,5492700
"2018-09-27",13.62,13.77,13.55,13.7,10.1985,4194500
"2018-09-28",13.7,14.01,13.68,14,10.4218,5578200
"2018-10-01",13.99,14.14,13.88,14.05,10.4591,7027300
"2018-10-02",14.13,14.49,14.12,14.43,10.7419,8300000
"2018-10-03",14.49,14.73,14.35,14.53,10.8164,8214700
"2018-10-04",14.52,14.53,14.31,14.51,10.8015,4890800
"2018-10-05",14.56,14.71,14.5,14.66,10.9132,5965400
"2018-10-08",14.72,14.82,14.63,14.77,10.995,6298200
"2018-10-09",14.8,14.86,14.71,14.82,11.0323,7623900
"2018-10-10",14.74,15.11,14.73,14.78,11.0025,7697200
"2018-10-11",14.87,14.97,14.31,14.44,10.7494,7313100
"2018-10-12",14.46,14.68,14.37,14.65,10.9057,6177200
"2018-10-15",14.77,15.01,14.74,14.84,11.0472,4671500
"2018-10-16",14.87,15.38,14.85,15.36,11.4343,7945700
"2018-10-17",15.38,15.39,15.05,15.08,11.2258,5120400
"2018-10-18",15.05,15.13,14.71,14.8,11.0174,7601100
"2018-10-19",14.88,15.04,14.84,14.98,11.1514,8470400
"2018-10-22",15.02,15.14,14.99,15.01,11.1737,4684500
"2018-10-23",14.95,15.02,14.56,14.72,10.9578,8080900
"2018-10-24",14.85,14.96,14.67,14.67,10.9206,7718700
"2018-10-25",14.68,14.79,14.54,14.71,10.9504,7673700
"2018-10-26",14.67,14.72,14.42,14.55,10.8313,6645600
"2018-10-29",14.66,14.77,14.39,14.52,10.8089,4884900
"2018-10-30",14.52,14.85,14.51,14.82,11.0323,7849300
"2018-10-31",14.68,14.8,14.56,14.58,10.9497,9375800
"2018-11-01",14.61,14.76,14.47,14.74,11.0698,4214000
"2018-11-02",14.74,14.84,14.59,14.6,10.9647,6687900
"2018-11-05",14.66,15.09,14.62,15.07,11.3176,9114000
"2018-11-06",14.85,16.04,14.8,16.01,12.0236,10947900
"2018-11-07",16.09,16.28,15.55,15.6,11.7157,8263100
"2018-11-08",15.63,15.74,15.44,15.67,11.7682,4322200
"2018-11-09",15.56,15.64,15.4,15.52,11.6556,4191600
"2018-11-12",15.52,15.73,15.51,15.52,11.6556,4366200
"2018-11-13",15.55,15.57,15.32,15.41,11.573,3846000
"2018-11-14",15.43,15.49,15.21,15.24,11.4453,8214500
"2018-11-15",15.24,15.48,15.13,15.42,11.5805,6866700
"2018-11-16",15.59,15.63,15.37,15.51,11.6481,6505200
"2018-11-19",15.48,15.55,15.32,15.38,11.5505,5560000
"2018-11-20",15.35,15.4,14.88,14.9,11.19,5361500
"2018-11-21",14.91,15.12,14.67,15.07,11.3176,7286000
"2018-11-23",15.03,15.1,14.96,15,11.2651,1296700
"2018-11-26",15.04,15.41,15.04,15.4,11.5655,5742200
"2018-11-27",15.33,15.43,15.18,15.22,11.4303,6403300
"2018-11-28",15.31,15.54,15.31,15.51,11.6481,7985600
"2018-11-29",15.54,15.55,15.39,15.44,11.5955,4800800
"2018-11-30",15.44,15.52,15.36,15.49,11.6331,7152000
"2018-12-03",15.59,15.7,15.52,15.6,11.7157,5589200
"2018-12-04",15.61,15.76,15.44,15.46,11.6105,7138100
"2018-12-06",15.34,15.51,15.04,15.45,11.603,7542200
"2018-12-07",15.49,15.63,15.41,15.53,11.6631,3844500
"2018-12-10",15.5,15.79,15.49,15.77,11.8434,6072200
"2018-12-11",15.89,15.93,15.6,15.74,11.8208,7325800
"2018-12-12",15.97,16.02,15.84,15.89,11.9335,7201100
"2018-12-13",15.93,15.93,15.71,15.78,11.8509,4633300
"2018-12-14",15.76,15.96,15.73,15.95,11.9785,6789800
"2018-12-17",15.96,15.96,14.75,14.88,11.175,10098600
"2018-12-18",14.9,15.29,14.83,14.98,11.2501,9852900
"2018-12-19",15.02,15.03,14.66,14.74,11.0698,9350300
"2018-12-20",14.67,14.83,14.39,14.69,11.0323,14089900
"2018-12-21",14.62,14.77,14.26,14.45,10.852,21011000
"2018-12-24",14.35,14.46,13.79,13.82,10.3789,3929800
"2018-12-26",13.84,14.28,13.55,14.28,10.7244,8239800
"2018-12-27",14.19,14.31,13.87,14.29,10.7319,5755600
"2018-12-28",14.36,14.57,14.21,14.27,10.7168,5577600
"2018-12-31",14.46,14.6,14.36,14.46,10.8595,5301500
"2019-01-02",14.27,14.31,14.1,14.18,10.6493,5577700
"2019-01-03",14.19,14.37,13.97,14.17,10.6417,7934700
"2019-01-04",14.21,14.8,14.2,14.64,10.9947,6141100
"2019-01-07",14.64,14.85,14.54,14.71,11.0473,4918900
"2019-01-08",14.87,15.09,14.76,15.05,11.3026,4443700
"2019-01-09",15.05,15.25,14.98,15.02,11.2801,5003500
"2019-01-10",14.98,15.37,14.92,15.34,11.5204,3948900
"2019-01-11",15.34,15.43,15.24,15.39,11.558,3292400
"2019-01-14",15.25,15.25,14.78,15.04,11.2951,7846600
"2019-01-15",15.05,15.48,15.05,15.44,11.5955,4604400
"2019-01-16",15.39,15.56,15.33,15.51,11.6481,6021400
"2019-01-17",15.5,15.66,15.42,15.49,11.6331,6409300
"2019-01-18",15.46,15.61,15.31,15.55,11.6781,4663200
"2019-01-22",15.57,15.74,15.44,15.61,11.7232,3378000
"2019-01-23",15.65,15.88,15.64,15.87,11.9185,6438400
"2019-01-24",15.9,15.92,15.73,15.9,11.941,4708000
"2019-01-25",15.9,16.09,15.8,15.88,11.926,4711700
"2019-01-28",15.83,15.96,15.74,15.87,11.9185,4603600
"2019-01-29",15.95,16.1,15.88,16.03,12.0386,5614100
"2019-01-30",16.1,16.36,16.04,16.29,12.2339,5809200
"2019-01-31",16.16,16.42,15.95,16.39,12.4134,8579600
"2019-02-01",16.4,16.71,16.37,16.68,12.633,5875600
"2019-02-04",16.65,16.86,16.37,16.83,12.7466,7062100
"2019-02-05",16.82,17.06,16.77,16.95,12.8375,5185600
"2019-02-06",16.9,17.07,16.85,16.98,12.8602,3914400
"2019-02-07",16.96,17.13,16.86,17.11,12.9587,4121900
"2019-02-08",17.08,17.23,17.05,17.22,13.042,3836100
"2019-02-11",17.25,17.46,17.14,17.16,12.9966,4830800
"2019-02-12",17.2,17.24,17.07,17.18,13.0117,6210500
"2019-02-13",17.12,17.2,16.95,17.04,12.9057,4903400
"2019-02-14",17.02,17.22,16.98,17.06,12.9208,4180700
"2019-02-15",17.17,17.26,16.91,16.92,12.8148,7201100
"2019-02-19",16.9,17.19,16.86,17.18,13.0117,6778500
"2019-02-20",17.16,17.27,17.08,17.15,12.989,4653100
"2019-02-21",17.08,17.34,17.05,17.32,13.1177,4167800
"2019-02-22",17.4,17.6,17.31,17.53,13.2768,3323200
"2019-02-25",17.51,17.59,17.18,17.33,13.1253,5480700
"2019-02-26",17.36,17.36,17.11,17.29,13.095,5170400
"2019-02-27",17.07,17.4,17.01,17.16,12.9966,6029100
"2019-02-28",17.26,17.29,16.87,17.23,13.0496,6014400
"2019-03-01",17.29,17.54,17.29,17.5,13.2541,6068500
"2019-03-04",17.53,17.6,16.88,17.12,12.9663,9289400
"2019-03-05",17.14,17.5,17.06,17.42,13.1935,7573100
"2019-03-06",17.45,17.7,17.36,17.58,13.3146,8832400
"2019-03-07",17.72,17.95,17.6,17.67,13.3828,8028500
"2019-03-08",17.69,17.73,17.57,17.7,13.4055,5000500
"2019-03-11",17.76,17.97,17.74,17.97,13.61,5676500
"2019-03-12",18,18.14,17.9,18.12,13.7236,3995400
"2019-03-13",18.17,18.26,18.09,18.12,13.7236,3735100
"2019-03-14",18.16,18.21,18.01,18.18,13.7691,4302200
"2019-03-15",18.14,18.39,17.94,18.31,13.8675,7845800
"2019-03-18",18.32,18.36,18.05,18.15,13.7464,6730500
"2019-03-19",18.14,18.26,17.74,17.84,13.5116,11346700
"2019-03-20",17.88,18.07,17.71,17.93,13.5797,7786900
"2019-03-21",17.99,18.31,17.94,18.28,13.8448,4984600
"2019-03-22",18.3,18.42,18.05,18.06,13.6782,5223300
"2019-03-25",18.08,18.35,18.01,18.24,13.8145,5060700
"2019-03-26",18.3,18.41,18.26,18.41,13.9433,5177100
"2019-03-27",18.37,18.52,18.12,18.25,13.8221,4920100
"2019-03-28",18.27,18.38,18.03,18.11,13.7161,4272100
"2019-03-29",18.12,18.2,18.05,18.08,13.6933,7653100
"2019-04-01",18.13,18.16,17.85,17.92,13.5722,8350000
"2019-04-02",17.96,18.08,17.89,18.01,13.6403,9343500
"2019-04-03",18.13,18.31,17.99,18.06,13.6782,9269200
"2019-04-04",18.06,18.06,17.83,18,13.6327,4134200
"2019-04-05",18.04,18.29,18.01,18.27,13.8372,5314900
"2019-04-08",18.24,18.24,17.91,17.99,13.6252,4111100
"2019-04-09",17.94,18.11,17.93,18.11,13.7161,4410800
"2019-04-10",18.15,18.27,18.01,18.06,13.6782,3554100
"2019-04-11",18.04,18.12,17.96,18.08,13.6933,2622500
"2019-04-12",18.07,18.11,17.92,18.02,13.6479,3333400
"2019-04-15",18.06,18.12,17.96,18.09,13.7009,3875500
"2019-04-16",18.04,18.17,17.8,17.83,13.504,4353000
"2019-04-17",17.88,17.9,17.62,17.7,13.4055,3893500
"2019-04-18",17.65,17.79,17.53,17.72,13.4207,4256600
"2019-04-22",17.67,17.79,17.61,17.69,13.398,3326200
"2019-04-23",17.72,17.91,17.62,17.75,13.4434,6153300
"2019-04-24",17.77,17.86,17.66,17.73,13.4283,5098600
"2019-04-25",17.63,17.74,17.51,17.59,13.3222,4845300
"2019-04-26",17.68,17.81,17.37,17.46,13.2238,7674700
"2019-04-29",17.47,17.51,17.18,17.22,13.042,5803900
"2019-04-30",17.08,17.18,16.89,17.12,13.0702,10823400
"2019-05-01",17.11,17.24,16.9,16.9,12.9023,6113800
"2019-05-02",16.86,17.17,16.72,17.05,13.0168,12720700
"2019-05-03",17.12,17.25,16.93,16.93,12.9252,7534300
"2019-05-06",16.82,16.88,16.65,16.81,12.8336,7146200
"2019-05-07",16.71,16.92,16.3,16.53,12.6198,8430400
"2019-05-08",16.58,16.64,15.95,15.98,12.1999,9000200
"2019-05-09",15.95,16.27,15.87,16.12,12.3068,12445700
"2019-05-10",16.1,16.29,15.92,16.25,12.406,6019400
"2019-05-13",16.09,16.15,15.88,16.11,12.2992,5597600
"2019-05-14",16.33,16.4,16.07,16.08,12.2763,6664300
"2019-05-15",15.98,16.26,15.9,16.22,12.3831,6849400
"2019-05-16",16.18,16.45,16.14,16.35,12.4824,7046100
"2019-05-17",16.23,16.36,16.22,16.34,12.4748,6037800
"2019-05-20",16.23,16.42,16.21,16.24,12.3984,6653400
"2019-05-21",16.28,16.53,16.26,16.37,12.4977,7310800
"2019-05-22",16.5,16.6,16.44,16.55,12.6351,6908800
"2019-05-23",16.45,16.83,16.42,16.79,12.8183,7848500
"2019-05-24",16.85,16.87,16.48,16.5,12.5969,5521000
"2019-05-28",16.5,16.64,16.34,16.34,12.4748,8771800
"2019-05-29",16.28,16.32,16.05,16.06,12.261,7667300
"2019-05-30",16.07,16.16,15.83,15.89,12.1312,3985100
"2019-05-31",15.82,15.94,15.71,15.8,12.0625,5239600
"2019-06-03",15.87,15.94,15.76,15.93,12.1617,5563800
"2019-06-04",15.94,16.12,15.77,16.08,12.2763,7018800
"2019-06-05",16.18,16.5,16.18,16.49,12.5893,7267100
"2019-06-06",16.48,16.99,16.41,16.96,12.9481,9597200
"2019-06-07",17.06,17.11,16.68,16.7,12.7496,3810200
"2019-06-10",16.69,16.69,16.34,16.43,12.5435,3534500
"2019-06-11",16.47,16.61,16.24,16.38,12.5053,6020600
"2019-06-12",16.38,16.78,16.38,16.76,12.7954,3860100
"2019-06-13",16.81,16.93,16.74,16.86,12.8717,3035800
"2019-06-14",16.87,17.2,16.87,17.09,13.0473,3837500
"2019-06-17",17.09,17.15,16.69,16.83,12.8488,4251600
"2019-06-18",17.01,17.03,16.75,16.84,12.8565,4057100
"2019-06-19",16.76,16.84,16.27,16.57,12.6503,7217000
"2019-06-20",16.74,17,16.6,16.93,12.9252,6072100
"2019-06-21",16.92,16.92,16.66,16.76,12.7954,5048000
"2019-06-24",16.84,16.87,16.49,16.63,12.6962,3864200
"2019-06-25",16.67,16.75,16.52,16.65,12.7114,4843600
"2019-06-26",16.64,16.64,16.28,16.32,12.4595,4009800
"2019-06-27",16.3,16.54,16.28,16.54,12.6274,4797000
"2019-06-28",16.55,16.79,16.53,16.76,12.7954,6924600
"2019-07-01",16.82,16.88,16.66,16.77,12.803,3894300
"2019-07-02",16.84,17.12,16.77,16.95,12.9405,5548100
"2019-07-03",17.05,17.43,17.03,17.28,13.1924,5265100
"2019-07-05",17.17,17.18,16.91,17.12,13.0702,3812200
"2019-07-08",17.05,17.21,17.03,17.15,13.0931,3363100
"2019-07-09",17.11,17.19,16.96,17.06,13.0244,3769400
"2019-07-10",17.09,17.15,16.97,16.99,12.971,3433900
"2019-07-11",17,17.03,16.78,16.96,12.9481,3450400
"2019-07-12",16.98,17.09,16.85,17.08,13.0397,2863000
"2019-07-15",17.08,17.17,16.96,17.15,13.0931,3370400
"2019-07-16",17.13,17.3,17.11,17.29,13.2,6047500
"2019-07-17",17.34,17.8,17.33,17.65,13.4749,11336300
"2019-07-18",17.63,17.64,17.22,17.53,13.3833,4861700
"2019-07-19",17.53,17.55,17.21,17.22,13.1466,3367400
"2019-07-22",17.26,17.29,16.86,17.06,13.0244,5520900
"2019-07-23",17.04,17.06,16.76,16.83,12.8488,2965600
"2019-07-24",16.84,16.92,16.75,16.87,12.8794,2357900
"2019-07-25",16.8,16.97,16.78,16.91,12.9099,2750600
"2019-07-26",16.94,17.04,16.84,16.94,12.9328,3677800
"2019-07-29",17.01,17.09,16.91,17.06,13.0244,3365700
"2019-07-30",16.92,17.2,16.87,17.15,13.0931,3871200
"2019-07-31",17.04,17.11,16.71,16.79,12.9215,12159300
"2019-08-01",16.77,17.37,16.76,17.3,13.314,5299500
"2019-08-02",17.22,17.29,16.81,16.83,12.9523,5935300
"2019-08-05",16.72,16.79,16.19,16.32,12.5598,4466700
"2019-08-06",16.01,16.19,15.37,15.7,12.0827,12373600
"2019-08-07",15.65,15.71,15.32,15.67,12.0596,9128000
"2019-08-08",15.66,15.94,15.61,15.85,12.1981,5104400
"2019-08-09",15.8,15.89,15.55,15.57,11.9826,3548200
"2019-08-12",15.52,15.52,15.15,15.24,11.7286,4513100
"2019-08-13",15.16,15.33,15.11,15.17,11.6748,3489800
"2019-08-14",15.08,15.11,14.71,14.79,11.3823,6614400
"2019-08-15",14.94,14.96,14.63,14.77,11.3669,5641100
"2019-08-16",14.79,15.25,14.76,15.2,11.6979,5172500
"2019-08-19",15.2,15.48,15.18,15.36,11.821,4586600
"2019-08-20",15.35,15.38,15.1,15.19,11.6902,6022700
"2019-08-21",15.24,15.41,15.19,15.32,11.7902,3385700
"2019-08-22",15.28,15.32,15.02,15.2,11.6979,3598300
"2019-08-23",15.2,15.25,14.72,14.79,11.3823,3937600
"2019-08-26",14.85,14.95,14.78,14.84,11.4208,2276100
"2019-08-27",14.9,15,14.6,14.61,11.2438,5481900
"2019-08-28",14.61,14.92,14.6,14.86,11.4362,5050200
"2019-08-29",14.93,15.19,14.93,15.12,11.6363,4897500
"2019-08-30",15.2,15.41,15.16,15.33,11.7979,5103600
"2019-09-03",15.22,15.45,15.17,15.34,11.8056,5740400
"2019-09-04",15.42,15.48,15.22,15.29,11.7671,3373200
"2019-09-05",15.21,15.53,15.21,15.44,11.8826,5652100
"2019-09-06",15.53,15.57,15.28,15.31,11.7825,3491100
"2019-09-09",15.28,15.38,14.85,15.03,11.567,4366500
"2019-09-10",15.01,15.19,14.99,15.18,11.6825,3254000
"2019-09-11",15.2,15.62,15.12,15.55,11.9672,5890600
"2019-09-12",15.6,15.77,15.43,15.67,12.0596,6214100
"2019-09-13",15.67,15.96,15.64,15.79,12.1519,5643200
"2019-09-16",15.84,16.01,15.62,16,12.3135,4362400
"2019-09-17",16,16.04,15.84,15.89,12.2289,4324900
"2019-09-18",15.94,16.06,15.8,16.05,12.352,3859500
"2019-09-19",16.07,16.11,15.91,15.95,12.2751,4635400
"2019-09-20",15.97,16.19,15.91,16.09,12.3828,7443100
"2019-09-23",16.08,16.29,15.95,16.25,12.5059,3675800
"2019-09-24",16.3,16.35,16.05,16.17,12.4444,4858000
"2019-09-25",16.14,16.27,16.08,16.12,12.4059,4336400
"2019-09-26",16.19,16.3,16.05,16.22,12.4829,3612100
"2019-09-27",16.26,16.53,16.17,16.31,12.5521,4431100
"2019-09-30",16.37,16.45,16.22,16.34,12.5752,3559100
"2019-10-01",16.22,16.42,16.14,16.24,12.4982,3743000
"2019-10-02",16.25,16.25,15.7,15.7,12.0827,4670900
"2019-10-03",15.73,15.88,15.62,15.8,12.1596,4055000
"2019-10-04",15.86,16.03,15.67,16.03,12.3366,3923500
"2019-10-07",16,16.06,15.84,15.85,12.1981,3266400
"2019-10-08",15.8,15.87,15.49,15.51,11.9364,4203400
"2019-10-09",15.56,15.67,15.43,15.54,11.9595,4693900
"2019-10-10",15.52,15.85,15.49,15.82,12.175,3050400
"2019-10-11",15.87,16.15,15.86,16.01,12.3212,3461400
"2019-10-14",16.03,16.04,15.87,15.99,12.3058,2969700
"2019-10-15",15.93,16.19,15.84,16.02,12.3289,4768100
"2019-10-16",15.97,16.14,15.95,16.13,12.4136,4117100
"2019-10-17",16.1,16.3,16.07,16.24,12.4982,3028400
"2019-10-18",16.19,16.48,16.12,16.38,12.606,4070200
"2019-10-21",16.4,16.5,16.33,16.44,12.6522,4114300
"2019-10-22",16.48,16.92,16.34,16.9,13.0062,5380000
"2019-10-23",16.86,17.15,16.84,17.13,13.1832,6329900
"2019-10-24",17.2,17.21,16.85,16.88,12.9908,5099800
"2019-10-25",16.82,16.92,16.66,16.8,12.9292,3455300
"2019-10-28",16.8,17.19,16.75,16.98,13.0677,5094100
"2019-10-29",16.93,17.16,16.89,17.09,13.1524,5620100
"2019-10-30",17.08,17.23,16.96,17.21,13.2448,6598000
"2019-10-31",17.09,17.11,16.97,17.05,13.2269,5335300
"2019-11-01",17.09,17.54,17.09,17.51,13.5838,5284800
"2019-11-04",17.51,17.62,17.33,17.42,13.5139,6026000
"2019-11-05",17.37,17.5,17.12,17.19,13.3355,5836900
"2019-11-06",17.62,17.84,17.45,17.68,13.7156,5706200
"2019-11-07",17.73,17.8,17.34,17.57,13.6303,6037900
"2019-11-08",17.49,17.65,17.38,17.64,13.6846,4905500
"2019-11-11",17.65,18.03,17.56,17.93,13.9096,6040100
"2019-11-12",17.86,18.14,17.82,18.06,14.0104,8803300
"2019-11-13",18.1,18.21,17.98,18.15,14.0803,5824400
"2019-11-14",18.16,18.44,18.15,18.41,14.282,7964200
"2019-11-15",18.4,18.48,18.33,18.45,14.313,6745200
"2019-11-18",18.42,18.5,18.33,18.49,14.344,5863900
"2019-11-19",18.47,18.53,18.4,18.48,14.3363,5954800
"2019-11-20",18.46,18.62,18.31,18.6,14.4294,14625700
"2019-11-21",18.6,18.64,18.33,18.5,14.3518,7280800
"2019-11-22",18.58,18.86,18.49,18.83,14.6078,6909600
"2019-11-25",18.78,18.83,18.65,18.78,14.569,5648700
"2019-11-26",18.75,18.77,18.58,18.75,14.5457,9390100
"2019-11-27",18.75,18.91,18.7,18.89,14.6543,3455400
"2019-11-29",18.83,19.03,18.78,18.91,14.6699,2357100
"2019-12-02",18.9,18.98,18.84,18.92,14.6776,5518400
"2019-12-03",18.88,18.97,18.8,18.84,14.6155,5816700
"2019-12-04",18.79,18.99,18.77,18.9,14.6621,5882200
"2019-12-05",18.94,18.96,18.76,18.81,14.5923,5927400
"2019-12-06",18.77,18.86,18.69,18.72,14.5225,6558800
"2019-12-09",18.75,18.85,18.64,18.79,14.5768,5287400
"2019-12-10",18.85,19.23,18.82,19.13,14.8405,3757300
"2019-12-11",19.17,19.23,18.9,18.91,14.6699,4766900
"2019-12-12",18.88,19.15,18.86,18.93,14.6854,4581900
"2019-12-13",18.98,19.02,18.88,18.92,14.6776,4867400
"2019-12-16",18.97,19.38,18.94,19.37,15.0267,4945600
"2019-12-17",19.39,19.39,18.88,18.92,14.6776,8284300
"2019-12-18",18.88,19.37,18.81,19.17,14.8716,11938900
"2019-12-19",19.22,19.59,19.14,19.55,15.1663,8291600
"2019-12-20",19.54,19.96,19.49,19.81,15.368,9091600
"2019-12-23",19.93,19.93,19.68,19.82,15.3758,2614900
"2019-12-24",19.83,19.89,19.74,19.76,15.3293,986200
"2019-12-26",19.85,19.98,19.79,19.93,15.4611,2224000
"2019-12-27",19.91,19.99,19.8,19.98,15.4999,2250400
"2019-12-30",19.9,20.08,19.87,20.04,15.5465,2491600
"2019-12-31",20.05,20.12,19.76,19.9,15.4379,6044800
"2020-01-02",19.97,20.1,19.88,20.03,15.5387,3069900
"2020-01-03",19.89,20.04,19.74,19.8,15.3603,5349500
"2020-01-06",19.75,20.04,19.74,20.03,15.5387,4348400
"2020-01-07",20.02,20.12,19.88,20.1,15.593,3240600
"2020-01-08",20.14,20.25,19.89,20.06,15.562,4476400
"2020-01-09",20.07,20.42,20.07,20.26,15.7171,4163200
"2020-01-10",20.23,20.33,20.14,20.18,15.6551,2555000
"2020-01-13",20.14,20.42,20.14,20.31,15.7559,3143700
"2020-01-14",20.3,20.41,20.2,20.4,15.8258,3893400
"2020-01-15",20.35,20.58,20.26,20.46,15.8723,3099200
"2020-01-16",20.45,20.58,20.35,20.57,15.9576,2819500
"2020-01-17",20.51,20.6,20.24,20.5,15.9033,5006100
"2020-01-21",20.37,20.56,20.25,20.47,15.8801,6399900
"2020-01-22",20.45,20.71,20.38,20.4,15.8258,3833100
"2020-01-23",20.38,20.58,20.31,20.56,15.9499,3144900
"2020-01-24",20.55,20.56,20.32,20.38,15.8102,2052400
"2020-01-27",20.31,20.38,20.02,20.08,15.5775,3593900
"2020-01-28",20.16,20.33,20.08,20.18,15.6551,3129500
"2020-01-29",20.16,20.39,20.05,20.32,15.7637,3345300
"2020-01-30",20.08,20.2,19.94,20.18,15.766,2355500
"2020-01-31",20.06,20.18,19.79,19.86,15.516,3644200
"2020-02-03",19.97,20.38,19.9,20.31,15.8676,3843300
"2020-02-04",20.39,20.69,20.35,20.61,16.102,4225300
"2020-02-05",20.68,20.91,20.62,20.76,16.2192,3629100
"2020-02-06",20.83,20.87,20.56,20.58,16.0785,3116000
"2020-02-07",20.55,20.61,20.42,20.5,16.016,2206300
"2020-02-10",20.5,20.56,20.38,20.52,16.0317,2505700
"2020-02-11",20.61,20.89,20.6,20.79,16.2426,3166000
"2020-02-12",20.75,21.01,20.69,20.96,16.3754,3134300
"2020-02-13",20.91,20.96,20.74,20.83,16.2739,3407700
"2020-02-14",20.85,20.97,20.82,20.93,16.352,3469300
"2020-02-18",20.94,21.23,20.84,21.03,16.4301,2535800
"2020-02-19",21.14,21.15,20.91,20.91,16.3364,2224400
"2020-02-20",20.87,20.94,20.66,20.8,16.2504,2819000
"2020-02-21",20.8,20.9,20.7,20.75,16.2114,3949000
"2020-02-24",20.33,20.49,20.13,20.25,15.8207,3922000
"2020-02-25",20.31,20.32,19.36,19.38,15.141,5871000
"2020-02-26",19.49,19.53,18.68,18.69,14.6019,4952800
"2020-02-27",18.56,19.06,18.25,18.29,14.2894,8442900
"2020-02-28",16,17.39,15.75,16.73,13.0706,12558200
"2020-03-02",16.77,18.24,16.48,18.22,14.2347,8987900
"2020-03-03",18.01,18.43,17.41,17.43,13.6175,11037900
"2020-03-04",17.68,17.91,17.3,17.83,13.93,5851300
"2020-03-05",17.53,17.54,16.58,16.73,13.0706,6056400
"2020-03-06",16.13,16.93,15.89,16.82,13.141,9374100
"2020-03-09",15.65,15.8,14.49,14.58,11.3909,6968000
"2020-03-10",15.1,15.28,14.29,15.21,11.8831,7209200
"2020-03-11",14.76,14.96,14.04,14.16,11.0628,7915400
"2020-03-12",13.06,13.14,11.7,12.18,9.5159,7510200
"2020-03-13",12.99,13.23,11.98,13,10.1565,7406400
"2020-03-16",11.55,12.7,10.99,10.99,8.5862,6959300
"2020-03-17",11.3,11.72,9.84,11.56,9.0315,7799000
"2020-03-18",11.15,11.15,8.11,9.56,7.4689,9184300
"2020-03-19",9.5,11.27,9,10.99,8.5862,8728900
"2020-03-20",11.21,12.13,10.84,11.87,9.2737,12070600
"2020-03-23",11.98,12.99,11.53,11.87,9.2737,10708200
"2020-03-24",12.65,13.42,12.15,12.66,9.8909,7597200
"2020-03-25",12.75,13.59,11.81,12.82,10.0159,7160900
"2020-03-26",12.93,13.68,12.7,13.5,10.5471,7775900
"2020-03-27",12.85,13.83,12.68,13.45,10.5081,5612400
"2020-03-30",13.75,13.96,13.28,13.66,10.6721,7614500
"2020-03-31",13.5,13.93,13.18,13.6,10.6253,6793600
"2020-04-01",13,13.27,12.34,12.8,10.0003,7036000
"2020-04-02",12.66,13.57,12.48,13.04,10.1878,6683700
"2020-04-03",12.75,13.08,12.13,12.24,9.5627,6542600
"2020-04-06",12.9,13.78,12.8,13.62,10.6409,5157900
"2020-04-07",14.33,14.61,13.2,13.23,10.3362,6269800
"2020-04-08",13.21,14.27,13.16,14.13,11.0393,4545500
"2020-04-09",14.45,14.99,14.4,14.72,11.5003,7452900
"2020-04-13",14.63,14.63,13.92,14.19,11.0862,3747500
"2020-04-14",14.41,14.49,13.76,14.01,10.9456,5190000
"2020-04-15",13.31,13.65,12.66,12.69,9.9143,10034200
"2020-04-16",12.7,12.88,12.01,12.16,9.5002,10028000
"2020-04-17",12.59,13.19,12.48,13.12,10.2503,7584500
"2020-04-20",12.87,13.1,12.56,12.7,9.9221,4971500
"2020-04-21",12.4,12.58,12.25,12.46,9.7346,5763800
"2020-04-22",12.79,12.86,12.35,12.68,9.9065,4492000
"2020-04-23",12.82,13.14,12.65,12.69,9.9143,4019300
"2020-04-24",12.74,13.02,12.53,12.86,10.0471,5041000
"2020-04-27",13,13.45,12.89,13.28,10.3753,3550600
"2020-04-28",13.7,14.01,13.4,13.63,10.6487,4307100
"2020-04-29",13.98,14.48,13.87,14.32,11.1878,5761100
"2020-04-30",14.03,14.04,13.22,13.25,10.4562,5606800
"2020-05-01",13,13.17,12.6,12.94,10.2116,3957400
"2020-05-04",12.87,12.88,12.54,12.81,10.109,3618800
"2020-05-05",13.02,13.21,12.9,13.05,10.2984,5684900
"2020-05-06",13.11,13.11,12.45,12.53,9.8881,7499000
"2020-05-07",12.53,13.05,12.07,12.12,9.5645,7777500
"2020-05-08",12.41,12.95,12.26,12.87,10.1564,7502100
"2020-05-11",12.74,12.74,12.32,12.4,9.7855,5335000
"2020-05-12",12.4,12.61,12.35,12.47,9.8407,6686900
"2020-05-13",12.36,12.39,11.51,11.61,9.162,9049000
"2020-05-14",11.43,11.83,11,11.82,9.3278,7523100
"2020-05-15",11.72,11.83,11.56,11.75,9.2725,7669600
"2020-05-18",12.22,13.13,12.2,13.04,10.2905,5725300
"2020-05-19",13.15,13.26,12.81,12.81,10.109,5433300
"2020-05-20",13.09,13.3,12.9,12.97,10.2353,5266600
"2020-05-21",12.9,13,12.29,12.31,9.7144,7769100
"2020-05-22",12.3,12.34,11.97,12.24,9.6592,5943600
"2020-05-26",12.83,13.17,12.74,12.88,10.1643,5538100
"2020-05-27",13.15,13.23,12.57,12.77,10.0775,7715800
"2020-05-28",12.94,13.15,12.62,12.89,10.1722,8437500
"2020-05-29",12.81,12.83,12.3,12.49,9.8565,8117900
"2020-06-01",12.47,12.76,12.33,12.55,9.9038,6523200
"2020-06-02",12.67,13.13,12.46,13.11,10.3458,5416500
"2020-06-03",13.34,13.75,13.33,13.63,10.7561,5804000
"2020-06-04",13.55,13.96,13.41,13.84,10.9218,9202300
"2020-06-05",14.48,15.06,14.22,14.3,11.2849,8321300
"2020-06-08",14.5,15.08,14.45,14.97,11.8136,5488500
"2020-06-09",14.51,14.59,13.72,13.84,10.9218,6287500
"2020-06-10",13.78,13.79,13.16,13.17,10.3931,7941300
"2020-06-11",12.5,12.6,12,12.2,9.6276,8830900
"2020-06-12",12.73,12.96,12.25,12.67,9.9985,6952800
"2020-06-15",12.23,12.98,12.03,12.88,10.1643,5975900
"2020-06-16",13.58,13.9,13.36,13.66,10.7798,7945200
"2020-06-17",13.77,13.88,13.29,13.41,10.5825,6822400
"2020-06-18",13.2,13.51,13.12,13.44,10.6062,4560800
"2020-06-19",13.71,13.91,13.32,13.34,10.5273,11402400
"2020-06-22",13.36,14.14,13.18,13.98,11.0323,9029900
"2020-06-23",14.13,14.38,13.77,13.84,10.9218,7689800
"2020-06-24",13.68,14.01,13.48,13.84,10.9218,8331500
"2020-06-25",13.74,13.96,13.57,13.88,10.9534,9719400
"2020-06-26",13.82,13.98,13.53,13.75,10.8508,13077500
"2020-06-29",13.96,14.44,13.72,14.34,11.3164,9840400
"2020-06-30",14.26,14.55,14.09,14.49,11.4348,9237100
"2020-07-01",14.6,14.69,14.28,14.41,11.3717,5702400
"2020-07-02",14.61,14.81,14.44,14.48,11.4269,4701800
"2020-07-06",14.79,15.05,14.34,14.47,11.419,5526900
"2020-07-07",14.24,14.25,14.03,14.14,11.1586,4165200
"2020-07-08",14.08,14.47,13.96,14.44,11.3953,6383700
"2020-07-09",14.29,14.38,13.77,13.92,10.985,5579300
"2020-07-10",13.92,14.43,13.89,14.36,11.3322,5158000
"2020-07-13",14.44,14.88,14.4,14.64,11.5532,6735900
"2020-07-14",14.6,14.99,14.55,14.76,11.6479,6563500
"2020-07-15",14.95,15.2,14.87,15.07,11.8925,4961900
"2020-07-16",15.06,15.17,14.82,14.88,11.7426,3706000
"2020-07-17",14.87,15.72,14.77,15.63,12.3344,8238800
"2020-07-20",15.52,15.53,15.15,15.26,12.0424,5591900
"2020-07-21",15.4,15.81,15.31,15.42,12.1687,5172800
"2020-07-22",15.24,15.72,14.89,15.6,12.3108,6716500
"2020-07-23",15.65,15.9,15.58,15.68,12.3739,4130400
"2020-07-24",15.72,15.84,15.31,15.4,12.1529,4226600
"2020-07-27",15.39,15.41,15.02,15.25,12.0345,5329200
"2020-07-28",15.13,15.38,15.13,15.2,11.9951,3344000
"2020-07-29",15.27,15.63,15.23,15.56,12.2792,4142500
"2020-07-30",15.38,15.48,15.14,15.42,12.1687,3175300
"2020-07-31",15.23,15.26,14.83,15.23,12.1313,4080000
"2020-08-03",15.22,15.22,14.95,15.12,12.0436,3457000
"2020-08-04",15.11,15.53,14.98,15.47,12.3224,5566600
"2020-08-05",15.6,15.67,15.21,15.4,12.2667,6045100
"2020-08-06",15.35,16.81,15.25,16.55,13.1827,9526700
"2020-08-07",16.43,17.3,16.37,17.16,13.6686,8627800
"2020-08-10",17.33,17.72,16.92,17.59,14.0111,5848600
"2020-08-11",17.73,17.86,16.96,16.98,13.5252,5873700
"2020-08-12",16.99,17.63,16.77,17.26,13.7482,5144100
"2020-08-13",17.29,17.99,17.16,17.79,14.1704,7945700
"2020-08-14",17.71,17.71,17.44,17.57,13.9952,4269300
"2020-08-17",17.6,17.8,17.49,17.67,14.0748,4249500
"2020-08-18",17.59,17.89,17.49,17.74,14.1306,4635000
"2020-08-19",17.74,17.97,17.58,17.62,14.035,2614800
"2020-08-20",17.4,18.07,17.26,17.95,14.2978,5172300
"2020-08-21",18,18.16,17.82,18.02,14.3536,5183400
"2020-08-24",18.12,18.18,17.91,18.07,14.3934,3912300
"2020-08-25",18.17,18.17,17.65,17.89,14.2501,2839400
"2020-08-26",17.89,17.91,17.58,17.73,14.1226,3181300
"2020-08-27",17.78,18.01,17.7,17.91,14.266,3515400
"2020-08-28",17.89,17.96,17.57,17.9,14.258,4775000
"2020-08-31",17.93,17.99,17.67,17.75,14.1385,4074700
"2020-09-01",17.65,17.95,17.56,17.91,14.266,3914300
"2020-09-02",17.92,18.25,17.73,18.18,14.4811,4967300
"2020-09-03",18.25,18.34,17.53,17.69,14.0907,4419100
"2020-09-04",17.75,17.8,17.13,17.57,13.9952,4318200
"2020-09-08",17.5,17.53,17.21,17.41,13.8677,4264800
"2020-09-09",17.55,17.74,17.33,17.54,13.9713,2988900
"2020-09-10",17.54,17.65,17.31,17.36,13.8279,2737000
"2020-09-11",17.4,17.85,17.26,17.8,14.1784,7266200
"2020-09-14",17.89,18.08,17.72,17.95,14.2978,4413900
"2020-09-15",18.09,18.14,17.62,17.79,14.1704,3703300
"2020-09-16",17.81,18.13,17.73,18.06,14.3855,4346300
"2020-09-17",17.88,18.59,17.61,18.43,14.6802,6893600
"2020-09-18",18.47,19.12,18.45,18.79,14.9669,11655500
"2020-09-21",18.42,18.53,17.98,18.36,14.6244,4674800
"2020-09-22",18.36,18.46,18,18.24,14.5288,4816300
"2020-09-23",18.37,18.45,17.76,17.76,14.1465,5635800
"2020-09-24",17.85,18.13,17.42,17.96,14.3058,7458000
"2020-09-25",18.01,18.07,17.72,17.99,14.3297,3652700
"2020-09-28",18.28,18.45,17.85,17.87,14.2341,5012600
"2020-09-29",18.06,18.23,17.82,18,14.3377,4226900
"2020-09-30",18.04,18.27,17.96,18.11,14.4253,6615400
"2020-10-01",18.24,18.31,17.68,17.92,14.2739,4895900
"2020-10-02",17.53,18.55,17.46,18.54,14.7678,6500200
"2020-10-05",18.65,18.78,18.55,18.58,14.7997,3444800
"2020-10-06",18.59,18.84,18.42,18.66,14.8634,3555500
"2020-10-07",18.76,18.93,18.59,18.75,14.9351,3546900
"2020-10-08",18.87,19.48,18.78,19.44,15.4847,8813800
"2020-10-09",19.5,19.57,18.98,19.32,15.3891,7942800
"2020-10-12",19.32,19.61,19.21,19.52,15.5484,5156600
"2020-10-13",19.31,19.61,19.27,19.55,15.5723,5105700
"2020-10-14",19.55,19.74,19.47,19.63,15.636,3657800
"2020-10-15",19.34,19.95,19.28,19.86,15.8192,3941700
"2020-10-16",19.93,20.03,19.65,19.9,15.8511,3838900
"2020-10-19",19.9,20.1,19.68,19.9,15.8511,8025400
"2020-10-20",20.17,20.39,19.95,20,15.9307,4668200
"2020-10-21",19.97,20.27,19.93,20.21,16.098,5450700
"2020-10-22",20.2,20.45,20.04,20.41,16.2573,4140900
"2020-10-23",20.55,20.76,20.32,20.65,16.4485,3881500
"2020-10-26",20.39,20.65,20.05,20.58,16.3927,5676100
"2020-10-27",20.57,20.67,20.27,20.34,16.2016,3719000
"2020-10-28",20,20.17,19.36,19.5,15.5325,6373700
"2020-10-29",19.32,19.73,18.98,19.53,15.6713,4772900
"2020-10-30",19.5,19.81,19.31,19.5,15.6472,5949800
"2020-11-02",19.79,20.14,19.67,20,16.0484,5621600
"2020-11-03",20.35,20.69,20.17,20.27,16.2651,4908200
"2020-11-04",20.26,20.42,19.89,19.94,16.0003,6436200
"2020-11-05",20.22,21.28,20.1,20.97,16.8268,5604300
"2020-11-06",20.91,21.33,20.36,20.41,16.3774,4317800
"2020-11-09",21.93,22.32,20.91,20.97,16.8268,7284000
"2020-11-10",20.95,21.07,20.52,20.82,16.7064,6543700
"2020-11-11",21,21.6,20.88,21.29,17.0836,6060800
"2020-11-12",21.11,21.11,20.28,20.54,16.4817,5706800
"2020-11-13",20.72,21.01,20.63,20.87,16.7465,4756600
"2020-11-16",21.29,21.43,21.07,21.33,17.1157,5490200
"2020-11-17",21.13,21.52,21.13,21.35,17.1317,4546300
"2020-11-18",21.36,21.55,21.18,21.37,17.1478,11401900
"2020-11-19",21.28,21.3,20.82,20.88,16.7546,6364300
"2020-11-20",20.73,20.85,20.38,20.42,16.3855,6956400
"2020-11-23",20.61,20.7,20.36,20.46,16.4175,5700700
"2020-11-24",20.72,21.23,20.55,21.15,16.9712,5722200
"2020-11-25",21.15,21.28,20.83,20.98,16.8348,4538700
"2020-11-27",21.08,21.12,20.92,21.04,16.883,1924100
"2020-11-30",20.97,21.03,20.38,20.44,16.4015,8001700
"2020-12-01",20.66,20.92,20.54,20.6,16.5299,5935400
"2020-12-02",20.48,21.39,20.27,21.16,16.9792,6780500
"2020-12-03",21.11,21.54,21.01,21.16,16.9792,5008800
"2020-12-04",21.24,21.39,20.89,21.07,16.907,4094300
"2020-12-07",20.99,21.16,20.64,20.87,16.7465,4225000
"2020-12-08",20.82,21.35,20.76,21.19,17.0033,4626100
"2020-12-09",21.18,21.26,20.69,20.85,16.7305,4848400
"2020-12-10",20.71,20.97,20.64,20.85,16.7305,4779400
"2020-12-11",20.67,21.23,20.52,21.15,16.9712,4495300
"2020-12-14",21.34,21.57,21.17,21.3,17.0916,4869900
"2020-12-15",21.41,22.3,21.3,22.28,17.878,5431700
"2020-12-16",22.41,22.48,21.86,21.9,17.573,6493400
"2020-12-17",21.98,22.46,21.98,22.09,17.7255,6010000
"2020-12-18",22.14,22.69,22.03,22.54,18.0866,13712900
"2020-12-21",22.33,23.15,22.08,22.62,18.1508,6095800
"2020-12-22",22.71,23.16,22.59,22.82,18.3113,4832900
"2020-12-23",23.14,23.56,23,23.49,18.8489,5114100
"2020-12-24",23.5,23.53,23.1,23.27,18.6724,2859700
"2020-12-28",23.48,23.61,23.24,23.3,18.6964,3892600
"2020-12-29",23.38,23.62,23.08,23.31,18.7045,2818800
"2020-12-30",22.98,23.12,22.66,22.78,18.2792,8226300
"2020-12-31",22.91,23.56,22.83,23.5,18.8569,4316400
"2021-01-04",23.71,23.99,23.02,23.24,18.6483,6523400
"2021-01-05",23.21,24.19,23.2,24.02,19.2742,6392600
"2021-01-06",24.28,25.22,24.1,24.98,20.0445,6504300
"2021-01-07",25.2,25.3,24.73,24.73,19.8439,6068300
"2021-01-08",24.89,25.45,24.75,25.42,20.3976,4479300
"2021-01-11",25.09,25.55,25.02,25.46,20.4297,6026000
"2021-01-12",25.53,26.12,25.47,26.02,20.879,5220000
"2021-01-13",26.11,27.06,26.04,26.88,21.5691,8193500
"2021-01-14",26.88,27.58,26.88,27.45,22.0265,5924700
"2021-01-15",27.27,27.82,27.16,27.6,22.1468,5220400
"2021-01-19",28.05,28.41,27.75,28.06,22.516,6587000
"2021-01-20",27.99,28.68,27.88,28.02,22.4839,6807900
"2021-01-21",28.03,28.08,27.17,27.28,21.8901,7104900
"2021-01-22",27.14,27.28,26.93,27.1,21.7456,5784600
"2021-01-25",26.86,27.21,25.91,26.23,21.0475,10717100
"2021-01-26",26.24,26.36,24.46,24.56,19.7075,10506600
"2021-01-27",23.96,24,22.82,22.96,18.4236,14199900
"2021-01-28",23.36,24.78,23.04,24.55,19.8299,12017000
"2021-01-29",24.29,24.91,24.24,24.39,19.7006,7250300
"2021-02-01",24.66,25.16,24.29,24.81,20.0399,10704400
"2021-02-02",25.11,26.18,24.94,25.75,20.7991,11209600
"2021-02-03",25.8,25.96,25.41,25.85,20.8799,5264400
"2021-02-04",25.75,26.22,25.63,26.17,21.1384,4831800
"2021-02-05",26.42,27.1,26.26,26.86,21.6957,4324400
"2021-02-08",27.15,27.96,26.95,27.68,22.3581,8431900
"2021-02-09",27.59,27.92,27.32,27.91,22.5438,5275100
"2021-02-10",28.08,28.13,27.08,27.64,22.3258,7563500
"2021-02-11",27.8,28.2,27.65,28,22.6165,5576500
"2021-02-12",28,28.54,27.95,28.53,23.0446,4984200
"2021-02-16",28.6,29.07,28.44,28.91,23.3516,7370000
"2021-02-17",28.8,29.01,28.53,28.76,23.2304,4720300
"2021-02-18",28.61,28.82,27.37,27.81,22.4631,7613800
"2021-02-19",28.01,28.6,27.93,28.31,22.8669,4352100
"2021-02-22",28.12,28.13,26.97,27,21.8088,9607600
"2021-02-23",26.88,27.34,25.54,27.22,21.9865,9793400
"2021-02-24",27.23,28.28,27.19,28,22.6165,8672000
"2021-02-25",27.68,27.89,26.19,26.35,21.2838,8306200
"2021-02-26",26.4,27.14,26.12,26.56,21.4534,5892200
"2021-03-01",27.07,27.3,26.6,27,21.8088,6045600
"2021-03-02",26.98,27.1,26.64,26.81,21.6553,5638100
"2021-03-03",26.76,26.94,26.35,26.89,21.72,6996900
"2021-03-04",26.13,26.48,25.58,25.88,20.9042,18935500
"2021-03-05",26,26.24,24.83,25.99,20.993,10636900
"2021-03-08",26.12,26.57,25.75,26.28,21.2273,8455700
"2021-03-09",26.87,27.96,26.7,27.53,22.2369,6344100
"2021-03-10",27.68,28.19,27.4,27.49,22.2046,6912000
"2021-03-11",27.82,28.32,27.71,28.18,22.7619,4632800
"2021-03-12",28.04,28.51,27.74,28.45,22.98,3393000
"2021-03-15",28.38,28.76,28.28,28.5,23.0204,4334700
"2021-03-16",28.34,28.45,27.87,27.89,22.5277,4547300
"2021-03-17",27.79,27.79,26.37,26.85,21.6877,11942900
"2021-03-18",26.85,26.98,25.98,26,21.0011,8796100
"2021-03-19",26.01,26.55,25.9,26.31,21.2515,11160700
"2021-03-22",26.37,26.46,25.89,25.96,20.9688,7979800
"2021-03-23",25.97,26.02,25.41,25.58,20.6618,6874200
"2021-03-24",25.56,26.41,25.56,25.65,20.7184,5497100
"2021-03-25",25.38,26.25,25.17,26.12,21.098,5455900
"2021-03-26",26.17,26.38,25.9,26.32,21.2596,5056700
"2021-03-29",26.19,26.32,25.98,26.07,21.0576,3794900
"2021-03-30",26.11,26.88,26.05,26.88,21.7119,4603100
"2021-03-31",27.08,27.31,26.77,26.81,21.6553,5728000
"2021-04-01",27.04,27.32,26.9,27.07,21.8654,6138300
"2021-04-05",27.43,27.53,26.96,27.34,22.0834,6462500
"2021-04-06",27.26,28.02,27.13,27.82,22.4712,5735800
"2021-04-07",27.79,27.86,26.92,27.09,21.8815,6073200
"2021-04-08",27.26,27.75,27.26,27.68,22.3581,4565800
"2021-04-09",27.5,27.78,26.95,27.72,22.3904,5970800
"2021-04-12",27.69,27.85,27.55,27.68,22.3581,3761100
"2021-04-13",27.73,28.27,27.47,28.24,22.8104,4947500
"2021-04-14",28.13,28.59,28.12,28.37,22.9154,3954600
"2021-04-15",28.5,28.71,28.36,28.53,23.0446,4727800
"2021-04-16",28.78,28.85,28.51,28.63,23.1254,5055200
"2021-04-19",28.57,28.7,28.09,28.34,22.8912,5036800
"2021-04-20",28.21,28.55,28.03,28.25,22.8185,5736900
"2021-04-21",28.03,28.43,27.84,28.39,22.9316,3878000
"2021-04-22",28.67,28.86,28.3,28.32,22.875,4960600
"2021-04-23",28.23,28.5,28.17,28.3,22.8589,3297100
"2021-04-26",28.44,28.44,27.99,28.21,22.7862,3420100
"2021-04-27",28.27,28.29,27.71,27.8,22.455,2982300
"2021-04-28",27.77,28.02,27.72,27.97,22.5923,3352200
"2021-04-29",27.97,28.31,27.78,27.9,22.6581,5413800
"2021-04-30",27.65,27.94,27.54,27.82,22.5931,5369000
"2021-05-03",28,28.08,27.34,27.35,22.2114,5982100
"2021-05-04",27.25,27.25,26.56,26.71,21.6917,8082200
"2021-05-05",26.9,27.18,26.3,26.47,21.4968,8271700
"2021-05-06",25.98,26.37,24.83,25.45,20.6684,16043700
"2021-05-07",25.57,26,24.93,25.79,20.9445,10752300
"2021-05-10",25.52,26.16,25.25,25.73,20.8958,7076800
"2021-05-11",25.28,25.46,24.91,25.34,20.5791,5083900
"2021-05-12",25.18,25.53,24.56,24.62,19.9944,4838700
"2021-05-13",24.83,25.04,24.13,24.44,19.8482,5307700
"2021-05-14",24.65,25.7,24.65,25.37,20.6034,4893000
"2021-05-17",25.14,25.43,24.87,25.17,20.441,5523100
"2021-05-18",25.26,25.26,24.86,24.89,20.2136,4574900
"2021-05-19",24.51,24.97,24.34,24.94,20.2542,7925100
"2021-05-20",25,25.57,24.95,25.35,20.5872,8464600
"2021-05-21",25.49,25.69,25.26,25.36,20.5953,7333900
"2021-05-24",25.61,25.86,25.44,25.7,20.8714,6359100
"2021-05-25",25.85,25.85,25.28,25.34,20.5791,7455900
"2021-05-26",25.45,25.65,25.14,25.46,20.6765,5827700
"2021-05-27",25.63,25.66,25.32,25.34,20.5791,5363900
"2021-05-28",25.44,25.54,25.28,25.41,20.6359,3574900
"2021-06-01",25.57,25.8,25.42,25.63,20.8146,4035200
"2021-06-02",25.59,25.59,25.11,25.19,20.4573,5187700
"2021-06-03",24.94,25.34,24.68,25.07,20.3598,3555000
"2021-06-04",25.15,25.29,24.63,24.96,20.2705,6034500
"2021-06-07",25.15,25.34,24.92,25.32,20.5628,3692600
"2021-06-08",25.39,25.58,25.18,25.32,20.5628,3198800
"2021-06-09",25.45,25.5,25.17,25.2,20.4654,3357200
"2021-06-10",25.26,25.48,25.08,25.38,20.6116,3485400
"2021-06-11",25.54,25.9,25.46,25.88,21.0176,3660800
"2021-06-14",25.97,26.25,25.49,25.74,20.9039,2618700
"2021-06-15",25.81,26.29,25.67,26.06,21.1638,4043100
"2021-06-16",26.09,26.21,25.71,25.73,20.8958,4970000
"2021-06-17",25.66,26.14,25.47,26.07,21.1719,4101000
"2021-06-18",25.61,25.8,25.12,25.14,20.4167,6538300
"2021-06-21",25.39,26.21,25.25,26.15,21.2369,4941300
"2021-06-22",26.04,26.11,25.71,25.74,20.9039,3566600
"2021-06-23",25.81,26.06,25.64,25.86,21.0014,3178200
"2021-06-24",26.02,26.05,25.78,25.97,21.0907,2949800
"2021-06-25",26.03,26.26,26.01,26.22,21.2937,3341300
"2021-06-28",26.22,26.63,26.09,26.53,21.5455,3359800
"2021-06-29",26.49,27,26.35,26.37,21.4156,4447600
"2021-06-30",26.36,26.45,25.82,26.07,21.1719,6329100
"2021-07-01",26.33,26.45,26.09,26.33,21.3831,4103100
"2021-07-02",26.49,26.49,26.08,26.16,21.245,3312800
"2021-07-06",26.24,26.28,25.68,26,21.1151,3579200
"2021-07-07",25.92,26.17,25.83,25.99,21.107,2948500
"2021-07-08",25.54,25.93,25.13,25.49,20.7009,5596600
"2021-07-09",25.78,25.87,25.52,25.73,20.8958,6073200
"2021-07-12",25.66,25.97,25.4,25.95,21.0745,6083600
"2021-07-13",25.92,25.98,24.88,24.92,20.238,6107600
"2021-07-14",25.02,25.4,24.94,24.95,20.2624,3645300
"2021-07-15",24.73,24.9,24.39,24.58,19.9619,5489000
"2021-07-16",24.67,24.83,24.21,24.36,19.7832,6356800
"2021-07-19",23.91,24.05,23.43,23.58,19.1497,7643800
"2021-07-20",23.67,24.28,23.61,24.1,19.5721,6737400
"2021-07-21",24.28,24.52,24.2,24.36,19.7832,4619000
"2021-07-22",24.48,24.49,23.94,24.02,19.5071,5477000
"2021-07-23",24.13,24.26,23.66,23.9,19.4096,5729500
"2021-07-26",23.91,24.18,23.84,24,19.4908,4904300
"2021-07-27",23.87,24.31,23.68,24.31,19.7426,5488400
"2021-07-28",24.45,24.49,24.02,24.22,19.6695,2984300
"2021-07-29",24.34,24.47,24.21,24.27,19.7101,3328000
"2021-07-30",23.89,24.22,23.65,23.7,19.3677,5208900
"2021-08-02",23.92,23.92,23.52,23.57,19.2615,5567500
"2021-08-03",23.65,24.12,23.52,23.92,19.5475,10843600
"2021-08-04",23.74,23.9,23.45,23.64,19.3187,4894500
"2021-08-05",24.3,25.26,23.83,24.85,20.3075,10640800
"2021-08-06",25.13,25.48,24.56,24.6,20.1032,7489800
"2021-08-09",24.55,24.59,24.16,24.17,19.7518,5950600
"2021-08-10",24.21,24.74,24.1,24.34,19.8907,4612800
"2021-08-11",24.37,24.93,24.37,24.89,20.3402,4700600
"2021-08-12",24.78,25.2,24.78,25.11,20.52,4353900
"2021-08-13",25,25.19,24.75,24.79,20.2585,3286100
"2021-08-16",24.66,24.78,24.36,24.36,19.9071,2679900
"2021-08-17",24.18,24.24,23.74,24.09,19.6864,3452300
"2021-08-18",24.16,24.2,23.74,23.76,19.4167,4970600
"2021-08-19",23.6,23.94,23.52,23.64,19.3187,5192600
"2021-08-20",23.58,24.36,23.53,24.32,19.8744,5292600
"2021-08-23",24.4,24.48,24,24.25,19.8172,5704300
"2021-08-24",24.43,24.43,24.02,24.2,19.7763,5848600
"2021-08-25",24.18,24.52,24.08,24.26,19.8253,6158300
"2021-08-26",24.2,24.26,23.86,23.87,19.5066,3919800
"2021-08-27",23.76,24.19,23.71,24.19,19.7681,4578700
"2021-08-30",24.3,24.33,24.08,24.1,19.6946,2120000
"2021-08-31",24.16,24.23,23.77,23.87,19.5066,6436300
"2021-09-01",24.08,24.44,24.03,24.12,19.7109,3941600
"2021-09-02",24.13,24.54,24.11,24.53,20.046,3283600
"2021-09-03",24.48,24.73,24.4,24.64,20.1359,7178600
"2021-09-07",24.47,24.59,24.28,24.45,19.9806,7112100
"2021-09-08",24.44,24.56,24.12,24.15,19.7354,4804900
"2021-09-09",24.19,24.29,23.99,24.06,19.6619,4377700
"2021-09-10",24.17,24.19,23.76,23.77,19.4249,3686800
"2021-09-13",24,24.04,23.71,23.87,19.5066,5941400
"2021-09-14",24.03,24.14,23.7,23.82,19.4658,4703200
"2021-09-15",23.78,24.18,23.66,24.11,19.7028,4909500
"2021-09-16",24.15,24.36,24.01,24.28,19.8417,5230700
"2021-09-17",24.52,24.85,24.48,24.6,20.1032,10357800
"2021-09-20",24.2,24.43,23.53,23.92,19.5475,5734000
"2021-09-21",24.07,24.16,23.85,23.92,19.5475,4272000
"2021-09-22",24.03,24.17,23.62,23.67,19.3432,3426600
"2021-09-23",23.83,24.06,23.47,23.54,19.2369,3411200
"2021-09-24",23.54,23.69,23.37,23.44,19.1552,5970300
"2021-09-27",23.36,23.93,23.33,23.45,19.1634,3741900
"2021-09-28",23.52,23.73,23.03,23.06,18.8447,5135500
"2021-09-29",23.13,23.16,22.83,22.94,18.7466,3551000
"2021-09-30",22.99,23.03,22.6,22.83,18.6567,5642000
"2021-10-01",23.04,23.21,22.71,22.9,18.7139,4779600
"2021-10-04",22.81,23.01,22.67,22.84,18.6649,4485700
"2021-10-05",22.93,23.44,22.7,23.38,19.1062,5162200
"2021-10-06",23.16,23.44,22.83,23.42,19.1389,4515300
"2021-10-07",23.51,24.34,23.43,24.09,19.6864,10589200
"2021-10-08",24.05,24.46,23.92,24.07,19.6701,9921100
"2021-10-11",24.02,24.19,23.84,24,19.6129,7662500
"2021-10-12",24.02,24.2,23.9,24.02,19.6292,6733400
"2021-10-13",24.09,24.22,23.82,23.95,19.572,5890200
"2021-10-14",24.13,24.31,23.92,24.28,19.8417,3200600
"2021-10-15",24.49,24.66,24.31,24.41,19.9479,3537800
"2021-10-18",24.09,24.23,23.8,23.85,19.4903,3269100
"2021-10-19",24.04,24.29,23.92,24.15,19.7354,3291600
"2021-10-20",24.18,25.09,24.18,25.03,20.4546,6982600
"2021-10-21",24.92,25.04,24.54,24.79,20.2585,4068600
"2021-10-22",24.94,25.13,24.8,24.93,20.3729,3740200
"2021-10-25",24.88,25.26,24.84,25.17,20.569,3834200
"2021-10-26",25.35,25.7,25.17,25.37,20.7324,6284900
"2021-10-27",25.41,25.91,25.34,25.66,20.9694,5546200
"2021-10-28",25.76,26.3,25.47,25.57,20.8959,5746400
"2021-10-29",25.43,25.56,24.93,25.13,20.5363,5021400
"2021-11-01",25.05,25.56,24.94,25.37,20.8578,3070500
"2021-11-02",25.37,25.49,25.13,25.37,20.8578,4968700
"2021-11-03",25.42,25.54,24.98,25.3,20.8002,5918100
"2021-11-04",25.85,25.95,24.72,25.12,20.6522,5778400
"2021-11-05",25.24,25.38,24.94,24.99,20.5453,6858600
"2021-11-08",25.01,25.1,23.77,23.91,19.6574,7360300
"2021-11-09",24.03,24.13,23.67,23.89,19.641,5107700
"2021-11-10",23.82,24.25,23.82,24.1,19.8136,3500000
"2021-11-11",24.26,25.02,24.2,24.88,20.4549,7503900
"2021-11-12",24.84,24.86,24.37,24.72,20.3234,4154500
"2021-11-15",25,25.09,24.67,25.03,20.5782,3207600
"2021-11-16",25,25.07,24.74,25.06,20.6029,2730000
"2021-11-17",24.7,24.9,24.39,24.75,20.348,4116100
"2021-11-18",24.71,24.83,24.12,24.47,20.1178,2918700
"2021-11-19",24.35,24.63,24.26,24.58,20.2083,4313600
"2021-11-22",24.69,25.15,24.52,24.94,20.5042,4611800
"2021-11-23",24.98,24.99,24.57,24.61,20.2329,2536800
"2021-11-24",24.53,24.92,24.26,24.72,20.3234,4134900
"2021-11-26",24.23,24.27,23.75,23.83,19.5917,2500100
"2021-11-29",24.1,24.11,23.54,23.62,19.419,4307000
"2021-11-30",23.6,23.86,23.1,23.38,19.2217,10330900
"2021-12-01",23.72,24.46,23.53,23.58,19.3861,9058000
"2021-12-02",23.51,24.28,23.15,24.08,19.7972,5494800
"2021-12-03",24.2,24.34,23.54,23.76,19.5341,6167800
"2021-12-06",24.05,24.66,23.85,24.36,20.0274,5585100
"2021-12-07",24.63,25.04,24.57,24.82,20.4056,3693500
"2021-12-08",24.85,25.05,24.65,24.88,20.4549,3044100
"2021-12-09",24.87,24.98,24.53,24.55,20.1836,4454000
"2021-12-10",24.71,24.8,24.27,24.42,20.0767,3414800
"2021-12-13",24.35,24.35,23.78,23.92,19.6657,5358800
"2021-12-14",23.8,24.04,23.51,23.61,19.4108,5302500
"2021-12-15",23.55,24.16,23.49,24.13,19.8383,3671000
"2021-12-16",24.15,24.7,24.06,24.06,19.7808,4556000
"2021-12-17",23.87,24.31,23.59,24.09,19.8054,6214300
"2021-12-20",23.7,23.76,22.74,23.22,19.0902,5578900
"2021-12-21",23.41,24,23.38,23.71,19.493,4944800
"2021-12-22",23.58,23.76,23.47,23.57,19.3779,3587000
"2021-12-23",23.66,23.73,23.51,23.55,19.3615,3790700
"2021-12-27",23.54,23.74,23.44,23.67,19.4601,2798500
"2021-12-28",23.75,24.01,23.65,23.74,19.5177,1908700
"2021-12-29",23.68,23.91,23.62,23.78,19.5506,2611100
"2021-12-30",23.9,24.29,23.82,24.17,19.8712,3201700
"2021-12-31",24.08,24.43,24.01,24.3,19.9781,2491100
"2022-01-03",24.41,24.7,24.04,24.38,20.0438,2741200
"2022-01-04",24.43,24.66,24.27,24.45,20.1014,4105000
"2022-01-05",24.35,24.48,23.32,23.33,19.1806,6392500
"2022-01-06",23.34,23.7,23.16,23.24,19.1066,6035900
"2022-01-07",23.24,23.47,22.98,23.1,18.9915,4655400
"2022-01-10",23.15,23.31,22.68,22.96,18.8764,7277100
"2022-01-11",23,23.39,23,23.34,19.1888,3959500
"2022-01-12",23.44,23.7,23.25,23.43,19.2628,3596600
"2022-01-13",23.44,23.68,23.22,23.27,19.1313,3049000
"2022-01-14",23.18,23.25,22.83,23.06,18.9586,4467700
"2022-01-18",22.8,22.95,22.46,22.59,18.5722,4523800
"2022-01-19",22.6,23.24,22.57,23.07,18.9668,5725900
"2022-01-20",23.26,24.05,23.2,23.39,19.2299,7856900
"2022-01-21",23.31,23.48,22.89,22.95,18.8682,5997300
"2022-01-24",22.5,22.63,21.54,22.59,18.5722,10357800
"2022-01-25",22.11,22.32,21.77,22.17,18.2269,9369900
"2022-01-26",22.54,23.08,22.19,22.42,18.4324,7061000
"2022-01-27",22.81,23.03,22.04,22.07,18.1447,6652600
"2022-01-28",21.9,22.17,21.62,22.15,18.2105,4187800
"2022-01-31",21.75,22.22,21.6,22.18,18.3661,9913700
"2022-02-01",22.22,22.32,21.91,22.16,18.3496,6924800
"2022-02-02",22.09,22.36,21.85,22.31,18.4738,5703500
"2022-02-03",22.04,22.26,21.71,21.76,18.0184,5251400
"2022-02-04",21.63,22.09,21.51,21.91,18.1426,6201000
"2022-02-07",21.86,22.07,21.6,21.8,18.0515,5478400
"2022-02-08",21.9,22.56,21.82,22.49,18.6228,8517400
"2022-02-09",22.77,23.07,22.72,22.98,19.0286,4202100
"2022-02-10",22.64,23.06,22.22,22.35,18.5069,7026300
"2022-02-11",22.35,22.63,21.52,21.55,17.8445,8335400
"2022-02-14",21.65,21.7,21.14,21.46,17.7699,7996200
"2022-02-15",21.75,21.88,21.52,21.56,17.8527,6016400
"2022-02-16",21.55,22.08,21.53,21.89,18.126,5071100
"2022-02-17",21.76,21.82,21.33,21.47,17.7782,4914400
"2022-02-18",21.43,21.66,21.14,21.26,17.6043,3115500
"2022-02-22",21.23,21.34,20.78,21.01,17.3973,5021200
"2022-02-23",21.04,21.26,20.45,20.55,17.0164,6087900
"2022-02-24",20.03,21.03,19.76,20.92,17.3228,10375600
"2022-02-25",21.12,21.27,20.35,21.11,17.4801,5580600
"2022-02-28",21,21.51,20.89,21.23,17.5795,8264600
"2022-03-01",21.14,21.25,20.5,20.67,17.1158,5071600
"2022-03-02",20.79,21.54,20.64,21.41,17.7285,6606400
"2022-03-03",21.47,21.74,21.37,21.46,17.7699,12627400
"2022-03-04",21.27,21.88,21.2,21.82,18.068,8911400
"2022-03-07",22.03,22.23,21.72,21.87,18.1094,7689600
"2022-03-08",22,22.19,21.56,21.56,17.8527,8533300
"2022-03-09",21.96,22.23,21.75,21.96,18.184,6540500
"2022-03-10",21.82,22.41,21.7,22.35,18.5069,3953100
"2022-03-11",22.39,22.74,22.19,22.2,18.3827,4679500
"2022-03-14",22.32,22.51,21.59,21.72,17.9852,5516900
"2022-03-15",21.89,22.42,21.84,22.34,18.4986,4247700
"2022-03-16",22.4,22.93,22.37,22.65,18.7553,5490400
"2022-03-17",22.59,23.59,22.52,23.41,19.3846,5810700
"2022-03-18",23.41,23.81,23.29,23.69,19.6165,8964900
"2022-03-21",23.63,23.84,23.28,23.48,19.4426,6253600
"2022-03-22",23.68,23.95,23.59,23.72,19.6413,4527200
"2022-03-23",23.64,23.75,23.35,23.4,19.3764,5353100
"2022-03-24",23.56,24.25,23.38,24.24,20.0719,6925100
"2022-03-25",24.37,24.4,24.09,24.37,20.1796,5146800
"2022-03-28",24.28,24.67,24.25,24.65,20.4114,3714200
"2022-03-29",25.04,25.55,24.78,25.45,21.0739,5255100
"2022-03-30",25.38,25.55,25.26,25.45,21.0739,6506800
"2022-03-31",25.43,26.01,25.33,25.73,21.3057,5997800
"2022-04-01",25.8,26.25,25.69,26.22,21.7115,4588900
"2022-04-04",26.1,26.25,25.79,26.16,21.6618,3804000
"2022-04-05",26.2,26.52,25.8,25.94,21.4796,4404200
"2022-04-06",25.55,25.82,25.29,25.48,21.0987,6107100
"2022-04-07",25.45,25.58,25.18,25.23,20.8917,6435900
"2022-04-08",25.31,25.36,24.75,24.83,20.5605,6107300
"2022-04-11",24.84,24.96,24.31,24.69,20.4445,9024500
"2022-04-12",24.9,24.94,24.36,24.45,20.2458,5878800
"2022-04-13",24.39,24.57,24.23,24.47,20.2624,4850800
"2022-04-14",24.55,24.78,24.37,24.41,20.2127,4368800
"2022-04-18",24.38,24.58,23.97,24.1,19.956,3880700
"2022-04-19",24.18,24.48,24.15,24.42,20.221,5368700
"2022-04-20",24.74,25.4,24.43,24.91,20.6267,7459100
"2022-04-21",24.97,25.06,22.98,23.01,19.0534,7223600
"2022-04-22",23.01,23.21,22.48,22.49,18.6228,7457000
"2022-04-25",22.42,22.48,21.71,22.08,18.2833,5962500
"2022-04-26",21.75,21.95,21.3,21.34,17.6706,7094900
"2022-04-27",21.37,21.59,21.02,21.1,17.4718,6770200
"2022-04-28",21.17,21.28,20.71,21.04,17.5536,4263700
"2022-04-29",20.99,21.13,20.37,20.42,17.0363,5822800
"2022-05-02",20.58,20.82,20.1,20.6,17.1865,5730300
"2022-05-03",20.52,21.16,20.5,20.72,17.2866,7434500
"2022-05-04",20.81,22.06,20.78,21.92,18.2878,9105800
"2022-05-05",21.64,22.12,21.05,21.33,17.7955,7265800
"2022-05-06",20.98,21.32,20.09,20.94,17.4702,6054100
"2022-05-09",20.77,20.96,19.92,20.06,16.736,7248600
"2022-05-10",20.34,20.54,19.38,19.96,16.6526,7188600
"2022-05-11",19.99,20.77,19.89,19.96,16.6526,5472900
"2022-05-12",19.87,20.13,19.14,19.45,16.2271,8280400
"2022-05-13",19.83,20.44,19.73,20.24,16.8862,5685300
"2022-05-16",20.2,20.36,19.98,20.06,16.736,4846000
"2022-05-17",20.41,20.77,20.26,20.76,17.32,3971200
"2022-05-18",20.65,20.71,20.11,20.23,16.8778,3547100
"2022-05-19",20.17,20.87,20.17,20.67,17.2449,5312600
"2022-05-20",20.81,20.9,20.12,20.53,17.1281,5709400
"2022-05-23",20.89,21.16,20.62,21.13,17.6287,3943400
"2022-05-24",21.02,21.3,20.46,21.24,17.7205,4420100
"2022-05-25",21.18,21.54,21.16,21.43,17.879,4470000
"2022-05-26",21.57,22.23,21.53,22,18.3545,4105200
"2022-05-27",22.05,22.54,22.01,22.43,18.7133,3025000
"2022-05-31",22.26,22.37,21.99,22.04,18.3879,5242300
"2022-06-01",22.06,22.16,21.6,21.88,18.2544,3550900
"2022-06-02",21.97,22.15,21.68,22.14,18.4713,3458400
"2022-06-03",21.99,22.38,21.94,22.27,18.5798,2780500
"2022-06-06",23.19,23.69,22.67,22.71,18.9469,5583100
"2022-06-07",22.5,22.72,22.44,22.69,18.9302,4689900
"2022-06-08",22.41,22.64,22.18,22.22,18.5381,4644500
"2022-06-09",22.1,22.16,21.54,21.55,17.9791,4708800
"2022-06-10",21.1,21.12,20.49,20.69,17.2616,5348500
"2022-06-13",20.14,20.25,19.25,19.36,16.152,6406400
"2022-06-14",19.38,19.47,18.62,18.91,15.7765,7640600
"2022-06-15",19.21,19.92,19.12,19.55,16.3105,8139500
"2022-06-16",19,19.27,18.7,18.94,15.8016,11495900
"2022-06-17",18.9,19.4,18.87,19.25,16.0602,11788000
"2022-06-21",19.5,19.95,19.45,19.89,16.5942,6041500
"2022-06-22",19.66,20.36,19.63,20.25,16.8945,6987200
"2022-06-23",20.28,20.77,20.25,20.7,17.2699,4685100
"2022-06-24",20.88,21.48,20.81,21.42,17.8706,8178800
"2022-06-27",21.32,21.55,21.14,21.45,17.8957,3791600
"2022-06-28",21.7,21.86,21.14,21.19,17.6787,4235100
"2022-06-29",21.1,21.1,20.15,20.36,16.9863,8174200
"2022-06-30",20.08,21.11,20.03,21.01,17.5286,7777600
"2022-07-01",21.01,21.53,20.99,21.48,17.9207,4741900
"2022-07-05",21.16,21.22,20.61,21.18,17.6704,4844800
"2022-07-06",21.29,21.61,20.94,21.04,17.5536,4473900
"2022-07-07",21.23,21.62,21.14,21.41,17.8623,5086500
"2022-07-08",21.31,21.64,21.18,21.5,17.9374,4849500
"2022-07-11",21.36,21.5,21.18,21.3,17.7705,3747200
"2022-07-12",21.07,21.44,20.91,21.07,17.5786,2781200
"2022-07-13",20.71,21.23,20.43,20.91,17.4451,3798200
"2022-07-14",20.52,20.58,20.06,20.52,17.1198,4974400
"2022-07-15",20.3,20.49,18.9,20.35,16.9779,6335500
"2022-07-18",20.61,20.78,20.23,20.28,16.9195,3688800
"2022-07-19",20.57,20.71,20.43,20.62,17.2032,6212700
"2022-07-20",20.5,20.6,19.95,19.98,16.6692,7499300
"2022-07-21",19.95,20.13,19.77,19.91,16.6108,4754300
"2022-07-22",20.04,20.27,19.41,19.73,16.4607,5321800
"2022-07-25",19.75,20.01,19.38,20,16.6859,4736900
"2022-07-26",20.02,20.29,19.99,20.14,16.8027,3061300
"2022-07-27",20.27,20.44,20.08,20.35,16.9779,4546200
"2022-07-28",22.23,22.35,21.19,22.28,18.5881,9046200
"2022-07-29",22.1,22.35,22.09,22.22,18.6705,4829000
"2022-08-01",22.15,22.38,21.97,22.36,18.7881,3796200
"2022-08-02",22.33,22.66,22.22,22.23,18.6789,4830600
"2022-08-03",22.49,22.58,22.06,22.55,18.9478,3138100
"2022-08-04",22.54,23.2,22.41,23,19.3259,5486900
"2022-08-05",23.71,24.43,23.35,24.22,20.351,8553400
"2022-08-08",24.46,24.6,23.79,23.87,20.0569,6019100
"2022-08-09",23.92,24.09,23.75,23.84,20.0317,3756000
"2022-08-10",24.2,24.44,23.98,24.43,20.5274,4228900
"2022-08-11",24.55,24.66,24.3,24.35,20.4602,4379200
"2022-08-12",24.62,25.01,24.41,24.89,20.914,4125200
"2022-08-15",24.8,25.21,24.77,25.18,21.1576,3456000
"2022-08-16",25.05,25.3,24.99,25.06,21.0568,3748700
"2022-08-17",24.79,25.14,24.71,25.01,21.0148,3101400
"2022-08-18",25.14,26.04,25.14,26.02,21.8634,6184100
"2022-08-19",25.98,26.01,25.31,25.58,21.4937,7786000
"2022-08-22",25.16,25.29,24.81,24.97,20.9812,4855500
"2022-08-23",25.05,25.17,24.68,24.81,20.8467,3614900
"2022-08-24",24.81,25.57,24.72,25.57,21.4853,3986000
"2022-08-25",25.8,26.33,25.73,26.27,22.0735,4942700
"2022-08-26",26.17,26.37,25.62,25.63,21.5357,4253100
"2022-08-29",25.37,25.82,25.29,25.48,21.4097,2985800
"2022-08-30",25.7,25.73,25.08,25.44,21.3761,4932900
"2022-08-31",25.46,25.6,25.3,25.45,21.3845,5223100
"2022-09-01",25.18,25.88,25.18,25.85,21.7206,4118800
"2022-09-02",26.07,26.68,25.91,26.15,21.9727,7663400
"2022-09-06",26.19,26.32,25.78,26.05,21.8887,6786000
"2022-09-07",26.19,27.21,26.19,27.18,22.8381,7019800
"2022-09-08",27.14,27.79,27,27.37,22.9978,7397600
"2022-09-09",27.5,27.61,27.28,27.43,23.0482,4636900
"2022-09-12",27.43,27.65,27.11,27.59,23.1826,4271500
"2022-09-13",26.99,27.42,26.62,26.83,22.5441,4038100
"2022-09-14",26.82,27.12,26.73,27.03,22.7121,4343900
"2022-09-15",26.62,27.03,26.49,26.69,22.4264,4884400
"2022-09-16",26.58,26.63,25.61,25.92,21.7794,11416500
"2022-09-19",25.74,26.62,25.74,26.6,22.3508,3406900
"2022-09-20",26.39,26.48,25.86,25.89,21.7542,3652400
"2022-09-21",26.1,26.21,25.39,25.4,21.3425,3180400
"2022-09-22",25.37,25.41,24.99,25.03,21.0316,2708200
"2022-09-23",24.55,24.63,23.57,24.29,20.4098,5154800
"2022-09-26",24.14,24.21,22.94,22.96,19.2923,6714700
"2022-09-27",23.33,23.38,22.21,22.24,18.6873,7457800
"2022-09-28",22.48,23.15,22.1,23.03,19.3511,7129700
"2022-09-29",22.67,22.99,22.38,22.75,19.1158,8189200
"2022-09-30",22.81,23.02,22.56,22.6,18.9898,8481500
"2022-10-03",23.06,23.82,22.78,23.56,19.7964,5741200
"2022-10-04",23.92,25.31,23.91,25.27,21.2333,7743900
"2022-10-05",24.78,25.61,24.66,25.42,21.3593,4867700
"2022-10-06",25.33,25.49,24.62,25.4,21.3425,6672500
"2022-10-07",25.19,25.37,24.61,24.92,20.9392,4444000
"2022-10-10",24.96,25.27,24.75,24.89,20.914,4360100
"2022-10-11",24.77,25,24.41,24.68,20.7375,4794200
"2022-10-12",24.59,24.6,23.98,24.13,20.2754,4230600
"2022-10-13",23.62,24.57,23.24,24.4,20.5022,5199900
"2022-10-14",24.63,24.91,23.25,23.31,19.5864,4402900
"2022-10-17",23.89,24.34,23.82,23.88,20.0653,3994700
"2022-10-18",24.41,24.67,24.24,24.4,20.5022,3353800
"2022-10-19",24.07,24.41,23.93,24.13,20.2754,3103100
"2022-10-20",24.1,24.16,23.28,23.48,19.7292,2936400
"2022-10-21",23.8,24.49,23.51,24.48,20.5695,4534200
"2022-10-24",24.69,24.77,24.19,24.6,20.6703,2757800
"2022-10-25",24.68,25.4,24.6,25.19,21.166,4641900
"2022-10-26",25.3,25.74,25.15,25.45,21.3845,3305400
"2022-10-27",25.77,26.17,25.65,25.77,21.6534,3732300
"2022-10-28",25.91,26.48,25.76,26.46,22.2332,5180300
"2022-10-31",26.25,26.38,25.98,26.16,22.1131,4763400
"2022-11-01",26.42,26.76,26.29,26.34,22.2653,4851400
"2022-11-02",26.26,26.74,25.73,25.83,21.8342,3976100
"2022-11-03",25.61,26.48,25.5,26.19,22.1385,4106100
"2022-11-04",27,27.17,25.74,26.46,22.3667,4356000
"2022-11-07",26.55,27.02,26.12,26.78,22.6372,5138600
"2022-11-08",26.82,26.84,26.18,26.49,22.3921,4160000
"2022-11-09",26.24,26.71,26.1,26.25,22.1892,4489000
"2022-11-10",27.17,28.24,26.96,28.22,23.8544,6382200
"2022-11-11",28.31,28.57,27.93,28.08,23.7361,4518400
"2022-11-14",28.02,28.02,27.52,27.53,23.2712,3022700
"2022-11-15",27.82,27.98,27.4,27.78,23.4825,3895400
"2022-11-16",27.66,28.07,27.61,27.96,23.6347,3190500
"2022-11-17",27.53,27.64,27.09,27.47,23.2205,3238200
"2022-11-18",27.9,28.06,27.27,27.66,23.3811,6902300
"2022-11-21",27.57,28.14,27.52,28.07,23.7276,4659200
"2022-11-22",28.21,28.51,27.89,28.08,23.7361,3461600
"2022-11-23",28.01,28.5,27.89,28.48,24.0742,2486400
"2022-11-25",28.71,29.11,28.56,28.61,24.1841,1896600
"2022-11-28",28.23,28.49,27.97,28.04,23.7023,3330900
"2022-11-29",28.08,28.37,27.88,28.26,23.8883,3672800
"2022-11-30",28.23,28.99,28.06,28.92,24.4462,5484700
"2022-12-01",29.32,29.61,28.65,28.72,24.2771,3003600
"2022-12-02",28.26,28.82,28.19,28.67,24.2348,3320300
"2022-12-05",28.39,28.6,28.2,28.37,23.9812,2910800
"2022-12-06",28.36,28.52,27.87,28.13,23.7784,2594800
"2022-12-07",28.05,28.24,27.88,27.98,23.6516,3048700
"2022-12-08",28.4,28.97,28.09,28.34,23.9559,4091400
"2022-12-09",28.23,28.75,28.14,28.52,24.108,3861500
"2022-12-12",28.71,29.14,28.52,29.11,24.6068,2450500
"2022-12-13",29.78,29.89,28.85,29.27,24.742,6077700
"2022-12-14",29.31,29.53,28.84,29.24,24.7167,4156700
"2022-12-15",28.98,29,28.5,28.71,24.2686,3491800
"2022-12-16",28.5,28.57,28.02,28.34,23.9559,6868400
"2022-12-19",28.37,28.47,27.99,28.2,23.8375,2463300
"2022-12-20",28.17,28.56,28.17,28.36,23.9728,2891800
"2022-12-21",28.54,28.85,28.25,28.74,24.294,2610600
"2022-12-22",28.55,28.63,27.83,28.31,23.9305,1916800
"2022-12-23",28.26,28.71,28.15,28.68,24.2433,1532500
"2022-12-27",28.77,28.92,28.63,28.82,24.3616,1605000
"2022-12-28",28.99,28.99,28.16,28.32,23.939,3244900
"2022-12-29",28.52,29.07,28.51,28.81,24.3532,1421200
"2022-12-30",28.71,28.83,28.37,28.76,24.3109,2233000
"2023-01-03",28.8,29.11,28.07,28.11,23.7615,4295300
"2023-01-04",28.27,28.53,26.93,27.28,23.0599,8624200
"2023-01-05",26.99,27.16,25.69,25.87,21.868,8116400
"2023-01-06",26.11,26.65,26.02,26.43,22.3414,4184300
"2023-01-09",26.41,27.31,26.28,27.25,23.0345,4583600
"2023-01-10",27.22,27.37,26.61,27.23,23.0176,2932500
"2023-01-11",27.29,27.74,27.25,27.73,23.4402,3086700
"2023-01-12",27.76,27.9,27.5,27.69,23.4064,6403400
"2023-01-13",27.42,27.91,27.29,27.86,23.5501,4944800
"2023-01-17",27.94,28.18,27.59,27.6,23.3304,3161800
"2023-01-18",27.75,27.91,26.89,26.92,22.7556,4381700
"2023-01-19",26.81,26.93,26.4,26.64,22.5189,5246000
"2023-01-20",26.73,26.94,26.44,26.93,22.764,2983000
"2023-01-23",26.9,27.26,26.7,26.91,22.7471,2716100
"2023-01-24",26.9,27.06,26.54,26.99,22.8147,3774700
"2023-01-25",26.71,27.11,26.4,27.01,22.8316,8757300
"2023-01-26",27.08,27.63,26.87,27.62,23.3473,3864100
"2023-01-27",27.6,27.71,26.96,26.97,22.7978,4816600
"2023-01-30",26.74,26.92,26.4,26.45,22.3583,4121100
"2023-01-31",26.33,27.42,26.17,27.41,23.3161,5743000
"2023-02-01",27.21,27.26,26.31,26.8,22.7972,4940400
"2023-02-02",26.9,27.06,26.44,26.52,22.559,5524400
"2023-02-03",26.33,26.43,26.04,26.24,22.3208,3681400
"2023-02-06",26.14,26.23,25.79,26.21,22.2953,2821700
"2023-02-07",26.03,26.57,25.86,26.42,22.474,3462800
"2023-02-08",26.29,26.39,26,26.16,22.2528,4631700
"2023-02-09",26.27,26.37,25.56,25.58,21.7594,3745400
"2023-02-10",25.6,26.2,25.45,26.11,22.2102,3454500
"2023-02-13",26.11,26.39,26.08,26.35,22.4144,2368500
"2023-02-14",26.26,26.57,26.04,26.29,22.3634,2019700
"2023-02-15",26.11,26.77,26.08,26.69,22.7036,3449000
"2023-02-16",26.27,26.58,26.16,26.37,22.4314,3325500
"2023-02-17",26.35,26.38,25.98,26.23,22.3123,3229400
"2023-02-21",26.06,26.09,25.52,25.57,21.7509,2634000
"2023-02-22",25.63,25.69,25.34,25.39,21.5978,2901000
"2023-02-23",25.56,25.7,25.26,25.39,21.5978,7165100
"2023-02-24",25.3,25.5,24.91,25.32,21.5382,3863100
"2023-02-27",25.69,26.41,24.64,24.88,21.164,9350500
"2023-02-28",24.79,25.47,24.67,24.68,20.9938,7601600
"2023-03-01",24.68,25.17,24.57,24.63,20.9513,4371200
"2023-03-02",24.54,24.86,24.25,24.64,20.9598,3317300
"2023-03-03",24.74,25.13,24.62,25.1,21.3511,3246500
"2023-03-06",25.15,25.31,24.93,25,21.266,4768200
"2023-03-07",25.15,25.24,24.4,24.51,20.8492,2799900
"2023-03-08",24.57,25.04,24.51,24.72,21.0279,4575800
"2023-03-09",24.66,25.07,24.22,24.29,20.6621,3208300
"2023-03-10",24.24,24.26,23.18,23.26,19.7859,5486000
"2023-03-13",23.1,23.99,22.89,22.9,19.4797,5837200
"2023-03-14",23.42,23.74,23.02,23.22,19.7519,5635800
"2023-03-15",22.94,23.2,22.62,23.05,19.6073,4902900
"2023-03-16",22.89,23.43,22.78,23.25,19.7774,4643700
"2023-03-17",23.05,23.11,22.29,22.39,19.0459,8431200
"2023-03-20",22.49,22.89,22.39,22.65,19.267,5717700
"2023-03-21",22.89,23.26,22.71,22.97,19.5392,5516700
"2023-03-22",22.8,23.01,22.22,22.23,18.9098,2989700
"2023-03-23",22.2,22.45,21.73,21.96,18.6801,3238200
"2023-03-24",21.77,22.23,21.53,22.21,18.8928,3925000
"2023-03-27",22.5,22.62,22.26,22.6,19.2245,5489200
"2023-03-28",22.69,23.12,22.62,22.93,19.5052,3687500
"2023-03-29",23.16,23.48,23,23.46,19.956,4271000
"2023-03-30",23.68,23.96,23.55,23.57,20.0496,5041500
"2023-03-31",23.74,24.14,23.71,24.08,20.4834,4311000
"2023-04-03",24,24.21,23.68,23.82,20.2623,3467700
"2023-04-04",23.9,23.94,23.59,23.82,20.2623,2781400
"2023-04-05",23.78,24.24,23.78,24.1,20.5005,3539500
"2023-04-06",24.24,24.4,24.04,24.4,20.7557,4738900
"2023-04-10",24.26,24.98,24.21,24.9,21.181,5365700
"2023-04-11",24.93,25.45,24.87,25.35,21.5638,5145000
"2023-04-12",25.49,25.74,25.13,25.31,21.5297,4044000
"2023-04-13",25.2,25.61,24.87,25.54,21.7254,3830700
"2023-04-14",25.4,25.5,24.73,24.86,21.1469,3869200
"2023-04-17",24.28,24.6,23.85,24.33,20.6961,7225000
"2023-04-18",24.35,24.56,24.17,24.42,20.7727,4386500
"2023-04-19",24.33,24.54,24.2,24.5,20.8407,2833500
"2023-04-20",24.27,24.33,23.69,23.87,20.3048,4972100
"2023-04-21",23.94,24.27,23.87,24,20.4154,4430500
"2023-04-24",23.98,24.2,23.77,24.16,20.5515,3268800
"2023-04-25",24.08,24.08,23.8,23.87,20.3048,2764100
"2023-04-26",23.64,23.77,23.02,23.06,19.6158,3910800
"2023-04-27",23.31,23.69,23.28,23.57,20.0496,4640300
"2023-04-28",23.32,23.81,23.31,23.66,20.2689,3752900
"2023-05-01",23.59,23.76,23.14,23.16,19.8406,3848900
"2023-05-02",23.14,23.16,22.32,22.6,19.3609,5597100
"2023-05-03",22.72,22.93,22.39,22.45,19.2324,4575700
"2023-05-04",22.4,22.52,21.97,22.48,19.2581,9565600
"2023-05-05",22.59,22.78,22.13,22.67,19.4208,8358700
"2023-05-08",23.01,23.07,21.39,21.71,18.5984,10712700
"2023-05-09",21.62,22.31,21.24,22.27,19.0781,12860300
"2023-05-10",22.54,22.86,22.38,22.64,19.3951,7297700
"2023-05-11",22.5,22.56,21.95,22.03,18.8726,4653900
"2023-05-12",22.24,22.41,22.04,22.11,18.9411,5058700
"2023-05-15",22.24,22.33,21.93,21.99,18.8383,4990300
"2023-05-16",21.97,22.03,20.76,20.85,17.8617,5993100
"2023-05-17",20.9,21.21,20.74,20.95,17.9473,5808800
"2023-05-18",20.76,20.88,20.46,20.86,17.8702,5175700
"2023-05-19",21.03,21.14,20.77,20.81,17.8274,5907500
"2023-05-22",20.88,21.17,20.83,21.16,18.1272,3653100
"2023-05-23",20.87,21.15,20.65,20.76,17.7846,3169100
"2023-05-24",20.65,20.7,20.16,20.26,17.3562,5220400
"2023-05-25",20.2,20.26,19.75,19.95,17.0907,5551800
"2023-05-26",19.95,19.95,19.52,19.87,17.0221,4689900
"2023-05-30",19.98,20.34,19.89,19.9,17.0478,7773100
"2023-05-31",19.82,19.95,19.52,19.74,16.9108,7029700
"2023-06-01",19.88,20.11,19.69,19.88,17.0307,4703200
"2023-06-02",20.08,20.35,20,20.19,17.2963,7185000
"2023-06-05",20.26,20.47,19.98,20.08,17.202,6366800
"2023-06-06",20.06,20.43,20.02,20.13,17.2449,12934800
"2023-06-07",20.39,20.7,20.04,20.68,17.716,14685100
"2023-06-08",20.72,20.72,20.08,20.41,17.4847,14641500
"2023-06-09",20.48,20.53,19.84,20.09,17.2106,7058900
"2023-06-12",20.18,20.41,19.9,20.29,17.3819,5614100
"2023-06-13",20.23,20.86,20.21,20.83,17.8445,8249600
"2023-06-14",21,21.08,20.62,20.74,17.7674,4741800
"2023-06-15",20.77,21.55,20.74,21.49,18.4099,6267800
"2023-06-16",21.55,21.67,21.29,21.34,18.2814,12279000
"2023-06-20",21.25,21.25,20.89,21.01,17.9987,3434600
"2023-06-21",20.91,21.16,20.71,20.98,17.973,3938400
"2023-06-22",20.45,20.92,19.88,20.91,17.9131,13166800
"2023-06-23",20.8,20.84,20.38,20.43,17.5019,13059500
"2023-06-26",20.46,20.77,20.41,20.71,17.7417,5520300
"2023-06-27",20.89,21.01,20.39,20.91,17.9131,7256300
"2023-06-28",20.79,20.81,20.12,20.2,17.3048,5914700
"2023-06-29",20.06,20.51,20,20.43,17.5019,3254000
"2023-06-30",20.59,20.78,20.44,20.73,17.7589,3843600
"2023-07-03",20.59,21.12,20.59,21.07,18.0501,2361000
"2023-07-05",20.99,21.59,20.91,21.45,18.3757,4642200
"2023-07-06",21.14,21.17,20.77,21.1,18.0758,3372200
"2023-07-07",21.01,21.35,20.96,21.09,18.0673,4315900
"2023-07-10",20.99,21.23,20.83,21.02,18.0073,6638300
"2023-07-11",21.09,21.41,21.02,21.4,18.3328,2250400
"2023-07-12",21.6,21.83,21.45,21.59,18.4956,3217700
"2023-07-13",21.62,21.86,21.62,21.83,18.7012,4292700
"2023-07-14",21.78,21.78,21.42,21.6,18.5042,2752900
"2023-07-17",21.43,21.58,21.16,21.38,18.3157,2656000
"2023-07-18",21.21,21.78,21.15,21.75,18.6327,4113200
"2023-07-19",21.8,22.21,21.8,22.1,18.9325,4282900
"2023-07-20",22.12,22.18,21.78,21.83,18.7012,4261200
"2023-07-21",21.93,22.56,21.85,22.49,19.2666,3811600
"2023-07-24",22.58,22.6,21.58,21.62,18.5213,7193000
"2023-07-25",21.48,21.97,21.37,21.87,18.7355,6787100
"2023-07-26",21.79,22.09,21.74,21.9,18.7612,4084600
"2023-07-27",21.9,22.02,21.24,21.38,18.3157,4733900
"2023-07-28",21.74,21.89,21.48,21.7,18.5898,4272700
"2023-07-31",21.75,21.9,21.53,21.63,18.6727,3825200
"2023-08-01",21.43,21.53,20.91,21.01,18.1375,4716200
"2023-08-02",20.75,21.12,20.63,21.04,18.1634,4754800
"2023-08-03",20.8,20.96,20.63,20.65,17.8267,6175400
"2023-08-04",20.69,20.69,19.59,19.64,16.9548,7884000
"2023-08-07",19.8,20.18,19.63,19.7,17.0066,4290500
"2023-08-08",19.53,19.67,19.19,19.62,16.9375,5062300
"2023-08-09",19.91,20.17,19.55,19.61,16.9289,6259900
"2023-08-10",19.75,20.01,19.47,19.61,16.9289,4916100
"2023-08-11",19.62,19.64,19.31,19.46,16.7994,3865400
"2023-08-14",19.38,19.4,18.82,19.02,16.4196,4722400
"2023-08-15",18.78,18.79,17.93,18,15.539,9257400
"2023-08-16",18.01,18.59,17.94,18.41,15.893,11081300
"2023-08-17",18.49,18.56,18.02,18.05,15.5822,5883400
"2023-08-18",17.97,18.11,17.9,18.01,15.5477,6197900
"2023-08-21",17.9,17.98,17.77,17.91,15.4613,3849900
"2023-08-22",17.91,18.03,17.75,17.96,15.5045,5206300
"2023-08-23",18.26,18.38,18.06,18.32,15.8153,7279300
"2023-08-24",18.21,18.46,17.65,17.72,15.2973,5114100
"2023-08-25",17.9,18.2,17.9,18.06,15.5908,3195400
"2023-08-28",18.14,18.24,17.86,17.92,15.47,2336000
"2023-08-29",18.03,18.31,17.91,18.21,15.7203,4705600
"2023-08-30",18.13,18.37,18.08,18.22,15.7289,3083400
"2023-08-31",18.33,18.33,17.87,17.93,15.4786,5258000
"2023-09-01",18,18.11,17.54,17.89,15.4441,5346800
"2023-09-05",17.84,17.9,17.36,17.44,15.0556,5297900
"2023-09-06",17.42,17.44,17.22,17.43,15.0469,10449000
"2023-09-07",17.57,17.58,16.89,16.99,14.6671,9263400
"2023-09-08",16.99,17.39,16.97,17.27,14.9088,6048900
"2023-09-11",17.35,17.54,17.19,17.24,14.8829,4543800
"2023-09-12",17.07,17.27,17,17.03,14.7016,8104700
"2023-09-13",17.12,17.23,16.98,16.99,14.6671,6629100
"2023-09-14",17.18,17.51,17.08,17.39,15.0124,11388300
"2023-09-15",17.43,17.58,17.2,17.24,14.8829,10176800
"2023-09-18",17.21,17.27,17.01,17.08,14.7448,5241700
"2023-09-19",17.05,17.1,16.74,16.76,14.4686,6291500
"2023-09-20",16.89,17.09,16.77,16.79,14.4945,5185100
"2023-09-21",16.6,16.77,16.42,16.43,14.1837,5510700
"2023-09-22",16.34,16.41,15.92,15.96,13.7779,6984700
"2023-09-25",15.85,16.27,15.77,16.24,14.0196,7299600
"2023-09-26",16.17,16.22,15.75,15.86,13.6916,6904400
"2023-09-27",15.86,15.97,15.63,15.93,13.752,6600800
"2023-09-28",16.08,16.14,14.85,14.88,12.8456,10088100
"2023-09-29",15.11,15.44,15.02,15.2,13.1218,9409600
"2023-10-02",15.08,15.13,14.1,14.16,12.224,9800200
"2023-10-03",13.9,14,13.24,13.54,11.6888,16112300
"2023-10-04",13.61,13.66,12.92,13.2,11.3953,10910000
"2023-10-05",13.14,13.14,12.36,12.61,10.8859,16193800
"2023-10-06",12.1,12.5,11.43,12.45,10.7478,27880000
"2023-10-09",12.45,12.76,12.38,12.68,10.9464,12585200
"2023-10-10",12.86,13.25,12.7,13,11.2226,10449600
"2023-10-11",13.09,13.42,12.88,13.39,11.5593,9173400
"2023-10-12",13.19,13.23,12.87,13.05,11.2658,13743600
"2023-10-13",13.19,13.39,13.04,13.16,11.3607,9307300
"2023-10-16",13.26,13.82,13.17,13.71,11.8356,10671300
"2023-10-17",13.42,13.91,13.35,13.75,11.8701,8952700
"2023-10-18",13.68,13.9,13.57,13.87,11.9737,11462800
"2023-10-19",13.78,14.12,13.77,13.84,11.9478,10553100
"2023-10-20",13.75,13.94,13.6,13.83,11.9391,12450700
"2023-10-23",13.62,14.29,13.55,14,12.0859,8186800
"2023-10-24",14.16,14.57,14.15,14.53,12.5434,8650500
"2023-10-25",14.34,14.7,14.33,14.68,12.6729,7998400
"2023-10-26",14.73,14.97,14.65,14.9,12.8629,6991000
"2023-10-27",14.81,14.96,14.53,14.75,12.7334,18329700
"2023-10-30",14.9,15.08,14.72,14.95,12.906,9187600
"2023-10-31",14.9,14.93,14.67,14.9,13.0073,8905100
"2023-11-01",14.93,14.95,14.7,14.85,12.9636,15484100
"2023-11-02",15.03,15.52,15,15.5,13.5311,12379500
"2023-11-03",16,16.84,15.63,16.79,14.6572,12325300
"2023-11-06",16.63,16.92,16.32,16.34,14.2644,9131900
"2023-11-07",16.4,16.43,16.1,16.14,14.0898,5877500
"2023-11-08",16.37,16.4,16.08,16.22,14.1596,6343200
"2023-11-09",16.3,16.34,15.59,15.63,13.6446,6536000
"2023-11-10",15.78,15.92,15.58,15.7,13.7057,4816000
"2023-11-13",15.74,15.9,15.51,15.54,13.566,5024900
"2023-11-14",16.17,16.96,16.15,16.94,14.7881,7531900
"2023-11-15",16.84,17.27,16.78,17.01,14.8493,7047100
"2023-11-16",17.07,17.19,16.75,16.91,14.762,4826900
"2023-11-17",17.08,17.12,16.84,17.01,14.8493,4858200
"2023-11-20",16.93,17.26,16.67,17.21,15.0239,4738200
"2023-11-21",17.12,17.19,16.63,16.74,14.6136,5930500
"2023-11-22",16.86,16.92,16.63,16.91,14.762,4408200
"2023-11-24",16.87,17.08,16.86,16.93,14.7794,2055800
"2023-11-27",16.89,16.97,16.68,16.91,14.762,4581000
"2023-11-28",16.94,17.27,16.77,17.17,14.9889,3751000
"2023-11-29",17.29,17.48,17,17.22,15.0326,5351400
"2023-11-30",17.29,17.52,17.04,17.21,15.0239,8903800
"2023-12-01",17.13,18.14,17.13,18.13,15.827,5483700
"2023-12-04",17.9,18.14,17.71,17.98,15.696,7498900
"2023-12-05",17.97,18.07,17.75,17.94,15.6611,4779200
"2023-12-06",18.13,18.2,17.86,17.94,15.6611,10153300
"2023-12-07",18.06,18.33,17.94,18.17,15.8619,4040500
"2023-12-08",18.15,18.26,18.03,18.22,15.9056,6169900
"2023-12-11",18.09,18.39,17.9,18.05,15.7571,5257200
"2023-12-12",18.13,18.27,17.86,18.21,15.8968,4472200
"2023-12-13",18.32,19.42,18.1,19.33,16.8745,10544600
"2023-12-14",19.75,20.24,19.45,19.63,17.1364,10522500
"2023-12-15",19.6,19.76,19.16,19.35,16.892,10852600
"2023-12-18",19.43,19.44,18.93,19.02,16.6039,4448500
"2023-12-19",19.27,19.5,19.17,19.36,16.9007,5259700
"2023-12-20",19.3,19.33,18.35,18.37,16.0365,6999800
"2023-12-21",18.6,19.02,18.56,18.85,16.4555,4595400
"2023-12-22",18.96,19.32,18.86,19.1,16.6738,2907700
"2023-12-26",19.13,19.44,19.03,19.36,16.9007,2204900
"2023-12-27",19.33,19.4,19.18,19.28,16.8309,2940900
"2023-12-28",19.13,19.5,19.13,19.35,16.892,3077500
"2023-12-29",19.18,19.41,19.14,19.25,16.8047,3749600
"2024-01-02",19.14,19.53,19,19.34,16.8833,4785300
"2024-01-03",19.11,19.16,18.57,18.93,16.5254,7540700
"2024-01-04",19.09,19.13,18.75,18.87,16.473,4501400
"2024-01-05",18.8,19.35,18.63,18.8,16.4119,12185600
"2024-01-08",18.69,19.24,18.69,19.07,16.6476,4824200
"2024-01-09",18.8,19.13,18.76,18.86,16.4643,3265800
"2024-01-10",18.81,19.05,18.73,18.88,16.4817,2884900
"2024-01-11",18.72,18.77,17.77,18.03,15.7397,4921000
"2024-01-12",18.18,18.54,18.18,18.44,16.0976,4861300
"2024-01-16",18.14,18.32,17.8,17.89,15.6175,4828800
"2024-01-17",17.56,17.81,17.15,17.4,15.1897,7030900
"2024-01-18",17.28,17.42,17.1,17.38,15.1723,4630800
"2024-01-19",17.5,17.51,16.78,16.89,14.7445,6380700
"2024-01-22",17,17.38,16.76,16.78,14.6485,7773200
"2024-01-23",16.94,16.98,16.62,16.81,14.6747,5105200
"2024-01-24",17.1,17.16,16.48,16.5,14.404,5300400
"2024-01-25",16.86,17.42,16.72,17.13,14.954,7909200
"2024-01-26",17.23,17.41,17.13,17.15,14.9715,5193100
"2024-01-29",17.15,17.36,16.83,17.28,15.085,4556000
"2024-01-30",17.17,17.24,16.79,16.97,14.8143,4965900
"2024-01-31",16.94,17.02,16.58,16.68,14.7111,7354800
"2024-02-01",16.73,17.16,16.53,17.16,15.1345,4543300
"2024-02-02",16.76,17.3,16.35,17.02,15.011,10426900
"2024-02-05",16.69,16.77,16.23,16.51,14.5612,5550500
"2024-02-06",16.42,16.65,16.37,16.5,14.5524,5464400
"2024-02-07",16.62,16.71,16.15,16.32,14.3936,8234000
"2024-02-08",16.25,16.33,15.97,16.2,14.2878,6388900
"2024-02-09",16.19,16.48,16.13,16.46,14.5171,5498400
"2024-02-12",16.52,16.9,16.41,16.88,14.8875,6294100
"2024-02-13",16.43,16.54,15.7,16,14.1114,7946300
"2024-02-14",16.13,16.36,15.89,16.14,14.2349,7907900
"2024-02-15",16.36,16.92,16.3,16.78,14.7993,6395700
"2024-02-16",16.52,16.85,16.41,16.77,14.7905,5774000
"2024-02-20",16.61,16.89,16.4,16.42,14.4818,5732400
"2024-02-21",16.45,16.64,16.32,16.55,14.5965,4480900
"2024-02-22",16.4,16.56,15.99,16,14.1114,6579900
"2024-02-23",16.03,16.21,15.91,16,14.1114,5890600
"2024-02-26",15.88,15.94,15.41,15.55,13.7145,10295600
"2024-02-27",15.79,16.02,14.69,15.1,13.3176,14453800
"2024-02-28",15.02,15.38,14.86,15.06,13.2824,11942400
"2024-02-29",15.26,15.55,15.14,15.2,13.4058,8748100
"2024-03-01",15.2,15.51,14.84,15.47,13.644,7914100
"2024-03-04",15.48,16.24,15.43,16.07,14.1731,7255000
"2024-03-05",16.1,17.18,16.02,16.15,14.2437,16423200
"2024-03-06",16.61,16.72,16.09,16.22,14.3054,13567000
"2024-03-07",16.5,16.53,16.15,16.16,14.2525,6692600
"2024-03-08",16.34,16.4,16.08,16.25,14.3319,17778700
"2024-03-11",16.28,16.67,16.17,16.39,14.4554,10349400
"2024-03-12",16.32,16.36,15.8,15.94,14.0585,6213800
"2024-03-13",16.01,16.2,15.71,15.75,13.8909,12248400
"2024-03-14",15.65,15.81,14.86,15.03,13.2559,14105300
"2024-03-15",15.06,15.26,14.93,15.01,13.2383,16883900
"2024-03-18",15,15.06,14.74,14.88,13.1236,9107000
"2024-03-19",14.97,15.68,14.86,15.54,13.7057,8790800
"2024-03-20",15.45,15.61,15.27,15.54,13.7057,9195200
"2024-03-21",15.55,15.9,15.5,15.76,13.8997,34627800
"2024-03-22",15.97,16.34,15.82,16.24,14.3231,11787400
"2024-03-25",16.24,16.53,16.17,16.45,14.5083,10622700
"2024-03-26",16.59,16.88,16.49,16.64,14.6759,14859300
"2024-03-27",16.88,17.29,16.65,17.25,15.2139,10702700
"2024-03-28",17.33,17.98,17.23,17.93,15.8136,11908100
"2024-04-01",18.07,18.11,17.6,18.07,15.9371,8752600
"2024-04-02",17.95,18.11,17.67,17.82,15.7166,7593100
"2024-04-03",17.74,17.99,17.67,17.9,15.7871,6434400
"2024-04-04",18.22,18.65,18.07,18.14,15.9988,9475600
"2024-04-05",18,18.28,17.77,18.08,15.9459,7587100
"2024-04-08",18.29,18.38,18.05,18.3,16.1399,7052000
"2024-04-09",18.37,18.54,18.09,18.29,16.1311,7804200
"2024-04-10",17.8,17.82,17.35,17.68,15.5931,6844500
"2024-04-11",17.91,17.92,17.47,17.82,15.7166,8324800
"2024-04-12",17.72,17.97,16.83,16.85,14.8611,7682500
"2024-04-15",16.9,17.2,15.92,16.16,14.2525,10443200
"2024-04-16",16.1,16.23,15.82,15.91,14.032,12295200
"2024-04-17",16.01,16.33,15.73,16.14,14.2349,7886800
"2024-04-18",16.34,16.51,16.15,16.27,14.3495,5497500
"2024-04-19",16.23,16.49,16.2,16.4,14.4642,7100700
"2024-04-22",16.42,16.76,16.18,16.7,14.7288,6514900
"2024-04-23",16.65,17.33,16.61,17.13,15.108,5742400
"2024-04-24",16.94,17.44,16.87,17.37,15.3197,5290100
"2024-04-25",17.18,17.36,17.05,17.13,15.108,4465600
"2024-04-26",17.24,17.47,17.14,17.21,15.1786,4772200
"2024-04-29",17.4,17.96,17.27,17.86,15.7519,8094100
"2024-04-30",17.35,17.94,17.31,17.9,15.9416,8122400
"2024-05-01",17.9,18.55,17.74,18.17,16.182,8971500
"2024-05-02",18.43,19.01,18.3,18.93,16.8589,11059100
"2024-05-03",18.72,19.68,18.35,18.67,16.6273,11127600
"2024-05-06",18.86,19.01,18.59,18.88,16.8143,9578100
"2024-05-07",19.06,19.3,18.74,18.84,16.7787,8983200
"2024-05-08",18.6,19.54,18.45,19.37,17.2507,11959500
"2024-05-09",19.36,20.05,19.26,19.99,17.8029,7898300
"2024-05-10",20.05,20.45,19.76,19.94,17.7584,8197900
"2024-05-13",20,20.21,19.93,19.96,17.7762,7010100
"2024-05-14",20.19,20.45,20.05,20.32,18.0968,9218400
"2024-05-15",20.79,21.29,20.75,21.13,18.8182,10406800
"2024-05-16",21.21,21.6,21.01,21.21,18.8894,12829200
"2024-05-17",21.1,21.5,20.98,21.28,18.9518,9083200
"2024-05-20",21.35,21.47,21.15,21.28,18.9518,5920300
"2024-05-21",21.01,21.3,20.85,21.04,18.738,8788700
"2024-05-22",20.84,21.3,20.82,20.93,18.64,6937800
"2024-05-23",20.93,21,20.47,20.56,18.3105,6524600
"2024-05-24",20.71,21.03,20.59,20.91,18.6222,7006000
"2024-05-28",21.03,21.52,20.99,21.13,18.8182,6978500
"2024-05-29",20.8,21.16,20.7,21.07,18.7647,5329200
"2024-05-30",21.17,21.83,21.08,21.77,19.3881,7466400
"2024-05-31",21.91,22.21,21.33,21.59,19.2278,11403100
"2024-06-03",21.82,21.82,20.62,20.76,18.4886,7078200
"2024-06-04",20.66,20.85,20.17,20.49,18.2482,7232900
"2024-06-05",20.55,21.12,20.53,20.86,18.5777,6247500
"2024-06-06",20.6,20.9,20.24,20.36,18.1324,6630900
"2024-06-07",20.02,20.38,19.84,19.87,17.696,5768500
"2024-06-10",19.86,20.5,19.75,20.38,18.1502,5453900
"2024-06-11",20.1,20.28,19.65,19.83,17.6604,6538600
"2024-06-12",20.54,20.63,19.54,19.66,17.509,6665400
"2024-06-13",19.55,19.93,19.42,19.6,17.4556,5093500
"2024-06-14",19.44,19.62,19.2,19.34,17.224,3960500
"2024-06-17",19.18,19.21,18.47,18.84,16.7787,8519300
"2024-06-18",18.74,19.11,18.58,18.96,16.8856,5872000
"2024-06-20",18.95,19,18.7,18.86,16.7965,4682100
"2024-06-21",18.47,18.83,18.4,18.47,16.4492,17808600
"2024-06-24",18.57,19.14,18.53,18.99,16.9123,4883000
"2024-06-25",19.15,19.24,18.83,18.9,16.8321,3922600
"2024-06-26",18.75,19.31,18.74,18.91,16.8411,8909500
"2024-06-27",18.79,19.17,18.73,19.09,17.0014,4599700
"2024-06-28",19.21,19.21,17.35,17.57,15.6477,28445300
"2024-07-01",17.83,17.89,17.15,17.44,15.5319,9712200
"2024-07-02",17.52,17.75,17.24,17.53,15.612,8387000
"2024-07-03",17.72,18.04,17.62,17.89,15.9327,3243100
"2024-07-05",18.01,18.05,17.55,17.71,15.7723,6928000
"2024-07-08",17.74,17.93,17.68,17.85,15.897,3802800
"2024-07-09",17.78,18.01,17.65,17.68,15.7456,4176200
"2024-07-10",17.91,17.99,17.62,17.92,15.9594,3388200
"2024-07-11",18.34,18.72,18.27,18.65,16.6095,5480700
"2024-07-12",18.77,19.13,18.68,18.89,16.8232,6349800
"2024-07-15",18.25,18.32,16.96,17,15.14,13899300
"2024-07-16",17.2,17.7,17.13,17.65,15.7189,7590000
"2024-07-17",17.47,17.57,16.77,16.89,15.0421,8844200
"2024-07-18",17.05,17.22,16.77,17.08,15.2113,9984100
"2024-07-19",17.2,17.28,17.06,17.1,15.2291,4641800
"2024-07-22",17.4,17.57,17.16,17.52,15.6031,8080300
"2024-07-23",17.33,17.88,17.31,17.56,15.6388,4993000
"2024-07-24",17.68,17.91,17.28,17.31,15.4161,10045500
"2024-07-25",17.33,17.51,17.14,17.23,15.3449,11284600
"2024-07-26",17.52,17.67,17.37,17.52,15.6031,5224700
"2024-07-29",17.61,17.72,17.33,17.59,15.6655,5334500
"2024-07-30",17.61,17.71,17.38,17.55,15.6299,7028800
"2024-07-31",17.89,18.07,17.66,17.79,15.8436,18534600
"2024-08-01",17.62,17.96,17.6,17.91,16.1071,9614600
"2024-08-02",17.3,17.66,16.85,17.13,15.4056,10660600
"2024-08-05",16.75,16.95,16,16.29,14.6502,8794300
"2024-08-06",16.28,16.94,16.27,16.52,14.857,6182900
"2024-08-07",16.8,17.01,16.3,16.39,14.7401,7055500
"2024-08-08",16.39,16.82,16.3,16.65,14.9739,11742500
"2024-08-09",16.56,16.77,16.2,16.66,14.9829,7689200
"2024-08-12",16.65,16.74,16.44,16.71,15.0279,6237000
"2024-08-13",16.9,16.95,16.64,16.89,15.1898,6322000
"2024-08-14",16.94,17.1,16.63,16.94,15.2347,5670200
"2024-08-15",16.94,17.46,16.9,17.27,15.5315,7799600
"2024-08-16",17.26,17.38,17.16,17.26,15.5225,6108300
"2024-08-19",17.24,17.49,17.19,17.37,15.6215,5804400
"2024-08-20",17.29,17.47,17.24,17.38,15.6305,7780300
"2024-08-21",17.43,17.76,17.33,17.67,15.8913,5766400
"2024-08-22",17.66,17.84,17.54,17.77,15.9812,6082900
"2024-08-23",17.87,18.23,17.75,18.08,16.26,6788500
"2024-08-26",18.17,18.21,17.89,17.9,16.0981,4255700
"2024-08-27",17.8,17.9,17.34,17.37,15.6215,5240900
"2024-08-28",17.38,17.45,17.12,17.2,15.4686,4646100
"2024-08-29",17.25,17.39,16.98,17.26,15.5225,5947700
"2024-08-30",17.41,17.45,17,17.13,15.4056,5713800
"2024-09-03",17.13,17.14,16.65,16.75,15.0639,7982100
"2024-09-04",16.76,17.1,16.72,16.94,15.2347,8667000
"2024-09-05",17.11,17.18,16.83,16.94,15.2347,7326600
"2024-09-06",17,17.04,16.18,16.19,14.5602,8732000
"2024-09-09",16.21,16.32,16.11,16.2,14.5692,7817700
"2024-09-10",16.24,16.7,16.22,16.44,14.7851,6992100
"2024-09-11",16.78,17.88,16.75,17.86,16.0621,13642600
"2024-09-12",17.95,18.43,17.69,18.12,16.296,9276000
"2024-09-13",18.34,18.65,18.21,18.54,16.6737,7082900
"2024-09-16",18.58,19.23,18.58,19.01,17.0964,10000500
"2024-09-17",19.2,19.59,19.08,19.24,17.3032,12312200
"2024-09-18",19.3,19.65,19.06,19.26,17.3212,10658500
"2024-09-19",19.56,19.65,18.85,18.9,16.9974,13604000
"2024-09-20",19.16,19.16,18.74,18.9,16.9974,19704200
"2024-09-23",18.93,19.34,18.92,19.32,17.3752,10068500
"2024-09-24",19.35,19.64,19.1,19.11,17.1863,9284400
"2024-09-25",19.16,19.63,19.16,19.53,17.564,8380700
"2024-09-26",19.7,20.02,19.52,19.64,17.663,6737500
"2024-09-27",19.85,20.18,19.85,20.07,18.0497,6670300
"2024-09-30",20.09,20.2,19.85,20.06,18.0407,7123800
"2024-10-01",19.98,20.3,19.62,20.24,18.2026,6086000
"2024-10-02",20.01,20.25,19.77,19.89,17.8878,6538500
"2024-10-03",19.92,20.01,19.1,19.13,17.2043,8837100
"2024-10-04",19.08,19.29,18.77,18.91,17.0064,10667600
"2024-10-07",18.84,19,18.48,18.67,16.7906,7919000
"2024-10-08",18.46,18.58,18.12,18.15,16.3229,4914400
"2024-10-09",18,18.15,17.6,17.69,15.9092,7439000
"2024-10-10",17.68,17.68,17.33,17.33,15.5855,7463400
"2024-10-11",17.23,17.41,17.08,17.32,15.5765,7075000
"2024-10-14",17.32,17.52,17.3,17.46,15.7024,5815300
"2024-10-15",18.07,18.31,17.37,17.41,15.6574,10491900
"2024-10-16",17.59,17.95,17.52,17.89,16.0891,10226900
"2024-10-17",17.89,17.98,17.18,17.25,15.5135,8137500
"2024-10-18",17.38,17.47,17.19,17.47,15.7114,4422400
"2024-10-21",17.52,17.67,17.09,17.21,15.4776,7460900
"2024-10-22",17.02,17.14,16.73,17,15.2887,11199300
"2024-10-23",16.92,17.33,16.83,17.08,15.3607,9463600
"2024-10-24",17.06,17.17,16.85,16.98,15.2707,6478700
"2024-10-25",17.09,17.22,16.9,16.96,15.2527,6809000
"2024-10-28",17.07,17.37,17.03,17.05,15.3337,5239100
"2024-10-29",16.85,16.86,16.37,16.52,14.857,11215700
"2024-10-30",16.6,16.65,16.37,16.42,14.7671,11624000
"2024-10-31",16.42,16.61,16.35,16.49,14.83,14759600
"2024-11-01",16.09,16.2,14.68,14.71,13.3695,30895200
"2024-11-04",14.9,15.67,14.86,15.23,13.8421,15466000
"2024-11-05",15.07,15.52,14.81,15.51,14.0966,14503200
"2024-11-06",14.68,14.71,13.85,14.2,12.906,30290800
"2024-11-07",14.16,14.23,13.62,13.65,12.4061,25879800
"2024-11-08",13.56,13.83,13.3,13.6,12.3606,19844700
"2024-11-11",13.86,13.94,13.33,13.89,12.6242,21883800
"2024-11-12",13.97,14.12,13.27,13.45,12.2243,14508400
"2024-11-13",13.63,13.65,13.38,13.62,12.3788,11706100
"2024-11-14",13.69,14.36,13.58,14,12.7242,13488300
"2024-11-15",14.13,14.17,13.75,13.97,12.6969,11948600
"2024-11-18",13.86,13.93,13.73,13.74,12.4879,8499600
"2024-11-19",13.6,13.83,13.46,13.75,12.497,11811200
"2024-11-20",13.75,13.82,13.16,13.28,12.0698,17947500
"2024-11-21",13.26,13.38,13.04,13.25,12.0425,21346600
"2024-11-22",13.29,13.53,12.97,13.04,11.8517,29753100
"2024-11-25",13.13,13.38,13.05,13.16,11.9607,17646800
"2024-11-26",13,13.05,12.53,12.58,11.4336,20868700
"2024-11-27",12.65,13.19,12.65,12.99,11.8062,16716300
"2024-11-29",13,13.16,12.96,13.04,11.8517,7963500
"2024-12-02",13.06,13.28,12.88,13.01,11.8244,11820600
"2024-12-03",13.11,13.38,13.03,13.05,11.8608,13176900
"2024-12-04",13.01,13.95,13.01,13.43,12.2061,24649700
"2024-12-05",13.5,13.65,13.2,13.29,12.0789,13809100
"2024-12-06",13.39,13.49,13.01,13.05,11.8608,8687500
"2024-12-09",13.31,13.95,13.22,13.6,12.3606,18021600
"2024-12-10",13.45,13.77,13.41,13.64,12.397,13348900
"2024-12-11",13.67,13.79,13.51,13.59,12.3516,14140300
"2024-12-12",13.62,13.79,13.51,13.52,12.2879,12058100
"2024-12-13",13.5,13.61,13.09,13.35,12.1334,10761000
"2024-12-16",13.18,13.31,13.11,13.15,11.9516,11369200
"2024-12-17",13.08,13.25,12.8,12.87,11.6972,10465700
"2024-12-18",12.9,13.11,12.49,12.5,11.3609,12404900
"2024-12-19",12.45,12.58,12.24,12.44,11.3064,15220600
"2024-12-20",12.36,13.11,12.36,13,11.8153,25105700
"2024-12-23",12.89,13.09,12.78,13.06,11.8699,10108300
"2024-12-24",13,13.05,12.88,13.02,11.8335,3967400
"2024-12-26",12.96,12.99,12.76,12.84,11.6699,7272100
"2024-12-27",12.75,12.83,12.58,12.75,11.5881,9280700
"2024-12-30",12.67,12.71,12.34,12.65,11.4972,10800300
"2024-12-31",12.7,13.1,12.66,12.87,11.6972,9508000
"2025-01-02",13.05,13.21,12.96,13.05,11.8608,8670100
"2025-01-03",13.15,13.38,13.02,13.23,12.0244,8762900
"2025-01-06",13.3,13.44,13,13.01,11.8244,12320300
"2025-01-07",13.22,13.26,12.84,12.95,11.7699,12871800
"2025-01-08",12.81,12.81,12.09,12.4,11.27,17785700
"2025-01-10",12.3,12.31,11.96,12.02,10.9246,16108800
"2025-01-13",12,12.08,11.57,11.69,10.6247,14181400
"2025-01-14",11.78,12,11.71,11.85,10.7701,11151300
"2025-01-15",12.18,12.33,11.75,11.77,10.6974,9278300
"2025-01-16",11.74,12.12,11.71,12,10.9064,14563000
"2025-01-17",12.03,12.11,11.71,11.82,10.7429,12469700
"2025-01-21",11.95,11.98,11.69,11.75,10.6792,13194000
"2025-01-22",11.65,11.71,11.09,11.13,10.1157,17876100
"2025-01-23",11.15,11.58,11.08,11.53,10.4793,14042700
"2025-01-24",11.58,11.84,11.57,11.6,10.5429,12143900
"2025-01-27",11.55,11.72,11.18,11.44,10.3975,15476500
"2025-01-28",11.43,11.48,10.81,11.01,10.0067,22668100
"2025-01-29",11.12,11.26,11.07,11.15,10.1339,14872400
"2025-01-30",11.29,11.42,11.11,11.27,10.243,13074100
"2025-01-31",11.18,11.25,10.92,11,10.1562,21783800
"2025-02-03",10.81,10.85,10.39,10.71,9.8884,19129300
"2025-02-04",10.6,10.75,10.33,10.61,9.7961,15267800
"2025-02-05",10.63,10.73,10.41,10.48,9.6761,14480200
"2025-02-06",10.54,10.91,10.49,10.82,9.99,11712800
"2025-02-07",10.81,10.84,10.54,10.57,9.7592,9380100
"2025-02-10",10.6,10.84,10.52,10.75,9.9254,10232700
"2025-02-11",10.45,10.5,10,10.23,9.4453,26357200
"2025-02-12",10.09,10.16,10,10.09,9.316,14970500
"2025-02-13",10.15,10.2,9.9,10.14,9.3622,13016500
"2025-02-14",10.16,10.26,9.91,9.93,9.1683,18458200
"2025-02-18",9.98,10.33,9.88,10.29,9.5006,16920900
"2025-02-19",10.28,10.43,10.25,10.4,9.6022,10035800
"2025-02-20",10.46,10.83,10.42,10.67,9.8515,13167600
"2025-02-21",10.78,10.94,10.55,10.59,9.7776,19723000
"2025-02-24",10.57,10.73,10.36,10.72,9.8977,10345900
"2025-02-25",10.72,10.97,10.6,10.86,10.0269,12792000
"2025-02-26",10.95,11.04,10.7,10.92,10.0823,12192600
"2025-02-27",10.97,10.97,10.38,10.38,9.5837,16285600
"2025-02-28",11.05,12,10.75,11.59,10.7009,71508400
"2025-03-03",11.15,11.62,10.98,11.19,10.3316,25025200
"2025-03-04",11.26,11.34,10.74,10.82,9.99,20308000
"2025-03-05",10.8,11.02,10.65,10.96,10.1193,13399300
"2025-03-06",10.86,10.9,10.57,10.87,10.0362,10358800
"2025-03-07",10.88,11.48,10.83,11.25,10.387,20483000
"2025-03-10",11.16,11.92,11.15,11.78,10.8763,20807600
"2025-03-11",11.85,12.08,11.72,11.99,11.0702,16320000
"2025-03-12",11.69,11.9,11.53,11.83,10.9225,11100100
"2025-03-13",11.87,12.43,11.87,12.28,11.338,16779800
"2025-03-14",12.41,12.57,12.07,12.31,11.3657,13828200
"2025-03-17",12.44,13.18,12.27,13.05,12.0489,18247100
"2025-03-18",12.85,13.01,12.69,12.92,11.9289,13361900
"2025-03-19",12.88,13.05,12.8,12.98,11.9843,10427200
"2025-03-20",13,13.24,12.91,13.16,12.1505,10160200
"2025-03-21",13.11,13.17,12.75,13.05,12.0489,23655300
"2025-03-24",12.96,13.07,12.75,12.88,11.892,10513700
"2025-03-25",12.9,12.92,12.48,12.66,11.6888,11417600
"2025-03-26",12.68,12.81,12.42,12.49,11.5319,10499700
"2025-03-27",12.49,12.63,12.36,12.43,11.4765,6917000
"2025-03-28",12.52,12.73,12.4,12.41,11.458,11105600
"2025-03-31",12.19,12.53,12.03,12.42,11.4673,10863300
"2025-04-01",12.57,12.57,12.24,12.37,11.4211,7998200
"2025-04-02",12.35,12.52,12.27,12.48,11.5226,9354400
"2025-04-03",12,12.28,11.86,11.9,10.9871,19800900
"2025-04-04",11.45,11.45,10.52,10.78,9.9531,19561200
"2025-04-07",10.51,11.01,10.14,10.69,9.87,17012000
"2025-04-08",10.93,11,10.15,10.23,9.4453,16248600
"2025-04-09",10.09,11.23,9.91,11.14,10.2854,19457000
"2025-04-10",10.6,10.73,10.05,10.3,9.5099,17437700
"2025-04-11",10.33,10.39,9.99,10.3,9.5099,12487100
"2025-04-14",10.47,10.65,10.31,10.48,9.6761,13416200
"2025-04-15",10.46,10.67,10.21,10.27,9.4822,12446000
"2025-04-16",10.22,10.33,9.86,9.96,9.196,15587000
"2025-04-17",10.02,10.26,9.95,10.18,9.3991,10475700
"2025-04-21",10.06,10.2,9.57,9.8,9.0482,13719100
"2025-04-22",9.93,10.06,9.8,9.98,9.2144,9778600
"2025-04-23",10.28,10.46,10.05,10.12,9.3437,10423400
"2025-04-24",10.22,10.32,10.06,10.12,9.3437,13945100
"2025-04-25",10.08,10.12,9.91,10.05,9.2791,13192100
"2025-04-28",10.09,10.26,10.06,10.19,9.4083,13953800
"2025-04-29",10.16,10.47,10.14,10.37,9.5745,13877400
"2025-04-30",10.3,10.3,9.92,10,9.2329,18034800
"2025-05-01",9.9,10.26,9.9,9.95,9.3513,17623700
"2025-05-02",10.1,10.39,9.91,10.18,9.5675,17920100
"2025-05-05",10.22,10.28,9.96,10.26,9.6427,16502400
"2025-05-06",10.23,10.6,10.2,10.44,9.8118,12178400
"2025-05-07",10.26,10.49,10.19,10.3,9.6803,10993400
"2025-05-08",10.39,10.94,10.28,10.82,10.169,14049100
"2025-05-09",10.92,11.25,10.79,11.12,10.4509,14690100
"2025-05-12",11.51,11.9,11.37,11.87,11.1558,24137700
"2025-05-13",11.95,12.64,11.95,12.55,11.7949,23720200
"2025-05-14",12.46,12.55,12.29,12.52,11.7667,23330800
"2025-05-15",12.42,12.67,12.32,12.4,11.6539,14632400
"2025-05-16",12.51,12.51,12.14,12.21,11.4753,13460500
"2025-05-19",12.02,12.06,11.36,11.71,11.0054,19366800
"2025-05-20",11.28,11.51,11.16,11.24,10.5637,25909700
"2025-05-21",11.26,11.26,10.12,10.13,9.5205,44831900
"2025-05-22",9.85,9.89,9.46,9.63,9.0506,40712700
"2025-05-23",9.54,10.07,9.53,9.99,9.3889,22740500
"2025-05-27",10.07,10.11,9.86,10.07,9.4641,13960900
"2025-05-28",10,10.05,9.58,9.7,9.1164,17583000
"2025-05-29",9.8,10.09,9.75,10.05,9.4453,11828100
"2025-05-30",10.01,10.21,9.92,10.09,9.4829,11261000
"2025-06-02",10.02,10.28,9.96,10.18,9.5675,12773400
"2025-06-03",10.31,10.35,10.06,10.27,9.6521,10549000
"2025-06-04",10.33,10.33,10.09,10.17,9.5581,9996900
"2025-06-05",10.22,10.62,10.04,10.51,9.8776,16978500
"2025-06-06",10.61,10.95,10.52,10.89,10.2348,17205200
"2025-06-09",10.99,11.08,10.67,10.88,10.2254,11537500
"2025-06-10",11.07,11.4,10.91,11.29,10.6107,18812700
"2025-06-11",11.43,11.52,11.3,11.48,10.7893,11586100
"2025-06-12",11.48,11.77,11.46,11.54,10.8456,18362600
"2025-06-13",11.4,11.52,11.08,11.44,10.7517,16793900
"2025-06-16",11.53,11.73,11.3,11.46,10.7705,11948600
"2025-06-17",11.44,11.44,10.4,10.53,9.8964,28143100
"2025-06-18",10.5,10.81,10.45,10.52,9.887,18232800
"2025-06-20",10.6,10.7,10.4,10.41,9.7836,18140300
"2025-06-23",10.43,10.49,10.07,10.15,9.5393,13611700
"2025-06-24",10.2,10.49,10.16,10.47,9.84,17165100
"2025-06-25",10.43,10.66,10.36,10.5,9.8682,9776000
"2025-06-26",10.58,10.92,10.54,10.81,10.1596,11127100
"2025-06-27",10.85,10.89,10.61,10.72,10.075,13078300
"2025-06-30",10.2,10.58,10.02,10.52,9.887,24219300
"2025-07-01",10.55,11.06,10.36,10.77,10.122,27268100
"2025-07-02",10.85,11.42,10.79,11.13,10.4603,20482100
"2025-07-03",11.36,11.63,11.28,11.52,10.8268,13837900
"2025-07-07",11.4,11.65,11.32,11.52,10.8268,11717000
"2025-07-08",11.13,11.28,10.98,11.07,10.4039,19675200
"2025-07-09",12.76,13.34,12.5,13.26,12.4622,70142200
"2025-07-10",13.09,13.11,12.36,12.41,11.6633,35389100
"2025-07-11",12.27,12.75,12.15,12.59,11.8325,20994400
"2025-07-14",12.56,12.81,12.42,12.58,11.8231,15830000
"2025-07-15",12.77,13.21,12.66,13.14,12.3494,20842500
"2025-07-16",13.28,13.45,12.78,13.02,12.2366,12922400
"2025-07-17",13.14,13.38,13.08,13.19,12.3964,12464500
"2025-07-18",13.25,13.43,13.2,13.37,12.5655,9223800
"2025-07-21",13.51,13.88,13.4,13.69,12.8663,18075400
"2025-07-22",13.78,13.9,13.6,13.81,12.9791,10987900
"2025-07-23",13.91,14,13.67,13.94,13.1012,9254400
"2025-07-24",13.9,13.93,13.55,13.8,12.9697,8090800
"2025-07-25",13.82,13.88,13.67,13.8,12.9697,7837600
"2025-07-28",13.81,13.85,13.44,13.51,12.6971,10307000
"2025-07-29",13.49,13.59,13.23,13.43,12.6219,11333500
"2025-07-30",13.38,13.4,12.92,13.08,12.293,9419600
"2025-07-31",13.1,13.24,12.97,13.15,12.3588,15200000
"2025-08-01",13.16,13.76,13,13.23,12.6026,19650900
"2025-08-04",13.34,13.56,13.17,13.43,12.7931,9850700
"2025-08-05",13.47,13.48,12.67,12.73,12.1263,9892100
"2025-08-06",12.77,13.11,12.69,12.84,12.2311,8651300
"2025-08-07",13.1,13.25,12.82,12.85,12.2407,6860200
"2025-08-08",12.86,13.13,12.8,13.12,12.4978,6522000
"2025-08-11",13.15,13.28,12.71,12.8,12.193,6236900
"2025-08-12",12.87,13.06,12.76,12.91,12.2978,5914900
"2025-08-13",12.93,13.28,12.84,13.05,12.4312,6164500
"2025-08-14",12.83,13.03,12.63,12.94,12.3264,5770600
"2025-08-15",12.98,13.54,12.81,13.31,12.6788,13878400
"2025-08-18",13.35,13.5,13.29,13.36,12.7265,9581000
"2025-08-19",13.42,13.58,13.27,13.3,12.6693,12492300
"2025-08-20",13.36,13.45,13.01,13.2,12.5741,6568600
"2025-08-21",13.16,13.19,12.89,12.97,12.355,6464600
"2025-08-22",13.07,13.52,13.03,13.49,12.8503,6481500
"2025-08-25",13.41,13.62,13.31,13.49,12.8503,6339600
"2025-08-26",13.49,13.54,13.34,13.34,12.7074,6535900
"2025-08-27",13.29,13.48,13.22,13.36,12.7265,7315000
"2025-08-28",13.44,13.56,13.3,13.48,12.8408,7638700
"2025-08-29",13.46,13.66,13.43,13.54,12.8979,8383900
"2025-09-02",13.35,13.42,13.16,13.41,12.7741,7490700
"2025-09-03",13.35,13.44,13.19,13.23,12.6026,6474600
"2025-09-04",13.32,13.32,12.34,12.81,12.2025,14742500
"2025-09-05",12.88,13.1,12.67,12.93,12.3169,12318500
"2025-09-08",12.99,12.99,12.63,12.72,12.1168,7808200
"2025-09-09",12.76,12.81,12.56,12.72,12.1168,6095100
"2025-09-10",12.76,12.88,12.65,12.73,12.1263,8260800
"2025-09-11",12.8,12.99,12.78,12.85,12.2407,10472000
"2025-09-12",12.8,13.01,12.7,12.88,12.2692,12349600
"2025-09-15",12.93,13.2,12.87,13.03,12.4121,14860600
"2025-09-16",13.01,13.04,12.69,12.7,12.0978,8826000
"2025-09-17",12.72,12.85,12.33,12.51,11.9168,12631800
"2025-09-18",12.61,12.98,12.52,12.95,12.3359,7340100
"2025-09-19",13.03,13.09,12.75,13.05,12.4312,13127500
"2025-09-22",13.08,13.18,12.9,13.13,12.5074,6105000
"2025-09-23",13.19,13.5,13.12,13.14,12.5169,7183300
"2025-09-24",13.16,13.45,13.07,13.36,12.7265,10851800
"2025-09-25",13.32,13.36,12.97,13.03,12.4121,7644900
"2025-09-26",13.11,13.42,13.11,13.24,12.6122,5898400
"2025-09-29",13.3,13.37,13.1,13.16,12.5359,9288700
"2025-09-30",13.12,13.27,12.97,13.16,12.5359,6187500
"2025-10-01",14.92,15.51,14.74,15.37,14.6412,58988500
"2025-10-02",15.33,15.33,14.12,14.29,13.6124,29422700
"2025-10-03",14.5,14.64,14.25,14.58,13.8886,14296000
"2025-10-06",14.6,14.68,14.16,14.27,13.5933,14574500
"2025-10-07",14.27,14.58,14.25,14.4,13.7171,10747400
"2025-10-08",14.51,14.85,14.32,14.73,14.0315,13480200
"2025-10-09",14.8,14.89,14.52,14.57,13.8791,8210800
"2025-10-10",14.65,14.77,14.05,14.07,13.4028,9074500
"2025-10-13",14.44,14.64,14.24,14.44,13.7553,11563700
"2025-10-14",14.3,14.53,14.26,14.39,13.7076,7653000
"2025-10-15",14.69,15,14.62,14.75,14.0506,11038300
"2025-10-16",14.86,15,14.7,14.82,14.1172,6478000
"2025-10-17",14.69,14.71,14.46,14.58,13.8886,8815100
"2025-10-20",14.7,14.79,14.37,14.4,13.7171,6856300
"2025-10-21",14.48,14.5,14.19,14.32,13.6409,4900900
"2025-10-22",14.35,14.43,13.98,14.29,13.6124,9979700
"2025-10-23",14.43,14.45,14.13,14.2,13.5266,5771900
"2025-10-24",14.49,14.73,14.37,14.55,13.86,7043600
"2025-10-27",14.61,14.66,14.39,14.49,13.8029,7837400
"2025-10-28",14.52,14.57,14.23,14.46,13.7743,6781600
"2025-10-29",14.55,14.57,14.28,14.37,13.6886,5900100
"2025-10-30",14.28,14.4,13.99,14.02,13.3552,7956700
"2025-10-31",13.77,13.96,13.55,13.87,13.3802,14090300
"2025-11-03",13.89,13.89,13.44,13.62,13.1391,9559400
"2025-11-04",13.28,13.74,13.21,13.44,12.9654,10859400
"2025-11-05",13.48,14.43,13.37,14.22,13.7179,15497800
"2025-11-06",14.35,14.6,13.92,14.19,13.689,11561800
"2025-11-07",14,14.15,13.72,14.13,13.6311,12468900
"2025-11-10",14.33,14.34,13.89,14.21,13.7082,6632800
"2025-11-11",14.35,14.37,14.02,14.27,13.7661,7805000
"2025-11-12",14.27,14.27,13.96,14.07,13.5732,7859200
"2025-11-13",14.01,14.14,13.62,13.67,13.1873,9732800
"2025-11-14",13.48,14.03,13.36,13.82,13.332,7612600
"2025-11-17",13.84,14.18,13.8,13.92,13.4285,7689500
"2025-11-18",14.05,14.14,13.61,13.72,13.2355,7941600
"2025-11-19",13.8,13.99,13.69,13.77,13.2838,9155100
"2025-11-20",13.99,14.11,13.45,13.51,13.033,10222500
"2025-11-21",13.52,13.76,13.28,13.75,13.2645,9306300
"2025-11-24",13.79,13.99,13.72,13.88,13.3899,5428400
"2025-11-25",13.94,14.03,13.77,13.81,13.3224,4853900
"2025-11-26",13.86,14.02,13.83,13.91,13.4188,4373200
"2025-11-28",13.97,14.08,13.91,14.06,13.5635,2200700
"2025-12-01",13.99,14.06,13.85,13.99,13.496,7534600
"2025-12-02",14.06,14.14,13.94,13.96,13.4671,4755400
"2025-12-03",14.02,14.11,13.7,13.71,13.2259,8534500
"2025-12-04",13.7,14.04,13.7,13.93,13.4381,10009200
"2025-12-05",14.09,14.17,13.9,13.92,13.4285,5815800
"2025-12-08",13.97,14.11,13.82,13.86,13.3706,4816400
"2025-12-09",13.92,14.2,13.89,13.96,13.4671,7054000
"2025-12-10",13.99,14.1,13.75,13.8,13.3127,11788000
"2025-12-11",13.8,14.12,13.66,14,13.5057,7595500
"2025-12-12",14.08,14.12,13.76,13.83,13.3417,7114500
"2025-12-15",13.82,13.9,13.65,13.86,13.3706,7835200
"2025-12-16",13.85,13.85,13.52,13.62,13.1391,5183500
"2025-12-17",13.67,13.76,13.36,13.48,13.004,6537200
"2025-12-18",13.6,13.75,13.54,13.68,13.197,6758200
"2025-12-19",13.72,13.89,13.5,13.53,13.0523,11204100
"2025-12-22",13.58,13.88,13.52,13.86,13.3706,7903900
"2025-12-23",13.92,14.02,13.81,13.9,13.4092,4812100
"2025-12-24",13.87,13.99,13.82,13.96,13.4671,2488300
"2025-12-26",14.01,14.08,13.92,14.07,13.5732,3090600
"2025-12-29",14.06,14.2,14.01,14.13,13.6311,5289300
"2025-12-30",14.19,14.56,14.1,14.5,13.988,8104100
"2025-12-31",14.53,14.56,14.32,14.34,13.8337,5820800
"2026-01-02",14.51,14.87,14.38,14.82,14.2967,7290500
"2026-01-05",14.97,15.02,14.46,14.73,14.2099,7642300
"2026-01-06",14.77,14.99,14.69,14.9,14.3739,6892900
"2026-01-07",14.85,14.92,14.43,14.45,13.9398,7656500
"2026-01-08",14.4,14.56,14.2,14.22,13.7179,7339400
"2026-01-09",14.33,14.73,14.29,14.32,13.8144,7743800
"2026-01-12",14.25,14.25,13.9,14.04,13.5442,8247800
"2026-01-13",14.05,14.16,13.91,13.97,13.4767,8807100
"2026-01-14",13.9,14.2,13.89,14,13.5057,9524200
"2026-01-15",14.08,14.62,14.03,14.44,13.9301,14606000
"2026-01-16",14.32,14.8,14.14,14.19,13.689,10519600
"2026-01-20",13.95,14.02,13.63,13.77,13.2838,14383000
"2026-01-21",14.04,14.41,13.99,14.24,13.7372,10919100
"2026-01-22",14.42,14.66,14.13,14.61,14.0941,8078500
"2026-01-23",14.57,14.62,14.15,14.25,13.7468,6835800
"2026-01-26",14.3,14.88,14.27,14.62,14.1038,8526100
"2026-01-27",14.74,14.99,14.52,14.92,14.3932,6171500
"2026-01-28",14.99,15.28,14.85,15.19,14.6536,10909900
"2026-01-29",15.2,15.35,14.61,15.04,14.5089,10778100
"2026-01-30",14.83,14.93,14.49,14.65,14.3,12058200
"2026-02-02",14.57,14.88,14.53,14.73,14.3781,10207500
"2026-02-03",15.73,16.19,15.45,16.09,15.7057,24686500
"2026-02-04",15.88,15.95,15.54,15.75,15.3738,11717600
"2026-02-05",15.51,15.76,15.35,15.59,15.2176,9630000
"2026-02-06",15.92,16.15,15.71,16.05,15.6666,6637600
"2026-02-09",15.98,16.27,15.85,16.06,15.6764,7516200
"2026-02-10",16.09,16.35,15.81,16.25,15.8618,8666200
"2026-02-11",16.42,16.59,16.27,16.44,16.0473,8033300
"2026-02-12",16.42,16.78,16.13,16.2,15.813,11018000
"2026-02-13",16.04,16.6,15.98,16.28,15.8911,10151700
"2026-02-17",16.29,16.5,16.16,16.39,15.9985,8085600
"2026-02-18",16.42,16.48,16.22,16.29,15.9009,6417300
"2026-02-19",16.24,16.39,16.17,16.36,15.9692,4505400
"2026-02-20",16.25,16.55,16.06,16.51,16.1156,12358900
"2026-02-23",16.36,16.49,16.04,16.26,15.8716,8357600
"2026-02-24",16.33,16.46,16.13,16.27,15.8814,10082100
"2026-02-25",16.42,16.47,16.26,16.37,15.979,7415000
"2026-02-26",16.37,16.38,15.92,16.25,15.8618,9300900
"2026-02-27",17.06,17.65,16.9,17.28,16.8672,26333000
"2026-03-02",14.35,14.35,14.19,14.21,13.8706,80209600
"2026-03-03",14.19,14.26,14.11,14.18,13.8413,49900000
"2026-03-04",14.18,14.3,14.16,14.29,13.9486,21344300
"2026-03-05",14.23,14.32,14.22,14.22,13.8803,22575600
"2026-03-06",14.22,14.25,14.15,14.15,13.812,16551600
"2026-03-09",14.15,14.23,14.12,14.19,13.851,14669200
"2026-03-10",14.19,14.28,14.17,14.21,13.8706,12121800
"2026-03-11",14.23,14.25,14.21,14.23,13.8901,11230000
"2026-03-12",14.23,14.26,14.22,14.22,13.8803,8685500
"2026-03-13",14.26,14.26,14.19,14.19,13.851,12086200
"2026-03-16",14.25,14.25,14.16,14.2,13.8608,13970600
"2026-03-17",14.2,14.23,14.19,14.2,13.8608,13134500
"2026-03-18",14.2,14.22,14.18,14.18,13.8413,16737500
"2026-03-19",14.17,14.18,14.12,14.15,13.812,15320500
"2026-03-20",14.15,14.17,14.07,14.1,13.7632,22339600
"2026-03-23",14.1,14.16,14.08,14.08,13.7437,11124500
"2026-03-24",14.08,14.15,14.06,14.13,13.7925,15316900
"2026-03-25",14.13,14.14,14.06,14.06,13.7241,13746100
"2026-03-26",14.04,14.08,14.01,14.01,13.6753,18815800
"2026-03-27",14.03,14.11,14,14,13.6656,20270100
"2026-03-30",14.09,14.11,13.99,14.02,13.6851,10392300
"2026-03-31",14.06,14.13,14.04,14.09,13.7534,8452300
"2026-04-01",14.07,14.23,14.07,14.2,13.8608,10275900
"2026-04-02",14.19,14.31,14.17,14.3,13.9584,7484900
"2026-04-06",14.27,14.33,14.24,14.33,13.9877,7303800
"2026-04-07",14.27,14.43,14.26,14.43,14.0853,7104400
"2026-04-08",14.4,14.46,14.35,14.4,14.056,6534400
"2026-04-09",14.38,14.45,14.37,14.41,14.0658,10314700
"2026-04-10",14.41,14.44,14.37,14.39,14.0463,6078500
"2026-04-13",14.38,14.4,14.35,14.4,14.056,7221500
"2026-04-14",14.38,14.44,14.36,14.4,14.056,7555900
"2026-04-15",14.4,14.46,14.4,14.45,14.1048,8840500
"2026-04-16",14.45,14.52,14.45,14.5,14.1536,9216500
"2026-04-17",14.51,14.51,14.46,14.47,14.1243,9376900
"2026-04-20",14.46,14.49,14.45,14.48,14.1341,5376700
"2026-04-21",14.5,14.52,14.44,14.44,14.0951,8402300
"2026-04-22",14.5,14.51,14.45,14.45,14.1048,7434100
"2026-04-23",14.5,14.51,14.45,14.5,14.1536,9849900
"2026-04-24",14.49,14.51,14.47,14.49,14.1439,18137800
"2026-04-27",14.5,14.52,14.47,14.49,14.1439,6971800
"2026-04-28",14.48,14.5,14.46,14.48,14.1341,12721900
"2026-04-29",14.47,14.48,14.43,14.45,14.1048,19334300
"2026-04-30",14.49,14.49,14.45,14.45,14.1048,8588100
"2026-05-01",14.32,14.35,14.26,14.28,14.1108,19430100
"2026-05-04",14.27,14.3,14.26,14.28,14.1108,5980200
"2026-05-05",14.29,14.37,14.29,14.37,14.1997,8245400
"2026-05-06",14.43,14.45,14.3,14.34,14.17,14268100
"2026-05-07",14.34,14.37,14.24,14.29,14.1206,24319400
"2026-05-08",14.38,14.38,14.25,14.33,14.1602,11247900
"2026-05-11",14.36,14.38,14.3,14.35,14.1799,23288300
"2026-05-12",14.35,14.45,14.33,14.42,14.2491,9436800
"2026-05-13",14.43,14.45,14.41,14.43,14.259,11676900
"2026-05-14",14.44,14.47,14.42,14.46,14.2886,9125700
"2026-05-15",14.43,14.49,14.42,14.47,14.2985,9629200
"2026-05-18",14.48,14.56,14.46,14.53,14.3578,13522400
"2026-05-19",14.51,14.58,14.51,14.57,14.3973,6357000
"2026-05-20",14.57,14.73,14.57,14.73,14.5554,14813600
"2026-05-21",14.68,14.7,14.64,14.69,14.5159,13611800
"2026-05-22",14.73,14.74,14.65,14.68,14.506,8781100
"2026-05-26",14.7,14.72,14.66,14.67,14.4961,5989900
"2026-05-27",14.67,14.69,14.67,14.68,14.506,8298400
"2026-05-28",14.71,14.71,14.67,14.69,14.5159,5621200
"2026-05-29",14.7,14.7,14.67,14.67,14.4961,8421900
"2026-06-01",14.69,14.74,14.66,14.7,14.5258,10223300
"2026-06-02",14.69,14.72,14.68,14.68,14.506,9525300
"2026-06-03",14.69,14.72,14.69,14.71,14.5357,11298500
"2026-06-04",14.7,14.74,14.7,14.73,14.5554,5942100
"2026-06-05",14.72,14.73,14.67,14.67,14.4961,5353400
"2026-06-08",14.71,14.72,14.64,14.71,14.5357,13781500
"2026-06-09",14.7,14.72,14.62,14.66,14.4863,11579500
"2026-06-10",14.65,14.68,14.63,14.63,14.4566,9308900
"2026-06-11",14.65,14.69,14.65,14.67,14.4961,6715300
"2026-06-12",14.68,14.71,14.66,14.68,14.506,5948400
"2026-06-15",14.68,14.7,14.65,14.68,14.506,5581400
"2026-06-16",14.66,14.68,14.63,14.64,14.4665,5226100
"2026-06-17",14.63,14.68,14.57,14.61,14.4368,8644600
"2026-06-18",14.62,14.65,14.61,14.62,14.4467,10322300
"2026-06-22",14.63,14.66,14.62,14.65,14.4764,4200200
"2026-06-23",14.63,14.7,14.63,14.7,14.5258,8684400
"2026-06-24",14.67,14.7,14.67,14.68,14.506,5960900
"2026-06-25",14.69,14.71,14.62,14.66,14.4863,8216700
"2026-06-26",14.65,14.68,14.63,14.67,14.4961,8585700
"2026-06-29",14.65,14.66,14.61,14.63,14.4566,7459000
"2026-06-30",14.62,14.67,14.62,14.66,14.4863,6036500
"2026-07-01",14.64,14.69,14.63,14.64,14.4665,8637300
"2026-07-02",14.68,14.68,14.55,14.58,14.4072,15086300
"2026-07-06",14.64,14.64,14.53,14.57,14.3973,8785500
"2026-07-07",14.59,14.64,14.58,14.62,14.4467,7934100
"2026-07-08",14.62,14.68,14.61,14.64,14.4665,9094600
"2026-07-09",14.65,14.82,14.62,14.73,14.5554,26447700
"2026-07-10",14.78,14.79,14.76,14.78,14.6048,5233000
"2026-07-13",14.79,14.8,14.76,14.76,14.5851,8231500
"2026-07-14",14.79,14.8,14.78,14.8,14.6246,5561500
"2026-07-15",14.82,14.83,14.78,14.81,14.6345,8620300
"2026-07-16",14.8,14.82,14.77,14.8,14.6246,8952100
"2026-07-17",14.8,14.82,14.77,14.77,14.5949,6652000
"2026-07-20",14.8,14.83,14.77,14.8,14.6246,6242300
"2026-07-21",14.81,14.84,14.8,14.82,14.6444,5762200
"2026-07-22",14.83,14.87,14.82,14.86,14.6839,5818200
"2026-07-23",14.86,14.88,14.82,14.83,14.6542,5008500
"2026-07-24",14.85,14.85,14.81,14.84,14.6641,6997900
"2026-07-27",14.83,14.85,14.83,14.83,14.6542,4319800
"2026-07-28",14.84,14.85,14.83,14.83,14.6542,6503500
"2026-07-29",14.85,14.85,14.82,14.82,14.6444,4746900
"2026-07-30",14.85,14.85,14.77,14.85,14.674,8417500
"2026-07-31",14.7,14.72,14.65,14.68,14.68,10358300
"2026-08-03",14.67,14.72,14.67,14.71,14.71,7474500
"2026-08-04",14.71,14.72,14.67,14.68,14.68,7275900
"2026-08-05",14.68,14.71,14.68,14.7,14.7,7966100
"2026-08-06",14.7,14.77,14.68,14.7,14.7,8066800
"2026-08-07",14.72,14.73,14.69,14.73,14.73,6795800
"2026-08-10",14.72,14.75,14.69,14.73,14.73,12456300
"2026-08-11",14.72,14.73,14.7,14.7,14.7,3722000
"2026-08-12",14.71,14.74,14.71,14.71,14.71,4491500
"2026-08-13",14.74,14.75,14.71,14.73,14.73,2994700
"2026-08-14",14.74,14.75,14.72,14.73,14.73,3478000
"2026-08-17",14.74,14.77,14.72,14.76,14.76,6711500
"2026-08-18",14.76,14.79,14.74,14.74,14.74,4297200
"2026-08-19",14.79,14.79,14.7,14.7,14.7,6820600
"2026-08-20",14.73,14.78,14.7,14.77,14.77,7883900
"2026-08-21",14.76,14.78,14.75,14.77,14.77,10768600
"2026-08-24",14.75,14.77,14.74,14.75,14.75,13358900
"2026-08-25",14.75,14.76,14.72,14.73,14.73,5957400
"2026-08-26",14.73,14.74,14.72,14.73,14.73,10823400
"2026-08-27",14.72,14.75,14.71,14.75,14.75,7230700
"2026-08-28",14.73,14.75,14.71,14.73,14.73,5672800
"2026-08-31",14.72,14.76,14.71,14.74,14.74,9091000
"2026-09-01",14.75,14.8,14.74,14.77,14.77,5605300
"2026-09-02",14.75,14.82,14.75,14.8,14.8,9768500
"2026-09-03",14.82,14.85,14.78,14.78,14.78,9147100
"2026-09-04",14.79,14.81,14.78,14.79,14.79,4341100
"2026-09-08",14.79,14.83,14.79,14.83,14.83,4331800
"2026-09-09",14.82,14.83,14.8,14.82,14.82,6737300
"2026-09-10",14.81,14.85,14.8,14.8,14.8,9452900
"2026-09-11",14.81,14.83,14.78,14.79,14.79,7454400
"2026-09-14",14.8,14.83,14.8,14.8,14.8,4829800
"2026-09-15",14.83,14.83,14.8,14.8,14.8,9915000
"2026-09-16",14.82,14.84,14.8,14.81,14.81,8108900
"2026-09-17",14.84,14.88,14.82,14.85,14.85,7222000
"2026-09-18",14.87,14.87,14.83,14.83,14.83,9540300
"2026-09-21",14.84,14.84,14.81,14.83,14.83,4790500
"2026-09-22",14.82,14.86,14.82,14.82,14.82,14077500
"2026-09-23",14.82,14.84,14.8,14.81,14.81,10759000
"2026-09-24",14.81,14.87,14.81,14.85,14.85,6161100
"2026-09-25",14.88,14.89,14.85,14.87,14.87,5157800
