date,open,high,low,close,adjclose,volume
"2016-09-26",12.2,12.26,11.99,12.01,7.9044,17728600
"2016-09-27",11.96,12.18,11.89,12.15,7.9966,13497300
"2016-09-28",12.18,12.25,12.05,12.24,8.0558,11451500
"2016-09-29",12.2,12.37,11.97,12.05,7.9308,13195700
"2016-09-30",12.12,12.22,12,12.17,8.0097,22705300
"2016-10-03",12.11,12.22,12.06,12.15,7.9966,11002200
"2016-10-04",12.21,12.57,12.18,12.41,8.1677,15709500
"2016-10-05",12.47,12.79,12.47,12.76,8.3981,15362300
"2016-10-06",12.78,12.85,12.68,12.73,8.3783,10160000
"2016-10-07",12.71,12.82,12.56,12.68,8.3454,10867800
"2016-10-10",12.82,12.9,12.78,12.8,8.4244,10389600
"2016-10-11",12.78,12.84,12.63,12.74,8.3849,15710900
"2016-10-12",12.75,12.79,12.65,12.7,8.3586,18754000
"2016-10-13",12.55,12.57,12.2,12.31,8.1019,14401500
"2016-10-14",12.53,12.62,12.42,12.52,8.2401,14724300
"2016-10-17",12.54,12.57,12.33,12.35,8.1282,9379600
"2016-10-18",12.54,12.65,12.36,12.63,8.3125,18228800
"2016-10-19",12.7,12.98,12.67,12.92,8.5034,15884400
"2016-10-20",12.92,13.15,12.88,13.02,8.5692,19806800
"2016-10-21",12.91,13.06,12.84,13.04,8.5823,10194600
"2016-10-24",13.1,13.25,13.09,13.1,8.6218,12880800
"2016-10-25",13.31,13.89,13.2,13.87,9.1286,36703600
"2016-10-26",13.87,14.27,13.85,14.18,9.3326,24081100
"2016-10-27",14.27,14.38,14.16,14.27,9.3919,15352400
"2016-10-28",14.29,14.33,14,14.07,9.2602,18812700
"2016-10-31",14.15,14.24,14.07,14.12,9.2932,11500500
"2016-11-01",14.21,14.28,13.95,14.14,9.3063,15735600
"2016-11-02",14.1,14.1,13.83,13.95,9.1813,13887300
"2016-11-03",13.95,14.19,13.94,13.96,9.1878,14461800
"2016-11-04",13.98,14.17,13.85,14.05,9.2471,13876200
"2016-11-07",14.34,14.58,14.34,14.54,9.5696,17217900
"2016-11-08",14.43,14.51,14.17,14.41,9.484,17263300
"2016-11-09",14.66,15.31,14.56,15.23,10.0237,33340000
"2016-11-10",15.5,16.04,15.28,15.79,10.3923,28197300
"2016-11-11",15.72,16.35,15.62,16.33,10.7477,32090800
"2016-11-14",16.6,17.07,16.46,16.79,11.0504,32390500
"2016-11-15",16.63,17.12,16.33,17.09,11.2479,26637700
"2016-11-16",16.67,16.97,16.54,16.73,11.0109,23338600
"2016-11-17",16.78,17.01,16.72,17,11.1886,25404400
"2016-11-18",17.05,17.1,16.92,17.01,11.1952,16480700
"2016-11-21",17.15,17.29,16.97,17.18,11.3071,16731400
"2016-11-22",17.27,17.31,17.07,17.18,11.3071,13703900
"2016-11-23",17.33,17.57,17.28,17.52,11.5309,16881200
"2016-11-25",17.41,17.44,17.2,17.33,11.4614,6134500
"2016-11-28",17.21,17.3,16.94,17,11.2432,12059900
"2016-11-29",17.03,17.22,16.96,17.01,11.2498,10081900
"2016-11-30",17.42,17.59,17.2,17.31,11.4482,18361300
"2016-12-01",17.42,17.87,17.42,17.86,11.812,15567100
"2016-12-02",17.88,17.99,17.58,17.9,11.8384,17003700
"2016-12-05",17.89,18.01,17.62,17.7,11.7061,19851800
"2016-12-06",17.7,17.98,17.59,17.95,11.8715,12578900
"2016-12-07",17.97,18.3,17.85,18.25,12.0699,14123900
"2016-12-08",18.4,18.61,18.17,18.37,12.1493,14593400
"2016-12-09",18.54,18.54,18.19,18.46,12.2088,11221700
"2016-12-12",18.37,18.47,18.05,18.2,12.0368,14298500
"2016-12-13",18.28,18.44,17.85,18.08,11.9575,17939900
"2016-12-14",17.92,18.55,17.72,18.14,11.9971,20833600
"2016-12-15",18.21,18.49,18.02,18.37,12.1493,14944500
"2016-12-16",18.46,18.49,18.11,18.16,12.0104,24526600
"2016-12-19",18.06,18.22,17.92,18.17,12.017,13964800
"2016-12-20",18.32,18.5,18.27,18.46,12.2088,8635000
"2016-12-21",18.47,18.5,18.32,18.32,12.1162,6923800
"2016-12-22",18.35,18.48,18.24,18.36,12.1426,9142000
"2016-12-23",18.38,18.53,18.26,18.47,12.2154,6766800
"2016-12-27",18.5,18.62,18.47,18.54,12.2617,4867700
"2016-12-28",18.54,18.55,18.23,18.26,12.0765,7066500
"2016-12-29",18.27,18.29,17.97,18.11,11.9773,10072700
"2016-12-30",18.17,18.43,18.07,18.27,12.0831,10246000
"2017-01-03",18.51,18.66,18.16,18.26,12.0765,13641800
"2017-01-04",18.35,18.62,18.35,18.51,12.2418,9966400
"2017-01-05",18.46,18.59,18.15,18.28,12.0897,13709200
"2017-01-06",18.4,18.5,18.29,18.32,12.1162,9897900
"2017-01-09",18.24,18.35,18.02,18.26,12.0765,9481300
"2017-01-10",18.31,18.6,18.17,18.48,12.222,9456500
"2017-01-11",18.42,18.59,18.22,18.59,12.2948,10540900
"2017-01-12",18.49,18.53,18.11,18.29,12.0963,11324400
"2017-01-13",18.38,18.77,18.38,18.58,12.2881,10607500
"2017-01-17",18.4,18.4,17.69,17.71,11.7128,25013300
"2017-01-18",17.84,18.14,17.61,18.13,11.9905,20128300
"2017-01-19",18.16,18.21,17.65,17.84,11.7987,18762900
"2017-01-20",17.86,18.04,17.75,17.86,11.812,12979800
"2017-01-23",17.86,17.92,17.61,17.69,11.6995,10614000
"2017-01-24",17.76,18.08,17.68,18.05,11.9376,15465400
"2017-01-25",18.33,18.43,18.14,18.4,12.1691,9305500
"2017-01-26",18.43,18.57,18.33,18.45,12.2022,10799700
"2017-01-27",18.4,18.45,18.27,18.3,12.103,6536900
"2017-01-30",18.18,18.18,17.79,18.07,11.9508,10050400
"2017-01-31",18.07,18.21,17.81,17.97,11.8847,8012800
"2017-02-01",18.19,18.33,17.96,18.04,11.931,10218200
"2017-02-02",17.88,17.88,17.67,17.84,11.7987,12656400
"2017-02-03",18.11,18.44,17.93,18.37,12.1493,11745300
"2017-02-06",18.24,18.43,18.2,18.27,12.0831,9110300
"2017-02-07",18.38,18.41,18.03,18.09,11.9641,7904300
"2017-02-08",17.93,17.94,17.58,17.83,11.7921,11923000
"2017-02-09",17.99,18.18,17.85,18.14,11.9971,11387200
"2017-02-10",18.22,18.32,18.12,18.26,12.0765,8965600
"2017-02-13",18.39,18.64,18.35,18.46,12.2088,10405900
"2017-02-14",18.48,18.93,18.44,18.87,12.4799,9949400
"2017-02-15",19.12,19.21,18.88,19.1,12.6321,14833700
"2017-02-16",19.1,19.11,18.85,18.99,12.5593,7250200
"2017-02-17",18.8,19,18.65,18.96,12.5395,8007200
"2017-02-21",19.1,19.17,18.95,19.06,12.6056,7715300
"2017-02-22",18.91,19.02,18.82,18.93,12.5196,8672400
"2017-02-23",18.94,19.07,18.7,19.06,12.6056,10621800
"2017-02-24",18.76,18.88,18.56,18.74,12.4495,16457100
"2017-02-27",18.78,18.89,18.73,18.84,12.5159,6799400
"2017-02-28",18.72,18.83,18.67,18.77,12.4694,8761400
"2017-03-01",19.1,19.53,19.1,19.36,12.8614,14867000
"2017-03-02",19.47,19.5,18.85,18.88,12.5425,12370800
"2017-03-03",18.94,19.11,18.9,19.07,12.6687,9912700
"2017-03-06",18.94,19.07,18.74,18.99,12.6156,10382400
"2017-03-07",18.99,19.03,18.77,18.79,12.4827,8113000
"2017-03-08",19.05,19.14,18.73,18.79,12.4827,7924600
"2017-03-09",18.83,19.09,18.8,18.84,12.5159,8503200
"2017-03-10",18.97,19.01,18.32,18.58,12.3432,14500100
"2017-03-13",18.6,18.67,18.42,18.53,12.31,8302100
"2017-03-14",18.4,18.47,18.12,18.47,12.2701,9310800
"2017-03-15",18.56,18.75,18.31,18.33,12.1771,15198900
"2017-03-16",18.42,18.6,18.33,18.47,12.2701,9758300
"2017-03-17",18.47,18.55,18.25,18.35,12.1904,18996400
"2017-03-20",18.28,18.39,18.08,18.08,12.011,11919900
"2017-03-21",18.19,18.2,16.85,16.9,11.2271,25665400
"2017-03-22",16.81,17.27,16.55,17.15,11.3932,19036600
"2017-03-23",17.08,17.5,17,17.25,11.4596,10054500
"2017-03-24",17.31,17.4,17.07,17.24,11.453,9196200
"2017-03-27",16.66,17.2,16.54,17.18,11.4131,10813300
"2017-03-28",17.14,17.61,17.13,17.49,11.6191,9128400
"2017-03-29",17.49,17.58,17.34,17.51,11.6324,9244900
"2017-03-30",17.5,18.04,17.49,17.99,11.9512,14973700
"2017-03-31",17.85,17.95,17.76,17.78,11.8117,11159600
"2017-04-03",17.84,17.87,17.45,17.73,11.7785,8265700
"2017-04-04",17.55,17.73,17.5,17.59,11.6855,8678900
"2017-04-05",17.9,17.9,17.19,17.2,11.4264,16060200
"2017-04-06",17.21,17.57,17.1,17.52,11.639,9486500
"2017-04-07",17.36,17.59,17.3,17.44,11.5859,7101100
"2017-04-10",17.4,17.53,17.14,17.31,11.4995,10017300
"2017-04-11",17.21,17.34,17.02,17.33,11.5128,7534300
"2017-04-12",17.31,17.36,17.06,17.17,11.4065,8820300
"2017-04-13",17.07,17.37,16.91,17,11.2936,13661700
"2017-04-17",17.01,17.38,16.95,17.34,11.5194,8082500
"2017-04-18",17.17,17.37,17.02,17.2,11.4264,10552700
"2017-04-19",17.32,17.58,17.23,17.37,11.5394,11069700
"2017-04-20",17.87,18.47,17.81,18.21,12.0974,16549100
"2017-04-21",18.09,18.35,17.91,18.15,12.0575,13161300
"2017-04-24",18.77,18.95,18.52,18.55,12.3233,14744800
"2017-04-25",18.71,18.88,18.6,18.62,12.3698,9324900
"2017-04-26",18.6,18.87,18.56,18.68,12.4096,8655000
"2017-04-27",18.69,18.74,18.32,18.37,12.2037,9381100
"2017-04-28",18.35,18.56,18.22,18.24,12.1173,8575000
"2017-05-01",18.39,18.7,18.26,18.55,12.3233,9209600
"2017-05-02",18.58,18.6,18.31,18.48,12.2768,5467400
"2017-05-03",18.38,18.87,18.35,18.86,12.5292,9104200
"2017-05-04",18.94,19.09,18.79,18.9,12.5558,10109700
"2017-05-05",18.94,18.98,18.72,18.73,12.4428,6969300
"2017-05-08",18.71,18.8,18.63,18.67,12.403,6396500
"2017-05-09",18.68,18.85,18.4,18.47,12.2701,6760700
"2017-05-10",18.37,18.55,18.31,18.5,12.29,6786700
"2017-05-11",18.43,18.49,18.13,18.24,12.1173,9310200
"2017-05-12",18.1,18.22,17.92,18.21,12.0974,8477000
"2017-05-15",18.3,18.46,18.27,18.41,12.2303,4305700
"2017-05-16",18.44,18.57,18.2,18.54,12.3166,10647600
"2017-05-17",18.54,18.54,17.48,17.65,11.7254,14381600
"2017-05-18",17.63,17.82,17.47,17.68,11.7453,10633300
"2017-05-19",17.75,17.94,17.69,17.73,11.7785,6391300
"2017-05-22",17.83,17.87,17.61,17.71,11.7652,7368800
"2017-05-23",17.73,18.14,17.58,18.05,11.9911,7992400
"2017-05-24",18.11,18.13,17.85,18.07,12.0044,10659600
"2017-05-25",18.01,18.25,17.93,18.14,12.1146,9942700
"2017-05-26",18.07,18.19,17.91,17.99,12.0144,7116300
"2017-05-30",17.86,17.92,17.67,17.83,11.9075,6391900
"2017-05-31",17.84,17.89,17.4,17.47,11.6671,14720400
"2017-06-01",17.58,17.76,17.35,17.66,11.794,22276100
"2017-06-02",17.41,17.52,17.26,17.41,11.6271,15596400
"2017-06-05",17.43,17.69,17.41,17.49,11.6805,14822500
"2017-06-06",17.29,17.6,17.2,17.49,11.6805,10812400
"2017-06-07",17.59,17.9,17.5,17.8,11.8875,15073300
"2017-06-08",17.8,18.43,17.69,18.2,12.1546,15657300
"2017-06-09",18.38,18.74,18.35,18.62,12.4351,13901900
"2017-06-12",18.65,18.91,18.58,18.58,12.4084,11281300
"2017-06-13",18.7,18.82,18.61,18.67,12.4685,10203400
"2017-06-14",18.5,18.82,18.3,18.8,12.5553,10790800
"2017-06-15",18.64,18.9,18.62,18.68,12.4752,6848600
"2017-06-16",18.67,18.71,18.48,18.54,12.3817,12042800
"2017-06-19",18.68,18.89,18.67,18.79,12.5487,8896800
"2017-06-20",18.76,18.76,18.57,18.57,12.4017,5331700
"2017-06-21",18.63,18.63,18.32,18.39,12.2815,6954000
"2017-06-22",18.35,18.4,18.08,18.2,12.1546,7246000
"2017-06-23",18.3,18.3,17.79,17.9,11.9543,9008200
"2017-06-26",17.94,18.25,17.86,18.12,12.1012,7524200
"2017-06-27",18.23,18.54,18.2,18.2,12.1546,8513600
"2017-06-28",18.36,18.61,18.32,18.38,12.2749,10452200
"2017-06-29",18.82,19.1,18.52,18.73,12.5086,12974700
"2017-06-30",18.8,18.89,18.55,18.74,12.5153,8456700
"2017-07-03",18.9,19.18,18.87,19.02,12.7023,4962100
"2017-07-05",19.07,19.2,18.8,19.2,12.8225,9349500
"2017-07-06",19.18,19.34,18.96,19,12.6889,10376100
"2017-07-07",19.09,19.29,18.97,19.22,12.8358,8669500
"2017-07-10",19.25,19.39,19.16,19.29,12.8826,7303900
"2017-07-11",19.4,19.48,19.22,19.24,12.8492,9377200
"2017-07-12",19.16,19.27,19,19.15,12.7891,7816900
"2017-07-13",19.2,19.38,19.16,19.37,12.936,6481300
"2017-07-14",19.11,19.33,18.9,19.21,12.8292,10806400
"2017-07-17",19.18,19.18,18.99,19.14,12.7824,8731000
"2017-07-18",19,19.09,18.84,18.95,12.6555,8289800
"2017-07-19",19,19.12,18.84,19.07,12.7357,9973300
"2017-07-20",18.74,18.75,18.14,18.37,12.2682,24780700
"2017-07-21",18.42,18.49,17.96,18.02,12.0344,18742900
"2017-07-24",18.01,18.4,18.01,18.3,12.2214,12013300
"2017-07-25",18.64,18.77,18.46,18.48,12.3416,14646300
"2017-07-26",18.55,18.55,17.97,18.03,12.0411,12352700
"2017-07-27",18.09,18.12,17.91,18.06,12.0611,13765000
"2017-07-28",18.07,18.14,17.73,17.91,11.961,13865000
"2017-07-31",18.02,18.22,17.98,18.04,12.0478,12128900
"2017-08-01",18.16,18.2,17.98,18.11,12.0945,9126700
"2017-08-02",18.09,18.2,18.03,18.07,12.0678,8669600
"2017-08-03",18.06,18.14,17.98,18.03,12.0411,9883000
"2017-08-04",18.23,18.7,18.22,18.4,12.2882,14673600
"2017-08-07",18.44,18.5,18.29,18.32,12.2348,8134700
"2017-08-08",18.3,18.7,18.23,18.35,12.2548,8701200
"2017-08-09",18.16,18.27,18.05,18.12,12.1012,8139600
"2017-08-10",17.94,17.97,17.6,17.62,11.7673,10471800
"2017-08-11",17.65,17.79,17.39,17.52,11.7005,12267600
"2017-08-14",17.8,17.92,17.68,17.91,11.961,8556700
"2017-08-15",18.09,18.21,17.9,17.91,11.961,7790500
"2017-08-16",18,18.06,17.86,17.98,12.0077,15221000
"2017-08-17",17.9,18.16,17.76,17.79,11.8808,36375900
"2017-08-18",17.72,17.81,17.52,17.59,11.7473,16152500
"2017-08-21",17.57,17.6,17.3,17.41,11.6271,8797000
"2017-08-22",17.48,17.67,17.44,17.62,11.7673,8196600
"2017-08-23",17.45,17.78,17.44,17.68,11.8074,8521300
"2017-08-24",17.74,17.8,17.58,17.64,11.7807,8795600
"2017-08-25",17.61,17.71,17.57,17.59,11.8109,6758600
"2017-08-28",17.6,17.67,17.37,17.39,11.6766,4875300
"2017-08-29",17.14,17.29,16.99,17.25,11.5826,9544400
"2017-08-30",17.3,17.41,17.22,17.28,11.6027,6742600
"2017-08-31",17.36,17.4,17.2,17.21,11.5557,6444300
"2017-09-01",17.27,17.47,17.19,17.36,11.6564,7520900
"2017-09-05",17.18,17.21,16.78,16.79,11.2737,11862500
"2017-09-06",16.89,17.09,16.79,16.91,11.3543,7144500
"2017-09-07",16.89,16.89,16.28,16.47,11.0588,12218500
"2017-09-08",16.44,16.75,16.42,16.62,11.1596,7748700
"2017-09-11",16.84,17.18,16.84,17.03,11.4349,8059100
"2017-09-12",17.13,17.61,17.11,17.46,11.7236,12452600
"2017-09-13",17.43,17.87,17.38,17.86,11.9922,13308100
"2017-09-14",17.92,18.11,17.82,17.88,12.0056,14608700
"2017-09-15",17.82,17.93,17.65,17.92,12.0324,12743300
"2017-09-18",17.97,18.2,17.91,18.09,12.1466,9390100
"2017-09-19",18.1,18.21,17.96,18.12,12.1667,11923200
"2017-09-20",18.11,18.19,17.78,18.15,12.1869,19322800
"2017-09-21",18.11,18.31,17.99,18.25,12.254,14381300
"2017-09-22",18.2,18.36,18.06,18.32,12.301,7692400
"2017-09-25",18.27,18.43,18.15,18.27,12.2675,6628600
"2017-09-26",18.32,18.41,18.21,18.34,12.3145,5586100
"2017-09-27",18.66,18.79,18.45,18.67,12.536,10743800
"2017-09-28",18.69,18.72,18.42,18.66,12.5293,7268900
"2017-09-29",18.58,18.94,18.58,18.82,12.6368,6927600
"2017-10-02",18.88,18.97,18.68,18.9,12.6905,11678900
"2017-10-03",18.91,18.97,18.66,18.74,12.583,6771800
"2017-10-04",18.7,18.76,18.54,18.57,12.4689,8185100
"2017-10-05",18.59,18.88,18.49,18.77,12.6032,13747800
"2017-10-06",18.83,19.03,18.67,18.69,12.5495,11723600
"2017-10-09",18.73,18.75,18.52,18.57,12.4689,8619700
"2017-10-10",18.56,18.72,18.55,18.65,12.5226,11992800
"2017-10-11",18.58,18.64,18.42,18.44,12.3816,12377800
"2017-10-12",18.5,18.55,18.22,18.24,12.2473,16322800
"2017-10-13",18.19,18.4,17.97,18.19,12.2137,13147600
"2017-10-16",18.22,18.46,18.18,18.43,12.3749,13249800
"2017-10-17",18.45,18.52,18.15,18.19,12.2137,8031900
"2017-10-18",18.29,18.62,18.09,18.58,12.4756,25823000
"2017-10-19",17.97,18.29,17.76,18.25,12.254,22308200
"2017-10-20",18.46,18.52,18.31,18.49,12.4152,12365400
"2017-10-23",18.53,18.68,18.43,18.45,12.3883,10385300
"2017-10-24",18.55,18.74,18.43,18.46,12.395,11723000
"2017-10-25",18.81,18.82,18.2,18.32,12.301,12014600
"2017-10-26",18.34,18.62,18.29,18.52,12.4353,14302400
"2017-10-27",18.45,18.49,18.32,18.37,12.3346,10633100
"2017-10-30",18.25,18.41,18.14,18.23,12.2406,6444800
"2017-10-31",18.27,18.45,18.23,18.25,12.254,8859800
"2017-11-01",18.33,18.58,18.27,18.28,12.2742,7484600
"2017-11-02",18.23,18.47,18.11,18.44,12.3816,10790100
"2017-11-03",18.4,18.56,18.25,18.51,12.4286,8553400
"2017-11-06",18.47,18.64,18.39,18.58,12.4756,11972500
"2017-11-07",18.59,18.7,18.03,18.1,12.1533,14024500
"2017-11-08",18.05,18.09,17.87,17.93,12.0392,11375000
"2017-11-09",17.8,18.01,17.55,17.85,11.9854,11972200
"2017-11-10",17.93,18.04,17.63,17.64,11.8444,11448700
"2017-11-13",17.5,17.97,17.4,17.92,12.0324,8340000
"2017-11-14",17.85,18.28,17.82,18.25,12.254,12813900
"2017-11-15",18.06,18.32,17.92,18.14,12.1802,11023000
"2017-11-16",18.24,18.34,18.11,18.13,12.1735,7449200
"2017-11-17",18.02,18.35,18,18.31,12.2943,9553700
"2017-11-20",18.36,18.47,18.22,18.46,12.395,10361800
"2017-11-21",18.49,18.49,18.24,18.28,12.2742,8848500
"2017-11-22",18.31,18.38,18.15,18.16,12.1936,9207900
"2017-11-24",18.29,18.29,18.12,18.14,12.1802,3628800
"2017-11-27",18.06,18.11,17.95,18.01,12.1633,8470600
"2017-11-28",18.08,18.52,18.01,18.48,12.4807,19384500
"2017-11-29",18.66,19.13,18.61,19.01,12.8386,17054200
"2017-11-30",19.14,19.38,18.94,18.98,12.8184,19812000
"2017-12-01",19.01,19.21,18.54,19.13,12.9197,15610000
"2017-12-04",19.51,19.93,19.47,19.63,13.2574,16942200
"2017-12-05",19.63,19.74,19.28,19.33,13.0548,9827700
"2017-12-06",19.23,19.65,19.21,19.38,13.0885,10170300
"2017-12-07",19.68,19.78,19.27,19.74,13.3317,10268300
"2017-12-08",19.82,19.89,19.6,19.89,13.433,10344200
"2017-12-11",19.87,20.07,19.63,19.73,13.3249,9581800
"2017-12-12",19.83,20.06,19.75,20,13.5073,8910400
"2017-12-13",19.97,20.15,19.69,19.7,13.3046,9142100
"2017-12-14",19.81,19.93,19.44,19.52,13.1831,8270500
"2017-12-15",19.63,19.97,19.59,19.76,13.3452,16624300
"2017-12-18",20,20.2,19.97,20.16,13.6153,11163100
"2017-12-19",20.23,20.3,20.1,20.12,13.5883,9227700
"2017-12-20",20.28,20.33,19.92,20.09,13.568,7105600
"2017-12-21",20.23,20.52,20.18,20.43,13.7977,6616900
"2017-12-22",20.56,20.58,20.33,20.44,13.8044,5494400
"2017-12-26",20.44,20.57,20.22,20.33,13.7301,3762500
"2017-12-27",20.3,20.35,20.18,20.24,13.6693,4663100
"2017-12-28",20.31,20.36,20.19,20.35,13.7436,4168400
"2017-12-29",20.33,20.41,20.17,20.17,13.6221,5497400
"2018-01-02",20.32,20.37,20.04,20.17,13.6221,6022800
"2018-01-03",20.23,20.3,20.1,20.24,13.6693,9274400
"2018-01-04",20.44,20.59,20.28,20.32,13.7234,10503300
"2018-01-05",20.47,20.47,20.22,20.33,13.7301,5887400
"2018-01-08",20.35,20.35,20.16,20.28,13.6964,7924700
"2018-01-09",20.37,20.89,20.3,20.74,14.007,9833900
"2018-01-10",20.82,21.28,20.76,21.01,14.1894,8898100
"2018-01-11",21.13,21.24,21.03,21.19,14.3109,6688300
"2018-01-12",21.36,21.47,21.19,21.42,14.4663,10075300
"2018-01-16",21.54,21.71,21.17,21.32,14.3987,10278700
"2018-01-17",21.33,21.4,21.06,21.26,14.3582,11754800
"2018-01-18",20.66,21,20.62,20.82,14.0611,20398100
"2018-01-19",20.77,21.37,20.77,21.16,14.2907,13614700
"2018-01-22",21.13,21.42,21.08,21.39,14.446,9070500
"2018-01-23",21.3,21.77,21.26,21.61,14.5946,9896600
"2018-01-24",21.71,21.87,21.58,21.73,14.6756,10367900
"2018-01-25",21.88,21.88,21.57,21.67,14.6351,10159600
"2018-01-26",21.7,21.86,21.44,21.83,14.7432,8426200
"2018-01-29",21.78,21.99,21.7,21.8,14.7229,9114500
"2018-01-30",21.65,21.84,21.43,21.43,14.473,11783500
"2018-01-31",21.46,21.63,21.32,21.4,14.4528,7680600
"2018-02-01",21.37,21.93,21.32,21.93,14.8107,8649700
"2018-02-02",21.84,22.22,21.69,21.76,14.6959,15179500
"2018-02-05",21.4,21.86,20.48,20.61,13.9192,12567400
"2018-02-06",20.13,21.09,19.9,21.01,14.1894,18623700
"2018-02-07",20.92,21.45,20.85,21.13,14.2704,12236200
"2018-02-08",21.21,21.21,20.07,20.08,13.5613,12803500
"2018-02-09",20.38,20.56,19.64,20.39,13.7706,16405400
"2018-02-12",20.51,20.85,20.29,20.59,13.9057,10383000
"2018-02-13",20.44,20.59,20.28,20.55,13.8787,9756600
"2018-02-14",20.5,21.19,20.43,21.17,14.2974,10234300
"2018-02-15",21.28,21.32,20.89,20.95,14.1489,8448600
"2018-02-16",20.85,21.16,20.82,21.02,14.1961,6807300
"2018-02-20",20.97,21.31,20.82,20.95,14.1489,6580600
"2018-02-21",20.92,21.38,20.88,21.05,14.2164,6875400
"2018-02-22",21.16,21.19,20.52,20.53,13.8652,8058700
"2018-02-23",20.67,20.97,20.61,20.97,14.1624,7265600
"2018-02-26",21.04,21.22,20.85,21.18,14.3762,7657500
"2018-02-27",21.24,21.73,21.16,21.16,14.3626,13814700
"2018-02-28",21.24,21.61,21.1,21.13,14.3422,15640300
"2018-03-01",21.18,21.38,20.78,21,14.254,13067200
"2018-03-02",20.88,21.42,20.56,21.34,14.4848,13021000
"2018-03-05",21.04,21.58,20.9,21.45,14.5594,9163700
"2018-03-06",21.56,21.73,21.18,21.7,14.7291,8532100
"2018-03-07",21.51,22.06,21.47,21.97,14.9124,9252900
"2018-03-08",22.02,22.11,21.46,21.81,14.8038,9452800
"2018-03-09",22.03,22.15,21.84,22.15,15.0346,7517100
"2018-03-12",22.14,22.4,21.78,21.8,14.797,9782100
"2018-03-13",21.88,21.92,21.28,21.36,14.4983,13048700
"2018-03-14",21.46,21.51,20.87,20.92,14.1997,12838600
"2018-03-15",21.03,21.09,20.82,20.91,14.1929,6575400
"2018-03-16",20.98,21.13,20.84,20.96,14.2268,14742100
"2018-03-19",20.99,21.06,20.68,20.92,14.1997,7935300
"2018-03-20",20.96,21.09,20.86,20.93,14.2065,5475600
"2018-03-21",20.94,21.23,20.76,20.97,14.2336,6681000
"2018-03-22",20.66,20.79,19.97,20.02,13.5888,9421400
"2018-03-23",20.01,20.07,19,19.04,12.9236,15182700
"2018-03-26",19.52,19.98,19.35,19.93,13.5277,11027000
"2018-03-27",20.01,20.05,19.07,19.27,13.0797,11489200
"2018-03-28",19.33,19.44,19,19.27,13.0797,10669500
"2018-03-29",19.39,19.63,19.19,19.55,13.2698,10710200
"2018-04-02",19.56,19.69,18.78,19.03,12.9168,11223200
"2018-04-03",19.09,19.5,19.05,19.44,13.1951,9060700
"2018-04-04",19.07,19.71,19.03,19.67,13.3512,6490700
"2018-04-05",19.79,19.85,19.56,19.74,13.3988,10824400
"2018-04-06",19.56,19.59,18.82,19.09,12.9576,10310300
"2018-04-09",19.2,19.65,19.17,19.19,13.0254,6965200
"2018-04-10",19.46,19.71,19.37,19.63,13.3241,8865100
"2018-04-11",19.38,19.7,19.37,19.46,13.2087,7067100
"2018-04-12",19.61,19.99,19.58,19.85,13.4734,7365200
"2018-04-13",20.02,20.04,19.11,19.24,13.0594,12978600
"2018-04-16",19.41,19.47,19.13,19.34,13.1273,6684600
"2018-04-17",19.46,19.46,18.78,18.96,12.8693,13388400
"2018-04-18",19.02,19.24,18.78,18.87,12.8082,11541000
"2018-04-19",18.76,19.75,18.72,19.55,13.2698,14692300
"2018-04-20",19.66,20,19.62,19.86,13.4802,11707000
"2018-04-23",19.88,19.99,19.75,19.87,13.487,10471000
"2018-04-24",20.23,20.49,19.88,20.07,13.6227,10432800
"2018-04-25",19.99,20.41,19.86,20.23,13.7313,8451800
"2018-04-26",20.19,20.41,20.09,20.29,13.7721,9059600
"2018-04-27",20.24,20.52,20.21,20.41,13.8535,8835100
"2018-04-30",20.43,20.6,19.92,19.92,13.5209,8869000
"2018-05-01",19.89,19.96,19.63,19.91,13.5141,8058700
"2018-05-02",19.83,20.08,19.72,19.76,13.4123,7395700
"2018-05-03",19.67,19.69,19.11,19.37,13.1476,12296900
"2018-05-04",19.2,19.8,19.07,19.7,13.3716,6996300
"2018-05-07",19.75,19.86,19.54,19.73,13.392,7124700
"2018-05-08",19.76,20.14,19.65,19.79,13.4327,8991400
"2018-05-09",19.93,20.2,19.84,20.06,13.616,6502700
"2018-05-10",20.1,20.42,20,20.28,13.7653,6262900
"2018-05-11",20.28,20.4,20.17,20.26,13.7517,6690100
"2018-05-14",20.32,20.38,20.12,20.16,13.6838,6486100
"2018-05-15",20.16,20.62,20.14,20.47,13.8942,7870800
"2018-05-16",20.41,20.55,20.3,20.35,13.8128,6932100
"2018-05-17",20.33,20.66,20.23,20.64,14.0096,6211200
"2018-05-18",20.65,20.66,20.18,20.25,13.7449,9618200
"2018-05-21",20.32,20.52,20.28,20.41,13.8535,6968000
"2018-05-22",20.49,20.78,20.39,20.61,13.9893,8249200
"2018-05-23",20.42,20.55,20.09,20.26,13.7517,9294100
"2018-05-24",20.18,20.47,19.89,20.44,13.8739,9948700
"2018-05-25",20.18,20.25,19.95,20.04,13.6827,5811000
"2018-05-29",19.83,19.83,19.01,19.2,13.1092,11536000
"2018-05-30",19.47,19.77,19.3,19.65,13.4164,10248300
"2018-05-31",19.61,19.7,19.38,19.44,13.273,8974400
"2018-06-01",19.77,19.93,19.61,19.75,13.4847,7142800
"2018-06-04",19.81,19.98,19.79,19.9,13.5871,6291100
"2018-06-05",19.84,19.93,19.66,19.89,13.5803,7650300
"2018-06-06",19.99,20.44,19.97,20.43,13.949,9185900
"2018-06-07",20.55,20.66,20.26,20.43,13.949,7817000
"2018-06-08",20.38,20.56,20.23,20.54,14.0241,5476900
"2018-06-11",20.56,20.82,20.45,20.56,14.0377,9401700
"2018-06-12",20.66,20.82,20.53,20.64,14.0924,9743200
"2018-06-13",20.7,21.05,20.57,20.67,14.1129,13490200
"2018-06-14",20.77,20.77,20.29,20.53,14.0173,12499300
"2018-06-15",20.47,20.61,20.12,20.39,13.9217,17836500
"2018-06-18",20.25,20.5,20.05,20.44,13.9558,7017400
"2018-06-19",20.25,20.62,20.23,20.57,14.0446,7560300
"2018-06-20",20.69,20.79,20.53,20.54,14.0241,6597000
"2018-06-21",20.46,20.87,20.28,20.67,14.1129,8951500
"2018-06-22",20.84,20.88,20.34,20.4,13.9285,11344500
"2018-06-25",20.3,20.34,19.9,20.11,13.7305,12209500
"2018-06-26",20.14,20.14,19.72,19.8,13.5188,9384600
"2018-06-27",19.8,19.98,19.49,19.54,13.3413,9823900
"2018-06-28",19.6,19.8,19.45,19.6,13.3823,11001300
"2018-06-29",19.94,20.18,19.53,19.54,13.3413,13045700
"2018-07-02",19.47,19.87,19.39,19.87,13.5666,7420500
"2018-07-03",19.9,20.02,19.66,19.68,13.4369,4066100
"2018-07-05",19.78,19.85,19.5,19.57,13.3618,7059600
"2018-07-06",19.54,19.79,19.38,19.7,13.4506,5608900
"2018-07-09",19.76,20.33,19.75,20.29,13.8534,11707600
"2018-07-10",20.35,20.44,19.95,20.12,13.7373,9452400
"2018-07-11",19.93,20.13,19.91,19.91,13.5939,6665000
"2018-07-12",20.09,20.11,19.68,19.74,13.4779,9327000
"2018-07-13",19.65,19.75,19.4,19.56,13.355,8151100
"2018-07-16",19.65,19.95,19.62,19.92,13.6008,5360700
"2018-07-17",19.95,20.16,19.79,20.06,13.6964,7540700
"2018-07-18",20.04,20.36,20.04,20.3,13.8602,9153000
"2018-07-19",20.59,20.76,20.12,20.63,14.0855,14906800
"2018-07-20",20.65,20.72,20.49,20.52,14.0104,12437500
"2018-07-23",20.54,20.86,20.54,20.84,14.2289,11366500
"2018-07-24",20.87,21.11,20.8,20.95,14.304,11783500
"2018-07-25",20.87,21.03,20.69,20.86,14.2426,10291900
"2018-07-26",20.98,21.18,20.89,21.14,14.4338,9319600
"2018-07-27",21.14,21.3,21.02,21.27,14.5225,10989400
"2018-07-30",21.25,21.42,21.14,21.15,14.4406,10013400
"2018-07-31",21.21,21.31,20.86,20.87,14.2494,12636000
"2018-08-01",21.02,21.38,20.99,21.09,14.3996,9241900
"2018-08-02",21,21.39,20.89,21.33,14.5635,6948200
"2018-08-03",21.31,21.41,21.2,21.36,14.584,9125700
"2018-08-06",21.42,21.42,21.16,21.3,14.543,9531600
"2018-08-07",21.35,21.6,21.35,21.46,14.6522,8606800
"2018-08-08",21.47,21.72,21.43,21.61,14.7547,6563600
"2018-08-09",21.59,21.75,21.51,21.57,14.7273,5114900
"2018-08-10",21.28,21.53,21.22,21.38,14.5976,7941300
"2018-08-13",21.35,21.52,21.17,21.18,14.4611,7466900
"2018-08-14",21.34,21.52,21.29,21.45,14.6454,12176900
"2018-08-15",21.32,21.44,21.1,21.13,14.4269,9884100
"2018-08-16",21.26,21.72,21.25,21.61,14.7547,9573900
"2018-08-17",21.59,21.66,21.41,21.59,14.741,7419200
"2018-08-20",21.57,21.76,21.52,21.74,14.8434,5264200
"2018-08-21",21.71,21.91,21.61,21.64,14.7751,11716600
"2018-08-22",21.58,21.67,21.49,21.53,14.7,7803100
"2018-08-23",21.51,21.56,21.27,21.34,14.5703,7550300
"2018-08-24",21.41,21.46,21.27,21.31,14.5498,7607300
"2018-08-27",21.24,21.45,21.19,21.27,14.6393,6924200
"2018-08-28",21.3,21.31,21.1,21.23,14.6118,5955500
"2018-08-29",21.25,21.25,21,21.16,14.5636,5248400
"2018-08-30",21.14,21.18,20.94,20.98,14.4397,5499400
"2018-08-31",20.93,21.09,20.85,21.07,14.5016,4379700
"2018-09-04",21.07,21.25,21,21.21,14.598,7655300
"2018-09-05",21.26,21.5,21.23,21.33,14.6806,6455700
"2018-09-06",21.34,21.37,21.16,21.18,14.5774,4988800
"2018-09-07",21.27,21.3,21.07,21.11,14.5292,11533400
"2018-09-10",21.18,21.26,20.91,20.91,14.3915,8249300
"2018-09-11",20.9,21.37,20.87,21.16,14.5636,9629700
"2018-09-12",21.13,21.23,20.7,20.72,14.2608,8729600
"2018-09-13",20.73,20.76,19.83,19.93,13.717,18723000
"2018-09-14",20.01,20.05,19.82,19.94,13.7239,22428400
"2018-09-17",19.97,20.05,19.8,19.86,13.6689,10228200
"2018-09-18",19.88,19.91,19.66,19.74,13.5863,10906500
"2018-09-19",19.74,20.25,19.74,20.17,13.8822,18112000
"2018-09-20",20.26,20.87,20.26,20.75,14.2814,23372300
"2018-09-21",20.82,20.87,20.67,20.78,14.3021,16440000
"2018-09-24",20.8,20.96,20.56,20.6,14.1782,15076500
"2018-09-25",20.72,20.77,20.53,20.55,14.1438,6755800
"2018-09-26",20.6,20.66,20.19,20.24,13.9304,9679000
"2018-09-27",20.24,20.25,19.96,20.02,13.779,7004400
"2018-09-28",19.89,20.05,19.82,19.89,13.6895,9283000
"2018-10-01",20.02,20.14,19.81,19.88,13.6826,7510400
"2018-10-02",19.91,19.99,19.71,19.76,13.6,9871200
"2018-10-03",19.91,20.24,19.81,20.14,13.8616,8583600
"2018-10-04",20.27,20.74,20.25,20.44,14.068,12865000
"2018-10-05",20.55,20.61,20.19,20.29,13.9648,9878500
"2018-10-08",20.22,20.61,20.22,20.52,14.1231,10601500
"2018-10-09",20.46,20.59,20.31,20.44,14.068,9165500
"2018-10-10",20.5,20.64,19.9,19.92,13.7101,12279100
"2018-10-11",19.85,19.92,19.23,19.24,13.2421,12541000
"2018-10-12",19.6,19.6,18.33,18.65,12.8361,19927800
"2018-10-15",18.62,18.77,18.43,18.47,12.7122,16551300
"2018-10-16",18.57,18.59,18.23,18.58,12.7879,15342400
"2018-10-17",18.61,18.85,18.34,18.74,12.898,16048700
"2018-10-18",17.6,18.36,17.6,18.1,12.4575,28606900
"2018-10-19",18.03,18.29,17.82,17.84,12.2786,20214800
"2018-10-22",17.89,17.92,17.2,17.25,11.8725,21731300
"2018-10-23",16.89,17.5,16.82,17.34,11.9344,21045100
"2018-10-24",17.28,17.3,16.48,16.52,11.3701,14335700
"2018-10-25",16.69,17.3,16.61,17.14,11.7968,15442400
"2018-10-26",16.92,17.28,16.79,17.06,11.7417,15385500
"2018-10-29",17.38,17.7,17.24,17.49,12.0377,16011100
"2018-10-30",17.58,17.87,17.41,17.82,12.2648,15856900
"2018-10-31",18.06,18.55,18,18.16,12.4988,13950600
"2018-11-01",18.29,18.45,18.14,18.39,12.6571,12096400
"2018-11-02",18.56,18.78,18.27,18.43,12.6846,10643200
"2018-11-05",18.42,18.61,18.2,18.49,12.7259,11368800
"2018-11-06",18.47,18.66,18.25,18.59,12.7948,9807000
"2018-11-07",18.59,18.8,18.35,18.7,12.8705,11005000
"2018-11-08",18.6,18.88,18.59,18.74,12.898,10284900
"2018-11-09",18.73,18.94,18.69,18.89,13.0012,13575700
"2018-11-12",18.83,18.96,18.43,18.47,12.7122,9408900
"2018-11-13",18.27,18.7,18.27,18.42,12.6778,11753200
"2018-11-14",18.56,18.63,17.92,18.22,12.5401,14790700
"2018-11-15",18,18.51,17.82,18.46,12.7053,10694200
"2018-11-16",18.33,18.52,18.22,18.29,12.5883,10142800
"2018-11-19",18.29,18.54,18.1,18.26,12.5676,10179000
"2018-11-20",18.07,18.15,17.76,17.83,12.2717,10806200
"2018-11-21",17.92,18.32,17.65,18.05,12.4231,15389600
"2018-11-23",17.92,18.14,17.73,17.94,12.3474,4678200
"2018-11-26",18.04,18.53,18.03,18.31,12.7226,10862000
"2018-11-27",18.19,18.4,18.07,18.13,12.5975,7701500
"2018-11-28",18.16,18.43,17.89,18.36,12.7574,7261000
"2018-11-29",18.17,18.34,18.07,18.14,12.6045,7564600
"2018-11-30",18.08,18.38,18.07,18.34,12.7435,11216300
"2018-12-03",18.65,18.76,18.18,18.44,12.8129,9637500
"2018-12-04",18.32,18.39,17.3,17.45,12.125,13063800
"2018-12-06",17.05,17.2,16.69,17.11,11.8888,12624000
"2018-12-07",17.1,17.36,16.63,16.73,11.6248,12243900
"2018-12-10",16.42,16.67,15.84,16,11.1175,15489400
"2018-12-11",16.18,16.34,15.84,15.92,11.0619,14318200
"2018-12-12",16.2,16.23,15.84,16.01,11.1245,14673800
"2018-12-13",16.08,16.11,15.42,15.49,10.7631,12764300
"2018-12-14",15.3,15.72,15.09,15.13,10.513,19489900
"2018-12-17",15.06,15.37,14.88,14.98,10.4088,12471700
"2018-12-18",15.06,15.26,14.67,14.78,10.2698,14481200
"2018-12-19",14.79,14.97,14.24,14.4,10.0058,17657500
"2018-12-20",14.28,14.61,14.16,14.34,9.9641,14038300
"2018-12-21",14.31,14.57,14.23,14.3,9.9363,23957700
"2018-12-24",14.15,14.31,13.82,13.82,9.6028,6926100
"2018-12-26",13.91,14.71,13.66,14.71,10.2212,11627600
"2018-12-27",14.38,14.63,14.07,14.62,10.1586,12227600
"2018-12-28",14.68,14.83,14.54,14.61,10.1517,8691100
"2018-12-31",14.69,14.85,14.51,14.78,10.2698,9140600
"2019-01-02",14.53,15.07,14.5,15.02,10.4366,7710700
"2019-01-03",14.96,15.36,14.9,15.07,10.4713,12083300
"2019-01-04",15.38,15.66,15.33,15.58,10.8257,8759400
"2019-01-07",15.52,15.96,15.42,15.74,10.9369,9167100
"2019-01-08",15.83,15.89,15.43,15.73,10.9299,12223400
"2019-01-09",15.73,15.93,15.56,15.85,11.0133,8926300
"2019-01-10",15.86,15.91,15.61,15.8,10.9785,7017700
"2019-01-11",15.83,16.09,15.68,15.96,11.0897,8383600
"2019-01-14",15.8,16.35,15.76,16.24,11.2843,13519600
"2019-01-15",16.23,16.32,15.93,16.31,11.3329,9411500
"2019-01-16",16.59,16.93,16.42,16.75,11.6387,15318900
"2019-01-17",16.51,16.59,15.91,16.33,11.3468,23946200
"2019-01-18",16.46,16.87,16.24,16.85,11.7081,20623600
"2019-01-22",16.74,17.03,16.72,16.9,11.7429,16662700
"2019-01-23",17.01,17.07,16.75,16.89,11.7359,11093300
"2019-01-24",16.75,16.91,16.62,16.88,11.729,9803600
"2019-01-25",17,17.06,16.79,16.81,11.6803,14462200
"2019-01-28",16.69,16.86,16.64,16.85,11.7081,11707800
"2019-01-29",16.85,16.92,16.74,16.74,11.6317,11894100
"2019-01-30",16.78,16.86,16.62,16.64,11.5622,12567500
"2019-01-31",16.54,16.63,16.22,16.47,11.4441,15285800
"2019-02-01",16.55,16.7,16.51,16.63,11.5553,11962500
"2019-02-04",16.55,16.69,16.39,16.6,11.5344,12454900
"2019-02-05",16.63,16.63,16.28,16.36,11.3677,14158800
"2019-02-06",16.32,16.56,16.27,16.49,11.458,16249100
"2019-02-07",16.96,17.51,16.8,17.07,11.861,37227800
"2019-02-08",17.01,17.03,16.72,16.97,11.7915,17675200
"2019-02-11",17.05,17.09,16.92,17.02,11.8263,9699500
"2019-02-12",17.17,17.38,17.17,17.23,11.9722,7322900
"2019-02-13",17.31,17.33,17.06,17.18,11.9374,8973700
"2019-02-14",17.01,17.1,16.81,17.02,11.8263,6431800
"2019-02-15",17.21,17.52,17.17,17.51,12.1667,8026900
"2019-02-19",17.37,17.81,17.3,17.74,12.3265,12376700
"2019-02-20",17.7,17.95,17.61,17.95,12.4725,9664500
"2019-02-21",17.96,17.98,17.59,17.7,12.2988,8141600
"2019-02-22",17.71,17.74,17.45,17.65,12.264,7615900
"2019-02-25",17.75,17.83,17.58,17.61,12.2362,7164300
"2019-02-26",17.54,17.66,17.39,17.41,12.0972,9870500
"2019-02-27",17.52,17.66,17.38,17.63,12.2501,10583200
"2019-02-28",17.66,17.75,17.58,17.66,12.271,6940000
"2019-03-01",17.77,17.89,17.41,17.51,12.1667,13865000
"2019-03-04",17.4,17.64,17.06,17.25,12.1036,16135500
"2019-03-05",17.18,17.31,16.86,17.21,12.0755,9662600
"2019-03-06",17.18,17.26,16.88,16.92,11.872,8563900
"2019-03-07",16.85,16.85,16.58,16.7,11.7177,9605100
"2019-03-08",16.5,16.78,16.48,16.77,11.7668,7735400
"2019-03-11",16.84,17.16,16.78,16.96,11.9001,15705200
"2019-03-12",17.03,17.2,17,17.07,11.9773,11026300
"2019-03-13",17.14,17.38,17.09,17.32,12.1527,11030900
"2019-03-14",17.33,17.52,17.28,17.42,12.2229,9116300
"2019-03-15",17.38,17.5,17.33,17.38,12.1948,30656400
"2019-03-18",17.4,17.72,17.4,17.72,12.4334,12434600
"2019-03-19",17.86,17.86,17.43,17.46,12.2509,22292200
"2019-03-20",17.37,17.38,16.51,16.53,11.5984,17489400
"2019-03-21",16.39,16.41,15.9,15.94,11.1844,24849700
"2019-03-22",15.76,15.78,14.9,14.97,10.5038,33997200
"2019-03-25",15.01,15.23,14.82,15,10.5249,19290100
"2019-03-26",15.12,15.43,15.1,15.41,10.8125,19825000
"2019-03-27",15.34,15.49,15.24,15.37,10.7845,13638700
"2019-03-28",15.39,15.73,15.39,15.7,11.016,19243100
"2019-03-29",15.9,15.95,15.7,15.75,11.0511,13578600
"2019-04-01",15.96,16.39,15.93,16.35,11.4721,11646600
"2019-04-02",16.31,16.64,16.26,16.47,11.5563,10761400
"2019-04-03",16.65,16.86,16.28,16.43,11.5282,13411500
"2019-04-04",16.28,16.63,16.27,16.48,11.5633,11828100
"2019-04-05",16.51,16.63,16.4,16.59,11.6405,13926600
"2019-04-08",16.51,16.66,16.46,16.53,11.5984,9339300
"2019-04-09",16.41,16.46,16.19,16.26,11.4089,10157400
"2019-04-10",16.4,16.45,16.12,16.39,11.5002,11412200
"2019-04-11",16.5,16.63,16.35,16.44,11.5352,12791500
"2019-04-12",16.78,16.98,16.49,16.88,11.844,12839600
"2019-04-15",16.86,16.92,16.61,16.66,11.6896,10759000
"2019-04-16",16.7,17.03,16.56,16.98,11.9141,10339600
"2019-04-17",17.05,17.2,16.87,17.17,12.0475,12269200
"2019-04-18",16.9,17.02,16.56,16.79,11.7808,19536500
"2019-04-22",16.7,17.05,16.6,16.99,11.9212,14575000
"2019-04-23",16.9,17.22,16.66,17.18,12.0545,16984700
"2019-04-24",17.05,17.22,16.87,17.13,12.0194,9471600
"2019-04-25",17.03,17.3,16.89,17.14,12.0264,9091500
"2019-04-26",17.17,17.32,17.01,17.29,12.1317,7631300
"2019-04-29",17.34,17.64,17.32,17.54,12.3071,10188200
"2019-04-30",17.57,17.66,17.34,17.55,12.3141,8756900
"2019-05-01",17.54,17.65,17.2,17.35,12.1737,11836400
"2019-05-02",17.4,17.62,17.29,17.61,12.3562,9796300
"2019-05-03",17.64,17.84,17.58,17.72,12.4334,10898600
"2019-05-06",17.38,17.83,17.38,17.68,12.4053,9220400
"2019-05-07",17.44,17.56,17.24,17.35,12.1737,10327000
"2019-05-08",17.28,17.41,17.17,17.18,12.0545,12551900
"2019-05-09",17.01,17.32,16.86,17.29,12.1317,10169100
"2019-05-10",17.17,17.4,16.96,17.3,12.1387,9186800
"2019-05-13",16.92,16.99,16.46,16.53,11.5984,15648500
"2019-05-14",16.52,17.01,16.52,16.92,11.872,14299400
"2019-05-15",16.61,16.71,16.3,16.57,11.6265,11642800
"2019-05-16",16.71,16.95,16.66,16.77,11.7668,7353300
"2019-05-17",16.54,17.11,16.54,16.75,11.7528,10500400
"2019-05-20",16.77,16.96,16.73,16.87,11.837,9132900
"2019-05-21",16.92,17.13,16.9,16.95,11.8931,7771500
"2019-05-22",16.84,16.84,16.71,16.71,11.7247,8112400
"2019-05-23",16.55,16.58,16.33,16.52,11.5914,7554700
"2019-05-24",16.45,16.67,16.42,16.63,11.7899,6320200
"2019-05-28",16.53,16.62,16.35,16.35,11.5914,8174700
"2019-05-29",16.17,16.51,16.04,16.48,11.6835,7772200
"2019-05-30",16.5,16.63,16.15,16.3,11.5559,5199400
"2019-05-31",16.05,16.21,15.95,15.97,11.322,8394000
"2019-06-03",15.94,16.37,15.86,16.28,11.5417,7567100
"2019-06-04",16.56,16.97,16.49,16.94,12.0097,7549000
"2019-06-05",16.94,16.97,16.63,16.89,11.9742,7006000
"2019-06-06",16.86,17,16.73,16.94,12.0097,4795400
"2019-06-07",16.85,16.89,16.68,16.71,11.8466,7606100
"2019-06-10",16.9,17.16,16.88,16.92,11.9955,12329700
"2019-06-11",17.04,17.39,17.04,17.24,12.2223,9191600
"2019-06-12",17.2,17.37,16.95,17.02,12.0664,5332800
"2019-06-13",17.09,17.2,16.97,17.07,12.1018,5328500
"2019-06-14",17.06,17.16,16.77,17.15,12.1585,7999700
"2019-06-17",17.14,17.28,16.84,16.88,11.9671,6513000
"2019-06-18",16.88,17.24,16.8,17.2,12.194,9999200
"2019-06-19",17.28,17.48,16.9,16.96,12.0238,9110500
"2019-06-20",17,17.04,16.46,16.88,11.9671,16032700
"2019-06-21",16.97,17.25,16.94,17.05,12.0876,18507600
"2019-06-24",17.07,17.32,16.95,17.1,12.1231,9007900
"2019-06-25",17.06,17.1,16.8,17.03,12.0735,8734800
"2019-06-26",17.09,17.28,17.06,17.17,12.1727,9131200
"2019-06-27",17.25,17.48,17.25,17.34,12.2932,10968900
"2019-06-28",17.58,17.78,17.35,17.75,12.5839,13264700
"2019-07-01",17.94,18.07,17.68,17.84,12.6477,8043800
"2019-07-02",17.83,17.9,17.55,17.67,12.5272,9047600
"2019-07-03",17.75,17.81,17.58,17.79,12.6123,4519600
"2019-07-05",17.99,18.23,17.92,18,12.7611,5721800
"2019-07-08",17.86,18.02,17.72,17.81,12.6264,6781100
"2019-07-09",17.73,17.99,17.65,17.84,12.6477,7963900
"2019-07-10",17.78,17.88,17.55,17.61,12.4847,7391800
"2019-07-11",17.62,17.85,17.58,17.83,12.6406,6504500
"2019-07-12",17.88,17.93,17.73,17.87,12.669,6045000
"2019-07-15",17.88,17.93,17.52,17.59,12.4705,8473100
"2019-07-16",17.4,17.52,17.19,17.38,12.3216,13353400
"2019-07-17",17.26,17.33,17.08,17.13,12.1444,9816500
"2019-07-18",17.17,17.52,17.05,17.31,12.272,10130000
"2019-07-19",17.34,17.59,17.29,17.45,12.3712,7597500
"2019-07-22",17.45,17.5,17.32,17.37,12.3145,10351900
"2019-07-23",17.48,18.02,17.35,17.97,12.7399,10200700
"2019-07-24",17.98,18.5,17.98,18.44,13.0731,10532600
"2019-07-25",18.41,18.51,18.03,18.12,12.8462,10946600
"2019-07-26",18.21,18.52,18.11,18.51,13.1227,7633300
"2019-07-29",18.47,18.61,18.33,18.34,13.0022,5580200
"2019-07-30",18.18,18.54,18.15,18.54,13.144,6100700
"2019-07-31",18.52,18.56,18.28,18.37,13.0235,8915900
"2019-08-01",18.4,18.4,17.29,17.32,12.2791,13471700
"2019-08-02",17.32,17.36,16.91,17.2,12.194,8371400
"2019-08-05",16.82,16.82,16.26,16.45,11.6623,11632200
"2019-08-06",16.66,16.7,16.25,16.65,11.8041,8262800
"2019-08-07",16.18,16.25,15.85,16.16,11.4567,12742000
"2019-08-08",16.34,16.62,16.28,16.52,11.7119,8146600
"2019-08-09",16.44,16.63,16.31,16.47,11.6764,6234000
"2019-08-12",16.23,16.3,16.11,16.2,11.485,6794100
"2019-08-13",16.15,16.68,16.06,16.45,11.6623,9026300
"2019-08-14",16.04,16.29,15.84,16,11.3432,24127900
"2019-08-15",16.08,16.19,15.84,15.92,11.2865,8638400
"2019-08-16",16.07,16.45,16.06,16.43,11.6481,8949100
"2019-08-19",16.66,16.77,16.47,16.54,11.7261,9509700
"2019-08-20",16.39,16.46,16.23,16.26,11.5276,7070400
"2019-08-21",16.42,16.5,16.25,16.38,11.6126,7137100
"2019-08-22",16.5,16.62,16.36,16.57,11.7473,5797700
"2019-08-23",16.43,16.63,15.9,15.98,11.3291,8863600
"2019-08-26",15.95,16.02,15.77,15.96,11.4474,5911600
"2019-08-27",16.05,16.08,15.68,15.81,11.3398,5616600
"2019-08-28",15.69,16.19,15.69,16.15,11.5837,6138700
"2019-08-29",16.34,16.58,16.3,16.45,11.7989,8255800
"2019-08-30",16.58,16.76,16.52,16.6,11.9065,6857700
"2019-09-03",16.46,16.47,16.11,16.22,11.6339,7514200
"2019-09-04",16.4,16.51,16.32,16.4,11.763,5454200
"2019-09-05",16.76,17.18,16.68,17.04,12.222,10042800
"2019-09-06",17,17.13,16.79,16.8,12.0499,9037500
"2019-09-09",17.03,17.76,16.95,17.67,12.6739,16367800
"2019-09-10",17.8,18.19,17.79,18.12,12.9967,11007800
"2019-09-11",18.14,18.2,17.78,18,12.9106,10971500
"2019-09-12",17.88,18.11,17.62,18.03,12.9321,13998600
"2019-09-13",18.25,18.49,18.13,18.27,13.1043,10433700
"2019-09-16",18.01,18.35,17.95,18.34,13.1545,8598000
"2019-09-17",18.24,18.26,17.92,18.13,13.0039,7369900
"2019-09-18",18.06,18.35,17.91,18.21,13.0612,8227300
"2019-09-19",18.21,18.32,18,18.05,12.9465,4896900
"2019-09-20",17.96,18.07,17.68,17.77,12.7456,19468200
"2019-09-23",17.61,17.91,17.49,17.79,12.76,8438200
"2019-09-24",17.83,17.93,17.51,17.65,12.6596,10337600
"2019-09-25",17.68,18.04,17.66,17.9,12.8389,8337000
"2019-09-26",17.83,17.97,17.76,17.78,12.7528,6539500
"2019-09-27",17.95,18.2,17.76,17.86,12.8102,8897000
"2019-09-30",17.92,18.02,17.74,17.84,12.7958,6264700
"2019-10-01",18,18.04,17.33,17.38,12.4659,7923700
"2019-10-02",17.2,17.23,16.88,17.05,12.2292,9314200
"2019-10-03",16.96,17.12,16.59,17.11,12.2723,10452700
"2019-10-04",17.19,17.28,16.95,17.27,12.387,10538500
"2019-10-07",17.26,17.47,17.17,17.28,12.3942,6438500
"2019-10-08",16.98,17.06,16.73,16.74,12.0069,9732800
"2019-10-09",16.89,16.94,16.72,16.79,12.0427,7921000
"2019-10-10",16.89,17.24,16.89,17.19,12.3296,8274700
"2019-10-11",17.62,17.69,17.39,17.4,12.4803,10613700
"2019-10-14",17.29,17.67,17.26,17.59,12.6165,10850100
"2019-10-15",17.66,17.93,17.58,17.78,12.7528,6499900
"2019-10-16",17.85,17.97,17.6,17.69,12.6883,10037500
"2019-10-17",17.96,18.03,17.46,17.51,12.5592,12328000
"2019-10-18",17.46,17.84,17.46,17.77,12.7456,11816900
"2019-10-21",18,18.19,17.96,18.13,13.0039,8371400
"2019-10-22",18.11,18.41,17.95,18.13,13.0039,10148500
"2019-10-23",18.09,18.27,18.05,18.23,13.0756,8038800
"2019-10-24",18.23,18.31,18.04,18.18,13.0397,8605200
"2019-10-25",18.04,18.34,18.04,18.2,13.0541,7527000
"2019-10-28",18.3,18.47,18.25,18.38,13.1832,7811900
"2019-10-29",18.25,18.6,18.23,18.45,13.2334,10149700
"2019-10-30",18.4,18.41,18.07,18.27,13.1043,7147700
"2019-10-31",18.12,18.27,17.8,17.97,12.8891,10307500
"2019-11-01",18.19,18.35,18.06,18.29,13.1186,9137200
"2019-11-04",18.44,18.97,18.44,18.96,13.5992,13251700
"2019-11-05",19,19.34,18.96,19.19,13.7641,12142900
"2019-11-06",19.03,19.13,18.9,19.13,13.7211,8437500
"2019-11-07",19.3,19.48,19.23,19.3,13.843,8827900
"2019-11-08",19.24,19.41,19.16,19.36,13.8861,6438800
"2019-11-11",19.2,19.38,19.18,19.2,13.7713,8868800
"2019-11-12",19.2,19.32,19.1,19.2,13.7713,8172200
"2019-11-13",18.97,19.04,18.76,18.88,13.5418,8260600
"2019-11-14",18.81,18.89,18.68,18.87,13.5346,6861100
"2019-11-15",18.96,19.02,18.85,18.97,13.6063,6025900
"2019-11-18",18.89,19.02,18.82,18.97,13.6063,6098800
"2019-11-19",19.05,19.12,18.84,19.11,13.7068,9031200
"2019-11-20",19.07,19.13,18.87,19.08,13.6852,9272500
"2019-11-21",19.15,19.19,18.89,19.1,13.6996,7159800
"2019-11-22",19.14,19.4,19.12,19.26,13.8144,6092600
"2019-11-25",19.3,19.5,19.25,19.42,13.9291,9302200
"2019-11-26",19.31,19.4,19.22,19.29,13.8359,7815500
"2019-11-27",19.4,19.49,19.29,19.45,13.9506,6084000
"2019-11-29",19.42,19.54,19.37,19.39,13.9076,3809000
"2019-12-02",19.33,19.43,19.05,19.06,13.8026,8836000
"2019-12-03",18.79,18.82,18.54,18.77,13.5926,7457900
"2019-12-04",18.88,19.18,18.8,19.09,13.8243,7785000
"2019-12-05",19.18,19.32,19.07,19.3,13.9764,7038500
"2019-12-06",19.57,19.77,19.57,19.66,14.2371,11302100
"2019-12-09",19.6,19.7,19.52,19.64,14.2226,8498600
"2019-12-10",19.58,19.8,19.51,19.71,14.2733,8486800
"2019-12-11",19.73,19.8,19.61,19.65,14.2299,5726700
"2019-12-12",19.77,20.4,19.7,20.39,14.7657,10212300
"2019-12-13",20.26,20.43,19.97,20.06,14.5268,7304900
"2019-12-16",20.18,20.29,20.07,20.11,14.563,13741900
"2019-12-17",20.17,20.48,20.08,20.36,14.744,9229800
"2019-12-18",20.45,20.49,20.28,20.31,14.7078,9792400
"2019-12-19",20.36,20.36,20.15,20.22,14.6426,6998000
"2019-12-20",20.41,20.53,20.24,20.4,14.773,14328400
"2019-12-23",20.4,20.4,20.24,20.25,14.6644,5943600
"2019-12-24",20.26,20.35,20.23,20.35,14.7368,4366900
"2019-12-26",20.38,20.42,20.26,20.37,14.7513,3581200
"2019-12-27",20.41,20.45,20.23,20.28,14.6861,4797300
"2019-12-30",20.44,20.45,20.2,20.22,14.6426,5349800
"2019-12-31",20.21,20.35,20.15,20.24,14.6571,6166800
"2020-01-02",20.36,20.37,20.01,20.26,14.6716,11104200
"2020-01-03",19.92,20.03,19.77,19.91,14.4181,6898800
"2020-01-06",19.62,19.68,19.47,19.61,14.2009,9225600
"2020-01-07",19.58,19.64,19.36,19.46,14.0923,8343900
"2020-01-08",19.48,19.77,19.44,19.65,14.2299,10701700
"2020-01-09",19.79,19.82,19.58,19.69,14.2588,7836700
"2020-01-10",19.69,19.71,19.39,19.45,14.085,6898600
"2020-01-13",19.49,19.52,19.33,19.48,14.1067,8704500
"2020-01-14",19.5,19.68,19.42,19.5,14.1212,10120300
"2020-01-15",19.31,19.33,19.07,19.17,13.8823,11296900
"2020-01-16",19.31,19.47,19.22,19.41,14.0561,7813900
"2020-01-17",19.54,19.6,19.42,19.59,14.1864,9686800
"2020-01-21",19.48,19.67,19.37,19.5,14.1212,11608300
"2020-01-22",19.57,19.65,19.46,19.62,14.2081,12092800
"2020-01-23",19.76,20.07,19.38,19.83,14.3602,14745300
"2020-01-24",19.94,19.95,19.13,19.29,13.9692,9356400
"2020-01-27",18.83,19.01,18.71,18.84,13.6433,10412200
"2020-01-28",18.97,19.24,18.88,19.09,13.8243,8932100
"2020-01-29",19.11,19.28,18.88,18.88,13.6722,8441600
"2020-01-30",18.67,19.09,18.57,19.08,13.8171,9626700
"2020-01-31",18.83,18.9,18.63,18.71,13.5491,16521800
"2020-02-03",18.89,19.14,18.88,18.98,13.7447,9474400
"2020-02-04",19.34,19.53,19.31,19.35,14.0126,10445900
"2020-02-05",19.63,20.04,19.63,20.01,14.4906,11465500
"2020-02-06",20.16,20.24,19.6,19.61,14.2009,9084700
"2020-02-07",19.42,19.66,19.34,19.6,14.1936,8710700
"2020-02-10",19.5,19.65,19.48,19.52,14.1357,8029300
"2020-02-11",19.63,19.83,19.54,19.7,14.2661,6421600
"2020-02-12",19.82,19.99,19.67,19.71,14.2733,5983000
"2020-02-13",19.61,19.73,19.5,19.72,14.2805,7548600
"2020-02-14",19.7,19.79,19.59,19.73,14.2878,6350500
"2020-02-18",19.66,19.73,19.28,19.56,14.1647,7611200
"2020-02-19",19.63,19.83,19.55,19.73,14.2878,6923000
"2020-02-20",19.66,20.12,19.66,20.02,14.4978,8423800
"2020-02-21",19.88,19.95,19.5,19.67,14.2443,8108000
"2020-02-24",19,19.12,18.84,18.98,13.7447,7456100
"2020-02-25",19.02,19.05,17.96,18.04,13.0639,10468800
"2020-02-26",18.2,18.31,17.66,17.67,12.796,10241800
"2020-02-27",17.23,17.54,16.7,16.71,12.1008,13973800
"2020-02-28",16.1,16.46,15.84,16.35,11.8401,21650200
"2020-03-02",16.21,16.98,15.88,16.97,12.4297,13350600
"2020-03-03",16.86,17.33,15.94,16.21,11.8731,22824300
"2020-03-04",16.37,16.7,15.94,16.69,12.2246,13860900
"2020-03-05",16.03,16.2,15.78,15.98,11.7046,15279300
"2020-03-06",15.08,15.62,14.68,14.87,10.8916,23797200
"2020-03-09",13.33,13.41,12.15,12.16,8.9066,15961300
"2020-03-10",12.86,13.5,12.07,13.37,9.7929,17303800
"2020-03-11",12.88,13.01,12.09,12.25,8.9726,29399900
"2020-03-12",11.18,12.1,10.53,10.87,7.9618,20950900
"2020-03-13",11.93,12.74,11.34,12.73,9.3241,17318400
"2020-03-16",10,11.37,9.99,9.99,7.3172,17925300
"2020-03-17",10.28,10.33,9.32,10.24,7.5003,20549200
"2020-03-18",9.6,9.75,7.94,8.16,5.9768,17912800
"2020-03-19",7.96,9.78,7.45,9.35,6.8484,13965800
"2020-03-20",9.5,9.86,8.5,9.19,6.7312,23725300
"2020-03-23",9.05,9.27,8.32,8.56,6.2698,16697600
"2020-03-24",9.32,9.97,9.24,9.77,7.1561,15626800
"2020-03-25",10.02,10.43,9.61,9.82,7.1927,20647100
"2020-03-26",9.97,11.59,9.65,11.46,8.3939,22494500
"2020-03-27",10.72,11.69,10.7,11.2,8.2035,20794800
"2020-03-30",11.04,11.24,10.38,10.79,7.9032,15175400
"2020-03-31",10.68,10.86,10.12,10.37,7.5955,15997000
"2020-04-01",9.63,9.72,9.35,9.45,6.9217,14533700
"2020-04-02",9.41,10.02,9.15,9.48,6.9437,14255200
"2020-04-03",9.4,9.68,8.96,9.07,6.6433,11898600
"2020-04-06",9.8,10.09,9.5,9.95,7.2879,13435800
"2020-04-07",10.81,11.04,10.31,10.45,7.6541,19699300
"2020-04-08",10.69,11.46,10.57,11.33,8.2987,13998100
"2020-04-09",11.95,12.37,11.71,12.01,8.7968,20269900
"2020-04-13",12.06,12.09,11.36,11.56,8.4672,9937500
"2020-04-14",11.81,11.9,10.9,11.14,8.1595,11881600
"2020-04-15",10.39,10.64,10.25,10.31,7.5516,13975700
"2020-04-16",10.35,10.4,9.59,9.74,7.1341,15631500
"2020-04-17",10.27,10.92,10.23,10.81,7.9178,20448200
"2020-04-20",10.36,11.37,10.28,10.93,8.0057,15870100
"2020-04-21",10.38,10.84,10.3,10.32,7.5589,16088800
"2020-04-22",10.61,10.77,10.19,10.23,7.493,14957800
"2020-04-23",10.35,10.74,10.24,10.63,7.786,15754700
"2020-04-24",10.78,11.06,10.66,10.9,7.9837,12073100
"2020-04-27",10.99,11.68,10.99,11.61,8.5038,13598800
"2020-04-28",12.21,12.38,11.76,11.83,8.6649,12635500
"2020-04-29",12.42,12.54,12.08,12.25,8.9726,10844800
"2020-04-30",11.8,11.96,11.47,11.65,8.5331,9352600
"2020-05-01",11.26,11.33,10.89,11.07,8.1083,7417700
"2020-05-04",10.64,10.82,10.46,10.7,7.8372,11397400
"2020-05-05",10.99,11.18,10.61,10.63,7.786,9655900
"2020-05-06",10.76,10.89,10.15,10.36,7.5882,12918900
"2020-05-07",10.54,11.09,10.51,10.76,7.8812,11804100
"2020-05-08",11.07,11.31,10.92,11.28,8.2621,9225700
"2020-05-11",11.02,11.05,10.55,10.7,7.8372,8511700
"2020-05-12",10.78,11,10.16,10.17,7.4491,11504700
"2020-05-13",10.07,10.14,9.55,9.66,7.0755,15763600
"2020-05-14",9.38,10.01,9.05,9.92,7.2659,18563800
"2020-05-15",9.78,10.01,9.6,9.72,7.1194,10252400
"2020-05-18",10.31,10.78,10.23,10.71,7.8446,9910700
"2020-05-19",10.56,10.64,10.19,10.21,7.4783,7718900
"2020-05-20",10.48,10.8,10.41,10.74,7.8665,10154400
"2020-05-21",10.67,10.95,10.63,10.71,7.8446,9365000
"2020-05-22",10.77,10.87,10.47,10.74,7.8665,9706900
"2020-05-26",11.45,12.06,11.38,11.86,8.6869,12681600
"2020-05-27",12.54,12.82,12.1,12.74,9.3315,13175400
"2020-05-28",13,13.03,12.03,12.09,8.8554,10332900
"2020-05-29",11.82,12.05,11.61,11.85,8.6796,15634800
"2020-06-01",11.75,11.97,11.59,11.85,8.8172,8024500
"2020-06-02",12.06,12.26,11.84,11.98,8.914,7513500
"2020-06-03",12.31,12.72,12.24,12.58,9.3604,16029800
"2020-06-04",12.59,13.55,12.45,13.53,10.0673,15875800
"2020-06-05",14.87,15.32,14.37,14.56,10.8337,24089200
"2020-06-08",15.06,15.28,14.6,15.21,11.3173,14806500
"2020-06-09",14.5,15.17,14.33,14.79,11.0048,24688800
"2020-06-10",14.65,14.65,13.81,13.88,10.3277,25464000
"2020-06-11",12.62,13.2,12.47,12.7,9.4497,19858600
"2020-06-12",13.5,13.52,12.7,13.22,9.8366,15234700
"2020-06-15",12.48,13.49,12.38,13.37,9.9482,15870300
"2020-06-16",14.12,14.15,13.37,13.72,10.2086,16009500
"2020-06-17",13.79,13.81,13.44,13.48,10.0301,10680700
"2020-06-18",13.31,13.72,13.12,13.58,10.1045,12793700
"2020-06-19",13.9,13.9,13.01,13.35,9.9333,23224200
"2020-06-22",13.16,13.54,13.09,13.39,9.9631,7391300
"2020-06-23",13.65,13.82,13.33,13.35,9.9333,9958900
"2020-06-24",13.06,13.14,12.47,12.49,9.2934,10606400
"2020-06-25",12.38,12.94,12.27,12.91,9.6059,7269400
"2020-06-26",12.47,12.6,11.76,11.76,8.7503,15776200
"2020-06-29",11.96,12.1,11.65,11.87,8.8321,15321400
"2020-06-30",11.75,12.26,11.62,12.18,9.0628,13704400
"2020-07-01",12.23,12.24,11.57,11.69,8.6982,12865100
"2020-07-02",12.1,12.21,11.6,11.71,8.7131,14911700
"2020-07-06",12.05,12.28,11.76,11.95,8.8916,7342600
"2020-07-07",11.79,11.89,11.4,11.45,8.5196,7305300
"2020-07-08",11.4,11.67,11.28,11.6,8.6312,7519200
"2020-07-09",11.48,11.53,10.95,11.03,8.2071,8606500
"2020-07-10",10.89,11.56,10.86,11.55,8.594,10252400
"2020-07-13",11.81,11.97,11.42,11.76,8.7503,9782400
"2020-07-14",11.69,11.73,11.29,11.39,8.475,8854100
"2020-07-15",11.8,12.04,11.63,11.99,8.9214,13127100
"2020-07-16",11.79,12.23,11.72,11.98,8.914,8019200
"2020-07-17",11.94,12.02,11.66,11.69,8.6982,8349500
"2020-07-20",11.66,11.77,11.44,11.46,8.527,8021600
"2020-07-21",11.55,12.14,11.55,12.14,9.033,26050400
"2020-07-22",11.76,12.13,11.72,11.97,8.9065,13285800
"2020-07-23",12,12.49,11.9,12.41,9.2339,9238900
"2020-07-24",12.46,12.63,12.22,12.25,9.1149,8283000
"2020-07-27",12.16,12.23,11.98,12.09,8.9958,10738500
"2020-07-28",12.02,12.2,11.97,11.99,8.9214,5918600
"2020-07-29",11.95,12.57,11.89,12.56,9.3455,11284400
"2020-07-30",12.16,12.23,11.82,12.21,9.0851,7586800
"2020-07-31",12.12,12.13,11.84,12.01,8.9363,8889100
"2020-08-03",12,12.16,11.9,12.03,8.9512,5826400
"2020-08-04",12.03,12.14,11.95,12.08,8.9884,10166700
"2020-08-05",12.21,12.3,12.09,12.28,9.1372,5104100
"2020-08-06",12.15,12.35,12.07,12.18,9.0628,7753500
"2020-08-07",12.07,12.56,11.95,12.53,9.3232,7019400
"2020-08-10",12.57,12.93,12.54,12.71,9.4571,5431700
"2020-08-11",13.19,13.51,13,13.08,9.7324,7375100
"2020-08-12",13.4,13.47,12.67,12.89,9.5911,6995100
"2020-08-13",12.67,12.84,12.57,12.63,9.3976,5107600
"2020-08-14",12.5,12.89,12.46,12.75,9.4869,4271900
"2020-08-17",12.66,12.7,12.41,12.44,9.2562,8521600
"2020-08-18",12.46,12.46,12.11,12.17,9.0553,4624700
"2020-08-19",12.22,12.41,12.1,12.17,9.0553,5379300
"2020-08-20",11.99,12.07,11.87,11.99,8.9214,8017600
"2020-08-21",11.9,12.09,11.85,11.95,8.8916,10263000
"2020-08-24",12,12.4,11.89,12.39,9.219,8550300
"2020-08-25",12.59,12.73,12.28,12.51,9.3083,8896300
"2020-08-26",12.41,12.43,12.23,12.26,9.1223,11753300
"2020-08-27",12.3,12.72,12.2,12.67,9.4274,12963400
"2020-08-28",12.76,12.84,12.66,12.77,9.5018,9398800
"2020-08-31",12.55,12.59,12.31,12.32,9.3017,15158700
"2020-09-01",12.19,12.61,12.14,12.53,9.4602,10700800
"2020-09-02",12.52,12.76,12.42,12.71,9.5961,9088000
"2020-09-03",12.81,13.22,12.51,12.63,9.5357,11518600
"2020-09-04",12.98,13.14,12.58,12.89,9.732,8333600
"2020-09-08",12.62,12.7,12.4,12.52,9.4527,9521000
"2020-09-09",12.61,12.68,12.42,12.55,9.4753,5711600
"2020-09-10",12.67,12.83,12.28,12.29,9.279,7749100
"2020-09-11",12.28,12.47,12.17,12.36,9.3319,8370700
"2020-09-14",12.5,12.86,12.45,12.81,9.6716,9339400
"2020-09-15",12.81,12.85,12.49,12.53,9.4602,6396300
"2020-09-16",12.55,12.98,12.45,12.71,9.5961,7553000
"2020-09-17",12.5,12.77,12.43,12.68,9.5735,8759000
"2020-09-18",12.59,12.75,12.54,12.65,9.5508,12371500
"2020-09-21",12.31,12.45,11.94,12.05,9.0978,8630700
"2020-09-22",12.05,12.15,11.66,11.74,8.8638,10851200
"2020-09-23",11.84,12.05,11.53,11.54,8.7128,6891800
"2020-09-24",11.57,11.84,11.33,11.55,8.7203,6403900
"2020-09-25",11.43,11.77,11.37,11.71,8.8411,5415200
"2020-09-28",11.94,12.19,11.92,12.13,9.1582,7616600
"2020-09-29",12.09,12.09,11.6,11.83,8.9317,6785100
"2020-09-30",11.93,12.11,11.81,11.93,9.0072,10530500
"2020-10-01",11.97,12.08,11.75,11.92,8.9997,7231200
"2020-10-02",11.69,12.34,11.6,12.22,9.2262,8707200
"2020-10-05",12.4,12.78,12.32,12.76,9.6339,6938500
"2020-10-06",12.96,13.21,12.55,12.6,9.5131,9601500
"2020-10-07",12.79,13.33,12.79,13.16,9.9359,9168000
"2020-10-08",13.23,13.4,13.06,13.31,10.0491,7031600
"2020-10-09",13.39,13.41,13.04,13.12,9.9057,4367700
"2020-10-12",13.14,13.35,13.09,13.29,10.034,5037600
"2020-10-13",13.17,13.21,12.74,12.81,9.6716,7050200
"2020-10-14",12.83,12.99,12.66,12.67,9.5659,4931800
"2020-10-15",12.53,12.99,12.5,12.98,9.8,4552800
"2020-10-16",12.97,13.01,12.66,12.93,9.7622,5556600
"2020-10-19",12.99,13.11,12.76,12.78,9.649,4625700
"2020-10-20",13,13.33,12.93,13.08,9.8755,8018500
"2020-10-21",12.5,12.77,12.29,12.42,9.3772,13325800
"2020-10-22",12.48,13.11,12.39,13.08,9.8755,8289700
"2020-10-23",13.24,13.49,13.14,13.45,10.1549,9689200
"2020-10-26",13.09,13.23,12.86,13,9.8151,8580700
"2020-10-27",12.91,12.97,12.62,12.63,9.5357,5671500
"2020-10-28",12.35,12.62,12.12,12.4,9.3621,7233000
"2020-10-29",12.32,12.86,12.19,12.75,9.6263,7154100
"2020-10-30",12.66,12.99,12.54,12.98,9.8,6659500
"2020-11-02",13.13,13.52,12.87,13.43,10.1397,9870500
"2020-11-03",13.75,13.94,13.64,13.77,10.3965,6904600
"2020-11-04",13.34,13.34,12.54,12.54,9.4678,11274400
"2020-11-05",12.62,13.31,12.61,13.16,9.9359,8837800
"2020-11-06",13.34,13.56,12.82,12.82,9.6792,21146200
"2020-11-09",14.23,15.4,14.22,15.2,11.4761,16639200
"2020-11-10",15.36,15.59,14.95,15.55,11.7404,13058200
"2020-11-11",15.58,15.61,14.89,15.02,11.3402,8948500
"2020-11-12",14.78,14.81,14.26,14.48,10.9325,7294400
"2020-11-13",14.68,14.94,14.61,14.87,11.227,6393200
"2020-11-16",15.6,15.84,15.43,15.8,11.9291,9243300
"2020-11-17",15.45,15.79,15.19,15.67,11.831,6341900
"2020-11-18",15.78,16.02,15.5,15.51,11.7102,5893200
"2020-11-19",15.33,15.65,15.16,15.62,11.7932,4796800
"2020-11-20",15.5,15.52,15.18,15.33,11.5743,5507800
"2020-11-23",15.64,15.9,15.49,15.66,11.8234,6739800
"2020-11-24",16.13,16.76,16.09,16.75,12.6464,7953100
"2020-11-25",16.45,16.56,16.23,16.51,12.4652,5478800
"2020-11-27",16.43,16.59,16.14,16.33,12.3293,4249600
"2020-11-30",16.02,16.18,15.38,15.46,11.8062,12859800
"2020-12-01",15.9,16.12,15.8,15.84,12.0964,9903300
"2020-12-02",15.73,16.17,15.63,15.95,12.1804,14050900
"2020-12-03",16.01,16.11,15.78,15.96,12.188,12530300
"2020-12-04",16.12,16.31,15.96,16.12,12.3102,12094900
"2020-12-07",15.97,15.98,15.64,15.87,12.1193,9526000
"2020-12-08",15.75,16.06,15.66,15.96,12.188,12191000
"2020-12-09",16.2,16.38,15.95,16.05,12.2567,9309300
"2020-12-10",15.98,16.16,15.73,16.08,12.2796,9879900
"2020-12-11",15.82,15.99,15.67,15.84,12.0964,5691000
"2020-12-14",16.13,16.13,15.38,15.43,11.7833,7164200
"2020-12-15",15.62,15.7,15.32,15.69,11.9818,22412600
"2020-12-16",15.77,15.77,15.52,15.76,12.0353,8907500
"2020-12-17",15.74,15.77,15.38,15.58,11.8978,6690500
"2020-12-18",15.63,15.66,15.25,15.42,11.7756,16984000
"2020-12-21",15.62,15.92,15.29,15.75,12.0276,10821000
"2020-12-22",15.8,15.93,15.74,15.74,12.02,8066400
"2020-12-23",15.95,16.42,15.92,16.33,12.4705,5907100
"2020-12-24",16.38,16.4,15.97,16.19,12.3636,2250900
"2020-12-28",16.34,16.52,16.18,16.25,12.4095,4224200
"2020-12-29",16.28,16.31,15.95,15.97,12.1956,4671800
"2020-12-30",16.01,16.32,15.98,16.25,12.4095,5757800
"2020-12-31",16.23,16.44,16.1,16.41,12.5316,4131200
"2021-01-04",16.58,16.58,16.03,16.29,12.44,8488000
"2021-01-05",16.31,16.76,16.19,16.55,12.6386,5927700
"2021-01-06",17.26,18.31,17.1,18.16,13.868,16270000
"2021-01-07",18.49,18.81,18.45,18.49,14.12,8182400
"2021-01-08",18.45,18.47,17.92,18.24,13.9291,6472500
"2021-01-11",18,18.5,17.81,18.48,14.1124,5397900
"2021-01-12",18.64,18.96,18.48,18.84,14.3873,6267600
"2021-01-13",18.7,18.88,18.52,18.79,14.3491,5640300
"2021-01-14",18.95,19.22,18.84,18.93,14.4561,9962800
"2021-01-15",18.54,18.74,18.2,18.41,14.059,11254100
"2021-01-19",18.51,18.58,18.27,18.55,14.1659,5676500
"2021-01-20",18.44,18.48,18.11,18.29,13.9673,5875400
"2021-01-21",18.3,18.88,18.11,18.15,13.8604,11935000
"2021-01-22",17.97,18.34,17.85,18.2,13.8986,5855800
"2021-01-25",18.02,18.02,17.47,17.78,13.5779,9622400
"2021-01-26",17.99,18.08,17.45,17.46,13.3335,8245100
"2021-01-27",17.04,17.15,16.69,16.72,12.7684,11048800
"2021-01-28",17.07,17.43,16.91,17.32,13.2266,9009200
"2021-01-29",17.22,17.44,16.74,16.86,12.8753,9279700
"2021-02-01",17.02,17.21,16.84,17.16,13.1044,6595500
"2021-02-02",17.45,17.88,17.38,17.67,13.4938,6574600
"2021-02-03",17.7,18.08,17.68,18.07,13.7993,7839500
"2021-02-04",18.15,18.91,18.15,18.71,14.2881,8881000
"2021-02-05",18.92,19.01,18.53,18.57,14.1811,5407800
"2021-02-08",18.6,18.92,18.59,18.92,14.4484,4407400
"2021-02-09",18.83,18.98,18.7,18.94,14.4637,5278200
"2021-02-10",19.03,19.22,18.89,18.96,14.479,6086300
"2021-02-11",18.91,19.05,18.45,18.83,14.3797,4505600
"2021-02-12",18.86,19.22,18.77,19.07,14.563,4066400
"2021-02-16",19.38,19.87,19.29,19.79,15.1128,7520600
"2021-02-17",19.72,19.94,19.48,19.72,15.0593,6683700
"2021-02-18",19.52,19.61,19.22,19.48,14.8761,6315100
"2021-02-19",19.61,20.25,19.61,20.15,15.3877,8467000
"2021-02-22",20.1,20.64,20.1,20.49,15.6474,7448300
"2021-02-23",20.73,20.83,20.34,20.75,15.8459,7514300
"2021-02-24",20.9,21.56,20.85,21.54,16.4492,9459200
"2021-02-25",21.76,21.81,20.58,20.68,15.7925,9252400
"2021-02-26",20.42,20.63,19.96,20.14,15.3801,9586300
"2021-03-01",20.42,20.87,20.36,20.74,15.9851,6481900
"2021-03-02",20.63,20.88,20.59,20.65,15.9158,5746900
"2021-03-03",20.79,21.38,20.62,20.64,15.908,7689500
"2021-03-04",20.56,20.88,19.75,20.24,15.5997,9735400
"2021-03-05",20.82,20.92,19.85,20.66,15.9235,12799900
"2021-03-08",20.98,21.55,20.74,21.22,16.3551,12809200
"2021-03-09",20.87,20.9,20.2,20.46,15.7693,10897700
"2021-03-10",20.47,21.16,20.39,21.16,16.3088,11770700
"2021-03-11",20.96,21.26,20.86,21.1,16.2626,7386200
"2021-03-12",21.43,21.58,21.15,21.29,16.409,9054400
"2021-03-15",21.25,21.36,20.57,20.87,16.0853,13783100
"2021-03-16",20.8,20.8,20.16,20.31,15.6537,16128200
"2021-03-17",20.67,20.83,20.18,20.38,15.7076,11510900
"2021-03-18",20.77,21.36,20.58,20.72,15.9697,13549500
"2021-03-19",20.41,20.68,20.01,20.39,15.7154,34834600
"2021-03-22",20.3,20.34,19.68,19.92,15.3531,10595600
"2021-03-23",19.67,19.86,19.24,19.26,14.8444,12764400
"2021-03-24",19.65,19.93,19.25,19.26,14.8444,10270800
"2021-03-25",19.15,20.01,19,19.89,15.33,13003800
"2021-03-26",20.2,20.34,19.82,20.15,15.5304,11749000
"2021-03-29",19.84,19.88,19.21,19.48,15.014,12310800
"2021-03-30",19.71,20.21,19.71,20.09,15.4841,10257900
"2021-03-31",20.07,20.31,19.92,19.98,15.3994,12576300
"2021-04-01",19.92,20.33,19.86,20.27,15.6229,9114000
"2021-04-05",20.57,20.73,20.13,20.29,15.6383,6661300
"2021-04-06",20.22,20.39,20.02,20.32,15.6614,6868300
"2021-04-07",20.41,20.55,20.24,20.54,15.831,7573200
"2021-04-08",20.24,20.39,19.91,20.33,15.6691,9500600
"2021-04-09",20.6,20.83,20.46,20.61,15.8849,9630900
"2021-04-12",20.73,20.87,20.65,20.84,16.0622,5648700
"2021-04-13",20.73,20.77,20.23,20.48,15.7847,7421800
"2021-04-14",20.36,20.99,20.36,20.8,16.0314,7120100
"2021-04-15",20.85,20.85,20.22,20.6,15.8772,9358900
"2021-04-16",20.86,20.99,20.62,20.68,15.9389,7957600
"2021-04-19",20.78,20.96,20.36,20.42,15.7385,9297600
"2021-04-20",20.2,20.38,19.75,19.84,15.2914,12741800
"2021-04-21",19.73,20.48,19.58,20.44,15.7539,7804200
"2021-04-22",20.48,20.5,20,20.01,15.4225,8462600
"2021-04-23",20.05,20.88,19.88,20.77,16.0082,11988200
"2021-04-26",21.04,21.47,21.02,21.27,16.3936,12438100
"2021-04-27",21.34,21.48,21.19,21.45,16.5323,8168200
"2021-04-28",21.51,21.65,21.35,21.55,16.6094,6183900
"2021-04-29",21.87,22.11,21.76,22.06,17.0025,7068500
"2021-04-30",21.94,22.13,21.75,21.76,16.7713,7420200
"2021-05-03",22,22.16,21.72,22,16.9562,5854500
"2021-05-04",21.91,22.4,21.72,22.4,17.2645,11013200
"2021-05-05",22.44,22.8,22.13,22.72,17.5112,9537800
"2021-05-06",22.82,22.9,22.4,22.89,17.6422,5294100
"2021-05-07",22.42,23.08,22.37,23.07,17.7809,7003700
"2021-05-10",23.26,23.44,22.96,22.96,17.6962,6686600
"2021-05-11",22.77,23.3,22.58,22.75,17.5343,8471600
"2021-05-12",23.12,23.25,22.21,22.28,17.1721,7340100
"2021-05-13",22.14,23.13,22.1,22.99,17.7193,8582800
"2021-05-14",23.07,23.45,22.97,23.39,18.0276,7187900
"2021-05-17",23.27,23.55,23.15,23.52,18.1278,5164800
"2021-05-18",23.51,23.65,23.05,23.06,17.7732,5807900
"2021-05-19",22.85,22.93,22.47,22.9,17.6499,6922400
"2021-05-20",22.88,23,22.55,22.83,17.596,4949200
"2021-05-21",22.97,23.33,22.93,23.12,17.8195,5861800
"2021-05-24",23.22,23.24,22.92,23.04,17.7578,6449300
"2021-05-25",23.09,23.45,22.63,22.67,17.4726,5525300
"2021-05-26",22.72,22.97,22.59,22.91,17.6576,4989600
"2021-05-27",23.22,23.33,23.07,23.27,17.9351,7545300
"2021-05-28",23.11,23.13,22.7,23.04,17.9001,5004400
"2021-06-01",23.28,23.4,23.06,23.14,17.9778,5603400
"2021-06-02",23.15,23.15,22.78,22.96,17.838,6014200
"2021-06-03",22.91,23.23,22.86,23,17.869,6518200
"2021-06-04",22.97,22.97,22.51,22.73,17.6593,4688300
"2021-06-07",22.81,22.88,22.66,22.74,17.6671,5325500
"2021-06-08",22.55,22.84,22.28,22.74,17.6671,6772200
"2021-06-09",22.49,22.53,22.19,22.26,17.2941,4466500
"2021-06-10",22.63,22.66,21.76,21.76,16.9057,5055500
"2021-06-11",21.8,22.09,21.78,21.94,17.0455,5375500
"2021-06-14",21.91,21.96,21.32,21.53,16.727,6252300
"2021-06-15",21.54,21.89,21.44,21.7,16.8591,5561100
"2021-06-16",21.54,21.97,21.25,21.86,16.9834,8570800
"2021-06-17",22.05,22.13,20.46,20.51,15.9345,8093100
"2021-06-18",20.05,20.29,19.78,19.93,15.4839,14814000
"2021-06-21",20.14,20.61,20.08,20.59,15.9967,5340100
"2021-06-22",20.58,20.72,20.29,20.56,15.9734,7639400
"2021-06-23",20.67,20.82,20.59,20.6,16.0044,6711500
"2021-06-24",20.69,21.02,20.53,20.94,16.2686,9626200
"2021-06-25",21.01,21.31,20.89,21.26,16.5172,7307200
"2021-06-28",21.14,21.14,20.55,20.67,16.0588,8846900
"2021-06-29",20.82,20.98,20.4,20.52,15.9423,7832200
"2021-06-30",20.49,20.76,20.44,20.65,16.0433,5819600
"2021-07-01",20.84,20.97,20.66,20.89,16.2298,6113700
"2021-07-02",20.88,20.91,20.61,20.72,16.0977,4785300
"2021-07-06",20.64,20.65,20.01,20.06,15.5849,8271900
"2021-07-07",19.84,20.17,19.78,19.91,15.4684,7750300
"2021-07-08",19.47,19.74,19.25,19.4,15.0722,8973800
"2021-07-09",19.88,20.21,19.69,20.17,15.6704,7741100
"2021-07-12",19.88,20.48,19.7,20.42,15.8646,6110000
"2021-07-13",20.43,20.43,19.92,20.07,15.5927,5350300
"2021-07-14",20.11,20.4,19.68,19.99,15.5305,7470500
"2021-07-15",19.8,20.33,19.7,20.16,15.6626,6798900
"2021-07-16",20.3,20.34,19.3,19.35,15.0333,8612300
"2021-07-19",18.85,19.01,18.35,18.49,14.3652,14320900
"2021-07-20",17.96,19.4,17.9,19.1,14.8391,12614900
"2021-07-21",19.32,19.66,19.3,19.41,15.0799,11760500
"2021-07-22",19.32,19.34,18.88,19,14.7614,7286300
"2021-07-23",19.25,19.53,19.01,19.1,14.8391,7375000
"2021-07-26",19.16,19.53,19.16,19.35,15.0333,7462000
"2021-07-27",19.11,19.54,18.99,19.36,15.0411,7250400
"2021-07-28",19.48,19.81,19.21,19.59,15.2198,9908300
"2021-07-29",19.82,20.06,19.63,19.87,15.4373,10000800
"2021-07-30",19.75,20.07,19.55,19.66,15.2742,8863200
"2021-08-02",19.75,20.31,19.53,19.54,15.1809,7933800
"2021-08-03",19.69,20.07,19.3,20.01,15.5461,7653400
"2021-08-04",19.67,20.1,19.59,19.63,15.2508,7512400
"2021-08-05",19.77,19.99,19.76,19.9,15.4606,5549800
"2021-08-06",20.2,20.56,20.16,20.33,15.7947,6153500
"2021-08-09",20.19,20.47,20,20.2,15.6937,6129300
"2021-08-10",20.17,20.68,20.08,20.58,15.9889,7416600
"2021-08-11",20.62,20.92,20.38,20.88,16.222,6823500
"2021-08-12",20.84,20.93,20.62,20.83,16.1831,5301300
"2021-08-13",20.95,20.99,20.58,20.68,16.0666,5761100
"2021-08-16",20.45,20.64,20.22,20.52,15.9423,6031200
"2021-08-17",20.29,20.46,19.92,20.21,15.7015,5611400
"2021-08-18",20.09,20.42,19.99,20.02,15.5538,5857900
"2021-08-19",19.78,19.98,19.57,19.74,15.3363,5763400
"2021-08-20",19.68,19.92,19.59,19.91,15.4684,6086000
"2021-08-23",20.09,20.27,20.02,20.16,15.6626,4428000
"2021-08-24",20.24,20.48,20.18,20.41,15.8568,4603300
"2021-08-25",20.5,20.98,20.39,20.85,16.1987,4973100
"2021-08-26",20.94,20.94,20.42,20.51,15.9345,5157600
"2021-08-27",20.51,20.94,20.48,20.89,16.2298,4688400
"2021-08-30",20.72,20.75,20.16,20.17,15.8104,4268200
"2021-08-31",20.21,20.48,20.12,20.32,15.928,6984700
"2021-09-01",20.34,20.36,19.92,20.01,15.685,6946100
"2021-09-02",19.99,20.32,19.93,20.12,15.7712,5525600
"2021-09-03",20.13,21.11,19.9,20.05,15.7163,6050100
"2021-09-07",20.11,20.39,20.03,20.04,15.7085,5955700
"2021-09-08",19.94,20.06,19.7,19.74,15.4733,5085800
"2021-09-09",19.7,20.16,19.61,19.97,15.6536,4872700
"2021-09-10",20.1,20.16,19.84,19.87,15.5752,6625000
"2021-09-13",20.13,20.76,20.02,20.72,16.2415,13308200
"2021-09-14",20.76,20.94,20.46,20.6,16.1474,13302500
"2021-09-15",20.72,21.14,20.7,21,16.461,11208300
"2021-09-16",20.93,21.22,20.85,20.89,16.3748,9390500
"2021-09-17",20.91,21.18,20.68,20.76,16.2729,14040200
"2021-09-20",20.15,20.19,19.68,20.06,15.7242,12057400
"2021-09-21",20.21,20.25,19.8,19.93,15.6223,8320200
"2021-09-22",20.25,20.53,20.18,20.31,15.9201,7159800
"2021-09-23",20.58,21.14,20.49,20.97,16.4375,8767200
"2021-09-24",21.01,21.34,20.97,21.14,16.5707,5767000
"2021-09-27",21.46,21.93,21.39,21.82,17.1038,8736000
"2021-09-28",21.98,22.11,21.7,21.75,17.0489,8352400
"2021-09-29",21.82,22.07,21.66,21.99,17.237,6013100
"2021-09-30",22.1,22.18,21.62,21.62,16.947,7711500
"2021-10-01",21.81,22.5,21.78,22.34,17.5114,9436100
"2021-10-04",22.37,22.83,22.29,22.41,17.5662,8231600
"2021-10-05",22.62,22.89,22.38,22.7,17.7936,7023500
"2021-10-06",22.5,22.67,22.13,22.63,17.7387,7767200
"2021-10-07",22.81,23,22.51,22.7,17.7936,10087800
"2021-10-08",22.64,23.07,22.59,22.97,18.0052,12401700
"2021-10-11",23.15,23.29,22.83,22.85,17.9111,5679800
"2021-10-12",22.76,23.01,22.65,22.85,17.9111,6940100
"2021-10-13",22.69,22.83,22.16,22.68,17.7779,7651400
"2021-10-14",22.99,23.24,22.75,23.21,18.1933,8952900
"2021-10-15",23.48,23.55,22.9,23.02,18.0444,9414800
"2021-10-18",23,23.34,22.97,23.04,18.0601,6793800
"2021-10-19",23.15,23.24,22.96,23.2,18.1855,6940500
"2021-10-20",23.06,23.77,23.01,23.72,18.5931,10598900
"2021-10-21",24,24.57,23.58,23.78,18.6401,9893700
"2021-10-22",24,24.3,23.93,24.04,18.8439,7746100
"2021-10-25",24.17,24.22,23.97,24.07,18.8674,5525200
"2021-10-26",24.12,24.12,23.82,23.89,18.7263,6028000
"2021-10-27",23.75,23.91,23.28,23.29,18.256,7458400
"2021-10-28",23.37,23.55,23.32,23.5,18.4206,4888800
"2021-10-29",23.53,23.54,23.25,23.27,18.2403,5218600
"2021-11-01",23.51,23.66,23.43,23.61,18.5069,3930600
"2021-11-02",23.55,23.71,23.45,23.53,18.4441,4948500
"2021-11-03",23.39,24.09,23.31,23.95,18.7734,6548100
"2021-11-04",23.87,23.93,23.29,23.53,18.4441,6157300
"2021-11-05",23.8,23.93,23.52,23.68,18.5617,5088500
"2021-11-08",23.82,23.98,23.51,23.7,18.5774,6969700
"2021-11-09",23.43,23.74,23.36,23.71,18.5852,6616800
"2021-11-10",23.76,24.01,23.72,23.9,18.7342,6988900
"2021-11-11",23.86,24.36,23.86,24.2,18.9693,6778900
"2021-11-12",24.15,24.36,23.89,24.09,18.8831,6491500
"2021-11-15",24.2,24.24,23.79,23.92,18.7499,7302900
"2021-11-16",23.96,24.08,23.79,23.92,18.7499,4228300
"2021-11-17",23.9,23.98,23.59,23.71,18.5852,4037700
"2021-11-18",23.71,23.79,23.41,23.67,18.5539,5779300
"2021-11-19",23.33,23.62,23.06,23.37,18.3187,7545900
"2021-11-22",23.72,24.04,23.4,23.63,18.5225,6189600
"2021-11-23",23.85,24.03,23.68,23.97,18.7891,4894700
"2021-11-24",23.98,24.19,23.83,23.96,18.7812,5113300
"2021-11-26",23.2,23.2,22.44,22.9,17.9503,8458800
"2021-11-29",23.16,23.26,22.56,22.83,18.0491,7676300
"2021-11-30",22.51,22.69,22.28,22.44,17.7408,16124800
"2021-12-01",22.91,23.03,22.04,22.06,17.4404,8518200
"2021-12-02",22.31,22.99,22.13,22.83,18.0491,8062800
"2021-12-03",22.89,23.02,22.2,22.41,17.7171,9779800
"2021-12-06",22.84,23.36,22.66,23.06,18.231,8455400
"2021-12-07",23.2,23.56,23.1,23.21,18.3496,8759800
"2021-12-08",23.22,23.46,23.1,23.1,18.2626,6288800
"2021-12-09",22.98,23.22,22.79,22.99,18.1756,5810600
"2021-12-10",23.17,23.2,22.72,23.01,18.1915,5177100
"2021-12-13",22.91,22.95,22.43,22.45,17.7487,8929500
"2021-12-14",22.53,23.02,22.46,22.76,17.9938,7643900
"2021-12-15",23.71,23.71,22.81,23.11,18.2705,11667900
"2021-12-16",23.4,23.88,23.16,23.32,18.4365,8581400
"2021-12-17",23.15,23.25,22.48,22.51,17.7962,19772200
"2021-12-20",22.19,22.22,21.66,22.07,17.4483,10854700
"2021-12-21",22.37,22.8,22.36,22.69,17.9385,6662200
"2021-12-22",22.61,22.81,22.54,22.66,17.9147,4748400
"2021-12-23",22.83,23.04,22.66,22.74,17.978,4851200
"2021-12-27",22.89,23.09,22.54,23.09,18.2547,4040300
"2021-12-28",22.94,23.29,22.94,23.19,18.3338,3964000
"2021-12-29",23.28,23.45,23.1,23.3,18.4207,3667200
"2021-12-30",23.41,23.56,23.17,23.19,18.3338,3132300
"2021-12-31",23.11,23.3,23.08,23.13,18.2863,3397000
"2022-01-03",23.45,23.81,23.42,23.58,18.6421,6834300
"2022-01-04",23.95,24.87,23.89,24.82,19.6224,8397900
"2022-01-05",25,25.27,24.66,24.67,19.5038,10080400
"2022-01-06",25.24,26.03,25.1,25.93,20.5,9425800
"2022-01-07",26,26.45,25.86,26.35,20.832,11174500
"2022-01-10",26.65,26.74,25.94,26.33,20.8162,9951900
"2022-01-11",26.51,26.54,25.98,26.43,20.8953,7982800
"2022-01-12",26.5,26.63,26.24,26.4,20.8715,10741600
"2022-01-13",26.53,26.89,26.45,26.7,21.1087,10551600
"2022-01-14",26.24,27.02,26.01,27.01,21.3538,9869500
"2022-01-18",27.15,27.17,26.42,26.6,21.0297,6643800
"2022-01-19",26.6,26.66,25.59,25.59,20.2312,10692100
"2022-01-20",25.75,26.05,25.06,25.13,19.8675,10669000
"2022-01-21",25.01,25.46,24.66,24.79,19.5987,13063000
"2022-01-24",24.35,25.09,23.92,24.99,19.7568,11456600
"2022-01-25",24.79,25.12,24.13,24.9,19.6857,7949800
"2022-01-26",25.14,25.46,24.75,25.24,19.9545,13971100
"2022-01-27",25.4,25.79,24.76,24.94,19.7173,9332300
"2022-01-28",24.87,25.13,24.52,25.13,19.8675,8776500
"2022-01-31",24.82,25.21,24.52,25.06,19.8122,8375500
"2022-02-01",25.03,25.61,24.88,25.55,20.1995,6372000
"2022-02-02",25.5,25.86,25.39,25.81,20.4051,5676700
"2022-02-03",25.95,26.14,25.57,25.61,20.247,6388300
"2022-02-04",25.75,26.35,25.65,26.17,20.6897,6724500
"2022-02-07",26.17,26.54,26.05,26.41,20.8795,7508600
"2022-02-08",26.93,27.03,26.59,26.95,21.3064,11143500
"2022-02-09",26.9,26.95,26.63,26.7,21.1087,6496500
"2022-02-10",26.71,27.1,26.42,26.55,20.9901,8221500
"2022-02-11",26.36,26.92,26.02,26.22,20.7292,11342100
"2022-02-14",26.32,26.47,25.69,25.91,20.4842,8755800
"2022-02-15",26.18,26.6,26.14,26.53,20.9743,6272200
"2022-02-16",26.3,26.82,26.26,26.61,21.0376,5209000
"2022-02-17",26.3,26.36,25.62,25.73,20.3419,6181400
"2022-02-18",25.65,26,25.55,25.64,20.2707,7210700
"2022-02-22",25.66,25.82,25.37,25.59,20.2312,7548500
"2022-02-23",25.75,25.86,24.55,24.67,19.5038,8771800
"2022-02-24",23.85,24.19,23.28,24.13,19.0769,12517100
"2022-02-25",24.34,25.34,24.29,25.3,20.0019,8884300
"2022-02-28",24.24,25.07,24.24,25.07,19.974,11545700
"2022-03-01",24.72,24.77,22.84,22.99,18.3168,14839300
"2022-03-02",23.4,24.34,23.4,24.17,19.257,12759200
"2022-03-03",24.14,24.36,23.73,24.16,19.249,10191800
"2022-03-04",23.3,23.55,22.87,23.22,18.5001,8838100
"2022-03-07",22.97,23.08,22.11,22.12,17.6237,13428000
"2022-03-08",22.65,23.07,22.1,22.4,17.8467,12318900
"2022-03-09",23.26,23.61,23.13,23.32,18.5797,7809000
"2022-03-10",22.89,23.37,22.73,22.96,18.2929,11670900
"2022-03-11",23.23,23.71,22.89,22.92,18.261,7928500
"2022-03-14",23.4,24.31,23.38,23.81,18.9701,11074500
"2022-03-15",23.97,24.16,23.49,23.84,18.994,6940200
"2022-03-16",24.29,24.71,23.84,24.36,19.4083,12916900
"2022-03-17",23.84,24.13,23.55,24.13,19.2251,7443500
"2022-03-18",24.09,24.09,23.43,23.93,19.0657,24007000
"2022-03-21",24.02,24.36,23.72,23.89,19.0339,6494300
"2022-03-22",24.28,24.62,24.15,24.33,19.3844,6197900
"2022-03-23",24.09,24.3,23.46,23.52,18.7391,5056000
"2022-03-24",23.73,23.9,23.47,23.6,18.8028,5844900
"2022-03-25",23.65,24.05,23.54,23.89,19.0339,6459700
"2022-03-28",23.68,23.68,23.05,23.43,18.6674,6018300
"2022-03-29",23.86,23.96,23.42,23.63,18.8267,5608300
"2022-03-30",23.62,23.65,22.81,23.01,18.3328,8303100
"2022-03-31",22.97,23.21,22.36,22.38,17.8308,8962700
"2022-04-01",22.61,22.75,21.55,21.66,17.2572,14329300
"2022-04-04",21.62,21.71,21.17,21.58,17.1934,8741400
"2022-04-05",21.44,21.78,21.32,21.35,17.0102,9276200
"2022-04-06",21.19,21.31,20.85,20.92,16.6676,10894900
"2022-04-07",20.99,21.06,20.44,20.73,16.5162,9634000
"2022-04-08",21,21.02,20.65,20.77,16.5481,10992700
"2022-04-11",20.78,21.36,20.72,20.86,16.6198,7571600
"2022-04-12",20.83,21.1,20.35,20.5,16.333,9048500
"2022-04-13",20.27,20.59,20.2,20.58,16.3967,12789100
"2022-04-14",20.6,20.72,20.4,20.48,16.317,9067900
"2022-04-18",20.46,20.8,20.42,20.77,16.5481,9049300
"2022-04-19",20.88,21.51,20.8,21.43,17.0739,12486100
"2022-04-20",21.71,22.17,21.57,21.75,17.3289,13951100
"2022-04-21",21.2,22.13,20.91,21.08,16.7951,16539300
"2022-04-22",21.11,21.19,20.69,20.71,16.5003,13425700
"2022-04-25",20.55,20.7,20.02,20.63,16.4365,15848300
"2022-04-26",20.19,20.58,19.9,19.91,15.8629,11212500
"2022-04-27",19.95,20.13,19.76,19.86,15.823,11467400
"2022-04-28",20.07,20.18,19.76,20.03,15.9585,8962800
"2022-04-29",19.97,20.17,19.26,19.31,15.3849,10362700
"2022-05-02",19.39,19.55,19.02,19.47,15.5123,10348400
"2022-05-03",19.66,19.87,19.46,19.71,15.7035,8193300
"2022-05-04",19.67,20.34,19.58,20.28,16.1577,10343100
"2022-05-05",19.99,20.1,19.4,19.78,15.7593,9991500
"2022-05-06",19.77,19.79,19.19,19.54,15.5681,8197000
"2022-05-09",19.28,19.43,18.9,19.18,15.2813,9018300
"2022-05-10",19.48,19.5,18.61,18.92,15.0741,12488300
"2022-05-11",18.93,19.37,18.54,18.58,14.8032,9088400
"2022-05-12",18.54,18.77,18.15,18.53,14.7634,12601100
"2022-05-13",18.7,18.89,18.49,18.62,14.8351,8640000
"2022-05-16",18.65,18.74,18.34,18.53,14.7634,7519000
"2022-05-17",18.91,19.33,18.91,19.22,15.3131,6574200
"2022-05-18",19.01,19.08,18.39,18.51,14.7475,7998000
"2022-05-19",18.25,18.52,18.13,18.36,14.628,9430400
"2022-05-20",18.44,18.68,17.93,18.32,14.5961,9884200
"2022-05-23",18.8,19.14,18.61,18.95,15.098,9014500
"2022-05-24",18.91,19.12,18.41,19.05,15.1777,13355300
"2022-05-25",18.95,19.71,18.95,19.52,15.5522,16263100
"2022-05-26",19.63,20.01,19.63,19.92,15.8709,15423800
"2022-05-27",19.75,19.92,19.66,19.82,15.9473,6529700
"2022-05-31",19.51,20.12,19.45,19.96,16.0599,22267600
"2022-06-01",20.05,20.05,19.21,19.5,15.6898,8022500
"2022-06-02",19.58,19.96,19.42,19.92,16.0278,5045400
"2022-06-03",19.78,19.86,19.58,19.64,15.8025,7764800
"2022-06-06",19.86,19.99,19.63,19.66,15.8186,6143800
"2022-06-07",19.45,19.77,19.39,19.72,15.8668,7363400
"2022-06-08",19.5,19.55,19.21,19.32,15.545,6142000
"2022-06-09",19.3,19.34,18.65,18.65,15.0059,6735000
"2022-06-10",18.2,18.36,17.74,17.77,14.2979,7510000
"2022-06-13",17.3,17.74,17.12,17.39,13.9921,16276700
"2022-06-14",17.41,17.71,17.25,17.54,14.1128,15323400
"2022-06-15",17.74,18.03,17.54,17.74,14.2737,14413900
"2022-06-16",17.35,17.4,16.95,17.08,13.7427,8566500
"2022-06-17",17.12,17.51,17.09,17.26,13.8875,17306600
"2022-06-21",17.74,17.85,17.4,17.52,14.0967,7033200
"2022-06-22",17.27,17.49,17.15,17.41,14.0082,15142500
"2022-06-23",17.27,17.31,16.69,17,13.6783,14936000
"2022-06-24",17.05,17.93,17.01,17.83,14.3461,14867300
"2022-06-27",17.94,17.98,17.44,17.56,14.1289,8650200
"2022-06-28",17.76,18.12,17.56,17.61,14.1691,7895100
"2022-06-29",17.7,17.7,17.39,17.49,14.0726,7174700
"2022-06-30",16.94,17.55,16.75,17.23,13.8634,10531100
"2022-07-01",17.17,17.6,16.95,17.5,14.0806,8677000
"2022-07-05",17.06,17.38,16.8,17.38,13.9841,6269700
"2022-07-06",17.23,17.4,17.04,17.25,13.8795,7574900
"2022-07-07",17.5,17.67,17.41,17.62,14.1772,5105000
"2022-07-08",17.78,17.87,17.4,17.49,14.0726,5668400
"2022-07-11",17.32,17.59,17.24,17.41,14.0082,7266100
"2022-07-12",17.21,17.69,17.18,17.31,13.9277,6039000
"2022-07-13",17.12,17.14,16.72,16.99,13.6703,6078500
"2022-07-14",16.6,16.72,16.41,16.63,13.3806,6595600
"2022-07-15",16.96,17.61,16.82,17.52,14.0967,8562500
"2022-07-18",17.79,18.09,17.61,17.7,14.2415,7110900
"2022-07-19",17.96,18.17,17.88,18.05,14.5231,16754400
"2022-07-20",17.93,18.17,17.87,18.14,14.5956,16636000
"2022-07-21",18.5,18.98,17.95,18.26,14.6921,19771600
"2022-07-22",18.26,18.45,17.91,18.04,14.5151,14757100
"2022-07-25",18.25,18.26,18.01,18.1,14.5634,11060400
"2022-07-26",17.96,18.11,17.54,17.63,14.1852,8816800
"2022-07-27",17.71,18.07,17.56,18.02,14.499,22081200
"2022-07-28",18,18.21,17.61,17.91,14.4105,9106300
"2022-07-29",17.98,18.37,17.95,18.3,14.7243,17599700
"2022-08-01",18.1,18.31,17.93,18.29,14.7162,8152600
"2022-08-02",18.2,18.27,17.95,17.98,14.4668,7109800
"2022-08-03",18.11,18.23,17.92,18.11,14.5714,8683800
"2022-08-04",18,18.09,17.73,17.74,14.2737,7681700
"2022-08-05",17.7,18.19,17.66,18.06,14.5312,7073400
"2022-08-08",18.25,18.31,18.07,18.15,14.6036,7780500
"2022-08-09",18.18,18.2,17.93,18.11,14.5714,5416300
"2022-08-10",18.41,19.09,18.41,18.87,15.1829,12419000
"2022-08-11",19.07,19.32,19.04,19.21,15.4565,7637200
"2022-08-12",19.36,19.42,19.06,19.41,15.6174,7441200
"2022-08-15",19.18,19.56,19.1,19.45,15.6496,8235600
"2022-08-16",19.35,19.87,19.34,19.78,15.9151,8757400
"2022-08-17",19.49,19.52,19.2,19.44,15.6415,9904600
"2022-08-18",19.47,19.64,19.39,19.64,15.8025,6062200
"2022-08-19",19.45,19.52,19.16,19.3,15.5289,5672700
"2022-08-22",18.96,19,18.64,18.71,15.0542,7036500
"2022-08-23",18.73,18.98,18.73,18.77,15.1025,4827300
"2022-08-24",18.78,18.81,18.56,18.75,15.0864,6004800
"2022-08-25",18.8,19.11,18.74,19.06,15.3358,5513300
"2022-08-26",19.13,19.21,18.43,18.43,14.8289,7755000
"2022-08-29",18.12,18.18,17.9,18.01,14.6459,10273500
"2022-08-30",18.12,18.19,17.81,17.87,14.5321,10357700
"2022-08-31",17.98,18.01,17.67,17.69,14.3857,10605900
"2022-09-01",17.64,17.7,17.28,17.68,14.3776,7052100
"2022-09-02",17.93,18.06,17.46,17.55,14.2718,6913200
"2022-09-06",17.69,17.69,17.19,17.32,14.0848,9018400
"2022-09-07",17.22,17.82,17.16,17.77,14.4507,6318100
"2022-09-08",17.63,18.5,17.59,18.49,15.0363,9992400
"2022-09-09",18.57,18.79,18.54,18.66,15.1745,9411100
"2022-09-12",18.8,19.06,18.74,18.9,15.3697,8724500
"2022-09-13",18.55,18.68,17.95,18,14.6378,8372300
"2022-09-14",18.1,18.14,17.52,17.64,14.345,13859900
"2022-09-15",17.72,18.29,17.68,18.07,14.6947,15219700
"2022-09-16",17.88,17.88,17.49,17.7,14.3938,16604900
"2022-09-19",17.38,17.92,17.38,17.83,14.4995,8848000
"2022-09-20",17.66,17.74,17.39,17.61,14.3206,11357500
"2022-09-21",17.65,17.76,17.13,17.13,13.9303,10911100
"2022-09-22",17.25,17.25,16.5,16.58,13.483,13440000
"2022-09-23",16.33,16.49,16.1,16.42,13.3529,17577700
"2022-09-26",16.24,16.52,16.01,16.1,13.0927,11489200
"2022-09-27",16.25,16.33,15.77,15.96,12.9788,12110200
"2022-09-28",15.95,16.31,15.93,16.17,13.1496,11769000
"2022-09-29",15.9,16.18,15.74,16.03,13.0358,8992700
"2022-09-30",16.09,16.44,15.98,16.02,13.0276,9116800
"2022-10-03",16.28,16.59,15.99,16.47,13.3936,12253100
"2022-10-04",16.72,17.17,16.72,17.12,13.9222,12371300
"2022-10-05",16.79,16.99,16.76,16.89,13.7351,6929300
"2022-10-06",16.75,16.93,16.58,16.62,13.5156,8821900
"2022-10-07",16.5,16.51,16.1,16.15,13.1333,12931400
"2022-10-10",16.2,16.31,15.84,15.94,12.9626,11590400
"2022-10-11",15.83,16.01,15.56,15.67,12.743,10090400
"2022-10-12",15.6,15.87,15.47,15.59,12.678,14216500
"2022-10-13",15.44,16.8,15.26,16.71,13.5887,16254800
"2022-10-14",16.8,17.2,16.43,16.48,13.4017,16069600
"2022-10-17",16.87,17.02,16.72,16.89,13.7351,10544900
"2022-10-18",17.26,17.41,16.81,16.98,13.8083,16378700
"2022-10-19",16.78,17,16.42,16.49,13.4098,14995400
"2022-10-20",16.02,16.7,15.65,15.85,12.8894,21413700
"2022-10-21",15.95,16.92,15.75,16.9,13.7433,21911300
"2022-10-24",16.98,17.96,16.98,17.73,14.4182,16617800
"2022-10-25",17.58,17.94,17.44,17.77,14.4507,13140800
"2022-10-26",17.83,17.95,17.67,17.69,14.3857,12541100
"2022-10-27",17.88,18.01,17.73,17.75,14.4345,10511300
"2022-10-28",17.85,18.11,17.67,18.1,14.7191,9137300
"2022-10-31",17.98,18.06,17.85,17.87,14.5321,8120500
"2022-11-01",18.03,18.17,17.9,18.05,14.6784,10874100
"2022-11-02",17.98,18.56,17.8,17.8,14.4751,15562400
"2022-11-03",17.58,17.97,17.33,17.84,14.5077,11473300
"2022-11-04",18.1,18.39,17.89,18.23,14.8248,9812300
"2022-11-07",18.34,18.43,18.1,18.33,14.9061,6444200
"2022-11-08",18.33,18.49,18.14,18.33,14.9061,6953300
"2022-11-09",18.14,18.2,17.87,17.9,14.5565,9855500
"2022-11-10",18.55,19.48,18.53,19.45,15.8169,15582900
"2022-11-11",19.53,20.04,19.52,19.83,16.126,12219900
"2022-11-14",19.66,19.76,19,19,15.451,12114100
"2022-11-15",19.45,19.7,18.86,19.17,15.5892,11506700
"2022-11-16",19.09,19.22,18.79,18.93,15.3941,9650700
"2022-11-17",18.79,18.79,18.39,18.67,15.1826,9468900
"2022-11-18",18.92,19.09,18.38,18.61,15.1338,20771000
"2022-11-21",18.54,18.81,18.49,18.75,15.2477,10591400
"2022-11-22",18.91,19,18.78,18.9,15.3697,7719000
"2022-11-23",18.84,19.02,18.83,18.92,15.3859,6214200
"2022-11-25",19.06,19.09,18.98,19.03,15.4754,2839900
"2022-11-28",18.67,18.74,18.25,18.33,15.0685,5721900
"2022-11-29",18.37,18.59,18.19,18.57,15.2658,9528100
"2022-11-30",18.45,18.82,17.81,18.81,15.4631,15632400
"2022-12-01",18.87,18.99,18.49,18.72,15.3891,10317800
"2022-12-02",18.49,18.66,18.41,18.55,15.2493,10413900
"2022-12-05",18.35,18.41,17.42,17.45,14.3451,15433200
"2022-12-06",17.38,17.5,17.01,17.16,14.1067,16514500
"2022-12-07",17.09,17.36,16.89,17.26,14.1889,10238000
"2022-12-08",17.35,17.44,17.08,17.18,14.1231,12291300
"2022-12-09",17.1,17.52,16.98,17.42,14.3204,7691700
"2022-12-12",17.38,17.57,17.19,17.56,14.4355,10469300
"2022-12-13",17.91,18,17.13,17.3,14.2217,13180200
"2022-12-14",17.27,17.48,16.97,17.09,14.0491,13531500
"2022-12-15",16.85,16.95,16.67,16.81,13.8189,12686400
"2022-12-16",16.6,16.79,16.43,16.62,13.6627,19929200
"2022-12-19",16.67,16.87,16.5,16.65,13.6874,10493000
"2022-12-20",16.56,16.9,16.56,16.63,13.671,7295500
"2022-12-21",16.87,17.06,16.86,16.96,13.9422,8290500
"2022-12-22",16.8,17.08,16.72,17.07,14.0327,8437500
"2022-12-23",17.09,17.23,17.04,17.18,14.1231,5318000
"2022-12-27",17.22,17.38,17.05,17.29,14.2135,4919200
"2022-12-28",17.2,17.38,17.1,17.16,14.1067,5051200
"2022-12-29",17.23,17.46,17.18,17.43,14.3286,4481100
"2022-12-30",17.31,17.5,17.29,17.42,14.3204,3886100
"2023-01-03",17.63,17.93,17.55,17.61,14.4766,12443700
"2023-01-04",17.84,18.27,17.79,18.08,14.863,8698800
"2023-01-05",17.94,17.99,17.66,17.84,14.6657,8867400
"2023-01-06",17.96,18.43,17.77,18.37,15.1014,8378400
"2023-01-09",18.32,18.4,18.09,18.19,14.9534,8958600
"2023-01-10",18.19,18.33,18.06,18.21,14.9698,6681400
"2023-01-11",18.22,18.32,18.15,18.29,15.0356,8601500
"2023-01-12",18.44,18.56,18.27,18.34,15.0767,9545600
"2023-01-13",18.04,18.25,17.57,18.18,14.9452,11329400
"2023-01-17",18.13,18.16,17.84,18.02,14.8136,10854600
"2023-01-18",17.86,17.95,17.22,17.24,14.1724,21140800
"2023-01-19",17.03,17.11,16.34,16.45,13.523,25026600
"2023-01-20",16.59,17.5,16.34,17.44,14.3368,19077000
"2023-01-23",17.5,18.18,17.39,18.07,14.8547,13967400
"2023-01-24",18.07,18.17,17.83,17.93,14.7396,9379100
"2023-01-25",17.74,18.4,17.63,18.33,15.0685,13523500
"2023-01-26",18.47,18.76,18.34,18.73,15.3973,14184200
"2023-01-27",18.73,19.15,18.67,18.99,15.611,18064100
"2023-01-30",18.82,18.9,18.68,18.76,15.422,9953500
"2023-01-31",18.78,19.2,18.65,19.19,15.7754,17879100
"2023-02-01",18.98,19.92,18.9,19.8,16.2769,22524900
"2023-02-02",19.94,20.3,19.79,20.05,16.4824,22094200
"2023-02-03",19.85,20.24,19.83,20.02,16.4578,11609000
"2023-02-06",19.8,19.87,19.58,19.78,16.2605,9251700
"2023-02-07",19.63,20.09,19.57,20.02,16.4578,10949900
"2023-02-08",19.78,20,19.7,19.8,16.2769,6231500
"2023-02-09",19.89,19.98,19.44,19.55,16.0714,6559200
"2023-02-10",19.44,19.51,19.28,19.44,15.981,7777400
"2023-02-13",19.37,19.65,19.3,19.65,16.1536,6485300
"2023-02-14",19.58,19.63,19.1,19.28,15.8494,10256400
"2023-02-15",19.07,19.45,19.07,19.26,15.833,7403600
"2023-02-16",19.06,19.28,18.89,19.08,15.685,7485800
"2023-02-17",19.03,19.23,18.78,19.15,15.7426,8214600
"2023-02-21",18.85,18.85,18.38,18.51,15.2164,10471200
"2023-02-22",18.41,18.5,18.1,18.19,14.9534,12225400
"2023-02-23",18.37,18.48,17.8,18.13,14.9041,10810100
"2023-02-24",17.98,18.37,17.79,18.32,15.0603,16929600
"2023-02-27",18.29,18.45,18.02,18.1,15.0478,8188600
"2023-02-28",18.2,18.41,18.1,18.29,15.2057,13251800
"2023-03-01",18.29,18.49,18.12,18.45,15.3388,11105800
"2023-03-02",18.17,18.22,17.61,17.93,14.9064,15062700
"2023-03-03",18.08,18.33,17.94,18.32,15.2307,8788600
"2023-03-06",18.33,18.56,18.04,18.15,15.0893,11412000
"2023-03-07",17.85,18.06,17.48,17.55,14.5905,21675500
"2023-03-08",17.51,17.63,17.22,17.31,14.391,12258700
"2023-03-09",17.09,17.15,16.06,16.07,13.3601,25718500
"2023-03-10",15.45,16.2,14.96,15.66,13.0192,42348500
"2023-03-13",12.24,12.89,9.61,11.38,9.461,111197500
"2023-03-14",13.59,13.74,11.94,12.17,10.1178,73411900
"2023-03-15",11.46,12.04,10.86,11.75,9.7686,58652900
"2023-03-16",11.61,12.66,10.47,12.28,10.2092,76220300
"2023-03-17",11.91,11.99,11.2,11.53,9.5857,70676000
"2023-03-20",11.96,12.27,11.57,11.67,9.7021,28571500
"2023-03-21",12.09,12.82,11.89,12.76,10.6083,34458700
"2023-03-22",12.68,12.73,12.02,12.05,10.018,27915300
"2023-03-23",12.22,12.33,11.24,11.27,9.3695,32445400
"2023-03-24",11.04,11.93,10.85,11.86,9.86,28743000
"2023-03-27",12.9,12.98,12.12,12.49,10.3838,26704600
"2023-03-28",12.45,12.71,12.17,12.37,10.284,22110900
"2023-03-29",12.6,12.74,12.51,12.67,10.5334,16516100
"2023-03-30",12.93,12.96,12.25,12.38,10.2923,17406100
"2023-03-31",12.54,12.58,12.06,12.52,10.4087,13592600
"2023-04-03",12.54,12.67,12.15,12.37,10.284,13716500
"2023-04-04",12.45,12.47,11.57,11.73,9.752,27870700
"2023-04-05",11.51,11.68,11.22,11.56,9.6106,29540100
"2023-04-06",11.57,12.11,11.53,11.91,9.9016,20436900
"2023-04-10",11.95,12.25,11.79,12.12,10.0762,15544600
"2023-04-11",12.13,12.38,12.04,12.25,10.1843,13120100
"2023-04-12",12.32,12.4,12.01,12.05,10.018,15568600
"2023-04-13",12.12,12.39,11.83,12.29,10.2175,12360600
"2023-04-14",12.55,12.57,11.97,12.09,10.0513,16962100
"2023-04-17",12.01,12.32,11.7,12.31,10.2342,57505900
"2023-04-18",12.33,12.33,11.9,12.09,10.0513,38198400
"2023-04-19",12.25,12.53,11.95,12.38,10.2923,47773400
"2023-04-20",11.6,12.29,11.46,12.04,10.0097,37369500
"2023-04-21",11.9,11.93,11.44,11.59,9.6356,25192400
"2023-04-24",11.55,11.59,11.12,11.13,9.2531,23021700
"2023-04-25",10.89,10.99,10.34,10.48,8.7127,31905400
"2023-04-26",10.58,10.83,10.39,10.56,8.7793,23788900
"2023-04-27",10.55,10.97,10.55,10.95,9.1035,20468700
"2023-04-28",10.81,11.38,10.78,11.26,9.3612,19578600
"2023-05-01",11.21,11.34,10.7,10.72,8.9123,23150000
"2023-05-02",10.7,10.7,9.57,9.71,8.0726,44634700
"2023-05-03",9.83,10.17,9.43,9.53,7.9229,34854400
"2023-05-04",8.78,9.29,8.54,8.93,7.4241,57354500
"2023-05-05",9.98,9.98,9.47,9.83,8.1724,32463100
"2023-05-08",10.05,10.15,9.66,9.68,8.0477,20407800
"2023-05-09",9.53,9.87,9.38,9.72,8.0809,14911100
"2023-05-10",9.93,9.96,9.19,9.32,7.7484,24936000
"2023-05-11",9.17,9.32,8.97,9.09,7.5571,19256500
"2023-05-12",9.2,9.25,8.74,8.99,7.474,29034600
"2023-05-15",9.05,9.61,8.99,9.59,7.9728,22334700
"2023-05-16",9.49,9.69,9.36,9.37,7.7899,17399400
"2023-05-17",9.7,10.21,9.7,10.18,8.4633,25671300
"2023-05-18",10.2,10.23,9.86,10.05,8.3553,22661700
"2023-05-19",10.07,10.15,9.62,9.82,8.164,23150300
"2023-05-22",9.92,10.29,9.85,10.28,8.5465,15722600
"2023-05-23",10.3,10.79,10.29,10.46,8.6961,22592800
"2023-05-24",10.3,10.45,10.16,10.2,8.48,12475800
"2023-05-25",10.18,10.23,9.9,10.11,8.4051,15997600
"2023-05-26",9.87,10.02,9.76,9.89,8.3924,14327800
"2023-05-30",9.97,10.09,9.69,9.93,8.4264,20027100
"2023-05-31",9.82,9.83,9.3,9.34,7.9257,34778300
"2023-06-01",9.53,9.74,9.19,9.62,8.1633,18079300
"2023-06-02",9.9,10.3,9.83,10.28,8.7234,17414500
"2023-06-05",10.36,10.42,9.85,10.13,8.5961,17639900
"2023-06-06",10.13,10.87,10.04,10.62,9.0119,16236600
"2023-06-07",10.69,11.05,10.52,11.02,9.3513,20955000
"2023-06-08",10.87,11.1,10.75,10.98,9.3174,14014500
"2023-06-09",10.98,11.01,10.6,10.68,9.0628,16885900
"2023-06-12",10.67,11.07,9.82,10.22,8.6724,37952300
"2023-06-13",10.22,10.6,10.06,10.48,8.8931,19268000
"2023-06-14",10.6,10.65,9.9,9.91,8.4094,23224500
"2023-06-15",9.85,10.14,9.79,10.08,8.5536,18653400
"2023-06-16",10.17,10.2,9.8,9.93,8.4264,28306700
"2023-06-20",9.88,9.9,9.68,9.85,8.3585,12228300
"2023-06-21",9.82,9.93,9.68,9.84,8.35,10388900
"2023-06-22",9.76,9.83,9.52,9.56,8.1124,14764600
"2023-06-23",9.5,9.55,9.32,9.35,7.9342,17268900
"2023-06-26",9.4,9.51,9.28,9.35,7.9342,19298000
"2023-06-27",9.36,9.55,9.25,9.49,8.053,18129100
"2023-06-28",9.4,9.42,9.24,9.31,7.9002,16996200
"2023-06-29",9.44,9.56,9.26,9.33,7.9172,22646900
"2023-06-30",9.48,9.48,9.23,9.24,7.8408,19148100
"2023-07-03",9.29,9.72,9.29,9.57,8.1209,13299700
"2023-07-05",9.42,9.62,9.31,9.52,8.0784,14944600
"2023-07-06",9.32,9.43,9.1,9.43,8.0021,21222400
"2023-07-07",9.38,9.75,9.38,9.59,8.1378,18247900
"2023-07-10",9.6,9.71,9.46,9.5,8.0615,22333400
"2023-07-11",9.63,9.93,9.5,9.92,8.4179,25268100
"2023-07-12",10.26,10.56,10.14,10.23,8.6809,29566100
"2023-07-13",10.28,10.63,10.22,10.61,9.0034,18420700
"2023-07-14",10.75,10.78,10.12,10.16,8.6215,17618200
"2023-07-17",10.17,10.29,10.09,10.29,8.7318,11660100
"2023-07-18",10.25,10.73,10.23,10.71,9.0882,20902700
"2023-07-19",10.77,11.49,10.75,11.41,9.6822,36097100
"2023-07-20",11.04,12.06,10.85,11.88,10.0811,44003700
"2023-07-21",12.04,12.1,11.39,11.43,9.6992,24633900
"2023-07-24",11.5,12.12,11.46,11.89,10.0896,23567600
"2023-07-25",12.04,12.29,11.51,11.62,9.8604,25580900
"2023-07-26",12.01,12.58,12.01,12.42,10.5393,27931100
"2023-07-27",12.54,13.04,12.17,12.26,10.4035,26584100
"2023-07-28",12.46,12.66,12.29,12.57,10.6666,14857300
"2023-07-31",12.64,12.68,12.15,12.31,10.446,17227000
"2023-08-01",12.22,12.3,11.68,11.99,10.1744,17426700
"2023-08-02",11.84,11.92,11.64,11.9,10.098,11773800
"2023-08-03",11.89,12.07,11.64,12.04,10.2169,11808400
"2023-08-04",11.94,12.07,11.85,11.92,10.115,10010200
"2023-08-07",11.89,12.13,11.84,12.05,10.2253,7183400
"2023-08-08",11.62,11.97,11.34,11.94,10.132,12109300
"2023-08-09",11.81,11.98,11.48,11.51,9.7671,11161500
"2023-08-10",11.61,11.66,11.31,11.56,9.8095,13897400
"2023-08-11",11.46,11.63,11.43,11.56,9.8095,7774400
"2023-08-14",11.47,11.52,10.96,11.02,9.3513,13559200
"2023-08-15",10.81,10.86,10.49,10.64,9.0288,16008600
"2023-08-16",10.62,10.72,10.4,10.53,8.9355,12660200
"2023-08-17",10.59,10.83,10.4,10.78,9.1476,17761800
"2023-08-18",10.61,10.93,10.56,10.83,9.1901,14560700
"2023-08-21",10.88,10.96,10.68,10.89,9.241,15531000
"2023-08-22",10.81,10.86,10.42,10.44,8.8591,13679900
"2023-08-23",10.46,10.78,10.35,10.75,9.1222,12845500
"2023-08-24",10.73,11.1,10.65,10.87,9.224,11642300
"2023-08-25",10.97,11.08,10.71,10.88,9.2325,13586500
"2023-08-28",10.78,11.03,10.77,10.9,9.4271,10666100
"2023-08-29",10.93,11.3,10.85,11.21,9.6952,11632600
"2023-08-30",11.16,11.22,11.04,11.13,9.626,10157600
"2023-08-31",11.16,11.36,11.09,11.33,9.799,15466200
"2023-09-01",11.42,11.67,11.42,11.56,9.9979,11290500
"2023-09-05",11.52,11.78,11.46,11.47,9.9201,13567200
"2023-09-06",11.32,11.47,11,11.09,9.5914,10235800
"2023-09-07",11.02,11.15,10.8,10.89,9.4185,15740300
"2023-09-08",10.91,11.26,10.76,11.25,9.7298,11447900
"2023-09-11",11.36,11.47,11.19,11.21,9.6952,10140700
"2023-09-12",11.22,11.83,11.17,11.77,10.1795,21647300
"2023-09-13",11.94,11.96,11.3,11.43,9.8855,16421900
"2023-09-14",11.49,11.84,11.49,11.65,10.0758,8730200
"2023-09-15",11.58,11.84,11.58,11.72,10.1363,22159600
"2023-09-18",11.66,11.68,11.35,11.37,9.8336,10858500
"2023-09-19",11.4,11.48,11.12,11.23,9.7125,10092800
"2023-09-20",11.36,11.57,11.03,11.04,9.5482,13590000
"2023-09-21",10.99,11.06,10.62,10.72,9.2714,15739000
"2023-09-22",10.78,10.79,10.54,10.61,9.1763,14498500
"2023-09-25",10.55,10.69,10.47,10.63,9.1936,10684900
"2023-09-26",10.45,10.74,10.36,10.43,9.0206,15002500
"2023-09-27",10.44,10.46,10.2,10.3,8.9082,15074400
"2023-09-28",10.24,10.6,10.24,10.52,9.0984,11242400
"2023-09-29",10.68,11.01,10.65,10.76,9.306,15781900
"2023-10-02",10.63,10.77,10.37,10.45,9.0379,12846400
"2023-10-03",10.34,10.38,10.01,10.07,8.7093,15351800
"2023-10-04",10.23,10.26,9.96,10.25,8.8649,19224200
"2023-10-05",10.11,10.35,10.09,10.3,8.9082,10687600
"2023-10-06",10.12,10.37,9.91,10.21,8.8303,17832700
"2023-10-09",10.03,10.27,10,10.21,8.8303,12740700
"2023-10-10",10.32,10.61,10.27,10.46,9.0466,15199600
"2023-10-11",10.52,10.74,10.44,10.56,9.133,12898300
"2023-10-12",10.51,10.56,10.32,10.52,9.0984,12101800
"2023-10-13",10.72,10.73,10.35,10.46,9.0466,17530700
"2023-10-16",10.68,10.75,10.48,10.72,9.2714,11493800
"2023-10-17",10.62,11.19,10.59,11.08,9.5828,21297100
"2023-10-18",10.85,10.97,10.57,10.68,9.2368,17760300
"2023-10-19",10.9,11.33,10.51,10.56,9.133,28000900
"2023-10-20",10.44,10.49,9.88,9.89,8.5536,22675500
"2023-10-23",9.82,10.18,9.75,9.9,8.5622,17772900
"2023-10-24",9.95,10.17,9.75,9.81,8.4844,20404800
"2023-10-25",9.69,9.86,9.5,9.81,8.4844,16375800
"2023-10-26",9.79,10.3,9.77,10.17,8.7957,21638600
"2023-10-27",10.18,10.18,9.79,9.92,8.5795,14720500
"2023-10-30",10.06,10.13,9.89,10.08,8.7179,14878400
"2023-10-31",10.09,10.26,9.95,10.22,8.839,9705500
"2023-11-01",10.2,10.28,9.96,10.15,8.7784,12487600
"2023-11-02",10.25,11.02,10.25,10.99,9.5049,18094400
"2023-11-03",11.38,11.68,11.34,11.39,9.8509,18211700
"2023-11-06",11.69,11.69,11.17,11.27,9.7471,9269800
"2023-11-07",11.16,11.38,11.09,11.3,9.773,9590900
"2023-11-08",11.32,11.35,11.16,11.28,9.7557,8360800
"2023-11-09",11.32,11.38,10.94,10.95,9.4703,12746300
"2023-11-10",10.99,11.09,10.82,10.95,9.4703,17013300
"2023-11-13",10.9,10.96,10.73,10.85,9.3839,11517500
"2023-11-14",11.38,12.04,11.36,11.92,10.3093,25781100
"2023-11-15",11.98,12.25,11.95,12.19,10.5428,16515300
"2023-11-16",12.14,12.2,11.89,12.08,10.4476,10840900
"2023-11-17",12.3,12.36,12.1,12.32,10.6552,15314600
"2023-11-20",12.31,12.33,12.11,12.25,10.5947,10899400
"2023-11-21",12.15,12.23,11.92,12.01,10.3871,11975700
"2023-11-22",12.13,12.16,11.92,12.03,10.4044,7756900
"2023-11-24",12.04,12.15,11.92,12.04,10.4131,4513900
"2023-11-27",11.79,11.81,11.66,11.76,10.3471,11591300
"2023-11-28",11.75,11.95,11.64,11.93,10.4966,11883600
"2023-11-29",12.02,12.61,12.01,12.44,10.9454,18370400
"2023-11-30",12.5,12.66,12.39,12.39,10.9014,21429500
"2023-12-01",12.26,13.28,12.22,13.22,11.6316,23257100
"2023-12-04",13.05,13.51,13,13.44,11.8252,21502800
"2023-12-05",13.25,13.25,12.76,12.94,11.3853,21383300
"2023-12-06",13.02,13.42,12.96,12.96,11.4029,10764200
"2023-12-07",13.03,13.3,12.95,13.11,11.5349,13727000
"2023-12-08",13.08,13.35,13.05,13.26,11.6668,13680600
"2023-12-11",13.25,13.29,13.11,13.17,11.5877,8685100
"2023-12-12",13.12,13.18,12.95,13.02,11.4557,10495800
"2023-12-13",13.02,14,12.94,13.96,12.2827,19030500
"2023-12-14",14.52,14.88,14.36,14.77,12.9954,30756800
"2023-12-15",14.66,14.8,14.27,14.32,12.5995,25897100
"2023-12-18",14.44,14.46,14.1,14.11,12.4147,14594700
"2023-12-19",14.15,14.41,14.04,14.36,12.6347,15358300
"2023-12-20",14.4,14.54,14.07,14.08,12.3883,18190300
"2023-12-21",14.27,14.39,14.15,14.28,12.5643,12421400
"2023-12-22",14.37,14.51,14.2,14.29,12.5731,7005300
"2023-12-26",14.33,14.51,14.2,14.45,12.7139,7443600
"2023-12-27",14.43,14.58,14.29,14.52,12.7755,7038800
"2023-12-28",14.41,14.57,14.4,14.54,12.7931,7031700
"2023-12-29",14.53,14.55,14.34,14.4,12.6699,10085500
"2024-01-02",14.3,14.79,14.23,14.61,12.8546,15425600
"2024-01-03",14.36,14.45,14.08,14.18,12.4763,16527000
"2024-01-04",14.2,14.5,14.12,14.33,12.6083,17921100
"2024-01-05",14.34,14.91,14.26,14.64,12.881,22168300
"2024-01-08",14.54,14.73,14.39,14.7,12.9338,12765400
"2024-01-09",14.64,14.68,14.48,14.59,12.837,15962900
"2024-01-10",14.54,14.57,14.28,14.46,12.7227,14356700
"2024-01-11",14.35,14.42,13.96,14.39,12.6611,16844600
"2024-01-12",14.45,14.48,13.92,14.2,12.4939,19341700
"2024-01-16",13.93,14.01,13.71,13.92,12.2475,17038600
"2024-01-17",13.67,14.04,13.59,13.84,12.1772,25133800
"2024-01-18",13.45,13.79,12.94,13.2,11.6141,38124600
"2024-01-19",13.23,14,13.13,13.94,12.2651,26875600
"2024-01-22",14.01,14.3,13.95,14.2,12.4939,17508300
"2024-01-23",14.24,14.49,14.18,14.41,12.6787,19705600
"2024-01-24",14.6,14.77,14.39,14.44,12.7051,20178500
"2024-01-25",14.65,14.74,14.29,14.54,12.7931,13716900
"2024-01-26",14.64,14.77,14.52,14.67,12.9074,17847600
"2024-01-29",14.64,14.89,14.57,14.87,13.0834,10141300
"2024-01-30",14.85,15.01,14.76,15,13.1978,13187400
"2024-01-31",14.52,14.99,14.5,14.53,12.7843,33638800
"2024-02-01",14.55,14.64,13.54,14.17,12.4675,42359000
"2024-02-02",13.9,14.46,13.81,14.37,12.6435,17466700
"2024-02-05",14.2,14.38,14.08,14.22,12.5115,17498000
"2024-02-06",14.18,14.46,13.76,13.9,12.2299,24927300
"2024-02-07",13.97,14.02,13.43,13.9,12.2299,19449800
"2024-02-08",13.78,13.97,13.57,13.87,12.2036,11566200
"2024-02-09",13.93,13.97,13.64,13.89,12.2211,13300100
"2024-02-12",13.9,14.37,13.9,14.13,12.4323,18782400
"2024-02-13",13.7,13.75,13.25,13.53,11.9044,22765500
"2024-02-14",13.71,13.92,13.51,13.86,12.1948,16183900
"2024-02-15",14,14.33,13.94,14.2,12.4939,13806000
"2024-02-16",14.01,14.19,13.9,14.07,12.3795,15552100
"2024-02-20",13.85,14.34,13.85,14.19,12.4851,22490900
"2024-02-21",14.1,14.36,13.94,14.26,12.5467,18956000
"2024-02-22",14.32,14.67,14.22,14.35,12.6259,15507400
"2024-02-23",14.33,14.42,14.21,14.26,12.5467,10685600
"2024-02-26",13.95,14.18,13.67,13.68,12.2119,18307000
"2024-02-27",13.83,14.18,13.81,14.14,12.6226,12903300
"2024-02-28",13.98,14.19,13.9,13.92,12.4262,10548200
"2024-02-29",14.16,14.47,14.08,14.27,12.7386,15456700
"2024-03-01",14.19,14.26,13.85,14.19,12.6672,13605600
"2024-03-04",14.48,14.79,14.37,14.58,13.0154,18566200
"2024-03-05",14.47,15.18,14.47,15.02,13.4081,19880600
"2024-03-06",14.94,15.21,14.62,14.99,13.3814,17852700
"2024-03-07",15.17,15.29,14.88,14.97,13.3635,16711400
"2024-03-08",15.2,15.24,14.91,14.92,13.3189,15498500
"2024-03-11",14.87,14.99,14.74,14.92,13.3189,14485400
"2024-03-12",14.94,15.03,14.74,14.81,13.2207,12584200
"2024-03-13",14.85,15.09,14.84,14.93,13.3278,11962500
"2024-03-14",14.75,14.94,14.31,14.42,12.8725,14072100
"2024-03-15",14.22,14.7,14.22,14.48,12.9261,31491000
"2024-03-18",14.48,14.51,14.24,14.44,12.8904,8196400
"2024-03-19",14.35,14.52,14.3,14.49,12.935,9561900
"2024-03-20",14.38,15.12,14.34,15.04,13.426,9810900
"2024-03-21",15.16,15.5,15.15,15.36,13.7116,12163300
"2024-03-22",15.44,15.54,15.02,15.03,13.4171,8422500
"2024-03-25",15.11,15.32,15.07,15.19,13.5599,7131100
"2024-03-26",15.3,15.32,14.99,15.06,13.4438,9889700
"2024-03-27",15.18,15.65,15.16,15.64,13.9616,11001800
"2024-03-28",15.64,15.86,15.64,15.81,14.1134,10561000
"2024-04-01",15.81,15.85,15.49,15.49,13.8277,8025000
"2024-04-02",15.33,15.47,15.16,15.26,13.6224,9397800
"2024-04-03",15.25,15.46,15.19,15.24,13.6045,7952200
"2024-04-04",15.53,15.62,15.01,15.08,13.4617,10365600
"2024-04-05",14.99,15.21,14.9,15.06,13.4438,11254400
"2024-04-08",15.21,15.51,15.14,15.45,13.792,8256100
"2024-04-09",15.5,15.55,15.25,15.53,13.8634,9560100
"2024-04-10",15.18,15.18,14.68,14.84,13.2475,15203200
"2024-04-11",14.92,14.92,14.33,14.72,13.1403,13274900
"2024-04-12",14.47,14.62,14.37,14.61,13.0421,12746800
"2024-04-15",14.83,15.05,14.3,14.43,12.8815,15557000
"2024-04-16",14.28,14.35,14.06,14.22,12.694,13134300
"2024-04-17",14.35,14.51,14.17,14.43,12.8815,16756900
"2024-04-18",14.3,14.81,14.1,14.38,12.8368,32085000
"2024-04-19",14.34,14.8,14.32,14.63,13.06,16943100
"2024-04-22",14.69,14.77,14.46,14.64,13.0689,26489200
"2024-04-23",14.56,14.83,14.35,14.72,13.1403,23058300
"2024-04-24",14.54,14.95,14.52,14.93,13.3278,15084100
"2024-04-25",14.92,14.93,14.44,14.61,13.0421,16788200
"2024-04-26",14.63,14.88,14.62,14.7,13.1225,11793100
"2024-04-29",14.75,14.88,14.64,14.73,13.1493,12753300
"2024-04-30",14.55,14.77,14.47,14.49,12.935,10863500
"2024-05-01",14.59,15.08,14.59,14.71,13.1314,10679600
"2024-05-02",14.94,14.97,14.66,14.87,13.2742,16315800
"2024-05-03",15.11,15.25,14.9,14.93,13.3278,9274400
"2024-05-06",15.04,15.19,14.87,15.13,13.5063,11101300
"2024-05-07",15.22,15.26,14.88,14.93,13.3278,10462000
"2024-05-08",14.81,15.03,14.71,15.02,13.4081,10522300
"2024-05-09",14.91,15.11,14.89,15.08,13.4617,5788400
"2024-05-10",15.17,15.19,14.98,15.08,13.4617,9768900
"2024-05-13",15.15,15.23,14.84,14.88,13.2832,8554400
"2024-05-14",15,15.17,14.89,15.11,13.4885,11454500
"2024-05-15",15.3,15.61,15.3,15.57,13.8991,13543400
"2024-05-16",15.5,15.57,15.32,15.33,13.6849,6786000
"2024-05-17",15.46,15.48,15.33,15.4,13.7474,6225400
"2024-05-20",15.42,15.47,15.2,15.23,13.5956,5854900
"2024-05-21",15.22,15.35,15.17,15.32,13.6759,5841900
"2024-05-22",15.25,15.28,14.94,15.03,13.4171,7185600
"2024-05-23",15.08,15.09,14.43,14.46,12.9082,12959500
"2024-05-24",14.35,14.5,14.35,14.48,13.112,7253400
"2024-05-28",14.5,14.57,14.14,14.19,12.8494,9990100
"2024-05-29",13.89,14.03,13.66,13.92,12.6049,13507700
"2024-05-30",14.08,14.2,13.9,13.99,12.6683,15365600
"2024-05-31",14.06,14.43,14.06,14.37,13.0124,22190500
"2024-06-03",14.46,14.49,13.94,14.12,12.786,12323300
"2024-06-04",13.91,14.12,13.7,13.87,12.5596,12782600
"2024-06-05",13.94,14,13.76,13.86,12.5505,7736100
"2024-06-06",13.89,14,13.81,13.93,12.6139,8018300
"2024-06-07",13.79,14.03,13.79,13.93,12.6139,11586400
"2024-06-10",13.75,13.79,13.51,13.67,12.3785,13356200
"2024-06-11",13.52,13.56,13.28,13.42,12.1521,16128100
"2024-06-12",13.83,14.12,13.63,13.73,12.4328,16430300
"2024-06-13",13.66,13.73,13.48,13.64,12.3513,12395100
"2024-06-14",13.37,13.51,13.11,13.36,12.0978,14013200
"2024-06-17",13.35,13.58,13.14,13.56,12.2789,14812500
"2024-06-18",13.54,13.71,13.46,13.58,12.297,13803900
"2024-06-20",13.53,13.7,13.4,13.64,12.3513,10498600
"2024-06-21",13.63,13.64,13.44,13.6,12.3151,16654400
"2024-06-24",13.64,14.02,13.52,13.92,12.6049,14916800
"2024-06-25",13.85,13.96,13.63,13.65,12.3604,12951300
"2024-06-26",13.43,13.57,13.41,13.53,12.2517,14474800
"2024-06-27",13.5,13.67,13.4,13.62,12.3332,8645700
"2024-06-28",13.77,14.24,13.7,14.21,12.8675,21144200
"2024-07-01",14.2,14.5,14.18,14.22,12.8765,12091100
"2024-07-02",14.19,14.45,14.16,14.43,13.0667,10372300
"2024-07-03",14.43,14.48,14.26,14.27,12.9218,5940000
"2024-07-05",14.25,14.32,13.93,13.95,12.632,17588100
"2024-07-08",13.82,14.13,13.82,14.03,12.7045,12118700
"2024-07-09",13.98,14.38,13.93,14.29,12.9399,8558400
"2024-07-10",14.37,14.71,14.27,14.67,13.284,10274100
"2024-07-11",14.94,15.22,14.86,15.13,13.7006,14400300
"2024-07-12",15.12,15.35,14.98,15.21,13.773,14484600
"2024-07-15",15.49,15.63,15.36,15.5,14.0356,15322700
"2024-07-16",15.54,16.01,15.45,15.99,14.4793,16979700
"2024-07-17",15.9,16.47,15.86,16.21,14.6785,24453100
"2024-07-18",15.85,16.13,15.5,15.56,14.0899,30745700
"2024-07-19",15.55,15.79,15.39,15.59,14.1171,20292900
"2024-07-22",15.5,15.78,15.23,15.77,14.2801,18715800
"2024-07-23",15.74,16.02,15.7,15.86,14.3616,16692700
"2024-07-24",15.93,16.13,15.75,15.79,14.2982,13944700
"2024-07-25",15.83,16.28,15.74,16.13,14.6061,11788400
"2024-07-26",16.25,16.47,16.13,16.46,14.9049,14594300
"2024-07-29",16.48,16.51,16.14,16.21,14.6785,16565300
"2024-07-30",16.29,16.49,16.16,16.25,14.7148,12466800
"2024-07-31",16.25,16.48,16.07,16.13,14.6061,13059100
"2024-08-01",16.09,16.14,15.14,15.22,13.7821,15198500
"2024-08-02",14.79,14.83,14.27,14.45,13.0848,19973500
"2024-08-05",13.87,14.24,13.63,14.12,12.786,19477500
"2024-08-06",14.14,14.54,14.04,14.26,12.9128,13158100
"2024-08-07",14.53,14.73,14.16,14.18,12.8403,13258900
"2024-08-08",14.43,14.58,14.35,14.54,13.1663,12561900
"2024-08-09",14.54,14.64,14.43,14.61,13.2297,15511000
"2024-08-12",17.04,17.09,15.75,15.94,14.434,45932600
"2024-08-13",16.09,16.09,15.53,15.69,14.2077,25942500
"2024-08-14",15.78,15.86,15.6,15.64,14.1624,14836200
"2024-08-15",15.9,16.44,15.9,16.2,14.6695,16595000
"2024-08-16",16.19,16.51,16.17,16.39,14.8415,12611100
"2024-08-19",16.39,16.72,16.39,16.7,15.1222,13903300
"2024-08-20",16.63,16.74,16.47,16.66,15.086,13982200
"2024-08-21",16.76,16.76,16.35,16.44,14.8868,10389000
"2024-08-22",16.48,16.66,16.35,16.42,14.8687,12092200
"2024-08-23",16.57,17.2,16.47,17.07,15.4573,22895300
"2024-08-26",17.19,17.19,16.85,16.95,15.3486,10485700
"2024-08-27",16.6,16.84,16.6,16.67,15.2799,11204800
"2024-08-28",16.64,16.9,16.61,16.74,15.344,8405300
"2024-08-29",16.84,17,16.59,16.88,15.4724,12771300
"2024-08-30",16.89,17.08,16.81,17.06,15.6373,12129000
"2024-09-03",16.82,17,16.64,16.73,15.3349,15732800
"2024-09-04",16.68,16.7,16.3,16.46,15.0874,17490000
"2024-09-05",16.65,16.65,16.14,16.24,14.8857,14781600
"2024-09-06",16.24,16.36,15.69,15.7,14.3908,12443300
"2024-09-09",15.81,16.65,15.75,16.18,14.8307,21596200
"2024-09-10",16.19,16.19,15.67,15.88,14.5557,13781600
"2024-09-11",15.75,16,15.4,15.92,14.5924,11046600
"2024-09-12",15.98,16.21,15.86,16.1,14.7574,11579200
"2024-09-13",16.24,16.49,15.85,16.09,14.7482,13185800
"2024-09-16",16.07,16.4,16.07,16.27,14.9132,6398300
"2024-09-17",16.42,16.68,16.38,16.57,15.1882,8332500
"2024-09-18",16.57,16.97,16.39,16.59,15.2065,10038800
"2024-09-19",16.98,17.39,16.87,17.34,15.894,14988200
"2024-09-20",17.22,17.33,16.94,17.12,15.6923,20004500
"2024-09-23",17.13,17.24,16.78,16.81,15.4082,10526100
"2024-09-24",16.81,17.01,16.52,16.62,15.234,9852900
"2024-09-25",16.63,16.67,16.35,16.38,15.0141,10596200
"2024-09-26",16.56,16.71,16.42,16.55,15.1699,9291000
"2024-09-27",16.64,16.76,16.44,16.61,15.2249,5057200
"2024-09-30",16.59,16.81,16.47,16.75,15.3532,6175700
"2024-10-01",16.59,16.64,16.05,16.24,14.8857,9444600
"2024-10-02",16.23,16.51,16.14,16.21,14.8582,6980600
"2024-10-03",16.12,16.38,15.95,16.37,15.0049,8057200
"2024-10-04",16.65,16.99,16.61,16.78,15.3807,9477500
"2024-10-07",16.69,16.87,16.55,16.77,15.3715,6204900
"2024-10-08",16.84,16.9,16.7,16.73,15.3349,7104400
"2024-10-09",16.73,17.01,16.65,16.87,15.4632,7331900
"2024-10-10",16.74,16.91,16.62,16.84,15.4357,7297700
"2024-10-11",16.98,17.47,16.93,17.22,15.784,10220300
"2024-10-14",17.03,17.44,16.91,17.4,15.949,11829800
"2024-10-15",17.48,17.94,17.46,17.49,16.0315,11298800
"2024-10-16",17.72,17.88,17.56,17.7,16.224,11862200
"2024-10-17",17.2,17.52,16.9,17.25,15.8115,16550800
"2024-10-18",17.16,17.48,17.16,17.35,15.9032,10728800
"2024-10-21",17.36,17.53,17.06,17.09,15.6648,7560400
"2024-10-22",17.06,17.23,17,17.17,15.7382,8539000
"2024-10-23",17.09,17.29,16.95,17.08,15.6557,5979100
"2024-10-24",17.17,17.28,17.02,17.23,15.7932,8355600
"2024-10-25",17.44,17.45,16.99,17.04,15.619,7423200
"2024-10-28",17.23,17.63,17.14,17.55,16.0865,10705100
"2024-10-29",17.5,17.58,17.35,17.38,15.9307,10252600
"2024-10-30",17.38,17.81,17.38,17.49,16.0315,11124000
"2024-10-31",17.51,17.59,17.25,17.25,15.8115,9138900
"2024-11-01",17.34,17.54,17.15,17.19,15.7565,7053200
"2024-11-04",17.22,17.27,17.02,17.04,15.619,8130000
"2024-11-05",17.14,17.31,17.08,17.26,15.8207,5585100
"2024-11-06",18.49,20,18.49,19.97,18.3047,27055800
"2024-11-07",19.56,19.74,19.02,19.16,17.5622,13881200
"2024-11-08",19.05,19.28,18.8,18.97,17.3881,15226300
"2024-11-11",19.34,19.49,19.19,19.25,17.6447,6623000
"2024-11-12",19.12,19.36,19.04,19.18,17.5806,8403700
"2024-11-13",19.26,19.54,19.04,19.05,17.4614,7670000
"2024-11-14",19.09,19.31,18.94,19.14,17.5439,4836100
"2024-11-15",19.21,19.35,18.95,19.16,17.5622,7947200
"2024-11-18",19.14,19.28,19.09,19.23,17.6264,7320300
"2024-11-19",18.9,19.2,18.84,19,17.4156,8823000
"2024-11-20",19.12,19.16,18.85,19.02,17.4339,5298800
"2024-11-21",19.1,19.46,19.05,19.22,17.6172,6311800
"2024-11-22",19.18,19.63,19.18,19.6,17.9655,7997000
"2024-11-25",19.78,20.04,19.77,19.81,18.158,8796100
"2024-11-26",19.73,19.84,19.6,19.66,18.0205,8209900
"2024-11-27",19.69,19.77,19.44,19.52,17.8922,5960300
"2024-11-29",19.57,19.61,19.31,19.48,17.8555,5524800
"2024-12-02",19.55,19.58,19.03,19.11,17.5164,10047300
"2024-12-03",18.93,18.95,18.61,18.81,17.4284,8780800
"2024-12-04",18.77,18.9,18.6,18.75,17.3728,8998200
"2024-12-05",18.85,18.99,18.68,18.72,17.345,7767500
"2024-12-06",18.73,18.89,18.5,18.87,17.484,7001300
"2024-12-09",18.82,18.92,18.52,18.54,17.1782,7997800
"2024-12-10",18.61,18.83,18.14,18.41,17.0578,12965900
"2024-12-11",18.63,18.68,18.23,18.31,16.9651,8812700
"2024-12-12",18.38,18.44,18.03,18.06,16.7335,7759000
"2024-12-13",18.2,18.27,18.06,18.13,16.7983,9028800
"2024-12-16",18.12,18.34,18.02,18.2,16.8632,10794500
"2024-12-17",18.04,18.2,17.7,17.8,16.4926,10380700
"2024-12-18",17.92,17.97,16.89,16.96,15.7143,14327500
"2024-12-19",17.26,17.49,16.77,16.81,15.5753,12267700
"2024-12-20",16.76,17.26,16.67,17.09,15.8347,29210300
"2024-12-23",16.87,17.25,16.87,17.22,15.9552,11099300
"2024-12-24",17.21,17.38,17.15,17.37,16.0941,4280200
"2024-12-26",17.28,17.41,17.14,17.39,16.1127,5442800
"2024-12-27",17.27,17.49,17.13,17.2,15.9366,6597100
"2024-12-30",17.03,17.17,16.89,17.11,15.8532,5863800
"2024-12-31",17.18,17.36,17.07,17.14,15.881,6068100
"2025-01-02",17.33,17.4,16.86,16.98,15.7328,9111400
"2025-01-03",17.06,17.31,16.78,17.29,16.02,7007100
"2025-01-06",17.45,17.69,17.31,17.38,16.1034,9836000
"2025-01-07",17.54,17.64,17.11,17.19,15.9274,10890100
"2025-01-08",17.07,17.14,16.8,17.11,15.8532,9867400
"2025-01-10",16.9,16.95,16.59,16.72,15.4919,16167100
"2025-01-13",16.6,17.02,16.55,17.02,15.7699,14128100
"2025-01-14",17.11,17.52,17.11,17.48,16.1961,12195400
"2025-01-15",18.07,18.3,17.97,18.14,16.8076,17501900
"2025-01-16",17.92,18.06,17.67,17.84,16.5296,16416300
"2025-01-17",17.9,18.37,17.84,18.3,16.9558,17480500
"2025-01-21",17.44,17.88,17.29,17.64,16.3443,27286300
"2025-01-22",17.5,17.58,17.23,17.3,16.0293,17231400
"2025-01-23",17.34,17.51,17.24,17.47,16.1868,12095300
"2025-01-24",17.39,17.96,17.39,17.68,16.3814,11064900
"2025-01-27",17.74,17.87,17.46,17.66,16.3628,14825200
"2025-01-28",17.63,17.79,17.34,17.65,16.3536,13398300
"2025-01-29",17.64,17.96,17.54,17.67,16.3721,9128300
"2025-01-30",17.83,18.17,17.77,18.03,16.7057,16170300
"2025-01-31",18.06,18.16,17.9,17.98,16.6593,14669200
"2025-02-03",17.44,17.75,17.29,17.47,16.1868,11463600
"2025-02-04",17.57,17.96,17.51,17.95,16.6315,12009700
"2025-02-05",18.05,18.06,17.74,17.85,16.5389,11389600
"2025-02-06",18.1,18.1,17.77,17.95,16.6315,13387700
"2025-02-07",17.99,17.99,17.62,17.84,16.5296,13056300
"2025-02-10",17.92,17.92,17.51,17.51,16.2239,8149400
"2025-02-11",17.42,17.64,17.3,17.56,16.2702,9666100
"2025-02-12",17.33,17.65,17.18,17.6,16.3073,13884400
"2025-02-13",17.68,17.7,17.31,17.48,16.1961,10490200
"2025-02-14",17.55,17.85,17.53,17.72,16.4184,8283900
"2025-02-18",17.76,17.98,17.63,17.96,16.6408,8580000
"2025-02-19",17.71,18.06,17.69,18.03,16.7057,7650400
"2025-02-20",18.08,18.08,17.38,17.58,16.2887,10336100
"2025-02-21",17.7,17.7,16.93,16.93,15.6865,14269100
"2025-02-24",17.06,17.1,16.63,16.77,15.5382,12384500
"2025-02-25",16.91,16.98,16.57,16.67,15.4456,12610600
"2025-02-26",16.77,17.17,16.75,16.86,15.6216,9897300
"2025-02-27",16.92,17.44,16.9,16.98,15.7328,11399300
"2025-02-28",17.08,17.34,17,17.32,16.0478,9814700
"2025-03-03",17.35,17.61,16.79,16.98,15.7328,12074300
"2025-03-04",16.47,16.69,15.62,16.24,15.231,21059200
"2025-03-05",16.24,16.39,15.83,16.26,15.2498,16463700
"2025-03-06",16,16.22,15.73,15.93,14.9403,13562100
"2025-03-07",15.83,15.87,15.23,15.73,14.7527,18700000
"2025-03-10",15.48,15.52,14.88,15.16,14.2181,22089700
"2025-03-11",15.19,15.35,14.87,15.16,14.2181,15437100
"2025-03-12",15.32,15.63,15.22,15.48,14.5182,14918000
"2025-03-13",15.53,15.61,15.13,15.15,14.2087,11744300
"2025-03-14",15.43,15.71,15.39,15.68,14.7058,18651700
"2025-03-17",15.68,15.88,15.54,15.8,14.8184,11350900
"2025-03-18",15.85,15.9,15.67,15.85,14.8653,10329200
"2025-03-19",15.87,16.24,15.76,16.05,15.0528,9796700
"2025-03-20",15.84,16.31,15.84,16.09,15.0903,15328600
"2025-03-21",16,16.27,15.87,16.15,15.1466,57103900
"2025-03-24",16.35,16.66,16.3,16.57,15.5405,12006300
"2025-03-25",16.58,16.75,16.43,16.57,15.5405,14952800
"2025-03-26",16.66,16.86,16.28,16.4,15.3811,12792700
"2025-03-27",16.34,16.46,16.1,16.17,15.1654,13081200
"2025-03-28",16.1,16.28,15.64,15.8,14.8184,10180600
"2025-03-31",15.55,16.06,15.39,15.99,14.9966,14386800
"2025-04-01",15.81,15.93,15.6,15.8,14.8184,11185100
"2025-04-02",15.53,16.1,15.53,16.07,15.0716,12591700
"2025-04-03",15.18,15.24,14.07,14.12,13.2427,20374000
"2025-04-04",13.6,13.66,12.73,13.47,12.6331,23358000
"2025-04-07",13.15,14.05,12.78,13.51,12.6706,36888500
"2025-04-08",14.02,14.32,12.99,13.23,12.408,35694000
"2025-04-09",12.97,14.79,12.8,14.52,13.6179,28765700
"2025-04-10",14.08,14.13,13.27,13.74,12.8864,19867700
"2025-04-11",13.56,13.79,13.21,13.73,12.877,15718600
"2025-04-14",14.04,14.21,13.83,14.06,13.1865,18741900
"2025-04-15",14.14,14.6,14.12,14.25,13.3647,15071700
"2025-04-16",14.12,14.47,13.89,14.07,13.1958,16943400
"2025-04-17",14.5,14.73,14.22,14.27,13.3834,19001500
"2025-04-21",14.05,14.21,13.68,13.79,12.9332,13122100
"2025-04-22",14,14.2,13.9,14.17,13.2896,17914200
"2025-04-23",14.63,15.14,14.46,14.52,13.6179,16244200
"2025-04-24",14.5,14.93,14.43,14.87,13.9461,8822700
"2025-04-25",14.7,14.87,14.63,14.72,13.8055,8052200
"2025-04-28",14.74,14.94,14.74,14.87,13.9461,10593900
"2025-04-29",14.78,15.04,14.65,14.94,14.0118,9756600
"2025-04-30",14.63,14.88,14.44,14.84,13.918,9494700
"2025-05-01",14.82,15.12,14.72,14.99,14.0587,9888900
"2025-05-02",15.29,15.55,15.14,15.49,14.5276,12415200
"2025-05-05",15.33,15.79,15.29,15.56,14.5933,12782500
"2025-05-06",15.36,15.49,15.27,15.3,14.3494,9606200
"2025-05-07",15.39,15.48,15.16,15.23,14.2838,11611000
"2025-05-08",15.41,15.68,15.41,15.57,14.6027,10822800
"2025-05-09",15.64,15.64,15.39,15.49,14.5276,12402500
"2025-05-12",16.29,16.61,16.19,16.46,15.4374,15649600
"2025-05-13",16.56,16.67,16.43,16.62,15.5874,12244300
"2025-05-14",16.6,16.67,16.52,16.59,15.5593,11046800
"2025-05-15",16.5,16.6,16.37,16.48,15.4561,9587500
"2025-05-16",16.51,16.71,16.34,16.63,15.5968,14471000
"2025-05-19",16.46,16.6,16.41,16.49,15.4655,10157900
"2025-05-20",16.43,16.54,16.27,16.29,15.2779,10538700
"2025-05-21",16.09,16.14,15.59,15.61,14.6402,9809300
"2025-05-22",15.57,15.8,15.49,15.69,14.7152,11195000
"2025-05-23",15.28,15.73,15.28,15.65,14.6777,10025700
"2025-05-27",15.75,15.77,15.45,15.76,14.977,12084800
"2025-05-28",15.77,16.08,15.59,15.76,14.977,21884500
"2025-05-29",15.87,15.96,15.73,15.95,15.1576,15588800
"2025-05-30",15.82,15.9,15.65,15.86,15.0721,16412800
"2025-06-02",15.79,15.86,15.47,15.8,15.015,10950400
"2025-06-03",15.81,16.12,15.65,16.03,15.2336,10399900
"2025-06-04",16.04,16.13,15.88,15.9,15.1101,9923000
"2025-06-05",15.89,16.01,15.73,15.9,15.1101,10979600
"2025-06-06",16.23,16.35,16.1,16.33,15.5187,8924000
"2025-06-09",16.44,16.51,16.27,16.28,15.4712,9965500
"2025-06-10",16.3,16.43,16.23,16.35,15.5377,9962700
"2025-06-11",16.5,16.5,16.16,16.23,15.4237,15996600
"2025-06-12",16.12,16.17,15.88,16.11,15.3096,10316200
"2025-06-13",15.86,15.91,15.59,15.65,14.8725,13459200
"2025-06-16",15.9,16.1,15.8,15.93,15.1386,10764200
"2025-06-17",15.83,15.94,15.66,15.73,14.9485,13936100
"2025-06-18",15.71,16.15,15.68,16.01,15.2146,14236300
"2025-06-20",16.09,16.2,16.03,16.16,15.3572,14385500
"2025-06-23",16.01,16.51,16.01,16.49,15.6708,12262100
"2025-06-24",16.65,16.89,16.61,16.75,15.9179,17234400
"2025-06-25",16.73,16.82,16.61,16.77,15.9369,11935700
"2025-06-26",16.86,17.21,16.82,17.15,16.298,12325100
"2025-06-27",17.16,17.31,17.06,17.22,16.3645,21123200
"2025-06-30",17.36,17.5,17.3,17.42,16.5546,24095000
"2025-07-01",17.39,17.97,17.34,17.87,16.9822,18865000
"2025-07-02",17.84,18.23,17.79,18.2,17.2958,18037900
"2025-07-03",18.37,18.55,18.21,18.46,17.5429,13695000
"2025-07-07",18.31,18.55,18.09,18.29,17.3813,18626200
"2025-07-08",18.69,18.69,18.38,18.48,17.5619,24580200
"2025-07-09",18.56,18.73,18.39,18.46,17.5429,16825400
"2025-07-10",18.39,18.64,18.39,18.49,17.5714,15971700
"2025-07-11",18.32,18.43,18.18,18.33,17.4194,14371400
"2025-07-14",18.32,18.39,18.17,18.36,17.4479,17225400
"2025-07-15",18.24,18.41,17.86,17.89,17.0012,24816500
"2025-07-16",17.97,18.07,17.64,17.97,17.0772,24751100
"2025-07-17",17.89,18.43,17.85,18.37,17.4574,27655900
"2025-07-18",18.45,18.58,18.34,18.5,17.5809,33687900
"2025-07-21",18.46,18.61,18.28,18.28,17.3718,32000900
"2025-07-22",18.5,18.81,18.16,18.71,17.7805,40652200
"2025-07-23",18.81,18.91,18.61,18.8,17.866,44310800
"2025-07-24",18.8,18.8,18.46,18.5,17.5809,37471000
"2025-07-25",18.5,18.61,18.23,18.57,17.6474,39231200
"2025-07-28",18.57,18.63,18.32,18.44,17.5239,32397700
"2025-07-29",18.59,18.63,18.28,18.39,17.4764,34808600
"2025-07-30",18.42,18.53,18.02,18.16,17.2578,43720200
"2025-07-31",18.11,18.22,17.88,17.92,17.0297,47085700
"2025-08-01",17.55,17.73,17.18,17.65,16.7731,52086100
"2025-08-04",17.7,17.88,17.63,17.83,16.9442,34804200
"2025-08-05",17.9,17.92,17.46,17.81,16.9252,37531700
"2025-08-06",17.89,17.89,17.47,17.49,16.6211,32012400
"2025-08-07",17.71,17.71,17.33,17.41,16.5451,20231700
"2025-08-08",17.56,17.65,17.39,17.61,16.7351,16690800
"2025-08-11",17.63,17.7,17.34,17.37,16.507,17423700
"2025-08-12",17.49,17.94,17.49,17.91,17.0202,24622000
"2025-08-13",18.02,18.23,17.84,18.22,17.3148,27662100
"2025-08-14",18.09,18.32,17.9,18.3,17.3908,24619700
"2025-08-15",18.36,18.36,18.04,18.04,17.1438,23017500
"2025-08-18",18,18.18,17.96,18.18,17.2768,20244500
"2025-08-19",18.14,18.31,18.05,18.15,17.2483,19541900
"2025-08-20",18.15,18.28,17.97,18.22,17.3148,27083900
"2025-08-21",18.15,18.2,17.99,18.15,17.2483,26286200
"2025-08-22",18.27,19.08,18.24,18.98,18.0371,37060900
"2025-08-25",18.98,19.07,18.85,19.02,18.0751,26873500
"2025-08-26",18.97,19.31,18.95,19.3,18.3412,26738300
"2025-08-27",19.22,19.45,19.2,19.39,18.4267,24172500
"2025-08-28",19.48,19.48,19.24,19.35,18.3887,22487800
"2025-08-29",19.41,19.5,19.29,19.36,18.3982,21339900
"2025-09-02",18.96,19.1,18.75,18.96,18.2109,22708900
"2025-09-03",18.89,19.13,18.69,18.95,18.2013,27617100
"2025-09-04",19.03,19.23,18.9,19.18,18.4222,25628000
"2025-09-05",19.26,19.32,18.73,18.94,18.1917,32355900
"2025-09-08",18.95,19.19,18.65,19.15,18.3934,53265100
"2025-09-09",19.13,19.41,18.97,19.1,18.3454,32948300
"2025-09-10",19.12,19.32,19.05,19.23,18.4702,26802300
"2025-09-11",19.27,19.35,19.09,19.16,18.403,25646700
"2025-09-12",19.14,19.18,19.01,19.06,18.3069,23206500
"2025-09-15",19.13,19.15,18.77,18.84,18.0956,32455100
"2025-09-16",18.86,18.87,18.4,18.63,17.8939,34792400
"2025-09-17",18.67,19.02,18.48,18.71,17.9708,29317400
"2025-09-18",18.79,19.15,18.62,19.13,18.3742,32893500
"2025-09-19",19.16,19.2,18.97,19.08,18.3261,43884200
"2025-09-22",18.92,19.04,18.64,18.72,17.9804,16940400
"2025-09-23",18.81,19.08,18.7,18.74,17.9996,22698500
"2025-09-24",18.8,18.96,18.57,18.77,18.0284,26364000
"2025-09-25",18.66,18.9,18.54,18.81,18.0668,25725400
"2025-09-26",18.88,19.09,18.8,18.89,18.1437,21600100
"2025-09-29",18.95,19.08,18.63,18.88,18.1341,27699000
"2025-09-30",18.94,19,18.3,18.69,17.9516,30421800
"2025-10-01",18.63,18.68,18.37,18.51,17.7787,25284900
"2025-10-02",18.49,18.56,18.28,18.45,17.721,19987100
"2025-10-03",18.61,18.77,18.5,18.63,17.8939,21806700
"2025-10-06",18.75,19.04,18.35,18.54,17.8075,29963300
"2025-10-07",18.61,18.69,18.39,18.41,17.6826,29621900
"2025-10-08",18.5,18.5,18.04,18.09,17.3753,26505700
"2025-10-09",18.16,18.29,18.01,18.18,17.4617,32344600
"2025-10-10",18.23,18.26,17.18,17.2,16.5204,23313100
"2025-10-13",17.47,17.66,17.35,17.56,16.8662,21474400
"2025-10-14",17.47,18.22,17.47,18.01,17.2984,26657400
"2025-10-15",18.16,18.2,17.62,17.73,17.0295,24169400
"2025-10-16",17.17,17.63,16.47,16.78,16.117,43809100
"2025-10-17",17.06,17.07,16.79,16.96,16.2899,20553900
"2025-10-20",17.07,17.43,17.02,17.38,16.6933,20069900
"2025-10-21",17.35,17.67,17.31,17.54,16.847,15170500
"2025-10-22",17.64,17.72,17.41,17.47,16.7798,15941100
"2025-10-23",17.59,17.61,17.43,17.52,16.8278,11098100
"2025-10-24",17.7,17.92,17.69,17.82,17.1159,10623500
"2025-10-27",17.9,17.9,17.51,17.61,16.9142,19236300
"2025-10-28",17.6,17.64,17.4,17.59,16.895,13525500
"2025-10-29",17.52,17.7,17.29,17.4,16.7125,17835200
"2025-10-30",17.39,17.81,17.39,17.51,16.8182,11796800
"2025-10-31",17.42,17.66,17.3,17.59,16.895,13758900
"2025-11-03",17.5,17.55,17.31,17.54,16.847,14899800
"2025-11-04",17.31,17.53,17.22,17.31,16.6261,30829900
"2025-11-05",17.32,17.54,17.17,17.52,16.8278,22150900
"2025-11-06",17.49,17.7,17.38,17.59,16.895,23023900
"2025-11-07",17.52,18.08,17.45,18.08,17.3657,23789800
"2025-11-10",18.17,18.36,17.99,18.12,17.4041,17118500
"2025-11-11",18.15,18.24,17.99,18.08,17.3657,10471000
"2025-11-12",18.16,18.47,17.73,17.8,17.0967,29956200
"2025-11-13",17.74,17.93,17.58,17.62,16.9238,17425800
"2025-11-14",17.53,17.63,17.32,17.62,16.9238,18339600
"2025-11-17",17.57,17.59,16.96,17.12,16.4436,21035000
"2025-11-18",17.05,17.4,16.91,17.19,16.5108,18784100
"2025-11-19",17.23,17.4,17.18,17.35,16.6645,14732500
"2025-11-20",17.5,17.83,17.22,17.28,16.5973,18931100
"2025-11-21",17.38,17.99,17.31,17.82,17.1159,16316000
"2025-11-24",17.82,17.99,17.77,17.89,17.1832,19662600
"2025-11-25",18,18.44,17.99,18.37,17.6442,14223300
"2025-11-26",18.37,18.59,18.32,18.4,17.673,10410100
"2025-11-28",18.41,18.51,18.37,18.38,17.6538,4701400
"2025-12-01",18.34,18.68,18.31,18.62,17.8843,13897600
"2025-12-02",18.53,18.55,18.26,18.28,17.7532,12244900
"2025-12-03",18.29,18.76,18.27,18.75,18.2097,15502500
"2025-12-04",18.75,19.15,18.74,19.11,18.5593,16615200
"2025-12-05",19.12,19.73,19.12,19.26,18.705,40222100
"2025-12-08",19.33,19.54,19.29,19.39,18.8312,20917100
"2025-12-09",19.55,20.33,19.49,19.98,19.4042,32497700
"2025-12-10",20.07,20.67,19.94,20.52,19.9287,19497800
"2025-12-11",20.48,20.82,20.43,20.69,20.0938,14343600
"2025-12-12",20.78,20.84,20.5,20.66,20.0646,17219400
"2025-12-15",20.88,20.88,20.44,20.46,19.8704,18204900
"2025-12-16",20.56,20.68,20.39,20.58,19.9869,18774900
"2025-12-17",20.62,20.89,20.62,20.8,20.2006,16295300
"2025-12-18",20.9,21.12,20.85,20.94,20.3366,16179500
"2025-12-19",20.96,21.08,20.84,20.98,20.3754,13382300
"2025-12-22",21,21.21,20.98,21.21,20.5988,8342600
"2025-12-23",21.22,21.25,21.04,21.05,20.4434,8420000
"2025-12-24",21.05,21.21,20.99,21.14,20.5308,4598700
"2025-12-26",21.15,21.25,21.07,21.19,20.5794,7615800
"2025-12-29",21.12,21.21,20.94,20.97,20.3657,8287300
"2025-12-30",20.99,21.03,20.72,20.73,20.1326,8370800
"2025-12-31",20.8,20.82,20.62,20.64,20.0452,8600700
"2026-01-02",20.63,21.08,20.49,20.98,20.3754,16134600
"2026-01-05",21.02,21.74,20.97,21.37,20.7542,18853500
"2026-01-06",21.13,21.61,21.13,21.57,20.9484,17231500
"2026-01-07",21.52,21.59,21.22,21.3,20.6862,14569500
"2026-01-08",21.28,21.75,21.25,21.5,20.8804,14469600
"2026-01-09",21.51,21.64,21.19,21.19,20.5794,13452800
"2026-01-12",21.1,21.24,20.93,21.07,20.4628,19906700
"2026-01-13",21.14,21.22,20.81,20.85,20.2492,14901000
"2026-01-14",20.76,21.08,20.56,20.95,20.3463,16471900
"2026-01-15",21.14,21.32,21.03,21.23,20.6182,11903100
"2026-01-16",21.19,21.41,21.04,21.17,20.5599,15102500
"2026-01-20",20.56,21.57,20.17,21.09,20.4822,22525200
"2026-01-21",21.17,21.86,21.15,21.69,21.0649,19251000
"2026-01-22",21.7,22.07,21.56,21.57,20.9484,16150500
"2026-01-23",21.47,21.51,21.07,21.1,20.4919,14994200
"2026-01-26",21.18,21.39,21.06,21.29,20.6765,15386700
"2026-01-27",21.38,21.48,21.22,21.46,20.8416,14301600
"2026-01-28",21.31,21.47,21.09,21.31,20.6959,19721400
"2026-01-29",21.43,21.69,21.34,21.63,21.0067,16627300
"2026-01-30",21.49,21.78,21.35,21.52,20.8998,13710500
"2026-02-02",21.54,22.03,21.44,22,21.366,15457600
"2026-02-03",22.06,22.46,22.02,22.34,21.6962,17913900
"2026-02-04",22.36,22.91,22.36,22.65,21.9973,21048600
"2026-02-05",22.5,22.76,22.3,22.7,22.0458,15453300
"2026-02-06",22.85,23.29,22.84,23.21,22.5411,15101300
"2026-02-09",22.98,23.35,22.98,23.01,22.3469,11993700
"2026-02-10",22.97,23.26,22.66,22.94,22.2789,11440300
"2026-02-11",23.05,23.3,22.41,22.54,21.8905,11943300
"2026-02-12",22.63,22.83,21.5,21.76,21.1329,16633000
"2026-02-13",21.6,21.82,21.39,21.7,21.0747,15379800
"2026-02-17",21.89,22.08,21.61,21.69,21.0649,13212200
"2026-02-18",21.78,22.15,21.7,21.94,21.3077,14429400
"2026-02-19",21.8,21.93,21.56,21.79,21.1621,16041900
"2026-02-20",21.8,22.62,21.5,22.2,21.5602,39766600
"2026-02-23",22.08,22.44,20.85,21.01,20.4045,25544300
"2026-02-24",21.02,21.23,20.6,21,20.3948,18017200
"2026-02-25",21.23,21.47,20.99,21.47,20.8513,11430400
"2026-02-26",21.58,22.07,21.53,21.86,21.23,14622400
"2026-02-27",21.43,21.58,20.48,20.74,20.1423,27546900
"2026-03-02",20.65,21.07,20.3,20.91,20.3074,11736800
"2026-03-03",20.25,20.71,20.05,20.47,20.0769,15336600
"2026-03-04",20.62,20.75,20.39,20.71,20.3123,14238400
"2026-03-05",20.51,20.65,20.14,20.37,19.9789,11926200
"2026-03-06",19.8,19.92,19.32,19.86,19.4786,20056800
"2026-03-09",19.49,19.76,18.97,19.69,19.3119,20104700
"2026-03-10",19.71,20.17,19.41,19.76,19.3806,18753900
"2026-03-11",19.78,19.85,19.37,19.65,19.2727,17538700
"2026-03-12",19.2,19.35,19.05,19.22,18.8509,17049200
"2026-03-13",19.34,19.48,18.84,18.9,18.5371,23402800
"2026-03-16",19.14,19.29,18.95,18.96,18.5959,20130100
"2026-03-17",19.17,19.31,19.04,19.1,18.7332,16113600
"2026-03-18",19.03,19.34,19.01,19.07,18.7038,15707400
"2026-03-19",18.98,19.41,18.73,19.28,18.9098,18888400
"2026-03-20",19.29,19.44,19.16,19.41,19.0373,26177000
"2026-03-23",19.9,20.01,19.56,19.65,19.2727,14575600
"2026-03-24",19.5,20.15,19.39,19.82,19.4394,10919600
"2026-03-25",20,20.17,19.72,20,19.616,10333200
"2026-03-26",19.81,19.99,19.68,19.88,19.4983,10818600
"2026-03-27",19.79,19.86,19.36,19.45,19.0765,15152400
"2026-03-30",19.57,19.63,19.3,19.4,19.0275,13798300
"2026-03-31",19.71,20.16,19.59,20.05,19.665,17021300
"2026-04-01",20.08,20.51,20.08,20.34,19.9494,15971800
"2026-04-02",20.09,20.52,19.82,20.47,20.0769,13564200
"2026-04-06",20.57,20.71,20.45,20.66,20.2633,14665700
"2026-04-07",20.62,20.73,20.47,20.62,20.2241,15130600
"2026-04-08",21.25,21.49,21.03,21.29,20.8812,12701200
"2026-04-09",21.21,21.7,21.19,21.65,21.2343,10121700
"2026-04-10",21.62,21.66,21.44,21.46,21.0479,9399800
"2026-04-13",21.29,21.74,21.19,21.72,21.3029,15045800
"2026-04-14",21.72,21.78,21.42,21.63,21.2147,14331300
"2026-04-15",21.66,21.83,21.45,21.57,21.1558,22704400
"2026-04-16",21.62,22.09,21.34,21.67,21.2539,23035600
"2026-04-17",21.87,22.16,21.73,21.8,21.3814,18022200
"2026-04-20",21.72,22.26,21.7,22.19,21.7639,13285700
"2026-04-21",22.27,22.55,22.02,22.1,21.6756,14429200
"2026-04-22",22.23,22.33,21.93,22.04,21.6168,7534900
"2026-04-23",22.1,22.16,21.71,22.01,21.5874,8082800
"2026-04-24",22.08,22.11,21.53,21.63,21.2147,13608200
"2026-04-27",21.69,22.07,21.67,21.91,21.4893,8717600
"2026-04-28",22.08,22.24,21.91,21.96,21.5383,8332400
"2026-04-29",21.91,22.07,21.67,21.67,21.2539,9957300
"2026-04-30",21.6,22.16,21.5,22.11,21.6854,9444600
"2026-05-01",22.17,22.21,21.86,21.87,21.4501,5855500
"2026-05-04",21.74,21.82,21.53,21.66,21.2441,11357900
"2026-05-05",21.78,21.99,21.67,21.87,21.4501,13108600
"2026-05-06",22,22.43,22,22.23,21.8031,11196200
"2026-05-07",22.25,22.29,21.62,21.69,21.2735,10224100
"2026-05-08",21.8,21.84,21.53,21.6,21.1852,8600900
"2026-05-11",21.68,21.75,21.23,21.31,20.9008,8110900
"2026-05-12",21.31,21.38,20.98,21.28,20.8714,9531100
"2026-05-13",21.12,21.21,20.72,20.75,20.3516,7807700
"2026-05-14",21.14,21.32,21,21.08,20.6752,14734000
"2026-05-15",20.96,21.13,20.69,21.04,20.636,18571300
"2026-05-18",21.06,21.24,21.01,21.07,20.6654,11365300
"2026-05-19",21,21.08,20.75,20.92,20.5183,8426100
"2026-05-20",21.02,21.47,20.77,21.41,20.9989,8467600
"2026-05-21",21.34,21.52,21.21,21.49,21.0774,6517800
"2026-05-22",21.54,21.68,21.5,21.56,21.146,6087100
"2026-05-26",21.66,21.87,21.61,21.77,21.352,6664700
"2026-05-27",21.78,21.85,21.45,21.5,21.0872,9547700
"2026-05-28",21.38,21.43,21.12,21.34,20.9302,16565400
"2026-05-29",21.29,21.46,21.17,21.33,20.9204,19863200
"2026-06-01",21.12,21.22,20.89,20.9,20.4987,10584000
"2026-06-02",20.6,21.28,20.58,21.18,20.9791,13515500
"2026-06-03",21.02,21.06,20.81,20.88,20.6819,12652800
"2026-06-04",21.09,21.67,21.07,21.67,21.4644,11072800
"2026-06-05",21.67,21.93,21.56,21.76,21.5536,12561100
"2026-06-08",21.79,21.95,21.67,21.79,21.5833,13927800
"2026-06-09",21.95,22.31,21.73,22.1,21.8904,15993200
"2026-06-10",22.11,22.49,21.67,21.98,21.7715,21830500
"2026-06-11",22.11,22.45,21.96,22.33,22.1182,12699600
"2026-06-12",22.57,22.79,22.5,22.7,22.4847,12028500
"2026-06-15",22.91,22.97,22.37,22.42,22.2073,12559000
"2026-06-16",22.69,22.81,22.51,22.75,22.5342,10149100
"2026-06-17",22.76,23.12,22.45,22.6,22.3856,10811200
"2026-06-18",22.84,22.9,22.51,22.59,22.3757,17219200
"2026-06-22",22.5,23,22.5,22.83,22.6134,10758900
"2026-06-23",22.78,23.06,22.71,23.02,22.8016,11301500
"2026-06-24",23.1,23.33,23.07,23.12,22.9007,12095400
"2026-06-25",23.27,23.72,23.25,23.41,23.1879,11206100
"2026-06-26",23.47,23.48,23.07,23.26,23.0393,13555200
"2026-06-29",23.13,23.35,23.07,23.15,22.9304,13195800
"2026-06-30",23.16,23.2,22.92,23.05,22.8313,9587400
"2026-07-01",23.06,23.51,22.93,23.25,23.0294,11474300
"2026-07-02",23.5,23.5,22.86,23.02,22.8016,10496900
"2026-07-06",22.97,23.45,22.97,23.43,23.2077,12371300
"2026-07-07",23.5,23.6,23.36,23.37,23.1483,7044000
"2026-07-08",23.25,23.25,22.49,22.64,22.4252,10247700
"2026-07-09",22.8,23.19,22.71,23.1,22.8809,9561200
"2026-07-10",23.28,23.45,23.19,23.3,23.079,11117300
"2026-07-13",23.44,23.44,23.05,23.22,22.9997,9906200
"2026-07-14",23.38,23.54,23.11,23.3,23.079,9876200
"2026-07-15",23.25,23.64,23.25,23.53,23.3068,9214600
"2026-07-16",23.54,24.04,23.53,23.99,23.7624,9770200
"2026-07-17",23.69,24.07,23.48,23.55,23.3266,11328700
"2026-07-20",23.58,23.73,23.23,23.32,23.0988,14591200
"2026-07-21",22.85,23.32,22.65,22.95,22.7323,18030200
"2026-07-22",22.76,23.11,22.73,23.11,22.8908,13138100
"2026-07-23",22.85,22.89,22.57,22.72,22.5045,12095000
"2026-07-24",22.7,22.9,22.57,22.65,22.4351,8061600
"2026-07-27",22.66,22.92,22.4,22.51,22.2965,8822200
"2026-07-28",22.61,22.68,22.45,22.63,22.4153,9233700
"2026-07-29",22.42,22.67,22.13,22.18,21.9696,12221400
"2026-07-30",22.42,22.67,22.27,22.61,22.3955,9885900
"2026-07-31",22.66,22.86,22.53,22.59,22.3757,13144100
"2026-08-03",22.56,22.87,22.55,22.81,22.5936,8006900
"2026-08-04",22.79,23.27,22.76,23.1,22.8809,7935900
"2026-08-05",23.12,23.35,22.87,23.09,22.871,9410800
"2026-08-06",23.28,23.29,22.58,22.66,22.445,9900500
"2026-08-07",22.61,22.81,22.43,22.73,22.5144,5589700
"2026-08-10",22.63,22.8,22.56,22.68,22.4648,7584400
"2026-08-11",22.63,22.88,22.59,22.69,22.4748,6391000
"2026-08-12",22.79,22.99,22.67,22.89,22.6729,7940300
"2026-08-13",23.01,23.14,22.86,22.99,22.7719,7091200
"2026-08-14",23.01,23.32,22.94,23.31,23.0889,11119500
"2026-08-17",23.24,23.46,23.04,23.04,22.8214,8450300
"2026-08-18",23.06,23.17,22.7,22.79,22.5738,8730700
"2026-08-19",22.86,22.91,22,22.1,21.8904,11850700
"2026-08-20",22.04,22.08,21.83,21.85,21.6427,13390600
"2026-08-21",21.99,22.1,21.69,21.87,21.6625,11538200
"2026-08-24",21.9,22.17,21.76,21.87,21.6625,11304600
"2026-08-25",21.9,21.97,21.72,21.89,21.6823,6546800
"2026-08-26",22.01,22.2,21.9,22.09,21.8804,6542300
"2026-08-27",21.89,22.06,21.79,22.02,21.8111,7784800
"2026-08-28",22.14,22.24,21.87,21.91,21.7022,7591500
"2026-08-31",21.82,21.9,21.6,21.61,21.405,10816400
"2026-09-01",21.34,21.59,21.15,21.21,21.21,10553000
"2026-09-02",21.34,21.99,21.32,21.8,21.8,10375000
"2026-09-03",21.9,22.18,21.81,22.12,22.12,10341500
"2026-09-04",22.02,22.35,22.02,22.18,22.18,9683300
"2026-09-08",22.04,22.17,21.77,21.79,21.79,11851100
"2026-09-09",21.69,21.93,21.58,21.73,21.73,12745000
"2026-09-10",21.78,21.78,21.49,21.73,21.73,16838200
"2026-09-11",21.89,21.98,21.51,21.84,21.84,11327000
"2026-09-14",21.92,22.16,21.74,21.93,21.93,16792300
"2026-09-15",21.92,22.07,21.64,21.7,21.7,25080800
"2026-09-16",21.71,21.71,20.5,20.72,20.72,27329800
"2026-09-17",20.98,21.08,20.66,20.95,20.95,12953300
"2026-09-18",20.9,21.01,20.7,20.81,20.81,19007100
"2026-09-21",20.98,21,20.75,20.87,20.87,14976400
"2026-09-22",,,,,,
"2026-09-23",20.48,20.58,20.21,20.24,20.24,13838800
"2026-09-24",20.27,20.34,20.04,20.25,20.25,16552500
