date,open,high,low,close,adjclose,volume
"2016-09-26",22,22.36,21.71,21.78,13.0732,11506800
"2016-09-27",21.6,21.9,21.43,21.83,13.1032,15198100
"2016-09-28",21.96,22.76,21.62,22.74,13.6494,18953500
"2016-09-29",22.72,23.2,22.48,22.76,13.6614,15824800
"2016-09-30",22.89,23.19,22.6,23.13,13.8835,15056300
"2016-10-03",23.18,23.36,22.86,23.01,13.8115,9525900
"2016-10-04",22.67,22.95,22.21,22.26,13.3613,12860900
"2016-10-05",22.57,22.69,22.37,22.38,13.4334,11127800
"2016-10-06",22.49,22.63,22.06,22.09,13.2593,11032700
"2016-10-07",22.17,22.17,21.57,21.68,13.0132,15421900
"2016-10-10",21.84,21.96,21.37,21.42,12.8571,14998900
"2016-10-11",21.35,21.38,20.79,20.82,12.497,18770400
"2016-10-12",20.77,21.08,20.72,20.75,12.455,16214100
"2016-10-13",20.65,20.78,20.29,20.55,12.3349,22102300
"2016-10-14",20.82,21.06,20.36,20.36,12.2209,15661800
"2016-10-17",20.36,20.57,20.14,20.19,12.1188,13060400
"2016-10-18",20.39,20.46,19.97,20.18,12.1128,13857700
"2016-10-19",20.37,20.74,20.22,20.71,12.431,25777400
"2016-10-20",21.4,21.45,20.9,21.19,12.7191,32863600
"2016-10-21",21.06,21.17,20.57,21.11,12.671,23122100
"2016-10-24",21.3,21.64,21.12,21.62,12.9772,19785100
"2016-10-25",21.67,21.73,21.29,21.32,12.7971,17869600
"2016-10-26",21.15,21.62,20.95,21.49,12.8991,14410300
"2016-10-27",21.6,21.65,20.97,20.97,12.587,15569000
"2016-10-28",20.81,20.99,20.37,20.43,12.3364,19638800
"2016-10-31",20.4,20.6,20.3,20.43,12.3364,14300800
"2016-11-01",20.62,20.65,19.96,20.2,12.1975,13665100
"2016-11-02",19.95,19.96,19.43,19.71,11.9017,18047700
"2016-11-03",19.74,19.94,19.57,19.93,12.0345,11487400
"2016-11-04",19.88,20.18,19.79,19.87,11.9983,9441000
"2016-11-07",20.07,20.32,20.02,20.17,12.1794,9773400
"2016-11-08",20.02,20.5,20,20.41,12.3243,8925400
"2016-11-09",20.31,21.46,20.23,21.32,12.8738,24256400
"2016-11-10",21.49,21.98,21.41,21.53,13.0006,22993200
"2016-11-11",21.7,21.77,20.48,20.65,12.4693,16703700
"2016-11-14",20.6,21.07,20.58,20.97,12.6625,13175700
"2016-11-15",21.5,21.85,21.34,21.83,13.1818,15888600
"2016-11-16",21.67,21.71,21.11,21.29,12.8557,9342400
"2016-11-17",21.45,21.61,21.34,21.38,12.9101,8736000
"2016-11-18",21.42,21.76,21.4,21.67,13.0852,11044400
"2016-11-21",21.96,22.04,21.86,22.03,13.3026,13686500
"2016-11-22",22.01,22.04,21.7,21.89,13.218,13254600
"2016-11-23",21.75,22.03,21.75,21.8,13.1637,8195900
"2016-11-25",21.8,21.83,21.58,21.81,13.1697,3624900
"2016-11-28",21.8,21.81,21.38,21.43,12.9403,11102400
"2016-11-29",21.28,21.41,21.05,21.4,12.9221,12272900
"2016-11-30",22.31,22.55,21.88,22.2,13.4052,29390300
"2016-12-01",22.4,22.45,21.45,21.49,12.9765,14679900
"2016-12-02",21.45,21.7,21.34,21.36,12.898,11264300
"2016-12-05",21.22,21.65,21.16,21.46,12.9584,15723000
"2016-12-06",21.27,21.34,20.61,21.12,12.7531,24964400
"2016-12-07",21.16,21.29,20.94,21.29,12.8557,17175200
"2016-12-08",21.29,21.29,21.01,21.2,12.8014,11873600
"2016-12-09",21.2,21.23,21.02,21.09,12.735,12323300
"2016-12-12",21.31,21.72,21.21,21.28,12.8497,14887000
"2016-12-13",21.38,21.44,21.06,21.34,12.8859,14029600
"2016-12-14",21.2,21.38,20.8,20.82,12.5719,13381200
"2016-12-15",20.79,21.14,20.75,21.02,12.6927,13484500
"2016-12-16",21.05,21.4,20.94,21.34,12.8859,24514900
"2016-12-19",21.3,21.35,20.96,21.01,12.6866,8801600
"2016-12-20",21.08,21.14,20.72,20.77,12.5417,15608500
"2016-12-21",20.8,21.21,20.72,21.17,12.7833,15596300
"2016-12-22",21.01,21.23,20.9,20.99,12.6746,10226000
"2016-12-23",20.93,21.21,20.81,21.13,12.7591,8700600
"2016-12-27",21.11,21.25,21.05,21.14,12.7651,9173200
"2016-12-28",21.15,21.44,20.72,20.73,12.5176,12503600
"2016-12-29",20.72,20.9,20.71,20.76,12.5357,7704200
"2016-12-30",20.71,20.82,20.62,20.71,12.5055,10629300
"2017-01-03",20.92,21.63,20.88,21.61,13.049,16489400
"2017-01-04",21.67,21.74,21.45,21.72,13.1154,8773300
"2017-01-05",21.79,21.84,21.46,21.69,13.0973,10612800
"2017-01-06",21.71,21.91,21.58,21.81,13.1697,9319300
"2017-01-09",21.56,21.88,21.42,21.64,13.0671,10413000
"2017-01-10",21.74,21.8,21.49,21.57,13.0248,14680200
"2017-01-11",21.56,21.97,21.52,21.94,13.2482,10211500
"2017-01-12",22,22.22,21.74,22.19,13.3992,14239000
"2017-01-13",22.09,22.49,22,22.42,13.5381,16135600
"2017-01-17",22.5,22.68,22.43,22.55,13.6166,14012200
"2017-01-18",22.46,22.62,22.32,22.44,13.5501,14458300
"2017-01-19",22,22.75,21.86,22.47,13.5683,16315300
"2017-01-20",22.73,22.94,22.36,22.49,13.5803,17148900
"2017-01-23",22.56,22.59,22.08,22.14,13.369,12711500
"2017-01-24",22.32,22.73,22.18,22.62,13.6588,12002600
"2017-01-25",22.62,22.7,22.22,22.6,13.6468,19065000
"2017-01-26",22.64,22.75,22.4,22.42,13.5381,9862800
"2017-01-27",22.42,22.47,22.2,22.38,13.5139,10606800
"2017-01-30",22.22,22.26,21.83,21.98,13.3469,11029300
"2017-01-31",22.01,22.35,21.88,22.34,13.5655,9147300
"2017-02-01",22.48,22.56,22.05,22.23,13.4987,9352800
"2017-02-02",22.32,22.65,22.22,22.65,13.7538,11032600
"2017-02-03",22.65,23.01,22.56,22.94,13.9299,10785200
"2017-02-06",22.92,22.97,22.47,22.5,13.6627,8540800
"2017-02-07",22.4,22.54,22.04,22.12,13.4319,10529600
"2017-02-08",22.02,22.43,21.82,22.41,13.608,11419100
"2017-02-09",22.41,22.75,22.35,22.38,13.5898,13105800
"2017-02-10",22.58,22.71,22.44,22.48,13.6505,20023800
"2017-02-13",22.43,22.55,22.31,22.55,13.693,10190400
"2017-02-14",22.61,22.64,22.39,22.54,13.687,8569900
"2017-02-15",22.41,22.49,22.21,22.27,13.523,11872700
"2017-02-16",22.28,22.28,21.75,21.79,13.2315,17715700
"2017-02-17",21.75,21.89,21.58,21.77,13.2194,14646600
"2017-02-21",21.82,22.1,21.79,21.99,13.353,10145500
"2017-02-22",21.8,21.85,21.46,21.51,13.0615,10998600
"2017-02-23",21.74,21.8,21.45,21.54,13.0797,11906500
"2017-02-24",21.4,21.53,21.12,21.24,12.8976,12515500
"2017-02-27",21.31,21.45,21.2,21.4,12.9947,11047800
"2017-02-28",21.29,21.44,21.21,21.31,12.9401,9969400
"2017-03-01",21.51,21.95,21.41,21.77,13.2194,11848100
"2017-03-02",21.56,21.91,21.53,21.85,13.268,8926800
"2017-03-03",21.85,21.98,21.65,21.75,13.2073,8533400
"2017-03-06",21.69,21.86,21.54,21.76,13.2133,7829700
"2017-03-07",21.76,21.8,21.56,21.63,13.1344,9535500
"2017-03-08",21.62,21.96,21.19,21.29,12.9279,18117900
"2017-03-09",21.14,21.37,20.82,21.27,12.9158,12122300
"2017-03-10",21.4,21.6,21.3,21.5,13.0554,10855900
"2017-03-13",21.45,21.66,21.41,21.51,13.0615,8594400
"2017-03-14",21.22,21.29,20.95,21.04,12.7761,9545600
"2017-03-15",21.3,21.71,21.2,21.66,13.1526,11011100
"2017-03-16",21.66,21.7,21.36,21.56,13.0919,7700400
"2017-03-17",21.61,21.74,21.26,21.28,12.9219,14405500
"2017-03-20",21.1,21.23,20.99,21.19,12.8672,10023900
"2017-03-21",21.25,21.42,20.74,20.94,12.7154,16276800
"2017-03-22",20.92,21.16,20.71,20.98,12.7397,12288200
"2017-03-23",21.02,21.26,20.98,21.15,12.8429,10778100
"2017-03-24",21.15,21.44,21.09,21.15,12.8429,10210000
"2017-03-27",20.97,21.14,20.86,21.03,12.7701,8336900
"2017-03-28",21.13,21.45,21.05,21.42,13.0069,9820900
"2017-03-29",21.35,21.5,21.22,21.41,13.0008,12615100
"2017-03-30",21.49,21.69,21.38,21.43,13.0129,14187900
"2017-03-31",21.41,21.77,21.35,21.74,13.2012,13907500
"2017-04-03",21.74,21.82,21.32,21.59,13.1101,7553000
"2017-04-04",21.66,21.68,21.42,21.64,13.1405,7458200
"2017-04-05",21.79,21.92,21.45,21.47,13.0372,9573500
"2017-04-06",21.56,21.88,21.44,21.75,13.2073,11314800
"2017-04-07",21.75,21.83,21.53,21.56,13.0919,8390500
"2017-04-10",21.65,21.85,21.63,21.75,13.2073,7664000
"2017-04-11",21.72,21.73,21.46,21.61,13.1222,8441500
"2017-04-12",21.64,21.73,21.49,21.66,13.1526,9605200
"2017-04-13",21.67,21.85,21.35,21.39,12.9886,9865300
"2017-04-17",21.4,21.49,21.32,21.37,12.9765,7357700
"2017-04-18",21.22,21.4,21.16,21.16,12.849,16576200
"2017-04-19",21.17,21.29,20.91,20.98,12.7397,11856200
"2017-04-20",20.89,21.18,20.56,20.72,12.5818,20558900
"2017-04-21",20.73,20.75,20.22,20.27,12.3086,18141500
"2017-04-24",20.44,20.66,20.38,20.63,12.5272,13383600
"2017-04-25",20.62,20.95,20.46,20.9,12.6911,11542300
"2017-04-26",20.82,21.22,20.8,20.92,12.7033,10691700
"2017-04-27",20.65,20.83,20.51,20.62,12.5964,8616500
"2017-04-28",20.73,20.74,20.53,20.63,12.6025,10316600
"2017-05-01",20.61,20.67,20.48,20.54,12.5475,8000300
"2017-05-02",20.59,20.72,20.43,20.45,12.4925,9383600
"2017-05-03",20.4,20.57,20.27,20.28,12.3887,12907000
"2017-05-04",20.2,20.28,19.6,19.76,12.071,16440200
"2017-05-05",19.8,20.23,19.76,20.19,12.3337,9884600
"2017-05-08",20.19,20.26,19.93,20.15,12.3092,9881400
"2017-05-09",20.14,20.29,19.84,19.9,12.1565,14743700
"2017-05-10",20.01,20.44,19.93,20.19,12.3337,18083500
"2017-05-11",20.21,20.27,20,20.11,12.2848,11107900
"2017-05-12",20.12,20.14,19.87,19.91,12.1626,10860700
"2017-05-15",20.21,20.29,19.89,19.9,12.1565,12215300
"2017-05-16",19.96,20.04,19.77,19.8,12.0954,9262400
"2017-05-17",19.8,19.8,19.5,19.5,11.9122,10978500
"2017-05-18",19.49,19.63,19.32,19.45,11.8816,14591700
"2017-05-19",19.55,19.76,19.42,19.52,11.9244,15958200
"2017-05-22",19.63,19.65,19.43,19.51,11.9183,7472300
"2017-05-23",19.53,19.63,19.46,19.52,11.9244,10712400
"2017-05-24",19.53,19.76,19.17,19.37,11.8328,17924100
"2017-05-25",19.36,19.79,19.29,19.42,11.8633,15081800
"2017-05-26",19.32,19.39,19.19,19.25,11.7594,10475500
"2017-05-30",18.97,19,18.4,18.42,11.2524,20200300
"2017-05-31",18.38,18.95,18.31,18.76,11.4601,25332100
"2017-06-01",18.77,19.09,18.72,18.99,11.6006,18123600
"2017-06-02",18.95,19.02,18.89,18.95,11.5762,15632500
"2017-06-05",18.9,19.02,18.83,18.96,11.5823,12502000
"2017-06-06",18.9,18.94,18.62,18.8,11.4845,10396900
"2017-06-07",18.75,18.92,18.57,18.68,11.4112,13538200
"2017-06-08",18.68,18.9,18.6,18.76,11.4601,12625500
"2017-06-09",18.75,19.15,18.75,19.08,11.6556,11446800
"2017-06-12",19.19,19.39,19.13,19.13,11.6861,13912400
"2017-06-13",19.18,19.3,19.13,19.23,11.7472,10052300
"2017-06-14",19.21,19.24,18.83,18.96,11.5823,13734800
"2017-06-15",18.92,19.03,18.77,18.81,11.4907,10248200
"2017-06-16",18.99,19.2,18.85,19.19,11.7228,16112500
"2017-06-19",19.19,19.27,19.01,19.06,11.6434,7169700
"2017-06-20",18.9,18.92,18.45,18.52,11.3135,13964100
"2017-06-21",18.55,18.83,18.46,18.51,11.3074,13817400
"2017-06-22",18.49,18.7,18.4,18.58,11.3502,13035900
"2017-06-23",18.56,18.83,18.56,18.79,11.4784,10714100
"2017-06-26",18.78,18.96,18.74,18.88,11.5334,11195700
"2017-06-27",18.97,19.08,18.87,18.91,11.5517,10553600
"2017-06-28",19,19.18,18.86,19.02,11.6189,13048000
"2017-06-29",19.09,19.25,18.93,19.04,11.6312,11998800
"2017-06-30",19.15,19.25,18.98,19.16,11.7045,13034600
"2017-07-03",19.17,19.65,19.17,19.52,11.9244,6358800
"2017-07-05",19.44,19.48,19.21,19.31,11.7961,8669500
"2017-07-06",19.36,19.43,19.1,19.13,11.6861,7189200
"2017-07-07",19.13,19.21,18.92,19.17,11.7106,7365200
"2017-07-10",19.09,19.16,18.98,19.08,11.6556,7183000
"2017-07-11",19.06,19.23,18.97,19.22,11.7411,9271600
"2017-07-12",19.35,19.5,19.25,19.41,11.8572,9497600
"2017-07-13",19.41,19.45,19.27,19.33,11.8083,5927400
"2017-07-14",19.38,19.62,19.33,19.54,11.9366,10701800
"2017-07-17",19.55,19.67,19.5,19.55,11.9427,8329400
"2017-07-18",19.6,19.61,19.36,19.5,11.9122,7202800
"2017-07-19",19.5,19.69,19.43,19.67,12.016,10420500
"2017-07-20",20.65,21.25,20.35,20.56,12.5597,34813100
"2017-07-21",20.51,20.79,20.42,20.69,12.6391,17070800
"2017-07-24",20.69,20.7,20.26,20.33,12.4192,13265300
"2017-07-25",20.55,20.6,20.21,20.25,12.3703,10153800
"2017-07-26",20.27,20.6,20.21,20.34,12.4253,11231200
"2017-07-27",20.23,20.47,20.13,20.47,12.582,13093500
"2017-07-28",20.4,20.56,20.28,20.4,12.539,7682400
"2017-07-31",20.44,20.51,20.2,20.43,12.5575,9687500
"2017-08-01",20.47,20.47,20.27,20.35,12.5083,8449100
"2017-08-02",20.2,20.35,20.15,20.33,12.496,6268500
"2017-08-03",20.27,20.34,20.15,20.23,12.4345,8986300
"2017-08-04",20.27,20.29,20.15,20.2,12.4161,6072000
"2017-08-07",20.15,20.2,20.07,20.15,12.3854,7177100
"2017-08-08",20.01,20.14,19.71,19.75,12.1395,10587500
"2017-08-09",19.75,19.8,19.59,19.75,12.1395,10680000
"2017-08-10",19.77,19.85,19.32,19.39,11.9182,12089800
"2017-08-11",19.32,19.42,18.98,19.07,11.7215,8612600
"2017-08-14",19.19,19.28,18.96,19.03,11.6969,8107100
"2017-08-15",19.02,19.03,18.78,18.85,11.5863,9785200
"2017-08-16",18.89,18.97,18.67,18.71,11.5002,8460400
"2017-08-17",18.65,18.68,18.39,18.4,11.3097,9062900
"2017-08-18",18.37,18.66,18.23,18.55,11.4019,11593900
"2017-08-21",18.58,18.62,18.44,18.55,11.4019,12272100
"2017-08-22",18.56,18.84,18.54,18.79,11.5494,8245100
"2017-08-23",18.73,19.13,18.72,19.01,11.6846,8394800
"2017-08-24",19.01,19.12,18.9,19.05,11.7092,7708400
"2017-08-25",19.12,19.26,19.06,19.17,11.783,7981700
"2017-08-28",19.21,19.22,18.94,19.01,11.6846,7887000
"2017-08-29",18.92,19.04,18.89,19.02,11.6908,8202000
"2017-08-30",19.01,19.21,18.92,19.07,11.7215,9498300
"2017-08-31",19.13,19.4,19.09,19.33,11.8813,11783200
"2017-09-01",19.33,19.44,19.1,19.36,11.8998,14322500
"2017-09-05",19.4,19.6,19.23,19.35,11.8936,10741100
"2017-09-06",19.14,19.49,19.13,19.33,11.8813,12714300
"2017-09-07",19.33,19.37,19.1,19.14,11.7645,6834800
"2017-09-08",19.1,19.18,18.95,19.14,11.7645,7987600
"2017-09-11",19.22,19.55,19.2,19.44,11.9489,8813800
"2017-09-12",19.44,19.54,19.3,19.36,11.8998,5994100
"2017-09-13",19.36,19.48,19.29,19.44,11.9489,5356800
"2017-09-14",19.38,19.58,19.32,19.34,11.8875,7746400
"2017-09-15",19.4,19.41,19.23,19.36,11.8998,9389600
"2017-09-18",19.36,19.48,19.28,19.39,11.9182,8201200
"2017-09-19",19.44,19.6,19.36,19.56,12.0227,7370800
"2017-09-20",19.6,19.85,19.56,19.77,12.1518,11068700
"2017-09-21",19.75,19.75,19.23,19.32,11.8752,9822500
"2017-09-22",19.29,19.36,19.12,19.27,11.8445,7744200
"2017-09-25",19.36,19.75,19.29,19.69,12.1026,9568900
"2017-09-26",19.61,19.67,19.45,19.52,11.9981,8493900
"2017-09-27",19.53,19.54,19.24,19.33,11.8813,6868500
"2017-09-28",19.29,19.31,19.16,19.31,11.869,8349000
"2017-09-29",19.28,19.35,19.11,19.18,11.7891,8608100
"2017-10-02",19.06,19.15,18.96,19.1,11.74,9306100
"2017-10-03",19.1,19.11,18.85,18.85,11.5863,12888500
"2017-10-04",18.85,18.91,18.67,18.82,11.5679,10162900
"2017-10-05",18.85,19.13,18.82,19.1,11.74,11233900
"2017-10-06",18.95,19.06,18.8,19.02,11.6908,10325000
"2017-10-09",19.02,19.17,19,19.03,11.6969,5475400
"2017-10-10",19.1,19.15,18.94,18.95,11.6478,7105800
"2017-10-11",18.98,19.07,18.94,19.05,11.7092,9369700
"2017-10-12",18.92,19,18.79,18.88,11.6047,7513900
"2017-10-13",19,19.01,18.75,18.76,11.531,7515700
"2017-10-16",18.91,18.94,18.74,18.81,11.5617,7374800
"2017-10-17",18.64,18.75,18.53,18.68,11.4818,13074800
"2017-10-18",18.62,18.74,18.47,18.58,11.4203,18359200
"2017-10-19",18.51,18.77,18.42,18.65,11.4634,16578700
"2017-10-20",18.75,18.76,18.38,18.42,11.322,10159700
"2017-10-23",18.36,18.4,18.04,18.12,11.1376,14055100
"2017-10-24",18.17,18.31,18.05,18.27,11.2298,18149300
"2017-10-25",18.19,18.29,17.84,17.96,11.0393,17815300
"2017-10-26",18.01,18.11,17.87,18,11.0638,14522500
"2017-10-27",17.9,18.31,17.82,18.03,11.0823,17199900
"2017-10-30",17.97,18.25,17.92,18.1,11.203,10822300
"2017-10-31",18.07,18.15,17.91,18.11,11.2092,14474500
"2017-11-01",18.25,18.38,18.05,18.13,11.2215,10526300
"2017-11-02",18.07,18.12,17.73,17.8,11.0173,12594900
"2017-11-03",17.8,17.84,17.59,17.74,10.9802,13227400
"2017-11-06",17.81,18.13,17.8,18.08,11.1906,12685300
"2017-11-07",18.12,18.2,17.96,18.04,11.1658,9192800
"2017-11-08",18.01,18.09,17.91,18,11.1411,10239500
"2017-11-09",17.9,18.03,17.82,17.91,11.0854,10060300
"2017-11-10",17.86,17.9,17.65,17.67,10.9368,9152100
"2017-11-13",17.64,17.69,17.41,17.46,10.8068,9465200
"2017-11-14",17.42,17.54,17.27,17.43,10.7883,15039800
"2017-11-15",17.25,17.3,17,17.03,10.5407,18971800
"2017-11-16",17.05,17.1,16.81,16.83,10.4169,15395900
"2017-11-17",16.83,17.03,16.7,17.01,10.5283,12236900
"2017-11-20",16.98,17.17,16.93,17.06,10.5593,9987600
"2017-11-21",17.15,17.17,16.81,16.87,10.4417,10450300
"2017-11-22",16.92,17.2,16.92,17.1,10.584,9398500
"2017-11-24",17.18,17.39,17.16,17.19,10.6397,5146100
"2017-11-27",17.15,17.17,16.84,16.96,10.4974,11961900
"2017-11-28",17,17.2,16.92,17.03,10.5407,16091900
"2017-11-29",17,17.08,16.68,16.76,10.3736,21742600
"2017-11-30",16.77,17.26,16.77,17.23,10.6645,28363300
"2017-12-01",17.3,17.45,17.19,17.41,10.7759,15082300
"2017-12-04",17.4,17.5,17.24,17.25,10.6769,16108300
"2017-12-05",17.13,17.35,17.07,17.14,10.6088,13974200
"2017-12-06",17.09,17.24,16.89,17.11,10.5902,15331100
"2017-12-07",17.11,17.44,17.06,17.36,10.745,17648900
"2017-12-08",17.42,17.85,17.38,17.79,11.0111,21169500
"2017-12-11",17.76,18.12,17.75,17.96,11.1163,14200200
"2017-12-12",17.75,18.02,17.72,17.75,10.9863,13881200
"2017-12-13",17.76,17.93,17.73,17.85,11.0482,13765200
"2017-12-14",17.8,17.99,17.78,17.84,11.042,13307700
"2017-12-15",17.91,18.15,17.9,17.93,11.0978,22931000
"2017-12-18",17.99,18.19,17.97,18,11.1411,13292500
"2017-12-19",18.1,18.14,17.9,17.92,11.0916,11268900
"2017-12-20",17.93,17.93,17.68,17.76,10.9925,18573300
"2017-12-21",17.72,18.1,17.65,18.07,11.1844,16184700
"2017-12-22",18.03,18.14,18.02,18.05,11.172,8094500
"2017-12-26",18.05,18.18,18.05,18.11,11.2092,7586400
"2017-12-27",18.13,18.19,18.05,18.12,11.2153,11044400
"2017-12-28",18.14,18.33,18.1,18.31,11.333,10501300
"2017-12-29",18.31,18.34,18.06,18.07,11.1844,10474300
"2018-01-02",18.32,18.84,18.19,18.8,11.6362,16189100
"2018-01-03",18.87,19,18.7,18.96,11.7353,13893600
"2018-01-04",18.99,19.1,18.86,19.01,11.7662,12718900
"2018-01-05",19.07,19.08,18.75,18.95,11.7291,11225300
"2018-01-08",18.9,18.98,18.8,18.86,11.6734,12309100
"2018-01-09",18.85,19,18.82,18.94,11.7229,10734400
"2018-01-10",19,19.06,18.88,18.88,11.6857,12593900
"2018-01-11",18.8,19.22,18.75,19.2,11.8838,17387600
"2018-01-12",19.24,19.66,19.16,19.52,12.0819,16117000
"2018-01-16",19.67,19.83,19.38,19.39,12.0014,20322000
"2018-01-17",19.52,19.64,19.32,19.57,12.1128,19501400
"2018-01-18",19.5,19.52,18.77,19.01,11.7662,37007800
"2018-01-19",19.04,19.2,18.89,19.01,11.7662,18004600
"2018-01-22",19.05,19.64,19.01,19.63,12.15,15649300
"2018-01-23",19.66,19.71,19.4,19.45,12.0386,19891300
"2018-01-24",19.52,19.56,19.13,19.14,11.8467,17061900
"2018-01-25",19.2,19.32,18.79,18.82,11.6486,16503200
"2018-01-26",18.98,18.99,18.69,18.77,11.6177,17126900
"2018-01-29",18.77,18.83,18.57,18.71,11.5805,17204700
"2018-01-30",18.5,18.54,18.22,18.23,11.3593,18488200
"2018-01-31",18.27,18.38,17.95,17.98,11.2035,18709600
"2018-02-01",18.02,18.08,17.81,18.06,11.2534,13857900
"2018-02-02",17.9,17.93,17.46,17.5,10.9045,18493500
"2018-02-05",17.28,17.48,16.57,16.81,10.4745,23411900
"2018-02-06",16.6,17.38,16.56,17.33,10.7985,28022000
"2018-02-07",17.3,17.54,17.23,17.29,10.7736,19359700
"2018-02-08",17.33,17.56,16.8,16.8,10.4683,16484100
"2018-02-09",16.96,17.39,16.62,17.24,10.7424,30841800
"2018-02-12",17.35,17.44,17.05,17.3,10.7798,17074200
"2018-02-13",17.2,17.45,17.14,17.39,10.8359,9058300
"2018-02-14",17.21,17.58,17.15,17.45,10.8733,10854100
"2018-02-15",17.58,17.65,17.15,17.31,10.7861,14914000
"2018-02-16",17.26,17.34,16.96,17.06,10.6303,15042500
"2018-02-20",17.05,17.19,16.9,17,10.5929,13406600
"2018-02-21",16.97,17.06,16.75,16.75,10.4371,13464500
"2018-02-22",16.84,17.04,16.61,16.66,10.381,10561700
"2018-02-23",16.7,17.03,16.64,17.01,10.5991,9748900
"2018-02-26",17.06,17.06,16.76,16.92,10.543,12715300
"2018-02-27",16.93,16.95,16.64,16.64,10.3686,11665300
"2018-02-28",16.75,16.76,16.19,16.2,10.0944,16956900
"2018-03-01",16.18,16.29,15.96,16.21,10.1006,15126400
"2018-03-02",16.12,16.18,15.86,16.1,10.0321,13356400
"2018-03-05",16.03,16.28,15.95,16.21,10.1006,13559700
"2018-03-06",16.28,16.29,16,16.11,10.0383,13083200
"2018-03-07",16.02,16.16,15.97,16.05,10.0009,9583400
"2018-03-08",16.1,16.1,15.95,16.01,9.976,11030700
"2018-03-09",16.12,16.33,16.1,16.33,10.1754,8484700
"2018-03-12",16.31,16.61,16.21,16.55,10.3125,11294800
"2018-03-13",16.61,16.61,16.4,16.5,10.2813,9944700
"2018-03-14",16.59,16.6,16.35,16.42,10.2315,9659900
"2018-03-15",16.45,16.51,15.07,16.31,10.163,72457200
"2018-03-16",16.27,16.5,16.12,16.41,10.2253,21259000
"2018-03-19",16.4,16.4,15.87,16,9.9698,20386500
"2018-03-20",16.05,16.19,15.47,15.61,9.7268,23064900
"2018-03-21",15.91,16,15.69,15.91,9.9137,21448400
"2018-03-22",15.74,15.79,15.36,15.36,9.571,18754700
"2018-03-23",15.4,15.47,14.99,15.01,9.3529,20378000
"2018-03-26",15.1,15.18,14.82,15.13,9.4277,18038200
"2018-03-27",15.19,15.41,14.92,15.09,9.4028,20579500
"2018-03-28",15.09,15.19,14.76,14.81,9.2283,23041600
"2018-03-29",14.84,15.12,14.79,15.06,9.3841,16265800
"2018-04-02",15.02,15.16,14.77,14.9,9.2844,13307800
"2018-04-03",14.96,15.02,14.69,15.01,9.3529,17176400
"2018-04-04",14.89,15.21,14.73,15.16,9.4464,13408500
"2018-04-05",15.24,15.63,15.17,15.5,9.6582,11549900
"2018-04-06",15.41,15.46,15.03,15.17,9.4526,10589100
"2018-04-09",15.27,15.41,14.98,15.1,9.409,15866200
"2018-04-10",15.15,15.68,15.08,15.61,9.7268,23847200
"2018-04-11",15.49,15.66,15.29,15.35,9.5648,15816000
"2018-04-12",15.4,15.42,15.23,15.34,9.5585,16922700
"2018-04-13",15.4,15.43,15.25,15.33,9.5523,11745200
"2018-04-16",15.39,15.75,15.29,15.68,9.7704,13595000
"2018-04-17",15.78,16.05,15.75,16.02,9.9823,14451100
"2018-04-18",16.15,16.32,16.12,16.17,10.0757,17786300
"2018-04-19",16.8,16.98,16.43,16.54,10.3063,21268500
"2018-04-20",16.58,16.62,16.37,16.47,10.2626,14922500
"2018-04-23",16.4,16.48,16.26,16.44,10.244,10180600
"2018-04-24",16.5,16.51,16.18,16.27,10.138,11046300
"2018-04-25",16.2,16.29,15.97,16.26,10.1318,11536600
"2018-04-26",16.3,16.33,16.06,16.22,10.1069,11383700
"2018-04-27",15.97,16.13,15.83,15.95,10.0627,9826500
"2018-04-30",15.94,16.02,15.82,15.82,9.9807,14201600
"2018-05-01",15.79,16.02,15.77,16.02,10.1069,10253500
"2018-05-02",15.96,16.21,15.9,16.16,10.1952,14992900
"2018-05-03",16.17,16.22,15.69,15.82,9.9807,17124700
"2018-05-04",15.75,16.18,15.74,16.11,10.1637,14511800
"2018-05-07",16.19,16.48,16.18,16.21,10.2267,13680000
"2018-05-08",16.3,16.3,16.04,16.07,10.1384,17513400
"2018-05-09",16.21,16.52,16.18,16.45,10.3782,17015500
"2018-05-10",16.55,16.67,16.4,16.5,10.4097,14148900
"2018-05-11",16.57,16.65,16.46,16.51,10.416,15939600
"2018-05-14",16.55,16.7,16.52,16.64,10.498,9110700
"2018-05-15",16.65,16.67,16.41,16.44,10.3718,12467500
"2018-05-16",16.44,16.48,16.32,16.4,10.3466,10032200
"2018-05-17",16.45,16.51,16.24,16.3,10.2835,14536000
"2018-05-18",16.29,16.33,16.02,16.07,10.1384,12329300
"2018-05-21",16.11,16.16,15.95,15.98,10.0816,13106200
"2018-05-22",16,16.14,15.87,15.94,10.0564,13340400
"2018-05-23",15.85,16.21,15.8,16.19,10.2141,14377100
"2018-05-24",16.14,16.14,15.85,15.88,10.0185,13410800
"2018-05-25",15.75,15.9,15.58,15.89,10.0249,17522000
"2018-05-29",16.35,16.46,15.99,16.04,10.1195,26449700
"2018-05-30",16.11,16.65,16.1,16.56,10.4476,17941000
"2018-05-31",16.52,16.74,16.45,16.68,10.5233,24678200
"2018-06-01",16.73,16.98,16.66,16.9,10.6621,16805200
"2018-06-04",16.94,17.07,16.8,16.94,10.6873,18695800
"2018-06-05",16.86,17.11,16.83,16.84,10.6242,23440100
"2018-06-06",16.89,16.96,16.67,16.72,10.5485,17558100
"2018-06-07",16.77,17.1,16.75,17.06,10.763,11120200
"2018-06-08",17.07,17.1,16.75,16.85,10.6305,10346200
"2018-06-11",16.83,17.21,16.77,17.15,10.8198,14213500
"2018-06-12",17.14,17.2,16.91,16.93,10.681,12117000
"2018-06-13",16.91,16.93,16.66,16.74,10.5611,9435800
"2018-06-14",16.79,16.97,16.76,16.95,10.6936,12080000
"2018-06-15",16.88,16.96,16.71,16.77,10.58,15486300
"2018-06-18",16.8,17.19,16.77,17.16,10.8261,12863300
"2018-06-19",17.02,17.43,17,17.35,10.946,15071600
"2018-06-20",17.47,17.66,17.4,17.49,11.0343,13132400
"2018-06-21",17.41,17.45,17.11,17.16,10.8261,10463300
"2018-06-22",17.44,17.66,17.37,17.39,10.9712,15632700
"2018-06-25",17.4,17.43,17.1,17.17,10.8324,12750500
"2018-06-26",17.42,17.62,17.27,17.55,11.0721,12651000
"2018-06-27",17.6,17.86,17.6,17.64,11.1289,13172200
"2018-06-28",17.65,17.77,17.41,17.48,11.028,11868300
"2018-06-29",17.55,17.76,17.46,17.67,11.1478,9772700
"2018-07-02",17.6,17.6,17.32,17.43,10.9964,7982300
"2018-07-03",17.59,17.75,17.56,17.69,11.1605,5716700
"2018-07-05",17.76,17.82,17.58,17.58,11.0911,7754400
"2018-07-06",17.6,17.98,17.6,17.93,11.3119,9307600
"2018-07-09",17.99,18.15,17.93,18.1,11.4191,8862900
"2018-07-10",18.15,18.25,18.08,18.22,11.4948,8600300
"2018-07-11",18.05,18.25,17.75,17.86,11.2677,10205700
"2018-07-12",17.91,18.04,17.77,18.03,11.375,7365600
"2018-07-13",17.99,18.15,17.87,17.91,11.2993,8442000
"2018-07-16",17.92,18,17.73,17.8,11.2299,10771600
"2018-07-17",17.71,17.78,17.56,17.69,11.1605,12253200
"2018-07-18",17.6,17.88,17.52,17.78,11.2172,7864700
"2018-07-19",17.99,18.45,17.9,17.99,11.3497,19240100
"2018-07-20",17.97,18.07,17.68,17.69,11.1605,11396000
"2018-07-23",17.77,17.84,17.59,17.7,11.1668,8773200
"2018-07-24",17.74,17.82,17.58,17.65,11.1352,17547700
"2018-07-25",17.52,17.94,17.41,17.9,11.2929,14261000
"2018-07-26",17.92,18.16,17.88,18.03,11.375,10606800
"2018-07-27",18.03,18.14,17.72,17.9,11.2929,12034800
"2018-07-30",17.83,17.96,17.69,17.75,11.3248,11211800
"2018-07-31",17.77,17.9,17.6,17.78,11.344,19026700
"2018-08-01",17.7,17.73,17.41,17.53,11.1845,9874200
"2018-08-02",17.45,17.77,17.35,17.68,11.2802,17189600
"2018-08-03",17.67,17.78,17.53,17.62,11.2419,19225700
"2018-08-06",17.66,18.02,17.6,17.95,11.4525,12284500
"2018-08-07",18.05,18.16,17.94,17.98,11.4716,14014100
"2018-08-08",17.92,18,17.87,17.92,11.4333,9039900
"2018-08-09",17.96,18.09,17.92,17.94,11.4461,11918900
"2018-08-10",17.91,18.25,17.86,18.17,11.5928,12690600
"2018-08-13",18.15,18.17,17.8,17.84,11.3823,11398800
"2018-08-14",17.94,18.11,17.9,17.95,11.4525,7728500
"2018-08-15",17.87,17.89,17.48,17.73,11.3121,11341700
"2018-08-16",17.85,18.04,17.79,17.82,11.3695,10225300
"2018-08-17",17.8,18.01,17.75,17.95,11.4525,8150700
"2018-08-20",18,18.02,17.85,17.91,11.4269,8589900
"2018-08-21",18.01,18.12,17.95,17.96,11.4588,6507700
"2018-08-22",18,18.33,17.99,18.28,11.663,9857300
"2018-08-23",18.23,18.27,17.96,17.98,11.4716,9733700
"2018-08-24",18.06,18.18,17.91,17.97,11.4652,9537300
"2018-08-27",17.99,18.09,17.86,17.97,11.4652,8176300
"2018-08-28",17.94,18,17.79,17.81,11.3631,6884200
"2018-08-29",17.84,17.97,17.75,17.88,11.4078,7969600
"2018-08-30",17.88,17.9,17.6,17.78,11.344,9709700
"2018-08-31",17.76,17.76,17.6,17.7,11.2929,8973100
"2018-09-04",17.66,17.7,17.54,17.62,11.2419,9023600
"2018-09-05",17.55,17.84,17.29,17.79,11.3504,13386500
"2018-09-06",17.74,17.87,17.59,17.67,11.2738,10598600
"2018-09-07",17.56,17.86,17.51,17.82,11.3695,9290900
"2018-09-10",17.87,18.01,17.68,17.69,11.2866,11768100
"2018-09-11",17.68,18.11,17.6,18.01,11.4907,10708200
"2018-09-12",18.05,18.3,18.01,18.16,11.5864,14955800
"2018-09-13",18.21,18.3,18.1,18.3,11.6758,8203900
"2018-09-14",18.26,18.27,17.84,18.06,11.5226,10557300
"2018-09-17",18.2,18.34,18.07,18.17,11.5928,8621600
"2018-09-18",18.21,18.4,18.1,18.12,11.5609,10705500
"2018-09-19",18.16,18.3,18.02,18.26,11.6502,8459600
"2018-09-20",18.33,18.35,18.02,18.04,11.5099,13265200
"2018-09-21",18.05,18.2,17.98,18.06,11.5226,16882500
"2018-09-24",18.16,18.21,17.7,17.89,11.4142,15613100
"2018-09-25",17.92,17.99,17.7,17.88,11.4078,15233400
"2018-09-26",17.83,17.87,17.6,17.61,11.2355,9733400
"2018-09-27",17.62,17.66,17.43,17.56,11.2036,17119900
"2018-09-28",17.57,17.91,17.54,17.73,11.3121,14474500
"2018-10-01",17.76,18.19,17.71,18.18,11.5992,12650200
"2018-10-02",18.14,18.27,17.96,18.08,11.5354,9606700
"2018-10-03",18.11,18.38,18.07,18.24,11.6375,8861800
"2018-10-04",18.25,18.36,18.08,18.27,11.6566,10073000
"2018-10-05",18.26,18.32,17.93,18.06,11.5226,16178300
"2018-10-08",17.97,18.24,17.94,18.21,11.6183,10719700
"2018-10-09",18.37,18.61,18.23,18.57,11.848,16049300
"2018-10-10",18.57,18.67,17.98,18,11.4844,26033400
"2018-10-11",17.93,17.94,17.34,17.42,11.1143,25720600
"2018-10-12",17.6,17.76,17.22,17.51,11.1717,19669700
"2018-10-15",17.56,17.72,17.47,17.54,11.1909,13041900
"2018-10-16",17.61,18.02,17.52,17.92,11.4333,11531300
"2018-10-17",17.9,18.07,17.77,17.95,11.4525,15484100
"2018-10-18",17.83,18.47,17.78,17.94,11.4461,21507100
"2018-10-19",17.91,18.18,17.84,17.98,11.4716,19574600
"2018-10-22",18,18.02,17.41,17.44,11.1271,17902500
"2018-10-23",17.22,17.24,16.71,17.04,10.8719,24566500
"2018-10-24",17.05,17.08,16.48,16.51,10.5337,20303000
"2018-10-25",16.73,16.8,16.5,16.58,10.5784,22189700
"2018-10-26",16.55,16.75,16.24,16.59,10.5847,30124900
"2018-10-29",16.72,16.87,16.28,16.46,10.5018,18091800
"2018-10-30",16.27,16.78,16.27,16.76,10.8247,20923100
"2018-10-31",16.89,17.2,16.83,17.02,10.9927,19937700
"2018-11-01",17.09,17.35,16.97,17.16,11.0831,13184900
"2018-11-02",17.23,17.32,16.75,16.86,10.8893,14811500
"2018-11-05",17.03,17.29,16.98,17.26,11.1477,11203500
"2018-11-06",17.29,17.46,17.15,17.45,11.2704,9787800
"2018-11-07",17.65,17.76,17.33,17.5,11.3027,9684900
"2018-11-08",17.44,17.79,17.42,17.56,11.3414,14210500
"2018-11-09",17.4,17.65,17.33,17.53,11.3221,10120200
"2018-11-12",17.65,17.71,17.45,17.47,11.2833,13007100
"2018-11-13",17.5,17.69,17.1,17.18,11.096,14875900
"2018-11-14",17.35,17.44,16.88,16.94,10.941,14933200
"2018-11-15",16.88,17.23,16.7,17.17,11.0895,18448000
"2018-11-16",17.16,17.35,17.12,17.28,11.1606,10178400
"2018-11-19",17.2,17.46,17.18,17.42,11.251,16311500
"2018-11-20",17.25,17.33,16.87,16.96,10.9539,15553500
"2018-11-21",17.04,17.41,16.93,17.17,11.0895,13309700
"2018-11-23",16.9,16.94,16.54,16.61,10.7279,8137600
"2018-11-26",16.7,16.87,16.69,16.72,10.7989,12750300
"2018-11-27",16.73,16.77,16.53,16.73,10.8054,12342100
"2018-11-28",16.71,16.87,16.32,16.86,10.8893,17048000
"2018-11-29",16.82,17,16.73,16.87,10.8958,15474200
"2018-11-30",16.87,17.08,16.73,17.07,11.025,20395300
"2018-12-03",17.22,17.44,17.15,17.3,11.1735,15765500
"2018-12-04",17.28,17.38,16.64,16.68,10.7731,21066300
"2018-12-06",16.44,16.49,15.98,16.46,10.631,22289200
"2018-12-07",16.68,16.88,16.34,16.35,10.5599,15298900
"2018-12-10",16.19,16.25,15.72,16.04,10.3597,16803400
"2018-12-11",16.27,16.36,15.98,16.12,10.4114,12089900
"2018-12-12",16.29,16.48,16.2,16.23,10.4824,16007100
"2018-12-13",16.24,16.67,16.21,16.41,10.5987,16420200
"2018-12-14",16.26,16.45,16.13,16.17,10.4437,10709200
"2018-12-17",16.14,16.36,15.73,15.84,10.2305,15838700
"2018-12-18",15.85,15.96,15.45,15.53,10.0303,17581600
"2018-12-19",15.58,16.02,15.39,15.57,10.0562,20368300
"2018-12-20",15.57,15.79,15.36,15.55,10.0432,26602600
"2018-12-21",15.43,15.94,15.42,15.57,10.0562,29108600
"2018-12-24",15.34,15.49,14.71,14.71,9.5007,14096200
"2018-12-26",14.81,15.64,14.62,15.64,10.1014,17290200
"2018-12-27",15.37,15.55,14.97,15.51,10.0174,20730400
"2018-12-28",15.51,15.58,15.14,15.29,9.8753,17755400
"2018-12-31",15.31,15.46,15.15,15.38,9.9334,17005500
"2019-01-02",15.2,15.94,15.1,15.8,10.2047,15676500
"2019-01-03",15.87,16.05,15.53,15.71,10.1466,18259000
"2019-01-04",15.97,16.31,15.95,16.24,10.4889,12821300
"2019-01-07",16.3,16.63,16.21,16.59,10.7149,13515900
"2019-01-08",16.75,17.17,16.66,17.14,11.0702,20422300
"2019-01-09",17.3,17.37,17.05,17.26,11.1477,20096900
"2019-01-10",17.18,17.37,17.02,17.36,11.2123,16987600
"2019-01-11",17.21,17.4,16.95,17.11,11.0508,26792200
"2019-01-14",16.91,17.31,16.91,17.23,11.1283,17797300
"2019-01-15",17.22,17.41,17.17,17.32,11.1864,16187000
"2019-01-16",17.34,17.61,17.29,17.47,11.2833,18946700
"2019-01-17",17.11,17.99,16.93,17.72,11.4448,23621900
"2019-01-18",17.88,18.05,17.68,18.01,11.6321,17833900
"2019-01-22",17.89,17.92,17.56,17.63,11.3866,24361700
"2019-01-23",17.72,17.76,17.05,17.24,11.1348,21019300
"2019-01-24",17.21,17.55,17.2,17.48,11.2898,14817900
"2019-01-25",17.6,17.9,17.57,17.74,11.4577,15189900
"2019-01-28",17.6,17.92,17.54,17.89,11.5546,13721000
"2019-01-29",17.97,18.11,17.8,18.05,11.6579,15680000
"2019-01-30",17.95,18.19,17.94,18.09,11.8147,14595600
"2019-01-31",18.14,18.16,17.94,18.1,11.8212,13933200
"2019-02-01",18.1,18.36,18.03,18.35,11.9845,11041400
"2019-02-04",18.23,18.37,18.21,18.36,11.991,11746200
"2019-02-05",18.32,18.48,18.27,18.47,12.0628,11186200
"2019-02-06",18.32,18.37,18.01,18.06,11.7951,13230100
"2019-02-07",18.02,18.07,17.71,17.96,11.7297,11599400
"2019-02-08",17.91,18.02,17.77,18.02,11.7689,8613300
"2019-02-11",17.95,18.3,17.88,18.27,11.9322,13701200
"2019-02-12",18.44,18.56,18.35,18.48,12.0694,14593900
"2019-02-13",18.53,18.79,18.52,18.74,12.2392,18725100
"2019-02-14",18.7,18.92,18.65,18.88,12.3306,13248200
"2019-02-15",18.96,18.98,18.76,18.8,12.2784,19219700
"2019-02-19",18.75,19.22,18.73,19.15,12.5069,18435400
"2019-02-20",19.14,19.32,19.12,19.17,12.52,13786900
"2019-02-21",19.15,19.26,19.06,19.19,12.5331,15212800
"2019-02-22",19.32,19.47,19.11,19.32,12.618,15291800
"2019-02-25",19.29,19.43,19.19,19.3,12.6049,14741500
"2019-02-26",19.3,19.44,19.19,19.22,12.5527,16229900
"2019-02-27",19.31,19.35,18.97,19.28,12.5918,9682100
"2019-02-28",19.3,19.32,19.13,19.16,12.5135,11822500
"2019-03-01",19.2,19.74,19.19,19.74,12.8923,19780200
"2019-03-04",19.82,19.86,19.52,19.85,12.9641,17989400
"2019-03-05",19.9,20,19.69,19.97,13.0425,14184800
"2019-03-06",19.95,20.01,19.82,20,13.0621,15263000
"2019-03-07",19.98,20,19.78,19.84,12.9576,17013100
"2019-03-08",19.74,19.77,19.47,19.73,12.8857,17677400
"2019-03-11",19.88,20.02,19.82,19.9,12.9968,12887000
"2019-03-12",19.88,20,19.76,19.86,12.9706,18940600
"2019-03-13",19.95,20.06,19.89,19.98,13.049,17137900
"2019-03-14",20,20.09,19.89,19.98,13.049,13336700
"2019-03-15",19.9,20,19.8,19.87,12.9772,28630200
"2019-03-18",19.86,20.01,19.84,19.99,13.0555,16565600
"2019-03-19",20.03,20.18,19.91,20.05,13.0947,19594400
"2019-03-20",20.06,20.3,19.97,20.09,13.1209,15680000
"2019-03-21",20.05,20.44,19.95,20.42,13.3364,17873700
"2019-03-22",20.22,20.22,19.88,19.9,12.9968,18977400
"2019-03-25",19.89,20.17,19.73,20.13,13.147,14471200
"2019-03-26",20.29,20.4,20.01,20.09,13.1209,10840700
"2019-03-27",19.99,20.12,19.79,19.98,13.049,13129300
"2019-03-28",19.9,19.96,19.69,19.95,13.0294,15986200
"2019-03-29",20.05,20.19,19.9,20.01,13.0686,12665800
"2019-04-01",20.07,20.21,19.96,20.04,13.0882,23043800
"2019-04-02",20.02,20.08,19.9,20.05,13.0947,13659300
"2019-04-03",20.07,20.09,19.81,19.89,12.9902,11839900
"2019-04-04",19.9,19.94,19.76,19.92,13.0098,13201100
"2019-04-05",19.9,20.07,19.84,20.05,13.0947,9349800
"2019-04-08",20.05,20.11,19.86,19.94,13.0229,10194900
"2019-04-09",19.81,19.92,19.67,19.89,12.9902,9516200
"2019-04-10",19.96,19.96,19.76,19.84,12.9576,9980900
"2019-04-11",19.82,19.95,19.75,19.92,13.0098,6844300
"2019-04-12",19.99,20.03,19.78,19.82,12.9445,12234400
"2019-04-15",19.81,19.84,19.69,19.79,12.9249,8894000
"2019-04-16",19.8,19.92,19.72,19.81,12.938,10665300
"2019-04-17",19.87,19.87,19.68,19.69,12.8596,11622600
"2019-04-18",19.61,19.83,19.15,19.39,12.6637,23450100
"2019-04-22",19.58,20.1,19.52,20.03,13.0817,20438700
"2019-04-23",20.05,20.1,19.84,20.08,13.1143,14768000
"2019-04-24",20.02,20.12,19.95,20.08,13.1143,12995800
"2019-04-25",20.04,20.24,19.97,19.97,13.0425,12878400
"2019-04-26",19.96,20.24,19.9,20.23,13.2123,15682400
"2019-04-29",19.93,20,19.67,19.86,13.1329,12905200
"2019-04-30",19.91,20.08,19.77,19.87,13.1396,18959600
"2019-05-01",19.86,19.94,19.59,19.59,12.9544,10815500
"2019-05-02",19.55,19.63,19.35,19.36,12.8023,12380300
"2019-05-03",19.49,19.69,19.46,19.53,12.9147,11857700
"2019-05-06",19.41,19.59,19.38,19.44,12.8552,11380200
"2019-05-07",19.26,19.67,19.24,19.56,12.9346,15226900
"2019-05-08",19.52,19.8,19.44,19.67,13.0073,12798600
"2019-05-09",19.59,19.8,19.47,19.73,13.047,10568200
"2019-05-10",19.39,19.72,19.31,19.7,13.0271,22458200
"2019-05-13",19.6,19.74,19.41,19.67,13.0073,12008000
"2019-05-14",19.77,20.07,19.72,19.93,13.1792,13180300
"2019-05-15",19.94,20.28,19.91,20.14,13.3181,11610200
"2019-05-16",20.23,20.46,20.16,20.42,13.5033,11815000
"2019-05-17",20.29,20.55,20.15,20.21,13.3644,12568400
"2019-05-20",20.22,20.33,20.12,20.29,13.4173,12507900
"2019-05-21",20.3,20.57,20.26,20.34,13.4504,10707300
"2019-05-22",20.26,20.39,20.17,20.34,13.4504,12994500
"2019-05-23",20.18,20.2,19.81,19.96,13.1991,17335700
"2019-05-24",20.04,20.12,19.98,20.06,13.2652,9645300
"2019-05-28",20.11,20.23,19.77,19.88,13.1462,15454200
"2019-05-29",19.72,19.97,19.58,19.91,13.166,13586500
"2019-05-30",20,20.27,19.94,20.06,13.2652,23522000
"2019-05-31",19.86,20.1,19.77,19.95,13.1925,14576800
"2019-06-03",20.07,20.16,19.9,20.14,13.3181,17651000
"2019-06-04",20.15,20.42,20.13,20.34,13.4504,12118500
"2019-06-05",20.37,20.53,20.19,20.47,13.5363,14187300
"2019-06-06",20.5,21.12,20.46,20.86,13.7942,17335200
"2019-06-07",20.85,21.25,20.85,21.13,13.9728,27581700
"2019-06-10",21.18,21.19,20.84,20.88,13.8074,13990800
"2019-06-11",20.99,20.99,20.57,20.78,13.7413,13338500
"2019-06-12",20.59,20.66,20.31,20.38,13.4768,13500700
"2019-06-13",20.48,20.6,20.38,20.52,13.5694,10054900
"2019-06-14",20.61,20.7,20.46,20.53,13.576,7534300
"2019-06-17",20.42,20.58,20.27,20.52,13.5694,10170900
"2019-06-18",20.65,20.85,20.63,20.8,13.7545,10490400
"2019-06-19",20.8,21.02,20.68,20.94,13.8471,10637200
"2019-06-20",21.15,21.32,21.02,21.1,13.9529,11726300
"2019-06-21",21.11,21.4,21.1,21.38,14.1381,20937100
"2019-06-24",21.44,21.5,21.13,21.16,13.9926,9477900
"2019-06-25",21.08,21.12,20.54,20.58,13.6091,18208400
"2019-06-26",20.66,20.81,20.6,20.64,13.6487,13960600
"2019-06-27",20.61,20.65,20.3,20.41,13.4966,16180200
"2019-06-28",20.51,20.88,20.47,20.88,13.8074,15049100
"2019-07-01",21.01,21.06,20.86,20.88,13.8074,9671800
"2019-07-02",20.9,21.1,20.87,20.99,13.8802,8805300
"2019-07-03",21,21.09,20.86,21.08,13.9397,5638000
"2019-07-05",21.02,21.12,20.92,21.11,13.9595,5317400
"2019-07-08",21.06,21.24,21.01,21.06,13.9265,8368800
"2019-07-09",21.03,21.26,20.99,21.24,14.0455,8998100
"2019-07-10",21.28,21.38,21.15,21.18,14.0058,13145000
"2019-07-11",21.24,21.28,21.06,21.27,14.0653,12844400
"2019-07-12",21.3,21.41,21.21,21.29,14.0786,9298300
"2019-07-15",21.3,21.37,21.21,21.24,14.0455,10602300
"2019-07-16",21.2,21.24,20.88,20.91,13.8273,13494400
"2019-07-17",20.95,21,20.58,20.59,13.6157,12659200
"2019-07-18",20.11,20.43,20.08,20.42,13.5033,23602000
"2019-07-19",20.46,20.65,20.28,20.5,13.5562,14109800
"2019-07-22",20.52,20.82,20.49,20.77,13.7347,8897000
"2019-07-23",20.79,20.86,20.56,20.59,13.6157,9347300
"2019-07-24",20.57,20.75,20.54,20.65,13.6553,9142300
"2019-07-25",20.84,20.84,20.52,20.58,13.6091,9062200
"2019-07-26",20.77,20.9,20.7,20.85,13.7876,16583800
"2019-07-29",20.86,20.94,20.65,20.89,13.8141,15285100
"2019-07-30",20.55,20.71,20.42,20.69,13.8475,14444300
"2019-07-31",20.69,20.77,20.39,20.62,13.8007,20274000
"2019-08-01",20.55,20.91,20.52,20.77,13.9011,21456400
"2019-08-02",20.77,20.83,20.18,20.21,13.5263,15042800
"2019-08-05",19.91,20.05,19.57,19.84,13.2786,18919500
"2019-08-06",19.88,20.06,19.73,20.03,13.4058,13971400
"2019-08-07",19.8,20.02,19.51,19.97,13.3656,20533700
"2019-08-08",20.08,20.37,20.02,20.37,13.6333,18487900
"2019-08-09",20.36,20.51,20.27,20.37,13.6333,14481300
"2019-08-12",20.34,20.35,20.13,20.34,13.6133,17046600
"2019-08-13",20.36,20.64,20.26,20.51,13.727,15399500
"2019-08-14",20.19,20.31,19.8,19.8,13.2518,15012600
"2019-08-15",19.92,19.97,19.67,19.88,13.3054,10636000
"2019-08-16",19.91,20.2,19.81,20.13,13.4727,10532400
"2019-08-19",20.3,20.49,20.27,20.41,13.6601,11649700
"2019-08-20",20.42,20.45,20.11,20.14,13.4794,11233700
"2019-08-21",20.41,20.55,20.31,20.39,13.6467,14030100
"2019-08-22",20.4,20.41,20.14,20.2,13.5196,12004300
"2019-08-23",20.05,20.18,19.5,19.57,13.0979,16647200
"2019-08-26",19.77,20.02,19.67,19.92,13.3322,9681100
"2019-08-27",20.05,20.13,19.82,20.04,13.4125,17853600
"2019-08-28",20.14,20.33,20.02,20.26,13.5597,10081300
"2019-08-29",20.43,20.49,20.16,20.4,13.6534,9894900
"2019-08-30",20.43,20.47,20.16,20.27,13.5664,13755700
"2019-09-03",20.06,20.13,19.9,20.12,13.466,12318100
"2019-09-04",20.28,20.46,20.21,20.33,13.6066,7697700
"2019-09-05",20.44,20.65,20.41,20.51,13.727,10107800
"2019-09-06",20.49,20.56,20.33,20.41,13.6601,7077400
"2019-09-09",20.51,20.56,20.24,20.41,13.6601,10638000
"2019-09-10",20.32,20.38,20.02,20.23,13.5396,16417700
"2019-09-11",20.29,20.5,20.24,20.45,13.6869,9579600
"2019-09-12",20.47,20.54,20.35,20.42,13.6668,10131300
"2019-09-13",20.44,20.55,20.31,20.47,13.7003,21171300
"2019-09-16",20.83,20.99,20.57,20.67,13.8341,20590600
"2019-09-17",20.64,20.91,20.55,20.74,13.881,15570400
"2019-09-18",20.65,20.73,20.58,20.67,13.8341,6926600
"2019-09-19",20.8,20.84,20.59,20.69,13.8475,8588400
"2019-09-20",20.78,20.96,20.63,20.92,14.0015,14678000
"2019-09-23",20.79,20.96,20.77,20.78,13.9078,5832100
"2019-09-24",20.78,20.86,20.42,20.57,13.7672,10448000
"2019-09-25",20.57,20.66,20.47,20.51,13.727,7519900
"2019-09-26",20.49,20.58,20.3,20.52,13.7337,6735400
"2019-09-27",20.56,20.76,20.47,20.67,13.8341,7434800
"2019-09-30",20.6,20.71,20.55,20.61,13.794,7114700
"2019-10-01",20.7,20.74,20.24,20.29,13.5798,9124300
"2019-10-02",20.25,20.32,20.11,20.17,13.4995,10052700
"2019-10-03",20.14,20.47,19.93,20.38,13.64,8894100
"2019-10-04",20.4,20.54,20.31,20.52,13.7337,6372000
"2019-10-07",20.54,20.57,20.29,20.3,13.5865,6852900
"2019-10-08",20.19,20.27,19.97,20.01,13.3924,10209200
"2019-10-09",20.12,20.29,20.1,20.18,13.5062,7999600
"2019-10-10",20.2,20.31,20.11,20.24,13.5463,7224200
"2019-10-11",20.39,20.42,20.2,20.23,13.5396,10394100
"2019-10-14",20.11,20.17,19.99,20.14,13.4794,8104600
"2019-10-15",20.1,20.32,20.04,20.18,13.5062,13819300
"2019-10-16",20.13,20.18,20,20.02,13.3991,17041600
"2019-10-17",19.95,20.13,19.63,20.07,13.4326,14347900
"2019-10-18",20.05,20.18,19.95,20.02,13.3991,13167600
"2019-10-21",20.16,20.35,20.07,20.16,13.4928,10712400
"2019-10-22",20.2,20.56,20.15,20.32,13.5999,10341200
"2019-10-23",20.29,20.41,20.18,20.4,13.6534,8392400
"2019-10-24",20.46,20.71,20.41,20.44,13.6802,10368000
"2019-10-25",20.24,20.47,20.09,20.42,13.6668,10813800
"2019-10-28",20.5,20.53,20.17,20.18,13.5062,10192300
"2019-10-29",20.16,20.38,20.07,20.17,13.4995,11717900
"2019-10-30",19.92,20.15,19.85,20,13.5537,13624300
"2019-10-31",19.99,20.04,19.83,19.98,13.5401,16191700
"2019-11-01",20.08,20.5,20.05,20.5,13.8925,10812200
"2019-11-04",20.54,20.73,20.47,20.56,13.9332,12401500
"2019-11-05",20.58,20.67,20.22,20.52,13.9061,12327000
"2019-11-06",20.5,20.56,20.18,20.21,13.696,10078700
"2019-11-07",20.34,20.34,19.99,20.04,13.5808,11991100
"2019-11-08",20,20.11,19.88,20.03,13.574,11920100
"2019-11-11",19.9,20.05,19.86,19.94,13.513,9692900
"2019-11-12",19.98,20.18,19.91,20.07,13.6011,11715600
"2019-11-13",20.04,20.43,20.04,20.35,13.7909,17233300
"2019-11-14",20.37,20.51,20.12,20.22,13.7028,15853600
"2019-11-15",20.35,20.52,20.29,20.44,13.8519,23110500
"2019-11-18",20.3,20.43,20.09,20.14,13.6486,11152000
"2019-11-19",20.15,20.17,19.98,20.01,13.5605,11201000
"2019-11-20",20,20.17,19.96,20.06,13.5944,12223500
"2019-11-21",20.1,20.2,20.04,20.16,13.6621,11577400
"2019-11-22",20.2,20.23,19.95,19.96,13.5266,9727400
"2019-11-25",20.05,20.09,19.9,19.96,13.5266,14192100
"2019-11-26",19.95,20.05,19.61,19.7,13.3504,23962500
"2019-11-27",19.75,19.8,19.51,19.73,13.3707,12139500
"2019-11-29",19.72,19.72,19.5,19.61,13.2894,7196200
"2019-12-02",19.61,19.64,19.4,19.4,13.1471,10745800
"2019-12-03",19.33,19.35,19.13,19.15,12.9777,13395000
"2019-12-04",19.25,19.34,19.14,19.3,13.0793,11296000
"2019-12-05",19.33,19.7,19.31,19.68,13.3368,17301800
"2019-12-06",19.71,19.87,19.67,19.75,13.3843,11642300
"2019-12-09",19.62,19.97,19.6,19.94,13.513,12351100
"2019-12-10",19.88,20.22,19.87,20.12,13.635,12785800
"2019-12-11",20.12,20.22,20.08,20.2,13.6892,9534700
"2019-12-12",20.2,20.46,20.09,20.15,13.6554,15906200
"2019-12-13",20.15,20.37,20.08,20.2,13.6892,13741300
"2019-12-16",20.34,20.59,20.27,20.58,13.9468,11817600
"2019-12-17",20.58,20.71,20.47,20.51,13.8993,10447200
"2019-12-18",20.49,20.79,20.47,20.72,14.0416,16324100
"2019-12-19",20.72,20.85,20.68,20.84,14.123,8582900
"2019-12-20",21,21.01,20.79,20.97,14.2111,19257600
"2019-12-23",20.95,21.26,20.88,21.2,14.3669,9969700
"2019-12-24",21.18,21.19,21.05,21.13,14.3195,3476400
"2019-12-26",21.19,21.36,21.17,21.2,14.3669,7086800
"2019-12-27",21.26,21.31,21.06,21.08,14.2856,8172500
"2019-12-30",21.1,21.19,20.95,21.03,14.2517,7926500
"2019-12-31",21,21.18,20.95,21.17,14.3466,10033500
"2020-01-02",21.25,21.25,20.99,21.04,14.2585,10373100
"2020-01-03",21.07,21.21,21.02,21.2,14.3669,10148700
"2020-01-06",21.1,21.46,21.06,21.28,14.4211,13978300
"2020-01-07",21.34,21.35,21.09,21.33,14.455,14736900
"2020-01-08",21.27,21.36,21.14,21.16,14.3398,10651500
"2020-01-09",21.17,21.55,21.06,21.55,14.6041,16251400
"2020-01-10",21.43,21.68,21.32,21.51,14.577,16032400
"2020-01-13",21.51,21.65,21.33,21.55,14.6041,12536500
"2020-01-14",21.5,21.57,21.23,21.46,14.5431,12631500
"2020-01-15",21.37,21.5,21.3,21.41,14.5092,9684100
"2020-01-16",21.5,21.55,21.31,21.37,14.4821,11522900
"2020-01-17",21.39,21.41,21.27,21.36,14.4754,10242000
"2020-01-21",21.27,21.34,20.92,20.93,14.184,14430400
"2020-01-22",20.99,21.12,20.93,20.96,14.2043,10219900
"2020-01-23",21.38,21.88,21.22,21.76,14.7464,25959700
"2020-01-24",21.77,21.77,21.43,21.56,14.6109,16731800
"2020-01-27",21.3,21.53,21.24,21.29,14.4279,14226500
"2020-01-28",21.41,21.57,21.36,21.46,14.5431,9144900
"2020-01-29",21.44,21.53,21.14,21.19,14.3601,12419900
"2020-01-30",21,21.46,21,21.42,14.516,19972900
"2020-01-31",21.02,21.16,20.76,20.87,14.3103,20696100
"2020-02-03",20.86,21.04,20.71,20.81,14.2692,13293400
"2020-02-04",21.04,21.22,20.95,21,14.3995,13540600
"2020-02-05",21.15,21.38,21.15,21.29,14.5983,12061400
"2020-02-06",21.31,21.48,21.21,21.33,14.6257,8197800
"2020-02-07",21.25,21.32,21.08,21.12,14.4817,7202000
"2020-02-10",21.07,21.34,21.05,21.32,14.6189,9681300
"2020-02-11",21.46,21.5,21.36,21.46,14.7149,9409200
"2020-02-12",21.58,21.87,21.56,21.81,14.9549,10774100
"2020-02-13",21.87,21.99,21.79,21.94,15.044,13643900
"2020-02-14",22,22.09,21.89,22,15.0851,8824300
"2020-02-18",21.98,22.02,21.85,22.01,15.092,11007400
"2020-02-19",22.07,22.35,21.96,22.16,15.1948,11498800
"2020-02-20",22.36,22.58,22.19,22.24,15.2497,18830400
"2020-02-21",22.1,22.23,21.9,22.14,15.1811,14432400
"2020-02-24",21.71,22.02,21.62,21.77,14.9274,19068300
"2020-02-25",21.85,21.94,21.01,21.05,14.4337,19427000
"2020-02-26",21.02,21.04,20.45,20.52,14.0703,17465600
"2020-02-27",20.19,20.38,19.51,19.52,13.3846,23662500
"2020-02-28",19.02,19.28,18.4,19.17,13.1446,32726800
"2020-03-02",19.36,20.29,19.1,20.24,13.8783,22540300
"2020-03-03",20.35,20.69,19.59,19.85,13.6109,20242700
"2020-03-04",20.16,20.38,19.98,20.23,13.8715,18485700
"2020-03-05",19.81,20.1,19.38,19.7,13.5081,16981900
"2020-03-06",19.19,19.44,18.6,19.33,13.2544,23715800
"2020-03-09",17.25,17.4,16,16.1,11.0396,43807500
"2020-03-10",16.7,17.24,14.95,16.04,10.9984,33913900
"2020-03-11",15.52,16.04,15.13,15.5,10.6282,31677900
"2020-03-12",14.22,14.6,13.45,13.86,9.5036,35722200
"2020-03-13",15.03,15.13,13.22,14.78,10.1345,40427800
"2020-03-16",13.12,13.88,12.65,12.73,8.7288,26557400
"2020-03-17",12.88,13.4,12.32,12.64,8.6671,26658900
"2020-03-18",11.79,11.87,9.44,9.98,6.8432,46226100
"2020-03-19",10.03,11.45,9.42,11.2,7.6797,34340100
"2020-03-20",11.84,12.44,11.15,12.35,8.4683,40081000
"2020-03-23",12.02,12.32,11.01,11.03,7.5631,25384600
"2020-03-24",12.01,12.94,11.36,12.88,8.8317,20610000
"2020-03-25",13.04,14.75,12.45,13.73,9.4145,28456500
"2020-03-26",13.94,14.85,13.76,14.48,9.9288,25315900
"2020-03-27",13.76,14.36,13.59,13.75,9.4282,21313100
"2020-03-30",13.4,13.5,12.64,13.27,9.0991,24655700
"2020-03-31",13.46,14.2,13.17,13.92,9.5448,23995400
"2020-04-01",13.05,13.28,12.5,12.73,8.7288,17770600
"2020-04-02",13.18,14.13,12.99,13.45,9.2225,20015700
"2020-04-03",13.45,13.77,12.88,13.41,9.1951,26863800
"2020-04-06",13.96,14.2,13.62,13.99,9.5928,19274300
"2020-04-07",14.65,14.77,14.02,14.2,9.7368,19149400
"2020-04-08",14.38,14.89,14.18,14.83,10.1688,13820100
"2020-04-09",15.2,15.89,14.9,15.36,10.5322,17469900
"2020-04-13",15.75,15.88,14.73,14.95,10.251,13918900
"2020-04-14",14.99,15.24,14.83,15.12,10.3676,17458500
"2020-04-15",14.37,14.77,14.02,14.35,9.8396,15941700
"2020-04-16",14.24,14.39,13.94,14.11,9.6751,14946400
"2020-04-17",14.36,15,14.3,14.97,10.2648,18663000
"2020-04-20",14.14,15.16,14.03,14.69,10.0728,17581900
"2020-04-21",14.2,14.71,13.98,14.46,9.9151,17292100
"2020-04-22",15,15.04,14.24,14.67,10.059,16835600
"2020-04-23",14.93,15.23,13.95,14.21,9.7436,24468000
"2020-04-24",14.44,14.86,14.13,14.62,10.0248,18682500
"2020-04-27",14.5,15.22,14.47,15.02,10.299,13026400
"2020-04-28",15.31,15.49,14.92,15.19,10.4156,14502700
"2020-04-29",15.68,15.95,15.52,15.71,10.7722,19466300
"2020-04-30",15.61,15.62,15.1,15.23,10.443,20850400
"2020-05-01",14.85,14.91,14.36,14.56,10.1591,16490300
"2020-05-04",14.33,14.79,14.29,14.65,10.2218,16134100
"2020-05-05",14.8,15.16,14.8,14.95,10.4312,14603400
"2020-05-06",15,15.17,14.6,14.72,10.2707,10674200
"2020-05-07",14.99,15.24,14.82,14.94,10.4242,12556700
"2020-05-08",15.22,15.4,15.1,15.35,10.7103,10993100
"2020-05-11",15.17,15.46,15.16,15.36,10.7172,10008400
"2020-05-12",15.41,15.53,14.96,14.99,10.4591,10375400
"2020-05-13",14.93,14.99,14.64,14.73,10.2777,12381800
"2020-05-14",14.47,14.89,14.16,14.84,10.3544,12761900
"2020-05-15",14.87,15.04,14.66,14.84,10.3544,18656100
"2020-05-18",15.53,15.68,15.33,15.49,10.8079,18883500
"2020-05-19",15.45,15.51,15.22,15.34,10.7033,10795200
"2020-05-20",15.61,15.77,15.42,15.65,10.9196,16743300
"2020-05-21",15.68,15.77,15.31,15.36,10.7172,9708700
"2020-05-22",15.22,15.44,14.96,15.41,10.7521,8303300
"2020-05-26",15.81,15.98,15.72,15.8,11.0242,10353300
"2020-05-27",16,16.08,15.46,15.97,11.1429,11162300
"2020-05-28",16.08,16.12,15.65,15.72,10.9684,10905400
"2020-05-29",15.59,15.85,15.31,15.8,11.0242,16079100
"2020-06-01",15.77,15.82,15.54,15.77,11.0033,8452000
"2020-06-02",15.87,15.95,15.72,15.88,11.0801,9581300
"2020-06-03",16.02,16.18,15.89,16.15,11.2685,11732600
"2020-06-04",16.13,16.25,16.01,16.23,11.3243,10676100
"2020-06-05",16.75,16.96,16.58,16.72,11.6662,14209700
"2020-06-08",17.06,17.97,17.04,17.97,12.5383,21611600
"2020-06-09",17.48,17.51,17.15,17.29,12.0639,19012500
"2020-06-10",17.13,17.25,16.82,16.93,11.8127,18755300
"2020-06-11",16.06,16.26,15.45,15.51,10.8219,27110700
"2020-06-12",15.99,16,15.16,15.5,10.8149,17371000
"2020-06-15",14.97,16.04,14.84,15.85,11.0591,14474100
"2020-06-16",16.34,16.38,15.61,15.97,11.1429,13193400
"2020-06-17",15.92,16.01,15.67,15.68,10.9405,9871300
"2020-06-18",15.56,15.91,15.51,15.77,11.0033,12326100
"2020-06-19",16.14,16.14,15.51,15.52,10.8289,23956200
"2020-06-22",15.45,15.62,15.31,15.61,10.8917,11062900
"2020-06-23",15.82,15.86,15.41,15.44,10.7731,8689300
"2020-06-24",15.26,15.28,14.61,14.81,10.3335,13438600
"2020-06-25",14.75,15.08,14.68,14.96,10.4381,10540700
"2020-06-26",14.89,14.89,14.37,14.47,10.0963,15547100
"2020-06-29",14.54,14.79,14.47,14.66,10.2288,11274200
"2020-06-30",14.55,15.23,14.5,15.17,10.5847,14057300
"2020-07-01",15.2,15.41,14.89,14.91,10.4033,9407500
"2020-07-02",15.15,15.32,15.07,15.12,10.5498,9427800
"2020-07-06",15.44,15.58,14.97,15.19,10.5986,13630300
"2020-07-07",14.78,15.06,14.57,14.67,10.2358,14989100
"2020-07-08",14.7,14.86,14.47,14.52,10.1311,11047800
"2020-07-09",14.53,14.53,13.9,13.91,9.7055,19032900
"2020-07-10",13.94,14.25,13.85,14.24,9.9358,14214100
"2020-07-13",14.27,14.42,14.09,14.19,9.9009,9942600
"2020-07-14",14.17,14.59,14.07,14.55,10.1521,14080300
"2020-07-15",14.84,15.04,14.7,14.96,10.4381,8562900
"2020-07-16",14.9,15.08,14.73,14.99,10.4591,9480800
"2020-07-17",15.08,15.27,14.79,14.92,10.4102,9688600
"2020-07-20",14.85,14.87,14.5,14.5,10.1172,9660000
"2020-07-21",14.65,15.22,14.6,15.09,10.5289,11467700
"2020-07-22",14.87,14.95,14.7,14.89,10.3893,14072400
"2020-07-23",14.32,14.58,14.06,14.49,10.1102,24054400
"2020-07-24",14.55,14.55,14.2,14.25,9.9428,12321000
"2020-07-27",14.31,14.33,14.08,14.2,9.9079,12081300
"2020-07-28",14.18,14.26,14.1,14.12,9.852,8493600
"2020-07-29",14.05,14.55,14.02,14.53,10.1381,9019900
"2020-07-30",14.33,14.39,14.16,14.32,9.9916,10995700
"2020-07-31",14.04,14.12,13.8,14.1,10.0222,15700800
"2020-08-03",14.04,14.21,13.93,14.03,9.9724,11792800
"2020-08-04",14.08,14.52,14,14.5,10.3065,16369700
"2020-08-05",14.73,14.75,14.36,14.44,10.2638,12284900
"2020-08-06",14.39,14.57,14.26,14.3,10.1643,8942000
"2020-08-07",14.2,14.34,14.06,14.32,10.1785,10458900
"2020-08-10",14.32,14.59,14.32,14.54,10.3349,11242100
"2020-08-11",14.75,14.82,14.38,14.42,10.2496,17560600
"2020-08-12",14.65,14.74,14.41,14.49,10.2994,11171400
"2020-08-13",14.48,14.54,14.19,14.27,10.143,12923000
"2020-08-14",14.14,14.45,14.14,14.29,10.1572,7216800
"2020-08-17",14.43,14.47,14.27,14.44,10.2638,8857200
"2020-08-18",14.43,14.61,14.32,14.38,10.2212,12091100
"2020-08-19",14.4,14.47,14.07,14.12,10.0364,10511600
"2020-08-20",14.01,14.18,14,14.06,9.9937,9523000
"2020-08-21",14.07,14.13,13.88,14.11,10.0293,11168500
"2020-08-24",14.15,14.38,14.06,14.24,10.1217,10888000
"2020-08-25",14.33,14.33,13.91,13.96,9.9226,12968400
"2020-08-26",14.02,14.02,13.72,13.73,9.7592,12019200
"2020-08-27",13.73,13.93,13.7,13.86,9.8516,11193400
"2020-08-28",13.96,14.21,13.85,14.18,10.079,11873700
"2020-08-31",14.17,14.21,13.81,13.82,9.8231,11957900
"2020-09-01",13.78,13.96,13.63,13.87,9.8587,10603100
"2020-09-02",13.8,13.97,13.77,13.84,9.8374,9951800
"2020-09-03",13.86,13.98,13.52,13.64,9.6952,12168900
"2020-09-04",13.75,13.82,13.26,13.52,9.6099,13156200
"2020-09-08",13.38,13.5,13.19,13.25,9.418,16932600
"2020-09-09",13.32,13.52,13.22,13.22,9.3967,15813800
"2020-09-10",13.29,13.29,12.87,12.91,9.1763,13911900
"2020-09-11",12.95,13.06,12.8,12.82,9.1123,17235000
"2020-09-14",12.9,13.15,12.85,13.06,9.2829,10478500
"2020-09-15",13.05,13.16,12.88,12.91,9.1763,13958300
"2020-09-16",13.06,13.49,12.96,13.35,9.4891,16047700
"2020-09-17",13.18,13.43,13.08,13.29,9.4464,13541700
"2020-09-18",13.21,13.26,13.02,13.08,9.2971,16727500
"2020-09-21",12.91,12.96,12.65,12.86,9.1408,11849100
"2020-09-22",12.91,13.11,12.73,12.8,9.0981,10369000
"2020-09-23",12.87,12.92,12.22,12.23,8.693,15044200
"2020-09-24",12.25,12.44,11.97,12.28,8.7285,14378500
"2020-09-25",12.1,12.44,12.05,12.37,8.7925,12728600
"2020-09-28",12.58,12.76,12.45,12.61,8.9631,11306900
"2020-09-29",12.6,12.72,12.33,12.45,8.8494,8408000
"2020-09-30",12.56,12.61,12.27,12.33,8.7641,18563700
"2020-10-01",12.2,12.32,12.05,12.24,8.7001,14358200
"2020-10-02",12.05,12.44,12.03,12.31,8.7498,12093000
"2020-10-05",12.43,12.68,12.31,12.6,8.956,11307800
"2020-10-06",12.73,12.76,12.25,12.27,8.7214,15546800
"2020-10-07",12.28,12.67,12.19,12.59,8.9489,21463600
"2020-10-08",12.7,13.15,12.6,13.13,9.3327,15306500
"2020-10-09",13.2,13.25,12.75,12.82,9.1123,15740700
"2020-10-12",12.85,12.88,12.66,12.78,9.0839,12017200
"2020-10-13",12.72,12.85,12.52,12.61,8.9631,12153700
"2020-10-14",12.71,13.12,12.65,12.96,9.2119,14121300
"2020-10-15",12.81,13.01,12.68,12.99,9.2332,13602600
"2020-10-16",12.99,13.07,12.84,12.86,9.1408,13081600
"2020-10-19",12.9,13,12.69,12.71,9.0342,13447800
"2020-10-20",12.8,12.86,12.58,12.68,9.0128,16344000
"2020-10-21",12.6,12.67,12.48,12.53,8.9062,14619900
"2020-10-22",12.5,12.99,12.48,12.96,9.2119,20769200
"2020-10-23",12.99,13,12.6,12.78,9.0839,16228600
"2020-10-26",12.67,12.69,12.19,12.38,8.7996,16125800
"2020-10-27",12.35,12.37,12.16,12.17,8.6503,14473300
"2020-10-28",11.98,12.12,11.81,11.83,8.4087,19961500
"2020-10-29",11.78,12.09,11.5,12.06,8.5721,19845600
"2020-10-30",11.75,11.9,11.61,11.9,8.647,17063200
"2020-11-02",12.03,12.07,11.78,11.89,8.6397,13369000
"2020-11-03",12.04,12.14,11.93,11.99,8.7124,12182900
"2020-11-04",12.11,12.27,11.78,11.83,8.5961,14333400
"2020-11-05",11.83,12.19,11.83,11.9,8.647,13630100
"2020-11-06",11.91,12.08,11.45,11.48,8.3418,14255400
"2020-11-09",12.34,12.71,12.09,12.3,8.9376,31595700
"2020-11-10",12.47,12.89,12.27,12.89,9.3664,21224100
"2020-11-11",13.07,13.08,12.86,13.03,9.4681,22495800
"2020-11-12",12.9,13.08,12.58,12.71,9.2356,20115100
"2020-11-13",12.86,13.22,12.78,13.13,9.5408,13552100
"2020-11-16",13.74,13.82,13.39,13.67,9.9331,22637800
"2020-11-17",13.45,14.05,13.42,14.03,10.1947,19219700
"2020-11-18",14.02,14.23,13.76,13.76,9.9985,20243100
"2020-11-19",13.7,14.4,13.61,14.4,10.4636,27429000
"2020-11-20",14.4,14.42,14.17,14.25,10.3546,20405300
"2020-11-23",14.4,14.67,14.3,14.62,10.6234,20103200
"2020-11-24",14.99,15.12,14.87,14.97,10.8778,17315200
"2020-11-25",14.9,15.05,14.65,14.85,10.7906,13157100
"2020-11-27",14.72,14.86,14.65,14.75,10.7179,6336200
"2020-11-30",14.53,14.68,14.3,14.38,10.449,36296700
"2020-12-01",14.67,14.68,14.03,14.1,10.2456,20046100
"2020-12-02",14.06,14.55,14,14.34,10.42,22358300
"2020-12-03",14.44,14.66,14.3,14.49,10.529,17671200
"2020-12-04",14.68,15.1,14.67,14.93,10.8487,17456100
"2020-12-07",14.9,14.98,14.57,14.8,10.7542,16745700
"2020-12-08",14.69,15,14.65,14.76,10.7252,18874200
"2020-12-09",14.82,14.94,14.42,14.61,10.6162,23780900
"2020-12-10",14.65,14.88,14.6,14.79,10.747,24039100
"2020-12-11",14.65,14.75,14.52,14.75,10.7179,13666300
"2020-12-14",14.86,14.97,14.19,14.31,10.3982,26295700
"2020-12-15",14.42,14.94,14.35,14.77,10.7324,21177600
"2020-12-16",14.75,14.76,14.51,14.6,10.6089,18690400
"2020-12-17",14.58,14.66,14.27,14.3,10.3909,19338100
"2020-12-18",14.33,14.42,14.1,14.21,10.3255,33134700
"2020-12-21",13.98,14.13,13.79,13.99,10.1657,20343500
"2020-12-22",13.98,14,13.78,13.78,10.0131,14876200
"2020-12-23",13.94,14.08,13.82,13.83,10.0494,16017400
"2020-12-24",13.83,13.86,13.69,13.83,10.0494,5520100
"2020-12-28",13.87,14,13.6,13.64,9.9113,13949100
"2020-12-29",13.74,13.75,13.47,13.57,9.8605,14819200
"2020-12-30",13.56,13.8,13.53,13.57,9.8605,11570300
"2020-12-31",13.53,13.72,13.47,13.67,9.9331,15013400
"2021-01-04",13.75,13.86,13.48,13.56,9.8532,17131700
"2021-01-05",13.68,14.13,13.65,13.9,10.1003,18693000
"2021-01-06",14.1,14.47,14.02,14.36,10.4345,22181300
"2021-01-07",14.43,14.66,14.28,14.6,10.6089,17189100
"2021-01-08",14.6,14.68,14.3,14.49,10.529,18581700
"2021-01-11",14.21,14.88,14.19,14.74,10.7106,24839100
"2021-01-12",14.63,15.23,14.62,15.21,11.0522,24215900
"2021-01-13",15.23,15.44,15.11,15.31,11.1248,18002100
"2021-01-14",15.4,15.75,15.35,15.64,11.3646,18079800
"2021-01-15",15.52,15.61,15.17,15.49,11.2556,16167600
"2021-01-19",15.6,15.77,15.46,15.55,11.2992,17338800
"2021-01-20",15.57,15.66,15.41,15.59,11.3283,14227800
"2021-01-21",16,16.02,15.05,15.26,11.0885,18790400
"2021-01-22",15.03,15.37,14.83,15.32,11.1321,18001800
"2021-01-25",15.25,15.54,15.02,15.26,11.0885,16633800
"2021-01-26",15.37,15.57,15.1,15.22,11.0594,16016000
"2021-01-27",15.1,15.25,14.78,14.82,10.7688,24717700
"2021-01-28",14.93,15.01,14.56,14.69,10.6743,24464600
"2021-01-29",14.32,14.5,14.01,14.08,10.4176,26327100
"2021-02-01",14.17,14.22,13.9,14.02,10.3732,20579300
"2021-02-02",14.33,14.34,13.75,13.81,10.2178,31201200
"2021-02-03",13.84,14.3,13.84,14.24,10.5359,19336900
"2021-02-04",14.3,14.39,14.01,14.03,10.3806,19973700
"2021-02-05",14.25,14.25,14.08,14.15,10.4694,18453200
"2021-02-08",14.26,14.8,14.22,14.73,10.8985,16736800
"2021-02-09",14.73,14.75,14.44,14.57,10.7801,10091400
"2021-02-10",14.64,14.8,14.51,14.79,10.9429,12685900
"2021-02-11",14.75,14.8,14.45,14.69,10.8689,11485400
"2021-02-12",14.6,14.88,14.56,14.84,10.9799,13137100
"2021-02-16",15.07,15.2,14.94,15.04,11.1279,17247800
"2021-02-17",15.15,15.21,14.84,15.13,11.1944,13642700
"2021-02-18",15.13,15.13,14.76,14.78,10.9355,11542500
"2021-02-19",14.84,14.98,14.81,14.96,11.0687,10571700
"2021-02-22",15,15.31,14.99,15.17,11.224,13651400
"2021-02-23",15.39,15.41,14.86,15.29,11.3128,19578200
"2021-02-24",15.33,15.75,15.28,15.72,11.631,16478800
"2021-02-25",15.84,15.86,15.23,15.29,11.3128,17384400
"2021-02-26",15.16,15.2,14.62,14.7,10.8763,24166500
"2021-03-01",14.86,15.2,14.86,15.04,11.1279,14881900
"2021-03-02",15.04,15.23,15.01,15.09,11.1649,13688500
"2021-03-03",15.1,15.62,15.07,15.17,11.224,16927400
"2021-03-04",15.27,15.83,15.2,15.69,11.6088,30057400
"2021-03-05",15.96,16.05,15.59,15.87,11.742,23239300
"2021-03-08",16,16.33,15.88,16.22,12.0009,20084000
"2021-03-09",16.03,16.2,15.64,15.67,11.594,20812600
"2021-03-10",15.78,16.32,15.69,16.24,12.0157,17184800
"2021-03-11",16.25,16.42,16.16,16.2,11.9861,12961700
"2021-03-12",16.3,16.37,16.15,16.35,12.0971,12015000
"2021-03-15",16.42,16.53,16.13,16.33,12.0823,12527000
"2021-03-16",16.18,16.21,15.87,15.92,11.779,14382600
"2021-03-17",15.89,16.28,15.86,16.22,12.0009,16787000
"2021-03-18",16.14,16.25,15.69,15.76,11.6606,13032000
"2021-03-19",15.83,16.11,15.73,15.92,11.779,22907700
"2021-03-22",15.94,15.97,15.75,15.78,11.6754,13118600
"2021-03-23",15.58,15.99,15.5,15.68,11.6014,20958900
"2021-03-24",15.8,16.35,15.8,16.19,11.9787,17619700
"2021-03-25",16.09,16.42,15.77,16.36,12.1045,16449400
"2021-03-26",16.52,16.81,16.39,16.8,12.43,15211900
"2021-03-29",16.8,16.87,16.52,16.75,12.3931,12293400
"2021-03-30",16.58,16.75,16.52,16.62,12.2969,14643600
"2021-03-31",16.61,16.73,16.49,16.65,12.3191,17557100
"2021-04-01",16.66,16.84,16.49,16.84,12.4596,13316800
"2021-04-05",16.84,16.89,16.52,16.66,12.3265,11057300
"2021-04-06",16.71,16.84,16.63,16.7,12.3561,11344200
"2021-04-07",16.77,16.97,16.67,16.93,12.5262,11090900
"2021-04-08",16.75,16.83,16.63,16.83,12.4522,11098400
"2021-04-09",16.73,16.8,16.47,16.53,12.2303,11681100
"2021-04-12",16.6,16.67,16.41,16.5,12.2081,12844400
"2021-04-13",16.45,16.61,16.33,16.49,12.2007,12560500
"2021-04-14",16.58,16.8,16.52,16.65,12.3191,12013600
"2021-04-15",16.61,16.75,16.52,16.72,12.3709,11580700
"2021-04-16",16.8,16.82,16.47,16.54,12.2377,11636500
"2021-04-19",16.61,16.68,16.45,16.62,12.2969,11098300
"2021-04-20",16.63,16.65,16.34,16.55,12.2451,12133600
"2021-04-21",16.41,16.79,16.39,16.69,12.3487,17281000
"2021-04-22",16.69,16.84,16.3,16.36,12.1045,26474300
"2021-04-23",16.49,16.85,16.39,16.78,12.4153,15779500
"2021-04-26",16.85,17.13,16.8,16.91,12.5114,14780700
"2021-04-27",16.99,17.16,16.91,17,12.578,17613200
"2021-04-28",17.16,17.52,17.11,17.44,12.9036,20631600
"2021-04-29",17.32,17.48,17.11,17.29,12.9938,18165900
"2021-04-30",17.2,17.33,17.01,17.05,12.8134,16368500
"2021-05-03",17.2,17.35,17,17.26,12.9712,26985500
"2021-05-04",17.36,17.38,17.1,17.17,12.9036,14233100
"2021-05-05",17.28,17.58,17.16,17.51,13.1591,19493600
"2021-05-06",17.6,17.66,17.3,17.65,13.2643,11319500
"2021-05-07",17.49,17.88,17.43,17.84,13.4071,13366100
"2021-05-10",18.02,18.42,17.99,18.25,13.7152,20002200
"2021-05-11",18.05,18.09,17.67,17.97,13.5048,17357300
"2021-05-12",18.08,18.48,18.01,18.1,13.6025,16403600
"2021-05-13",17.84,18.22,17.77,18.02,13.5424,13675200
"2021-05-14",18.23,18.39,18.15,18.36,13.7979,12254300
"2021-05-17",18.34,18.81,18.31,18.8,14.1286,13684900
"2021-05-18",18.83,18.97,18.61,18.71,14.0609,19923400
"2021-05-19",18.41,18.55,18.15,18.47,13.8805,13744300
"2021-05-20",18.45,18.77,18.28,18.7,14.0534,14489200
"2021-05-21",18.8,18.88,18.65,18.72,14.0684,11087700
"2021-05-24",18.85,18.89,18.69,18.83,14.1511,12514500
"2021-05-25",18.82,18.85,18.48,18.54,13.9332,10590800
"2021-05-26",18.29,18.47,18.24,18.35,13.7904,17266700
"2021-05-27",18.41,18.57,18.24,18.26,13.7227,37714400
"2021-05-28",18.43,18.43,18.2,18.34,13.7829,12715600
"2021-06-01",18.57,18.61,18.42,18.51,13.9106,15716200
"2021-06-02",18.55,18.93,18.47,18.77,14.106,15132300
"2021-06-03",18.71,18.91,18.59,18.77,14.106,10532100
"2021-06-04",18.88,18.92,18.7,18.78,14.1135,12810500
"2021-06-07",18.8,18.98,18.74,18.77,14.106,10703500
"2021-06-08",18.77,18.83,18.54,18.8,14.1286,18974700
"2021-06-09",18.88,18.95,18.73,18.83,14.1511,18501200
"2021-06-10",19,19.17,18.8,19,14.2789,16620200
"2021-06-11",19.05,19.29,18.99,19.14,14.3841,17408900
"2021-06-14",19,19.17,18.68,18.84,14.1586,18476800
"2021-06-15",18.93,19.09,18.79,19.03,14.3014,14824900
"2021-06-16",18.88,19.1,18.73,18.85,14.1661,10967100
"2021-06-17",18.96,18.97,18.13,18.31,13.7603,16109200
"2021-06-18",18.09,18.18,17.65,17.66,13.2718,25161700
"2021-06-21",17.83,18.34,17.83,18.29,13.7453,11436000
"2021-06-22",18.25,18.26,18.09,18.2,13.6776,6974300
"2021-06-23",18.29,18.36,18.08,18.09,13.595,8214400
"2021-06-24",18.16,18.26,18.07,18.24,13.7077,7711800
"2021-06-25",18.24,18.3,18.16,18.29,13.7453,7961200
"2021-06-28",18.3,18.3,17.82,17.97,13.5048,10957900
"2021-06-29",17.99,18.11,17.84,17.85,13.4146,13100100
"2021-06-30",17.95,18.26,17.86,18.23,13.7002,14468200
"2021-07-01",18.38,18.52,18.25,18.43,13.8505,8063100
"2021-07-02",18.33,18.58,18.27,18.57,13.9557,7288600
"2021-07-06",18.55,18.58,18.15,18.44,13.858,12350800
"2021-07-07",18.31,18.47,18.17,18.3,13.7528,10867800
"2021-07-08",18.07,18.36,17.98,18.17,13.6551,11700500
"2021-07-09",18.4,18.68,18.26,18.67,14.0309,11696000
"2021-07-12",18.46,18.62,18.35,18.52,13.9181,9955700
"2021-07-13",18.42,18.51,18.26,18.28,13.7378,9139900
"2021-07-14",18.33,18.39,17.86,17.93,13.4747,10243100
"2021-07-15",17.84,18.04,17.73,17.86,13.4221,11060000
"2021-07-16",18,18.02,17.57,17.64,13.2568,12111000
"2021-07-19",17.25,17.35,16.91,17.18,12.9111,17470000
"2021-07-20",17.32,17.57,17.16,17.47,13.129,16602600
"2021-07-21",17.69,18.02,17.62,17.85,13.4146,16840300
"2021-07-22",17.71,17.75,17.31,17.47,13.129,18756000
"2021-07-23",17.42,17.46,17.11,17.37,13.0539,16848300
"2021-07-26",17.42,17.87,17.42,17.83,13.3996,11899000
"2021-07-27",17.75,17.83,17.57,17.75,13.3395,12360300
"2021-07-28",17.83,17.93,17.6,17.77,13.3545,11901900
"2021-07-29",17.94,17.99,17.79,17.9,13.4522,13284900
"2021-07-30",17.59,17.73,17.3,17.38,13.2614,19733200
"2021-08-02",17.45,17.72,17.26,17.32,13.2156,16949300
"2021-08-03",17.35,17.49,17.01,17.48,13.3377,20190400
"2021-08-04",17.21,17.44,17.08,17.14,13.0783,17313600
"2021-08-05",17.24,17.32,17.01,17.02,12.9867,13288900
"2021-08-06",17.14,17.21,17.02,17.12,13.063,13490000
"2021-08-09",17.01,17.17,16.92,17.04,13.002,13577300
"2021-08-10",17.1,17.26,17.05,17.19,13.1165,12468600
"2021-08-11",17.2,17.3,17.09,17.24,13.1546,10081200
"2021-08-12",17.25,17.38,17.11,17.3,13.2004,7792800
"2021-08-13",17.27,17.35,17.16,17.21,13.1317,7482000
"2021-08-16",17.12,17.2,16.97,17,12.9715,12991500
"2021-08-17",16.92,17.08,16.64,16.75,12.7807,12805500
"2021-08-18",16.68,16.73,16.25,16.29,12.4297,13515800
"2021-08-19",16.07,16.16,15.77,15.89,12.1245,16711800
"2021-08-20",15.78,16.1,15.77,15.94,12.1627,13974200
"2021-08-23",16.18,16.34,16.13,16.28,12.4221,11824200
"2021-08-24",16.37,16.53,16.29,16.48,12.5747,12674100
"2021-08-25",16.52,16.62,16.35,16.47,12.5671,8345000
"2021-08-26",16.36,16.42,16.14,16.14,12.3153,9555300
"2021-08-27",16.36,16.72,16.33,16.59,12.6586,13132800
"2021-08-30",16.61,16.61,16.34,16.34,12.4679,7874200
"2021-08-31",16.25,16.35,16.19,16.27,12.4145,17968100
"2021-09-01",16.28,16.38,16.14,16.16,12.3305,10048300
"2021-09-02",16.26,16.45,16.25,16.42,12.5289,10146600
"2021-09-03",16.37,16.47,16.24,16.34,12.4679,6399200
"2021-09-07",16.28,16.43,16.13,16.16,12.3305,9808200
"2021-09-08",16.21,16.38,16.08,16.09,12.2771,9366300
"2021-09-09",16,16.23,15.91,15.98,12.1932,12913300
"2021-09-10",16.15,16.17,15.89,15.97,12.1856,9019800
"2021-09-13",16.09,16.31,16.04,16.14,12.3153,14852300
"2021-09-14",16.21,16.25,15.92,16.01,12.2161,11516500
"2021-09-15",16.11,16.48,16.09,16.38,12.4984,24200900
"2021-09-16",16.39,16.44,16.11,16.16,12.3305,12935100
"2021-09-17",16.13,16.31,15.91,15.96,12.1779,28647700
"2021-09-20",15.66,15.82,15.47,15.68,11.9643,16208400
"2021-09-21",15.85,15.95,15.65,15.78,12.0406,12209800
"2021-09-22",15.96,16.29,15.96,16.13,12.3076,13006300
"2021-09-23",16.2,16.59,16.15,16.49,12.5823,13033400
"2021-09-24",16.47,16.64,16.45,16.53,12.6129,9884000
"2021-09-27",16.8,17.13,16.75,16.98,12.9562,15651000
"2021-09-28",17.12,17.21,16.82,16.89,12.8875,16098400
"2021-09-29",16.98,17.07,16.83,16.92,12.9104,11102700
"2021-09-30",16.99,17,16.72,16.73,12.7655,16132100
"2021-10-01",16.77,16.97,16.68,16.91,12.9028,12603100
"2021-10-04",17.04,17.25,16.86,16.94,12.9257,28345800
"2021-10-05",17.12,17.14,16.77,16.92,12.9104,22492000
"2021-10-06",16.78,16.91,16.52,16.74,12.7731,17447500
"2021-10-07",16.8,17.05,16.77,16.94,12.9257,14639500
"2021-10-08",17.08,17.53,17.08,17.47,13.3301,12994400
"2021-10-11",17.76,18,17.63,17.74,13.5361,17229500
"2021-10-12",17.7,18.06,17.65,17.94,13.6887,17350900
"2021-10-13",17.78,18.06,17.57,17.97,13.7116,16035500
"2021-10-14",18.37,18.41,18.16,18.38,14.0245,17889600
"2021-10-15",18.44,18.61,18.39,18.46,14.0855,12252900
"2021-10-18",18.56,18.76,18.35,18.47,14.0931,15540100
"2021-10-19",18.56,18.61,18.34,18.45,14.0779,10023700
"2021-10-20",18.36,18.68,18.27,18.65,14.2305,12329300
"2021-10-21",18.27,18.35,17.31,17.53,13.3759,38532600
"2021-10-22",17.59,17.7,17.39,17.67,13.4827,16390100
"2021-10-25",17.81,17.88,17.7,17.85,13.62,13196900
"2021-10-26",17.95,17.98,17.6,17.62,13.4446,12678000
"2021-10-27",17.55,17.62,17.23,17.3,13.2004,14482500
"2021-10-28",17.25,17.39,17.2,17.35,13.2385,10013000
"2021-10-29",17.05,17.14,16.73,16.75,12.9828,16240200
"2021-11-01",16.85,17.1,16.71,17.05,13.2153,14605300
"2021-11-02",17,17.08,16.8,16.96,13.1455,12928200
"2021-11-03",16.81,16.97,16.78,16.85,13.0603,10905200
"2021-11-04",17,17.01,16.56,16.75,12.9828,9417900
"2021-11-05",16.96,17,16.79,16.95,13.1378,10521700
"2021-11-08",17.05,17.07,16.78,16.84,13.0525,10733700
"2021-11-09",16.85,16.89,16.62,16.82,13.037,11564500
"2021-11-10",16.84,16.98,16.61,16.7,12.944,13330600
"2021-11-11",16.74,16.81,16.65,16.79,13.0138,10591900
"2021-11-12",16.72,16.79,16.62,16.68,12.9285,8978800
"2021-11-15",16.73,17,16.63,16.86,13.068,11563200
"2021-11-16",16.86,16.93,16.6,16.66,12.913,11106200
"2021-11-17",16.6,16.77,16.45,16.51,12.7967,11004000
"2021-11-18",16.48,16.58,16.24,16.28,12.6185,13240000
"2021-11-19",16.09,16.29,16.02,16.16,12.5255,16180600
"2021-11-22",16.09,16.36,16.08,16.11,12.4867,12851700
"2021-11-23",16.25,16.43,16.2,16.33,12.6572,11974700
"2021-11-24",16.29,16.59,16.29,16.52,12.8045,11084300
"2021-11-26",16,16.36,15.89,16.26,12.603,13436000
"2021-11-29",16.42,16.47,16,16.01,12.4092,19727400
"2021-11-30",15.8,15.85,15.45,15.46,11.9829,49730600
"2021-12-01",15.79,16.09,15.26,15.27,11.8356,21178700
"2021-12-02",15.36,15.78,15.29,15.73,12.1922,18447700
"2021-12-03",15.87,15.87,15.48,15.59,12.0837,15877900
"2021-12-06",15.75,15.97,15.64,15.78,12.2309,17140300
"2021-12-07",16,16.33,15.91,16.23,12.5797,18053600
"2021-12-08",16.28,16.39,16.2,16.24,12.5875,12641100
"2021-12-09",16.09,16.17,15.94,16.01,12.4092,12279700
"2021-12-10",16.07,16.17,15.93,16.16,12.5255,14612900
"2021-12-13",16.14,16.2,15.8,15.93,12.3472,14239200
"2021-12-14",15.88,16.15,15.76,15.82,12.2619,17463300
"2021-12-15",15.82,15.98,15.54,15.87,12.3007,14890800
"2021-12-16",16.04,16.14,15.83,15.86,12.2929,20628300
"2021-12-17",15.85,15.87,15.48,15.6,12.0914,35135200
"2021-12-20",15.31,15.34,15.01,15.24,11.8124,20204400
"2021-12-21",15.39,15.79,15.37,15.66,12.1379,14472500
"2021-12-22",15.54,15.64,15.36,15.57,12.0682,18393100
"2021-12-23",15.67,15.76,15.58,15.64,12.1224,8153600
"2021-12-27",15.59,15.83,15.49,15.82,12.2619,10244100
"2021-12-28",15.82,15.98,15.74,15.86,12.2929,8981400
"2021-12-29",15.86,15.95,15.75,15.83,12.2697,8978500
"2021-12-30",15.83,15.98,15.78,15.8,12.2464,10617600
"2021-12-31",15.75,15.94,15.75,15.86,12.2929,8280900
"2022-01-03",15.95,16.36,15.89,16.35,12.6727,14468600
"2022-01-04",16.51,16.78,16.41,16.58,12.851,16821400
"2022-01-05",16.85,17.07,16.63,16.67,12.9208,20913100
"2022-01-06",16.99,17.07,16.71,17.02,13.192,13691100
"2022-01-07",17,17.32,16.96,17.27,13.3858,17813800
"2022-01-10",17.38,17.44,17.09,17.43,13.5098,18460800
"2022-01-11",17.51,17.64,17.28,17.61,13.6493,16391800
"2022-01-12",17.71,17.77,17.47,17.65,13.6803,16120300
"2022-01-13",17.65,17.84,17.5,17.57,13.6183,14816500
"2022-01-14",17.57,17.9,17.57,17.89,13.8664,13888300
"2022-01-18",17.86,17.98,17.48,17.7,13.7191,21260600
"2022-01-19",17.85,17.86,17.33,17.43,13.5098,16247700
"2022-01-20",17.66,17.91,17.39,17.43,13.5098,17785400
"2022-01-21",17.4,17.56,17.24,17.37,13.4633,20471800
"2022-01-24",17.1,17.35,16.67,17.32,13.4246,24843800
"2022-01-25",17.19,17.58,16.89,17.5,13.5641,18664900
"2022-01-26",17.7,18.2,17.34,17.52,13.5796,25755700
"2022-01-27",17.85,17.88,17.23,17.48,13.5486,20238700
"2022-01-28",17.2,17.26,16.86,17.2,13.5407,17329900
"2022-01-31",17.13,17.42,17,17.36,13.6667,20557400
"2022-02-01",17.27,17.52,17.21,17.41,13.706,17462200
"2022-02-02",17.36,17.54,17.3,17.41,13.706,20179100
"2022-02-03",17.46,17.46,17.15,17.27,13.5958,14274000
"2022-02-04",17.39,17.5,17.2,17.35,13.6588,13936000
"2022-02-07",17.41,17.63,17.3,17.46,13.7454,16589600
"2022-02-08",17.47,17.5,17.2,17.29,13.6116,16452300
"2022-02-09",17.34,17.63,17.3,17.37,13.6745,16669200
"2022-02-10",17.31,17.55,17.11,17.2,13.5407,15617000
"2022-02-11",17.25,17.57,17.23,17.54,13.8084,19778700
"2022-02-14",17.51,17.54,17.1,17.19,13.5328,15312600
"2022-02-15",17.16,17.18,16.93,17.01,13.3911,16478300
"2022-02-16",17.08,17.29,17.05,17.13,13.4856,16583700
"2022-02-17",17.1,17.18,16.66,16.76,13.1943,16203900
"2022-02-18",16.75,16.82,16.46,16.6,13.0683,16568100
"2022-02-22",16.89,16.93,16,16.54,13.0211,17727600
"2022-02-23",16.6,16.87,16.52,16.77,13.2022,16006900
"2022-02-24",16.91,16.93,16.31,16.67,13.1235,20111400
"2022-02-25",16.75,17.15,16.69,17.07,13.4384,13520500
"2022-02-28",16.92,17.45,16.87,17.4,13.6981,32447200
"2022-03-01",17.47,17.6,17.33,17.59,13.8477,21271300
"2022-03-02",17.74,18.24,17.64,18.14,14.2807,20672000
"2022-03-03",18.14,18.48,18.1,18.39,14.4775,21207700
"2022-03-04",18.3,18.87,18.26,18.84,14.8318,26274700
"2022-03-07",18.9,19.15,18.59,18.72,14.7373,24457400
"2022-03-08",19.03,19.13,18.49,18.67,14.698,31746300
"2022-03-09",18.51,18.65,18.15,18.33,14.4303,20929200
"2022-03-10",18.38,18.62,18.29,18.55,14.6035,16266800
"2022-03-11",18.43,18.67,18.1,18.1,14.2492,13600400
"2022-03-14",17.9,17.99,17.37,17.54,13.8084,17419600
"2022-03-15",17.21,17.42,16.91,17.32,13.6352,18837700
"2022-03-16",17.2,17.49,17.07,17.25,13.5801,16968800
"2022-03-17",17.43,17.7,17.37,17.56,13.8241,15843000
"2022-03-18",17.5,17.69,17.32,17.36,13.6667,36752800
"2022-03-21",17.62,18.17,17.6,18.07,14.2256,21638700
"2022-03-22",17.99,18.04,17.76,17.93,14.1154,16077500
"2022-03-23",18.07,18.25,17.97,18.12,14.265,11356800
"2022-03-24",18.23,18.41,18.19,18.3,14.4067,11084300
"2022-03-25",18.35,19.07,18.32,19.07,15.0129,25135600
"2022-03-28",18.73,18.94,18.58,18.75,14.7609,17476000
"2022-03-29",18.52,18.93,18.38,18.89,14.8712,16150300
"2022-03-30",19,19.09,18.82,19.09,15.0286,16371800
"2022-03-31",18.98,19.26,18.88,18.91,14.8869,24632800
"2022-04-01",19.03,19.23,18.97,19.22,15.1309,13050300
"2022-04-04",19.3,19.35,19.08,19.3,15.1939,14567600
"2022-04-05",19.24,19.4,18.88,18.92,14.8948,14705000
"2022-04-06",19,19.13,18.82,19.01,14.9656,11572300
"2022-04-07",19.09,19.31,18.8,19.27,15.1703,15725500
"2022-04-08",19.35,19.59,19.27,19.48,15.3356,14735600
"2022-04-11",19.31,19.44,19.09,19.26,15.1624,16475000
"2022-04-12",19.35,19.42,19.1,19.14,15.068,13069900
"2022-04-13",19.25,19.41,19.03,19.29,15.1861,9946400
"2022-04-14",19.28,19.52,19.22,19.37,15.249,9248700
"2022-04-18",19.44,19.65,19.35,19.55,15.3907,10259500
"2022-04-19",19.5,19.74,19.42,19.6,15.4301,11581300
"2022-04-20",19.7,19.97,19.54,19.77,15.5639,15441600
"2022-04-21",20,20.19,19.7,19.79,15.5797,21326000
"2022-04-22",19.66,19.72,19.14,19.15,15.0758,17732600
"2022-04-25",18.83,18.85,18.04,18.61,14.6507,24569900
"2022-04-26",18.68,18.87,18.42,18.44,14.5169,20358100
"2022-04-27",18.45,18.59,18.25,18.4,14.4854,19156000
"2022-04-28",18.61,18.91,18.33,18.81,14.8082,16424200
"2022-04-29",18.44,18.6,18.1,18.15,14.5029,25794000
"2022-05-02",18.1,18.34,17.84,18.18,14.5269,20941500
"2022-05-03",18.2,18.84,18.2,18.68,14.9264,15564300
"2022-05-04",18.89,19.35,18.77,19.28,15.4059,16076100
"2022-05-05",19.3,19.32,18.65,18.85,15.0623,17443400
"2022-05-06",19.01,19.34,18.65,19.3,15.4219,18627700
"2022-05-09",19,19.09,18.51,18.6,14.8625,20457900
"2022-05-10",18.77,18.98,18.24,18.52,14.7986,18484100
"2022-05-11",18.69,19.05,18.47,18.52,14.7986,18117100
"2022-05-12",18.53,18.6,18.16,18.43,14.7267,22679100
"2022-05-13",18.6,18.86,18.5,18.74,14.9744,19950300
"2022-05-16",18.88,19.5,18.86,19.39,15.4938,19095300
"2022-05-17",19.56,19.78,19.47,19.74,15.7734,18226400
"2022-05-18",19.83,19.89,19.1,19.3,15.4219,14126700
"2022-05-19",18.97,19.24,18.88,19.02,15.1981,16000100
"2022-05-20",19.15,19.23,18.67,19.03,15.2061,17046200
"2022-05-23",19.19,19.33,19,19.16,15.31,12595000
"2022-05-24",19,19.26,18.64,19.14,15.294,15348700
"2022-05-25",19.29,19.44,19.16,19.39,15.4938,20050900
"2022-05-26",19.52,19.68,19.49,19.62,15.6776,13017900
"2022-05-27",19.56,20.02,19.51,19.94,15.9333,14677300
"2022-05-31",19.99,20.16,19.59,19.69,15.7335,42883200
"2022-06-01",19.78,20.13,19.66,20.02,15.9972,13331900
"2022-06-02",19.93,19.98,19.66,19.96,15.9492,9554500
"2022-06-03",19.99,20.07,19.82,19.93,15.9253,8446800
"2022-06-06",20.04,20.1,19.75,19.79,15.8134,10090000
"2022-06-07",19.77,20.17,19.68,20.14,16.0931,12150700
"2022-06-08",20.2,20.2,19.72,19.86,15.8693,10338900
"2022-06-09",19.74,19.78,19.27,19.29,15.4139,14030600
"2022-06-10",19.12,19.21,18.78,19.03,15.2061,16190400
"2022-06-13",18.59,18.65,18.05,18.13,14.4869,17236500
"2022-06-14",18.39,18.47,17.68,17.89,14.2952,17069300
"2022-06-15",17.97,18.1,17.29,17.6,14.0634,18043600
"2022-06-16",17.26,17.3,16.63,16.7,13.3443,23048600
"2022-06-17",16.6,16.68,15.78,16.05,12.8249,44410500
"2022-06-21",16.36,16.79,16.23,16.65,13.3043,19216500
"2022-06-22",16.13,16.61,16.06,16.34,13.0566,18468700
"2022-06-23",16.44,16.49,15.98,16.24,12.9767,17548700
"2022-06-24",16.45,16.69,16.28,16.48,13.1685,17932100
"2022-06-27",16.63,16.96,16.61,16.83,13.4482,14792800
"2022-06-28",17.19,17.46,17.04,17.2,13.7438,14883700
"2022-06-29",17.42,17.49,16.85,16.92,13.5201,12988700
"2022-06-30",16.61,16.97,16.56,16.76,13.3922,19907800
"2022-07-01",16.85,17.04,16.49,16.98,13.568,15468400
"2022-07-05",16.64,16.72,16.1,16.58,13.2484,19376300
"2022-07-06",16.49,16.65,15.92,16.36,13.0726,19278400
"2022-07-07",16.65,16.98,16.6,16.89,13.4961,15654400
"2022-07-08",16.96,17.1,16.79,16.97,13.56,13124200
"2022-07-11",16.83,16.96,16.52,16.86,13.4721,12612900
"2022-07-12",16.51,16.75,16.44,16.65,13.3043,12813300
"2022-07-13",16.45,16.8,16.45,16.6,13.2644,10917700
"2022-07-14",16.14,16.59,16.05,16.58,13.2484,15673500
"2022-07-15",16.83,16.91,16.55,16.76,13.3922,10042700
"2022-07-18",16.96,17.14,16.89,16.93,13.5281,9692100
"2022-07-19",17,17.33,16.96,17.31,13.8317,12958500
"2022-07-20",17.25,17.44,17.08,17.32,13.8397,14958100
"2022-07-21",16.77,17.7,16.76,17.66,14.1114,22690600
"2022-07-22",17.73,17.86,17.55,17.65,14.1034,14104900
"2022-07-25",17.85,18.03,17.7,18.02,14.3991,13155300
"2022-07-26",18.15,18.23,17.9,18,14.3831,13926000
"2022-07-27",18.06,18.11,17.72,18.06,14.431,13757700
"2022-07-28",18.13,18.18,17.73,18.04,14.415,14659900
"2022-07-29",17.93,18.12,17.84,17.99,14.6001,18976500
"2022-08-01",17.75,17.92,17.53,17.9,14.527,14157300
"2022-08-02",17.91,18,17.63,17.83,14.4702,22289100
"2022-08-03",17.99,18.05,17.67,17.81,14.454,16431600
"2022-08-04",17.76,17.77,17.27,17.3,14.0401,14776100
"2022-08-05",17.1,17.49,17.06,17.47,14.1781,12123200
"2022-08-08",17.48,17.79,17.48,17.68,14.3485,12894300
"2022-08-09",17.85,18.09,17.79,18.04,14.6407,11684400
"2022-08-10",18.16,18.25,17.98,18.14,14.7218,10458200
"2022-08-11",18.4,18.75,18.31,18.59,15.087,15805500
"2022-08-12",18.58,18.71,18.48,18.69,15.1682,11364000
"2022-08-15",18.3,18.6,18.15,18.57,15.0708,10788700
"2022-08-16",18.67,18.8,18.61,18.65,15.1357,10989900
"2022-08-17",18.58,18.71,18.44,18.57,15.0708,9371500
"2022-08-18",18.7,18.95,18.69,18.93,15.3629,12742000
"2022-08-19",18.82,18.9,18.63,18.72,15.1925,14168900
"2022-08-22",18.67,18.74,18.43,18.56,15.0627,13827700
"2022-08-23",18.78,18.99,18.73,18.89,15.3305,13019000
"2022-08-24",18.9,19.23,18.84,19.2,15.5821,13856100
"2022-08-25",19.28,19.31,19.09,19.26,15.6308,11863600
"2022-08-26",19.33,19.33,18.93,18.99,15.4116,13542000
"2022-08-29",18.95,19.14,18.83,18.94,15.3711,9039400
"2022-08-30",18.74,18.74,18.42,18.48,14.9977,13155600
"2022-08-31",18.21,18.55,18.05,18.32,14.8679,17611000
"2022-09-01",18.17,18.27,17.88,18.17,14.7462,15924300
"2022-09-02",18.5,18.55,18.11,18.22,14.7867,15079400
"2022-09-06",18.42,18.49,17.75,17.77,14.4215,19182200
"2022-09-07",17.55,17.88,17.46,17.85,14.4865,13548500
"2022-09-08",18,18.04,17.76,18.03,14.6325,18534600
"2022-09-09",18.22,18.39,18.16,18.31,14.8598,13597000
"2022-09-12",18.5,18.77,18.45,18.74,15.2087,15168100
"2022-09-13",18.5,18.66,18.08,18.17,14.7462,20629200
"2022-09-14",18.3,18.63,18.27,18.53,15.0383,19093600
"2022-09-15",18.33,18.57,18.24,18.33,14.876,17174000
"2022-09-16",18.23,18.23,17.7,17.85,14.4865,34294100
"2022-09-19",17.5,18.06,17.5,18.05,14.6488,16852300
"2022-09-20",17.94,17.99,17.73,17.9,14.527,16565900
"2022-09-21",18.12,18.18,17.51,17.52,14.2186,20654000
"2022-09-22",17.73,17.73,17.32,17.32,14.0563,18220700
"2022-09-23",17,17.04,16.34,16.53,13.4152,25533100
"2022-09-26",16.43,16.49,16.05,16.09,13.0581,28333900
"2022-09-27",16.34,16.69,16.21,16.33,13.2529,25387700
"2022-09-28",16.41,16.95,16.35,16.84,13.6668,25192000
"2022-09-29",16.69,16.8,16.41,16.72,13.5694,27649200
"2022-09-30",16.61,16.86,16.5,16.64,13.5045,30537100
"2022-10-03",17.1,17.27,16.96,17.1,13.8778,24702700
"2022-10-04",17.32,17.68,17.25,17.67,14.3404,23806600
"2022-10-05",17.54,17.8,17.31,17.7,14.3647,19590500
"2022-10-06",17.6,17.8,17.36,17.39,14.1131,19299100
"2022-10-07",17.37,17.49,17.09,17.24,13.9914,16677200
"2022-10-10",17.3,17.58,17.04,17.07,13.8534,16323800
"2022-10-11",16.94,17.36,16.84,17.16,13.9265,17703500
"2022-10-12",17.03,17.18,16.87,17.05,13.8372,14500800
"2022-10-13",16.9,17.7,16.86,17.64,14.316,18393500
"2022-10-14",17.57,17.75,17.16,17.19,13.9508,17037800
"2022-10-17",17.4,17.65,17.3,17.5,14.2024,15066100
"2022-10-18",17.71,17.95,17.5,17.77,14.4215,19538400
"2022-10-19",17.74,18.09,17.63,17.99,14.6001,19257700
"2022-10-20",17.34,17.68,16.96,17.12,13.894,40244300
"2022-10-21",17.25,17.56,17.11,17.52,14.2186,19630400
"2022-10-24",17.58,17.7,17.21,17.28,14.0239,21518200
"2022-10-25",17.2,17.55,17.13,17.51,14.2105,20557600
"2022-10-26",17.62,17.85,17.29,17.73,14.3891,22666000
"2022-10-27",17.98,18.16,17.91,17.99,14.6001,22928200
"2022-10-28",17.83,17.89,17.5,17.77,14.6479,18455400
"2022-10-31",17.74,18.3,17.67,18.12,14.9364,27183400
"2022-11-01",18.25,18.34,18.11,18.24,15.0353,18614800
"2022-11-02",18.19,18.39,17.89,17.9,14.755,20188100
"2022-11-03",17.75,18.12,17.71,18.04,14.8704,16256700
"2022-11-04",18.31,18.48,17.96,18.17,14.9776,17824500
"2022-11-07",18.25,18.39,18.14,18.25,15.0435,14594400
"2022-11-08",18.28,18.42,18.13,18.31,15.093,15520100
"2022-11-09",18.19,18.25,17.57,17.58,14.4913,15194200
"2022-11-10",17.95,18.23,17.84,18.2,15.0023,18505700
"2022-11-11",18.41,18.79,18.31,18.69,15.4062,17923100
"2022-11-14",18.66,18.96,18.53,18.53,15.2744,15362000
"2022-11-15",18.74,18.81,18.55,18.66,15.3815,14480900
"2022-11-16",18.54,18.6,18.29,18.41,15.1754,14532000
"2022-11-17",18.2,18.31,18,18.3,15.0848,12014500
"2022-11-18",18.19,18.47,18.13,18.42,15.1837,17351100
"2022-11-21",18.24,18.3,17.84,18.28,15.0683,12895400
"2022-11-22",18.53,18.87,18.41,18.72,15.431,14890700
"2022-11-23",18.54,18.73,18.47,18.65,15.3733,9669600
"2022-11-25",18.7,18.78,18.59,18.63,15.3568,5981400
"2022-11-28",18.25,18.59,18.22,18.46,15.2167,16709800
"2022-11-29",18.6,18.95,18.53,18.88,15.5629,16437200
"2022-11-30",18.99,19.14,18.77,19.12,15.7607,41252500
"2022-12-01",19.23,19.36,19.07,19.15,15.7854,12570200
"2022-12-02",19,19.11,18.89,19,15.6618,9641200
"2022-12-05",19.11,19.13,18.41,18.56,15.2991,12111100
"2022-12-06",18.5,18.65,18,18.1,14.9199,15801200
"2022-12-07",18.12,18.25,17.93,18.04,14.8704,11408200
"2022-12-08",18.13,18.26,17.54,17.77,14.6479,17701000
"2022-12-09",17.71,17.85,17.41,17.45,14.3841,19193100
"2022-12-12",17.5,17.83,17.39,17.82,14.6891,13062200
"2022-12-13",18.09,18.3,17.99,18.21,15.0106,16966700
"2022-12-14",18.21,18.35,18,18.11,14.9281,13930600
"2022-12-15",17.96,18.05,17.68,17.96,14.8045,11533300
"2022-12-16",17.67,17.78,17.41,17.69,14.5819,21209900
"2022-12-19",17.76,17.85,17.39,17.51,14.4336,13387100
"2022-12-20",17.54,17.71,17.46,17.61,14.516,11481900
"2022-12-21",17.83,17.99,17.73,17.88,14.7386,10626000
"2022-12-22",17.81,17.86,17.4,17.74,14.6232,13844700
"2022-12-23",17.84,18.14,17.83,18.14,14.9529,9304100
"2022-12-27",18.21,18.34,18.09,18.26,15.0518,8233000
"2022-12-28",18.21,18.29,17.86,17.93,14.7798,7938000
"2022-12-29",17.92,18.25,17.88,18.15,14.9611,7431000
"2022-12-30",18.08,18.2,17.95,18.08,14.9034,7385700
"2023-01-03",18,18.18,17.86,18.01,14.8457,10454000
"2023-01-04",17.86,18.38,17.85,18.23,15.0271,12069700
"2023-01-05",18.12,18.24,18.02,18.21,15.0106,8489500
"2023-01-06",18.37,18.69,18.29,18.58,15.3156,9086200
"2023-01-09",18.76,18.8,18.6,18.71,15.4227,17355100
"2023-01-10",18.75,18.82,18.51,18.74,15.4475,9544500
"2023-01-11",18.88,18.9,18.58,18.78,15.4804,13289300
"2023-01-12",18.88,19.06,18.77,18.89,15.5711,11067900
"2023-01-13",18.88,18.93,18.69,18.85,15.5381,8616900
"2023-01-17",18.93,19.1,18.7,18.82,15.5134,12372300
"2023-01-18",18.87,18.92,18.29,18.36,15.1342,19528200
"2023-01-19",18.51,18.93,18.4,18.75,15.4557,17379000
"2023-01-20",18.81,18.85,18.6,18.64,15.365,15423700
"2023-01-23",18.74,18.85,18.61,18.76,15.4639,11451100
"2023-01-24",18.75,18.9,18.38,18.57,15.3073,13090100
"2023-01-25",18.45,18.52,18.32,18.45,15.2084,19135100
"2023-01-26",18.57,18.62,18.35,18.61,15.3403,14299200
"2023-01-27",18.6,18.77,18.52,18.66,15.3815,13120100
"2023-01-30",18.25,18.34,18.03,18.04,15.0953,13284100
"2023-01-31",18.07,18.31,17.95,18.3,15.3129,15757300
"2023-02-01",18.25,18.51,18.19,18.37,15.3715,20314700
"2023-02-02",18.37,18.52,18.24,18.45,15.4384,13324600
"2023-02-03",18.47,18.64,18.22,18.28,15.2962,13963600
"2023-02-06",18.2,18.28,17.99,18.17,15.2041,11850000
"2023-02-07",18.19,18.31,18.06,18.28,15.2962,10086300
"2023-02-08",18.27,18.41,18.14,18.22,15.246,11770300
"2023-02-09",18.27,18.3,17.96,17.99,15.0535,9447500
"2023-02-10",18.13,18.37,18.06,18.36,15.3631,12983900
"2023-02-13",18.31,18.51,18.29,18.39,15.3882,9579500
"2023-02-14",18.3,18.49,18.22,18.31,15.3213,9409200
"2023-02-15",18.23,18.23,18.02,18.19,15.2209,12341700
"2023-02-16",18.03,18.23,17.92,18.09,15.1372,10909100
"2023-02-17",17.94,17.97,17.68,17.73,14.8359,21545200
"2023-02-21",17.63,17.7,17.33,17.35,14.518,15301700
"2023-02-22",17.31,17.53,17.26,17.32,14.4929,10744900
"2023-02-23",17.52,17.56,17.33,17.48,14.6267,11145100
"2023-02-24",17.32,17.46,17.27,17.44,14.5933,11470100
"2023-02-27",17.54,17.59,17.29,17.36,14.5263,8310300
"2023-02-28",17.43,17.43,17.06,17.06,14.2753,11657700
"2023-03-01",17.22,17.47,17.14,17.26,14.4427,10063300
"2023-03-02",17.23,17.49,17.21,17.46,14.61,8145600
"2023-03-03",17.45,17.7,17.36,17.65,14.769,8335300
"2023-03-06",17.62,17.76,17.55,17.62,14.7439,10178700
"2023-03-07",17.56,17.56,17.31,17.35,14.518,14383100
"2023-03-08",17.33,17.49,17.18,17.32,14.4929,9859400
"2023-03-09",17.42,17.5,17.1,17.14,14.3422,9756800
"2023-03-10",17.11,17.22,16.74,16.77,14.0326,15625100
"2023-03-13",16.5,17.05,16.37,16.85,14.0996,20167000
"2023-03-14",16.95,17.3,16.73,16.94,14.1749,14742100
"2023-03-15",16.63,16.88,16.38,16.58,13.8737,24330400
"2023-03-16",16.42,16.55,16.18,16.55,13.8485,25117000
"2023-03-17",16.45,16.5,16.18,16.28,13.6226,27041900
"2023-03-20",16.32,16.65,16.31,16.53,13.8318,12594700
"2023-03-21",16.72,16.84,16.58,16.82,14.0745,12745400
"2023-03-22",16.85,17.02,16.61,16.62,13.9071,12427600
"2023-03-23",16.67,16.8,16.29,16.39,13.7147,12620100
"2023-03-24",16.17,16.83,16.15,16.79,14.0494,15748300
"2023-03-27",16.88,17.07,16.81,16.89,14.1331,12059600
"2023-03-28",16.75,17.1,16.73,17.06,14.2753,7302800
"2023-03-29",17.24,17.29,17.13,17.25,14.4343,7911400
"2023-03-30",17.37,17.42,17.23,17.3,14.4761,6667300
"2023-03-31",17.37,17.54,17.29,17.51,14.6518,12085600
"2023-04-03",17.77,17.84,17.55,17.66,14.7774,15414100
"2023-04-04",17.62,17.74,17.34,17.48,14.6267,9712800
"2023-04-05",17.55,17.72,17.42,17.71,14.8192,11269700
"2023-04-06",17.74,17.79,17.63,17.71,14.8192,7980400
"2023-04-10",17.71,17.86,17.66,17.75,14.8527,9053300
"2023-04-11",17.83,17.96,17.74,17.89,14.9698,9646700
"2023-04-12",17.97,17.98,17.78,17.82,14.9112,10631400
"2023-04-13",17.77,17.8,17.66,17.77,14.8694,11208000
"2023-04-14",17.82,17.9,17.7,17.81,14.9029,8376000
"2023-04-17",17.81,17.86,17.65,17.78,14.8778,10173900
"2023-04-18",17.68,17.77,17.62,17.7,14.8108,11651500
"2023-04-19",17.57,17.66,17.42,17.6,14.7272,13759500
"2023-04-20",17.59,17.72,17.09,17.35,14.518,15950900
"2023-04-21",17.4,17.41,17.15,17.37,14.5347,10200800
"2023-04-24",17.36,17.68,17.34,17.62,14.7439,8681400
"2023-04-25",17.52,17.6,17.4,17.41,14.5682,9515500
"2023-04-26",17.35,17.46,17.09,17.21,14.4008,12783800
"2023-04-27",17.22,17.35,17.06,17.32,14.4929,14547400
"2023-04-28",17.04,17.24,17.01,17.15,14.589,14690700
"2023-05-01",17.04,17.23,17.01,17.1,14.5465,14578000
"2023-05-02",16.96,17,16.44,16.68,14.1892,15626600
"2023-05-03",16.52,16.82,16.51,16.56,14.0871,11851600
"2023-05-04",16.52,16.74,16.39,16.64,14.1551,16214700
"2023-05-05",16.95,17.13,16.89,17.04,14.4954,12838700
"2023-05-08",17.11,17.18,16.83,16.9,14.3763,9769300
"2023-05-09",16.78,16.96,16.74,16.85,14.3338,7623300
"2023-05-10",16.98,16.99,16.68,16.79,14.2827,10278300
"2023-05-11",16.66,16.79,16.6,16.7,14.2062,11477100
"2023-05-12",16.8,16.84,16.68,16.8,14.2913,9109800
"2023-05-15",16.87,16.9,16.53,16.7,14.2062,23096800
"2023-05-16",16.61,16.67,16.25,16.3,13.8659,15905300
"2023-05-17",16.4,16.55,16.24,16.45,13.9935,13790000
"2023-05-18",16.37,16.54,16.26,16.52,14.0531,12066500
"2023-05-19",16.63,16.68,16.45,16.52,14.0531,9834100
"2023-05-22",16.48,16.66,16.42,16.53,14.0616,11296600
"2023-05-23",16.55,16.68,16.49,16.54,14.0701,12580700
"2023-05-24",16.58,16.6,16.39,16.5,14.0361,10700800
"2023-05-25",16.36,16.39,16.11,16.22,13.7979,15836000
"2023-05-26",16.24,16.33,16.15,16.21,13.7894,12815200
"2023-05-30",16.1,16.22,16.04,16.15,13.7383,13975600
"2023-05-31",16.1,16.16,16,16.11,13.7043,21102000
"2023-06-01",16.14,16.35,16.08,16.26,13.8319,13491700
"2023-06-02",16.41,16.82,16.35,16.75,14.2487,18617700
"2023-06-05",16.9,16.93,16.7,16.76,14.2572,11816200
"2023-06-06",16.66,16.91,16.64,16.85,14.3338,10788800
"2023-06-07",16.95,17.26,16.89,17.23,14.657,12369900
"2023-06-08",17.27,17.33,17.02,17.32,14.7336,9077100
"2023-06-09",17.35,17.37,16.98,17.03,14.4869,9858600
"2023-06-12",16.86,16.98,16.81,16.89,14.3678,14267000
"2023-06-13",16.95,17.26,16.93,17.03,14.4869,12497900
"2023-06-14",17.15,17.2,16.89,16.9,14.3763,14409400
"2023-06-15",16.92,17.11,16.89,17.01,14.4699,11464200
"2023-06-16",17.01,17.08,16.94,17.04,14.4954,24028000
"2023-06-20",17.01,17.02,16.64,16.66,14.1722,14034000
"2023-06-21",16.61,16.8,16.56,16.64,14.1551,12429300
"2023-06-22",16.61,16.62,16.47,16.49,14.0275,10884500
"2023-06-23",16.38,16.54,16.31,16.32,13.8829,14613800
"2023-06-26",16.34,16.65,16.33,16.54,14.0701,18220500
"2023-06-27",16.54,16.82,16.51,16.8,14.2913,16257500
"2023-06-28",16.88,17.03,16.7,17.01,14.4699,16801000
"2023-06-29",17.09,17.26,17.06,17.2,14.6315,13491300
"2023-06-30",17.3,17.34,17.14,17.22,14.6485,11340300
"2023-07-03",17.22,17.39,17.19,17.25,14.6741,8557600
"2023-07-05",17.31,17.31,17,17.08,14.5294,12979400
"2023-07-06",16.99,17.01,16.79,16.86,14.3423,9881400
"2023-07-07",16.76,17.06,16.76,16.92,14.3933,24357400
"2023-07-10",16.79,17.05,16.79,16.95,14.4189,10596700
"2023-07-11",16.97,17.3,16.97,17.25,14.6741,14478700
"2023-07-12",17.41,17.59,17.39,17.54,14.9207,15123000
"2023-07-13",17.56,17.66,17.53,17.6,14.9718,8721800
"2023-07-14",17.48,17.52,17.17,17.21,14.64,11250300
"2023-07-17",17.25,17.25,17.11,17.13,14.572,11884900
"2023-07-18",17.08,17.4,17.07,17.28,14.6996,10052800
"2023-07-19",17.28,17.41,17.24,17.29,14.7081,12294100
"2023-07-20",17.54,17.67,17.37,17.64,15.0058,16299700
"2023-07-21",17.73,17.91,17.61,17.8,15.1419,16858900
"2023-07-24",17.86,18.3,17.84,18.11,15.4056,23654100
"2023-07-25",18.07,18.19,18,18.06,15.3631,14098200
"2023-07-26",18,18.11,17.89,17.95,15.2695,12260900
"2023-07-27",18.04,18.06,17.76,17.8,15.1419,12299700
"2023-07-28",17.53,17.65,17.42,17.57,15.1877,9147000
"2023-07-31",17.63,17.75,17.61,17.71,15.3088,11292000
"2023-08-01",17.73,17.78,17.38,17.56,15.1791,11198900
"2023-08-02",17.42,17.43,17.22,17.36,15.0062,10625800
"2023-08-03",17.44,17.63,17.34,17.46,15.0927,10592200
"2023-08-04",17.51,17.71,17.35,17.36,15.0062,11431300
"2023-08-07",17.41,17.57,17.34,17.38,15.0235,7215300
"2023-08-08",17.19,17.48,17.1,17.48,15.1099,9324700
"2023-08-09",17.56,17.73,17.53,17.55,15.1704,11368200
"2023-08-10",17.61,17.72,17.43,17.54,15.1618,12724800
"2023-08-11",17.54,17.91,17.54,17.78,15.3693,13074700
"2023-08-14",17.81,17.86,17.58,17.67,15.2742,10775200
"2023-08-15",17.63,17.68,17.31,17.36,15.0062,13509100
"2023-08-16",17.34,17.42,17.19,17.21,14.8765,11428500
"2023-08-17",17.33,17.56,17.33,17.34,14.9889,9514700
"2023-08-18",17.22,17.45,17.21,17.43,15.0667,19621400
"2023-08-21",17.49,17.49,17.24,17.36,15.0062,9743900
"2023-08-22",17.48,17.48,17.25,17.25,14.9111,9087100
"2023-08-23",17.15,17.27,16.97,17.26,14.9198,9330200
"2023-08-24",17.22,17.39,17.15,17.23,14.8938,8286300
"2023-08-25",17.29,17.46,17.23,17.34,14.9889,9150200
"2023-08-28",17.41,17.51,17.3,17.36,15.0062,8576500
"2023-08-29",17.36,17.46,17.34,17.45,15.084,8043400
"2023-08-30",17.49,17.52,17.4,17.44,15.0754,6643500
"2023-08-31",17.46,17.47,17.19,17.22,14.8852,14961400
"2023-09-01",17.39,17.4,17.06,17.14,14.816,14537800
"2023-09-05",17.12,17.22,17.06,17.07,14.7555,11637500
"2023-09-06",17.02,17.02,16.59,16.63,14.3752,17046800
"2023-09-07",16.69,16.77,16.57,16.59,14.3406,18928600
"2023-09-08",16.67,16.87,16.62,16.8,14.5221,14738400
"2023-09-11",16.88,16.91,16.61,16.67,14.4098,11932600
"2023-09-12",16.76,17.15,16.71,17.13,14.8074,12424300
"2023-09-13",17.17,17.22,17.07,17.16,14.8333,10211200
"2023-09-14",17.34,17.39,17.24,17.31,14.963,12161700
"2023-09-15",17.2,17.4,17.05,17.07,14.7555,28400500
"2023-09-18",17.08,17.14,16.91,17.02,14.7123,13265000
"2023-09-19",17.13,17.13,16.83,16.93,14.6345,13821500
"2023-09-20",16.9,17.06,16.85,16.86,14.574,8536200
"2023-09-21",16.85,16.89,16.55,16.56,14.3147,12831500
"2023-09-22",16.57,16.74,16.53,16.6,14.3493,11579400
"2023-09-25",16.55,16.81,16.54,16.75,14.4789,11773100
"2023-09-26",16.63,16.73,16.41,16.47,14.2369,12834900
"2023-09-27",16.55,16.76,16.54,16.66,14.4011,12839700
"2023-09-28",16.64,16.79,16.59,16.67,14.4098,9576200
"2023-09-29",16.67,16.76,16.53,16.58,14.332,14575300
"2023-10-02",16.6,16.62,16.1,16.16,13.9689,16619200
"2023-10-03",16.07,16.17,15.98,16.1,13.9171,16607900
"2023-10-04",15.96,16.17,15.89,16.03,13.8565,17504300
"2023-10-05",15.9,16.23,15.9,16.16,13.9689,17520000
"2023-10-06",16.14,16.39,16.01,16.26,14.0554,13027200
"2023-10-09",16.53,16.78,16.49,16.76,14.4876,18370500
"2023-10-10",16.75,16.87,16.7,16.82,14.5394,11827200
"2023-10-11",16.71,16.85,16.65,16.85,14.5654,11583400
"2023-10-12",16.91,16.98,16.77,16.91,14.6172,13902000
"2023-10-13",17.1,17.18,17.04,17.11,14.7901,14080900
"2023-10-16",17.2,17.33,17.08,17.28,14.9371,11369600
"2023-10-17",17.27,17.44,17.24,17.33,14.9803,15252800
"2023-10-18",17.34,17.4,17.11,17.14,14.816,14680000
"2023-10-19",17.27,17.31,16.84,17.01,14.7037,17788800
"2023-10-20",17.04,17.1,16.89,16.99,14.6864,16349700
"2023-10-23",16.89,17.02,16.82,16.98,14.6777,12852400
"2023-10-24",17.01,17.07,16.82,16.85,14.5654,12964000
"2023-10-25",16.86,16.95,16.78,16.79,14.5135,11215600
"2023-10-26",16.71,16.77,16.56,16.7,14.4357,11306900
"2023-10-27",16.7,16.71,16.3,16.37,14.1504,14657000
"2023-10-30",16.14,16.29,15.91,16.13,14.1883,16123200
"2023-10-31",16.11,16.25,16.06,16.2,14.2498,13132600
"2023-11-01",16.26,16.45,16.1,16.35,14.3818,15920600
"2023-11-02",16.36,16.92,16.29,16.9,14.8656,18524900
"2023-11-03",16.9,17,16.83,16.87,14.8392,12819300
"2023-11-06",16.94,16.94,16.65,16.67,14.6633,11851700
"2023-11-07",16.53,16.63,16.4,16.55,14.5577,18310000
"2023-11-08",16.47,16.51,16.31,16.34,14.373,10910500
"2023-11-09",16.42,16.44,16.17,16.21,14.2586,15076600
"2023-11-10",16.33,16.48,16.22,16.44,14.4609,12669800
"2023-11-13",16.44,16.63,16.34,16.52,14.5313,9358600
"2023-11-14",16.63,16.87,16.59,16.8,14.7776,12593100
"2023-11-15",16.85,17.07,16.83,16.92,14.8832,16813600
"2023-11-16",16.85,17,16.62,16.82,14.7952,14554100
"2023-11-17",16.94,17.05,16.87,16.96,14.9183,13708200
"2023-11-20",16.96,17.09,16.91,16.94,14.9008,10062100
"2023-11-21",16.96,17.14,16.9,17.12,15.0591,11961200
"2023-11-22",16.94,17.3,16.9,17.29,15.2086,13233400
"2023-11-24",17.3,17.46,17.28,17.35,15.2614,5988100
"2023-11-27",17.3,17.35,17.25,17.31,15.2262,10947000
"2023-11-28",17.35,17.43,17.26,17.29,15.2086,10998500
"2023-11-29",17.36,17.47,17.2,17.32,15.235,13975800
"2023-11-30",17.37,17.59,17.36,17.57,15.4549,23071200
"2023-12-01",17.54,17.8,17.51,17.75,15.6133,12718900
"2023-12-04",17.69,17.9,17.66,17.85,15.7012,11708000
"2023-12-05",17.85,17.89,17.49,17.5,15.3933,17516700
"2023-12-06",17.47,17.68,17.41,17.53,15.4197,17064500
"2023-12-07",17.62,17.66,17.45,17.5,15.3933,16544800
"2023-12-08",17.55,17.71,17.51,17.7,15.5693,11790000
"2023-12-11",17.67,17.7,17.53,17.57,15.4549,11457400
"2023-12-12",17.51,17.57,17.14,17.22,15.1471,16091500
"2023-12-13",17.21,17.54,17.11,17.48,15.3758,17197900
"2023-12-14",17.61,17.88,17.6,17.69,15.5605,17957600
"2023-12-15",17.6,17.62,17.38,17.49,15.3845,33040900
"2023-12-18",17.75,17.84,17.55,17.57,15.4549,13959700
"2023-12-19",17.59,17.72,17.54,17.64,15.5165,11375700
"2023-12-20",17.64,17.74,17.5,17.5,15.3933,16159200
"2023-12-21",17.51,17.65,17,17.64,15.5165,11332100
"2023-12-22",17.7,17.84,17.67,17.72,15.5869,7534200
"2023-12-26",17.8,17.89,17.72,17.85,15.7012,7636700
"2023-12-27",17.84,17.87,17.66,17.77,15.6308,7920400
"2023-12-28",17.71,17.8,17.62,17.69,15.5605,7769900
"2023-12-29",17.7,17.7,17.57,17.64,15.5165,9811300
"2024-01-02",17.7,17.9,17.67,17.83,15.6836,13141200
"2024-01-03",17.81,18.13,17.76,18.05,15.8771,14367100
"2024-01-04",18.15,18.24,17.9,17.95,15.7892,10839200
"2024-01-05",18.02,18.11,17.87,18.02,15.8507,12288800
"2024-01-08",17.89,18.11,17.79,18.11,15.9299,12962200
"2024-01-09",18.1,18.15,17.95,18.05,15.8771,15386300
"2024-01-10",18.02,18.06,17.9,17.95,15.7892,14113000
"2024-01-11",17.97,17.99,17.7,17.84,15.6924,16028800
"2024-01-12",18.05,18.15,17.89,17.97,15.8068,10319000
"2024-01-16",17.92,17.98,17.8,17.82,15.6748,12903300
"2024-01-17",17.73,17.85,17.5,17.56,15.4461,13926400
"2024-01-18",17.32,17.51,17.1,17.31,15.2262,31605600
"2024-01-19",17.38,17.38,17.1,17.2,15.1295,19018000
"2024-01-22",17.21,17.29,17.09,17.16,15.0943,13142400
"2024-01-23",17.15,17.22,17.04,17.08,15.0239,14416900
"2024-01-24",17.14,17.15,16.85,16.89,14.8568,25500500
"2024-01-25",17.02,17.34,16.95,17.33,15.2438,23723800
"2024-01-26",17.33,17.47,17.3,17.44,15.3406,14265400
"2024-01-29",17.44,17.49,17.25,17.37,15.279,13665900
"2024-01-30",17.05,17.23,17.01,17.21,15.389,12446200
"2024-01-31",17.22,17.25,16.9,16.92,15.1297,16870600
"2024-02-01",16.92,17.19,16.86,17.03,15.228,16474000
"2024-02-02",16.99,17.05,16.74,16.96,15.1654,20964500
"2024-02-05",16.85,16.85,16.62,16.67,14.9061,14058000
"2024-02-06",16.7,16.73,16.6,16.69,14.924,12700400
"2024-02-07",16.74,16.77,16.52,16.65,14.8882,16670800
"2024-02-08",16.63,16.73,16.57,16.63,14.8703,17004000
"2024-02-09",16.63,16.72,16.53,16.61,14.8525,9323400
"2024-02-12",16.62,16.84,16.57,16.78,15.0045,11205600
"2024-02-13",16.74,16.89,16.47,16.57,14.8167,15183300
"2024-02-14",16.62,16.65,16.49,16.57,14.8167,14250200
"2024-02-15",16.53,17.04,16.51,16.97,15.1744,18223200
"2024-02-16",16.97,17.18,16.91,17.11,15.2996,17603900
"2024-02-20",17.12,17.22,17,17.06,15.2548,13300600
"2024-02-21",17.14,17.44,17.09,17.42,15.5768,10843800
"2024-02-22",17.25,17.33,17.13,17.26,15.4337,13092600
"2024-02-23",17.2,17.36,17.17,17.25,15.4247,9892600
"2024-02-26",17.2,17.32,17.09,17.13,15.3174,8172200
"2024-02-27",17.21,17.23,17.05,17.17,15.3532,12062800
"2024-02-28",17.19,17.26,17.02,17.15,15.3353,11414800
"2024-02-29",17.24,17.44,17.18,17.39,15.5499,15578700
"2024-03-01",17.38,17.5,17.34,17.46,15.6125,10955500
"2024-03-04",17.45,17.61,17.42,17.57,15.7109,10815600
"2024-03-05",17.59,17.85,17.57,17.72,15.845,11811700
"2024-03-06",17.77,17.92,17.75,17.82,15.9344,10856500
"2024-03-07",17.87,17.95,17.82,17.87,15.9791,10734900
"2024-03-08",17.85,17.93,17.74,17.83,15.9434,11290600
"2024-03-11",17.83,17.98,17.76,17.97,16.0686,11397500
"2024-03-12",17.93,18.02,17.89,17.94,16.0417,8024700
"2024-03-13",18.03,18.11,17.86,17.89,15.997,18206700
"2024-03-14",17.81,17.87,17.45,17.56,15.7019,20940800
"2024-03-15",17.5,17.79,17.48,17.6,15.7377,30086900
"2024-03-18",17.64,17.67,17.52,17.64,15.7735,16906600
"2024-03-19",17.68,17.94,17.66,17.93,16.0328,18142800
"2024-03-20",17.86,18.12,17.83,18.03,16.1222,11145300
"2024-03-21",18.05,18.31,18.01,18.11,16.1938,13742500
"2024-03-22",18.15,18.22,18.05,18.06,16.149,10169100
"2024-03-25",18.04,18.14,17.89,17.97,16.0686,16549700
"2024-03-26",18,18.02,17.9,17.91,16.0149,9156000
"2024-03-27",17.96,18.17,17.89,18.15,16.2295,8699000
"2024-03-28",18.24,18.43,18.15,18.34,16.3994,15939400
"2024-04-01",18.37,18.48,18.17,18.41,16.462,10873300
"2024-04-02",18.45,18.52,18.3,18.42,16.4709,10157800
"2024-04-03",18.46,18.57,18.43,18.55,16.5872,11384700
"2024-04-04",18.61,18.72,18.36,18.43,16.4799,8949600
"2024-04-05",18.43,18.5,18.22,18.46,16.5067,9872600
"2024-04-08",18.48,18.62,18.35,18.36,16.4173,11639600
"2024-04-09",18.41,18.5,18.37,18.48,16.5246,8290600
"2024-04-10",18.35,18.39,18.19,18.27,16.3368,10675600
"2024-04-11",18.3,18.37,18.12,18.35,16.4084,12520500
"2024-04-12",18.39,18.54,18.07,18.13,16.2116,15506300
"2024-04-15",18.24,18.34,17.92,17.97,16.0686,10026000
"2024-04-16",17.97,18.04,17.61,17.69,15.8182,16201600
"2024-04-17",17.77,17.93,17.66,17.76,15.8808,13072600
"2024-04-18",18,18.36,17.95,18.21,16.2832,26119500
"2024-04-19",18.31,18.9,18.26,18.84,16.8465,25698400
"2024-04-22",18.79,18.92,18.57,18.82,16.8286,16188200
"2024-04-23",18.83,18.89,18.69,18.76,16.775,12914100
"2024-04-24",18.62,18.84,18.52,18.81,16.8197,12485500
"2024-04-25",18.81,18.89,18.63,18.8,16.8107,17447500
"2024-04-26",18.78,18.78,18.63,18.68,16.7034,9415500
"2024-04-29",18.4,18.61,18.4,18.6,16.8923,10293500
"2024-04-30",18.55,18.56,18.26,18.28,16.6017,16059200
"2024-05-01",18.33,18.41,18.13,18.23,16.5563,18135000
"2024-05-02",18.35,18.58,18.18,18.46,16.7652,14689700
"2024-05-03",18.53,18.58,18.38,18.57,16.8651,12409400
"2024-05-06",18.6,18.77,18.49,18.61,16.9014,11963200
"2024-05-07",18.7,18.9,18.67,18.77,17.0467,11863800
"2024-05-08",18.7,18.89,18.65,18.81,17.0831,11640600
"2024-05-09",18.82,19.03,18.81,19.01,17.2647,8029000
"2024-05-10",19.16,19.18,18.95,19.08,17.3283,8141300
"2024-05-13",19.12,19.24,19.05,19.15,17.3918,12389000
"2024-05-14",19.14,19.45,19.14,19.41,17.628,14640500
"2024-05-15",19.41,19.63,19.37,19.54,17.746,13622700
"2024-05-16",19.51,19.72,19.5,19.6,17.8005,11482900
"2024-05-17",19.63,19.79,19.52,19.7,17.8913,12152800
"2024-05-20",19.71,19.89,19.7,19.84,18.0185,10286300
"2024-05-21",19.85,19.93,19.72,19.74,17.9277,10302900
"2024-05-22",19.66,19.66,19.28,19.39,17.6098,11120000
"2024-05-23",19.4,19.43,19.05,19.08,17.3283,11921500
"2024-05-24",19.18,19.21,19.02,19.07,17.3192,9615000
"2024-05-28",19.11,19.19,19,19.07,17.3192,11884800
"2024-05-29",19.01,19.04,18.83,18.91,17.1739,9005800
"2024-05-30",18.94,19.02,18.88,19,17.2556,9664400
"2024-05-31",19.06,19.51,18.99,19.49,17.7006,19745200
"2024-06-03",19.48,19.52,19.37,19.5,17.7097,14348500
"2024-06-04",19.4,19.71,19.29,19.66,17.855,13990700
"2024-06-05",19.71,19.81,19.52,19.79,17.9731,14730800
"2024-06-06",19.73,19.84,19.67,19.81,17.9913,11409500
"2024-06-07",19.75,19.76,19.58,19.62,17.8187,9188900
"2024-06-10",19.64,19.88,19.62,19.8,17.9822,11566500
"2024-06-11",19.71,19.88,19.66,19.79,17.9731,9229800
"2024-06-12",19.92,20.07,19.85,19.88,18.0548,10083700
"2024-06-13",19.84,19.91,19.7,19.76,17.9458,7979400
"2024-06-14",19.66,19.76,19.55,19.59,17.7915,8446700
"2024-06-17",19.57,19.83,19.56,19.67,17.8641,11724300
"2024-06-18",19.71,19.86,19.67,19.74,17.9277,8880500
"2024-06-20",19.7,19.94,19.64,19.8,17.9822,10930000
"2024-06-21",19.87,19.94,19.63,19.71,17.9004,28989500
"2024-06-24",19.74,20.19,19.74,20.11,18.2637,11998500
"2024-06-25",20.07,20.16,20.01,20.1,18.2546,9937300
"2024-06-26",20.1,20.14,19.71,19.74,17.9277,13503400
"2024-06-27",19.8,19.89,19.62,19.76,17.9458,10532000
"2024-06-28",19.86,19.92,19.74,19.87,18.0457,42524200
"2024-07-01",19.98,20.01,19.68,19.79,17.9731,10789700
"2024-07-02",19.91,19.91,19.47,19.72,17.9095,12815400
"2024-07-03",19.83,20.08,19.76,19.96,18.1275,11016100
"2024-07-05",19.92,19.98,19.77,19.89,18.0639,11916500
"2024-07-08",19.89,20,19.8,19.91,18.0821,9640500
"2024-07-09",19.85,20.14,19.84,19.99,18.1547,13993100
"2024-07-10",20,20.11,19.9,20.1,18.2546,9648500
"2024-07-11",20.12,20.2,20.01,20.16,18.3091,15623300
"2024-07-12",20.25,20.32,20.09,20.19,18.3364,18489400
"2024-07-15",20.28,20.38,20.15,20.17,18.3182,13844400
"2024-07-16",20.55,20.55,20.03,20.24,18.3818,14691300
"2024-07-17",20.3,20.57,20.27,20.53,18.6451,23408500
"2024-07-18",20.5,21.45,20.44,21.05,19.1174,42322400
"2024-07-19",21.16,21.79,21.1,21.49,19.517,26891100
"2024-07-22",21.53,21.86,21.5,21.85,19.844,15594800
"2024-07-23",21.81,21.81,21.56,21.62,19.6351,20814900
"2024-07-24",21.64,21.66,21.05,21.05,19.1174,20630700
"2024-07-25",21.06,21.29,21.01,21.07,19.1356,20800200
"2024-07-26",21.16,21.43,21.14,21.37,19.408,12587900
"2024-07-29",21.41,21.46,21.14,21.29,19.3354,13805100
"2024-07-30",21.29,21.8,21.28,21.72,19.7259,16671800
"2024-07-31",21.53,21.63,21.11,21.13,19.4479,15294600
"2024-08-01",21.14,21.21,20.93,21.07,19.3927,12092600
"2024-08-02",20.98,21.07,20.51,20.68,19.0338,18941200
"2024-08-05",19.94,20.17,19.68,20.08,18.4815,18837000
"2024-08-06",20.21,20.85,20.07,20.66,19.0153,19934600
"2024-08-07",20.88,21.29,20.8,20.8,19.1442,15593700
"2024-08-08",20.8,21.18,20.8,21.07,19.3927,10592500
"2024-08-09",21.1,21.1,20.8,21.02,19.3467,13464700
"2024-08-12",21.06,21.1,20.82,20.92,19.2547,7603400
"2024-08-13",20.89,21,20.66,20.92,19.2547,9484600
"2024-08-14",20.92,21.04,20.84,20.96,19.2915,7947500
"2024-08-15",21.12,21.2,20.91,21.11,19.4295,12283100
"2024-08-16",21.11,21.14,20.99,21.08,19.4019,8170500
"2024-08-19",21.08,21.37,21.02,21.36,19.6596,10010000
"2024-08-20",21.33,21.4,20.95,21.03,19.3559,9770700
"2024-08-21",21.1,21.15,20.84,20.97,19.3007,11349000
"2024-08-22",20.97,21.1,20.89,21,19.3283,7767200
"2024-08-23",21.07,21.39,20.98,21.28,19.586,11384000
"2024-08-26",21.42,21.5,21.33,21.42,19.7148,10758300
"2024-08-27",21.43,21.53,21.3,21.39,19.6872,10979400
"2024-08-28",21.36,21.42,21.21,21.33,19.632,8327400
"2024-08-29",21.41,21.48,21.22,21.42,19.7148,8562900
"2024-08-30",21.35,21.59,21.31,21.57,19.8529,26383300
"2024-09-03",21.45,21.65,21.22,21.56,19.8437,11945000
"2024-09-04",21.51,21.63,21.29,21.41,19.7056,14875000
"2024-09-05",21.55,21.58,21.38,21.48,19.7701,9093000
"2024-09-06",21.48,21.59,21.04,21.13,19.4479,11478500
"2024-09-09",21.17,21.29,21.05,21.12,19.4387,11855300
"2024-09-10",21.2,21.24,20.96,21.12,19.4387,9044100
"2024-09-11",20.99,21.08,20.56,20.83,19.1718,10563100
"2024-09-12",20.86,21.02,20.72,20.94,19.2731,9023000
"2024-09-13",21.01,21.16,20.97,21.14,19.4571,10036900
"2024-09-16",21.35,21.55,21.3,21.47,19.7609,11136600
"2024-09-17",21.51,21.74,21.44,21.56,19.8437,10256300
"2024-09-18",21.61,21.83,21.59,21.61,19.8897,10153100
"2024-09-19",21.8,21.84,21.55,21.59,19.8713,11860800
"2024-09-20",21.51,21.88,21.46,21.79,20.0554,21988200
"2024-09-23",21.84,22.2,21.82,22.18,20.4143,11610100
"2024-09-24",22.31,22.34,22.06,22.22,20.4512,11105200
"2024-09-25",22.23,22.27,22.04,22.09,20.3315,12086200
"2024-09-26",21.87,22.07,21.62,21.68,19.9542,14574600
"2024-09-27",21.72,21.88,21.61,21.79,20.0554,12662100
"2024-09-30",21.82,22.13,21.65,22.09,20.3315,10362100
"2024-10-01",22.03,22.63,22.01,22.59,20.7917,15698100
"2024-10-02",22.65,22.99,22.6,22.94,21.1138,15220900
"2024-10-03",22.97,23.42,22.79,23.35,21.4912,17220600
"2024-10-04",23.42,23.65,23.3,23.62,21.7397,11021000
"2024-10-07",23.64,23.84,23.57,23.58,21.7029,12242600
"2024-10-08",23.39,23.54,23.06,23.32,21.4636,10575800
"2024-10-09",23.2,23.54,23.19,23.48,21.6109,6730500
"2024-10-10",23.54,23.83,23.36,23.72,21.8318,20257800
"2024-10-11",23.98,24.7,23.86,24.7,22.7337,21490000
"2024-10-14",24.54,25.02,24.51,24.88,22.8994,16198800
"2024-10-15",24.73,24.97,24.51,24.76,22.789,19919500
"2024-10-16",24.85,25.06,24.7,24.93,22.9454,17604000
"2024-10-17",24.75,25.43,24.5,24.82,22.8442,24172200
"2024-10-18",24.87,24.98,24.66,24.95,22.9638,13670600
"2024-10-21",25,25.01,24.65,24.74,22.7706,9920100
"2024-10-22",24.78,24.97,24.57,24.81,22.835,7976700
"2024-10-23",24.75,24.86,24.6,24.77,22.7982,9856500
"2024-10-24",24.9,25.08,24.77,24.99,23.0007,15834200
"2024-10-25",25.09,25.2,24.91,24.95,22.9638,16549400
"2024-10-28",24.69,24.93,24.66,24.8,22.8258,10034800
"2024-10-29",24.86,24.86,24.51,24.63,22.6693,10089800
"2024-10-30",24.72,25.1,24.65,24.84,22.8626,14117300
"2024-10-31",24.63,24.69,24.35,24.51,22.8235,12806100
"2024-11-01",24.56,24.67,24.14,24.18,22.5162,13274500
"2024-11-04",24.27,24.5,23.97,24.49,22.8049,13273400
"2024-11-05",24.59,24.96,24.54,24.71,23.0097,18874200
"2024-11-06",25.38,26.59,25.38,26.35,24.5369,27282700
"2024-11-07",26.41,26.51,26.19,26.41,24.5927,13260500
"2024-11-08",26.28,27,26.28,26.88,25.0304,17402000
"2024-11-11",26.88,27.33,26.88,27.27,25.3936,15876100
"2024-11-12",27.29,27.59,27.12,27.18,25.3098,14748800
"2024-11-13",27.3,27.33,26.76,26.8,24.9559,11759400
"2024-11-14",26.75,26.97,26.64,26.76,24.9187,9870200
"2024-11-15",26.65,27.32,26.65,27.27,25.3936,12426300
"2024-11-18",27.35,27.84,27.35,27.78,25.8685,15941000
"2024-11-19",27.59,28.15,27.59,28.08,26.1478,16420700
"2024-11-20",28.1,28.28,27.77,28,26.0733,11950200
"2024-11-21",28.03,28.67,27.98,28.54,26.5762,14618000
"2024-11-22",28.54,28.81,28.48,28.49,26.5296,12382200
"2024-11-25",28.59,28.72,27.65,27.85,25.9337,26211100
"2024-11-26",27.86,28.24,27.86,28.09,26.1572,11272800
"2024-11-27",28.09,28.24,27.96,28.07,26.1385,8127100
"2024-11-29",28.17,28.35,28.08,28.27,26.3248,6268200
"2024-12-02",28.22,28.27,27.34,27.44,25.5519,9652400
"2024-12-03",27.47,27.55,27.2,27.42,25.5333,12491100
"2024-12-04",27.36,27.42,27.12,27.39,25.5053,9852600
"2024-12-05",27.52,28.22,27.48,27.97,26.0454,13451600
"2024-12-06",27.93,28.14,27.63,27.77,25.8592,11530400
"2024-12-09",27.85,27.88,27.02,27.1,25.2353,12138700
"2024-12-10",27.32,27.41,26.79,26.89,25.0397,15516800
"2024-12-11",27.02,27.27,26.88,26.95,25.0956,15058600
"2024-12-12",26.95,27.2,26.8,26.9,25.049,10795700
"2024-12-13",26.87,26.99,26.7,26.88,25.0304,8284800
"2024-12-16",26.7,26.75,26.42,26.56,24.7324,11582300
"2024-12-17",26.4,26.71,26.11,26.61,24.779,14320000
"2024-12-18",26.59,26.72,25.78,25.83,24.0527,12764500
"2024-12-19",26.12,26.51,25.84,26.24,24.4344,20249900
"2024-12-20",26.23,26.99,26.14,26.85,25.0025,28504400
"2024-12-23",26.85,27.1,26.55,27.05,25.1887,10863300
"2024-12-24",27.1,27.39,26.99,27.33,25.4494,4702800
"2024-12-26",27.23,27.29,27.1,27.25,25.375,8172100
"2024-12-27",27.2,27.36,27.05,27.18,25.3098,6755600
"2024-12-30",27.16,27.55,26.93,27.36,25.4774,7953900
"2024-12-31",27.42,27.74,27.35,27.4,25.5146,7862400
"2025-01-02",27.62,28.21,27.51,28.11,26.1758,13891800
"2025-01-03",28.25,28.53,28.14,28.27,26.3248,9877300
"2025-01-06",28.3,28.39,27.73,27.83,25.915,14420800
"2025-01-07",27.93,28.09,27.69,27.81,25.8964,9703900
"2025-01-08",27.74,28.31,27.68,28.29,26.3434,11149000
"2025-01-10",28.49,28.82,28.02,28.16,26.2223,11912500
"2025-01-13",28.25,28.66,28.18,28.52,26.5576,12019000
"2025-01-14",28.58,29.29,28.48,29.12,27.1163,14599900
"2025-01-15",29.39,29.58,29.25,29.44,27.4143,12104200
"2025-01-16",29.44,30.07,29.34,30.06,27.9916,21219100
"2025-01-17",29.97,30.51,29.88,30.31,28.2244,16062400
"2025-01-21",30.58,31.48,30.55,31.22,29.0718,22826600
"2025-01-22",31.45,31.46,30.66,30.78,28.6621,20361200
"2025-01-23",31.3,31.3,30.09,30.48,28.3827,22002800
"2025-01-24",30.48,30.56,30.17,30.27,28.1871,12773500
"2025-01-27",29.04,29.21,27.29,27.46,25.5705,37477200
"2025-01-28",27.55,27.6,26.95,27.46,25.5705,23941400
"2025-01-29",27.54,27.98,27.13,27.3,25.4215,14620600
"2025-01-30",27.57,28.21,27.5,28.1,26.1665,16858900
"2025-01-31",28.23,28.26,27.42,27.48,25.5891,21419100
"2025-02-03",26.84,27.79,26.72,27.58,25.9543,12768300
"2025-02-04",27.35,27.75,27.33,27.5,25.879,12009200
"2025-02-05",27.68,27.88,27.49,27.64,26.0107,12067800
"2025-02-06",27.71,27.71,26.54,26.78,25.2014,15741100
"2025-02-07",26.86,27.22,26.58,27.04,25.4461,12992700
"2025-02-10",27.2,27.29,26.74,27.07,25.4743,16680600
"2025-02-11",26.99,26.99,26.39,26.79,25.2108,16879100
"2025-02-12",26.45,26.85,26.13,26.28,24.7309,15357000
"2025-02-13",26.36,26.75,26.18,26.56,24.9944,14668500
"2025-02-14",26.65,26.96,26.54,26.55,24.985,12565400
"2025-02-18",26.6,26.95,26.56,26.75,25.1732,12601900
"2025-02-19",26.75,27.2,26.65,26.89,25.3049,12193400
"2025-02-20",26.64,26.72,26.22,26.59,25.0226,12513600
"2025-02-21",26.54,26.81,26.19,26.41,24.8532,21468900
"2025-02-24",26.53,26.83,26.18,26.47,24.9097,15017200
"2025-02-25",26.45,26.5,25.43,26.1,24.5615,15350000
"2025-02-26",26.11,26.31,25.93,26.17,24.6274,12330800
"2025-02-27",26.27,26.55,25.89,26.21,24.665,15315700
"2025-02-28",26.19,27.12,26.18,27.1,25.5025,16400200
"2025-03-03",27.5,27.89,26.94,27.14,25.5402,16312200
"2025-03-04",26.91,27.55,26.62,26.99,25.399,16430300
"2025-03-05",26.8,26.95,26.22,26.73,25.1544,12418200
"2025-03-06",26.41,26.52,25.86,26.31,24.7591,13530000
"2025-03-07",26.36,26.5,25.53,26.14,24.5991,12813600
"2025-03-10",26.03,26.41,25.78,26.14,24.5991,14227400
"2025-03-11",26.15,26.8,26.1,26.41,24.8532,14035700
"2025-03-12",26.66,26.89,26.33,26.52,24.9567,11236200
"2025-03-13",26.6,26.78,26.34,26.54,24.9756,10448800
"2025-03-14",26.82,27.2,26.64,27.1,25.5025,8635000
"2025-03-17",27.04,27.88,26.97,27.79,26.1519,10623700
"2025-03-18",27.8,27.92,27.46,27.52,25.8978,12056500
"2025-03-19",27.64,27.94,27.46,27.85,26.2083,11478000
"2025-03-20",27.77,28.17,27.72,28.06,26.406,8205300
"2025-03-21",27.99,28.08,27.76,27.93,26.2836,19506400
"2025-03-24",28.08,28.79,28.06,28.71,27.0176,12508500
"2025-03-25",28.83,29.13,28.65,28.83,27.1306,11393900
"2025-03-26",29.03,29.09,28.35,28.48,26.8012,11898800
"2025-03-27",28.49,28.56,28.07,28.23,26.5659,8885200
"2025-03-28",28.04,28.45,27.98,28.37,26.6977,8357100
"2025-03-31",28.11,28.68,28.09,28.53,26.8483,13867500
"2025-04-01",28.37,28.66,28.09,28.63,26.9424,8692100
"2025-04-02",28.38,28.94,28.36,28.92,27.2153,8662500
"2025-04-03",27.86,28.65,27.63,27.72,26.086,16704000
"2025-04-04",26.72,27.09,25.11,25.29,23.7992,29083900
"2025-04-07",24.38,26.18,23.94,25.37,23.8745,23814400
"2025-04-08",26.27,26.53,24.82,25.21,23.724,16547000
"2025-04-09",24.69,26.64,24.39,26.25,24.7027,26281200
"2025-04-10",25.9,26.35,25.11,25.79,24.2698,17628500
"2025-04-11",25.92,26.58,25.42,26.47,24.9097,15769100
"2025-04-14",27,27.05,26.61,26.8,25.2202,11119600
"2025-04-15",26.92,27.61,26.88,27.22,25.6155,12974800
"2025-04-16",27.09,27.46,26.82,26.95,25.3614,11724200
"2025-04-17",26.77,27.68,26.71,27.1,25.5025,22873900
"2025-04-21",26.86,27.01,25.43,25.79,24.2698,19053200
"2025-04-22",26.28,26.79,26.02,26.6,25.032,18212100
"2025-04-23",26.85,27.13,26.41,26.6,25.032,19540400
"2025-04-24",26.7,27.03,26.49,26.87,25.2861,10988200
"2025-04-25",26.72,26.9,26.59,26.85,25.2673,9267300
"2025-04-28",26.83,27.14,26.56,27.07,25.4743,11939300
"2025-04-29",26.87,27.33,26.84,27.21,25.6061,10927000
"2025-04-30",26.52,26.67,25.95,26.3,25.0191,15398200
"2025-05-01",26.09,26.88,26.02,26.3,25.0191,13555100
"2025-05-02",26.63,26.89,26.45,26.83,25.5233,10497900
"2025-05-05",26.56,27,26.27,26.87,25.5614,17724100
"2025-05-06",26.85,27.38,26.73,27.21,25.8848,19004700
"2025-05-07",27.28,27.77,27.23,27.62,26.2748,13832600
"2025-05-08",27.85,27.87,27.02,27.04,25.7231,14765200
"2025-05-09",27.31,27.43,26.96,27.31,25.9799,8832500
"2025-05-12",27.84,27.85,26.9,27.31,25.9799,13049900
"2025-05-13",27.4,27.73,27.33,27.5,26.1607,13914000
"2025-05-14",27.37,27.49,27.24,27.46,26.1226,10651700
"2025-05-15",27.21,28.03,27.21,28,26.6363,11996400
"2025-05-16",28.02,28.23,27.82,28.09,26.7219,12400000
"2025-05-19",27.88,28.04,27.65,28,26.6363,7841500
"2025-05-20",28,28.18,27.95,27.98,26.6173,7644500
"2025-05-21",27.87,27.96,27.46,27.47,26.1321,11807700
"2025-05-22",27.39,27.54,27.07,27.34,26.0085,10493200
"2025-05-23",27.26,27.9,27.2,27.86,26.5031,12400600
"2025-05-27",28.08,28.28,28.02,28.19,26.8171,15941700
"2025-05-28",28.3,28.35,27.88,27.95,26.5888,10609600
"2025-05-29",27.93,27.98,27.62,27.92,26.5602,12942400
"2025-05-30",27.79,28.24,27.79,28.04,26.6744,15718400
"2025-06-02",28.25,28.69,27.82,28.65,27.2547,16709000
"2025-06-03",28.66,28.7,28.45,28.56,27.169,11723700
"2025-06-04",28.53,28.67,27.92,28.03,26.6649,11909100
"2025-06-05",28.13,28.37,27.92,28.24,26.8646,10590000
"2025-06-06",28.26,28.43,27.93,28.14,26.7695,11892300
"2025-06-09",28.1,28.13,27.42,27.53,26.1892,12884300
"2025-06-10",27.71,27.88,27.2,27.38,26.0465,13945600
"2025-06-11",27.51,27.66,27.37,27.52,26.1797,13379100
"2025-06-12",27.66,27.73,27.38,27.66,26.3129,9233700
"2025-06-13",27.89,28.03,27.35,27.64,26.2938,13027300
"2025-06-16",27.62,28.03,27.55,27.66,26.3129,11844500
"2025-06-17",27.83,27.92,27.43,27.47,26.1321,12722000
"2025-06-18",27.62,27.74,27.28,27.57,26.2273,10601800
"2025-06-20",27.63,28.16,27.53,28.01,26.6458,17087700
"2025-06-23",28.22,28.55,27.79,28.09,26.7219,13397200
"2025-06-24",27.94,28.65,27.89,28.54,27.15,13252100
"2025-06-25",28.68,28.7,28.17,28.31,26.9312,13100700
"2025-06-26",28.34,28.9,28.26,28.89,27.483,12445200
"2025-06-27",28.94,29.16,28.76,28.98,27.5686,17106100
"2025-06-30",29.08,29.58,28.92,29.4,27.9681,14239900
"2025-07-01",29.36,29.43,28.11,28.33,26.9502,18914800
"2025-07-02",28.33,28.56,27.88,28.5,27.112,15597500
"2025-07-03",28.43,28.57,28.19,28.41,27.0263,5100600
"2025-07-07",28.4,28.54,28.18,28.33,26.9502,9336100
"2025-07-08",28.14,28.24,27.71,28.13,26.76,14131100
"2025-07-09",28.21,28.26,27.62,27.8,26.4461,13026100
"2025-07-10",27.7,27.82,27.32,27.79,26.4365,11760300
"2025-07-11",27.76,27.93,27.64,27.84,26.4841,11281000
"2025-07-14",27.83,28.36,27.75,28.32,26.9407,14618900
"2025-07-15",28.28,28.35,27.77,27.94,26.5792,16441400
"2025-07-16",27.98,28.11,27.76,27.91,26.5507,16290600
"2025-07-17",27.2,27.68,26.89,27.49,26.1512,24725400
"2025-07-18",27.63,28,27.54,27.88,26.5222,18793100
"2025-07-21",27.76,27.82,27,27.11,25.7897,19410000
"2025-07-22",27.17,27.33,26.95,26.97,25.6565,13201700
"2025-07-23",26.87,26.99,26.48,26.81,25.5043,22335900
"2025-07-24",26.84,27.48,26.74,27.42,26.0846,19086900
"2025-07-25",27.53,27.7,27.26,27.39,26.056,15215800
"2025-07-28",27.58,27.64,27.13,27.21,25.8848,13866600
"2025-07-29",27.4,27.95,27.28,27.88,26.5222,15308200
"2025-07-30",27.86,28.21,27.8,28.01,26.6458,18126200
"2025-07-31",27.61,28.12,27.6,28.06,26.9756,14893100
"2025-08-01",27.78,28.23,27.5,28.1,27.014,16329100
"2025-08-04",28.11,28.46,28.02,28.28,27.1871,16654700
"2025-08-05",28.27,28.33,27.42,28.04,26.9563,17996200
"2025-08-06",27.11,27.38,26.67,26.75,25.7162,38849100
"2025-08-07",26.89,27.18,26.75,26.76,25.7258,17708300
"2025-08-08",26.92,27.07,26.67,26.89,25.8508,15120900
"2025-08-11",26.9,27.09,26.76,26.89,25.8508,12205000
"2025-08-12",26.9,26.92,26.27,26.56,25.5335,15164400
"2025-08-13",26.65,26.87,26.27,26.87,25.8316,14462100
"2025-08-14",26.81,27.1,26.69,26.85,25.8123,14969600
"2025-08-15",26.91,27,26.64,26.67,25.6393,13657300
"2025-08-18",26.55,26.55,26.18,26.23,25.2163,10558400
"2025-08-19",26.1,26.4,26.02,26.4,25.3797,12432600
"2025-08-20",26.41,26.73,26.31,26.57,25.5432,16175500
"2025-08-21",26.51,26.91,26.49,26.82,25.7835,11632800
"2025-08-22",26.89,26.99,26.63,26.7,25.6681,13030200
"2025-08-25",26.7,26.82,26.44,26.48,25.4566,11144700
"2025-08-26",26.54,26.67,26.14,26.62,25.5912,13705500
"2025-08-27",26.62,26.92,26.57,26.83,25.7931,14137500
"2025-08-28",26.87,27.05,26.73,27.01,25.9662,11852800
"2025-08-29",27,27.09,26.84,26.98,25.9373,14034500
"2025-09-02",26.73,26.98,26.55,26.74,25.7066,10941300
"2025-09-03",26.74,26.88,26.56,26.73,25.697,10270700
"2025-09-04",26.87,27.15,26.61,26.71,25.6777,13220800
"2025-09-05",26.76,26.85,26.22,26.59,25.5624,11509200
"2025-09-08",26.75,27.09,26.29,26.48,25.4566,14652100
"2025-09-09",26.63,26.9,26.61,26.64,25.6105,10998900
"2025-09-10",26.62,27.46,26.62,27.38,26.3219,12037000
"2025-09-11",27.3,27.58,27.21,27.57,26.5045,11016200
"2025-09-12",27.6,27.81,27.49,27.58,26.5141,8665000
"2025-09-15",27.67,27.75,27.33,27.36,26.3026,9551400
"2025-09-16",27.41,27.41,27.07,27.21,26.1584,12100000
"2025-09-17",27.29,27.66,27.27,27.57,26.5045,9974300
"2025-09-18",27.57,27.88,27.49,27.67,26.6006,10169900
"2025-09-19",27.7,27.72,27.28,27.42,26.3603,20820600
"2025-09-22",27.34,27.46,27.18,27.18,26.1296,9891400
"2025-09-23",27.2,27.73,27.14,27.47,26.4084,11122200
"2025-09-24",27.63,28.03,27.61,27.82,26.7448,14020800
"2025-09-25",27.84,28.2,27.75,27.93,26.8506,13493300
"2025-09-26",28.18,28.51,28.03,28.21,27.1198,13771800
"2025-09-29",28.3,28.37,28.01,28.37,27.2736,13675800
"2025-09-30",28.28,28.48,28.2,28.31,27.2159,16456300
"2025-10-01",28.23,28.4,28,28.3,27.2063,13920000
"2025-10-02",28.24,28.91,28.15,28.22,27.1294,11822000
"2025-10-03",28.23,28.73,28.03,28.46,27.3601,12537800
"2025-10-06",28.59,28.62,27.93,27.93,26.8506,10716800
"2025-10-07",28.01,28.08,27.72,28.01,26.9275,9690600
"2025-10-08",27.84,28.19,27.61,28.14,27.0525,16501400
"2025-10-09",28.1,28.34,27.46,27.52,26.4564,14633900
"2025-10-10",27.5,27.8,27.09,27.1,26.0527,13835200
"2025-10-13",27.1,27.37,27.01,27.34,26.2834,11761700
"2025-10-14",27.09,27.38,27,27.31,26.2546,9975100
"2025-10-15",27.47,27.83,27.34,27.61,26.543,9641900
"2025-10-16",27.62,27.74,27,27.21,26.1584,13166400
"2025-10-17",27.1,27.4,27.02,27.38,26.3219,13970300
"2025-10-20",27.65,27.87,27.35,27.52,26.4564,19745500
"2025-10-21",27.62,27.63,27.36,27.5,26.4372,11439500
"2025-10-22",27.56,27.67,27.13,27.56,26.4949,13323300
"2025-10-23",28,28.13,26.24,26.25,25.2355,29594400
"2025-10-24",26.48,26.48,25.76,25.86,24.8606,19250100
"2025-10-27",25.9,26.19,25.81,26.15,25.1394,16550200
"2025-10-28",26.18,26.18,25.82,26.08,25.0721,16978500
"2025-10-29",26.16,26.4,25.86,25.9,24.8991,18370800
"2025-10-30",25.94,26.33,25.73,26.08,25.0721,15228400
"2025-10-31",26.1,26.28,25.96,26.19,25.1778,14287400
"2025-11-03",25.98,26.09,25.6,26.08,25.3558,15600600
"2025-11-04",25.96,26.08,25.75,25.84,25.1224,16101600
"2025-11-05",25.8,26.22,25.66,25.92,25.2002,18891700
"2025-11-06",26,26.36,25.92,26.12,25.3947,12929300
"2025-11-07",26.12,26.61,26.04,26.55,25.8127,11602400
"2025-11-10",26.55,27.13,26.39,27.06,26.3085,12878400
"2025-11-11",27.14,27.2,26.79,26.94,26.1919,12348200
"2025-11-12",26.97,27.34,26.91,27.01,26.2599,10557700
"2025-11-13",27.08,27.2,26.82,26.89,26.1433,15289400
"2025-11-14",26.85,27.49,26.68,27.42,26.6586,17510700
"2025-11-17",27.43,27.55,27.12,27.14,26.3863,14176300
"2025-11-18",27.07,27.32,26.92,27.09,26.3377,16210400
"2025-11-19",26.7,26.9,26.35,26.82,26.0752,15595200
"2025-11-20",26.98,27.37,26.7,26.72,25.978,19024600
"2025-11-21",26.8,27.07,26.54,26.98,26.2308,14887300
"2025-11-24",27.02,27.03,26.56,26.82,26.0752,23465300
"2025-11-25",26.69,26.79,26.32,26.52,25.7835,15378100
"2025-11-26",26.65,27.08,26.58,26.95,26.2016,10980200
"2025-11-28",26.96,27.36,26.86,27.32,26.5613,5815700
"2025-12-01",27.21,27.44,27.17,27.29,26.5322,13036700
"2025-12-02",27.32,27.32,26.78,26.85,26.1044,11198000
"2025-12-03",26.98,27.37,26.89,27.17,26.4155,10768100
"2025-12-04",27.13,27.86,27.06,27.84,27.0669,11907400
"2025-12-05",27.87,28,27.69,27.77,26.9988,14290800
"2025-12-08",27.72,27.72,27.25,27.29,26.5322,12518300
"2025-12-09",27.34,27.82,27.27,27.32,26.5613,13651700
"2025-12-10",27.34,27.35,26.53,26.59,25.8516,15477000
"2025-12-11",26.5,26.83,26.45,26.82,26.0752,11034100
"2025-12-12",26.96,27.09,26.58,26.73,25.9877,10579500
"2025-12-15",26.77,26.81,26.44,26.72,25.978,12074000
"2025-12-16",26.66,26.66,26.24,26.33,25.5988,12300300
"2025-12-17",26.4,26.74,26.35,26.65,25.9099,12229600
"2025-12-18",26.71,26.86,26.32,26.34,25.6085,12326900
"2025-12-19",26.32,26.73,26.31,26.49,25.7544,17976200
"2025-12-22",26.6,26.94,26.55,26.89,26.1433,9417500
"2025-12-23",26.84,27.29,26.84,27.28,26.5224,8517900
"2025-12-24",27.27,27.36,27.18,27.19,26.4349,3905000
"2025-12-26",27.25,27.34,27.08,27.19,26.4349,5094000
"2025-12-29",27.3,27.52,27.22,27.38,26.6197,7968700
"2025-12-30",27.49,27.65,27.42,27.58,26.8141,8074100
"2025-12-31",27.54,27.58,27.36,27.49,26.7266,9434300
"2026-01-02",27.49,27.9,27.19,27.71,26.9405,10257300
"2026-01-05",27.96,27.96,27.13,27.9,27.1252,17778500
"2026-01-06",28,28,26.59,26.82,26.0752,19691800
"2026-01-07",26.89,27.17,26.83,27,26.2502,11123800
"2026-01-08",27,27.47,27,27.27,26.5127,12654900
"2026-01-09",27.4,27.49,26.93,27.12,26.3669,13382600
"2026-01-12",27.14,27.25,26.7,26.92,26.1724,13562600
"2026-01-13",27.11,27.51,27.07,27.38,26.6197,11440600
"2026-01-14",27.31,27.8,27.31,27.53,26.7655,13634500
"2026-01-15",27.49,27.72,27.32,27.41,26.6488,11802100
"2026-01-16",27.54,27.98,27.39,27.96,27.1836,14289600
"2026-01-20",28.14,28.34,27.74,27.96,27.1836,17090000
"2026-01-21",28.33,28.66,28.24,28.58,27.7863,17547800
"2026-01-22",29.13,30.18,28.93,29.69,28.8655,29210800
"2026-01-23",29.98,30,29.48,29.57,28.7488,17249000
"2026-01-26",29.8,29.84,28.99,29.34,28.5252,15781500
"2026-01-27",29.23,29.61,29.16,29.59,28.7683,14938700
"2026-01-28",29.74,30.31,29.57,30.07,29.235,17467300
"2026-01-29",30.5,30.57,30.01,30.24,29.4002,18864600
"2026-01-30",30.36,30.55,29.9,30.49,29.6433,18926700
"2026-02-02",29.88,29.9,29.45,29.61,29.0671,15785600
"2026-02-03",29.73,30.39,29.66,30.32,29.764,17139000
"2026-02-04",30.4,30.56,29.54,30.06,29.5088,18763700
"2026-02-05",29.96,30.39,29.7,30.33,29.7739,11523200
"2026-02-06",30.41,30.59,30.24,30.5,29.9407,11765900
"2026-02-09",30.48,31.12,30.46,30.99,30.4218,11713100
"2026-02-10",31.22,31.54,30.9,31.01,30.4414,12322200
"2026-02-11",31.48,31.67,31.21,31.45,30.8733,13391000
"2026-02-12",31.51,31.99,31.42,31.69,31.1089,15378200
"2026-02-13",31.71,32.34,31.67,32.32,31.7274,14026700
"2026-02-17",32.33,32.58,31.81,32.13,31.5409,12213900
"2026-02-18",32.5,32.56,32.14,32.29,31.6979,11952700
"2026-02-19",32.5,32.77,32.38,32.54,31.9433,14436600
"2026-02-20",32.6,32.77,32.17,32.73,32.1299,15816400
"2026-02-23",32.74,33.24,32.63,32.7,32.1004,10040900
"2026-02-24",32.63,32.72,32.14,32.69,32.0906,11971400
"2026-02-25",32.67,32.8,32.21,32.77,32.1691,9971900
"2026-02-26",32.7,33.24,32.57,33.06,32.4538,12412300
"2026-02-27",33.13,33.35,32.95,33.27,32.66,16322300
"2026-03-02",33.75,34.13,33.07,33.89,33.2686,15539700
"2026-03-03",34,34.24,33.5,33.96,33.3373,15675600
"2026-03-04",33.74,34.01,33.47,33.92,33.298,11345600
"2026-03-05",33.89,34.08,33.28,33.39,32.7778,16913400
"2026-03-06",33.55,33.67,33.24,33.58,32.9643,12941600
"2026-03-09",33.66,33.66,33.15,33.3,32.6894,12552800
"2026-03-10",33.2,33.39,32.93,32.96,32.3556,13108500
"2026-03-11",32.83,33.3,32.67,33.08,32.4734,12546900
"2026-03-12",33.38,33.91,33.03,33.36,32.7483,14180700
"2026-03-13",33.55,33.56,33.24,33.39,32.7778,10512200
"2026-03-16",33.4,33.45,33.06,33.31,32.6992,10930800
"2026-03-17",33.52,33.88,33.23,33.27,32.66,11722600
"2026-03-18",33.24,33.27,32.61,32.61,32.0121,13858800
"2026-03-19",32.79,33.72,32.5,33.44,32.8268,14364300
"2026-03-20",33.49,33.73,32.83,32.84,32.2378,26372000
"2026-03-23",32.81,33.82,32.44,33.71,33.0919,22314900
"2026-03-24",33.62,34.23,33.61,33.93,33.3078,13247400
"2026-03-25",33.76,34.26,33.67,33.98,33.3569,15095400
"2026-03-26",33.94,34.4,33.77,34.07,33.4453,11080000
"2026-03-27",34,34.73,33.83,34.03,33.406,18007000
"2026-03-30",34.28,34.36,33.52,33.65,33.033,10328000
"2026-03-31",33.81,33.89,33.03,33.53,32.9152,18488800
"2026-04-01",33.15,33.31,32.52,32.88,32.2771,15741700
"2026-04-02",33.5,33.5,32.83,32.97,32.3655,9473600
"2026-04-06",32.88,33.22,32.81,33.19,32.5814,8052900
"2026-04-07",33.22,33.8,33.22,33.3,32.6894,9359300
"2026-04-08",32.12,33.06,32.03,32.96,32.3556,15180800
"2026-04-09",32.87,33.77,32.76,32.97,32.3655,11465900
"2026-04-10",32.8,32.94,32.46,32.68,32.0808,10813200
"2026-04-13",32.79,32.85,31.72,32.07,31.482,10601600
"2026-04-14",31.91,32,31.36,31.65,31.0697,15796400
"2026-04-15",31.45,31.85,31.4,31.7,31.1187,11561200
"2026-04-16",31.66,32.07,31.57,31.79,31.2071,11962400
"2026-04-17",31.15,32.09,30.92,32.02,31.4329,14356000
"2026-04-20",31.75,32.42,31.71,31.94,31.3543,10838400
"2026-04-21",31.95,32.18,31.15,31.57,30.9911,9964700
"2026-04-22",31.84,32.02,31.73,31.81,31.2267,13776900
"2026-04-23",32.27,32.4,31.07,31.73,31.1482,19406000
"2026-04-24",31.73,31.84,31.17,31.74,31.158,11311500
"2026-04-27",31.68,31.98,30.73,30.95,30.3825,14889400
"2026-04-28",31.35,31.87,31.28,31.79,31.2071,11603900
"2026-04-29",31.85,31.95,31.59,31.84,31.2562,10096000
"2026-04-30",31.79,32.9,31.66,32.87,32.2673,14938700
"2026-05-01",32.82,32.92,32.38,32.53,31.9335,10091400
"2026-05-04",32.36,32.52,32.14,32.47,32.1693,13543900
"2026-05-05",32.44,32.57,32.09,32.29,31.991,9289400
"2026-05-06",32.01,32.13,31.33,31.58,31.2876,12802200
"2026-05-07",31.13,31.55,30.88,31.52,31.2281,12182100
"2026-05-08",31.54,31.79,31.23,31.41,31.1191,8886400
"2026-05-11",31.66,32.35,31.51,32.25,31.9514,9001400
"2026-05-12",32.54,32.7,32.22,32.45,32.1495,9276500
"2026-05-13",32.51,32.87,32.18,32.81,32.5062,8680000
"2026-05-14",32.84,33.48,32.79,33.4,33.0907,9252700
"2026-05-15",33.51,33.82,33.28,33.63,33.3186,11542200
"2026-05-18",33.69,33.83,33.34,33.78,33.4672,8033900
"2026-05-19",33.91,34.81,33.56,34.31,33.9923,15848100
"2026-05-20",34.31,34.64,33.57,33.59,33.2789,8681300
"2026-05-21",33.68,33.83,33.38,33.5,33.1898,10482900
"2026-05-22",33.52,33.89,33.35,33.79,33.4771,6676500
"2026-05-26",33.63,33.69,32.85,32.87,32.5656,8509300
"2026-05-27",32.58,32.69,32.12,32.22,31.9216,8857200
"2026-05-28",32.4,32.44,31.86,31.91,31.6145,7505700
"2026-05-29",31.76,31.79,31.06,31.08,30.7922,20880100
"2026-06-01",31.06,31.35,30.82,30.85,30.5643,7738100
"2026-06-02",30.85,31.51,30.84,31.44,31.1489,6298300
"2026-06-03",31.5,31.93,31.34,31.37,31.0795,8996900
"2026-06-04",31.52,31.76,31.37,31.7,31.4064,7273600
"2026-06-05",31.66,31.93,31.55,31.68,31.3866,6904300
"2026-06-08",31.57,31.83,31.25,31.29,31.0002,9407100
"2026-06-09",31.35,31.65,31.03,31.34,31.0498,10396000
"2026-06-10",31.54,32.02,31.43,31.84,31.5451,6742600
"2026-06-11",32.15,32.15,31.34,31.36,31.0696,6976400
"2026-06-12",31.36,32.24,31.25,31.94,31.6442,8396900
"2026-06-15",31.1,31.72,31,31.46,31.1687,13116300
"2026-06-16",31.26,31.7,31.14,31.44,31.1489,10212000
"2026-06-17",31.35,31.55,31.12,31.33,31.0399,10481000
"2026-06-18",31.09,31.67,30.89,31.59,31.2975,18944300
"2026-06-22",31.58,32.3,31.57,32.25,31.9514,9174900
"2026-06-23",32.11,32.57,31.62,32.54,32.2387,11621300
"2026-06-24",32.5,32.67,32.16,32.59,32.2882,7952100
"2026-06-25",32.43,33.27,32.33,33.01,32.7043,9846000
"2026-06-26",33.16,33.34,32.98,33.19,32.8826,15126700
"2026-06-29",33.13,33.3,32.19,32.27,31.9712,13111400
"2026-06-30",32.44,32.68,31.92,31.97,31.6739,20576400
"2026-07-01",31.85,32.03,31.51,31.72,31.4263,8380400
"2026-07-02",32.01,32.12,31.63,32.06,31.7631,9482900
"2026-07-06",32.02,32.29,31.65,31.69,31.3965,7181000
"2026-07-07",31.99,32.7,31.94,32.49,32.1891,6858300
"2026-07-08",32.55,32.77,32.21,32.48,32.1792,7284500
"2026-07-09",32.43,32.79,32.35,32.4,32.1,7008700
"2026-07-10",32.37,32.49,31.77,32.12,31.8226,5991200
"2026-07-13",32.5,32.54,31.86,32.24,31.9414,7533700
"2026-07-14",32.21,32.6,32.17,32.54,32.2387,7359400
"2026-07-15",32.5,32.65,32.06,32.2,31.9018,8509700
"2026-07-16",32.25,32.78,32.11,32.54,32.2387,6410000
"2026-07-17",32.92,32.97,32.13,32.3,32.0009,8516600
"2026-07-20",32.5,33.07,32.25,32.58,32.2783,8654500
"2026-07-21",32.92,32.92,32.05,32.38,32.0802,9633500
"2026-07-22",32.69,32.74,32.3,32.49,32.1891,9855400
"2026-07-23",33,33.26,32.02,32.77,32.4665,20251500
"2026-07-24",32.92,33.26,32.6,32.86,32.5557,9358800
"2026-07-27",32.27,32.37,31.67,31.75,31.456,13868800
"2026-07-28",31.95,32.2,31.55,31.61,31.3173,13190700
"2026-07-29",32.1,32.28,31.63,31.85,31.5551,10375100
"2026-07-30",31.67,31.95,31.25,31.66,31.3668,12699800
"2026-07-31",31.55,32.28,31.55,32.18,31.882,9837100
"2026-08-03",31.64,31.73,31.27,31.4,31.4,9056000
"2026-08-04",30.99,31.61,30.68,31.38,31.38,12125600
"2026-08-05",31.32,31.49,30.91,31.12,31.12,8290600
"2026-08-06",31.5,31.64,31.06,31.28,31.28,8097600
"2026-08-07",31.06,31.21,30.77,30.85,30.85,8187400
"2026-08-10",31.08,31.41,30.94,31.39,31.39,6653500
"2026-08-11",31.44,31.69,31.32,31.48,31.48,7111400
"2026-08-12",31.37,31.81,31.36,31.73,31.73,7046200
"2026-08-13",31.64,32.39,31.58,32.08,32.08,16354300
"2026-08-14",32.23,32.84,32.13,32.82,32.82,8663100
"2026-08-17",32.83,32.98,32.29,32.33,32.33,9506000
"2026-08-18",32.75,33.06,32.6,32.87,32.87,11671200
"2026-08-19",33,33.06,31.77,32.08,32.08,11129800
"2026-08-20",32.16,32.29,31.13,31.61,31.61,13721600
"2026-08-21",31.74,31.86,30.84,30.98,30.98,11726400
"2026-08-24",30.86,31.14,30.51,31,31,13128100
"2026-08-25",30.71,31.36,30.62,30.94,30.94,12119000
"2026-08-26",30.88,32.26,30.8,32.02,32.02,15311800
"2026-08-27",32,32.01,31.18,31.54,31.54,8202700
"2026-08-28",31.67,31.73,31.42,31.56,31.56,5500700
"2026-08-31",31.8,32.39,31.64,32.24,32.24,17125600
"2026-09-01",32.51,32.7,31.89,32.1,32.1,9053800
"2026-09-02",32.04,32.14,31.54,31.97,31.97,8114000
"2026-09-03",32.02,32.09,31.58,31.6,31.6,8549800
"2026-09-04",31.44,31.58,31.07,31.4,31.4,7728100
"2026-09-08",31.44,32.12,31.1,31.98,31.98,17839400
"2026-09-09",32.21,32.33,31.28,31.41,31.41,12423300
"2026-09-10",31.7,31.74,30.95,30.95,30.95,10869200
"2026-09-11",31.06,31.25,30.72,30.86,30.86,11784700
"2026-09-14",31.07,31.39,30.63,30.96,30.96,14581600
"2026-09-15",31.1,31.18,30.6,30.77,30.77,12851800
"2026-09-16",30.68,31.16,30.41,30.73,30.73,13092500
"2026-09-17",30.76,31.43,30.66,31.31,31.31,15105300
"2026-09-18",31.2,32.19,31.16,31.84,31.84,35877700
"2026-09-21",31.63,31.92,31.55,31.72,31.72,12230100
"2026-09-22",31.65,31.9,31.13,31.27,31.27,12959700
"2026-09-23",31.36,31.82,31.2,31.37,31.37,11043900
"2026-09-24",31.58,31.58,31.13,31.25,31.25,7684900
"2026-09-25",31.011,31.27,30.795,30.815,30.815,2406628
