date,open,high,low,close,adjclose,volume
"2016-09-26",156.4,157.57,155.95,156.97,139.5635,369500
"2016-09-27",157.06,158.22,156.61,157.7,140.2125,278800
"2016-09-28",157.7,157.87,156.15,157.54,140.4532,187200
"2016-09-29",157.56,157.81,155.28,156.08,139.1516,330500
"2016-09-30",156.9,157.82,155.76,157.03,139.9986,347300
"2016-10-03",157.28,158.48,155.98,158.15,140.997,459900
"2016-10-04",158.31,159.43,157.72,159.17,141.9064,323400
"2016-10-05",159.64,160.95,159.02,159.25,141.9778,267700
"2016-10-06",158.95,162.96,158.22,162.39,144.7773,404800
"2016-10-07",162.28,162.55,160.02,161.45,143.9391,351200
"2016-10-10",161.45,163.56,161.45,162.98,145.3032,321200
"2016-10-11",163.13,163.13,158.43,159.7,142.379,391000
"2016-10-12",159.52,160.75,158.75,159.13,141.8708,541900
"2016-10-13",158.46,159.77,157.76,159.07,141.8173,263000
"2016-10-14",160.17,162.29,157.34,157.62,140.5245,579100
"2016-10-17",158.31,158.32,151,155.22,138.3849,1352100
"2016-10-18",152.87,155.1,151.16,151.71,135.2556,732300
"2016-10-19",151.68,152,149.38,149.5,133.2852,1002600
"2016-10-20",149.5,149.92,147.86,148.91,132.7593,564500
"2016-10-21",147.76,150.21,146.69,150.05,133.7756,365200
"2016-10-24",151.77,151.77,149.69,149.73,133.4903,213400
"2016-10-25",149.09,149.09,145.24,145.34,129.5765,511800
"2016-10-26",145.31,147.12,145.01,145.62,129.8261,513900
"2016-10-27",145.94,146.06,143.88,145.01,129.2823,326700
"2016-10-28",145.11,147.87,145.04,146.42,130.5393,352100
"2016-10-31",146.87,146.91,145.25,145.89,130.0668,329200
"2016-11-01",145.68,146.41,144.25,144.32,128.667,380300
"2016-11-02",144.03,145.4,141.5,141.53,126.1797,427400
"2016-11-03",141.7,142.88,140.97,142.57,127.1069,364600
"2016-11-04",142.87,147.09,142.1,144.62,128.9346,438300
"2016-11-07",146.98,146.98,144.04,145.09,129.3536,299100
"2016-11-08",144.73,147.55,144.73,147.26,131.2882,435900
"2016-11-09",145.34,148.67,143.65,146.47,130.5839,658300
"2016-11-10",147.14,147.93,142.76,144.76,129.0594,1024100
"2016-11-11",144.75,147.21,144.15,146.86,130.9316,432100
"2016-11-14",147.28,149.05,145.32,149.05,132.884,480400
"2016-11-15",148.76,151.62,148.76,151.14,134.7474,430400
"2016-11-16",151.04,151.77,150.24,150.74,134.3908,226700
"2016-11-17",151.27,154.43,150.48,153.96,137.2615,361700
"2016-11-18",153.79,154.87,152.14,152.2,135.6924,232100
"2016-11-21",152.82,153.54,151.15,153.13,136.5216,252100
"2016-11-22",153.11,154.14,152.53,153.87,137.1813,236600
"2016-11-23",153.65,153.77,151.99,152.98,136.3878,350000
"2016-11-25",152.84,154.08,152.84,153.49,136.8425,133000
"2016-11-28",153.15,153.15,150.55,150.69,134.3462,225600
"2016-11-29",150.58,152.03,149.89,151.3,134.89,437800
"2016-11-30",151.64,155.39,148.24,148.67,132.5453,302500
"2016-12-01",148.47,149.08,146.25,147.81,131.7785,497700
"2016-12-02",147.62,149.31,146.9,148.28,132.1976,373300
"2016-12-05",149.09,150.43,148.01,149.41,133.205,352300
"2016-12-06",150.34,153.44,149.28,153.12,136.5126,592900
"2016-12-07",153.58,157.01,152.11,156.88,139.8649,424300
"2016-12-08",156.24,157.66,156.24,157.05,140.0164,265000
"2016-12-09",156.72,157.85,156.03,157.36,140.2928,186300
"2016-12-12",157.33,157.55,155.63,156.28,139.3299,214500
"2016-12-13",156.43,158.01,155.44,157.75,140.6405,385200
"2016-12-14",155.98,164.57,155.98,160.17,142.798,637300
"2016-12-15",159.89,161.26,157.01,157.3,140.2393,361100
"2016-12-16",157.19,158.4,157.07,157.19,140.1412,598600
"2016-12-19",156.99,157.84,155.8,156.92,139.9005,293400
"2016-12-20",155.05,157.75,152.82,157.47,140.3908,295600
"2016-12-21",157.48,159.22,157.3,158.68,141.4696,173700
"2016-12-22",158.95,159.09,156.04,156.12,139.1873,202500
"2016-12-23",156.33,157.04,155.43,156.28,139.3299,159100
"2016-12-27",156.68,158.13,156.68,157.5,140.4176,143200
"2016-12-28",157.16,157.34,154.62,154.94,138.5134,110600
"2016-12-29",154.95,156.43,154.25,155.39,138.9157,154200
"2016-12-30",156.09,156.35,152.66,153.17,136.9311,266800
"2017-01-03",154.45,154.45,150.45,153.67,137.3781,372900
"2017-01-04",154.07,156.86,154.07,154.98,138.5492,227000
"2017-01-05",154.81,154.87,151.74,153.23,136.9848,255100
"2017-01-06",153.2,153.41,151.38,151.91,135.8046,257200
"2017-01-09",151.85,152.52,150.06,150.5,134.5441,296100
"2017-01-10",150.08,151.6,149.82,150.25,134.3206,307400
"2017-01-11",150.18,151.39,149.38,151.32,135.2772,271100
"2017-01-12",151.44,151.44,147.54,148.51,132.7651,415300
"2017-01-13",149.24,150.36,147.68,149.38,133.5429,462500
"2017-01-17",149.01,151.61,147.98,151.03,135.0179,311400
"2017-01-18",151.31,151.89,150.2,151.41,135.3577,255100
"2017-01-19",151.04,152.41,150.29,151.34,135.2951,257200
"2017-01-20",151.35,151.91,150.57,151.78,135.6884,264700
"2017-01-23",150.47,151.69,150.32,151.08,135.0626,209400
"2017-01-24",151.92,157.12,151.55,156.12,139.5683,433700
"2017-01-25",156.44,158.41,156.44,158,141.249,269700
"2017-01-26",157.13,158.11,155.91,155.98,139.4431,266300
"2017-01-27",155.9,157.88,155.13,156.77,140.1494,354000
"2017-01-30",155.52,157.32,153.2,156.58,139.9795,355100
"2017-01-31",155.75,157.53,153.57,156.81,140.1852,360000
"2017-02-01",157.78,158.55,155.62,157.19,140.5249,263500
"2017-02-02",157,157.31,155,155.41,138.9336,264200
"2017-02-03",156.36,157.73,156.07,157.25,140.5785,342700
"2017-02-06",156.92,158.53,156.58,157.34,140.659,567100
"2017-02-07",162.01,162.23,155.81,160.3,143.3052,585300
"2017-02-08",160.75,163.58,160.75,163.33,146.0139,452900
"2017-02-09",163.33,164.49,162.88,163.95,146.5682,235900
"2017-02-10",164.3,164.93,161.19,163.24,145.9335,295300
"2017-02-13",164.16,164.22,161.02,161.11,144.0293,306400
"2017-02-14",160.49,160.53,159.36,160.16,143.18,249900
"2017-02-15",160.03,160.03,157.37,159.32,142.429,424500
"2017-02-16",159.88,170.8,159.57,167.71,149.9296,1793200
"2017-02-17",162.12,163.89,160.34,162.53,145.2987,731700
"2017-02-21",163.32,165.31,162.76,165.09,147.5873,329200
"2017-02-22",164.09,165.96,163.26,164.03,146.6396,181600
"2017-02-23",164.5,165.43,162.76,164.53,147.0867,314600
"2017-02-24",163.82,166.03,163.44,165.94,148.3472,250900
"2017-02-27",165.68,168.85,165.68,167.23,149.5004,290900
"2017-02-28",166.49,167.4,164.5,164.62,147.1671,613600
"2017-03-01",166.27,168.86,166.26,167.49,149.7329,512700
"2017-03-02",167.16,168.15,166.44,167.33,149.5898,277500
"2017-03-03",167.64,169.15,166.91,167.61,149.8402,257600
"2017-03-06",166.92,166.92,165.58,166.52,148.8657,254100
"2017-03-07",166.32,167.09,165.63,165.75,148.1774,205300
"2017-03-08",165.38,167.13,165.26,165.5,147.9539,177100
"2017-03-09",165.49,167.59,165.41,166.54,148.8836,220300
"2017-03-10",166.89,168.54,166.31,167.3,149.563,238100
"2017-03-13",167.63,168.8,166.58,168.4,150.5464,278800
"2017-03-14",168.07,169.47,167.11,168.42,150.5643,241700
"2017-03-15",169,172.07,167.85,171.66,153.4608,234600
"2017-03-16",167.69,172.61,167.69,172.11,153.8631,260700
"2017-03-17",172.01,172.43,170.82,172.03,153.7916,400600
"2017-03-20",172.18,172.96,170.75,171.65,153.4518,145400
"2017-03-21",172.2,172.79,168.61,168.65,150.7699,404900
"2017-03-22",168.77,170.78,167.95,169.94,151.9231,173200
"2017-03-23",169.98,171.95,169.98,170.6,152.5132,145500
"2017-03-24",170.63,171.96,169.22,169.64,151.6549,183200
"2017-03-27",167.93,170.98,167.67,169.99,151.9678,405800
"2017-03-28",169.55,170.69,168.65,169.6,151.6192,234000
"2017-03-29",168.75,168.86,167.37,168.69,151.1889,189900
"2017-03-30",168.6,169.01,167.33,168.23,150.7767,273100
"2017-03-31",168.32,168.77,167.21,167.3,149.9432,296100
"2017-04-03",168,169.07,165.57,166.36,149.1007,297600
"2017-04-04",166.26,167.09,165.4,165.87,148.6615,197000
"2017-04-05",166.49,167.15,164.05,164.49,147.4247,240000
"2017-04-06",164.72,166.74,164.52,165.25,148.1059,223000
"2017-04-07",164.66,166.66,164,164.61,147.5322,294600
"2017-04-10",164.62,167.15,164.62,166.34,149.0828,251300
"2017-04-11",166.56,167.99,165.15,167.9,150.4809,219500
"2017-04-12",167.19,167.65,164.85,165.47,148.303,210900
"2017-04-13",165.48,166.78,164.73,165.23,148.088,324300
"2017-04-17",166.15,167.45,165.78,167.32,149.9611,225900
"2017-04-18",166.76,167.4,165.84,167.11,149.7729,159100
"2017-04-19",167.51,169.49,166.95,167.79,150.3824,249500
"2017-04-20",168.85,169.93,167.89,169.31,151.7446,221800
"2017-04-21",169.18,172.74,166.89,172.43,154.541,330800
"2017-04-24",169.47,169.47,161.11,168.32,150.8573,1254200
"2017-04-25",168.33,170,167.03,168.87,151.3503,593300
"2017-04-26",169.59,169.84,166.13,167.47,150.0955,498000
"2017-04-27",166.99,168.61,166.08,168.27,150.8126,332000
"2017-04-28",168.19,169.12,165.27,165.39,148.2313,468000
"2017-05-01",166.31,168.71,164.66,166.48,149.2083,318600
"2017-05-02",166.94,166.94,164.73,165.46,148.2941,283300
"2017-05-03",164.61,166.94,164.61,166.7,149.4054,232500
"2017-05-04",167.53,167.95,165.91,167.86,150.4451,263800
"2017-05-05",167.93,168.78,167.04,167.85,150.4361,249300
"2017-05-08",167.68,167.94,166.46,167.01,149.6832,170500
"2017-05-09",167.19,168.66,166.45,166.95,149.6295,300300
"2017-05-10",166.88,168.32,165.93,168.23,150.7767,307100
"2017-05-11",167.75,168.01,165.13,167.59,150.203,205400
"2017-05-12",167.49,167.49,165.85,166.18,148.9394,176400
"2017-05-15",166.16,168.87,166.16,167.88,150.463,314200
"2017-05-16",168.67,172.95,168.55,172.02,154.1735,609500
"2017-05-17",172.02,172.02,170.01,171.31,153.5371,476500
"2017-05-18",170.68,173.4,169.4,171.7,153.8867,382800
"2017-05-19",172.6,176.47,172.28,175.49,157.2835,410600
"2017-05-22",176.68,176.81,175.36,175.69,157.4627,217200
"2017-05-23",175.99,177.41,175,175.38,157.1849,267700
"2017-05-24",175.62,177.01,175.02,175.57,157.3552,258100
"2017-05-25",175.88,177.06,175.03,176.15,157.875,344400
"2017-05-26",175.47,176.08,173.78,175.09,156.925,272100
"2017-05-30",174.39,175.91,173.71,175.57,157.3552,264200
"2017-05-31",176.29,177.65,175.18,177.1,158.7265,1472400
"2017-06-01",177.69,178.58,176.12,177.81,159.3629,337800
"2017-06-02",178.75,179.59,177.73,178.87,160.3128,230100
"2017-06-05",178.61,180.43,177.88,179.09,160.51,228100
"2017-06-06",178.81,179.51,177.24,177.71,159.2732,369500
"2017-06-07",177.4,180.08,177.14,178.75,160.2053,346800
"2017-06-08",178.49,179.82,177.06,178.42,159.9095,279300
"2017-06-09",178.91,180.09,178.02,178.66,160.1246,213700
"2017-06-12",178.07,182.21,177.73,181.49,162.6611,407200
"2017-06-13",181.57,185.37,180.8,184.55,165.4035,379000
"2017-06-14",184.58,187.59,184.58,186.4,167.0616,326600
"2017-06-15",185.3,188.44,185.26,187.72,168.2447,348800
"2017-06-16",187.84,188.75,186.58,188.61,169.0423,386800
"2017-06-19",189.86,191.79,188.27,191.05,171.2292,342000
"2017-06-20",190.28,191.6,190.22,191.25,171.4085,358200
"2017-06-21",191.14,192.58,190.08,191.87,171.9641,403100
"2017-06-22",191.06,191.5,188.6,188.69,169.114,332100
"2017-06-23",188.67,189.37,186.79,187.61,168.1461,629100
"2017-06-26",188.7,188.74,186.25,186.56,167.205,292500
"2017-06-27",185.67,187.21,184.12,184.26,165.1436,304200
"2017-06-28",184.6,185.05,183.39,184.5,165.8177,428700
"2017-06-29",185.07,185.07,181.25,183.44,164.865,282500
"2017-06-30",183.52,184.97,183.32,183.64,165.0448,478400
"2017-07-03",184.5,186.64,183.66,183.87,165.2515,250000
"2017-07-05",184.2,186.76,184.2,185.82,167.004,293800
"2017-07-06",185.3,187.49,183.52,183.91,165.2874,336400
"2017-07-07",184.16,186.53,184.16,186.22,167.3635,253800
"2017-07-10",186.77,187.29,184.38,184.7,165.9974,363200
"2017-07-11",184.36,185.45,180.94,182.94,164.4156,389400
"2017-07-12",183.73,185.69,183.28,183.81,165.1976,218000
"2017-07-13",184.18,185.12,183.09,183.91,165.2874,187700
"2017-07-14",184.04,184.97,183,183.78,165.1706,174500
"2017-07-17",183.98,184.88,183.4,184.32,165.6559,185400
"2017-07-18",184.05,184.24,182.61,183.92,165.2964,255300
"2017-07-19",184.53,185.12,183.88,184.43,165.7548,253900
"2017-07-20",184.93,185.07,182.49,182.57,164.0831,210500
"2017-07-21",182.17,182.75,181.47,182.41,163.9393,425500
"2017-07-24",178.43,181.16,175.59,176.34,158.484,574900
"2017-07-25",177.4,177.45,171.33,171.96,154.5475,907600
"2017-07-26",171.95,173.12,169.31,169.92,152.714,544700
"2017-07-27",169.91,172.61,169.68,172.09,154.6643,453300
"2017-07-28",171.96,172.34,169.92,171.02,153.7027,370700
"2017-07-31",171.57,172.52,170.83,171,153.6847,278900
"2017-08-01",171.78,172.12,170.13,171.09,153.7655,345800
"2017-08-02",171.01,172.17,170.11,171.95,154.5385,385800
"2017-08-03",171.96,172.64,171.13,172.4,154.9429,321400
"2017-08-04",172.68,173.94,171.76,172.28,154.8351,287900
"2017-08-07",172.29,173.53,171.5,173.37,155.8147,311100
"2017-08-08",173.28,174.4,172.29,172.4,154.9429,223300
"2017-08-09",171.83,172.48,170.91,171.5,154.1341,253500
"2017-08-10",170.67,172.58,167.18,167.53,150.566,292200
"2017-08-11",167.95,170.35,167.24,167.37,150.4222,271600
"2017-08-14",168.28,169.09,167.85,168.54,151.4738,178400
"2017-08-15",168.54,169.32,166.38,167.92,150.9166,217000
"2017-08-16",168.06,168.51,167.2,167.48,150.5211,238900
"2017-08-17",166.89,168.5,164.92,165.11,148.3911,273300
"2017-08-18",164.23,165.73,163.93,164.02,147.4115,247900
"2017-08-21",163.95,165.08,163.56,164.37,147.7261,186300
"2017-08-22",164.88,166.23,163.7,165.85,149.0562,184900
"2017-08-23",165.28,165.97,162.67,163.52,146.9621,372400
"2017-08-24",163.17,163.52,160.18,160.6,144.3378,342700
"2017-08-25",161.19,162.71,160.38,161.85,145.4612,275200
"2017-08-28",162.52,162.72,161.4,162.19,145.7668,229100
"2017-08-29",161.52,161.91,160.6,161.24,144.913,391900
"2017-08-30",161.37,163.38,160.47,162.94,146.4409,445700
"2017-08-31",163.46,165.99,163.26,165.73,148.9483,666700
"2017-09-01",166.45,167.14,165.63,165.96,149.1551,333600
"2017-09-05",165.34,166.38,164.9,166.14,149.3168,376700
"2017-09-06",166.97,167.45,160.63,163.25,146.7195,692700
"2017-09-07",163.89,163.89,161.1,163.19,146.6655,430100
"2017-09-08",163.17,170.44,162.93,168.87,151.7703,638500
"2017-09-11",169.79,169.79,167.07,168.6,151.5277,290800
"2017-09-12",168.91,172.14,168.75,171.84,154.4396,328100
"2017-09-13",171.6,171.6,167.1,167.48,150.5211,628700
"2017-09-14",167.17,167.85,165.96,167.02,150.1077,295900
"2017-09-15",166.91,168.51,166.07,167.53,150.566,514900
"2017-09-18",167.92,169.1,166.98,167.24,150.3054,375500
"2017-09-19",167.41,167.56,164.72,165.83,149.0382,405200
"2017-09-20",166.28,170.58,166.08,170.37,153.1185,442900
"2017-09-21",170.34,171.91,169.54,171.68,154.2958,298100
"2017-09-22",171.7,173.37,171.27,172.97,155.4552,400300
"2017-09-25",172.09,172.86,169.52,170.55,153.2803,415400
"2017-09-26",170.71,174.59,170.55,173.68,156.0933,464000
"2017-09-27",173.87,175.2,170.46,173.33,155.7787,378900
"2017-09-28",172.77,176.46,172.23,175.92,158.5731,460600
"2017-09-29",175.8,179.96,175.45,178.97,161.3223,699900
"2017-10-02",178.62,181.66,178.35,179.02,161.3674,522400
"2017-10-03",179.24,180.51,177.68,180.12,162.3589,379100
"2017-10-04",180.24,182.02,179.74,181.39,163.5037,264000
"2017-10-05",181.98,183.16,180.44,181.53,163.6299,329900
"2017-10-06",181.29,185.23,180.91,184.32,166.1448,422500
"2017-10-09",184.18,184.97,183.42,184.11,165.9555,213300
"2017-10-10",184.67,184.67,181.15,181.5,163.6028,369000
"2017-10-11",181.95,181.95,178.59,180.29,162.5122,471800
"2017-10-12",180.02,181.76,178.64,181.08,163.2243,457500
"2017-10-13",181.81,182.68,180.56,181.21,163.3415,236700
"2017-10-16",180.73,181.5,180.18,181.09,163.2333,202100
"2017-10-17",181.2,181.7,179.18,180.19,162.422,360200
"2017-10-18",180.63,182.56,180.63,181.82,163.8913,206500
"2017-10-19",181.42,181.42,178.2,179.39,161.7009,448300
"2017-10-20",180.34,181.18,178.12,180.3,162.5212,806800
"2017-10-23",185.71,196.5,183.8,193.43,174.3564,1053200
"2017-10-24",195.71,201.4,194,196.57,177.1869,792800
"2017-10-25",196.01,196.33,190.36,193.22,174.1671,757700
"2017-10-26",193.39,196.26,193.16,195.55,176.2674,339900
"2017-10-27",194.92,195.89,192.4,193.34,174.2753,293600
"2017-10-30",193.38,193.69,190.55,191.14,172.2923,229500
"2017-10-31",192.02,193.86,190.95,191.13,172.2832,290900
"2017-11-01",192.36,192.36,189.22,189.87,171.1475,276200
"2017-11-02",189.23,190.33,187.01,189.83,171.1115,277600
"2017-11-03",189.65,192.11,188.51,190.17,171.4179,328800
"2017-11-06",189.77,192.07,189.55,191.28,172.4185,225600
"2017-11-07",191.89,191.89,189.64,191.65,172.752,197000
"2017-11-08",191.65,193.77,191.1,193.2,174.1491,245300
"2017-11-09",191.63,192.5,187.71,188.9,170.2732,230100
"2017-11-10",188.16,189.55,187.34,188.79,170.174,212500
"2017-11-13",188.26,189.69,187.35,189.23,170.5706,235800
"2017-11-14",188.43,190.56,187.38,190.34,171.5712,201100
"2017-11-15",190,191.93,188.72,191.32,172.4546,316900
"2017-11-16",191.58,196.59,191.58,195,175.7716,369100
"2017-11-17",194.71,195.67,193.54,194.25,175.0956,286100
"2017-11-20",194.49,196.54,194,194.8,175.5914,157900
"2017-11-21",196.07,197.21,194.77,196.98,177.5564,201400
"2017-11-22",197.04,197.43,195.67,196.15,176.8082,183400
"2017-11-24",197,198.3,195.76,196.4,177.0336,85400
"2017-11-27",196.22,197.91,195.54,196.3,176.9435,135500
"2017-11-28",196.55,201.47,196.55,201.14,181.3062,327000
"2017-11-29",200.46,205.2,200.12,203.83,183.731,334700
"2017-11-30",204.47,210.88,204.47,209.74,189.0582,436800
"2017-12-01",209.47,210.52,204.22,208.4,187.8503,374600
"2017-12-04",210.44,213.78,208.86,209.03,188.4182,480200
"2017-12-05",208.88,209.82,205.49,206.6,186.2278,411100
"2017-12-06",205.62,206.66,205.02,205.51,185.2453,224200
"2017-12-07",205.24,206.06,204.18,204.55,184.38,378800
"2017-12-08",205.67,206.89,204.17,206.66,186.2819,317000
"2017-12-11",206.34,208.12,203.95,206.5,186.1377,262800
"2017-12-12",206.28,207.82,205.36,206.68,186.2999,222100
"2017-12-13",203.77,209.12,201.95,206.39,186.0385,349700
"2017-12-14",206.16,206.39,204.05,204.15,184.0194,297600
"2017-12-15",203.03,207.68,203.03,204.67,184.4881,477900
"2017-12-18",206.2,207.11,204.42,206.97,186.5613,211300
"2017-12-19",207.08,208.59,205.39,205.97,185.6599,228700
"2017-12-20",206.82,208.82,204.9,207.47,187.012,137300
"2017-12-21",207.57,208.25,207.05,207.45,186.994,128700
"2017-12-22",207.52,207.78,205.4,205.65,185.3714,238000
"2017-12-26",205.99,208.05,205.69,207.6,187.1292,159300
"2017-12-27",208,209.7,207.2,208.55,187.9855,148500
"2017-12-28",208.59,210.83,207.39,210.66,190.353,254600
"2017-12-29",211,211.31,208.13,208.26,188.1843,257300
"2018-01-02",209.51,209.99,205.88,207.13,187.1633,253200
"2018-01-03",207.27,211.4,207.27,210.98,190.6421,201900
"2018-01-04",211.8,211.8,209.75,210.98,190.6421,220600
"2018-01-05",212.43,213.98,210.88,213.48,192.9011,169400
"2018-01-08",213.17,214.31,212.47,214.14,193.4975,139000
"2018-01-09",214.32,214.7,211.43,211.67,191.2656,268000
"2018-01-10",212.02,212.03,204.26,204.95,185.1934,665100
"2018-01-11",206.06,209.02,204.26,208.95,188.8078,367900
"2018-01-12",209.77,211.83,208.09,210.68,190.371,270100
"2018-01-16",211.95,212.76,208.51,209.98,189.7385,247600
"2018-01-17",210.8,212.12,209.73,211.11,190.7596,210800
"2018-01-18",211.78,214.37,211.32,213.99,193.362,198900
"2018-01-19",214.78,216.79,213.99,216.48,195.612,208200
"2018-01-22",216.1,216.1,212.82,215.62,194.8348,136200
"2018-01-23",215.82,216.04,212.94,215.43,194.6631,199100
"2018-01-24",215.9,218.54,215.03,217.25,196.3077,276600
"2018-01-25",218.06,220.33,215.54,219.54,198.377,266900
"2018-01-26",220.08,223.05,217.88,221.09,199.7775,164000
"2018-01-29",220.11,222.47,220.05,220.96,199.6601,412500
"2018-01-30",219.16,221.42,216.15,220.18,198.9553,303600
"2018-01-31",220.52,221.94,217.19,217.91,196.9041,269900
"2018-02-01",217.32,218.6,213.54,214.17,193.5246,259400
"2018-02-02",212.82,214.46,209.96,209.96,189.7205,242400
"2018-02-05",207.68,213.36,196,196,177.1061,542000
"2018-02-06",196.1,201.84,191.57,197.83,178.7597,703200
"2018-02-07",198.05,203.14,198.05,200.98,181.6061,349400
"2018-02-08",200.77,202.97,192.63,193.04,174.4315,343100
"2018-02-09",194.76,199.67,190.17,198.06,178.9676,577300
"2018-02-12",200.31,205.05,199.6,201.81,182.3561,463200
"2018-02-13",200.33,202.91,198.76,200.03,180.7477,267400
"2018-02-14",198.52,204.47,198.32,203.73,184.091,272700
"2018-02-15",206.51,208.21,204.25,207.23,187.2536,288900
"2018-02-16",206.88,211.87,203.47,205.74,185.9073,396800
"2018-02-20",205.47,208.06,201.73,203.16,183.5759,273700
"2018-02-21",203.95,206.99,202.37,202.6,183.0699,282900
"2018-02-22",204.13,206.78,203.67,206.08,186.2144,354400
"2018-02-23",207.68,210.23,207.13,209.71,189.4946,301400
"2018-02-26",210.39,211.7,207.81,210.07,189.8198,280200
"2018-02-27",210.07,210.87,207.45,207.57,187.5608,219300
"2018-02-28",208,208.92,204.48,204.63,184.9042,367000
"2018-03-01",205.54,205.54,195.6,196.32,177.3953,607400
"2018-03-02",194.79,198.35,191.42,197.86,178.7868,492000
"2018-03-05",196.76,200.4,195.62,199.17,179.9706,346100
"2018-03-06",199.97,202.93,198.73,202.63,183.0971,282000
"2018-03-07",200.96,205.2,199.98,204.28,184.588,324600
"2018-03-08",205.74,206.65,204.32,206.01,186.1512,258300
"2018-03-09",207.02,209.72,206.61,209.51,189.3138,169800
"2018-03-12",209.98,213.09,209.76,211.62,191.2204,223000
"2018-03-13",212.3,214.39,211.37,212.24,191.7807,234200
"2018-03-14",213.61,213.61,208.78,212.2,191.7445,320600
"2018-03-15",212.18,212.8,210.43,211.44,191.0578,263400
"2018-03-16",203.83,213.55,200.03,212.11,191.6632,650000
"2018-03-19",211.82,211.82,207.57,208.78,188.6542,210800
"2018-03-20",208.83,211.37,207.09,209.61,189.4042,256100
"2018-03-21",210.33,212.95,210.19,211.27,190.9042,187200
"2018-03-22",209.26,211.63,206.02,206.05,186.1874,318300
"2018-03-23",205.93,207.33,202.51,202.7,183.1602,332800
"2018-03-26",204.73,206.48,201.13,204.59,184.8681,371100
"2018-03-27",205.81,205.81,200.83,201.82,182.3651,403700
"2018-03-28",202.76,203.43,199.52,200.73,181.3802,277700
"2018-03-29",201.36,205.2,200.64,204.37,185.1397,441900
"2018-04-02",203.95,204.7,198.19,200.02,181.199,574500
"2018-04-03",201.23,204.91,197.71,204.06,184.8588,340600
"2018-04-04",199.86,206.09,199.7,205.75,186.3899,381200
"2018-04-05",207.24,208.22,203.74,205.13,185.8282,319100
"2018-04-06",202.95,204.62,198.11,199.9,181.0903,397400
"2018-04-09",202.03,202.39,198.69,199.06,180.3293,274800
"2018-04-10",201.18,204.41,200.09,200.98,182.0687,406200
"2018-04-11",199.9,201.17,197.39,199.57,180.7913,255200
"2018-04-12",200.52,203.83,199.27,202.11,183.0923,268700
"2018-04-13",204.03,204.34,198.52,198.71,180.0123,266300
"2018-04-16",200.77,204.89,199.05,203.39,184.252,302000
"2018-04-17",205.32,206.91,203.78,205.85,186.4805,212200
"2018-04-18",206.49,207.63,205.44,205.76,186.3989,326900
"2018-04-19",205.78,206.14,199.47,202.84,183.7537,517600
"2018-04-20",202.77,203.5,195.84,197.08,178.5356,558800
"2018-04-23",199.44,204.27,196.4,198.49,179.813,882800
"2018-04-24",198.74,203.42,186.17,189.28,171.4696,604900
"2018-04-25",189.79,195.58,187.23,194.33,176.0444,890300
"2018-04-26",195.08,197.4,193.51,196.33,177.8562,626000
"2018-04-27",196.59,198.67,195.37,198.24,179.5865,530400
"2018-04-30",198.94,200.35,193.34,193.37,175.1748,469400
"2018-05-01",192.94,197,190.42,196.53,178.0374,366900
"2018-05-02",195.96,198.89,192.77,193.17,174.9936,440400
"2018-05-03",192.09,196.21,191.09,194.53,176.2256,254800
"2018-05-04",193.47,200.82,193.47,199.55,180.7732,363000
"2018-05-07",200.02,203.46,199.4,201.92,182.9202,480300
"2018-05-08",200.93,207.83,200.74,203.86,184.6776,474300
"2018-05-09",204.14,204.45,201.04,202.52,183.4638,331300
"2018-05-10",203.29,205.36,202.97,204.26,185.04,161100
"2018-05-11",204.16,205.79,203.53,204.57,185.3208,93700
"2018-05-14",204.79,205.63,201.44,202.6,183.5362,189200
"2018-05-15",200.53,202.09,198.54,199.13,180.3928,349000
"2018-05-16",200.79,201.49,198.44,199.71,180.9182,328800
"2018-05-17",199.51,203.76,199.51,203.1,183.9892,187900
"2018-05-18",202.48,204.45,201.93,203.86,184.6776,174500
"2018-05-21",205,207.2,204.17,206.66,187.2142,214200
"2018-05-22",206.63,207.61,203.96,204.1,184.8951,289500
"2018-05-23",202.92,205.95,202.35,205.84,186.4714,179900
"2018-05-24",205.82,206.83,203.89,205.22,185.9097,202400
"2018-05-25",205.27,208.19,204.82,207.32,187.8121,213900
"2018-05-29",205.65,208.04,204.43,206.63,187.187,227800
"2018-05-30",208.52,208.52,206.9,207.65,188.1111,236800
"2018-05-31",207.75,207.75,202.99,203.31,184.1794,456900
"2018-06-01",204.92,206.1,203.78,204.78,185.5111,234100
"2018-06-04",206.12,207.76,204.39,205.69,186.3355,193400
"2018-06-05",205.9,207.6,203.99,206.97,187.495,236800
"2018-06-06",206.79,208.13,204.49,206.87,187.4044,187400
"2018-06-07",207.48,209.79,207.22,209.67,189.941,167900
"2018-06-08",209.08,213.94,209.08,213.76,193.6461,257600
"2018-06-11",213.84,214.96,210.24,210.62,190.8016,252100
"2018-06-12",211.4,214.4,209.58,212.38,192.396,261400
"2018-06-13",212.86,212.86,208.16,208.55,188.9264,252200
"2018-06-14",209.54,211.78,208.05,211.52,191.617,180500
"2018-06-15",210.5,211.84,209,211.33,191.4448,466900
"2018-06-18",209.62,211.6,208.64,209.26,189.5696,159300
"2018-06-19",208.03,208.99,204.16,205.99,186.6073,260300
"2018-06-20",207.45,207.86,202.07,204.91,185.629,491600
"2018-06-21",205.37,205.37,200.21,201.96,182.9565,257600
"2018-06-22",202.59,204.3,199.48,199.94,181.1265,310900
"2018-06-25",199.79,200.92,196.55,198.1,179.4597,252900
"2018-06-26",198.31,199.13,196.37,196.5,178.0102,345400
"2018-06-27",196.64,198.6,193.59,193.83,175.5915,306300
"2018-06-28",193.35,195.44,191.58,193.89,176.2276,529200
"2018-06-29",195.9,203,193.98,200.15,181.9174,618500
"2018-07-02",197.46,201.91,196.69,201.79,183.4081,310000
"2018-07-03",201.95,204.31,201.24,202,183.5989,179600
"2018-07-05",202.61,206.35,201.01,206.17,187.3891,315400
"2018-07-06",206.33,207.77,205.5,206.5,187.689,266200
"2018-07-09",209.36,213.3,207.68,212.38,193.0334,410100
"2018-07-10",212.68,214.43,212.03,212.8,193.4151,237300
"2018-07-11",211.39,212.85,209.35,211.44,192.179,242100
"2018-07-12",213.85,215.78,212.31,214.57,195.0239,312600
"2018-07-13",215.16,216.68,214.07,215.09,195.4965,350300
"2018-07-16",215.33,215.33,211.49,212.56,193.1969,211400
"2018-07-17",211.87,215.22,211.8,214.52,194.9784,288300
"2018-07-18",214.49,214.95,213.2,214.66,195.1057,387500
"2018-07-19",214.7,217.95,213.66,216.44,196.7235,533600
"2018-07-20",215.36,217.2,212.8,216.23,196.5327,518700
"2018-07-23",219,220,204.8,207.98,189.0342,1074300
"2018-07-24",207.31,211.85,205.75,209.39,190.3157,534500
"2018-07-25",208.19,208.93,201.59,205.33,186.6256,577300
"2018-07-26",204.92,210.85,203.17,209.66,190.5611,504100
"2018-07-27",210.09,212.54,209.75,211.12,191.8881,254100
"2018-07-30",211.77,214.98,211.23,213.49,194.0422,266700
"2018-07-31",213.87,217.84,213.87,217.08,197.3052,250200
"2018-08-01",216.16,218.57,213.9,213.96,194.4694,351800
"2018-08-02",212.91,218.48,212.91,217.24,197.4506,181300
"2018-08-03",212.91,218.19,212.91,217.85,198.005,128500
"2018-08-06",218.26,221.56,218.26,220.19,200.1319,180900
"2018-08-07",218.26,224.24,218.26,219.9,199.8683,223000
"2018-08-08",219.9,220,215.84,216.08,196.3963,204200
"2018-08-09",216.87,220.69,215.43,216.97,197.2052,238800
"2018-08-10",216.87,216.99,215.05,215.62,195.9782,154700
"2018-08-13",215.84,216.59,212.47,213.59,194.1331,151000
"2018-08-14",214.3,219.38,213.94,217.53,197.7142,146500
"2018-08-15",216.1,222.66,214.96,222.08,201.8497,410100
"2018-08-16",222.91,224.59,220.81,221.27,201.1135,164500
"2018-08-17",220.82,223.13,220.67,222.66,202.3769,181100
"2018-08-20",223.47,225.78,222.92,225.32,204.7946,217100
"2018-08-21",213,222.64,210.21,222.14,201.9043,868800
"2018-08-22",221.57,223.41,219.36,222.81,202.5132,331400
"2018-08-23",221.68,222.91,220,221.11,200.9681,306300
"2018-08-24",221.93,221.96,219.27,220.26,200.1955,149800
"2018-08-27",221.15,226.1,219.93,222.21,201.9679,366300
"2018-08-28",222.86,224.59,221.7,223.95,203.5494,140700
"2018-08-29",224.39,224.67,222.51,223.18,202.8495,195800
"2018-08-30",223.09,223.72,220.77,223.33,202.9859,151200
"2018-08-31",222.33,223.68,221.49,222.81,202.5132,196600
"2018-09-04",222.2,225.34,221.3,224.4,203.9584,183400
"2018-09-05",224.49,226.97,223.93,225.97,205.3854,300200
"2018-09-06",225.96,227.76,224.63,225.82,205.249,236700
"2018-09-07",224.21,229.5,223.59,226.98,206.3033,304700
"2018-09-10",227.94,229.06,224.83,225.05,204.5492,359900
"2018-09-11",224.51,227.68,224.42,227.59,206.8578,208100
"2018-09-12",226.65,228.54,224.62,227.63,206.8942,215300
"2018-09-13",228.68,229.98,225.56,228.62,207.794,321300
"2018-09-14",228,228,224.98,226.09,205.4945,241400
"2018-09-17",225.76,227.05,222.78,223.96,203.5585,244700
"2018-09-18",224.03,224.31,219.04,223.49,203.1313,302200
"2018-09-19",223.6,224.98,220,220.65,200.55,243000
"2018-09-20",221.75,223,219.17,219.95,199.9138,353800
"2018-09-21",220.59,222.55,216.42,216.72,196.978,933100
"2018-09-24",216.98,217.3,213.65,216.1,196.4145,344900
"2018-09-25",216.36,217.11,215.17,216.06,196.3781,290500
"2018-09-26",215.9,219.11,215.04,216.98,197.2143,235100
"2018-09-27",216.75,218.59,215.32,217.17,197.9709,248600
"2018-09-28",216.19,219.37,215.84,218.4,199.0922,316600
"2018-10-01",219.92,220.87,216.34,216.81,197.6428,189800
"2018-10-02",216.6,219.16,215.83,217.88,198.6182,182200
"2018-10-03",218.06,220,218.01,218.21,198.919,193300
"2018-10-04",217.56,218.33,213.96,214.5,195.537,303400
"2018-10-05",214.95,216.85,211.73,214.52,195.5553,154500
"2018-10-08",213.84,216.18,212.43,215.25,196.2207,188900
"2018-10-09",215.93,216.42,210.67,211.14,192.474,269400
"2018-10-10",211.75,211.75,204.23,204.8,186.6946,420800
"2018-10-11",204.15,206.07,198.27,198.5,180.9515,442600
"2018-10-12",202.38,204.74,193.44,197.2,179.7664,383700
"2018-10-15",197.33,200.92,196.7,199.71,182.0545,396700
"2018-10-16",200.55,204.21,198.82,203.84,185.8194,289600
"2018-10-17",203.25,203.71,198.64,200.74,182.9935,310900
"2018-10-18",199.45,200.41,195.28,197.01,179.5932,431800
"2018-10-19",197.96,198.29,192.22,193.12,176.0471,357500
"2018-10-22",186.7,196.34,177.36,194.9,177.6698,1211500
"2018-10-23",190.91,200.36,186.94,197.45,179.9943,744000
"2018-10-24",196.48,202.09,196.4,197.67,180.1949,700100
"2018-10-25",198.6,206.95,198.17,205.14,187.0045,710900
"2018-10-26",201.65,202.88,197,199.07,181.4711,693700
"2018-10-29",201.07,206.31,197.61,199.85,182.1821,438000
"2018-10-30",199.88,209.84,199.76,209.32,190.8149,595300
"2018-10-31",211.21,213.1,206.48,210.89,192.2462,496200
"2018-11-01",211.56,214.65,207.91,212.7,193.8961,284900
"2018-11-02",214.1,214.3,208.65,212.47,193.6864,376200
"2018-11-05",212.84,215.39,210.84,214.35,195.4003,350200
"2018-11-06",213.99,214.71,211.32,212.69,193.887,238600
"2018-11-07",214.91,217.06,211.38,216.74,197.579,169700
"2018-11-08",215.76,217.77,213.71,215.34,196.3027,251600
"2018-11-09",214.16,214.61,209.83,211.75,193.0301,302600
"2018-11-12",212.13,215,210.7,212.74,193.9326,229200
"2018-11-13",213.95,221.39,213.26,219.14,199.7667,371200
"2018-11-14",221.05,221.25,213.99,215.21,196.1842,294600
"2018-11-15",212.96,216.5,209.24,215.2,196.1751,300900
"2018-11-16",213.55,217.31,213.31,215.86,196.7768,226400
"2018-11-19",215.59,219.59,215.45,216.45,197.3146,184700
"2018-11-20",213.8,217.94,211.32,212.6,193.805,326400
"2018-11-21",213.09,216.5,212.97,213.82,194.9171,226600
"2018-11-23",212.59,214.75,211.61,211.88,193.1487,189300
"2018-11-26",214.26,217.16,213.39,216.66,197.506,134800
"2018-11-27",215.07,215.24,210.18,214.99,195.9837,208700
"2018-11-28",215.74,221.22,213.46,220.79,201.2709,165800
"2018-11-29",219.47,224.27,217.67,222.52,202.848,191900
"2018-11-30",222.75,227.13,221.79,225.91,205.9382,250100
"2018-12-03",229,230.66,220.84,225.75,205.7924,265500
"2018-12-04",224.92,224.92,214.51,215.37,196.3301,234500
"2018-12-06",211.85,217.3,211.85,216.67,197.5152,474100
"2018-12-07",216.18,218.33,210.93,211.05,192.392,221200
"2018-12-10",211.73,211.73,204.95,207.88,189.5022,291100
"2018-12-11",210.44,212.43,206.49,207.25,188.9279,260000
"2018-12-12",210,216.02,209.24,213.7,194.8078,310800
"2018-12-13",215.83,220.92,215.51,217.25,198.0439,299500
"2018-12-14",214.57,217.91,212.55,213.88,194.9718,306800
"2018-12-17",212.88,212.88,209.22,210.19,191.608,415900
"2018-12-18",212.19,216.28,211.1,214.22,195.2818,313100
"2018-12-19",214.16,219.02,211.04,211.6,192.8934,313200
"2018-12-20",211.1,212.7,208.23,210.05,191.4804,196400
"2018-12-21",210.31,214.57,206.24,206.49,188.2352,366900
"2018-12-24",205.95,209.6,203.63,204.95,186.8313,188100
"2018-12-26",205.2,215.22,204.34,215.07,196.0566,171700
"2018-12-27",212.13,219.13,211.91,219.1,199.7303,197700
"2018-12-28",218.96,220.52,215.94,218,199.3098,227500
"2018-12-31",219.21,220.38,216.84,218.86,200.096,196400
"2019-01-02",215.99,217.53,213.48,216.13,197.6001,251200
"2019-01-03",214.91,216.03,210.39,212.25,194.0527,217300
"2019-01-04",215.9,219.88,215.66,219.61,200.7817,182100
"2019-01-07",219.9,221.47,217.9,218.99,200.2149,248000
"2019-01-08",221.3,222.2,218.61,221.93,202.9028,287300
"2019-01-09",222.91,226.88,221.54,224.7,205.4353,182600
"2019-01-10",223.49,225.27,222.28,225.06,205.7644,217800
"2019-01-11",224.48,226.94,223.69,225.04,205.7462,198300
"2019-01-14",223.81,225.68,222.62,224.15,204.9325,133000
"2019-01-15",224.57,225.69,219.31,224.4,205.161,193100
"2019-01-16",224.05,225.12,219.61,220.08,201.2114,225700
"2019-01-17",219.32,223.65,219.32,220.64,201.7234,407200
"2019-01-18",222.75,225.84,222.23,225.37,206.0479,335500
"2019-01-22",224.68,224.91,222.04,223.98,204.7771,383600
"2019-01-23",224.76,225.64,222.67,224.75,205.481,195600
"2019-01-24",224.79,226.99,224.12,225.57,206.2308,173000
"2019-01-25",227.8,228.72,223.92,224.3,205.0696,237300
"2019-01-28",222.81,224.94,221.96,223.95,204.7496,298000
"2019-01-29",223.63,227.97,223.63,226.74,207.3005,308200
"2019-01-30",227.66,228.04,223.02,224.29,205.0605,274100
"2019-01-31",223.7,230.65,222.75,229.28,209.6227,494000
"2019-02-01",229.28,230.94,228.1,229.78,210.0798,288000
"2019-02-04",230.37,233.39,230.02,232.48,212.5483,252800
"2019-02-05",236.15,237.73,228.81,235.07,214.9162,622400
"2019-02-06",235.08,239,233.88,234.99,214.8432,241100
"2019-02-07",234.24,236.45,231.9,232.93,212.9597,192300
"2019-02-08",231.81,233.28,230.41,233.22,213.2249,201300
"2019-02-11",233.75,238.15,233.75,237.6,217.2293,373500
"2019-02-12",239.56,245.76,239.56,243.89,222.9801,516000
"2019-02-13",244.87,247.31,241.68,244.56,223.5926,292400
"2019-02-14",243.49,246.93,243.49,244.22,223.2818,298600
"2019-02-15",245.68,249.12,244.84,246.71,225.5583,246400
"2019-02-19",245.79,247.81,244.95,246.68,225.5309,280000
"2019-02-20",246.86,248.6,244.94,248.54,227.2314,274100
"2019-02-21",247.61,249.8,246.91,248.93,227.588,189900
"2019-02-22",249.6,250.38,247.19,248.7,227.3777,318600
"2019-02-25",250.59,250.6,246.77,247.96,226.7012,264300
"2019-02-26",245.53,249.04,245.12,245.44,224.3972,265000
"2019-02-27",244.12,246.87,244.06,246.68,225.5309,168100
"2019-02-28",246.42,246.45,243.87,245.25,224.2235,164100
"2019-03-01",246.99,248.48,244.11,245.6,224.5435,243700
"2019-03-04",246.34,247.53,243.6,245.41,224.3697,198000
"2019-03-05",245.77,248.98,243.81,247.7,226.4635,376900
"2019-03-06",246.12,246.94,243.24,245.99,224.9001,216000
"2019-03-07",245.26,245.32,242.51,244.01,223.0898,220300
"2019-03-08",242.09,244.57,241.58,244.13,223.1995,135000
"2019-03-11",244.53,245.85,243.54,245.85,224.772,191600
"2019-03-12",245.8,248.07,244.6,247.44,226.2257,244900
"2019-03-13",248.34,250.92,247.27,248.24,226.9571,265300
"2019-03-14",247.83,249.07,246.9,248.22,226.9388,191300
"2019-03-15",248.64,251.41,247.94,250.15,228.7034,362000
"2019-03-18",250.01,252.86,248.73,252.25,230.6233,191400
"2019-03-19",252.68,254.89,251.95,252.82,231.1445,374400
"2019-03-20",252,259.42,252,256.59,234.5913,413600
"2019-03-21",255.01,262.13,255.01,260.36,238.038,311500
"2019-03-22",258.5,262.31,256.65,257.13,235.0849,290600
"2019-03-25",258.05,262.86,257.58,260.17,237.8643,274800
"2019-03-26",261.95,263.47,260.55,262.11,239.6379,267500
"2019-03-27",262.73,264.63,260.16,262.85,240.3145,281400
"2019-03-28",264.05,265.52,260.52,264.25,241.5945,348300
"2019-03-29",265.24,265.57,262.36,264.4,242.3185,363000
"2019-04-01",266.77,270,266.26,267.85,245.4805,470900
"2019-04-02",268.07,268.25,265.68,267.46,245.123,412800
"2019-04-03",269.08,271.42,267.67,269.86,247.3225,382900
"2019-04-04",270.4,271.77,268.5,270.49,247.8999,396200
"2019-04-05",271.66,273.92,271.17,273.92,251.0434,356200
"2019-04-08",273.53,276.97,272.78,276.36,253.2797,282800
"2019-04-09",273,274.36,271.95,272.87,250.0812,540100
"2019-04-10",273.26,273.48,268.03,269.79,247.2585,429300
"2019-04-11",270.76,271.66,270.13,271.03,248.3948,366000
"2019-04-12",271.93,274.81,271.5,273.5,250.6586,323500
"2019-04-15",274.35,277.05,274.35,276.34,253.2614,306900
"2019-04-16",275.03,275.89,270.92,271.97,249.2563,512200
"2019-04-17",272.21,274.1,268.06,268.67,246.2319,312300
"2019-04-18",268.78,271.91,267.73,270.64,248.0374,299500
"2019-04-22",264.84,269,258.72,267.63,245.2788,767000
"2019-04-23",264.77,266.58,259.05,264.57,242.4743,711400
"2019-04-24",264.27,266.85,263.27,265.89,243.6842,466800
"2019-04-25",265.38,269.25,263.56,268.95,246.4885,372000
"2019-04-26",268.98,273,268.22,271.38,248.7156,477900
"2019-04-29",271.63,275.6,269.18,274.66,251.7217,366600
"2019-04-30",274.03,274.03,270.56,271.45,248.7797,459900
"2019-05-01",271.43,272.24,264.2,265.32,243.1618,613800
"2019-05-02",265.38,267.27,264.22,266.08,243.8582,378100
"2019-05-03",267.39,273.31,267.39,272.01,249.293,294300
"2019-05-06",267.68,272.4,267.68,270.97,248.3398,200400
"2019-05-07",269.09,270.26,264.04,265.75,243.5558,320000
"2019-05-08",266.02,270.66,264.73,269.15,246.6718,335400
"2019-05-09",267.61,270.34,265.79,270,247.4509,256000
"2019-05-10",269.79,278.4,268.63,276.71,253.6004,374400
"2019-05-13",271.84,273.64,268.02,271.91,249.2013,385000
"2019-05-14",272.4,276.65,271.83,274.82,251.8683,232400
"2019-05-15",272.99,276.21,272.11,275.42,252.4183,192300
"2019-05-16",276,278.56,273.69,274.15,251.2542,632500
"2019-05-17",272.97,278.58,272.14,276.54,253.4446,395200
"2019-05-20",275.64,276.52,273.32,273.89,251.0161,220600
"2019-05-21",276.11,281.82,274.69,280.6,257.1656,253100
"2019-05-22",279.17,282.2,277.36,277.72,254.526,177800
"2019-05-23",276.08,277.65,272.73,276.37,253.2889,234500
"2019-05-24",272.04,275.81,272.04,274.33,251.4193,185100
"2019-05-28",275.77,275.77,269.86,271.35,248.6881,368500
"2019-05-29",270.03,270.03,267.26,269.52,247.0109,266000
"2019-05-30",270.33,276.26,268.22,276.04,252.9864,216600
"2019-05-31",269.86,270.56,262,264.11,242.0528,703300
"2019-06-03",264.22,269.77,264.06,269.37,246.8735,291500
"2019-06-04",270.8,278.86,269.32,278.65,255.3785,239300
"2019-06-05",280.95,280.95,275.36,277.98,254.7645,329500
"2019-06-06",278.95,278.95,273.13,278.24,255.0027,617300
"2019-06-07",277.37,278.99,273.12,278.31,255.0669,347400
"2019-06-10",280.96,287.42,280.18,285.5,261.6564,274700
"2019-06-11",286.64,286.64,278.25,280.6,257.1656,273700
"2019-06-12",279.83,282.79,277.23,280.64,257.2022,230100
"2019-06-13",281.87,283.48,276.45,277.19,254.0404,264600
"2019-06-14",276.3,276.42,272.08,275.84,252.8031,326300
"2019-06-17",275,276.36,272.09,272.27,249.5313,289900
"2019-06-18",273.89,275.7,269.34,270.79,248.1749,294200
"2019-06-19",271.44,272.3,267.27,271.33,248.6698,158000
"2019-06-20",273.81,274.87,266.96,272.15,249.4213,324200
"2019-06-21",270.5,271.8,268.12,268.27,245.8653,402400
"2019-06-24",268.78,271.71,267.97,270.47,247.8816,417300
"2019-06-25",271.27,274.87,268.68,270.85,248.2299,295900
"2019-06-26",271.42,273.34,270.2,270.89,248.2666,302300
"2019-06-27",270.37,273.45,268.09,273.33,251.2168,186900
"2019-06-28",272.92,276.29,272.88,275,252.7517,349800
"2019-07-01",277.8,283.27,276.13,283.11,260.2055,344800
"2019-07-02",283.29,286.29,282.06,284.6,261.5751,465000
"2019-07-03",285.65,288.86,282.82,288.57,265.2238,208600
"2019-07-05",288.01,288.45,284.43,288.05,264.746,248100
"2019-07-08",283.73,288.49,282.93,287.4,264.1485,441800
"2019-07-09",287.52,291.18,286.41,287.46,264.2037,504400
"2019-07-10",287.98,291.02,284.23,284.42,261.4096,465600
"2019-07-11",284.25,287.17,283.19,284.62,261.5934,320200
"2019-07-12",284.79,290.11,284.79,289.47,266.051,291200
"2019-07-15",291.6,294.91,290.45,292.7,269.0198,512400
"2019-07-16",293.26,298.49,288,292.36,268.7072,587600
"2019-07-17",292.94,293.46,285.55,286.08,262.9353,313100
"2019-07-18",285.01,288.52,283.24,283.96,260.9868,402500
"2019-07-19",285.08,287.82,278.9,278.9,256.3362,457100
"2019-07-22",264.7,272,263,264,242.6417,1073900
"2019-07-23",264.25,264.65,257.78,264.52,243.1196,754200
"2019-07-24",263.48,263.97,259.74,260.36,239.2961,437500
"2019-07-25",260.36,262.09,259.02,260.69,239.5994,250600
"2019-07-26",260.69,264.25,259.03,263.06,241.7776,215700
"2019-07-29",262.38,262.61,255.05,255.8,235.1051,271800
"2019-07-30",254.55,260.02,253.51,259.72,238.708,264900
"2019-07-31",259.64,261.5,254.8,256.48,235.7301,318000
"2019-08-01",256.72,258.81,250.56,254.12,233.561,400700
"2019-08-02",254.18,256.05,251.56,253.22,232.7338,255700
"2019-08-05",250.01,251.47,248.08,250.25,230.0041,312200
"2019-08-06",251.23,254.51,249.32,253.54,233.0279,284200
"2019-08-07",251.43,255.87,249.36,254.78,234.1676,359500
"2019-08-08",256.29,259.95,256.29,258.84,237.8991,390100
"2019-08-09",258.05,260.23,256.58,257.81,236.9525,210900
"2019-08-12",256.85,256.85,252.62,253.01,232.5408,194900
"2019-08-13",252.61,257.52,252.61,254.49,233.901,184200
"2019-08-14",250.72,252.9,248.28,248.93,228.7909,244200
"2019-08-15",249.28,251.92,248.25,251.02,230.7118,154600
"2019-08-16",252.68,256.3,252.26,256.12,235.3992,221000
"2019-08-19",258.6,261.15,248.25,257.27,236.4561,210900
"2019-08-20",256.59,259.15,253.42,258.45,237.5407,256800
"2019-08-21",261,262.74,258.5,261.4,240.252,367700
"2019-08-22",262.2,263.65,255.51,256.58,235.8219,293200
"2019-08-23",255.7,259.65,250.83,251.7,231.3367,274600
"2019-08-26",253.17,253.21,249.33,249.94,229.7191,260200
"2019-08-27",250.96,251.82,246.05,247.4,227.3846,334800
"2019-08-28",246.54,249.01,246.54,248.64,228.5243,240200
"2019-08-29",250.3,253.91,248.59,252.01,231.6217,273300
"2019-08-30",253.31,254.41,251.57,253.78,233.2485,257200
"2019-09-03",252.72,252.72,244.66,246.42,226.4839,322600
"2019-09-04",249.28,252.84,248.44,252.81,232.357,338000
"2019-09-05",253.55,257.26,250.4,251.65,231.2908,390200
"2019-09-06",252.91,255.41,246.81,247.04,227.0538,446100
"2019-09-09",248.67,248.67,239.31,241.23,221.7138,676600
"2019-09-10",240.9,245.41,234.42,241.6,222.0539,628100
"2019-09-11",243.29,247.59,234.75,242.05,222.4675,791000
"2019-09-12",242.64,242.64,232.43,233.05,214.1956,554500
"2019-09-13",233.82,238.14,233,235,215.9879,461000
"2019-09-16",234,236.52,231.85,234.81,215.8132,401100
"2019-09-17",235.57,239.5,235.21,237.55,218.3315,273500
"2019-09-18",236.85,238.85,234.65,238.34,219.0576,271300
"2019-09-19",239.33,244.47,238.2,241.87,222.302,646200
"2019-09-20",243.25,243.85,238.21,239.03,219.6918,563800
"2019-09-23",238.62,240.61,237.64,239.1,219.7562,231100
"2019-09-24",239.12,241.49,238.25,239.82,220.4179,327200
"2019-09-25",240.7,242.18,239.58,240.4,220.951,267300
"2019-09-26",240.25,241.96,239.06,241.08,221.5759,202000
"2019-09-27",242.13,242.15,238.81,241.58,222.0355,190000
"2019-09-30",240.98,243.62,239.86,242.97,224.0271,305900
"2019-10-01",244.69,245.98,237.23,238.35,219.7673,330800
"2019-10-02",236.56,236.61,229.51,230.6,212.6215,363800
"2019-10-03",230.08,233.82,227.56,232.47,214.3457,408200
"2019-10-04",232.75,237.13,231.41,237.02,218.541,302800
"2019-10-07",235.82,236.36,232.81,233.77,215.5443,351100
"2019-10-08",231.39,234.2,229.63,232.43,214.3088,304900
"2019-10-09",234.76,235.98,230.86,230.95,212.9442,296900
"2019-10-10",230.93,233.67,230.73,232.63,214.4932,406100
"2019-10-11",236.06,242.78,235.78,238.17,219.6013,445900
"2019-10-14",237.05,242.24,236.19,240.61,221.8511,373500
"2019-10-15",240.91,244.06,239.96,242.3,223.4093,326500
"2019-10-16",241.43,244.22,240.63,241.73,222.8838,396300
"2019-10-17",243.41,251.4,243.41,250.84,231.2835,409400
"2019-10-18",249.25,254.66,248.45,253.34,233.5886,603700
"2019-10-21",241.09,255.32,236.88,248.17,228.8217,786600
"2019-10-22",249.51,251.6,242.98,247.56,228.2592,475800
"2019-10-23",245.05,245.8,238.52,239.28,220.6248,451500
"2019-10-24",239.74,245.22,237.84,244.88,225.7882,334100
"2019-10-25",244.88,247.51,242.61,243.08,224.1285,203200
"2019-10-28",243.82,247.78,243.79,246.89,227.6415,314000
"2019-10-29",246.06,249.4,245.19,248.25,228.8954,336900
"2019-10-30",247.84,249.04,245.1,248.16,228.8125,239900
"2019-10-31",247.83,248.35,245.93,247.36,228.0748,242000
"2019-11-01",249.14,249.86,244.97,248.68,229.2919,219000
"2019-11-04",250.14,251.34,247.46,248.87,229.4671,289500
"2019-11-05",249.69,250.38,247.12,248.51,229.1352,153100
"2019-11-06",248.49,251.22,246.32,251.15,231.5694,227100
"2019-11-07",252.28,252.32,245.86,246.3,227.0975,266100
"2019-11-08",246.71,248.25,244.83,245.01,225.908,175800
"2019-11-11",243.66,248.54,243.66,248.14,228.794,180200
"2019-11-12",248.9,251.41,247.16,251.13,231.5509,201100
"2019-11-13",249.67,253.17,248.64,252.41,232.7311,203300
"2019-11-14",251.39,255.89,251.39,254.99,235.11,241700
"2019-11-15",255.91,256.56,253.37,254.54,234.6951,188300
"2019-11-18",255,255.59,252.04,253.03,233.3028,205000
"2019-11-19",253.43,255.34,252.16,254.17,234.3539,241200
"2019-11-20",254.1,256.06,252.15,255.3,235.3958,226800
"2019-11-21",255.03,255.03,249.67,250.43,230.9055,242100
"2019-11-22",251.48,252.32,250,252.11,232.4545,125100
"2019-11-25",252.68,257.46,252.26,256.83,236.8065,216400
"2019-11-26",257.16,259.71,257.06,259.14,238.9365,353300
"2019-11-27",259.13,261.09,259,259.14,238.9365,196100
"2019-11-29",258.14,260.07,255.73,255.85,235.9029,127500
"2019-12-02",256.09,256.09,250.77,250.92,231.3573,231300
"2019-12-03",249.04,250.61,247.55,248.57,229.1905,336700
"2019-12-04",249.79,255.81,249.79,254.23,234.4092,262800
"2019-12-05",254.83,262.27,254.82,261.54,241.1493,329000
"2019-12-06",265.1,265.1,261.39,262.83,242.3387,252200
"2019-12-09",261.82,262.44,259.55,260.59,240.2734,150300
"2019-12-10",259.22,261.05,257.73,258.19,238.0605,177400
"2019-12-11",259.57,260.3,258.09,258.38,238.2356,176400
"2019-12-12",257.89,261.23,257.13,259.7,239.4528,301900
"2019-12-13",260.38,260.38,253.78,255.39,235.4788,255700
"2019-12-16",256.26,259,254.9,258,237.8853,319800
"2019-12-17",257.4,259.64,254.71,258.58,238.42,197100
"2019-12-18",256.69,256.69,240.37,245.37,226.24,752600
"2019-12-19",244.1,245.02,238.07,238.36,219.7765,431400
"2019-12-20",240.19,244.29,240.01,243.8,224.7924,796300
"2019-12-23",245.38,248.08,243.69,244.53,225.4655,240300
"2019-12-24",244.64,244.8,242.18,243.96,224.9399,90300
"2019-12-26",244.03,244.59,241.23,243.86,224.8477,171600
"2019-12-27",244.33,244.88,242.8,243.33,224.359,141800
"2019-12-30",242.68,244.19,242.19,242.67,224.4608,121700
"2019-12-31",242.09,244.8,242.09,243.97,225.6632,191000
"2020-01-02",244.96,245.78,242.11,244.44,226.0979,262000
"2020-01-03",241.39,244.45,240.54,243.49,225.2192,226100
"2020-01-06",242.32,244.03,241.52,243.15,224.9047,183300
"2020-01-07",242.01,242.57,239.4,239.94,221.9356,287200
"2020-01-08",241.24,244.45,240.7,243.77,225.4783,275600
"2020-01-09",244.84,247.37,243.23,247.31,228.7526,284900
"2020-01-10",247.12,249.5,246.82,247.51,228.9376,255400
"2020-01-13",247.97,248.56,245.4,245.67,227.2357,347400
"2020-01-14",245.67,245.96,241.92,242.55,224.3498,253500
"2020-01-15",242.45,245.36,242.45,244.1,225.7835,205500
"2020-01-16",246,248.88,245.37,247.43,228.8636,282100
"2020-01-17",248.2,248.34,242.36,243.63,225.3487,291100
"2020-01-21",243.65,246.16,243.56,244.95,226.5697,288200
"2020-01-22",244.92,247.87,244.92,247.21,228.6601,165100
"2020-01-23",246.2,248.16,245.5,245.93,227.4761,214600
"2020-01-24",246.06,246.36,240.17,240.97,222.8883,208500
"2020-01-27",237.23,241.39,236.49,238.16,220.2892,213600
"2020-01-28",239.06,241.97,236.6,240.14,222.1206,193400
"2020-01-29",240.76,241.92,236.79,236.91,219.133,233900
"2020-01-30",235.53,239.31,233.52,236.02,218.3098,244800
"2020-01-31",235.82,237.93,231.55,232.98,215.4979,361300
"2020-02-03",233.88,239.97,232.89,233.71,216.1731,343200
"2020-02-04",242.86,249.99,231.76,239.01,221.0754,772100
"2020-02-05",241.41,247.17,240.4,242.58,224.3775,415000
"2020-02-06",243.84,244.34,235.05,238.58,220.6777,388000
"2020-02-07",237.31,240.06,234.77,235.39,217.7271,376200
"2020-02-10",234.6,237.99,233.95,236.95,219.17,194700
"2020-02-11",237.99,239.64,236.37,237.5,219.6787,214400
"2020-02-12",238.67,241.49,236.86,241.36,223.2491,268800
"2020-02-13",239.89,243.1,239.61,241.64,223.508,226400
"2020-02-14",241.84,245.88,241.14,244.78,226.4125,373100
"2020-02-18",244.25,248.7,243.28,246,227.5409,343500
"2020-02-19",245.33,248.73,245.33,246,227.5409,280100
"2020-02-20",244.58,250.83,244.58,248.71,230.0476,375900
"2020-02-21",247.73,248.31,244.88,247.04,228.5028,470500
"2020-02-24",240.29,249.24,240.29,247.22,228.6694,359100
"2020-02-25",247.58,249.92,245.3,246.03,227.5686,483600
"2020-02-26",247.17,250.54,242,243.64,225.3579,448000
"2020-02-27",239.86,246.47,238.67,239.83,221.8339,352300
"2020-02-28",233.63,236.74,225.07,228.13,211.0118,668100
"2020-03-02",230.28,240.42,227.53,240.08,222.0651,354300
"2020-03-03",240.15,246.57,238.36,245.01,226.6252,475000
"2020-03-04",249.47,259.04,248.03,257.81,238.4647,622800
"2020-03-05",252.81,258.87,252.23,255.77,236.5778,512400
"2020-03-06",246.42,261.75,246.42,260.21,240.6846,515700
"2020-03-09",245.88,252.5,238.61,251.06,232.2212,597600
"2020-03-10",256.06,258.43,232.7,246.5,228.0034,571800
"2020-03-11",241.44,242.25,226.77,229.11,211.9183,766200
"2020-03-12",217.66,219.4,206.65,208.24,192.6143,670700
"2020-03-13",215.4,217.71,201.61,211.82,195.9257,813900
"2020-03-16",195.36,202.94,192,199,184.0677,797300
"2020-03-17",201.66,206.75,180.37,194.56,179.9608,899900
"2020-03-18",185.28,187.19,168.98,184.85,170.9794,570100
"2020-03-19",183.07,200.72,177.86,195.79,181.0985,462600
"2020-03-20",196.88,199.37,179.03,181.79,168.149,761600
"2020-03-23",175.59,180.59,163.4,166.87,154.3486,506800
"2020-03-24",171.87,175.43,164.92,170.24,157.4657,664200
"2020-03-25",169.97,189.1,167.62,180.43,166.8911,706200
"2020-03-26",181.93,198.95,178.93,197.54,182.7172,516400
"2020-03-27",191.59,198.48,183.03,185.3,171.3956,407600
"2020-03-30",186.37,189.49,183.11,187.18,173.1346,230900
"2020-03-31",185.24,186.77,180.46,181.79,168.8436,384100
"2020-04-01",176.39,180.79,173.88,175.78,163.2616,404000
"2020-04-02",175.63,181.99,174.22,176.93,164.3297,405100
"2020-04-03",179,180.13,168.41,170.96,158.7849,325900
"2020-04-06",176.57,180.32,173.84,178.42,165.7135,475500
"2020-04-07",187.16,190.26,180.46,188.19,174.7878,549900
"2020-04-08",189.43,197.32,186.15,195.68,181.7444,352900
"2020-04-09",200,212.32,197.3,204.29,189.7412,384700
"2020-04-13",202.09,202.43,195.71,196.74,182.7289,298600
"2020-04-14",200.5,205.32,197.68,202.28,187.8744,234700
"2020-04-15",196.66,197.95,188.85,191.78,178.1221,336900
"2020-04-16",193.47,195.13,186.37,186.99,173.6733,356000
"2020-04-17",192.64,194.23,183.83,183.88,170.7848,793700
"2020-04-20",172,189.8,169.82,181,168.1099,1181300
"2020-04-21",173.92,179.78,171.31,172.95,160.6331,866900
"2020-04-22",174.38,178.06,168.94,170.72,158.562,691400
"2020-04-23",172.21,179.68,170.7,177.54,164.8963,368400
"2020-04-24",177.82,178.17,170.33,176.51,163.9396,410000
"2020-04-27",179.32,185.2,177.31,184.65,171.4999,282900
"2020-04-28",189.27,193.75,186.46,186.99,173.6733,545500
"2020-04-29",191.15,192.98,188.09,190.07,176.5339,349100
"2020-04-30",187.88,187.88,182.9,186.68,173.3853,383000
"2020-05-01",184.15,184.62,178.93,183.33,170.2739,285200
"2020-05-04",179.37,186.38,178.05,186.08,172.8281,319200
"2020-05-05",188.26,191.89,186.54,190.73,177.1469,369900
"2020-05-06",192.27,192.39,188.26,188.6,175.1686,456600
"2020-05-07",190.03,194.09,188.99,192.63,178.9116,317900
"2020-05-08",195.56,197.47,190.91,191.48,177.8435,380200
"2020-05-11",189.17,190.9,186.29,186.7,173.4039,432900
"2020-05-12",187.5,188.69,181.51,181.67,168.7321,250700
"2020-05-13",180.48,181.74,176.75,178.54,165.825,296000
"2020-05-14",176.32,185.22,173.24,184.49,171.3513,528900
"2020-05-15",183.25,187.09,179.64,180.92,168.0356,925400
"2020-05-18",186.16,195.11,185.52,193.82,180.0168,325100
"2020-05-19",192.95,196.23,189.26,189.27,175.7909,301500
"2020-05-20",191.71,197.11,189.76,191.88,178.215,368600
"2020-05-21",191.54,197.01,191.14,195.22,181.3172,451200
"2020-05-22",195.24,198.67,193.72,198.43,184.2985,245100
"2020-05-26",204.81,213.41,203.19,212.31,197.1901,513100
"2020-05-27",216.85,218.57,212.62,214.83,199.5306,495000
"2020-05-28",217.01,217.62,210.36,214.35,199.0847,392100
"2020-05-29",211.65,214.65,208.86,213.84,198.6111,495600
"2020-06-01",213.5,218.06,211.67,217.18,201.7133,254400
"2020-06-02",219.09,219.09,215.53,216.66,201.2303,248800
"2020-06-03",219.16,224.5,219.01,223.54,207.6203,250400
"2020-06-04",221.75,225.81,221.35,225.71,209.6358,274300
"2020-06-05",231.95,239.8,231.8,235.88,219.0815,325900
"2020-06-08",239.13,242.52,236.56,237.99,221.0412,319100
"2020-06-09",235.61,235.61,230.8,233.14,216.5366,251700
"2020-06-10",232.76,232.76,224.08,224.43,208.4469,254800
"2020-06-11",217.42,220.47,215.88,218.39,202.8371,307700
"2020-06-12",225.12,225.12,212.82,218.99,203.3943,346300
"2020-06-15",214.14,225.86,212.07,224.91,208.8927,207800
"2020-06-16",231.33,232.47,226.96,228.66,212.3757,383600
"2020-06-17",229.57,231.63,226.48,230.19,213.7967,254000
"2020-06-18",229.35,229.35,223.61,225.07,209.0414,190900
"2020-06-19",227.85,229,218.95,221.78,205.9857,409000
"2020-06-22",219.62,224,218.38,223.71,207.7782,150800
"2020-06-23",225.95,229.87,225,229,212.6915,245600
"2020-06-24",227.83,228.72,223.34,225.43,209.3757,369600
"2020-06-25",223.6,225.99,221.22,225.26,209.2178,294000
"2020-06-26",224.95,226.53,221.8,225.33,209.2828,903600
"2020-06-29",228.58,237.14,226.95,229.81,214.1756,433700
"2020-06-30",229.8,236.55,228.58,232.99,217.1393,293600
"2020-07-01",233.61,235.14,229.92,231.35,215.6109,253000
"2020-07-02",235.64,237.93,232.72,233.17,217.3071,221800
"2020-07-06",236.67,238.73,234.63,238.24,222.0322,204500
"2020-07-07",236.59,239.68,235.7,237.52,221.3612,207100
"2020-07-08",239.9,245.59,237.7,244.6,227.9595,481300
"2020-07-09",244.63,246.62,240.91,242.43,225.9371,312900
"2020-07-10",242.37,242.48,237.5,238.73,222.4889,273500
"2020-07-13",239.69,241.07,230.01,231.79,216.021,395500
"2020-07-14",231.28,239.74,229.37,238.94,222.6846,432700
"2020-07-15",242.98,248,241.46,247.04,230.2335,312700
"2020-07-16",246.33,254.06,245.4,252.56,235.378,539500
"2020-07-17",253.18,253.18,243.73,247.84,230.9791,365500
"2020-07-20",239.25,260,239.25,254.76,237.4283,707800
"2020-07-21",254.57,256,250.71,254.03,236.748,467900
"2020-07-22",255,259.85,254.34,257.77,240.2335,287800
"2020-07-23",258.82,265.02,258.82,264.27,246.2913,494300
"2020-07-24",265.29,267.38,262.5,265.78,247.6986,389100
"2020-07-27",265.07,272.05,265.07,272,253.4955,229500
"2020-07-28",270.12,273.9,269.64,270.95,252.5169,324300
"2020-07-29",269.41,277.42,269.41,274.58,255.8999,185800
"2020-07-30",271.46,272.88,269.55,270.87,252.4422,227700
"2020-07-31",270.6,270.6,263.92,268.14,249.898,193800
"2020-08-03",269.65,271.68,267.65,270.18,251.7992,224900
"2020-08-04",271.21,273.82,268.13,273.02,254.446,207500
"2020-08-05",274.62,275.44,270.2,273.27,254.679,190700
"2020-08-06",273.66,274.11,270.56,270.88,252.4516,156100
"2020-08-07",271.23,271.48,264.93,266.76,248.6119,419200
"2020-08-10",267.57,269.79,265.05,269.67,251.3239,393900
"2020-08-11",272.3,278.68,270.93,273.47,254.8654,259300
"2020-08-12",276.39,281.09,274.16,277.51,258.6305,171700
"2020-08-13",276.35,280.76,274.09,277.31,258.4442,169300
"2020-08-14",275.82,279.53,273.47,277.97,259.0592,122300
"2020-08-17",277.24,279.04,273.47,276.86,258.0247,260400
"2020-08-18",277.47,279.74,276.6,278.25,259.3202,199700
"2020-08-19",278.4,282.12,278.38,279.8,260.7647,190500
"2020-08-20",278.64,279.37,275.33,275.71,256.953,140700
"2020-08-21",275.61,277.97,274.4,277.39,258.5187,161700
"2020-08-24",278.71,282.58,278.16,282.58,263.3556,184200
"2020-08-25",284.29,284.29,280.61,284,264.6791,130900
"2020-08-26",284,287.94,282.4,286.61,267.1115,215700
"2020-08-27",288.98,289.31,281.56,283.07,263.8123,174000
"2020-08-28",285.1,286.24,283.54,284.69,265.3221,201200
"2020-08-31",283.42,289.94,279,280.33,261.2587,312200
"2020-09-01",280.39,287.95,278.34,286.69,267.186,203400
"2020-09-02",286.19,289.15,281.75,287.8,268.2206,199800
"2020-09-03",287.97,287.99,277.34,278.7,259.7397,210100
"2020-09-04",282.94,282.94,272.52,277.53,258.6492,256700
"2020-09-08",275.36,275.36,268.72,269.09,250.7833,245700
"2020-09-09",270.21,275.65,270.21,273.42,254.8188,208400
"2020-09-10",274.47,274.47,269.09,270.43,252.0323,150100
"2020-09-11",272.14,275.56,271.26,274.64,255.9557,155500
"2020-09-14",277.6,277.65,273.76,276.48,257.6707,153800
"2020-09-15",277.28,280.38,273.04,273.23,254.6417,194200
"2020-09-16",274.96,276.89,273.33,274.12,255.4712,196100
"2020-09-17",271.6,274.82,270.63,274.63,255.9464,231800
"2020-09-18",276.13,276.6,266.54,267.65,249.4413,433600
"2020-09-21",263.71,267.48,259.82,266.96,248.7982,321400
"2020-09-22",267.74,271.4,266.46,270.46,252.0602,212400
"2020-09-23",269.9,274.1,260.28,260.35,242.638,263400
"2020-09-24",260.56,265.95,259.62,264.06,246.0956,170100
"2020-09-25",262.28,265.78,261.44,263.98,246.021,179200
"2020-09-28",266.27,272.48,266.27,271.8,253.309,155900
"2020-09-29",271.79,275.6,271.78,272.65,254.1012,239000
"2020-09-30",272.01,276.56,269.92,272.61,254.7834,226600
"2020-10-01",274.87,275.68,271.09,274.02,256.1011,160700
"2020-10-02",270.31,277.13,269.23,275.58,257.5592,157500
"2020-10-05",279.49,285.18,279.49,281.93,263.494,197300
"2020-10-06",283.23,284.79,277.38,278.4,260.1949,198000
"2020-10-07",280.58,282.44,275.58,277.73,259.5687,277100
"2020-10-08",278.14,280.13,273.57,276.82,258.7182,294100
"2020-10-09",279.42,287.1,279.4,283.48,264.9427,244300
"2020-10-12",285.1,289.96,284.33,289.41,270.4848,263600
"2020-10-13",287.79,291.7,285.3,285.41,266.7465,369800
"2020-10-14",286.5,290.16,285.88,288,269.1671,147400
"2020-10-15",285.82,289.44,285.52,288.16,269.3166,156200
"2020-10-16",290.51,291.31,287.07,288.22,269.3727,230700
"2020-10-19",292.9,297,275.02,278.45,260.2416,638000
"2020-10-20",283.35,289.81,279.57,284.03,265.4567,633100
"2020-10-21",283.94,288.11,282.99,283.98,265.41,281200
"2020-10-22",286.04,288.98,283.45,288.62,269.7465,294400
"2020-10-23",290.28,292.66,287.47,288.09,269.2513,183800
"2020-10-26",285.14,286.18,280.82,281.81,263.3818,246000
"2020-10-27",282.88,288.76,280.25,283.64,265.0921,240700
"2020-10-28",279.62,282.39,272.48,273.03,255.176,350500
"2020-10-29",272.51,279.08,272.28,276.57,258.4845,261400
"2020-10-30",276.62,279.35,269.33,271.66,253.8956,255500
"2020-11-02",276.32,283.85,276.32,283.58,265.0361,353300
"2020-11-03",287.09,292.48,285.85,291.25,272.2046,399700
"2020-11-04",291.02,297.98,285.15,293.5,274.3074,428400
"2020-11-05",296.32,306.45,296.32,304.07,284.1862,291600
"2020-11-06",303.65,308.07,301.06,306.63,286.5787,265900
"2020-11-09",313.21,319.77,291.52,291.83,272.7466,505800
"2020-11-10",295.28,299.14,292.76,294.32,275.0738,338800
"2020-11-11",296.49,296.56,289.42,292.59,273.4569,264300
"2020-11-12",292.03,294.95,287.71,291.12,272.083,272300
"2020-11-13",294.87,300.88,294.87,298.82,279.2796,173100
"2020-11-16",300.71,302.56,296.02,301.76,282.0273,199800
"2020-11-17",298.35,300.41,295.44,299.09,279.5318,169600
"2020-11-18",299.95,300.81,295.65,296.15,276.7842,192900
"2020-11-19",294.75,298.92,294.02,298.51,278.9897,174200
"2020-11-20",294.94,298.5,290.92,294.61,275.3448,210500
"2020-11-23",296.64,298.57,293.62,295.86,276.5131,168500
"2020-11-24",298.53,303.23,296.48,300.71,281.0458,196900
"2020-11-25",301.9,301.9,287.84,288.97,270.0737,312300
"2020-11-27",288.99,291.27,286.47,289.96,270.9988,87500
"2020-11-30",286,288,282.37,287.83,269.0082,466500
"2020-12-01",291.16,291.51,286.33,288.35,269.4942,249900
"2020-12-02",285.87,287.59,276.28,280.99,262.6155,235000
"2020-12-03",282.24,285.26,279.45,280.53,262.1855,325900
"2020-12-04",281.06,282.27,275.66,276,257.9518,251200
"2020-12-07",277.42,279.51,273.68,277.05,258.9331,252600
"2020-12-08",277.43,283.28,276.94,282.96,264.4566,196300
"2020-12-09",280.15,287.66,280.15,286.06,267.3539,231900
"2020-12-10",284.28,285.49,273.06,277.81,259.6434,379500
"2020-12-11",276.22,281.07,274.92,280.42,262.0827,250700
"2020-12-14",282.8,282.8,272.53,273,255.148,264100
"2020-12-15",274.15,277.83,272.12,277,258.8864,479200
"2020-12-16",276.74,279.78,271.63,276.47,258.3911,455800
"2020-12-17",278.43,281.53,274.36,280.59,262.2416,256400
"2020-12-18",283.05,285.03,274.75,277.56,259.4098,482900
"2020-12-21",274.36,279.28,274.36,277.36,259.2229,322900
"2020-12-22",276.69,279.6,272.58,272.82,254.9797,234800
"2020-12-23",272.85,277.61,271.1,273.42,255.5405,184700
"2020-12-24",273.29,275.06,272,273.43,255.5498,72400
"2020-12-28",273.88,276.05,271.05,272.18,254.3816,163300
"2020-12-29",274.3,274.3,268.02,270.11,252.4469,166900
"2020-12-30",270.01,274.97,270.01,271.99,254.9307,181900
"2020-12-31",271.74,274.58,268.53,273.97,256.7865,251200
"2021-01-04",274.68,276.09,266.77,268.23,251.4065,233900
"2021-01-05",268.5,271.85,267.32,268.26,251.4346,254300
"2021-01-06",269.92,276.68,269.92,273.5,256.346,249400
"2021-01-07",272.9,278.23,271.9,278.15,260.7044,253800
"2021-01-08",280,280.28,271.32,273.92,256.7396,168900
"2021-01-11",271.88,277.73,271.88,273.9,256.7209,189900
"2021-01-12",274.62,283.16,270.6,282.85,265.1096,262400
"2021-01-13",283.81,285.99,280.89,280.99,263.3663,242300
"2021-01-14",281.35,287.35,279.59,284.51,266.6655,251900
"2021-01-15",281.71,283.79,278.3,281.44,263.788,205100
"2021-01-19",283.89,288.49,281.55,281.8,264.1254,272000
"2021-01-20",282.95,289.95,280.77,289.6,271.4362,255600
"2021-01-21",289.34,294.81,287.67,293.5,275.0916,285500
"2021-01-22",292.6,294.79,288.81,293.15,274.7635,190700
"2021-01-25",292.21,292.21,286.44,290.4,272.186,201200
"2021-01-26",291.11,293,287.86,290.64,272.411,190700
"2021-01-27",287.27,293.91,283.23,293.39,274.9886,348400
"2021-01-28",295,299.08,285.14,285.24,267.3497,413400
"2021-01-29",284.5,285.73,274.4,275.49,258.2113,246400
"2021-02-01",278.21,284.09,276.21,283.12,265.3627,361000
"2021-02-02",282.15,286.08,270.45,276.75,259.3922,440200
"2021-02-03",275.34,276.99,270.07,270.85,253.8623,212800
"2021-02-04",270.46,275.19,268.74,272.77,255.6618,307600
"2021-02-05",274.83,279.67,272.73,274.26,257.0583,248700
"2021-02-08",275.06,283.78,274.68,283.78,265.9812,309500
"2021-02-09",282.95,286,278.2,284.82,266.9561,219000
"2021-02-10",285.74,289.59,284.31,286.69,268.7087,177600
"2021-02-11",287.59,292.79,285.92,291.96,273.6481,252500
"2021-02-12",290.22,294.58,288.7,292.86,274.4917,163300
"2021-02-16",292.71,293.52,290.17,291.03,272.7765,187600
"2021-02-17",290.1,296.6,289.5,293.6,275.1854,274700
"2021-02-18",292.58,293.24,286.23,290.37,272.158,324200
"2021-02-19",291.51,295.8,291.33,293.68,275.2603,208200
"2021-02-22",291.84,294.87,286.6,289.65,271.483,237800
"2021-02-23",289.32,290.29,283.08,288.35,270.2646,202500
"2021-02-24",287.76,291.72,285.13,290.52,272.2985,290400
"2021-02-25",282.27,288.86,280.39,282.22,264.5191,283900
"2021-02-26",283.03,286.86,278.79,279.77,262.2228,405000
"2021-03-01",282.73,284.96,281.03,281.98,264.2941,327400
"2021-03-02",283.22,285.57,278.16,284.96,267.0872,248700
"2021-03-03",285.51,291.32,283.97,288.6,270.499,258100
"2021-03-04",288.3,290.41,277.4,278.39,260.9293,559700
"2021-03-05",281.63,286.28,279.85,283.08,265.3251,447100
"2021-03-08",284.04,296.11,280.75,292.22,273.8919,325900
"2021-03-09",293.8,295.23,290.22,290.22,272.0174,194600
"2021-03-10",293.04,295,289.72,292.15,273.8263,234300
"2021-03-11",292.76,296.26,290.7,292.62,274.2668,221000
"2021-03-12",292.02,299.56,289.26,297.25,278.6064,193800
"2021-03-15",297.04,304.78,296.8,304.23,285.1486,162700
"2021-03-16",301.65,304.98,299.76,302.87,283.874,186500
"2021-03-17",302.85,305,300.22,304.59,285.4861,188300
"2021-03-18",303.01,305,299.74,304.74,285.6266,226400
"2021-03-19",305,305.28,300.11,301.12,282.2338,475800
"2021-03-22",300.22,303.75,297.52,303.36,284.3332,212900
"2021-03-23",301.81,304.24,297.65,301.6,282.6836,205000
"2021-03-24",304.58,308.87,303.77,306.3,287.0888,168300
"2021-03-25",304.93,313.21,303.74,311.99,292.4219,187000
"2021-03-26",313.84,321.7,310.79,320.84,300.7168,224300
"2021-03-29",320.96,326.83,316.47,317.05,297.1646,270900
"2021-03-30",316.51,318.1,313.48,316.26,297.1457,196200
"2021-03-31",315.36,317.2,309.9,311.59,292.758,388500
"2021-04-01",312.74,317.17,311.24,316.74,297.5967,155200
"2021-04-05",319.99,324.21,318.51,323.25,303.7133,209700
"2021-04-06",325.29,328.96,322.18,326.63,306.889,263900
"2021-04-07",325.65,328.27,322.8,326.72,306.9736,240800
"2021-04-08",325.67,327.94,321.43,325.63,305.9495,228000
"2021-04-09",326.65,332.44,326.26,332.42,312.3292,226000
"2021-04-12",332.43,334.81,330.15,331.07,311.0606,197400
"2021-04-13",330.3,332.98,328.82,331.5,311.4647,236600
"2021-04-14",330.43,333,327.56,328.23,308.3923,163800
"2021-04-15",328.67,332.55,326.6,328.66,308.7964,219100
"2021-04-16",330.06,335,329.78,333.99,313.8042,189000
"2021-04-19",334.91,336.5,333.54,335.8,315.5049,180800
"2021-04-20",336.94,339.02,330.26,334.55,314.3304,284700
"2021-04-21",333.88,339.5,333.18,333.69,313.5224,288300
"2021-04-22",334.84,337.93,333.24,335.06,314.8095,226800
"2021-04-23",334.17,336.27,333.01,334.46,314.2458,337700
"2021-04-26",347.13,348.25,320,332.49,312.3949,514100
"2021-04-27",332.73,339.18,328.57,339.09,318.596,264200
"2021-04-28",338.94,338.94,331.31,331.65,311.6056,242600
"2021-04-29",332.15,342.66,332.15,341.17,320.5503,322400
"2021-04-30",340.61,341.92,334.25,335.34,315.0726,239100
"2021-05-03",337.77,342.37,337.01,339.98,319.4321,177500
"2021-05-04",339.33,344.76,339.15,341.33,320.7005,144900
"2021-05-05",341.37,344.6,339.42,344,323.2093,150200
"2021-05-06",344.88,346.26,340.85,342.28,321.5932,186200
"2021-05-07",341.35,349.57,339.66,348,326.9675,142600
"2021-05-10",348.79,356.36,348.28,353.51,332.1445,195700
"2021-05-11",349.92,350.03,343.62,346.4,325.4642,234200
"2021-05-12",344.83,344.83,336.03,336.06,315.7491,217500
"2021-05-13",337.44,349.79,335.05,347.93,326.9017,257100
"2021-05-14",349.31,353.1,349.17,350.84,329.6358,165000
"2021-05-17",348.15,350.06,344.19,348.33,327.2775,136800
"2021-05-18",347.39,347.74,339.86,340.16,319.6012,241200
"2021-05-19",335.58,339.58,332.14,338.77,318.2953,187700
"2021-05-20",339.48,343.9,338.77,343.16,322.4199,132100
"2021-05-21",344.3,346.02,341.03,342.73,322.016,158200
"2021-05-24",345.07,345.07,342.06,342.75,322.0348,173400
"2021-05-25",343.54,346.95,343.44,344.56,323.7354,155200
"2021-05-26",346.57,348.51,345.02,346.36,325.4265,140200
"2021-05-27",349.42,349.99,346.16,346.77,325.8118,210100
"2021-05-28",349.03,350.85,346.16,349.93,328.7808,135200
"2021-06-01",350.33,352.44,344.26,349.07,327.9728,231400
"2021-06-02",349.33,349.33,342.52,345.54,324.6562,191000
"2021-06-03",345.03,345.03,338.27,341.7,321.0482,193200
"2021-06-04",343.41,344.35,339.7,341.46,320.8228,145300
"2021-06-07",342.95,342.95,337.44,341.17,320.5503,175000
"2021-06-08",341.92,342.75,339.45,342,321.33,335500
"2021-06-09",341.03,342.22,338.12,338.23,317.7879,235700
"2021-06-10",339.59,341.01,336.38,338.39,317.9384,167200
"2021-06-11",338.31,340.89,336.4,338.89,318.4081,210300
"2021-06-14",337.87,338.5,331.93,333.61,313.4471,268400
"2021-06-15",334.71,336.89,332.77,333.77,313.5975,303900
"2021-06-16",333.23,333.23,326.68,328.58,308.7212,225500
"2021-06-17",328.86,328.93,323.03,325.63,305.9495,213300
"2021-06-18",322.5,325.15,320.04,321.06,301.6557,289400
"2021-06-21",324.15,329.1,323.08,328.55,308.693,156700
"2021-06-22",328,329.72,324.16,327.69,307.8849,123100
"2021-06-23",329.41,329.41,325.29,326.49,306.7575,158000
"2021-06-24",328.83,332.82,325.84,330.64,310.6567,245500
"2021-06-25",330.65,332.58,330.48,331.01,311.0043,249200
"2021-06-28",331.51,339.79,329.24,337.79,317.3746,259600
"2021-06-29",338.51,348.76,337.55,347.9,327.7662,380500
"2021-06-30",347.49,352.99,344.57,350.8,330.4984,662200
"2021-07-01",350.47,350.76,344.83,346.07,326.0421,298800
"2021-07-02",345.81,347.97,345.64,347.09,327.0031,118100
"2021-07-06",348.55,348.55,340.7,345.12,325.1471,197500
"2021-07-07",344.05,354.62,343.96,353.91,333.4284,185300
"2021-07-08",349.22,349.22,340.3,341.53,321.7649,226800
"2021-07-09",344.07,345.05,339.58,342.15,322.349,220100
"2021-07-12",341.9,344.04,338.46,342.62,322.7918,235200
"2021-07-13",340.6,342.91,335.64,336.17,316.7151,164200
"2021-07-14",320,328.14,310.05,310.41,292.4458,1039200
"2021-07-15",308.35,319.19,298.66,317.42,299.0501,687800
"2021-07-16",319.35,321.44,316.29,317.91,299.5117,251800
"2021-07-19",312.31,319.48,312.31,317.14,298.7863,279900
"2021-07-20",319.53,327.93,316.92,325.62,306.7756,319000
"2021-07-21",326.51,328.47,319.8,320.7,302.1403,296100
"2021-07-22",322.17,322.45,314.75,316.05,297.7594,225200
"2021-07-23",318.56,322.28,317.4,320.61,302.0555,237400
"2021-07-26",312,328,310,327.32,308.3773,390400
"2021-07-27",326.73,333.73,323.86,332.08,312.8617,397600
"2021-07-28",332.22,333.62,322.5,327.27,308.3301,277500
"2021-07-29",330.2,334.85,326.76,333.95,314.6235,176100
"2021-07-30",333,336.3,328.88,329.43,310.3651,380500
"2021-08-02",331.85,335.61,328.44,328.44,309.4324,331200
"2021-08-03",330.89,336.67,329.11,332.43,313.1914,501500
"2021-08-04",331.08,337.47,328.65,328.65,309.6303,415200
"2021-08-05",330.04,333.11,326.25,329.6,310.5253,373300
"2021-08-06",330.88,335.7,328.72,333.8,314.4821,233100
"2021-08-09",333.58,337.33,331.74,334.76,315.3866,222500
"2021-08-10",335.17,341.23,334.11,339.26,319.6262,288200
"2021-08-11",341.28,345.16,339.64,344.41,324.4782,205400
"2021-08-12",344.99,345.65,340.49,340.98,321.2466,241800
"2021-08-13",340.51,341.47,337.77,340.48,320.7756,170700
"2021-08-16",338.96,342.12,337.6,339.21,319.5791,293700
"2021-08-17",335.12,337.59,332.26,334.12,314.7837,233800
"2021-08-18",333.55,334.32,325.46,325.83,306.9735,223700
"2021-08-19",322.71,330.82,322.51,330.2,311.0906,213000
"2021-08-20",330.18,335.76,329.99,333.65,314.3408,182500
"2021-08-23",333.69,334.52,330.82,331.33,312.1551,163500
"2021-08-24",331.33,335.2,329.23,330.59,311.458,207700
"2021-08-25",332.93,334.03,330.93,331.44,312.2588,196600
"2021-08-26",331.94,331.94,328.54,328.98,309.9412,214100
"2021-08-27",329.28,334.94,327.32,333.82,314.5011,273100
"2021-08-30",334.69,339.18,333.35,335.71,316.2816,116800
"2021-08-31",336.73,336.73,332.77,335.18,315.7823,220700
"2021-09-01",336.19,336.42,331.27,334.78,315.4055,132300
"2021-09-02",335.77,337.54,333.08,334.99,315.6033,145100
"2021-09-03",334.4,335.15,332.43,332.79,313.5306,121300
"2021-09-07",330.82,334.33,324.65,324.74,305.9465,262200
"2021-09-08",324.94,329.57,323.57,328.52,309.5077,202200
"2021-09-09",329.17,330,324.93,325.75,306.8981,222800
"2021-09-10",326.97,328.55,321.35,321.39,302.7904,237300
"2021-09-13",326.3,328.78,319.78,320.72,302.1591,340900
"2021-09-14",321.25,322.02,307.62,313.29,295.1591,427100
"2021-09-15",314.15,316.65,305.8,312.42,294.3395,510500
"2021-09-16",313.59,314.02,308.15,310.62,292.6437,263900
"2021-09-17",309.17,309.77,304.61,305.83,288.1309,630300
"2021-09-20",301.34,308.79,301.34,306.91,289.1483,317000
"2021-09-21",307.76,308.22,304.4,305.94,288.2345,231200
"2021-09-22",307.71,307.83,303.88,305.7,288.0084,319600
"2021-09-23",306.53,309.31,306.31,308.61,290.75,159300
"2021-09-24",308.55,310.73,307.47,308.63,290.7689,121700
"2021-09-27",306.75,310.71,306.18,308.23,290.392,155000
"2021-09-28",306.92,310.34,302.23,302.32,284.824,275800
"2021-09-29",302.29,304.55,299.36,300.48,283.9546,158600
"2021-09-30",301.4,302.07,294.17,294.17,277.9916,328000
"2021-10-01",295.61,299.52,292.63,297.39,281.0345,292100
"2021-10-04",295.63,297.82,293.69,296.02,279.7398,215600
"2021-10-05",296.24,300.87,294,299.31,282.849,603400
"2021-10-06",297.9,299.78,294.95,297.02,280.6849,495800
"2021-10-07",297.91,306.41,297.91,303.97,287.2527,416100
"2021-10-08",304.36,304.36,294.81,295.05,278.8232,280900
"2021-10-11",294.12,299.38,293.7,295.36,279.1162,124200
"2021-10-12",296.04,300.02,294.77,297.76,281.3842,331400
"2021-10-13",298.66,301.79,296.26,301.28,284.7105,269900
"2021-10-14",304.32,309.44,302.07,309.19,292.1856,152700
"2021-10-15",310.81,313.32,308.78,309.17,292.1668,140900
"2021-10-18",307.94,314.02,305.72,313.11,295.89,146200
"2021-10-19",315.47,315.47,308.27,309.21,292.2045,274700
"2021-10-20",310.17,311.82,308.82,311.02,293.9149,226300
"2021-10-21",310.59,311.9,305.88,310.6,293.518,232200
"2021-10-22",311.44,316.69,309.37,312.18,295.0111,244800
"2021-10-25",296.57,324.68,290.51,304.29,287.5551,859200
"2021-10-26",302.91,309.33,302.34,302.75,286.0999,456900
"2021-10-27",304.24,307.58,296.55,296.99,280.6565,345700
"2021-10-28",298.63,300.71,295.69,297.9,281.5165,301700
"2021-10-29",297.34,301.58,296.75,299.28,282.8206,291300
"2021-11-01",300.47,305.07,297.35,302.99,286.3265,461200
"2021-11-02",303.09,308.26,299.09,305.7,288.8875,352000
"2021-11-03",304.96,306.61,299.6,300,283.501,231500
"2021-11-04",300.79,304.99,300.32,301,284.4461,292700
"2021-11-05",303.66,305.91,299.62,302.18,285.5611,443300
"2021-11-08",302.94,303.75,297.03,301.58,284.9941,311000
"2021-11-09",301.8,309.62,301.8,309.58,292.5541,170500
"2021-11-10",309.65,311.85,307.9,309.28,292.2706,153800
"2021-11-11",309.75,312.62,307.54,311.33,294.2079,194200
"2021-11-12",311.52,322.58,308.97,319.67,302.0893,271200
"2021-11-15",319.59,322.66,314.13,314.64,297.3359,201300
"2021-11-16",313.93,324.43,313,321.36,303.6862,251600
"2021-11-17",322,322.9,318.56,322.14,304.4234,176500
"2021-11-18",323.52,323.52,317.29,319.09,301.5411,160300
"2021-11-19",320.99,325.63,320.57,323.82,306.011,162900
"2021-11-22",324.75,329.3,320.96,322.6,304.8581,223000
"2021-11-23",321.42,325.34,318.13,321.65,303.9603,127600
"2021-11-24",321.83,324.02,318.31,318.65,301.1253,118800
"2021-11-26",315.18,322.89,315.18,317.46,300.0007,161700
"2021-11-29",319.67,322.82,314.7,322.12,304.4045,218100
"2021-11-30",321.13,328.16,309,309.02,292.0249,582500
"2021-12-01",311.36,316.08,301.55,301.96,285.3532,273800
"2021-12-02",301.25,313.71,301.25,311.62,294.4819,170200
"2021-12-03",312.09,317.05,309.17,316.04,298.6589,230300
"2021-12-06",323.55,329.48,320.92,327.82,309.791,420700
"2021-12-07",331.25,334.03,326.55,327.8,309.7721,317400
"2021-12-08",328.26,333.93,326.46,332.7,314.4026,349900
"2021-12-09",331.53,334.78,327.73,327.91,309.8761,285100
"2021-12-10",328.98,331.9,325.4,331.74,313.4955,234800
"2021-12-13",332.39,334,328.93,331.3,313.0796,253500
"2021-12-14",330.01,331.59,319.07,324.1,306.2755,235100
"2021-12-15",326.99,326.99,312.79,322.26,304.5368,352200
"2021-12-16",325.19,326.39,320.25,324.93,307.0599,259800
"2021-12-17",322.39,325.15,311.86,312.48,295.2947,488800
"2021-12-20",311.08,311.2,303.11,307.96,291.0232,245400
"2021-12-21",311.2,314.14,306.89,313.95,296.6838,157700
"2021-12-22",313.71,315.98,311.25,313.52,296.2775,110700
"2021-12-23",313.6,317.81,313.6,316.11,298.725,148700
"2021-12-27",319.91,321.03,313.64,321.03,303.3744,96600
"2021-12-28",321.14,325.6,321.1,322.85,305.0944,120200
"2021-12-29",322.51,327.09,322.51,326.46,308.5058,86900
"2021-12-30",327.12,327.32,322.66,323.11,306.2029,96400
"2021-12-31",321.49,326.1,321.45,324.36,307.3875,81200
"2022-01-03",323.89,324.04,311.13,314.12,297.6833,335800
"2022-01-04",316.15,323.89,313.54,315.17,298.6784,208700
"2022-01-05",316.56,318.41,308.71,308.76,292.6039,193800
"2022-01-06",309.69,312.43,307.82,309.04,292.8692,208500
"2022-01-07",308.02,312.96,304.35,304.98,289.0216,247600
"2022-01-10",303.83,305.98,297,305.8,289.7987,186000
"2022-01-11",307.72,308.65,303.22,308.58,292.4333,216100
"2022-01-12",309.47,311.88,304.88,305.88,289.8745,163200
"2022-01-13",307.54,309.28,299.27,300.95,285.2025,223300
"2022-01-14",297.65,297.72,289.83,291.42,276.1711,219700
"2022-01-18",287.04,294.27,283.09,292.84,277.5168,269600
"2022-01-19",294.61,297.31,290.5,290.77,275.5552,220800
"2022-01-20",292.51,295.53,283.06,283.83,268.9783,233500
"2022-01-21",283.28,287.98,280.14,280.46,265.7846,167400
"2022-01-24",276.42,289.19,273.97,288.6,273.4988,275800
"2022-01-25",284.95,286.34,276.21,283.8,268.9498,339400
"2022-01-26",285.91,288.84,271.52,275.13,260.7335,265000
"2022-01-27",276.13,279.72,269.45,272.45,258.1938,244700
"2022-01-28",273.53,279.53,269.03,279.23,264.619,256300
"2022-01-31",277.7,283.8,277.7,283.62,268.7793,379700
"2022-02-01",284.73,287.32,271.34,277.27,262.7616,500800
"2022-02-02",279.94,284.14,270.12,272.15,257.9095,470500
"2022-02-03",269.46,271.24,265.2,268.74,254.6779,352500
"2022-02-04",267.58,270.52,260.49,266.98,253.0101,336200
"2022-02-07",268.13,271.03,264.12,268.95,254.8769,338300
"2022-02-08",268.38,276.87,267.21,273.26,258.9614,330900
"2022-02-09",276.54,279.5,273.04,275.52,261.1031,1512200
"2022-02-10",270.21,273.17,264.89,266.58,252.631,332900
"2022-02-11",266.79,269.95,261.22,263.23,249.4563,248800
"2022-02-14",263.98,265.56,260.32,262.75,249.0013,344200
"2022-02-15",264.35,268.24,263.69,265.15,251.2758,192300
"2022-02-16",263.2,265.63,260,261.93,248.2243,296700
"2022-02-17",258.72,259.17,252.57,252.74,239.5151,546700
"2022-02-18",253.21,255.28,249.24,251.98,238.7949,391800
"2022-02-22",250.74,253.82,246.33,251.87,238.6907,354200
"2022-02-23",251.65,253.2,248.86,249.15,236.113,461700
"2022-02-24",244.27,257.03,243.92,255.82,242.434,563400
"2022-02-25",255.11,264.87,253.72,264.38,250.5461,388900
"2022-02-28",260.81,272.21,260.81,266.93,252.9626,665000
"2022-03-01",271.52,271.52,262.7,267.52,253.5217,439800
"2022-03-02",266.31,275.23,264.39,274.65,260.2787,450300
"2022-03-03",276.67,277.79,271.06,273.67,259.3499,275400
"2022-03-04",271.17,275.07,266.76,269.64,255.5309,272000
"2022-03-07",268.85,269.33,258.97,259.11,245.5518,320800
"2022-03-08",259.7,260.96,252.21,252.63,239.4109,551700
"2022-03-09",257.74,263.31,255.15,261.3,247.6272,277500
"2022-03-10",257.2,259.87,254.5,255.99,242.5951,330400
"2022-03-11",257.98,260.35,256.24,256.28,242.8699,263600
"2022-03-14",257.34,263.88,255.8,263.19,249.4183,433200
"2022-03-15",264.84,269.25,262.64,268.49,254.441,305300
"2022-03-16",270,271.83,263.46,269.47,255.3697,269400
"2022-03-17",267.64,272.2,267.64,271.43,257.2271,185300
"2022-03-18",270.75,277.48,267.8,276.66,262.1835,422500
"2022-03-21",274.28,279.31,268.73,274.59,260.2218,356000
"2022-03-22",275.01,276.68,272.43,275.42,261.0084,219200
"2022-03-23",271.32,271.51,261.02,262.85,249.0961,403100
"2022-03-24",263.97,263.97,258.94,261.39,247.7125,318000
"2022-03-25",262.24,262.24,256.93,260.23,246.6133,295300
"2022-03-28",258.32,263.36,258.32,262.5,248.7644,242700
"2022-03-29",266.44,270.62,264.34,268.28,254.242,240200
"2022-03-30",265.69,268.83,264.81,266.96,253.8616,203100
"2022-03-31",267.39,267.89,256.96,257.86,245.2081,341200
"2022-04-01",259.48,262.29,256.18,262.23,249.3637,257900
"2022-04-04",260.77,265.04,259.3,261.68,248.8407,343400
"2022-04-05",262.36,266.14,260.19,262.16,249.2971,322500
"2022-04-06",259.96,260.94,257.4,259.28,246.5584,239100
"2022-04-07",257.41,258.9,253.41,257.79,245.1415,359900
"2022-04-08",256.89,260.33,253.71,254.9,242.3933,358400
"2022-04-11",253.13,255.33,246.88,247.23,235.0996,614900
"2022-04-12",249.33,253.54,242.17,242.62,230.7158,408900
"2022-04-13",243.13,247.94,243.11,247.07,234.9475,349200
"2022-04-14",246.91,246.91,239.55,239.96,228.1864,250100
"2022-04-18",239.99,242.48,236.78,237.82,226.1514,312600
"2022-04-19",239.01,246.86,239.01,246.47,234.3769,296500
"2022-04-20",249.55,252.97,248.62,250.77,238.466,232500
"2022-04-21",254.69,258.53,250.24,252.28,239.9019,286500
"2022-04-22",250.48,250.48,245.33,246.84,234.7288,358200
"2022-04-25",240.93,247.5,232,238.94,227.2164,422900
"2022-04-26",234.65,236,223.62,224.07,213.076,547300
"2022-04-27",224.38,228.73,223.19,223.7,212.7241,318900
"2022-04-28",222.52,224.66,216.83,222.99,212.049,332000
"2022-04-29",220.33,221.94,212.6,213.19,202.7298,340000
"2022-05-02",213.77,219.31,210.91,216.59,205.963,233100
"2022-05-03",217.56,218.51,214.12,215.74,205.1547,275300
"2022-05-04",213.53,222.29,210.29,221.85,210.9649,356100
"2022-05-05",219.25,219.95,211.65,213.52,203.0437,317600
"2022-05-06",212.33,213.41,206.57,212.74,202.3019,253100
"2022-05-09",209.66,218.8,209.55,215.83,205.2403,363300
"2022-05-10",218.38,220.63,212.77,216.25,205.6397,524400
"2022-05-11",215.94,218.82,208.8,209.51,199.2304,294100
"2022-05-12",207.54,218.52,207.08,217.82,207.1326,411500
"2022-05-13",216.97,222.95,216.97,221.63,210.7557,485500
"2022-05-16",220.28,220.49,214.49,215.22,204.6602,283700
"2022-05-17",217.27,218.68,210.5,215.58,205.0026,668700
"2022-05-18",212.35,212.35,201.82,202.56,192.6214,426600
"2022-05-19",201.31,208.67,199.67,206.56,196.4252,430900
"2022-05-20",210.26,210.45,203.61,207.75,197.5567,342600
"2022-05-23",209.28,209.28,203.89,204.97,194.9131,282100
"2022-05-24",202.99,203.58,198.71,201.72,191.8226,360400
"2022-05-25",201.32,207.95,199.99,205.3,195.2269,269800
"2022-05-26",206.9,212.66,205.4,208.48,198.2509,210800
"2022-05-27",209.25,212.46,208.59,211.51,201.1322,297900
"2022-05-31",209.31,209.44,205.07,208.9,198.6503,589700
"2022-06-01",209.84,210.78,205.2,206.79,196.6438,407600
"2022-06-02",209.04,214.44,207.43,213.85,203.3575,248200
"2022-06-03",211.16,212.81,209.53,210.75,200.4096,172300
"2022-06-06",212.36,213.45,210.3,211.6,201.2179,148500
"2022-06-07",209.39,213.88,207.5,213.71,203.2243,151700
"2022-06-08",212.86,212.86,209.58,209.96,199.6583,177200
"2022-06-09",208.59,210.54,206.08,206.26,196.1399,506400
"2022-06-10",203.01,204.74,199.81,201.4,191.5183,276800
"2022-06-13",196.74,199.9,195.42,197.46,187.7716,307400
"2022-06-14",198.28,200.3,192.95,195.49,185.8983,330000
"2022-06-15",197.55,200.27,195.16,197.37,187.686,323100
"2022-06-16",192.46,192.99,184.77,186.27,177.1307,442900
"2022-06-17",188.07,190.38,182.85,186.45,177.3018,509800
"2022-06-21",187.84,190.71,185.02,186.89,177.7202,277500
"2022-06-22",184.27,188.91,184.27,188.29,179.0515,307900
"2022-06-23",187.23,198.54,187.23,198.16,188.4373,441900
"2022-06-24",199.7,205.82,199.7,203.64,193.6484,440000
"2022-06-27",204.5,204.68,201.84,203.32,193.3441,267800
"2022-06-28",203.71,206.39,201.95,202.46,192.5263,351800
"2022-06-29",200.29,203.83,197.92,202.59,193.6639,288700
"2022-06-30",201.83,209.15,200.5,206.59,197.4876,459600
"2022-07-01",205.83,212.49,205.83,211.97,202.6306,474000
"2022-07-05",209.38,217.27,208.17,216.86,207.3052,560100
"2022-07-06",218.1,220.22,214.76,216.89,207.3338,468200
"2022-07-07",215.65,218.32,213.29,218.15,208.5383,362500
"2022-07-08",221.48,221.55,212.91,214.49,205.0395,448800
"2022-07-11",213.23,217.91,211.53,215.98,206.4639,319200
"2022-07-12",215.74,220.36,215.74,216.23,206.7029,357700
"2022-07-13",213.71,218.57,211.09,215.85,206.3396,343200
"2022-07-14",213.92,214.53,209.7,213.23,203.8351,234500
"2022-07-15",215.92,218.34,210.8,216.22,206.6933,329800
"2022-07-18",216.09,220.04,211.78,212.23,202.8791,232000
"2022-07-19",214.83,220.51,213.46,219.83,210.1443,242100
"2022-07-20",220.28,222.92,219.22,220.96,211.2245,245600
"2022-07-21",220.42,226.04,218.49,225.39,215.4593,215700
"2022-07-22",226.17,230.81,225.03,227.66,217.6293,343300
"2022-07-25",227.87,228.29,222.26,224.35,214.4651,327900
"2022-07-26",223.09,224.88,218.24,224.43,214.5416,270900
"2022-07-27",225.47,229.12,222.77,227.06,217.0557,454200
"2022-07-28",233.87,237.77,220.5,234.57,224.2348,554200
"2022-07-29",235.37,240.72,231.37,239.53,228.9763,328000
"2022-08-01",238.92,246.76,237,244.37,233.603,305000
"2022-08-02",243.28,243.46,238.53,239.31,228.766,245800
"2022-08-03",240.38,244.35,238.04,244.06,233.3067,177800
"2022-08-04",241.21,246.91,241.21,244.5,233.7273,264500
"2022-08-05",242.06,244.26,238.28,244.07,233.3163,193400
"2022-08-08",244.98,249.94,244.98,246.58,235.7157,174500
"2022-08-09",245.13,245.13,240.87,243.12,232.4081,239700
"2022-08-10",248.27,253.13,246.57,249.51,238.5166,230100
"2022-08-11",251.16,255.07,250.01,251.33,240.2564,205400
"2022-08-12",252.87,262.17,252,261.81,250.2746,313300
"2022-08-15",261.67,267.68,259,267.32,255.5418,372600
"2022-08-16",265.34,267.29,263.2,266.96,255.1977,309300
"2022-08-17",265.19,271.19,264.25,267.49,255.7044,411300
"2022-08-18",266.24,267.18,262.25,267.1,255.3316,192000
"2022-08-19",264.94,264.94,257.02,258.68,247.2825,288500
"2022-08-22",255.37,255.37,249.92,250.29,239.2622,179800
"2022-08-23",248.32,250.57,245.77,246.22,235.3716,210900
"2022-08-24",244.88,250.53,244.3,250.04,239.0233,238600
"2022-08-25",249.57,252.67,248.72,252.47,241.3462,210400
"2022-08-26",252.38,253.44,242.38,242.65,231.9588,227600
"2022-08-29",241.31,245.3,239.55,243.32,232.5993,220800
"2022-08-30",243.6,245.52,239.85,241.28,231.6584,304200
"2022-08-31",242.49,244.03,239.21,240.12,230.5446,334800
"2022-09-01",240,249.37,238.99,248.85,238.9265,431300
"2022-09-02",252.46,252.46,244.58,245.9,236.0941,226000
"2022-09-06",247.19,250.42,242.61,249.98,240.0114,340800
"2022-09-07",250.8,257.96,249.29,257.9,247.6156,319800
"2022-09-08",255.11,260.21,254,257.89,247.606,285500
"2022-09-09",258.37,262.24,256.92,258.21,247.9133,357000
"2022-09-12",259,263.69,257.42,262.81,252.3298,406000
"2022-09-13",255.98,257.73,253.34,254.04,243.9095,454600
"2022-09-14",254.95,255.31,246.55,250.3,240.3187,369200
"2022-09-15",248.96,254.34,248.01,250.04,240.0691,322200
"2022-09-16",247.75,247.75,240.13,244.43,234.6828,636400
"2022-09-19",243.31,246.46,241.75,245.59,235.7965,292800
"2022-09-20",244.26,244.26,232.28,235.31,225.9264,515900
"2022-09-21",236.78,243.25,232.33,232.46,223.1901,462400
"2022-09-22",231.79,232.09,223.19,223.76,214.837,513800
"2022-09-23",222.08,225.24,220.04,224.22,215.2787,421600
"2022-09-26",223.9,225.37,219.53,220.31,211.5246,511100
"2022-09-27",223.36,224.88,218.12,221.28,212.4559,235300
"2022-09-28",224.25,231.82,220.91,231.38,222.1532,433100
"2022-09-29",228.99,231.07,219.87,222.51,213.6369,365400
"2022-09-30",223.83,226.74,220.09,222.67,213.7905,369400
"2022-10-03",223.54,231.14,216.78,228.76,219.6376,355500
"2022-10-04",231.64,238.21,231.64,237.28,227.8179,474100
"2022-10-05",233.06,238.53,233.06,236.03,226.6177,184900
"2022-10-06",234.42,236.48,229.51,230.97,221.7595,311600
"2022-10-07",228.55,228.55,219.8,221.03,212.2159,256500
"2022-10-10",222.43,225.42,220.88,224.19,215.2499,223500
"2022-10-11",224.46,228.35,222.73,224.36,215.4131,329300
"2022-10-12",223.78,225.94,220.9,221.38,212.5519,279500
"2022-10-13",215,221.44,202.97,217.64,208.9611,1175400
"2022-10-14",219.52,221.72,211.25,214.59,206.0327,354700
"2022-10-17",219.72,223.34,219.37,221.68,212.84,254500
"2022-10-18",228.4,230.97,224.99,227.53,218.4567,273700
"2022-10-19",224.27,225.97,214.23,216.54,207.9049,434700
"2022-10-20",217.38,218.54,211.76,214,205.4662,402500
"2022-10-21",215.59,225.25,215.1,224.56,215.6051,340900
"2022-10-24",226.71,229.79,222.62,227.38,218.3127,331400
"2022-10-25",227.56,236.59,227.56,235.55,226.1569,297900
"2022-10-26",235.13,240.26,232.87,234.17,224.8319,479400
"2022-10-27",230,230.41,219.6,227.61,218.5335,681100
"2022-10-28",224.02,237.44,224.02,237.42,227.9523,223300
"2022-10-31",233.86,235.76,231.63,233.57,224.2559,326300
"2022-11-01",238.43,240.22,234.23,234.74,225.3792,339100
"2022-11-02",235.49,242.56,231.18,231.44,222.2108,347600
"2022-11-03",227.37,237.04,227.37,235.95,226.5409,283000
"2022-11-04",239.78,241.19,229.96,234.38,225.0335,299700
"2022-11-07",235.55,238.05,231.84,237.66,228.1827,223500
"2022-11-08",240.13,246.73,237.54,245.49,235.7005,323300
"2022-11-09",243.68,244.09,236.23,236.29,226.8673,304300
"2022-11-10",249.5,263.62,247.78,263.24,252.7427,501800
"2022-11-11",263.05,275.85,261.66,270.03,259.2619,503400
"2022-11-14",267.27,270.18,264.62,264.86,254.298,266700
"2022-11-15",270.54,274.7,269.29,271.34,260.5196,230800
"2022-11-16",271.11,272.3,264.28,266.68,256.0455,280900
"2022-11-17",262.03,265.38,256.9,264.99,254.4229,342800
"2022-11-18",270.4,272.81,265.28,268.57,257.8601,331400
"2022-11-21",267.14,270.83,263.76,267.15,256.4967,247600
"2022-11-22",268.69,269.61,266.23,266.41,255.7863,214800
"2022-11-23",267.38,270.42,265.15,266.49,255.863,203000
"2022-11-25",267.61,268.55,264.79,267.44,256.7752,51200
"2022-11-28",264.94,266.02,257.27,260.02,249.651,235600
"2022-11-29",258.45,262,257.48,260.83,250.4288,178600
"2022-11-30",258.6,260.52,250.77,260.43,250.0447,723600
"2022-12-01",266.67,272.69,263.61,268.36,257.6585,484600
"2022-12-02",261.86,268.51,261.86,266.09,255.479,213200
"2022-12-05",263.98,263.98,255.25,260.01,249.6415,258900
"2022-12-06",261.25,261.57,251.14,256.02,245.8106,324500
"2022-12-07",256.76,259.92,255.51,258.29,247.99,191600
"2022-12-08",258.22,262.43,258.22,260.22,249.8431,199200
"2022-12-09",259.6,261.52,257.59,257.59,247.3179,170100
"2022-12-12",257.28,261.57,252.95,260.06,249.6895,336900
"2022-12-13",272.39,273.25,263.4,266.15,255.5367,365700
"2022-12-14",264.78,264.78,256.97,258.75,248.4317,516700
"2022-12-15",255,255,245.07,248.64,238.7249,644400
"2022-12-16",247.33,251.27,245.98,246.5,236.6702,633000
"2022-12-19",245.45,251.99,243.35,244.88,235.1148,287800
"2022-12-20",243.7,245.69,240.54,244.39,234.6443,351600
"2022-12-21",245.34,248.34,243.76,247.22,237.3615,223500
"2022-12-22",243.42,244.7,238.18,241.57,231.9368,204300
"2022-12-23",240.47,243.87,239.12,243.07,233.377,157200
"2022-12-27",242.78,245.99,241.84,242.93,233.2426,134400
"2022-12-28",243.9,246.16,239.2,239.49,229.9397,170700
"2022-12-29",240.57,245.62,240.57,242.07,233.4501,164600
"2022-12-30",240.14,240.78,235.82,239.23,230.7113,190700
"2023-01-03",243.69,244.22,238.33,241.32,232.7269,288400
"2023-01-04",244.95,246.45,239.41,242.31,233.6816,304500
"2023-01-05",238.75,241.04,233.23,234.75,226.3908,433100
"2023-01-06",236.29,244.39,236.29,243.21,234.5495,311800
"2023-01-09",245.02,249.26,240.64,245.18,236.4494,430000
"2023-01-10",243.27,249.13,243.27,248.36,239.5162,290700
"2023-01-11",249.72,255.23,249.72,254.24,245.1868,242900
"2023-01-12",254.97,256.74,250.57,252.61,243.6148,225100
"2023-01-13",251.75,253.36,250.24,253.08,244.0681,209400
"2023-01-17",253.03,254.38,251.56,252.72,243.7209,344500
"2023-01-18",253.68,254.65,241.89,242,233.3827,402400
"2023-01-19",238.92,241.57,232.98,233.14,224.8381,303000
"2023-01-20",234.78,239.66,232.44,239.66,231.1259,245700
"2023-01-23",240.95,245.16,239.47,244.68,235.9672,300900
"2023-01-24",244.59,251.51,243.15,249.5,240.6156,271500
"2023-01-25",247.26,250.67,245.46,247.73,238.9086,459000
"2023-01-26",248.92,250.85,245.5,248.24,239.4004,256800
"2023-01-27",247.73,251.68,246.68,249.14,240.2684,267600
"2023-01-30",247.57,251.05,243.47,245.17,236.4398,616000
"2023-01-31",266.97,268.84,244.01,260.62,251.3396,735600
"2023-02-01",256.49,269.38,255.16,268.16,258.6111,521700
"2023-02-02",270.2,278.84,269.07,278.78,268.8529,461700
"2023-02-03",274.23,278.72,273.43,274.79,265.005,331900
"2023-02-06",270.66,271.18,266.46,268.41,258.8521,235600
"2023-02-07",265.46,266.16,259.12,263.35,253.9724,265700
"2023-02-08",260.96,265.64,260.96,263.08,253.712,233500
"2023-02-09",266.02,269.27,261.93,262.67,253.3166,227900
"2023-02-10",261.59,264.46,258.29,259.68,250.4331,229700
"2023-02-13",260.91,266.94,260.51,265.77,256.3062,184100
"2023-02-14",264.14,266.72,261.53,264.37,254.9561,194100
"2023-02-15",262.4,266.63,261.15,266.06,256.5859,159700
"2023-02-16",261.43,269.75,261.37,266.85,257.3478,284000
"2023-02-17",265.74,269.62,261.95,269.37,259.778,257800
"2023-02-21",265.81,267.04,254.01,254.3,245.2447,400800
"2023-02-22",256.36,258.89,251.43,253.67,244.6371,187100
"2023-02-23",253.83,256.68,250.84,254.8,245.7268,261400
"2023-02-24",251.22,253.19,248.43,251.12,242.1779,200800
"2023-02-27",254.31,258.1,251.85,253.03,244.0199,185600
"2023-02-28",252.6,256.98,252.33,254.83,245.7558,282600
"2023-03-01",253.15,256.03,251.79,252.23,243.2483,294400
"2023-03-02",249.84,255.49,249.56,255.49,246.3923,142400
"2023-03-03",258.07,262.77,255.62,262.34,252.9984,185300
"2023-03-06",262.08,264.4,259.33,259.88,250.626,303600
"2023-03-07",260.26,263.23,255.95,257.07,247.916,270700
"2023-03-08",257.87,258.41,254.46,257.93,248.7454,123500
"2023-03-09",259.29,259.29,250.33,251.2,242.255,370900
"2023-03-10",251.14,252.41,242.52,245.29,236.5555,296500
"2023-03-13",242.11,246.26,240,244.1,235.4078,415200
"2023-03-14",249.49,251.98,244.47,247.75,238.9279,240800
"2023-03-15",244.09,244.95,236.51,241.95,233.3344,435000
"2023-03-16",240.12,249.06,237.87,245.35,236.6134,381000
"2023-03-17",243.42,244.45,240.66,243.99,235.3018,477200
"2023-03-20",245.71,251.11,243.45,249.49,240.6059,343100
"2023-03-21",252.44,253.75,246.54,249.38,240.4998,261800
"2023-03-22",249.78,253.81,244.71,244.94,236.2179,221900
"2023-03-23",246.25,253.69,244.53,245.97,237.2113,398400
"2023-03-24",243.01,244.4,238.9,244.15,235.4561,304400
"2023-03-27",247.36,247.36,242.51,242.83,234.1831,258100
"2023-03-28",242.86,246.34,242.35,244.29,235.5911,287800
"2023-03-29",247.22,248.78,243.19,245.21,236.4783,266100
"2023-03-30",246.35,247.18,243.87,245.32,237.6116,225900
"2023-03-31",247.5,251.88,247.4,251.28,243.3843,288900
"2023-04-03",250.33,251.57,245.5,247.32,239.5487,312300
"2023-04-04",247.25,248.52,236.06,237.66,230.1923,230800
"2023-04-05",237.57,240.51,233.09,235.47,228.0711,348000
"2023-04-06",235.35,236.41,232,235.18,227.7902,181800
"2023-04-10",232.16,237.73,232.16,236.94,229.4949,336800
"2023-04-11",238.51,244.26,238.51,242.82,235.1901,388000
"2023-04-12",246.56,248.88,245.41,247.1,239.3356,364400
"2023-04-13",248.56,251.74,243.67,251.23,243.3358,310800
"2023-04-14",251.87,255.17,246.22,249.28,241.4471,333400
"2023-04-17",250.09,253.26,248.05,250.49,242.6191,339500
"2023-04-18",253.48,254.99,250.95,254.43,246.4353,394500
"2023-04-19",254.25,258.9,253.58,258.86,250.7262,300700
"2023-04-20",257.8,265.29,257.32,263.53,255.2494,375200
"2023-04-21",264.69,266.03,259.84,262.61,254.3583,215400
"2023-04-24",260,263.97,258.08,260.98,252.7795,310200
"2023-04-25",260.87,263.62,258.96,258.98,250.8424,425600
"2023-04-26",258.11,261.15,256.74,257.07,248.9924,408100
"2023-04-27",269.64,280.91,264.88,280.2,271.3956,925800
"2023-04-28",280.89,284.95,275.63,281.91,273.0519,383800
"2023-05-01",280.98,285.22,279.82,282.43,273.5555,292800
"2023-05-02",282.57,282.57,277.18,281.61,272.7612,264000
"2023-05-03",283.15,286.87,282.31,283.27,274.3691,426300
"2023-05-04",284.78,284.81,277.38,278.74,269.9814,326100
"2023-05-05",280,284.89,279.61,282.56,273.6814,183300
"2023-05-08",283.79,283.79,279.21,281.95,273.0906,189200
"2023-05-09",280.83,284.51,279.98,281.51,272.6644,183000
"2023-05-10",284.29,288.92,279.88,288.09,279.0376,367800
"2023-05-11",286.57,290.6,285.42,289.42,280.3259,468100
"2023-05-12",289.71,291.8,283.91,288.91,279.8318,365800
"2023-05-15",288.01,288.92,283.76,286.48,277.4782,382900
"2023-05-16",283.58,284.65,279.86,280.91,272.0833,365300
"2023-05-17",281.43,288.39,280.55,286.67,277.6623,275800
"2023-05-18",285.84,293.09,284.88,292.48,283.2897,235100
"2023-05-19",293.98,294.73,285.71,288.05,278.9989,272100
"2023-05-22",287.25,288.45,279.95,280.91,272.0833,414500
"2023-05-23",278.56,279,273.94,275.42,266.7658,337100
"2023-05-24",274,275.89,271.51,273.93,265.3226,330500
"2023-05-25",275.61,278.17,272.73,276.41,267.7247,333600
"2023-05-26",276.49,282,276.14,280.54,271.7249,281100
"2023-05-30",281.39,282.51,277.91,280.97,272.1414,261400
"2023-05-31",279.36,280.91,275.46,275.51,266.8529,520100
"2023-06-01",275.58,283.17,273.83,282.98,274.0882,414600
"2023-06-02",286,299.25,284.62,298.23,288.859,454200
"2023-06-05",297.6,297.8,294.11,294.69,285.4303,284200
"2023-06-06",300.57,303.44,295.05,299.74,290.3216,432400
"2023-06-07",298.79,309.57,298.62,307.82,298.1477,320900
"2023-06-08",305.53,307.34,303.7,304.98,295.3969,359800
"2023-06-09",306.19,306.19,298.58,303.38,293.8472,316400
"2023-06-12",303.74,307.2,301.27,305.06,295.4744,280700
"2023-06-13",305.61,311.51,304.43,309.81,300.0752,336800
"2023-06-14",309.81,310.99,304.42,306.64,297.0048,347200
"2023-06-15",305.78,309.94,304.36,308.74,299.0388,328200
"2023-06-16",310.54,312.62,308.45,311.04,301.2665,379400
"2023-06-20",309.08,314.04,309.08,312.17,302.3611,219600
"2023-06-21",312.8,314.54,310.43,313.56,303.7073,318900
"2023-06-22",314.18,315.25,310.21,312.99,303.1552,210100
"2023-06-23",310.02,314.76,309.89,311.71,301.9155,339400
"2023-06-26",312.07,316.1,312.07,314.98,305.0828,193400
"2023-06-27",317.41,324.24,315.71,322.7,312.5602,333500
"2023-06-28",321.33,322.9,320.74,321.44,311.3397,250700
"2023-06-29",320.28,323.52,317.88,322.99,313.9152,193800
"2023-06-30",325.13,328.77,323.57,326.07,316.9088,231300
"2023-07-03",324.79,327.98,323.36,327.05,317.8612,98300
"2023-07-05",324.26,324.79,319.96,321.64,312.6032,235400
"2023-07-06",319.32,319.54,314.11,318.4,309.4543,224400
"2023-07-07",317.68,323.7,316.59,320.08,311.087,284100
"2023-07-10",320.36,326.79,318.1,324.64,315.5189,249900
"2023-07-11",326.15,329.01,326.15,327.17,317.9778,125700
"2023-07-12",332,337.45,328.08,334.3,324.9074,288700
"2023-07-13",334.29,337.39,332.14,337.33,327.8524,236800
"2023-07-14",337.29,337.73,333.75,336.13,326.6861,213000
"2023-07-17",336.83,342.18,334.39,340.46,330.8944,257600
"2023-07-18",338.36,342.86,338.36,339.34,329.8059,169900
"2023-07-19",338.27,339.52,332.06,334.25,324.8589,496600
"2023-07-20",335.31,336.65,330.67,332.01,322.6819,304100
"2023-07-21",332.55,334.19,328.94,330.96,321.6614,270400
"2023-07-24",332.54,337.35,330.22,331.91,322.5847,217900
"2023-07-25",329.83,335.43,329.48,333.53,324.1591,236000
"2023-07-26",333.1,336.26,331.6,335.99,326.55,339700
"2023-07-27",351.64,357.34,340.77,356.46,346.4449,759500
"2023-07-28",360.75,370.28,360.06,363.36,353.151,531100
"2023-07-31",364.87,368.42,361.87,367.44,357.1164,294000
"2023-08-01",366.63,375.24,366.63,374.98,364.4445,369800
"2023-08-02",373.42,374.62,366.71,372.75,362.2772,272900
"2023-08-03",371.83,375.2,369.48,373.61,363.113,265700
"2023-08-04",376.57,379.87,371.26,371.91,361.4608,320400
"2023-08-07",373.91,382.41,373.91,377.15,366.5536,229800
"2023-08-08",374.4,377.89,369,377.38,366.7772,179700
"2023-08-09",376.62,376.62,370.25,371.87,361.4219,190700
"2023-08-10",374,376.47,369.07,371.72,361.2762,145300
"2023-08-11",371.53,374.64,370.88,371.01,360.5861,218800
"2023-08-14",369.39,375.23,367.96,372.66,362.1897,154100
"2023-08-15",369.92,374.01,368.77,369.37,358.9922,151800
"2023-08-16",368.69,373.44,366.91,366.96,356.6499,164300
"2023-08-17",364.77,367.97,352.13,352.19,342.2948,305900
"2023-08-18",350.14,353.52,347.21,348.6,338.8057,351200
"2023-08-21",349.51,351.7,343.17,347.95,338.174,265800
"2023-08-22",348.82,352.5,346.41,350.51,340.6621,237800
"2023-08-23",351.78,365.17,351.06,364.81,354.5602,408800
"2023-08-24",363.49,367.56,357.67,357.67,347.6209,155000
"2023-08-25",359.43,363.9,352.25,360.72,350.5852,166700
"2023-08-28",361.19,366.04,360.85,363.2,352.9955,181700
"2023-08-29",359.9,372.14,359.9,371.62,361.1789,198100
"2023-08-30",372.71,375.79,372.03,373.4,363.9864,216700
"2023-08-31",375.21,378.03,374.5,376.81,367.3104,400600
"2023-09-01",377.96,383.59,377.34,382.36,372.7205,371500
"2023-09-05",380.45,380.92,368.05,373.54,364.1228,250900
"2023-09-06",374.3,387.35,374.24,378.63,369.0845,349100
"2023-09-07",378.13,386.09,371.85,385.1,375.3914,421900
"2023-09-08",384.49,389.99,381.82,387.24,377.4774,522500
"2023-09-11",389.3,392.82,385.92,392.07,382.1856,284700
"2023-09-12",389.18,393.02,382.09,385.78,376.0542,290400
"2023-09-13",383.81,386.89,376.77,378.55,369.0065,305800
"2023-09-14",380.63,385.63,374.77,381.13,371.5215,253800
"2023-09-15",377.62,379.2,369.49,376.43,366.94,507800
"2023-09-18",376.67,380.33,373.49,377.62,368.1,208300
"2023-09-19",376.15,377.71,370.24,376.45,366.9595,170600
"2023-09-20",377.35,382.61,373.25,373.53,364.1131,141700
"2023-09-21",370.54,370.9,362.79,368.19,358.9077,360500
"2023-09-22",373.13,380.21,373.13,374.5,365.0586,407100
"2023-09-25",373.07,380.39,371.87,380.09,370.5077,261500
"2023-09-26",378.44,380.18,364.85,365.38,356.1685,370700
"2023-09-27",367.9,374.97,365.93,374.4,364.9611,337500
"2023-09-28",372.21,384.98,371.23,379.08,369.5231,230400
"2023-09-29",381.76,384.11,374.11,374.44,365.0001,231100
"2023-10-02",374.13,378.57,366.36,368.84,359.5414,411100
"2023-10-03",367.14,369.55,359.77,363.38,354.219,273700
"2023-10-04",364.25,373.81,362.96,372.38,362.9921,257500
"2023-10-05",371.26,374.75,367.66,372.02,362.6411,385000
"2023-10-06",367.05,375.45,359.3,373.62,364.2008,371100
"2023-10-09",377.01,380.04,369.28,379.73,370.1568,363000
"2023-10-10",380.49,389.75,379.91,382.01,372.3793,330900
"2023-10-11",382.55,391.59,382.55,390.2,380.3628,268800
"2023-10-12",388.8,389.34,378.55,384.67,374.9723,242900
"2023-10-13",384.6,385.05,367.24,369.74,360.4186,364500
"2023-10-16",376.37,380.42,374.29,377.3,367.788,201800
"2023-10-17",382.43,383.73,372.15,378.45,368.909,420800
"2023-10-18",373.54,373.54,360.35,361.73,352.6105,375900
"2023-10-19",357.42,369.55,354.15,357.34,348.3312,537900
"2023-10-20",356.21,358.43,346.96,348.5,339.7141,368100
"2023-10-23",349.01,354.47,347.85,349.79,340.9716,314900
"2023-10-24",352.77,355.73,344.38,345.51,336.7995,358000
"2023-10-25",343.55,343.55,334.53,339.3,330.746,726600
"2023-10-26",353.35,369.59,348.79,358.11,349.0818,933800
"2023-10-27",358.98,365.65,354.81,358.74,349.696,488200
"2023-10-30",363.11,369.34,358.85,365.4,356.1881,370600
"2023-10-31",366.83,375.99,366.67,370.54,361.1985,447000
"2023-11-01",372.52,383.51,372.01,383.32,373.6563,438900
"2023-11-02",389.33,395.08,381.34,382.41,372.7692,402000
"2023-11-03",387.78,396.03,386.08,387.12,377.3604,312200
"2023-11-06",385.87,390.16,381.49,385.16,375.4499,201400
"2023-11-07",384.74,394.7,383.31,391.42,381.5521,220500
"2023-11-08",392.58,396.59,391.54,394.13,384.1938,218700
"2023-11-09",395.24,396.41,386.11,387.93,378.15,227100
"2023-11-10",391.01,396.78,388.49,396.61,386.6112,205700
"2023-11-13",394.68,396.66,391.63,392.96,383.0532,185500
"2023-11-14",401.55,410.92,401.55,404.99,394.7799,253300
"2023-11-15",404.01,409.44,402.32,403.63,393.4543,242600
"2023-11-16",404.69,408.93,403.41,405.11,394.8969,204200
"2023-11-17",406.09,407.88,401.27,405.61,395.3843,288100
"2023-11-20",405.14,408.13,399.63,407.51,397.2364,219600
"2023-11-21",405.43,413.79,405.43,410.53,400.1802,313200
"2023-11-22",411.32,415.98,410.74,411.16,400.7944,206500
"2023-11-24",409.95,418.09,409.89,416.43,405.9315,120300
"2023-11-27",414,415.16,408.81,412.21,401.8179,275900
"2023-11-28",410.74,413.94,400.08,401.36,391.2414,298800
"2023-11-29",408.17,410.33,401.02,401.15,391.0368,273600
"2023-11-30",400.06,410.71,397.34,406.66,396.4079,913400
"2023-12-01",405.65,418.4,405.65,418.29,407.7446,240500
"2023-12-04",414.31,422.48,414.31,420.02,409.431,222100
"2023-12-05",419.62,419.62,411.45,413.44,403.0169,203600
"2023-12-06",415.47,423.22,415.47,418.62,408.0663,211200
"2023-12-07",418.24,423.12,415.89,418.66,408.1053,201000
"2023-12-08",420.25,424.12,417.19,420.62,410.0159,263800
"2023-12-11",430.23,434.63,423.9,429.05,418.2334,235200
"2023-12-12",428.73,434.99,426.25,432.51,421.6061,176200
"2023-12-13",432.37,434.72,406.4,424.66,413.9541,735300
"2023-12-14",428.28,444.35,424.32,444.07,432.8748,550800
"2023-12-15",440.26,451.31,439.06,441.51,430.3793,521000
"2023-12-18",442.91,444.69,434.02,437.9,426.8603,180000
"2023-12-19",439.7,443.66,437.9,440.81,429.6969,152000
"2023-12-20",441.35,447.98,434.91,436.04,425.0472,184400
"2023-12-21",440.47,443.69,438,443.69,432.5043,156200
"2023-12-22",446.37,447.48,442.39,443.97,432.7773,105100
"2023-12-26",444.15,447.43,440.92,446.24,434.99,101500
"2023-12-27",446.76,451.35,446.76,448.97,437.6512,128200
"2023-12-28",445.79,448.81,445.79,447.38,437.1724,85300
"2023-12-29",446.38,450.96,445.97,447.52,437.3092,98700
"2024-01-02",442.46,446.53,437.71,441.11,431.0454,126800
"2024-01-03",436.58,436.58,427.86,429.94,420.1302,197900
"2024-01-04",428.27,438.74,425.69,430.61,420.785,191800
"2024-01-05",428.65,434.24,428.32,430.59,420.7654,223400
"2024-01-08",434.19,435.81,429.76,435.27,425.3387,146400
"2024-01-09",433.32,443.97,432.91,443.24,433.1269,203100
"2024-01-10",444.4,447.02,441.51,444.07,433.9379,213000
"2024-01-11",440.61,444.6,435.27,441.73,431.6513,205000
"2024-01-12",444.57,444.57,426.7,430.73,420.9023,370700
"2024-01-16",426.05,433.92,422.74,433.89,423.9902,383600
"2024-01-17",430.39,436.45,430.39,433.13,423.2475,215400
"2024-01-18",436.17,441.41,432.8,441.1,431.0357,205400
"2024-01-19",440.66,444.2,436.05,444.05,433.9183,216900
"2024-01-22",447.54,458.13,447.54,454.64,444.2667,212700
"2024-01-23",452.83,457.02,437.31,442.34,432.2474,300700
"2024-01-24",445.53,445.53,429.16,432.69,422.8175,292400
"2024-01-25",436.3,439.78,431.71,439.48,429.4526,251700
"2024-01-26",440,456.99,427.27,444.25,434.1138,678500
"2024-01-29",444.87,444.87,434.34,437.07,427.0977,590300
"2024-01-30",433.2,448.34,432.06,447.75,437.5339,627100
"2024-01-31",435,450.56,427.87,428.16,418.3909,581200
"2024-02-01",427.86,432.22,417.85,424.61,414.9219,575000
"2024-02-02",421.52,422.67,414.53,419.98,410.3976,421600
"2024-02-05",418.09,425.29,412.09,422.7,413.0555,374000
"2024-02-06",421.2,425.98,421.07,425.28,415.5766,244400
"2024-02-07",431.2,444.28,426.21,437.76,427.7719,286700
"2024-02-08",439.21,450.84,438.57,448.35,438.1202,284800
"2024-02-09",449,458.1,448.24,457.13,446.6999,252800
"2024-02-12",456.3,456.3,445.68,450.11,439.8401,287200
"2024-02-13",434.77,438.24,423.09,432.59,422.7198,486300
"2024-02-14",438.7,448.85,436.87,446.94,436.7425,254600
"2024-02-15",448.51,452.07,443.33,451.3,441.003,215900
"2024-02-16",448.7,454.88,444.96,448.41,438.1789,211800
"2024-02-20",444.86,449.06,442.74,448.86,438.6186,208600
"2024-02-21",449.99,453.74,444.46,448.68,438.4427,230400
"2024-02-22",452.36,459.95,452.36,456.73,446.3091,156200
"2024-02-23",458.96,462.4,455.83,459.29,448.8106,232300
"2024-02-26",459.56,464.26,457.18,463.3,452.7291,199600
"2024-02-27",465.16,469.94,461.99,469.04,458.3382,258400
"2024-02-28",468.43,474.94,464.78,471.7,460.9375,231700
"2024-02-29",474.33,474.98,466.51,471.21,460.4586,306100
"2024-03-01",470.12,476.65,468.93,472.95,462.159,237900
"2024-03-04",474.34,482.16,474.34,478.03,467.123,215200
"2024-03-05",476.79,477.33,471.11,472.38,461.6019,208100
"2024-03-06",477.49,479.91,472.7,475.11,464.2696,247400
"2024-03-07",477.61,483.16,475.76,481.38,470.3966,200400
"2024-03-08",482,485.33,467.28,470.74,459.9994,266600
"2024-03-11",468.8,468.8,457.53,462.69,452.133,246100
"2024-03-12",464.65,471.96,462.03,469.27,458.5629,141300
"2024-03-13",468.82,476.13,467.3,470.62,459.8821,149300
"2024-03-14",471.03,478.86,462.95,469.39,458.6802,270700
"2024-03-15",466.22,474.16,465.66,472.08,461.3088,390600
"2024-03-18",475.08,477.78,470.96,472.61,461.8267,253000
"2024-03-19",468.52,483.43,468.52,482.99,471.9698,171400
"2024-03-20",485.17,488.8,480.52,488.75,477.5984,143400
"2024-03-21",492.96,501.72,489.22,499.26,487.8686,237300
"2024-03-22",497.78,498,490.38,493.85,482.5821,218100
"2024-03-25",493.6,494.1,484.17,489.01,477.8525,165200
"2024-03-26",488.87,491.58,483.92,484.08,473.035,222100
"2024-03-27",486.04,487.76,480.37,486.68,476.6588,150900
"2024-03-28",487,489.94,485.58,488.76,478.696,139800
"2024-04-01",490.87,490.87,482.73,484.16,474.1907,145800
"2024-04-02",481.62,481.62,472.41,478.12,468.2751,212400
"2024-04-03",478.25,483.83,477.06,481.31,471.3994,206100
"2024-04-04",486.56,486.56,465.04,465.99,456.3948,252500
"2024-04-05",467.93,483.19,467.93,480.24,470.3514,240300
"2024-04-08",483.18,487.78,478.06,484.76,474.7784,189500
"2024-04-09",486.07,487.1,470.73,481.63,471.7128,218000
"2024-04-10",468.24,473.81,460.39,467.14,457.5212,241400
"2024-04-11",469.72,470.34,461.08,464.96,455.386,192300
"2024-04-12",461.46,472.14,460.42,471.16,461.4584,300000
"2024-04-15",478.2,481.24,460.82,461.98,452.4674,159700
"2024-04-16",458.7,462.86,453.74,460.99,451.4978,234300
"2024-04-17",462.26,462.88,454.85,457.85,448.4225,323100
"2024-04-18",462.45,467.09,458.14,458.64,449.1962,231900
"2024-04-19",458.87,464.31,454.58,457.15,447.7369,218900
"2024-04-22",460.22,468.08,457.4,459.29,449.8328,394100
"2024-04-23",461.55,479.56,459.52,476.66,466.8452,550600
"2024-04-24",470.2,499.27,456.56,467.85,458.2166,609700
"2024-04-25",463.56,480.84,449.87,475.5,465.709,532200
"2024-04-26",478.81,484.37,476.79,477.11,467.2859,272000
"2024-04-29",478.99,482.21,472.91,477.31,467.4818,319000
"2024-04-30",476.47,480.98,462.79,463.42,453.8778,270100
"2024-05-01",463.86,465.4,451.77,455.15,445.778,600300
"2024-05-02",458.41,458.41,445.63,455.79,446.4048,305100
"2024-05-03",463.29,470.44,458.49,458.73,449.2844,235000
"2024-05-06",463.66,471.39,463.66,470.12,460.4398,186500
"2024-05-07",469.13,476.49,467.39,471.2,461.4976,247900
"2024-05-08",471.46,481.21,467.65,480.66,470.7628,222900
"2024-05-09",480.36,488.79,478.61,488.7,478.6373,188000
"2024-05-10",490.37,495.55,488.4,494.51,484.3276,257500
"2024-05-13",495.64,495.9,484.33,485.48,475.4835,167700
"2024-05-14",486.3,496.95,486.05,496.85,486.6194,247600
"2024-05-15",500,506.41,498.77,503.32,492.9562,195800
"2024-05-16",503.11,503.11,490.85,491.16,481.0465,233500
"2024-05-17",493.87,494.88,484.85,489.86,479.7733,241600
"2024-05-20",489.9,497.94,487.72,490.92,480.8116,281500
"2024-05-21",490.76,494.26,483.81,493.35,483.1915,246700
"2024-05-22",490.22,499.08,490.22,498.44,488.1767,279900
"2024-05-23",503.93,504.24,489.19,491.82,481.693,212800
"2024-05-24",493.47,503.55,488.06,503.42,493.0541,173800
"2024-05-28",504.35,513.78,499.21,502.93,492.5742,317700
"2024-05-29",497.73,498.48,483.98,486.81,476.7861,320300
"2024-05-30",487.59,495.93,485.81,494.06,483.8869,193200
"2024-05-31",497.71,503.65,485.62,502.6,492.251,941200
"2024-06-03",504.56,511.14,483.42,496.31,486.0905,285700
"2024-06-04",494.8,497.93,484.54,487.19,477.1583,256400
"2024-06-05",489.04,501,489.04,499.59,489.303,174900
"2024-06-06",498.39,500.67,488.17,491.55,481.4286,164200
"2024-06-07",489.64,498.81,487.53,497.03,486.7957,258900
"2024-06-10",493.8,508.98,493.8,506.96,496.5212,326700
"2024-06-11",505.13,506.84,500.92,505.35,494.9444,210700
"2024-06-12",516.15,537.18,514.9,533.16,522.1816,458900
"2024-06-13",532.98,541.27,524.63,540,528.881,308200
"2024-06-14",533.37,535.99,521.84,534,523.0045,491500
"2024-06-17",530.96,543.26,529.93,541.42,530.2717,274400
"2024-06-18",539.54,551.28,538.06,550.42,539.0864,375600
"2024-06-20",550,551.06,541,543.55,532.3577,322900
"2024-06-21",543.55,543.55,520.08,543,531.8191,432200
"2024-06-24",543.88,550.64,540.65,547.32,536.0502,246800
"2024-06-25",548.4,549.07,528.07,536.92,525.8643,309000
"2024-06-26",530.08,534.94,527.68,534.27,523.269,212400
"2024-06-27",539.28,543.86,535.15,542.69,531.5156,240100
"2024-06-28",543.17,553.48,532.83,534.98,525.0769,1252000
"2024-07-01",538.29,539.96,520.53,523.72,514.0253,282000
"2024-07-02",523.78,538.17,523.78,536,526.0781,285000
"2024-07-03",537.83,547.74,535.37,547.06,536.9333,168600
"2024-07-05",547.17,547.35,537.15,544.55,534.4697,174800
"2024-07-08",547.98,553.01,542.9,543.18,533.1252,173000
"2024-07-09",541.79,544.02,535.25,535.61,525.6952,226200
"2024-07-10",538.72,547.51,526.28,544.66,534.5777,319200
"2024-07-11",552.66,564.21,550.02,557.51,547.1899,325400
"2024-07-12",565.01,572.21,556.49,557.19,546.8759,277500
"2024-07-15",562.2,572.49,560.63,564.44,553.9916,307000
"2024-07-16",570.14,583.42,566.54,578.3,567.595,264700
"2024-07-17",571.81,575.15,551.45,551.48,541.2716,369700
"2024-07-18",551.07,564.46,543.03,550.4,540.2115,423500
"2024-07-19",553.59,559.73,547.84,555.76,545.4723,344700
"2024-07-22",561.58,565.33,551.47,560.56,550.1835,198800
"2024-07-23",558.36,570.8,558.36,569.21,558.6733,323200
"2024-07-24",535.01,559.63,532,541.15,531.1328,818100
"2024-07-25",543.26,554.85,534.92,545.73,535.628,353900
"2024-07-26",555.66,576.99,555.53,572.8,562.1968,476900
"2024-07-29",574.73,574.89,562.72,569.6,559.0561,211600
"2024-07-30",574.21,578.7,568.44,574.03,563.4042,272900
"2024-07-31",586.25,594.65,578.48,583.5,572.6989,364700
"2024-08-01",584.36,589.4,556.19,564.86,554.4038,274100
"2024-08-02",549.11,549.11,528.64,537.96,528.0019,274500
"2024-08-05",515,540.59,504.41,535.1,525.1948,323800
"2024-08-06",536.11,555.01,530.99,544.48,534.4011,173000
"2024-08-07",553.51,561.73,542.18,543.25,533.1939,253400
"2024-08-08",550,560.89,544.96,557.44,547.1212,220200
"2024-08-09",557.24,565.93,553.15,562.73,552.3132,150100
"2024-08-12",562.31,567.07,554.51,559.2,548.8487,125200
"2024-08-13",564.99,574.33,562.34,573.49,562.874,148800
"2024-08-14",576.26,581.07,572.21,577.1,566.4172,199000
"2024-08-15",587.34,593.86,577.7,585,574.171,251400
"2024-08-16",583.54,586.32,568.22,569.29,558.7518,259600
"2024-08-19",570.86,583.04,569.86,578.14,567.438,239400
"2024-08-20",577.59,579.89,571.93,572.86,562.2557,161900
"2024-08-21",578,583.66,573.86,581.08,570.3236,183700
"2024-08-22",582.3,582.3,568.54,573.94,563.3157,192600
"2024-08-23",579.07,590,574.42,584.1,573.2876,195200
"2024-08-26",586.64,589.76,578.5,578.75,568.0367,153200
"2024-08-27",571.22,584.47,567.21,578.16,567.4575,131500
"2024-08-28",578.07,584.89,573.89,575.56,564.9058,188800
"2024-08-29",578.7,586.25,570.15,574.88,564.2383,144900
"2024-08-30",579.81,591.29,576.97,590.19,579.265,262100
"2024-09-03",589.02,589.89,557.24,561.95,551.5478,235800
"2024-09-04",558.83,560.03,553,555.81,545.5214,191500
"2024-09-05",553.94,556.83,542.08,556.21,545.914,349500
"2024-09-06",559.75,567.12,549.17,554.59,544.324,220200
"2024-09-09",559.21,562.38,549.24,555.07,544.795,261700
"2024-09-10",560.26,562.36,554.44,558.17,547.8377,194600
"2024-09-11",558,568.24,544.68,567.17,556.6711,182000
"2024-09-12",569.11,577.53,564.11,576.87,566.1914,148200
"2024-09-13",587.01,591.28,579.92,591.23,580.2856,278200
"2024-09-16",592.95,606.16,589.59,603.5,592.3286,287700
"2024-09-17",605.8,615.29,602.58,608.58,597.3146,168400
"2024-09-18",612.37,619.28,602.41,602.41,591.2587,217600
"2024-09-19",622.2,627.09,609.58,616.47,605.0584,207800
"2024-09-20",612.99,619.1,610.42,612.54,601.2013,443100
"2024-09-23",615.86,620.88,613.06,617.78,606.3442,176200
"2024-09-24",619.71,620.86,612.8,620.83,609.3378,227500
"2024-09-25",622.39,622.39,615.17,618.78,607.3257,133000
"2024-09-26",622.39,622.62,614.29,615.79,604.3911,139700
"2024-09-27",609.04,614.74,602.25,604.87,593.6732,233900
"2024-09-30",603.89,605.98,594.65,604.29,594.2337,247400
"2024-10-01",603.06,603.28,591.21,596.63,586.7012,296900
"2024-10-02",591.13,598.4,589.36,592.09,582.2368,269800
"2024-10-03",590.5,594.56,585.37,589.36,579.5522,297100
"2024-10-04",594.84,594.84,583.57,594.05,584.1641,257100
"2024-10-07",586.99,594.57,583.3,593.94,584.056,223500
"2024-10-08",600.8,610.3,596.9,607.92,597.8032,200900
"2024-10-09",612.72,617.22,608.41,614.8,604.5687,162000
"2024-10-10",607.82,607.82,593.28,595.91,585.9932,279300
"2024-10-11",596.47,607.21,596.47,604.04,593.9879,193700
"2024-10-14",606.08,609.58,603.78,606.64,596.5447,136200
"2024-10-15",600.57,602.68,592.78,595.1,585.1965,281500
"2024-10-16",595.5,602.14,594.41,600.54,590.5461,208200
"2024-10-17",604.92,606.33,599.08,603.55,593.5061,183500
"2024-10-18",605.59,606.13,601.64,603.05,593.0143,158500
"2024-10-21",603.72,607.15,599.57,603.01,592.975,202500
"2024-10-22",597.82,600.67,592.43,594.37,584.4788,291100
"2024-10-23",595.5,627.46,584.27,609.74,599.593,817500
"2024-10-24",613.97,625.67,603.86,620.66,610.3312,393400
"2024-10-25",622,622,604.41,609.18,599.0423,225000
"2024-10-28",614.73,623.38,609.27,612.64,602.4448,219900
"2024-10-29",610.59,610.96,602.11,610.8,600.6354,215500
"2024-10-30",607.63,608.5,598.22,600.49,590.4969,227300
"2024-10-31",597.03,608.28,597.03,602.57,592.5423,202300
"2024-11-01",605.81,612.86,601.68,603.47,593.4273,157800
"2024-11-04",603.45,612.98,602.2,604.66,594.5975,147200
"2024-11-05",606.15,627.45,605.81,625.62,615.2087,229900
"2024-11-06",625,625.05,596.81,604.78,594.7156,518200
"2024-11-07",604.52,622.5,604.52,622.24,611.885,268500
"2024-11-08",625.55,636.25,617.32,630.95,620.45,277000
"2024-11-11",636.77,653.83,629.57,630.46,619.9681,207400
"2024-11-12",632.08,632.08,614.95,616.08,605.8276,238700
"2024-11-13",624.56,629.86,616.08,619.34,609.0333,303100
"2024-11-14",619.19,619.34,610.83,617.86,607.5779,284800
"2024-11-15",614.4,617,608.12,610.15,599.9962,194300
"2024-11-18",610.09,621.63,608.47,620.2,609.8789,190500
"2024-11-19",615.88,626.64,612.87,623.59,613.2126,157600
"2024-11-20",625.66,625.66,615.07,625.35,614.9433,142000
"2024-11-21",631.6,657.6,631.08,650.6,639.7731,268500
"2024-11-22",649.5,658.69,649,657.69,646.7451,236900
"2024-11-25",663.35,682.5,663.35,678.43,667.14,549400
"2024-11-26",667.29,669.27,655.44,666.26,655.1724,428500
"2024-11-27",666.33,668.45,656.98,660.04,649.056,237400
"2024-11-29",664.58,673.96,664.58,667.13,656.0279,110400
"2024-12-02",670.72,671.16,663.69,667.46,656.3524,158200
"2024-12-03",670.03,670.03,659.93,663.96,652.9108,158600
"2024-12-04",667.36,670.84,658.54,665.53,654.4547,255800
"2024-12-05",666.08,666.37,650.07,651.33,640.4909,233000
"2024-12-06",656.14,664.25,650.17,661.12,650.118,242300
"2024-12-09",657.01,657.01,633.46,638.79,628.1596,352100
"2024-12-10",638.79,649.03,630.31,646.5,635.7412,242200
"2024-12-11",652.22,658.4,649.58,657.48,646.5386,240100
"2024-12-12",656.84,662.03,650.79,662,650.9833,324900
"2024-12-13",662,678.24,657.61,664.5,653.4418,261300
"2024-12-16",664,678.13,660.69,668.03,656.913,331500
"2024-12-17",663.82,668.37,653.99,657.59,646.6467,312700
"2024-12-18",663.64,669.5,637.71,638.32,627.6974,456500
"2024-12-19",660,665.47,616.88,619.88,609.5643,767000
"2024-12-20",619.97,637.26,612.51,628.28,617.8245,7306000
"2024-12-23",632.4,635.28,621.48,625.06,614.6581,301300
"2024-12-24",626.91,631.65,625.5,631.13,620.6271,97300
"2024-12-26",628.03,634.47,625.35,629.64,619.1618,156700
"2024-12-27",626.79,629.19,614.67,620.03,609.7119,216100
"2024-12-30",612.85,618.42,603.55,613.99,603.7723,332200
"2024-12-31",618.28,620.34,608.28,609.3,600.2847,191300
"2025-01-02",614.78,615.41,600.36,604.52,595.5754,244300
"2025-01-03",609.68,613.43,605.67,612.71,603.6443,266300
"2025-01-06",610.23,618.82,604.1,609.98,600.9546,365000
"2025-01-07",610.41,619.7,608.09,611.29,602.2452,324400
"2025-01-08",613.67,626.17,607.28,625.57,616.314,352200
"2025-01-10",617.78,621.21,609.87,610.06,601.0334,319900
"2025-01-13",602.08,619.25,598.13,618.51,609.3584,306300
"2025-01-14",624.35,631.98,622.49,627.71,618.4224,229000
"2025-01-15",642.38,646.35,630.16,630.76,621.4271,389700
"2025-01-16",633.33,646.34,633.33,642.86,633.3481,285600
"2025-01-17",648.68,655.04,644.82,647.46,637.8802,233200
"2025-01-21",652.86,666.9,650.65,663.59,653.7714,229200
"2025-01-22",666.16,670.46,659.6,663.31,653.4955,321300
"2025-01-23",663.78,667.89,657.29,666.93,657.062,204800
"2025-01-24",666.83,670,661.07,662.63,652.8257,266600
"2025-01-27",647.5,662.46,638.63,655.99,646.2838,596500
"2025-01-28",650.65,664.94,643.46,662.59,652.7861,769300
"2025-01-29",630,642.5,603.51,604.33,595.3882,955200
"2025-01-30",599.84,615.38,598.05,606.54,597.5656,582700
"2025-01-31",602.99,609.7,590.67,592.42,583.6544,384500
"2025-02-03",575,588.78,563.78,582.93,574.3049,587900
"2025-02-04",588.13,590.45,576.93,578.37,569.8123,305900
"2025-02-05",587.4,587.8,576.42,585.03,576.3738,358500
"2025-02-06",589.82,589.82,580.24,585.38,576.7186,243000
"2025-02-07",587.06,587.08,570.12,575.14,566.6301,236200
"2025-02-10",577.64,585.48,571.38,583.13,574.502,249300
"2025-02-11",582.46,603.46,582.46,602.35,593.4376,414100
"2025-02-12",588.21,609.21,582.71,608.72,599.7133,505800
"2025-02-13",614.02,623.35,609.16,619.95,610.7771,469900
"2025-02-14",620,623.34,612.61,622.2,612.9938,370000
"2025-02-18",620.95,638.21,620.95,636.03,626.6191,420700
"2025-02-19",632.98,651.72,632.98,651.16,641.5253,451600
"2025-02-20",649.27,654.02,636.96,641.38,631.89,345600
"2025-02-21",644.2,644.2,608.63,613.96,604.8757,380000
"2025-02-24",616.76,623.46,602.13,609.7,600.6788,335900
"2025-02-25",612.59,628,606.47,618.76,609.6047,380400
"2025-02-26",637.69,640.53,621.42,622.97,613.7524,418200
"2025-02-27",619.9,620.76,602.02,602.25,593.3389,286200
"2025-02-28",602.96,602.96,588.87,601.05,592.1567,581900
"2025-03-03",600.26,604.8,581.23,586.98,578.2949,424700
"2025-03-04",577.77,584.1,564.15,572.97,564.4922,542800
"2025-03-05",576.19,597.26,573.91,588.07,579.3688,459500
"2025-03-06",576.99,589.54,574.59,583.9,575.2606,452500
"2025-03-07",579.96,611.29,579.2,606.61,597.6345,547900
"2025-03-10",598.33,624.99,596.76,604.62,595.6739,615000
"2025-03-11",600.11,605.28,564.35,566.17,557.7928,863000
"2025-03-12",576.91,580.24,562.51,569.64,561.2115,501100
"2025-03-13",566,566.96,551.2,558.51,550.2462,352500
"2025-03-14",564.4,577.11,562.37,574.92,566.4134,344800
"2025-03-17",571.48,593.05,568.95,589.16,580.4426,336100
"2025-03-18",585.45,585.45,575.88,581.37,572.7679,324100
"2025-03-19",582.39,595.54,578.68,591.43,582.679,256600
"2025-03-20",584.07,590.04,577.79,578.77,570.2065,647200
"2025-03-21",568.61,571.61,562.74,569.55,561.1228,741300
"2025-03-24",579.45,588.12,575,586.25,577.5757,474300
"2025-03-25",586.01,588.79,581.93,587.91,579.2111,261000
"2025-03-26",592.03,603.04,576.72,578.88,570.3148,386700
"2025-03-27",578.54,583.32,568.04,577.32,568.7778,430600
"2025-03-28",574.4,574.4,550.95,553.05,544.867,369200
"2025-03-31",549.92,566.7,537.74,560.83,552.5319,429200
"2025-04-01",557.05,566.37,552.11,564.83,556.4728,339500
"2025-04-02",555,579.7,555,574.53,566.0291,332000
"2025-04-03",552.56,565.22,541.13,546.82,538.7292,662900
"2025-04-04",528,555.87,520.79,531.3,523.4388,793400
"2025-04-07",522.84,553.41,501.37,524.25,516.493,577000
"2025-04-08",511.1,538.76,501.2,510.52,502.9662,530600
"2025-04-09",510.03,564.62,500.1,561.17,552.8668,673700
"2025-04-10",550.62,558.43,530.4,550.29,542.1478,394400
"2025-04-11",546.13,557.26,537.72,554.42,546.2167,326100
"2025-04-14",562.67,565.09,553.42,558.64,550.3742,275300
"2025-04-15",562.39,566.92,552.93,557.2,548.9556,352100
"2025-04-16",552.24,557.94,540.89,547.86,539.7538,296900
"2025-04-17",551.23,560.49,548.04,556.15,547.9211,293400
"2025-04-21",548.84,555.45,534.36,541.02,533.015,463100
"2025-04-22",548.82,563.25,548.82,558.93,550.66,591200
"2025-04-23",503.04,542,501.38,508.76,501.2323,1369800
"2025-04-24",521.31,526.57,504.42,524.05,516.296,638600
"2025-04-25",523.93,529.63,519.7,527.31,519.5079,413200
"2025-04-28",526.93,536.75,525.93,531.17,523.3107,393400
"2025-04-29",526.87,536.56,525.58,534.91,526.9954,297500
"2025-04-30",529.05,547.49,527.64,546.75,539.8207,519000
"2025-05-01",553.55,569.2,549.9,557.02,549.9606,470500
"2025-05-02",563.81,570.29,559.9,561.51,554.3937,447700
"2025-05-05",555.94,567.29,555.94,562.92,555.7857,631800
"2025-05-06",553.76,569.57,552.8,566.68,559.4982,420100
"2025-05-07",568.61,571.21,562.17,567.97,560.7718,329500
"2025-05-08",572.53,584.35,571.67,576.38,569.0753,248400
"2025-05-09",578.94,583.12,569.46,573.7,566.4292,274900
"2025-05-12",590.61,597.23,585.88,595.73,588.1799,352800
"2025-05-13",596.86,605.92,595,602.34,594.7062,267900
"2025-05-14",602.16,602.16,587.92,591.37,583.8752,340000
"2025-05-15",589.25,594.68,587.35,594.22,586.6891,175500
"2025-05-16",599.28,605.77,592.77,605.77,598.0928,272200
"2025-05-19",595.35,606.07,594.35,604.47,596.8091,201200
"2025-05-20",601.86,604.75,595.73,597.05,589.4832,216500
"2025-05-21",589.5,595.45,569.23,569.95,562.7267,600100
"2025-05-22",567.52,579.07,561.35,574.6,567.3177,437900
"2025-05-23",567.12,572.58,566.22,567.16,559.9721,288400
"2025-05-27",572.06,582,567.09,579.22,571.8792,468200
"2025-05-28",577.74,582.25,568,568.24,561.0384,365800
"2025-05-29",573.36,576.17,565.41,569.5,562.2825,361000
"2025-05-30",568.94,569.08,562.17,564.45,557.2964,901800
"2025-06-02",558.32,560.15,544.07,551.78,544.787,429500
"2025-06-03",551.4,561.46,550.65,560.74,553.6335,269300
"2025-06-04",564.26,565.37,558.18,561.51,554.3937,262600
"2025-06-05",562.38,562.45,546.83,550.61,543.6318,388300
"2025-06-06",556.59,556.81,542.84,552.35,545.3497,387500
"2025-06-09",554.43,558.17,551.36,556.09,549.0424,283700
"2025-06-10",559.96,564,553.35,555.29,548.2525,345500
"2025-06-11",559.97,561.73,550.15,550.95,543.9675,254200
"2025-06-12",552.54,555.42,548.18,550.21,543.2369,345000
"2025-06-13",541.36,547.17,536.15,538.09,531.2705,311000
"2025-06-16",545.24,546.84,540.03,543.96,537.0662,379700
"2025-06-17",538.04,546.59,536.69,537.47,530.6583,351500
"2025-06-18",538.71,555.23,538.1,547.92,540.976,586900
"2025-06-20",552.32,558.25,547.32,550.15,543.1777,746500
"2025-06-23",547.91,565.56,547.91,564.18,557.0298,306900
"2025-06-24",566.66,569.86,562.1,569.15,561.9369,317300
"2025-06-25",571.8,571.8,562.68,564.98,557.8196,205800
"2025-06-26",564.62,567.5,561.03,564.51,557.3557,228600
"2025-06-27",560.27,572.75,555.27,567.49,560.2979,484200
"2025-06-30",568.15,573.6,562.33,573.24,567.2745,369000
"2025-07-01",574,604,573.62,598.66,592.43,529300
"2025-07-02",598.5,604.17,594.57,602.1,595.8342,305300
"2025-07-03",605,606.45,599.18,604.22,597.9321,155600
"2025-07-07",602.69,602.69,588.69,592.09,585.9284,378000
"2025-07-08",591.7,599,590.33,594.54,588.3528,351600
"2025-07-09",598.14,603.5,592.06,602.38,596.1113,245500
"2025-07-10",601.55,624.1,596.97,617.38,610.9552,386500
"2025-07-11",611.09,620.11,609.75,616.85,610.4307,250100
"2025-07-14",615.76,618.67,611.91,615.25,608.8474,227500
"2025-07-15",617.24,617.24,603.61,604.22,597.9321,265500
"2025-07-16",602.76,604.15,587.92,597.16,590.9456,460500
"2025-07-17",599.89,612.71,598.12,611.85,605.4827,205500
"2025-07-18",613.71,620.63,607.17,609.43,603.0878,221600
"2025-07-21",611.47,612,600.71,601.03,594.7753,364500
"2025-07-22",598.25,620.05,598.25,619.97,613.5182,598600
"2025-07-23",679.44,689.44,657.89,660.8,653.9233,1168300
"2025-07-24",662.5,674.4,659.82,664.54,657.6244,397200
"2025-07-25",668.28,668.28,652.2,660.82,653.9431,325800
"2025-07-28",663.56,663.9,648.05,654.42,647.6097,444300
"2025-07-29",655.66,656.37,633.34,639.52,632.8648,390900
"2025-07-30",632.92,634.02,607.26,615.57,609.164,581600
"2025-07-31",613.84,621.9,607,609,602.6624,375800
"2025-08-01",609.07,609.07,598.27,605.87,599.5649,389900
"2025-08-04",607.06,613.86,597.72,600.48,594.231,255000
"2025-08-05",599.97,608.8,596.4,603,596.7248,341000
"2025-08-06",604.04,604.04,592,594.93,588.7388,217000
"2025-08-07",599.22,604,591.45,593.86,587.6799,190600
"2025-08-08",597.31,597.31,581.38,582.19,576.1314,244000
"2025-08-11",579.49,582.43,571.12,582.36,576.2996,298500
"2025-08-12",584.09,592.22,580.41,590.52,584.3747,278500
"2025-08-13",592.06,613.58,591.41,611.69,605.3244,482700
"2025-08-14",598.51,604.85,593.56,599.16,592.9248,281900
"2025-08-15",602.04,602.04,591.64,591.66,585.5027,237400
"2025-08-18",593.65,601.34,592,600.06,593.8154,194000
"2025-08-19",600.82,616.5,599.17,613.47,607.0858,363800
"2025-08-20",610.08,615.75,588.53,589.08,582.9496,747800
"2025-08-21",584,586.01,567.14,570.64,564.7016,535400
"2025-08-22",572.55,597.81,570.77,591.92,585.7601,435600
"2025-08-25",587.45,590.99,570.04,570.54,564.6026,398600
"2025-08-26",572.57,575.26,563.64,567.63,561.7229,391200
"2025-08-27",566.99,571.92,562.6,567,561.0995,524300
"2025-08-28",568.59,569.37,556.92,559.48,553.6577,297100
"2025-08-29",561.32,564.41,553.13,557.86,552.0546,306400
"2025-09-02",550,554.19,541.19,543.57,537.9133,281700
"2025-09-03",542.78,545.61,537,545.04,539.368,332800
"2025-09-04",549.37,567.16,545.42,561.37,555.528,378300
"2025-09-05",566.3,580.58,565.92,578.05,572.0344,437900
"2025-09-08",578.67,582.21,572.75,580.46,574.4194,277600
"2025-09-09",569.74,572.55,553.2,558.08,552.2723,418300
"2025-09-10",558,568.92,540.78,558.78,552.965,521000
"2025-09-11",561.33,577.2,560.35,567.28,561.3766,465100
"2025-09-12",560.65,566.28,543.26,544.48,538.8138,463700
"2025-09-15",547.51,559,541.87,551.85,546.1071,356800
"2025-09-16",549.49,558.11,547.97,550.4,544.6722,352800
"2025-09-17",552.65,559.73,537.72,545.93,540.2488,493600
"2025-09-18",549.21,549.21,538.65,541.74,536.1023,533200
"2025-09-19",546.67,546.67,537.37,539.64,534.0242,380500
"2025-09-22",538.33,538.58,532.46,533.83,528.2747,420900
"2025-09-23",534.43,538.63,526,530.66,525.1376,302900
"2025-09-24",528.51,534.31,522.02,522.44,517.0032,293900
"2025-09-25",520.25,522.44,510.23,516.18,510.8082,509500
"2025-09-26",518.58,524.34,518.01,521.94,516.5083,242900
"2025-09-29",523,525.8,516.3,520.65,515.2319,232400
"2025-09-30",519.35,534.9,519.35,529.36,525.1624,666000
"2025-10-01",528.67,537.82,524.89,537.06,532.8014,566500
"2025-10-02",537.2,551.55,534.95,546.61,542.2756,497100
"2025-10-03",544.4,554.68,538.38,550.63,546.2638,409900
"2025-10-06",559.14,559.67,545.7,553.6,549.2102,420400
"2025-10-07",553.76,554.98,534.96,542.03,537.732,589700
"2025-10-08",542.44,558.26,540.28,554.58,550.1825,371500
"2025-10-09",553.54,553.67,533.81,534.34,530.103,443200
"2025-10-10",537.26,541.31,523.7,524.5,520.341,359300
"2025-10-13",529.14,530.2,519.08,524.25,520.0929,222300
"2025-10-14",520.22,532.04,517.37,530.84,526.6307,364200
"2025-10-15",526.39,539.01,523.13,526.99,522.8112,353200
"2025-10-16",530.94,530.94,520.71,523.94,519.7854,418100
"2025-10-17",520.34,525.18,516.79,522.95,518.8033,374900
"2025-10-20",526.39,538.17,525.96,534.75,530.5097,430000
"2025-10-21",534.74,553.68,532.31,548.99,544.6367,784800
"2025-10-22",550,568.98,485.47,493.07,489.1602,1943900
"2025-10-23",490.32,504.24,490.32,494.99,491.065,588900
"2025-10-24",502.91,502.91,490.58,496.24,492.3051,683300
"2025-10-27",498.27,506.75,491.4,502.22,498.2376,396000
"2025-10-28",496.62,510.96,496.62,501.16,497.186,418100
"2025-10-29",499.37,507.54,487.58,487.78,483.9121,532200
"2025-10-30",483.91,508.74,479.4,495.69,491.7594,712500
"2025-10-31",495.69,505.34,491,505,500.9956,396500
"2025-11-03",501.64,501.64,488.02,493.88,489.9638,468300
"2025-11-04",490.84,494.21,486.09,492.16,488.2574,620000
"2025-11-05",488.96,495.09,481.07,489.99,486.1046,466700
"2025-11-06",489,493.61,486.03,491,487.1066,509600
"2025-11-07",487.6,494.06,482.01,492.22,488.317,433100
"2025-11-10",493.5,495.18,481.38,489.42,485.5391,293700
"2025-11-11",491.21,496.21,486.47,487.39,483.5252,257700
"2025-11-12",489.06,498.78,466.88,476.95,473.168,546500
"2025-11-13",481.84,488.98,475.41,476.66,472.8803,482500
"2025-11-14",473.99,481.58,469.79,471.5,467.7612,246700
"2025-11-17",469.79,469.79,458.22,459.89,456.2433,300800
"2025-11-18",457.31,461.16,452.41,455.54,451.9278,334300
"2025-11-19",459.5,459.5,444.4,446.44,442.9,364300
"2025-11-20",451.02,455.48,443.19,444.26,440.7372,313000
"2025-11-21",449.19,470.4,445.72,465.12,461.4318,654500
"2025-11-24",462.13,476.34,462.13,465.17,461.4814,757900
"2025-11-25",471.23,485.85,467.37,484.16,480.3208,460600
"2025-11-26",481.72,499.65,481.72,493.4,489.4876,591300
"2025-11-28",496.32,500.38,493.36,498.87,494.9142,215700
"2025-12-01",491.35,497.74,487.92,489.46,485.5788,478100
"2025-12-02",492.03,492.03,481.6,487.29,483.4261,490900
"2025-12-03",487.33,506.54,486,500.01,496.0452,762800
"2025-12-04",497,509.7,489.58,504.73,500.7278,712200
"2025-12-05",505.75,512.09,503.42,511.63,507.573,370900
"2025-12-08",510,514.64,498.56,503.43,499.438,590200
"2025-12-09",499.86,502.71,497.54,500.49,496.5214,445500
"2025-12-10",502.88,511.17,499.12,505.78,501.7694,507300
"2025-12-11",509.84,525,506.91,514.86,510.7774,567100
"2025-12-12",517,518.71,504.47,505.76,501.7496,297100
"2025-12-15",509.55,509.55,493.65,496.13,492.196,369200
"2025-12-16",498.44,500.49,488.21,492.43,488.5253,303500
"2025-12-17",490.2,495,486.48,487.47,483.6046,617600
"2025-12-18",494.02,508.94,491.42,494.01,490.0928,366900
"2025-12-19",492.67,499.01,491.13,496.92,492.9797,804600
"2025-12-22",496.76,497.35,486.81,495.48,491.5511,399900
"2025-12-23",495.97,497.4,490.08,494.55,490.6284,231200
"2025-12-24",496.16,498.65,491.37,497.23,493.2872,89600
"2025-12-26",495.75,499.53,494.65,498.16,494.2099,123800
"2025-12-29",499.75,499.8,493.46,496.58,492.6423,140400
"2025-12-30",494.5,499.01,490.96,494,490.0828,154700
"2025-12-31",492.53,494.43,485.42,485.58,483.0006,178300
"2026-01-02",488.18,499.67,484.93,498.91,496.2599,284900
"2026-01-05",499,511.21,495.13,503.9,501.2233,334200
"2026-01-06",495,520.42,490.78,519.85,517.0886,572400
"2026-01-07",524.37,524.37,503.23,504.97,502.2877,520300
"2026-01-08",506.3,523.04,502.49,516.62,513.8757,377100
"2026-01-09",524.12,536.52,521.46,530.23,527.4135,372500
"2026-01-12",528.43,538.09,528.08,533.25,530.4175,233400
"2026-01-13",535.64,539.57,528,531,528.1794,223700
"2026-01-14",530.25,532.38,519.4,525.25,522.4599,264900
"2026-01-15",530.32,530.32,518.66,522.33,519.5554,355500
"2026-01-16",524.64,531.86,521.32,525.87,523.0767,480000
"2026-01-20",515.35,516.3,503.98,505.44,502.7552,518700
"2026-01-21",509.66,516.5,500.75,516.42,513.6768,1077500
"2026-01-22",518.03,522.27,501.16,509.68,506.9727,535500
"2026-01-23",508.15,511.24,501.18,509.76,507.0522,506500
"2026-01-26",509.5,517.21,506.18,512.41,509.6881,416500
"2026-01-27",510.81,516.15,498.32,498.8,496.1504,559500
"2026-01-28",484.32,506.84,472,487.49,484.9005,1184400
"2026-01-29",489.1,498.01,480.81,496.11,493.4747,735200
"2026-01-30",495.34,497.15,485.49,495.08,492.4502,553700
"2026-02-02",492.11,498.02,488.15,495.29,492.6591,585700
"2026-02-03",492.14,513.81,491.29,508.49,505.789,444900
"2026-02-04",514.5,541.34,514.5,534.53,531.6907,769400
"2026-02-05",529.41,534.51,506.79,517.15,514.403,591100
"2026-02-06",524.97,534.83,524.97,529.98,527.1647,464000
"2026-02-09",530.23,534.96,520.39,529.29,526.4785,473800
"2026-02-10",533.04,549.37,529.96,548.56,545.6461,430000
"2026-02-11",546.82,557.69,545.81,557.51,554.5486,630700
"2026-02-12",562.35,575.5,553.94,558.55,555.5831,883200
"2026-02-13",558.37,567.18,554.08,566.65,563.64,442800
"2026-02-17",566.22,574.29,555.59,565.5,562.4961,600800
"2026-02-18",561.78,568.35,547.41,553.89,550.9478,569000
"2026-02-19",551.11,562.62,545.56,550.32,547.3968,476300
"2026-02-20",552.47,572.66,549.12,561.01,558.03,366200
"2026-02-23",562.02,564.91,547.94,554.84,551.8928,220300
"2026-02-24",553.92,569.83,553.92,558.32,555.3543,223000
"2026-02-25",558.3,558.3,532.5,539.95,537.0818,584300
"2026-02-26",541.94,548.27,533.06,544.41,541.5181,302100
"2026-02-27",546.34,573.63,543.41,569.94,566.9125,928800
"2026-03-02",560.5,566.27,549.63,563.4,560.4073,504800
"2026-03-03",546.86,555.64,536.5,552.3,549.3663,328100
"2026-03-04",557.42,557.42,536,550.67,547.7449,502700
"2026-03-05",544.59,549.63,524.97,528.72,525.9115,470100
"2026-03-06",520.38,521.23,504.99,517.47,514.7213,443700
"2026-03-09",506.95,520.02,495.34,516.96,514.214,476700
"2026-03-10",515.23,520.37,508.11,511.86,509.141,320800
"2026-03-11",512.06,512.06,500.55,508.66,505.958,243800
"2026-03-12",504.54,506.25,480.66,482.3,479.7381,473100
"2026-03-13",487.44,489.95,471.01,480.96,478.4052,477100
"2026-03-16",485,488.74,477.99,478.86,476.3163,494200
"2026-03-17",482.59,488.04,472.49,486.98,484.3932,300200
"2026-03-18",482.4,490.53,476.84,477.99,475.451,272500
"2026-03-19",471.26,482.41,467.98,477.21,474.6751,345800
"2026-03-20",477.42,477.42,464.65,467.88,465.3947,493100
"2026-03-23",484.08,487.14,476.31,476.96,474.4265,359500
"2026-03-24",469.63,481.28,462.81,476.97,474.4364,406800
"2026-03-25",485.1,489.05,471.14,481.68,479.1214,279600
"2026-03-26",476.83,481.95,437.86,438.3,435.9718,973900
"2026-03-27",441.77,447.37,434.06,437.87,435.5441,585200
"2026-03-30",445.52,449.76,436.79,443.99,441.6316,623100
"2026-03-31",460.71,468.38,451.39,464.13,463.0203,461800
"2026-04-01",466.35,476.69,462.21,464.84,463.7286,307800
"2026-04-02",456.63,469.13,448.98,454.64,453.553,400300
"2026-04-06",451.16,457.43,446.39,453.59,452.5055,271700
"2026-04-07",449.29,454.11,444.88,450.65,449.5725,315200
"2026-04-08",474.25,482.22,468.97,478.08,476.937,486200
"2026-04-09",474.06,492.06,474.06,488.68,487.5116,262700
"2026-04-10",491.25,508.24,484.54,505.31,504.1019,525100
"2026-04-13",503.51,519.36,503.51,517.88,516.6418,470200
"2026-04-14",517.33,524.43,513.49,520.42,519.1757,364700
"2026-04-15",515.09,515.09,467.78,484.29,483.1321,1043100
"2026-04-16",485.71,488.78,470.9,479.22,478.0742,650500
"2026-04-17",484.06,502.54,483.74,487.11,485.9454,461400
"2026-04-20",484.07,493.74,481.73,493.46,492.2802,271700
"2026-04-21",493.85,504.72,490.49,492.69,491.5121,475400
"2026-04-22",499.82,499.82,488.38,489.76,488.5891,365500
"2026-04-23",491.38,500.04,484.77,493.67,492.4897,541500
"2026-04-24",493.1,499.2,488.48,490.97,489.7962,345100
"2026-04-27",493.53,504.31,492.17,502.24,501.0392,596100
"2026-04-28",503.45,508.08,493.59,495.52,494.3353,558500
"2026-04-29",522.83,535.42,511.94,517.62,516.3824,1041900
"2026-04-30",532.02,551.17,530.03,534.89,533.6111,965700
"2026-05-01",539.58,543.01,526.1,526.33,525.0717,467000
"2026-05-04",525.73,530.87,510.37,514.86,513.629,481100
"2026-05-05",516,523.81,511.26,522.2,520.9515,388800
"2026-05-06",537.57,547.33,537.43,541.37,540.0757,383700
"2026-05-07",543.94,551.5,524.46,526.61,525.351,494400
"2026-05-08",528,534.07,520.9,521.25,520.0038,244500
"2026-05-11",520.58,525.61,513.74,521.48,520.2332,428300
"2026-05-12",521.12,521.24,506.84,508.55,507.3341,320000
"2026-05-13",506.62,509.94,499.82,507.5,506.2867,393200
"2026-05-14",510.73,515.54,503.87,514.38,513.1502,235000
"2026-05-15",510.83,511.93,497.06,499.99,498.7946,396300
"2026-05-18",500.19,503.41,491.63,501.41,500.2112,424200
"2026-05-19",494.43,494.43,479.65,482.69,481.5359,350900
"2026-05-20",484.27,497.17,477.06,493.33,492.1505,370000
"2026-05-21",487.95,492,475.22,480.51,479.3612,538900
"2026-05-22",484.8,492.32,476.67,484.64,483.4813,367000
"2026-05-26",489.83,507.75,488.45,502.56,501.3585,438900
"2026-05-27",509.24,519.42,502.19,503.16,501.957,444600
"2026-05-28",492,500.44,481.49,497.02,495.8317,473300
"2026-05-29",493.53,510.04,490.59,502.16,500.9594,609400
"2026-06-01",497.03,508.43,489.53,496.77,495.5823,265900
"2026-06-02",541.47,542.19,511.92,516.37,515.1354,554600
"2026-06-03",515.03,526.95,510.51,515.3,514.068,370300
"2026-06-04",520.8,526.5,514.55,518.08,516.8414,211000
"2026-06-05",510.99,515.61,503.76,508.43,507.2144,363100
"2026-06-08",508.31,522.61,501.71,513.45,512.2224,332700
"2026-06-09",519.89,532.26,514,529.04,527.7751,294700
"2026-06-10",526.84,530.61,504.56,504.8,503.5931,221400
"2026-06-11",508.7,517.61,493.54,517.03,515.7939,397700
"2026-06-12",521.24,523.7,508.78,512.15,510.9255,272300
"2026-06-15",522.69,532.03,522.1,524.17,522.9167,286000
"2026-06-16",527.71,534.66,522.9,528.33,527.0668,222900
"2026-06-17",527.85,537.68,512.68,516.11,514.876,322400
"2026-06-18",531.6,543.67,529.77,532.43,531.157,531700
"2026-06-22",532.22,538.66,528.54,536.04,534.7584,296900
"2026-06-23",527.91,531.05,519.48,523.59,522.3382,348300
"2026-06-24",528.97,555.86,528.97,551.75,550.4308,454300
"2026-06-25",559.82,580.11,558.96,570.73,569.3654,509000
"2026-06-26",566.03,569.37,558.8,563.87,562.5219,991600
"2026-06-29",560.45,571.37,555.14,568.83,567.47,495800
"2026-06-30",575.93,582.99,569.72,572.95,572.95,526100
"2026-07-01",568.06,587.27,564.24,571.08,571.08,597000
"2026-07-02",573.07,578.87,561.1,570.03,570.03,547300
"2026-07-06",569.34,574.17,559.69,568,568,328000
"2026-07-07",566.03,566.03,549.66,556.93,556.93,391300
"2026-07-08",546.87,546.87,535.63,537.76,537.76,340900
"2026-07-09",542.87,545.56,529.17,537.5,537.5,498300
"2026-07-10",540.55,555.93,539.07,552.03,552.03,264500
"2026-07-13",550.94,560.21,545.43,551.18,551.18,382500
"2026-07-14",558.92,564.95,553.95,562.77,562.77,439100
"2026-07-15",561.67,562,535.02,548.67,548.67,541900
"2026-07-16",542.54,558.94,542.07,558.57,558.57,284100
"2026-07-17",549.56,561.15,538.92,543.93,543.93,448300
"2026-07-20",545.36,545.36,530.6,533.58,533.58,449600
"2026-07-21",536.48,538.2,523.16,529.88,529.88,286800
"2026-07-22",530.85,537.67,530.34,532.78,532.78,213900
"2026-07-23",533.97,541.92,529.82,537.89,537.89,321000
"2026-07-24",535.49,544.64,532.25,541.13,541.13,251500
"2026-07-27",547.54,558.13,542.52,547.35,547.35,470200
"2026-07-28",541.74,553.38,532.4,544.11,544.11,1015500
"2026-07-29",491,491.9,428,430.02,430.02,1888200
"2026-07-30",430.01,433.14,411.41,417.45,417.45,940300
"2026-07-31",421.97,427.67,415.27,415.88,415.88,931000
"2026-08-03",422.12,435.77,420.88,435,435,799300
"2026-08-04",440.64,448.6,435.06,446.74,446.74,640600
"2026-08-05",442.77,456.5,442.77,446.87,446.87,744200
"2026-08-06",444.72,448.96,434.36,435.73,435.73,591300
"2026-08-07",434.3,444.1,434.3,439.77,439.77,598200
"2026-08-10",437.83,439.96,421.45,423.28,423.28,526500
"2026-08-11",425.37,432.37,424.17,430.83,430.83,390300
"2026-08-12",438.19,438.2,419.23,420.91,420.91,353400
"2026-08-13",425.68,427.01,416.01,418.31,418.31,595700
"2026-08-14",416.83,424.49,415,422.01,422.01,524500
"2026-08-17",421.24,425.56,412.4,416.13,416.13,404800
"2026-08-18",416,416.15,407.94,411.05,411.05,354300
"2026-08-19",418.02,423.25,415,419.34,419.34,374800
"2026-08-20",413.05,416.28,404.2,406.05,406.05,518200
"2026-08-21",409.29,410.54,402.44,402.87,402.87,424500
"2026-08-24",403.4,407.37,394.8,399.1,399.1,307800
"2026-08-25",405.53,405.6,387.45,389.06,389.06,569300
"2026-08-26",391.84,400.03,390.44,393.72,393.72,467900
"2026-08-27",394.35,396.96,388.16,391.15,391.15,438000
"2026-08-28",395.28,395.28,387.91,393.39,393.39,370400
"2026-08-31",387.5,390.86,381.82,382.64,382.64,640300
"2026-09-01",378.45,383.3,376.42,377.25,377.25,463600
"2026-09-02",376.38,377.69,371.65,374,374,390700
"2026-09-03",377.1,388.27,374.74,386.08,386.08,761500
"2026-09-04",382.2,390.73,382.2,390.53,390.53,443800
"2026-09-08",391.63,396.21,383.82,385.18,385.18,501400
"2026-09-09",383.05,387.1,374.77,375.78,375.78,374900
"2026-09-10",370.08,375.29,365.7,372.62,372.62,463100
"2026-09-11",376.85,378.48,365.75,366.04,366.04,585400
"2026-09-14",350.22,368.6,350.22,365.51,365.51,580300
"2026-09-15",366.19,366.42,355.69,362.19,362.19,556300
"2026-09-16",365.39,368.09,359.11,361.04,361.04,421300
"2026-09-17",368.72,372,355.58,359.08,359.08,388600
"2026-09-18",359.36,361.77,356.9,359.23,359.23,892700
"2026-09-21",362.37,366.79,357.79,363.64,363.64,369700
"2026-09-22",370.67,372.48,363.05,371.68,371.68,430500
"2026-09-23",368.23,374.32,368.23,372.34,372.34,379700
"2026-09-24",370.21,372.01,365.77,367.78,367.78,381700
"2026-09-25",368.09,377.785,366.065,,,474542
