date,open,high,low,close,adjclose,volume
"2016-09-26",32.1822,32.2676,31.7078,31.9165,20.2628,31119982
"2016-09-27",32.0493,32.1442,31.7647,32.0968,20.3772,16453572
"2016-09-28",32.1157,32.2581,31.9639,32.2486,20.4736,15080421
"2016-09-29",32.2011,32.3245,31.5939,31.6129,20.0701,26396376
"2016-09-30",31.7268,32.277,31.6888,32.1347,20.4013,30138076
"2016-10-03",32.0019,32.0019,31.6698,31.9545,20.2869,18862384
"2016-10-04",31.888,32.1727,31.7932,31.9924,20.311,22029759
"2016-10-05",32.0019,32.2391,31.9545,32.1632,20.4194,14698346
"2016-10-06",32.0493,32.0683,31.7552,31.926,20.2688,16809824
"2016-10-07",31.9734,32.2581,31.7078,31.8406,20.2146,15619964
"2016-10-10",31.926,32.1063,31.8501,31.888,20.2447,17268420
"2016-10-11",31.8406,31.8501,31.2524,31.4326,19.9556,18268033
"2016-10-12",31.4421,31.537,31.2524,31.3757,19.9195,15956295
"2016-10-13",30.9013,31.2144,30.8539,31.0816,19.7327,25488144
"2016-10-14",31.0531,31.2144,30.9867,30.9867,19.6725,16410042
"2016-10-17",30.9108,31.0342,30.8159,30.8349,19.5761,17837369
"2016-10-18",31.0626,31.186,30.9393,31.0152,19.6906,15624074
"2016-10-19",31.0721,31.167,30.8254,30.9298,19.6364,17247445
"2016-10-20",30.8254,31.0626,30.8254,30.8729,19.6002,20334190
"2016-10-21",30.759,30.7875,30.5313,30.5313,19.3834,19852090
"2016-10-24",30.6452,30.7021,30.408,30.4839,19.3533,20644066
"2016-10-25",30.3795,30.7116,30.351,30.6262,19.4436,20380249
"2016-10-26",30.6262,30.9298,30.5028,30.74,19.5159,18026246
"2016-10-27",30.9108,31.129,30.7116,30.8159,19.5641,19238662
"2016-10-28",30.8539,30.8918,30.2467,30.2941,19.2328,30048170
"2016-10-31",30.3985,30.3985,29.9905,30.0854,19.1003,37890668
"2016-11-01",29.3548,30.0949,29.1746,29.4782,18.7148,57285005
"2016-11-02",29.4023,29.4497,28.8046,29.0607,18.4498,38033063
"2016-11-03",29.1271,29.1271,28.3017,28.3586,18.004,38290977
"2016-11-04",28.3776,28.814,28.3681,28.463,18.0703,36919723
"2016-11-07",28.6812,28.8805,28.5389,28.8235,18.2992,32544885
"2016-11-08",28.5863,28.8899,28.425,28.463,18.2505,37365670
"2016-11-09",31.3188,31.6603,29.8861,30.4744,19.5402,125166505
"2016-11-10",31.6129,32.0968,31.167,31.7742,20.3736,70908061
"2016-11-11",31.518,31.6319,30.5408,30.9203,19.8261,37736994
"2016-11-14",31.167,31.2144,30.4839,30.7211,19.6984,32219094
"2016-11-15",31.0816,31.0816,30.2467,30.5787,19.6071,31213472
"2016-11-16",30.5503,30.6736,30.2941,30.3226,19.4429,23864246
"2016-11-17",30.37,30.4744,30.0569,30.1044,19.3029,27502549
"2016-11-18",30.3131,30.3131,29.8292,29.8672,19.1509,25460846
"2016-11-21",29.8956,30.0664,29.8767,29.9526,19.2056,23053931
"2016-11-22",30.2941,30.351,29.4592,29.7249,19.0596,27862279
"2016-11-23",29.5825,29.8387,29.0607,29.8102,19.1144,22399924
"2016-11-25",29.981,30.1139,29.9336,30.0664,19.2786,11017357
"2016-11-28",30.0664,30.2087,29.8861,29.9241,19.1874,18692901
"2016-11-29",30.2182,30.3321,29.9905,30.2846,19.4185,22810879
"2016-11-30",30.3416,30.7116,30.1233,30.4934,19.5524,40599553
"2016-12-01",30.5977,30.5977,29.7913,29.8482,19.1387,32259146
"2016-12-02",29.9241,30.1044,29.7533,30.0095,19.2421,20034221
"2016-12-05",30.1139,30.1423,29.7818,29.9715,19.2178,20342516
"2016-12-06",30.0285,30.0759,29.8197,29.9431,19.1995,18662967
"2016-12-07",29.7249,29.7249,29.0417,29.592,18.9744,46432600
"2016-12-08",29.26,29.5066,28.9469,29.3548,18.8224,37409622
"2016-12-09",29.5161,30.2846,29.4972,30.0759,19.2847,30935743
"2016-12-12",30.0759,30.9772,30.038,30.74,19.7105,33997508
"2016-12-13",31.129,31.1954,30.8918,31.148,19.9721,30313356
"2016-12-14",31.2334,31.5939,30.9677,31.1385,19.966,38309843
"2016-12-15",30.9583,31.2713,30.9298,31.0721,19.9235,22004463
"2016-12-16",31.1954,31.2524,30.8539,31.1575,19.9782,39615012
"2016-12-19",31.0816,31.2808,31.0436,31.148,19.9721,26276958
"2016-12-20",31.1006,31.1954,30.9013,31.167,19.9843,26428312
"2016-12-21",31.0531,31.2429,30.6736,30.74,19.7105,19751644
"2016-12-22",30.6357,30.7685,30.408,30.6831,19.674,19618418
"2016-12-23",30.7495,30.8918,30.7021,30.8159,19.7592,11387943
"2016-12-27",30.9013,31.0436,30.8159,30.8634,19.7896,11826302
"2016-12-28",30.8349,31.0152,30.6831,30.6926,19.6801,14691495
"2016-12-29",30.7306,30.9488,30.7116,30.8254,19.7653,14827250
"2016-12-30",30.6831,30.9298,30.6546,30.8159,19.7592,19885396
"2017-01-03",31.0247,31.3093,30.9203,31.3093,20.0756,23391844
"2017-01-04",31.4326,31.6414,31.3378,31.5844,20.252,22753963
"2017-01-05",31.6603,31.9639,31.4231,31.888,20.4466,21083584
"2017-01-06",31.9355,31.9734,31.6319,31.7647,20.3676,18418228
"2017-01-09",31.7173,31.945,31.6698,31.7552,20.3615,21559886
"2017-01-10",31.8691,31.9355,31.6129,31.7268,20.3432,20444754
"2017-01-11",31.6603,31.8216,30.74,31.148,19.9721,42623128
"2017-01-12",30.8634,30.9488,30.6452,30.9298,19.8322,33475989
"2017-01-13",30.9962,31.1006,30.6736,30.8539,19.7835,21386925
"2017-01-17",30.6926,30.7211,30.1518,30.4175,19.5037,33838143
"2017-01-18",30.4459,30.6262,30.3131,30.389,19.4855,22629064
"2017-01-19",30.4175,30.4459,29.9146,30.0759,19.2847,27555881
"2017-01-20",30.0949,30.4744,30.038,30.1423,19.3273,31788324
"2017-01-23",30.0569,30.1898,29.8292,29.8482,19.1387,26098094
"2017-01-24",29.7913,29.8482,29.3169,29.5541,18.9501,31225172
"2017-01-25",29.7533,29.9051,29.5066,29.6869,19.0353,33905283
"2017-01-26",29.7913,29.8577,29.6015,29.6774,19.0292,28653517
"2017-01-27",29.8577,29.9241,29.6584,29.8102,19.1144,25353654
"2017-01-30",29.8577,29.8861,29.4687,29.7059,19.0474,28947899
"2017-01-31",29.4213,30.2941,29.3454,30.1044,19.3029,39472300
"2017-02-01",29.8956,30.0664,29.6584,30.0474,19.4627,30031938
"2017-02-02",29.8577,30.1044,29.7154,30.1044,19.4996,24634404
"2017-02-03",30.408,30.5882,30.2846,30.4459,19.7208,37935252
"2017-02-06",30.3605,30.6736,30.3036,30.5787,19.8069,25859258
"2017-02-07",30.6641,30.6926,30.3036,30.4364,19.7147,24781648
"2017-02-08",30.2846,30.6926,30.2846,30.4934,19.7516,20194745
"2017-02-09",30.4934,30.8729,30.4934,30.7211,19.8991,25102380
"2017-02-10",30.7495,30.7875,30.5787,30.6926,19.8806,23090189
"2017-02-13",30.778,31.0152,30.778,30.9393,20.0404,21733585
"2017-02-14",30.8634,31.0911,30.6926,31.0721,20.1264,24205532
"2017-02-15",31.1006,31.8596,31.0152,31.7932,20.5935,48035523
"2017-02-16",31.7362,32.1537,31.518,31.8975,20.6611,40402244
"2017-02-17",31.8691,32.1537,31.8121,31.8975,20.6611,36882306
"2017-02-21",31.8501,32.0683,31.7647,31.8975,20.6611,25391598
"2017-02-22",31.8501,32.0209,31.5465,31.8691,20.6427,28676494
"2017-02-23",31.9734,32.3719,31.8596,32.315,20.9315,32122863
"2017-02-24",32.4194,32.5901,32.2486,32.5047,21.0544,26046448
"2017-02-27",32.4763,32.6945,32.4099,32.5237,21.0667,23009136
"2017-02-28",32.3529,32.5047,32.1727,32.3719,20.9684,28964658
"2017-03-01",32.5142,32.7609,32.3055,32.6565,21.1527,34034925
"2017-03-02",32.6945,32.9696,32.6565,32.7419,21.208,26952993
"2017-03-03",32.7419,32.8748,32.5996,32.7514,21.2142,19800760
"2017-03-06",32.5712,32.704,32.334,32.5901,21.1097,19174263
"2017-03-07",32.1347,32.4478,32.0209,32.2486,20.8885,30783335
"2017-03-08",32.1727,32.3529,31.9924,32.1727,20.8393,23870360
"2017-03-09",32.1442,32.3909,32.0493,32.3055,20.9254,20199594
"2017-03-10",32.3909,32.5617,32.2581,32.3624,20.9622,20214666
"2017-03-13",32.3909,32.4004,32.1727,32.3624,20.9622,19988056
"2017-03-14",32.277,32.5712,32.2391,32.4668,21.0298,15563469
"2017-03-15",32.4668,32.9222,32.4288,32.8558,21.2818,24279839
"2017-03-16",32.7989,32.8558,32.4953,32.666,21.1589,21816219
"2017-03-17",32.6945,32.8083,32.5142,32.5617,21.0913,45736117
"2017-03-20",32.6376,32.7324,32.5617,32.6186,21.1282,18435514
"2017-03-21",32.7135,32.8368,32.4288,32.4953,21.0483,33083479
"2017-03-22",32.5427,32.7704,32.2486,32.704,21.1835,27528267
"2017-03-23",32.5617,32.7894,32.4763,32.5332,21.0728,21378704
"2017-03-24",32.5142,32.5142,32.2011,32.2581,20.8946,28583110
"2017-03-27",32.0114,32.5522,32.0114,32.4288,21.0052,18852055
"2017-03-28",32.315,32.5047,32.2296,32.4099,20.993,19327725
"2017-03-29",32.4099,32.685,32.3624,32.5712,21.0974,18214174
"2017-03-30",32.4383,32.6755,32.4004,32.5901,21.1097,15803465
"2017-03-31",32.4573,32.6186,32.4099,32.4573,21.0237,19616837
"2017-04-03",32.3624,32.5901,32.3529,32.4858,21.0421,19064752
"2017-04-04",32.4288,32.7324,32.3055,32.5806,21.1036,20324177
"2017-04-05",32.5712,32.7514,32.4004,32.4383,21.0114,20321225
"2017-04-06",32.3909,32.5901,32.315,32.3624,20.9622,17164706
"2017-04-07",32.3435,32.4953,32.296,32.3529,20.9561,14728069
"2017-04-10",32.3814,32.4668,32.2296,32.296,20.9192,16852722
"2017-04-11",32.277,32.334,32.0114,32.1917,20.8516,20155642
"2017-04-12",32.1442,32.2486,31.9829,32.1822,20.8455,26022628
"2017-04-13",32.1442,32.277,32.0873,32.1442,20.8209,13560553
"2017-04-17",32.1632,32.3055,32.0873,32.2581,20.8946,15963462
"2017-04-18",32.0304,32.1442,31.9355,32.1063,20.7963,22293365
"2017-04-19",32.1157,32.1727,31.8311,31.888,20.655,25204302
"2017-04-20",31.907,32.1347,31.7647,32.0114,20.7348,19339319
"2017-04-21",31.9165,32.0019,31.7552,31.9165,20.6734,25552227
"2017-04-24",32.2391,32.2865,31.926,32.0114,20.7348,22438501
"2017-04-25",32.0873,32.2201,31.9829,32.0304,20.7471,19756176
"2017-04-26",32.1252,32.2865,32.1157,32.1157,20.8024,20884483
"2017-04-27",32.2201,32.277,32.0398,32.1252,20.8086,15633139
"2017-04-28",32.1442,32.2011,32.0209,32.1822,20.8455,16842077
"2017-05-01",32.1537,32.2486,32.0398,32.0493,20.7594,23910833
"2017-05-02",31.8596,31.9924,31.1954,31.888,20.655,42965678
"2017-05-03",31.7647,31.8691,31.5939,31.7552,20.5689,26155748
"2017-05-04",31.7268,31.8691,31.6129,31.7362,20.5566,26897869
"2017-05-05",31.7268,31.7647,31.5275,31.7647,20.5751,22999966
"2017-05-08",31.6888,31.8975,31.6414,31.7362,20.5566,24781543
"2017-05-09",31.7362,31.8691,31.6414,31.6698,20.5136,18028248
"2017-05-10",31.3093,31.4231,31.2144,31.3378,20.495,34829852
"2017-05-11",31.2998,31.4421,31.167,31.3472,20.5012,26421567
"2017-05-12",31.2049,31.3757,31.2049,31.3188,20.4826,18589187
"2017-05-15",31.2808,31.4801,31.1195,31.4231,20.5508,20530444
"2017-05-16",30.8918,31.1195,30.7306,30.9298,20.2282,42437834
"2017-05-17",30.9298,30.9298,30.5598,30.5787,19.9986,29931281
"2017-05-18",30.5503,30.759,30.4269,30.5693,19.9924,24874822
"2017-05-19",30.6452,30.797,30.5408,30.797,20.1413,29885432
"2017-05-22",30.8349,30.8349,30.4744,30.4744,19.9303,26725962
"2017-05-23",30.4744,30.6262,30.4364,30.4934,19.9428,18517410
"2017-05-24",30.5218,30.6262,30.3321,30.408,19.8869,23576821
"2017-05-25",30.4175,30.5503,30.3321,30.5123,19.9552,18227244
"2017-05-26",30.5313,30.6357,30.4554,30.4934,19.9428,12330746
"2017-05-30",30.4175,30.6546,30.3795,30.4839,19.9365,16913643
"2017-05-31",30.6262,31.1101,30.4839,30.9772,20.2592,30585499
"2017-06-01",30.9962,31.167,30.8539,31.0342,20.2964,25184803
"2017-06-02",31.0911,31.1954,30.778,30.8729,20.1909,21984543
"2017-06-05",30.8444,30.9108,30.5503,30.6926,20.0731,14994836
"2017-06-06",30.6452,30.7116,30.3985,30.4269,19.8993,18831186
"2017-06-07",30.4364,30.5123,30.2657,30.3605,19.8559,17479641
"2017-06-08",30.3605,30.4554,30.0474,30.1233,19.7008,35620773
"2017-06-09",30.1803,31.1195,30.1139,31.0911,20.3337,31764609
"2017-06-12",31.0911,31.3947,31.0247,31.0247,20.2902,30435515
"2017-06-13",31.0342,31.1006,30.8539,30.9108,20.2158,18093913
"2017-06-14",30.9203,31.0816,30.797,31.0152,20.284,14568177
"2017-06-15",30.9488,31.3378,30.8918,31.129,20.3585,19952115
"2017-06-16",31.2903,31.4326,31.129,31.2808,20.4578,33600044
"2017-06-19",31.2524,31.5465,31.2239,31.518,20.6129,21922146
"2017-06-20",31.5085,32.0209,31.4516,31.8406,20.8239,27473775
"2017-06-21",31.8596,32.3529,31.8596,32.1442,21.0224,27134492
"2017-06-22",32.2106,32.7135,32.1822,32.315,21.1341,23352529
"2017-06-23",32.334,32.4668,32.2296,32.4194,21.2024,31668800
"2017-06-26",32.4099,32.4573,32.2296,32.296,21.1217,14937604
"2017-06-27",32.3814,32.3814,32.0209,32.0398,20.9542,16089942
"2017-06-28",32.1252,32.2486,31.926,32.0209,20.9417,15594035
"2017-06-29",32.0209,32.1347,31.6603,31.907,20.8673,15724837
"2017-06-30",32.0019,32.0683,31.7932,31.8691,20.8425,14242175
"2017-07-03",31.7647,32.2296,31.7552,32.0873,20.9852,8971964
"2017-07-05",32.2011,32.2106,31.7742,31.9165,20.8735,17072270
"2017-07-06",31.9165,31.945,31.4421,31.518,20.6129,14676318
"2017-07-07",31.5465,31.6509,31.3283,31.6414,20.6936,17914522
"2017-07-10",31.6509,31.8121,31.537,31.6983,20.7308,14256720
"2017-07-11",31.6888,31.7552,31.3567,31.4706,20.5819,12874083
"2017-07-12",31.6319,31.8121,31.4991,31.518,20.6129,14577979
"2017-07-13",31.518,31.6319,31.2998,31.575,20.6501,14112006
"2017-07-14",31.5655,31.8311,31.537,31.7173,20.7432,13175843
"2017-07-17",31.7268,31.7552,31.4421,31.5465,20.6315,17733866
"2017-07-18",31.5275,31.6793,31.3472,31.6509,20.6998,15356148
"2017-07-19",31.6603,31.9639,31.6034,31.8975,20.8611,19825951
"2017-07-20",31.7552,31.9734,31.6319,31.8216,20.8114,17870043
"2017-07-21",31.7552,31.8596,31.6793,31.7647,20.7742,12673718
"2017-07-24",31.6698,31.7362,31.4706,31.6129,20.6749,15558937
"2017-07-25",31.6698,31.7647,31.3188,31.4042,20.5384,20856025
"2017-07-26",31.3947,31.4042,31.148,31.2049,20.4081,16572674
"2017-07-27",31.1101,31.3093,31.0152,31.3093,20.4764,17561221
"2017-07-28",31.3662,31.4706,31.129,31.4516,20.5695,17116117
"2017-07-31",31.5085,31.6793,31.4421,31.4611,20.5757,23169660
"2017-08-01",31.3472,31.5939,31.0436,31.3852,20.526,28072552
"2017-08-02",31.186,31.2334,31.0247,31.2334,20.6263,30412116
"2017-08-03",31.2619,32.0778,31.1765,31.7173,20.9458,28739945
"2017-08-04",31.8596,32.2581,31.7647,31.9165,21.0774,27183398
"2017-08-07",31.8311,31.8691,31.5465,31.6034,20.8706,13188280
"2017-08-08",31.6224,31.7457,31.518,31.575,20.8518,16986475
"2017-08-09",31.6319,31.7457,31.4611,31.7362,20.9583,15807681
"2017-08-10",31.6603,31.8311,31.5085,31.7078,20.9395,19062539
"2017-08-11",31.7837,31.8501,31.5085,31.5465,20.833,13626639
"2017-08-14",31.6224,31.6603,31.4421,31.6034,20.8706,13482241
"2017-08-15",31.6319,31.8121,31.556,31.6698,20.9145,18048801
"2017-08-16",31.6224,31.7742,31.556,31.6509,20.902,11128764
"2017-08-17",31.5844,31.7362,31.2619,31.2619,20.6451,15661175
"2017-08-18",31.2239,31.2808,30.9772,30.9962,20.4696,16326565
"2017-08-21",30.9298,31.186,30.6641,31.0816,20.526,17848752
"2017-08-22",31.0816,31.518,31.0247,31.4516,20.7704,14178619
"2017-08-23",31.3757,31.6793,31.3757,31.537,20.8268,16989953
"2017-08-24",31.6603,31.6888,31.4706,31.5275,20.8205,12140394
"2017-08-25",31.575,31.8975,31.5275,31.6793,20.9207,15171171
"2017-08-28",31.7837,31.8975,31.6983,31.7552,20.9709,13033026
"2017-08-29",31.7173,31.8311,31.537,31.7837,20.9897,12884096
"2017-08-30",31.7647,31.7647,31.5465,31.7362,20.9583,12394935
"2017-08-31",31.7837,32.277,31.7647,32.1822,21.2528,27300497
"2017-09-01",32.2011,32.3814,32.0873,32.2201,21.2779,19160771
"2017-09-05",32.1442,32.4194,32.0209,32.0683,21.1776,15068616
"2017-09-06",32.2106,32.3624,32.1727,32.2486,21.2967,13925764
"2017-09-07",32.296,32.3814,32.0778,32.2486,21.2967,18831923
"2017-09-08",32.2106,32.4953,32.0683,32.3529,21.3656,16276290
"2017-09-11",32.3435,32.5806,32.2391,32.5617,21.5034,17263993
"2017-09-12",32.6186,33.9184,32.5996,33.5579,22.1613,39268351
"2017-09-13",33.4535,33.6148,33.1784,33.2638,21.9671,22115450
"2017-09-14",33.2543,34.0038,33.2068,33.8994,22.3869,28907847
"2017-09-15",33.7761,33.8899,33.4345,33.5484,22.1551,30430139
"2017-09-18",33.5674,33.7287,33.4061,33.7287,22.2741,17850755
"2017-09-19",33.833,33.833,33.5389,33.6338,22.2115,16539579
"2017-09-20",34.0892,34.3548,33.9753,34.1461,22.5498,27066825
"2017-09-21",34.2125,34.3359,34.0702,34.1271,22.5373,16580579
"2017-09-22",34.2505,34.2695,33.9374,34.1176,22.531,15394092
"2017-09-25",34.0607,34.1841,33.6243,33.6907,22.249,23379828
"2017-09-26",33.6907,33.8235,33.4345,33.4915,22.1175,18508029
"2017-09-27",33.444,33.7097,33.3871,33.6338,22.2115,15502759
"2017-09-28",33.463,33.9469,33.4156,33.7761,22.3054,19038086
"2017-09-29",33.814,33.871,33.5389,33.871,22.3681,16867900
"2017-10-02",33.8425,34.2505,33.6717,34.222,22.5999,17541300
"2017-10-03",34.1746,34.3454,33.9184,34.2884,22.6438,14328392
"2017-10-04",34.3264,34.3833,34.0607,34.1176,22.531,11435268
"2017-10-05",34.0417,34.1556,33.9184,34.1556,22.5561,14340408
"2017-10-06",34.1461,34.2884,34.0987,34.203,22.5874,12711345
"2017-10-09",34.2125,34.2979,34.0892,34.2884,22.6438,10278081
"2017-10-10",34.5161,34.6395,34.1841,34.5351,22.8067,18697433
"2017-10-11",34.5066,34.611,34.3454,34.5825,22.838,18163687
"2017-10-12",34.611,34.7249,34.4213,34.4877,22.7754,14750098
"2017-10-13",34.5066,34.6205,34.3928,34.4782,22.7691,13458842
"2017-10-16",34.4877,34.611,34.0417,34.1366,22.5435,14315006
"2017-10-17",34.0892,34.4687,33.9184,34.3454,22.6814,14776764
"2017-10-18",34.3928,34.4307,33.9564,33.9943,22.4495,15196572
"2017-10-19",34.0512,34.5161,34.0038,34.3833,22.7064,20858028
"2017-10-20",34.4402,34.5541,34.1841,34.5541,22.8192,18447319
"2017-10-23",34.4402,34.8956,34.4402,34.5351,22.8067,15978008
"2017-10-24",34.5825,34.6584,34.1461,34.4118,22.7252,15826126
"2017-10-25",34.3454,34.4877,34.0797,34.3074,22.6563,17523488
"2017-10-26",34.241,34.3643,33.7761,33.9089,22.3932,18374277
"2017-10-27",33.7097,33.9184,33.5863,33.7761,22.3054,15746865
"2017-10-30",33.6148,33.6528,33.2258,33.3491,22.0235,26679586
"2017-10-31",33.2543,33.5294,32.3529,33.2638,21.9671,24794085
"2017-11-01",33.2163,33.8994,33.112,33.4535,22.0924,16557497
"2017-11-02",33.463,33.6907,33.2353,33.6433,22.2177,13880021
"2017-11-03",33.6338,33.7381,33.5104,33.7287,22.2741,9358255
"2017-11-06",33.7666,33.7856,33.3207,33.5104,22.13,11200542
"2017-11-07",33.4915,33.6053,33.4345,33.5484,22.1551,11480906
"2017-11-08",33.5579,33.5769,33.2353,33.5294,22.1425,14302148
"2017-11-09",33.2827,33.444,33.055,33.3966,22.2563,14088713
"2017-11-10",33.3017,33.3871,33.0171,33.3776,22.2437,15858589
"2017-11-13",33.4156,33.6622,33.3397,33.4915,22.3196,25072657
"2017-11-14",33.444,33.871,33.4156,33.5674,22.3702,17278538
"2017-11-15",33.4725,33.6812,33.425,33.5484,22.3575,13646138
"2017-11-16",33.5294,33.7571,33.444,33.7381,22.484,13625901
"2017-11-17",33.5579,33.6717,33.3681,33.5579,22.3638,15649265
"2017-11-20",33.5674,33.6338,33.463,33.5389,22.3512,12455540
"2017-11-21",33.5863,33.8994,33.5674,33.7192,22.4713,13333100
"2017-11-22",33.6338,33.6812,33.5104,33.6148,22.4018,11122967
"2017-11-24",33.6907,33.7381,33.5579,33.6717,22.4397,6742754
"2017-11-27",33.7002,33.8235,33.5674,33.6717,22.4397,10848611
"2017-11-28",33.7666,34.0512,33.7002,34.0133,22.6673,13687033
"2017-11-29",34.0987,34.5446,34.0417,34.3548,22.895,16122827
"2017-11-30",34.3548,34.611,34.2315,34.4023,22.9266,24063663
"2017-12-01",34.4307,34.63,34.1651,34.4877,22.9835,19588485
"2017-12-04",34.6205,34.7438,34.203,34.2125,22.8001,14847487
"2017-12-05",34.0797,34.3359,33.6907,33.8046,22.5282,23525912
"2017-12-06",33.7571,34.0417,33.6907,33.7381,22.484,18317677
"2017-12-07",33.7381,33.814,33.3491,33.6812,22.446,16661421
"2017-12-08",33.5104,33.9374,33.5104,33.9089,22.5978,15705759
"2017-12-11",34.1935,34.4023,33.8615,34.3548,22.895,15138497
"2017-12-12",34.4972,34.9336,34.3928,34.7059,23.1289,23700139
"2017-12-13",34.6964,34.9146,34.6015,34.7628,23.1668,16639709
"2017-12-14",34.8482,35,34.4782,34.592,23.053,15585393
"2017-12-15",34.8956,35.3226,34.8292,35.2941,23.5209,39820015
"2017-12-18",35.3131,35.4364,35.1613,35.2277,23.4766,17670415
"2017-12-19",35.2941,35.3226,34.9905,35.0474,23.3565,14817659
"2017-12-20",35.0949,35.2372,34.5541,34.592,23.053,15914557
"2017-12-21",34.6679,34.7249,34.3359,34.3833,22.9139,15566948
"2017-12-22",34.4118,34.5161,34.203,34.2884,22.8507,9063557
"2017-12-26",34.241,34.4118,34.1082,34.3548,22.895,11480590
"2017-12-27",34.4497,34.592,34.3738,34.4687,22.9708,8768964
"2017-12-28",34.4972,34.6584,34.3928,34.5066,22.9961,6939431
"2017-12-29",34.3738,34.6205,34.3643,34.3643,22.9013,12038261
"2018-01-02",34.5161,34.649,34.3833,34.5731,23.0404,17059833
"2018-01-03",34.5825,34.8861,34.3738,34.8292,23.2111,14183151
"2018-01-04",34.8292,35.0285,34.7249,34.9051,23.2617,13046517
"2018-01-05",34.9336,34.9905,34.7343,34.9715,23.3059,13167517
"2018-01-08",34.8387,34.9146,34.4687,34.5825,23.0467,19964341
"2018-01-09",34.5731,34.7628,34.4972,34.5446,23.0214,16876226
"2018-01-10",34.4782,34.7343,34.4497,34.6015,23.0593,18755825
"2018-01-11",34.7628,34.8197,34.5541,34.6869,23.1162,15102555
"2018-01-12",34.7533,34.9146,34.592,34.6679,23.1036,20240700
"2018-01-16",34.6964,35.0854,34.6015,34.7249,23.1415,30536699
"2018-01-17",34.9336,35.4554,34.8861,35.2751,23.5083,25332363
"2018-01-18",35.2657,35.2657,34.8197,35.0949,23.3881,19946528
"2018-01-19",35.2846,35.37,34.63,35.0474,23.3565,31133684
"2018-01-22",35,35.1708,34.8482,35.038,23.3502,21380495
"2018-01-23",34.9336,35.1803,34.6679,34.9336,23.2806,18527212
"2018-01-24",35.0949,35.1708,34.8482,35.038,23.3502,18673191
"2018-01-25",35.0759,35.4269,35.0095,35.3226,23.5399,18988232
"2018-01-26",35.389,37.0873,35.389,37.0114,24.6653,51441419
"2018-01-29",37.0019,37.4099,36.7837,37.0209,24.6717,36779014
"2018-01-30",36.2524,36.7647,35.4364,35.8634,23.9003,48483684
"2018-01-31",35.9772,36.0436,34.9431,35.1423,23.4198,35859926
"2018-02-01",34.7343,35.4839,34.7343,34.9431,23.5027,29697926
"2018-02-02",34.7249,35.3416,34.6395,34.7343,23.3623,25588907
"2018-02-05",34.611,34.8197,32.2581,32.8937,22.1243,42463657
"2018-02-06",32.4099,33.6622,32.2581,33.4725,22.5136,56035067
"2018-02-07",33.3302,33.8235,33.1784,33.1879,22.3221,30955980
"2018-02-08",33.2068,33.3681,31.8786,31.907,21.4607,45850792
"2018-02-09",32.4383,32.666,31.4991,32.4099,21.7989,49851776
"2018-02-12",32.685,33.0835,32.2865,32.8843,22.1179,38743670
"2018-02-13",32.7989,33.2353,32.6471,33.1499,22.2966,21559570
"2018-02-14",32.9222,33.5294,32.7894,33.3871,22.4561,24494749
"2018-02-15",33.5579,33.8994,33.2827,33.8805,22.788,22588379
"2018-02-16",33.9279,34.7818,33.852,34.4023,23.139,27659595
"2018-02-20",34.1746,34.6205,34.0417,34.1651,22.9794,27202370
"2018-02-21",34.1271,34.7154,33.8994,33.9279,22.8199,25872327
"2018-02-22",34.0323,34.2979,33.7856,33.9089,22.8071,23983454
"2018-02-23",34.0892,34.4402,33.9943,34.4023,23.139,17940029
"2018-02-26",34.4307,35.3036,34.3548,35.1898,23.6686,25407302
"2018-02-27",35.1708,35.3321,34.8577,34.9146,23.4836,23543093
"2018-02-28",35.1328,35.37,34.4497,34.4497,23.1709,28360927
"2018-03-01",34.2695,34.4118,33.3966,33.8046,22.7369,30282896
"2018-03-02",33.7287,34.222,33.5863,34.1082,22.9411,22271336
"2018-03-05",33.9848,34.4213,33.9374,34.2695,23.0496,22319609
"2018-03-06",34.3833,34.3833,33.9184,34.0417,22.8965,18003479
"2018-03-07",33.7761,34.2315,33.7287,34.0892,22.9284,23440328
"2018-03-08",34.1461,34.63,34.0892,34.63,23.2921,21646630
"2018-03-09",34.7343,35.0285,34.6584,34.8861,23.4644,19300743
"2018-03-12",35.0285,35.1044,34.63,34.7343,23.3623,26571656
"2018-03-13",34.9146,35.0664,34.5636,34.8672,23.4517,29560695
"2018-03-14",34.9526,35.0949,34.3264,34.4877,23.1964,23378458
"2018-03-15",34.4877,34.9241,34.4877,34.7059,23.3432,20508310
"2018-03-16",34.7628,35.1423,34.7438,34.8956,23.4708,34125253
"2018-03-19",34.9146,34.9146,34.2315,34.4687,23.1836,20003761
"2018-03-20",34.5066,34.6774,34.2695,34.4687,23.1836,20295824
"2018-03-21",34.6205,34.8482,34.3454,34.4118,23.1453,19071392
"2018-03-22",34.1841,34.2884,33.6528,33.7761,22.7178,22094686
"2018-03-23",33.6717,33.6812,32.6755,32.723,22.0095,29385731
"2018-03-26",33.1404,33.3491,32.5617,33.2448,22.3604,24926468
"2018-03-27",33.3776,33.7381,32.9981,33.2163,22.3413,28835227
"2018-03-28",33.3776,33.9753,33.3207,33.4915,22.5263,26349684
"2018-03-29",33.7002,33.8425,33.2732,33.6717,22.6476,24804731
"2018-04-02",33.6053,33.9089,32.9791,33.2543,22.3668,28323299
"2018-04-03",33.3112,33.9089,33.1309,33.852,22.7688,21347927
"2018-04-04",33.5104,34.3738,33.4345,34.2789,23.056,22010682
"2018-04-05",33.8425,34.1556,33.7097,33.8994,22.8007,25781789
"2018-04-06",33.7381,34.0323,33.1025,33.3681,22.4434,22288200
"2018-04-09",33.4915,34.0892,33.4156,33.6433,22.6285,20457297
"2018-04-10",34.1556,34.2505,33.8899,34.1082,22.9411,20667254
"2018-04-11",33.8994,34.222,33.7666,33.9564,22.839,13879915
"2018-04-12",34.1841,34.63,34.1271,34.4592,23.1773,23817976
"2018-04-13",34.5446,34.63,34.2789,34.4592,23.1773,17774340
"2018-04-16",34.63,34.8482,34.5256,34.6584,23.3113,15932369
"2018-04-17",34.8672,34.8956,34.4118,34.4687,23.1836,17675580
"2018-04-18",34.5161,34.7154,34.4213,34.6205,23.2857,14652497
"2018-04-19",34.5256,34.8102,34.4118,34.6584,23.3113,16636652
"2018-04-20",34.63,34.9051,34.6015,34.7533,23.3751,22371993
"2018-04-23",34.7913,35,34.7249,34.9146,23.4836,25381058
"2018-04-24",35.019,35.3605,34.8861,35.1613,23.6495,27106350
"2018-04-25",35.0285,35.1423,34.6395,34.8008,23.407,27730213
"2018-04-26",34.9146,35.1992,34.8672,34.962,23.5155,20405651
"2018-04-27",34.8956,35.2087,34.8197,35.1044,23.6112,14425149
"2018-04-30",35.2277,35.2751,34.5351,34.7343,23.3623,28295789
"2018-05-01",33.7571,34.203,32.8653,33.5863,22.5902,51278154
"2018-05-02",33.3681,33.5579,32.9602,33.1025,22.2647,29550260
"2018-05-03",33.0361,33.093,32.6565,32.9791,22.1818,23517902
"2018-05-04",32.7894,33.1973,32.6091,33.055,22.2328,19795912
"2018-05-07",33.0076,33.3302,32.9317,33.1404,22.2902,21580018
"2018-05-08",33.1214,33.2922,32.9317,33.1879,22.3221,28269650
"2018-05-09",33.2258,33.5958,33.0835,33.3681,22.4434,20430209
"2018-05-10",33.2068,33.5009,33.1025,33.2448,22.5787,30906653
"2018-05-11",33.3302,33.7381,33.2732,33.6812,22.8751,21619964
"2018-05-14",33.6907,34.0797,33.6717,34.0228,23.1071,21485052
"2018-05-15",33.6907,33.9469,33.6622,33.8615,22.9975,19345643
"2018-05-16",33.8994,34.0417,33.7476,33.852,22.9911,21870711
"2018-05-17",33.8046,33.9469,33.6243,33.8805,23.0104,13021432
"2018-05-18",33.7856,33.9184,33.6148,33.814,22.9653,15734639
"2018-05-21",33.8805,34.0323,33.7002,33.9658,23.0684,17802903
"2018-05-22",33.9658,34.241,33.8615,33.8899,23.0169,14477322
"2018-05-23",33.852,34.1841,33.8046,34.1271,23.178,20358642
"2018-05-24",34.1176,34.241,33.9374,34.0512,23.1264,17523066
"2018-05-25",33.9848,34.0797,33.7192,33.852,22.9911,15005376
"2018-05-29",33.5579,33.8994,33.5104,33.871,23.004,28179639
"2018-05-30",34.1082,34.3928,34.0607,34.203,23.2295,29093773
"2018-05-31",34.1082,34.3454,34.0512,34.0892,23.1522,30926468
"2018-06-01",34.4023,34.4213,34.26,34.3928,23.3584,22345011
"2018-06-04",34.5446,34.6869,34.3738,34.5825,23.4873,19015319
"2018-06-05",34.6395,34.7628,34.4782,34.5731,23.4808,21476093
"2018-06-06",34.5351,34.6964,34.3359,34.5161,23.4422,19368093
"2018-06-07",34.6205,34.7154,34.5066,34.6205,23.513,17083337
"2018-06-08",34.6584,34.8292,34.5825,34.7913,23.629,16453783
"2018-06-11",34.9146,34.9146,34.4213,34.4402,23.3906,19505640
"2018-06-12",34.5256,34.5351,34.2979,34.4402,23.3906,16371887
"2018-06-13",34.5066,34.6395,34.3454,34.3643,23.3391,16029232
"2018-06-14",34.3643,34.5256,34.203,34.3074,23.3004,19959387
"2018-06-15",34.3359,34.5256,34.1841,34.4972,23.4293,49156979
"2018-06-18",34.2789,34.3643,33.8994,34.3074,23.3004,24143451
"2018-06-19",34.0512,34.4972,34.0323,34.3643,23.3391,18484630
"2018-06-20",34.4307,34.7059,34.3548,34.592,23.4937,21354251
"2018-06-21",34.4118,34.4972,34.2979,34.4402,23.3906,16893090
"2018-06-22",34.6205,34.7628,34.5351,34.6395,23.5259,27018447
"2018-06-25",34.4592,34.592,34.2884,34.5161,23.4422,20424517
"2018-06-26",34.5351,34.7154,34.4402,34.5161,23.4422,25435023
"2018-06-27",34.4402,34.6774,34.3264,34.3548,23.3326,29396165
"2018-06-28",34.26,34.6205,34.26,34.4972,23.4293,16506167
"2018-06-29",34.5825,34.7059,34.4213,34.4213,23.3777,20974705
"2018-07-02",34.1556,34.5066,34.1556,34.4687,23.4099,14556372
"2018-07-03",34.5256,34.7059,34.3833,34.4877,23.4228,9608159
"2018-07-05",34.6679,35.019,34.6395,34.981,23.7579,20391106
"2018-07-06",35.1044,35.3321,34.9905,35.2087,23.9126,18955452
"2018-07-09",35.3605,35.5503,35.1139,35.2562,23.9448,22329412
"2018-07-10",35.389,35.5787,35.2941,35.5123,24.1188,20253875
"2018-07-11",35.3416,35.4934,35.2562,35.3036,23.977,17795314
"2018-07-12",35.4934,35.6357,35.3036,35.5977,24.1767,16974881
"2018-07-13",35.5787,35.6641,35.3131,35.6072,24.1832,15227243
"2018-07-16",35.5598,35.6262,35.3795,35.4649,24.0865,17888699
"2018-07-17",35.5408,35.8349,35.5313,35.7211,24.2605,15740014
"2018-07-18",35.6641,35.797,35.5598,35.7305,24.267,20803430
"2018-07-19",35.5313,35.6736,35.3985,35.4459,24.0736,16596811
"2018-07-20",35.2941,35.4175,35.2182,35.4175,24.0543,15532798
"2018-07-23",35.4269,35.5882,35.2372,35.3036,23.977,20853074
"2018-07-24",35.4554,35.8159,35.3605,35.7685,24.2927,17804800
"2018-07-25",35.74,36.1195,35.6357,36.0436,24.4796,17171030
"2018-07-26",36.0911,36.4042,36.0911,36.2049,24.5891,24840567
"2018-07-27",36.148,36.5085,36.1195,36.4421,24.7502,22111971
"2018-07-30",36.3947,36.6983,36.2239,36.6129,24.8662,21981486
"2018-07-31",36.2524,37.9412,36.186,37.8843,25.7297,50837371
"2018-08-01",37.5996,38.2543,37.5142,38.2068,25.9488,32734605
"2018-08-02",37.5901,38.1594,37.5047,37.6186,25.7668,31879284
"2018-08-03",37.5901,38.5769,37.4668,38.463,26.3452,27368375
"2018-08-06",38.2922,39.1082,38.2638,38.9374,26.6701,27479572
"2018-08-07",38.7571,39.1366,38.7002,38.7476,26.5401,18928575
"2018-08-08",38.6243,39.5066,38.5009,39.2884,26.9106,25837440
"2018-08-09",39.1841,39.2505,38.7192,38.8994,26.6441,20121282
"2018-08-10",38.7192,39.1935,38.6148,38.833,26.5986,18194148
"2018-08-13",38.852,39.0987,38.7192,38.7192,26.5206,19860627
"2018-08-14",38.7476,38.9374,38.463,38.6243,26.4557,17336824
"2018-08-15",38.7097,39.1271,38.5674,39.0512,26.7481,22428488
"2018-08-16",39.1176,39.3454,38.9658,39.2979,26.917,16457472
"2018-08-17",39.3548,40.0285,39.3454,39.9336,27.3524,25910693
"2018-08-20",40.038,40.5787,39.9336,40.1613,27.5084,22521029
"2018-08-21",40.1613,40.2657,39.8387,40,27.3979,18633244
"2018-08-22",39.9905,40.1708,39.6679,39.9146,27.3395,15001687
"2018-08-23",39.9526,40.1518,39.8102,40.038,27.4239,21032148
"2018-08-24",40.2562,40.3131,39.8482,40.2277,27.5539,21661703
"2018-08-27",40.3416,40.4364,39.1935,39.4497,27.021,24485896
"2018-08-28",39.4782,39.6395,39.203,39.3738,26.969,19871694
"2018-08-29",39.3738,39.4877,39.0607,39.3738,26.969,15785020
"2018-08-30",39.1176,39.7628,39.0892,39.3738,26.969,16015425
"2018-08-31",39.1746,39.4497,38.9848,39.3928,26.982,20983559
"2018-09-04",39.3548,39.4213,39.1082,39.2505,26.8846,15274779
"2018-09-05",39.1746,39.7723,39.1461,39.7059,27.1965,21819908
"2018-09-06",39.7059,39.7628,39.3264,39.6395,27.151,18356780
"2018-09-07",39.4592,40.1803,39.3359,40.038,27.4239,21221658
"2018-09-10",40.2087,40.5313,39.8956,39.9051,27.333,21482206
"2018-09-11",39.8482,40.2562,39.8008,40.1423,27.4954,19658786
"2018-09-12",40.1328,40.5977,40.1139,40.2372,27.5604,17508205
"2018-09-13",40.3226,40.7211,40.2562,40.6546,27.8463,18666129
"2018-09-14",40.5598,40.797,40.3226,40.759,27.9178,16800655
"2018-09-17",40.8159,40.9677,40.5503,40.8065,27.9503,16904263
"2018-09-18",40.797,41.4421,40.6357,41.2808,28.2752,20464991
"2018-09-19",41.1954,41.4421,40.7875,41.0436,28.1128,23783088
"2018-09-20",41.148,41.6319,41.129,41.5085,28.4312,18419809
"2018-09-21",41.537,41.9355,41.3757,41.8027,28.6327,37092579
"2018-09-24",41.6888,42.1822,41.5844,41.6793,28.5482,18089591
"2018-09-25",41.8691,42.0209,41.518,41.5465,28.4572,15318520
"2018-09-26",41.5939,42.0398,41.4042,41.4421,28.3857,18384817
"2018-09-27",41.5465,41.9165,41.4421,41.6509,28.5287,14887434
"2018-09-28",41.6793,41.8786,41.4896,41.8121,28.6392,15454591
"2018-10-01",41.7742,42.2391,41.6603,42.0019,28.7691,16872537
"2018-10-02",41.945,42.1157,41.8691,41.9545,28.7366,18167693
"2018-10-03",42.0114,42.5427,42.0114,42.5142,29.1201,23957631
"2018-10-04",42.2486,42.4953,42.0209,42.4099,29.0486,18960406
"2018-10-05",42.4194,42.6945,42.315,42.6091,29.1851,18112568
"2018-10-08",42.4573,42.9981,42.4099,42.9602,29.4255,24679621
"2018-10-09",42.685,43.463,42.4953,43.1404,29.549,21486844
"2018-10-10",43.1214,43.3871,42.2011,42.2296,28.9251,33746234
"2018-10-11",42.0873,42.2106,40.2277,40.6167,27.8204,44299198
"2018-10-12",40.5787,41.7078,40.4554,41.537,28.4507,30417070
"2018-10-15",41.4137,41.4706,40.778,40.9108,28.0218,24002742
"2018-10-16",41.129,41.7268,40.8349,41.6793,28.5482,22353654
"2018-10-17",41.5275,42.5047,41.5085,42.2865,28.9641,23154167
"2018-10-18",42.0683,42.2201,41.4706,41.7457,28.5937,22498368
"2018-10-19",41.7932,42.5332,41.7268,42.2201,28.9186,19564875
"2018-10-22",42.1632,42.2296,41.7647,42.0968,28.8341,18026878
"2018-10-23",41.6414,42.0493,41.4516,41.8406,28.6587,23073114
"2018-10-24",41.5655,42.0209,40.1898,40.3036,27.6059,36927206
"2018-10-25",40.2182,41.6888,39.5256,41.186,28.2103,38600642
"2018-10-26",40.8444,41.0626,40.019,40.4175,27.6839,30295333
"2018-10-29",40.7495,41.4421,40.3795,41.0152,28.0933,31847559
"2018-10-30",39.8008,40.8824,39.6395,40.6926,27.8723,35424202
"2018-10-31",40.8065,41.4231,40.5218,40.8539,27.9828,28193235
"2018-11-01",40.9867,41.5844,40.8824,41.4326,28.3792,24278152
"2018-11-02",41.518,41.5939,40.3036,40.7305,27.8983,24223028
"2018-11-05",40.6357,41.3852,40.6357,41.2903,28.2817,21628396
"2018-11-06",41.3472,41.3567,40.5028,40.8065,27.9503,22194183
"2018-11-07",41.1575,42.277,41.0721,42.1252,28.8536,36794929
"2018-11-08",41.6129,41.9355,41.2429,41.6034,28.7161,25696520
"2018-11-09",41.4801,42.3245,41.4801,42.0114,28.9977,26042654
"2018-11-12",42.0114,42.2676,41.6509,41.8501,28.8863,21853847
"2018-11-13",42.0588,42.1822,41.129,41.2903,28.5,20159015
"2018-11-14",41.518,41.6034,40.5218,40.7116,28.1005,28398871
"2018-11-15",40.5123,41.167,40.1803,40.9962,28.297,25936305
"2018-11-16",40.8918,41.537,40.7116,41.2808,28.4934,24604576
"2018-11-19",41.3852,42.0019,41.2808,41.9165,28.9322,23671575
"2018-11-20",41.7552,42.1157,41.1765,41.2998,28.5065,22968557
"2018-11-21",41.2713,41.2713,40.5787,40.8918,28.2249,19665848
"2018-11-23",40.7495,41.3188,40.6072,40.9298,28.2511,8844009
"2018-11-26",41.1006,41.2619,40.6831,41.1195,28.3821,20147948
"2018-11-27",40.9867,41.888,40.7685,41.8121,28.8602,19765873
"2018-11-28",42.0209,42.6186,41.8406,42.5996,29.4037,19892669
"2018-11-29",42.4668,43.482,42.4099,43.1784,29.8032,26065315
"2018-11-30",43.0266,43.8899,42.9602,43.8615,30.2747,45054495
"2018-12-03",43.9943,44.0038,43.4156,43.6338,30.1175,26771178
"2018-12-04",43.8615,44.0892,42.7989,42.8273,29.5609,28703898
"2018-12-06",42.296,42.685,41.3852,42.6755,29.4561,32188528
"2018-12-07",42.5237,42.6376,41.4421,41.6698,28.7619,27963885
"2018-12-10",41.8786,42.277,40.8634,42.1252,29.0763,26187895
"2018-12-11",41.8216,42.2296,41.3378,41.7552,28.8209,23904931
"2018-12-12",42.0778,42.5522,41.888,41.8975,28.9191,20180938
"2018-12-13",42.1822,42.5996,41.945,42.2865,29.1876,23613921
"2018-12-14",41.8216,41.8596,41.2049,41.556,28.6833,33024982
"2018-12-17",41.2713,41.7173,40.778,40.9013,28.2315,38651866
"2018-12-18",41.2429,41.2713,39.8861,40.2277,27.7665,31125779
"2018-12-19",40.6357,40.7875,39.4307,39.8197,27.4849,36937957
"2018-12-20",39.5731,40.2372,39.4023,39.8008,27.4718,34494680
"2018-12-21",39.5066,40.6736,39.3264,39.7818,27.4587,61928192
"2018-12-24",39.6679,39.8102,38.444,38.4725,26.555,19778205
"2018-12-26",38.5769,40.038,38.3491,40.0285,27.629,25437131
"2018-12-27",39.6679,40.6546,39.1461,40.6546,28.0612,28894672
"2018-12-28",40.8159,41.3093,40.6167,40.759,28.1333,25480977
"2018-12-31",40.9962,41.4896,40.8918,41.4137,28.5851,20534028
"2019-01-02",40.9108,41.2713,40.4554,41.0342,28.3232,26430315
"2019-01-03",41.0247,41.1195,39.8008,39.8861,27.5308,28503533
"2019-01-04",40.2657,41.129,40.0949,40.797,28.1595,27145348
"2019-01-07",40.8634,41.3852,40.6641,41.0152,28.3101,20995469
"2019-01-08",41.3283,41.4611,40.9393,41.2049,28.441,19677231
"2019-01-09",41.2334,41.4326,40.9867,41.1195,28.3821,20107580
"2019-01-10",41.0057,41.0152,39.8767,40.1423,27.7076,39731162
"2019-01-11",40.1613,40.6831,39.9905,40.6831,28.0809,21064506
"2019-01-14",40.37,40.4459,40.0095,40.1992,27.7469,17605173
"2019-01-15",40.4175,41.0247,40.2562,40.5408,27.9826,25865371
"2019-01-16",40.408,40.5977,39.8767,39.9526,27.5766,30169380
"2019-01-17",39.8008,40.4744,39.6869,40.2941,27.8124,24177284
"2019-01-18",40.6641,40.6831,40.0949,40.351,27.8517,38618455
"2019-01-22",40.2372,40.5028,39.7818,40.1044,27.6814,29444122
"2019-01-23",39.8387,40.038,39.4213,40,27.6094,24462813
"2019-01-24",39.6395,39.649,38.5389,38.852,26.817,34394023
"2019-01-25",38.9943,39.1366,38.4345,38.5579,26.614,35862455
"2019-01-28",38.425,38.4535,37.4573,37.5047,25.8871,39329694
"2019-01-29",37.4763,38.7571,37.4478,38.6812,26.6991,51376808
"2019-01-30",38.6812,39.611,38.6433,39.4497,27.2295,36067880
"2019-01-31",39.26,40.4364,39.2315,40.2751,28.0421,40927452
"2019-02-01",40.6736,40.9108,40.37,40.6831,28.3261,27239681
"2019-02-04",40.6452,40.6452,39.8102,40.2657,28.0355,19426485
"2019-02-05",40.2562,40.5408,39.9051,39.9526,27.8175,21127641
"2019-02-06",39.7723,40.1992,39.649,40.1613,27.9628,16450410
"2019-02-07",39.9526,39.9905,39.0987,39.5636,27.5466,24248008
"2019-02-08",39.4023,40.0759,39.3643,40.0664,27.8967,27500125
"2019-02-11",40.1139,40.1423,39.3833,39.5446,27.5334,27102134
"2019-02-12",39.5731,39.8577,39.2695,39.7249,27.6589,30540177
"2019-02-13",39.7723,39.9051,39.2695,39.5636,27.5466,24757195
"2019-02-14",39.5636,39.962,39.4877,39.8197,27.725,19864949
"2019-02-15",40.2087,40.3321,39.9241,40.2277,28.009,19168993
"2019-02-19",40.0759,40.6641,40.0285,40.4175,28.1412,24432985
"2019-02-20",40.351,40.3795,39.7818,40.038,27.8769,27354884
"2019-02-21",39.8672,40.1518,39.7154,39.981,27.8373,19611883
"2019-02-22",40.1328,40.9203,40.0569,40.759,28.379,24779329
"2019-02-25",40.8349,41.148,40.74,40.8729,28.4582,25274815
"2019-02-26",40.759,41.0152,40.6072,40.8159,28.4186,16548959
"2019-02-27",40.778,41.0057,40.6167,40.7305,28.3591,16475074
"2019-02-28",40.7495,41.537,40.6736,41.129,28.6366,39002427
"2019-03-01",41.3757,41.5465,41.0721,41.1385,28.6432,26667781
"2019-03-04",41.2144,41.3567,40.6831,40.8634,28.4516,22805820
"2019-03-05",40.8824,41.0342,40.6546,40.6926,28.3327,26529812
"2019-03-06",40.6262,40.6736,39.4877,39.7154,27.6523,22410359
"2019-03-07",39.7154,39.7438,39.1366,39.2695,27.3418,29046132
"2019-03-08",39.2125,39.3169,38.2732,38.7951,27.0115,31306119
"2019-03-11",38.9943,39.3928,38.7097,39.3738,27.4145,29161545
"2019-03-12",39.5636,39.7723,39.2505,39.592,27.5664,24170539
"2019-03-13",39.7249,39.9715,39.4213,39.8577,27.7514,23715316
"2019-03-14",39.8482,39.9241,39.0228,39.0797,27.2097,32119596
"2019-03-15",39.1176,39.7343,38.7666,39.6395,27.5995,74768652
"2019-03-18",39.63,39.9146,39.5161,39.6679,27.6193,18994345
"2019-03-19",39.8197,40.2562,39.611,40.1328,27.943,26403227
"2019-03-20",40.038,40.2277,39.6395,40.0095,27.8571,23499035
"2019-03-21",39.7818,40.4554,39.7249,40.1803,27.976,24262553
"2019-03-22",40.038,40.4364,39.6869,39.7059,27.6457,19620105
"2019-03-25",39.6679,39.9905,39.5351,39.7438,27.6721,19823316
"2019-03-26",40.038,40.5123,39.9715,40.2467,28.0222,20849279
"2019-03-27",40.1708,40.4554,39.7723,39.8672,27.758,19455048
"2019-03-28",40.019,40.1992,39.9051,40.1233,27.9364,16915541
"2019-03-29",40.2277,40.3985,40.0285,40.2941,28.0553,21681834
"2019-04-01",40.3985,40.74,40.37,40.6452,28.2997,20345046
"2019-04-02",40.7495,40.9677,40.5503,40.7116,28.3459,18625129
"2019-04-03",40.7875,40.8634,40.37,40.6452,28.2997,16200402
"2019-04-04",40.5977,40.7211,40.3226,40.5503,28.2336,12990972
"2019-04-05",40.778,41.0626,40.6926,40.7875,28.3988,15559043
"2019-04-08",40.8634,41.0626,40.7116,40.9298,28.4979,15410323
"2019-04-09",40.778,40.797,40.3985,40.6452,28.2997,18825072
"2019-04-10",40.7211,40.7211,40.4649,40.5408,28.227,13202615
"2019-04-11",40.5977,40.6357,39.8387,40.1044,27.9232,20214877
"2019-04-12",40.1708,40.1708,39.4497,39.5731,27.5532,21338546
"2019-04-15",39.7154,39.962,39.3454,39.9336,27.8042,18362788
"2019-04-16",40.0569,40.1328,38.7381,38.8235,27.0314,27506976
"2019-04-17",38.8046,38.8994,37.3719,37.8368,26.3443,42412117
"2019-04-18",37.8843,37.8843,36.4516,37.3624,26.0141,50579774
"2019-04-22",37.0304,37.4763,36.8216,36.9829,25.7498,31018904
"2019-04-23",37.0873,37.6091,36.888,37.4004,26.0405,26672102
"2019-04-24",37.4763,37.6091,37.1537,37.3529,26.0074,21196994
"2019-04-25",37.2391,37.7894,37.1632,37.5806,26.166,18130065
"2019-04-26",37.6376,37.9412,37.4288,37.9222,26.4038,20053193
"2019-04-29",37.9222,37.9696,37.5617,37.5617,26.1528,23229001
"2019-04-30",38.3302,39.0702,37.7609,38.5294,26.8266,34360400
"2019-05-01",38.5104,38.8235,38.112,38.6812,26.9323,20703406
"2019-05-02",38.7192,38.9184,38.5009,38.9089,27.0908,20471210
"2019-05-03",39.1082,39.3738,38.9279,39.2695,27.3418,18664759
"2019-05-06",38.814,39.63,38.7476,39.5161,27.5136,25973406
"2019-05-07",39.2695,39.5731,38.425,38.7381,26.9719,27603838
"2019-05-08",38.7097,38.9279,38.3681,38.852,27.0512,23811968
"2019-05-09",38.2353,38.7476,38.1689,38.5579,27.0845,19732461
"2019-05-10",38.5484,38.7287,37.8273,38.6338,27.1378,17391527
"2019-05-13",38.1689,38.5674,38.093,38.4915,27.0379,28010788
"2019-05-14",38.5104,38.7761,38.482,38.5769,27.0978,26772759
"2019-05-15",38.7666,39.1746,38.6148,39.0417,27.4244,33520678
"2019-05-16",39.0417,39.8292,39.0417,39.5066,27.751,25508486
"2019-05-17",39.1841,39.6679,39.1366,39.3454,27.6376,29187684
"2019-05-20",39.2789,39.5731,39.1651,39.4592,27.7176,24251591
"2019-05-21",39.5731,39.6679,39.3643,39.5351,27.7709,28785056
"2019-05-22",39.5541,40.0474,39.4213,39.8387,27.9842,25274604
"2019-05-23",39.6964,39.8292,39.5161,39.7723,27.9376,25495944
"2019-05-24",39.9051,40.1423,39.7249,39.8008,27.9576,15383341
"2019-05-28",39.9905,40.3036,39.7438,39.7533,27.9242,49440610
"2019-05-29",39.5636,39.6964,39.1651,39.5825,27.8043,26895761
"2019-05-30",39.5446,39.8008,39.4497,39.7533,27.9242,17344308
"2019-05-31",39.5541,39.8292,39.3264,39.3928,27.671,22639288
"2019-06-03",39.4972,40.0285,39.4402,39.7723,27.9376,22643082
"2019-06-04",40.3036,40.5598,39.8861,40.0664,28.1442,18453537
"2019-06-05",40.4175,40.6452,40.2372,40.3036,28.3108,21418861
"2019-06-06",40.6072,40.8824,40.3036,40.5218,28.464,24494222
"2019-06-07",40.778,41.0342,40.6641,40.7211,28.604,20023470
"2019-06-10",41.0247,41.0247,40.4839,40.8634,28.704,15275727
"2019-06-11",40.9867,41.0816,40.37,40.4839,28.4374,18813162
"2019-06-12",40.2941,40.9583,40.2846,40.8729,28.7106,16296843
"2019-06-13",40.8634,40.9298,40.1992,40.3226,28.3241,14464042
"2019-06-14",40.3416,40.6736,40.3036,40.5693,28.4974,13197872
"2019-06-17",40.5123,40.7021,40.1803,40.6831,28.5773,14094931
"2019-06-18",40.6262,41.1101,40.6262,40.8634,28.704,22833434
"2019-06-19",40.9583,41.3567,40.8824,41.2713,28.9905,21753611
"2019-06-20",41.5844,41.8501,41.2808,41.3662,29.0572,23500300
"2019-06-21",41.3188,41.7457,41.0911,41.4326,29.1038,38141203
"2019-06-24",41.4516,41.6509,41.2429,41.518,29.1638,24624075
"2019-06-25",41.6034,42.0209,41.518,41.518,29.1638,28429015
"2019-06-26",41.4421,41.556,40.3226,40.7875,28.6507,41009348
"2019-06-27",40.8159,41.3283,40.8065,41.2049,28.9439,21994977
"2019-06-28",41.2239,41.4801,40.778,41.1006,28.8706,39726209
"2019-07-01",41.2808,41.6319,41.1195,41.5275,29.1705,21341392
"2019-07-02",41.4421,41.9545,41.4231,41.9545,29.4704,16541898
"2019-07-03",42.0968,42.277,41.7268,42.1252,29.5903,10297580
"2019-07-05",42.0398,42.0778,41.537,41.6698,29.2705,18295227
"2019-07-08",41.556,41.6224,40.778,41.0816,28.8573,23955312
"2019-07-09",41.1954,41.556,41.0816,41.148,28.9039,14223308
"2019-07-10",41.4137,41.8501,41.2144,41.8027,29.3638,15298599
"2019-07-11",41.1006,41.3283,40.2087,40.778,28.644,38383518
"2019-07-12",40.7116,40.7875,39.8577,40.2277,28.2574,33580967
"2019-07-15",40.1044,40.5787,40.0759,40.5598,28.4907,20363912
"2019-07-16",40.5977,40.7685,40.3036,40.6546,28.5574,19553386
"2019-07-17",40.8824,40.9772,40.5408,40.5503,28.484,16341532
"2019-07-18",40.6641,40.8539,40.37,40.8539,28.6973,13728877
"2019-07-19",40.9772,40.9962,40.5787,40.5787,28.504,23552579
"2019-07-22",40.6357,40.8159,40.37,40.6262,28.5374,12552086
"2019-07-23",40.6546,41.0152,40.5598,40.8824,28.7173,19586904
"2019-07-24",40.797,40.797,40.1992,40.6926,28.584,18117838
"2019-07-25",40.6357,40.797,40.351,40.4839,28.4374,17514634
"2019-07-26",40.4744,40.9583,40.2562,40.8824,28.7173,21062187
"2019-07-29",40.0095,40.797,39.222,39.3264,27.6243,64559186
"2019-07-30",37.7894,38.1784,36.6224,36.8027,25.8516,95739668
"2019-07-31",36.6224,37.6376,36.537,36.8501,25.8849,56309423
"2019-08-01",36.3472,36.6414,35.7495,36.2903,25.7302,51624920
"2019-08-02",36.2903,36.5655,35.8159,36.0531,25.562,29153640
"2019-08-05",35.8254,35.8918,34.5446,35.0664,24.8624,46030183
"2019-08-06",35.2846,35.3985,34.6015,35.0569,24.8557,31985843
"2019-08-07",34.7723,34.8956,34.0228,34.7059,24.6068,32017253
"2019-08-08",34.8197,35.0569,34.7249,34.981,24.8019,23356429
"2019-08-09",34.8861,34.9431,34.26,34.4877,24.4521,25391703
"2019-08-12",34.4497,34.4592,32.9981,33.5769,23.8063,44212665
"2019-08-13",33.6148,33.9753,33.3491,33.3966,23.6785,45549453
"2019-08-14",33.1404,33.1879,32.4478,32.4858,23.0327,38633421
"2019-08-15",32.5427,32.8083,32.2296,32.7135,23.1942,30713665
"2019-08-16",32.9412,33.2163,32.723,32.8748,23.3085,30012334
"2019-08-19",33.093,33.5104,33.0455,33.3776,23.665,21997296
"2019-08-20",33.3017,33.3586,32.7989,32.8368,23.2816,19932510
"2019-08-21",33.1499,33.3207,33.0361,33.0835,23.4565,19208728
"2019-08-22",33.1689,33.425,33.0171,33.2827,23.5978,16933142
"2019-08-23",33.4061,33.5389,32.4194,32.5806,23.1,27765311
"2019-08-26",32.8463,33.074,32.7135,33.055,23.4363,17468680
"2019-08-27",33.2163,33.2922,32.5522,32.5806,23.1,24715351
"2019-08-28",32.5996,33.3491,32.5237,33.2827,23.5978,26047924
"2019-08-29",33.9564,33.9564,33.425,33.5199,23.7659,19610302
"2019-08-30",33.7951,33.8899,33.4725,33.7287,23.9139,18873346
"2019-09-03",33.7856,34.4213,33.6907,34.2695,24.2974,26624989
"2019-09-04",34.4402,34.5351,33.871,33.9943,24.1023,20649441
"2019-09-05",34.26,34.611,34.0512,34.4782,24.4453,22096794
"2019-09-06",34.4972,34.6964,34.26,34.63,24.553,20873416
"2019-09-09",34.7154,34.9526,34.2789,34.9431,24.775,24675616
"2019-09-10",34.7154,35.4649,34.1746,35.4649,25.1449,32250397
"2019-09-11",35.8065,35.8254,35.0095,35.4934,25.1651,16963181
"2019-09-12",35.6452,35.6926,35.1613,35.37,25.0777,16692303
"2019-09-13",35.4744,35.6736,34.7343,35.019,24.8288,24099605
"2019-09-16",34.592,35.1233,34.4877,34.9431,24.775,19877070
"2019-09-17",34.9051,34.9146,34.4877,34.63,24.553,22091945
"2019-09-18",34.6964,34.8387,34.4023,34.5161,24.4723,19679550
"2019-09-19",34.5541,34.8861,34.4782,34.6395,24.5597,17746409
"2019-09-20",35,35.3416,34.611,34.8102,24.6808,45990658
"2019-09-23",34.5161,34.7154,34.3738,34.3833,24.3781,17295191
"2019-09-24",34.4118,34.7059,34.1366,34.1651,24.2234,24186560
"2019-09-25",34.0702,34.4877,33.871,34.0607,24.1494,20269685
"2019-09-26",34.222,34.3833,33.7476,33.9469,24.0686,17059728
"2019-09-27",34.0228,34.4782,33.8899,34.3643,24.3646,17583671
"2019-09-30",34.4213,34.4497,34.0797,34.0892,24.1696,17205391
"2019-10-01",34.0892,34.1746,33.6148,33.6148,23.8332,22013001
"2019-10-02",33.4535,33.463,32.8843,32.9222,23.3421,22458000
"2019-10-03",32.9317,33.6528,32.8273,33.6338,23.8467,22076135
"2019-10-04",33.6717,34.1366,33.6338,34.0892,24.1696,18065349
"2019-10-07",33.9848,34.4023,33.9658,33.9943,24.1023,11759373
"2019-10-08",33.8235,34.0417,33.6053,33.6148,23.8332,14761270
"2019-10-09",33.8235,34.0512,33.7097,33.8615,24.0081,13634333
"2019-10-10",33.8425,34.1651,33.7761,33.9564,24.0754,12198680
"2019-10-11",34.2884,34.7059,34.222,34.26,24.2906,18446054
"2019-10-14",34.3074,34.4877,34.1366,34.4402,24.4184,8700981
"2019-10-15",34.5825,34.8577,34.5446,34.63,24.553,15178232
"2019-10-16",34.7533,34.8672,34.4592,34.4782,24.4453,14435795
"2019-10-17",34.6205,34.9241,34.5066,34.592,24.5261,15312090
"2019-10-18",34.5636,34.8197,34.4877,34.592,24.5261,14219198
"2019-10-21",34.7723,34.8008,34.4972,34.592,24.5261,13237081
"2019-10-22",34.5446,34.8197,34.3928,34.5636,24.5059,14549416
"2019-10-23",34.4497,34.8956,34.3643,34.8861,24.7346,14000598
"2019-10-24",34.8672,34.9526,34.4023,34.5256,24.479,19998385
"2019-10-25",34.5351,34.9905,34.4497,34.8861,24.7346,17497665
"2019-10-28",34.9715,35.5598,34.9336,35.37,25.0777,25800339
"2019-10-29",36.0531,36.7742,35.9772,36.2524,25.7033,32212032
"2019-10-30",36.4421,36.8311,36.3378,36.5085,25.8849,22019430
"2019-10-31",36.4231,36.6034,36.2239,36.4042,25.8109,24539860
"2019-11-01",36.7078,36.945,36.4231,36.4231,25.8243,19263220
"2019-11-04",36.7268,36.7552,36.0816,36.0816,25.5822,17709730
"2019-11-05",36.0816,36.148,35.5503,35.5598,25.2122,21688474
"2019-11-06",35.6831,35.797,35.4364,35.6831,25.2997,18757722
"2019-11-07",35.4839,35.6546,34.9905,35.019,25.0687,22727297
"2019-11-08",34.9905,35.2562,34.9431,35.1518,25.1638,26626886
"2019-11-11",35.019,35.1139,34.8672,35.038,25.0823,12542916
"2019-11-12",34.9431,35.1898,34.8197,35.0759,25.1095,13338370
"2019-11-13",35.0569,35.0569,34.4402,34.7249,24.8582,25855252
"2019-11-14",34.6869,34.8767,34.4592,34.6774,24.8242,25190600
"2019-11-15",34.7533,35.5503,34.649,35.37,25.32,36378810
"2019-11-18",35.4744,35.5218,35.0664,35.3131,25.2793,18084532
"2019-11-19",35.5123,35.7495,35.408,35.7305,25.5781,26475110
"2019-11-20",35.6452,35.759,35.1139,35.1518,25.1638,19947582
"2019-11-21",35.3036,35.9962,35.1423,35.8065,25.6325,20942664
"2019-11-22",35.8539,36.4421,35.759,36.3662,26.0332,25544006
"2019-11-25",36.5085,36.888,36.4801,36.6983,26.2709,31592385
"2019-11-26",36.5655,36.6129,36.1006,36.3283,26.006,34620633
"2019-11-27",36.4137,36.7268,36.3662,36.6509,26.2369,19201034
"2019-11-29",36.5655,36.888,36.537,36.5465,26.1622,9793873
"2019-12-02",36.8027,36.8121,36.2903,36.3283,26.006,15645998
"2019-12-03",36.0152,36.2429,35.9013,36.1006,25.843,20869832
"2019-12-04",36.2713,36.2998,35.9488,36.186,25.9041,14501248
"2019-12-05",36.4042,36.4042,35.8539,36.0816,25.8294,13098058
"2019-12-06",36.3188,36.5465,36.2619,36.3283,26.006,12868708
"2019-12-09",36.148,36.4137,36.148,36.3567,26.0264,15641571
"2019-12-10",36.3093,36.6034,36.2334,36.5085,26.135,19171311
"2019-12-11",36.4042,36.5939,36.2429,36.2619,25.9585,15569372
"2019-12-12",36.2144,36.6414,36.2144,36.5655,26.1758,13414469
"2019-12-13",36.5465,36.6983,36.1195,36.3662,26.0332,16678496
"2019-12-16",36.7173,37.3814,36.6793,37.1347,26.5833,24187824
"2019-12-17",37.4194,37.4194,36.8501,36.907,26.4203,29038016
"2019-12-18",37.0114,37.0778,36.6603,36.8975,26.4135,27339390
"2019-12-19",37.0019,37.1442,36.8216,36.9734,26.4679,22022276
"2019-12-20",37.334,37.5142,36.9734,37.2201,26.6444,58199772
"2019-12-23",37.4004,37.4953,37.1252,37.3055,26.7056,17454345
"2019-12-24",37.315,37.4194,37.1917,37.277,26.6852,5187683
"2019-12-26",37.2865,37.5427,37.1917,37.3624,26.7463,9384078
"2019-12-27",37.4099,37.5901,37.2391,37.3055,26.7056,10117662
"2019-12-30",37.2865,37.4004,36.8975,36.9165,26.4271,11554264
"2019-12-31",36.8027,37.1917,36.7268,37.1727,26.6105,15175703
"2020-01-02",37.2865,37.334,36.888,37.1347,26.5833,16514072
"2020-01-03",36.7362,37.2296,36.6888,36.9355,26.4407,14922848
"2020-01-06",36.8311,37.0019,36.7173,36.888,26.4067,15771951
"2020-01-07",37.1157,37.1252,36.6983,36.7647,26.3184,20108107
"2020-01-08",36.7742,37.2106,36.7647,37.0588,26.529,16403507
"2020-01-09",37.2581,37.2581,36.8027,36.8975,26.4135,21971895
"2020-01-10",36.9829,37.5996,36.9734,37.4668,26.821,21557357
"2020-01-13",37.5901,37.7324,37.2011,37.3909,26.7667,15392405
"2020-01-14",37.4099,38.0266,37.2865,38.0171,27.215,20919160
"2020-01-15",38.1309,38.7761,38.112,38.5863,27.6225,23925800
"2020-01-16",38.7002,38.7097,38.2543,38.5294,27.5817,16216422
"2020-01-17",38.4915,38.7192,38.3491,38.4345,27.5138,23083970
"2020-01-21",38.3112,38.5769,38.1309,38.2732,27.3983,23115696
"2020-01-22",38.2543,38.3397,37.9222,38.1309,27.2965,18097812
"2020-01-23",38.1309,38.7381,38.074,38.6243,27.6496,27148510
"2020-01-24",38.8425,38.871,37.6091,37.7799,27.0452,34143698
"2020-01-27",37.3909,38.3586,37.2391,38.1025,27.2761,31964026
"2020-01-28",37.3055,37.4668,36.0057,36.186,25.9041,70202408
"2020-01-29",36.167,36.4137,35.6262,35.6546,25.5238,34165726
"2020-01-30",35.1992,35.2657,34.8102,35.1708,25.4346,32316589
"2020-01-31",35.0474,35.5313,35.0095,35.3321,25.5512,33894005
"2020-02-03",35.5408,36.0911,35.389,35.5882,25.7365,20875735
"2020-02-04",36.129,36.2808,35.7021,35.759,25.86,31150865
"2020-02-05",35.9108,36.5939,35.8824,36.2144,26.1893,29443490
"2020-02-06",36.4706,36.5275,36.0816,36.2998,26.2511,21047748
"2020-02-07",36.3947,36.4326,35.9867,36.1006,26.107,21903596
"2020-02-10",36.2524,36.2619,35.7875,35.8729,25.9423,19998385
"2020-02-11",35.9488,36.1765,35.8254,36.1385,26.1344,16027335
"2020-02-12",36.1385,36.2334,35.7875,35.8065,25.8943,22944315
"2020-02-13",35.6546,35.6546,35,35.038,25.3385,22099745
"2020-02-14",35.0759,35.1423,34.5541,34.6395,25.0504,21006747
"2020-02-18",34.6774,34.7913,34.4118,34.4592,24.92,17988513
"2020-02-19",34.5351,34.63,34.3548,34.3738,24.8582,17750941
"2020-02-20",33.8805,34.2125,33.5958,34.0133,24.5975,42953135
"2020-02-21",33.9279,33.9848,33.7097,33.8899,24.5083,32425256
"2020-02-24",33.2448,33.5863,32.8273,32.8937,23.7879,37969296
"2020-02-25",32.9032,32.9602,31.9829,32.1917,23.2802,41878898
"2020-02-26",32.4858,33.4061,32.277,32.9412,23.8222,47920005
"2020-02-27",32.6755,33.8805,32.3529,32.3529,23.3968,55444827
"2020-02-28",31.7742,32.2011,30.8634,31.7078,22.9302,66057447
"2020-03-02",32.1727,33.1594,31.7362,33.093,23.932,42034469
"2020-03-03",33.3776,33.9469,32.1252,32.5427,23.534,46174475
"2020-03-04",33.3017,34.592,33.1594,34.5351,24.9749,38712155
"2020-03-05",33.8235,34.3264,33.3586,33.6433,24.3299,35096303
"2020-03-06",32.9222,33.3681,32.3719,33.2258,24.028,40931036
"2020-03-09",31.7457,32.9127,31.4611,32.0304,23.1635,43183856
"2020-03-10",32.7989,32.8843,31.3188,32.8178,23.733,40548329
"2020-03-11",32.0304,32.1442,30.038,30.5218,22.0726,65350213
"2020-03-12",28.9184,30.3605,28.463,28.482,20.5974,62731445
"2020-03-13",29.6679,31.1954,28.6812,31.0342,22.4431,60553038
"2020-03-16",28.4061,30.6262,28.1309,28.6338,20.7072,50995050
"2020-03-17",30.019,30.9772,29.0228,30.5123,22.0657,54220606
"2020-03-18",29.1935,30.9393,28.7571,30.7021,22.203,43884976
"2020-03-19",30.5693,30.5977,28.4725,28.8615,20.8719,59820929
"2020-03-20",28.7287,29.0987,27.4288,27.5237,19.9044,52488989
"2020-03-23",27.2865,28.0645,26.4516,27.0304,19.5477,52853041
"2020-03-24",27.9981,28.5104,27.4194,28.1784,20.3779,44466784
"2020-03-25",27.9886,29.1461,27.5142,28.2258,20.4122,44601275
"2020-03-26",28.3586,30.351,28.3491,30.1233,21.7844,43269967
"2020-03-27",29.222,30.1139,29.0892,29.3169,21.2012,38290344
"2020-03-30",29.4592,31.167,29.4592,30.9962,22.4156,29943508
"2020-03-31",30.74,31.3093,30.5882,30.9677,22.3951,29466151
"2020-04-01",30.2846,30.6262,29.9146,30.1233,21.7844,26709625
"2020-04-02",30.2657,31.3093,30.1233,31.186,22.5529,27186876
"2020-04-03",30.9583,32.1537,30.9583,31.9165,23.0812,32837370
"2020-04-06",32.1822,33.112,32.0493,32.7989,23.7193,40503217
"2020-04-07",33.2068,33.3681,31.8691,31.888,23.0606,24226295
"2020-04-08",32.2486,33.0171,31.7268,32.8273,23.7399,25523980
"2020-04-09",33.2353,33.9374,33.0645,33.5769,24.2819,30648107
"2020-04-13",34.1176,34.1366,32.9412,33.3397,24.1104,18270141
"2020-04-14",34.0892,34.7533,33.5294,34.5731,25.0023,21845309
"2020-04-15",34.2125,34.3738,33.7571,34.1271,24.6799,21312196
"2020-04-16",34.2695,34.4023,33.7571,34.0417,24.6181,20657451
"2020-04-17",34.63,35.1044,34.26,35.019,25.3248,24404843
"2020-04-20",34.5161,35.019,34.2315,34.2315,24.7553,22530620
"2020-04-21",33.9469,34.0892,33.5579,33.7951,24.4397,23975233
"2020-04-22",35.0664,35.1044,34.2695,34.3928,24.872,20182624
"2020-04-23",34.4213,35.4839,34.4213,34.8102,25.1739,20185365
"2020-04-24",34.9526,35.5123,34.8956,35.4649,25.6473,17353794
"2020-04-27",35.6641,36.5655,35.6452,36.3662,26.2991,23394057
"2020-04-28",37.0493,37.2106,35.4649,35.9677,26.0109,35666728
"2020-04-29",36.4896,36.575,35.778,36.167,26.155,26518535
"2020-04-30",36.0531,36.537,35.4459,36.3947,26.3197,29450973
"2020-05-01",35.9108,35.9962,35.4744,35.7116,25.8257,22679867
"2020-05-04",35.6736,35.9772,35.4934,35.6926,25.812,19893512
"2020-05-05",36.8216,36.8691,36.3093,36.537,26.4226,24123952
"2020-05-06",36.9734,37.0114,36.537,36.537,26.4226,24047432
"2020-05-07",36.4421,36.518,35,35.0664,25.6118,33546080
"2020-05-08",35.3416,35.4649,35.1423,35.3131,25.792,19893618
"2020-05-11",35.3416,36.2524,35.2562,36.148,26.4018,25620421
"2020-05-12",36.167,36.2808,35.4269,35.4459,25.889,19335314
"2020-05-13",35.3985,35.5028,34.7154,35.1518,25.6742,24596882
"2020-05-14",34.9146,36.0152,34.8956,35.9772,26.2771,22362507
"2020-05-15",36.0152,36.2144,35.4744,35.8254,26.1662,25460002
"2020-05-18",36.3757,36.4896,35.7021,36.1195,26.381,22635177
"2020-05-19",35.9108,36.0721,35.3985,35.7495,26.1108,19476234
"2020-05-20",36.0057,36.2429,35.6262,35.7021,26.0761,17504200
"2020-05-21",35.6452,35.7211,35.1518,35.351,25.8197,17652181
"2020-05-22",35.2087,35.6072,35.0664,35.5787,25.986,15781226
"2020-05-26",35.7211,35.9298,35.5313,35.5693,25.9791,23260094
"2020-05-27",35.4934,35.6167,35.0759,35.4934,25.9237,25904158
"2020-05-28",35.9013,36.4706,35.7875,36.2239,26.4573,22521767
"2020-05-29",36.3093,36.4611,35.6546,36.2334,26.4642,48333067
"2020-06-01",33.6812,33.8994,33.1214,33.6433,24.5724,76884979
"2020-06-02",33.7097,34.3074,33.444,34.3074,25.0575,42690900
"2020-06-03",34.4307,34.5446,33.7192,34.3074,25.0575,38751996
"2020-06-04",33.8805,34.4307,33.871,34.1651,24.9535,27013388
"2020-06-05",34.3833,34.6205,34.0417,34.1461,24.9397,36705655
"2020-06-08",33.9658,34.7249,33.852,34.7154,25.3555,30194149
"2020-06-09",34.63,34.7818,34.3169,34.3548,25.0921,21675088
"2020-06-10",34.4972,34.5825,34.0512,34.0797,24.8912,29557217
"2020-06-11",33.7761,33.852,31.575,31.5939,23.0756,63166642
"2020-06-12",32.334,32.3529,31.3567,32.0209,23.3874,37902472
"2020-06-15",31.5939,31.9924,31.0816,31.6509,23.1172,36247482
"2020-06-16",31.8691,32.2201,31.0436,31.6888,23.1449,55616945
"2020-06-17",31.8691,32.0398,31.6129,31.8406,23.2558,27509822
"2020-06-18",31.5655,31.7552,31.2903,31.537,23.034,32278855
"2020-06-19",31.9639,32.0114,31.4231,31.7078,23.1588,43986266
"2020-06-22",31.6224,31.6509,31.2239,31.4137,22.9439,23332503
"2020-06-23",31.4991,31.5465,31.0626,31.0911,22.7083,37690408
"2020-06-24",31.0342,31.0531,30.3605,30.5408,22.3064,30817695
"2020-06-25",30.4649,30.7211,30.1992,30.6641,22.3965,27418651
"2020-06-26",30.5977,30.6262,29.9905,30.3985,22.2025,42153992
"2020-06-29",30.797,30.9962,30.5503,30.9677,22.6183,23956261
"2020-06-30",30.8634,31.1954,30.5787,31.0247,22.6598,25451676
"2020-07-01",32.7704,32.7704,31.9924,32.0114,23.3805,73503009
"2020-07-02",32.8463,33.0645,32.296,32.7419,23.9141,45270881
"2020-07-06",33.1594,33.1973,32.6186,32.7419,23.9141,27150935
"2020-07-07",32.3055,32.5901,32.2201,32.2865,23.5815,25148018
"2020-07-08",32.2676,32.6091,31.8501,32.0209,23.3874,24256545
"2020-07-09",32.0019,32.1442,31.4042,31.7457,23.1865,20363702
"2020-07-10",31.9355,32.296,31.7742,32.0968,23.4429,24459019
"2020-07-13",32.9507,33.8899,32.7514,33.4061,24.3992,56569129
"2020-07-14",33.5579,33.6053,33.093,33.425,24.413,32854129
"2020-07-15",34.1461,34.1556,33.6528,33.8899,24.7526,26294454
"2020-07-16",33.7761,33.814,33.4535,33.7761,24.6694,18421812
"2020-07-17",34.0228,34.4687,33.8994,34.3928,25.1198,23347365
"2020-07-20",35.5693,35.6926,34.4592,34.63,25.2931,36815693
"2020-07-21",35.0474,35.1803,34.649,34.8102,25.4247,23588520
"2020-07-22",36.2713,36.7457,35.5977,36.5844,26.7206,90705554
"2020-07-23",37.2201,37.4004,36.2239,36.4421,26.6166,59639536
"2020-07-24",36.0816,36.1954,35.4175,35.7305,26.0969,33870501
"2020-07-27",35.4459,35.8159,35.3226,35.6167,26.0138,27640307
"2020-07-28",36.5655,37.3245,36.1101,37.0209,27.0394,56393954
"2020-07-29",37.2865,37.4288,36.4801,37.2486,27.2057,37033660
"2020-07-30",36.3188,36.945,36.2429,36.7552,27.1077,32273796
"2020-07-31",36.3188,36.7647,35.9203,36.5085,26.9258,28472124
"2020-08-03",36.6319,36.6793,36.2619,36.3852,26.8348,31036400
"2020-08-04",36.3472,36.6983,36.1385,36.4231,26.8628,29448549
"2020-08-05",36.4991,36.556,36.1765,36.4801,26.9048,24292697
"2020-08-06",36.7837,37.0968,36.1954,36.3093,26.7788,20922111
"2020-08-07",36.3378,36.6414,36.2049,36.4801,26.9048,23097251
"2020-08-10",36.575,36.6793,36.2998,36.4231,26.8628,19964552
"2020-08-11",36.5844,36.6034,35.74,35.8539,26.4429,21326847
"2020-08-12",35.8918,36.575,35.8729,36.3662,26.8208,19957595
"2020-08-13",36.1195,36.2239,35.9393,36.2144,26.7088,15340021
"2020-08-14",36.0626,36.4231,35.9867,36.1101,26.6319,12901276
"2020-08-17",36.0911,36.4421,36.0057,36.3852,26.8348,17494187
"2020-08-18",36.4801,36.4896,36.2144,36.3947,26.8418,10846398
"2020-08-19",36.5085,36.6319,36.167,36.2998,26.7718,15690055
"2020-08-20",36.2239,36.8027,36.1765,36.7362,27.0937,21957455
"2020-08-21",36.9165,37.0019,36.5939,36.888,27.2057,25467170
"2020-08-24",37.0209,37.0398,36.5655,36.8501,27.1777,25011947
"2020-08-25",36.537,36.5844,36.0057,36.4421,26.8768,26221201
"2020-08-26",36.2334,36.3093,35.7305,36.1006,26.6249,24083689
"2020-08-27",36.0152,36.0531,35.7495,35.9203,26.4919,22156556
"2020-08-28",35.9298,36.1101,35.4839,35.9677,26.5269,32830519
"2020-08-31",35.9013,36.0721,35.5787,35.8539,26.4429,30032465
"2020-09-01",35.8539,35.8824,34.6395,34.9905,25.8062,36145560
"2020-09-02",34.8861,35.389,34.5351,35.2941,26.0301,29068688
"2020-09-03",35.4554,35.5693,34.2505,34.5351,25.4703,35956788
"2020-09-04",34.6205,34.7533,34.0323,34.4972,25.4423,26872257
"2020-09-08",34.6584,34.7343,33.852,34.0892,25.1414,26736818
"2020-09-09",34.4307,34.7723,34.2884,34.3264,25.3164,27490533
"2020-09-10",34.3454,34.4592,33.7571,33.8235,24.9455,21650741
"2020-09-11",33.9089,34.26,33.6338,34.222,25.2394,24109301
"2020-09-14",34.4972,35.6167,34.4213,35.1139,25.8972,29565543
"2020-09-15",35.2846,35.4364,34.9241,35.0664,25.8622,22003726
"2020-09-16",35.37,35.3985,34.8387,34.8956,25.7362,22208412
"2020-09-17",34.8956,35.0759,34.6774,34.9336,25.7642,17894390
"2020-09-18",34.8956,35.1708,34.6964,34.7533,25.6313,31694623
"2020-09-21",34.5066,34.611,33.5674,34.1746,25.2044,26608968
"2020-09-22",33.9753,34.4687,33.9089,34.3928,25.3654,22727297
"2020-09-23",34.4782,34.5161,34.1271,34.1556,25.1904,23102521
"2020-09-24",34.1082,34.1935,33.7192,33.9279,25.0225,20859925
"2020-09-25",33.7192,34.2979,33.7002,34.203,25.2254,14365598
"2020-09-28",34.3074,34.7059,34.3074,34.5256,25.4633,15044269
"2020-09-29",34.5636,34.6679,34.1841,34.3169,25.3094,13512491
"2020-09-30",34.4118,35.0664,34.3928,34.8197,25.6802,22629275
"2020-10-01",35.019,35.1898,34.3074,34.5066,25.4493,22520396
"2020-10-02",34.2125,34.7818,34.1841,34.5161,25.4563,21461759
"2020-10-05",34.6584,34.9905,34.4782,34.8672,25.7152,19400029
"2020-10-06",35.1044,35.1328,34.241,34.3169,25.3094,25233392
"2020-10-07",34.4023,34.7154,34.1841,34.6015,25.5193,22160034
"2020-10-08",34.7249,35.2751,34.6395,35,25.8132,17857395
"2020-10-09",34.9431,35.2182,34.7154,34.9051,25.7432,23667465
"2020-10-12",34.8197,35.2751,34.6015,34.9336,25.7642,19413837
"2020-10-13",34.7913,35.2277,34.7533,35.0095,25.8202,21543233
"2020-10-14",35.1139,35.389,34.6964,34.9715,25.7922,22120298
"2020-10-15",34.7533,34.8577,34.5446,34.6774,25.5753,16089205
"2020-10-16",35.1708,36.167,35.1233,36.0057,26.5549,42993503
"2020-10-19",36.4516,36.8596,35.7116,35.8634,26.4499,31931352
"2020-10-20",35.9298,35.9488,35.4364,35.5693,26.233,22384852
"2020-10-21",35.4364,35.5313,35.1613,35.1803,25.9461,18984859
"2020-10-22",35.1803,35.6452,35.1328,35.5123,26.191,19243616
"2020-10-23",35.9867,36.3188,35.7211,36.2239,26.7158,30557884
"2020-10-26",35.9298,36.0721,35.5598,35.9772,26.5339,33783124
"2020-10-27",35.1423,36.167,34.981,35.5123,26.191,36851529
"2020-10-28",34.9146,35.2277,33.5104,33.6338,24.8056,33857537
"2020-10-29",33.6622,33.814,32.8273,33.4725,24.6866,27545341
"2020-10-30",33.4345,33.7097,33.055,33.6622,24.8266,25631067
"2020-11-02",34.0892,34.3928,33.7192,34.3738,25.3514,21430666
"2020-11-03",34.5636,34.7438,34.2315,34.3359,25.3234,21636617
"2020-11-04",35.1613,36.167,35.0664,35.4175,26.1211,40870536
"2020-11-05",35.3416,35.389,34.5256,34.5256,25.7252,33926995
"2020-11-06",34.5256,34.8387,34.241,34.5351,25.7323,23870676
"2020-11-09",39.7154,39.8387,36.4137,37.1917,27.7117,230153864
"2020-11-10",38.3776,38.463,36.4896,36.6983,27.3441,80091668
"2020-11-11",36.888,38.1404,35.9583,36.5275,27.2168,58980997
"2020-11-12",36.3188,36.3757,35.3321,35.6262,26.5452,46767877
"2020-11-13",35.9298,36.6793,35.778,36.6414,27.3016,40175634
"2020-11-16",35.9203,36.0057,34.962,35.4175,26.3897,75530167
"2020-11-17",36.49,36.5,35.82,36.04,26.8536,46984500
"2020-11-18",36.93,37.42,36.3,36.32,27.0622,63442700
"2020-11-19",36.6,36.63,35.86,36.19,26.9653,43261800
"2020-11-20",36.7,37.31,36.44,36.7,27.3453,60633800
"2020-11-23",37.03,37.09,36.21,36.52,27.2112,43673100
"2020-11-24",36.13,36.74,36.02,36.6,27.2708,42485300
"2020-11-25",36.53,36.56,36.24,36.53,27.2187,26955800
"2020-11-27",36.78,37.26,36.75,37.23,27.7402,25277000
"2020-11-30",37.95,38.8,37.6,38.31,28.5449,65425900
"2020-12-01",39.4,40.5,39.01,39.41,29.3646,72499700
"2020-12-02",40.47,41.41,40.3,40.8,30.4003,84347500
"2020-12-03",40.98,41.03,39.52,40.09,29.8712,68570100
"2020-12-04",39.89,40.45,39.89,40.34,30.0575,35368100
"2020-12-07",40.66,41.4,40.37,41.25,30.7356,48253700
"2020-12-08",41.4,42.77,41.35,42.56,31.7116,87039300
"2020-12-09",43.07,43.08,41.13,41.85,31.1826,86118500
"2020-12-10",41.82,42.22,41.45,41.73,31.0932,57749200
"2020-12-11",41.97,42.07,40.69,41.12,30.6387,60737000
"2020-12-14",41.62,41.66,39.07,39.21,29.2155,94809700
"2020-12-15",39.06,39.18,38.21,38.71,28.843,65712800
"2020-12-16",38.18,38.47,37.74,37.84,28.1947,56515300
"2020-12-17",37.83,38.12,37.31,38.03,28.3363,52036400
"2020-12-18",37.99,38.09,37.5,37.68,28.0755,60259200
"2020-12-21",37.28,37.4,36.91,37.38,27.852,40891800
"2020-12-22",37.21,37.33,36.6,36.74,27.3751,33634400
"2020-12-23",37.01,37.65,36.88,37.44,27.8967,36182000
"2020-12-24",37.4,37.57,37.18,37.27,27.77,14790100
"2020-12-28",37.36,37.58,36.68,36.82,27.4347,26993700
"2020-12-29",36.9,37.2,36.79,37.05,27.6061,23152100
"2020-12-30",37.03,37.24,36.7,36.74,27.3751,24889800
"2020-12-31",36.66,36.92,36.29,36.81,27.4273,30796500
"2021-01-04",36.87,36.94,36.27,36.81,27.4273,33565700
"2021-01-05",36.72,37.37,36.6,37.19,27.7104,29909400
"2021-01-06",36.83,37.48,36.77,36.87,27.472,34962500
"2021-01-07",37.04,37.15,36.67,37.06,27.6136,27809500
"2021-01-08",37.16,37.53,36.9,37.13,27.6657,33462400
"2021-01-11",37.22,37.83,37.15,37.77,28.1426,47286900
"2021-01-12",37.7,37.79,36.82,37.18,27.703,47831100
"2021-01-13",37,37.17,36.64,36.86,27.4645,31027900
"2021-01-14",36.78,36.96,36.61,36.75,27.3826,30272000
"2021-01-15",36.68,36.78,36.4,36.7,27.3453,34287800
"2021-01-19",36.76,37,36.62,36.73,27.3677,33451300
"2021-01-20",36.79,36.81,36.46,36.5,27.1963,35400100
"2021-01-21",36.39,36.59,36.15,36.48,27.1814,33829700
"2021-01-22",36.32,36.83,36.25,36.55,27.2336,26271200
"2021-01-25",36.55,37.29,36.32,37.28,27.7775,31728500
"2021-01-26",37.27,37.6,37.16,37.31,27.7998,27718700
"2021-01-27",36.99,37.04,36.17,36.24,27.0026,50561200
"2021-01-28",35.95,36.33,35.84,35.86,27.0101,39466700
"2021-01-29",36.88,36.88,35.62,35.9,27.0402,60251900
"2021-02-01",35.93,36.19,35.72,35.8,26.9649,40395800
"2021-02-02",35.76,35.78,34.27,34.99,26.3548,84062400
"2021-02-03",34.99,35.29,34.78,34.84,26.2418,38524200
"2021-02-04",34.81,35.08,34.7,34.89,26.2795,34284900
"2021-02-05",34.92,35.08,34.78,34.92,26.3021,31749600
"2021-02-08",34.96,35.01,34.74,34.82,26.2268,31633900
"2021-02-09",34.8,35.06,34.76,34.97,26.3398,30170200
"2021-02-10",35,35.08,34.7,34.74,26.1665,29039900
"2021-02-11",34.8,34.81,34.28,34.43,25.933,30885200
"2021-02-12",34.44,34.95,34.36,34.72,26.1515,25578600
"2021-02-16",34.85,34.86,34.56,34.69,26.1289,28730300
"2021-02-17",34.57,35,34.46,34.89,26.2795,26389400
"2021-02-18",34.78,34.88,34.52,34.56,26.0309,24052500
"2021-02-19",34.66,34.68,34.4,34.44,25.9406,28145300
"2021-02-22",34.33,34.37,34.04,34.26,25.805,34322500
"2021-02-23",34,34.19,33.68,33.91,25.5414,37624200
"2021-02-24",33.87,34.05,33.67,33.75,25.4208,30686100
"2021-02-25",33.82,34.11,33.54,33.82,25.4736,37506100
"2021-02-26",33.84,33.9,33.36,33.49,25.225,41462800
"2021-03-01",33.59,33.93,33.51,33.69,25.3756,30407800
"2021-03-02",33.68,33.89,33.5,33.51,25.2401,27670400
"2021-03-03",33.51,34.45,33.44,34.39,25.9029,46020200
"2021-03-04",34.26,35.09,33.84,34.2,25.7598,45449600
"2021-03-05",34.29,34.55,33.96,34.39,25.9029,30589900
"2021-03-08",34.48,34.87,34.33,34.35,25.8728,24352300
"2021-03-09",34.54,34.85,34.44,34.45,25.9481,25167100
"2021-03-10",34.64,35.14,34.52,34.93,26.3096,33501800
"2021-03-11",35.07,35.12,34.66,34.71,26.1439,24557900
"2021-03-12",34.56,34.98,34.51,34.94,26.3172,16342400
"2021-03-15",35.01,35.43,34.96,35.41,26.6712,21896100
"2021-03-16",35.47,35.86,35.31,35.83,26.9875,25022400
"2021-03-17",35.83,35.96,35.12,35.79,26.9574,42540100
"2021-03-18",35.53,35.97,35.52,35.77,26.9423,24729800
"2021-03-19",35.75,35.82,35.47,35.53,26.7616,48348900
"2021-03-22",35.48,36.01,35.36,36,27.1156,25427500
"2021-03-23",35.82,35.93,35.32,35.36,26.6335,27970500
"2021-03-24",35.48,35.93,35.37,35.61,26.8218,22883400
"2021-03-25",35.65,35.79,35.25,35.67,26.867,24875300
"2021-03-26",35.68,36.29,35.64,36.25,27.3039,27944500
"2021-03-29",36.03,36.74,35.9,36.62,27.5826,27004800
"2021-03-30",36.59,36.63,36.02,36.11,27.1984,26303300
"2021-03-31",36.15,36.43,36.04,36.23,27.2888,26582700
"2021-04-01",36.3,36.45,36.02,36.3,27.3415,21319900
"2021-04-05",36.44,36.57,36.1,36.28,27.3265,22096900
"2021-04-06",36.26,36.4,36,36.05,27.1532,20722900
"2021-04-07",36.03,36.24,35.76,35.91,27.0478,21933800
"2021-04-08",35.96,36.15,35.87,35.96,27.0854,18129400
"2021-04-09",35.9,36.81,35.9,36.6,27.5675,31686700
"2021-04-12",36.48,37.03,36.33,36.97,27.8462,29944900
"2021-04-13",37.41,37.65,36.89,37.16,27.9893,33967400
"2021-04-14",37.17,37.38,36.96,37.17,27.9968,23842900
"2021-04-15",37.26,37.74,37.26,37.6,28.3207,24945800
"2021-04-16",37.87,38.7,37.81,38.57,29.0513,52829500
"2021-04-19",38.6,38.96,38.33,38.93,29.3225,30905100
"2021-04-20",38.75,39.24,38.75,39.03,29.3978,26459400
"2021-04-21",39.14,39.67,39.13,39.53,29.7744,29365000
"2021-04-22",39.48,39.5,38.52,38.64,29.104,33373600
"2021-04-23",38.63,38.83,38.43,38.66,29.1191,24375000
"2021-04-26",38.73,38.74,38.49,38.68,29.1342,19773400
"2021-04-27",38.51,38.61,38.35,38.45,28.9609,19061500
"2021-04-28",38.54,38.94,38.52,38.81,29.2321,21963300
"2021-04-29",38.99,39,38.31,38.6,29.0739,23569400
"2021-04-30",38.5,38.9,38.49,38.65,29.1116,28413200
"2021-05-03",39.04,39.84,38.96,39.83,30.0004,46638600
"2021-05-04",40,40.17,39.43,39.95,30.0907,52802200
"2021-05-05",40.18,41.09,38.93,39.97,30.1058,76627500
"2021-05-06",38.48,39.23,37.96,39.19,29.8092,54944900
"2021-05-07",39.05,39.87,39.05,39.58,30.1058,33807800
"2021-05-10",39.83,40.28,39.78,39.86,30.3188,30831900
"2021-05-11",39.68,40.07,39.23,39.35,29.9309,30568600
"2021-05-12",39.44,39.92,39.31,39.69,30.1895,26208600
"2021-05-13",39.5,40.28,39.5,40.1,30.5013,25415000
"2021-05-14",40.24,40.32,39.92,40.02,30.4405,18041100
"2021-05-17",40.07,40.4,40.01,40.11,30.5089,18095000
"2021-05-18",40.18,40.35,39.83,40.05,30.4633,15805500
"2021-05-19",39.9,39.9,39.43,39.83,30.296,20209500
"2021-05-20",39.73,40.25,39.72,40.12,30.5165,18621100
"2021-05-21",40.21,40.6,39.91,39.95,30.3872,21144800
"2021-05-24",40.08,40.14,39.78,39.81,30.2808,16922300
"2021-05-25",39.82,39.86,39.24,39.33,29.9157,25916300
"2021-05-26",39.29,39.3,38.78,38.92,29.6038,28036500
"2021-05-27",38.97,39.18,38.6,38.65,29.3984,38471200
"2021-05-28",38.75,39.02,38.68,38.73,29.4593,16154100
"2021-06-01",38.94,39,38.48,38.5,29.2843,23642400
"2021-06-02",38.64,38.93,38.54,38.79,29.5049,19629000
"2021-06-03",38.76,39.04,38.63,38.97,29.6418,17376300
"2021-06-04",39.05,39.5,39.02,39.15,29.7787,19375300
"2021-06-07",39.08,39.6,38.97,38.99,29.657,24110700
"2021-06-08",39.07,39.11,38.48,38.85,29.5505,18880300
"2021-06-09",39,39.84,38.98,39.81,30.2808,29824000
"2021-06-10",39.9,40.72,39.89,40.68,30.9425,42613700
"2021-06-11",40.66,40.67,39.95,40.15,30.5394,21386900
"2021-06-14",40.03,40.07,39.38,39.63,30.1438,23408300
"2021-06-15",39.71,39.84,39.39,39.59,30.1134,20206900
"2021-06-16",39.62,39.84,39.28,39.3,29.8928,19177500
"2021-06-17",39.27,39.59,39.07,39.48,30.0297,19580100
"2021-06-18",39.3,39.44,38.7,38.81,29.5201,37775900
"2021-06-21",38.88,39.48,38.88,39.42,29.9841,19488100
"2021-06-22",39.41,39.69,39.26,39.61,30.1286,15975900
"2021-06-23",39.63,39.66,38.98,39.05,29.7027,22025400
"2021-06-24",39.14,39.35,39.08,39.19,29.8092,13436500
"2021-06-25",39.12,39.41,38.89,38.98,29.6494,22774300
"2021-06-28",39.01,39.21,38.9,39.12,29.7559,19225700
"2021-06-29",39.13,39.28,38.98,39.1,29.7407,14516600
"2021-06-30",39.14,39.27,38.82,39.16,29.7863,21248100
"2021-07-01",39.17,39.63,39.11,39.56,30.0906,20035900
"2021-07-02",39.46,39.83,39.38,39.73,30.2199,16592700
"2021-07-06",39.48,39.65,39.04,39.29,29.8852,18931900
"2021-07-07",39.22,39.36,38.97,39.35,29.9309,17665200
"2021-07-08",39,39.32,38.93,39.25,29.8548,23021200
"2021-07-09",39.53,40.1,39.46,39.61,30.1286,21578700
"2021-07-12",39.66,40.25,39.6,39.76,30.2427,24513000
"2021-07-13",39.77,39.8,39.53,39.65,30.1591,12222000
"2021-07-14",39.72,40.03,39.66,39.95,30.3872,15888600
"2021-07-15",39.95,40.19,39.86,40.09,30.4937,20250800
"2021-07-16",40.14,40.35,39.93,40.35,30.6915,24270400
"2021-07-19",40.07,40.35,39.68,40.15,30.5394,29818400
"2021-07-20",40.25,41.71,40.2,41.05,31.2239,48804100
"2021-07-21",41.24,41.24,40.52,41.02,31.2011,27530200
"2021-07-22",41.12,41.55,40.9,41.47,31.5434,18913300
"2021-07-23",41.46,41.83,41.42,41.68,31.7031,21609200
"2021-07-26",41.62,41.94,41.39,41.81,31.802,23720000
"2021-07-27",41.82,42.2,41.58,42.1,32.0226,32544100
"2021-07-28",42.35,43.74,42.25,43.45,33.0495,53822400
"2021-07-29",43.23,43.3,42.62,42.79,32.8422,29015000
"2021-07-30",42.88,43.19,42.69,42.81,32.8576,24763300
"2021-08-02",43.3,44.14,43.25,43.96,33.7402,43066900
"2021-08-03",44.17,45.86,44.07,45.68,35.0604,45643300
"2021-08-04",45.35,45.8,45.01,45.19,34.6843,43391200
"2021-08-05",45,45.14,44.7,45.06,34.5845,23505400
"2021-08-06",45.09,45.31,44.63,45.07,34.5922,20413000
"2021-08-09",45.11,46.03,45.11,45.98,35.2906,32374300
"2021-08-10",46.2,48.57,45.89,48.19,36.9868,81189400
"2021-08-11",47.78,48.08,46.26,46.31,35.5439,50878200
"2021-08-12",46.5,47.4,46.34,47.24,36.2577,29676400
"2021-08-13",47.41,48.5,47.32,48.48,37.2094,35379200
"2021-08-16",48.23,48.97,47.51,48.91,37.5395,38045800
"2021-08-17",48.78,50.49,48.71,50.42,38.6984,68817000
"2021-08-18",50.23,51.86,49.17,49.31,37.8465,88598000
"2021-08-19",48.5,49.96,48.26,48.8,37.455,57741600
"2021-08-20",48.98,49.73,48.66,48.72,37.3936,35157500
"2021-08-23",50.29,51.36,49.6,49.93,38.3223,88652400
"2021-08-24",49.74,50.05,48.24,48.38,37.1327,52624100
"2021-08-25",48.04,48.28,46.93,47.51,36.4649,51036800
"2021-08-26",47.7,48.16,47.3,47.38,36.3651,29029300
"2021-08-27",47.37,47.5,46.53,46.6,35.7665,32924500
"2021-08-30",46.2,47.16,46.16,46.76,35.8893,25774400
"2021-08-31",46.72,47.14,45.93,46.07,35.3597,34547800
"2021-09-01",46.19,46.26,45.42,46.04,35.3367,32900100
"2021-09-02",46.48,46.87,46.13,46.84,35.9507,26106300
"2021-09-03",46.9,47.03,46.34,46.84,35.9507,20817200
"2021-09-07",46.99,47.5,46.54,46.75,35.8816,26236900
"2021-09-08",46.51,46.79,46.25,46.51,35.6974,15839600
"2021-09-09",46.47,46.72,45.85,46.03,35.329,21695300
"2021-09-10",46.27,46.35,45.51,45.59,34.9913,20801500
"2021-09-13",45.74,45.83,44.2,44.58,34.2161,37086200
"2021-09-14",44.67,45.26,44.55,44.71,34.3159,24100200
"2021-09-15",44.56,45.37,44.47,44.77,34.3619,28674600
"2021-09-16",44.88,44.99,44.03,44.47,34.1317,22424200
"2021-09-17",44.17,44.46,43.31,43.89,33.6865,56370500
"2021-09-20",43.39,44.65,43.39,44.2,33.9244,41873000
"2021-09-21",44.25,44.73,43.85,43.92,33.7095,23645600
"2021-09-22",43.99,44.39,43.83,43.95,33.7325,22616700
"2021-09-23",44.28,44.72,44.15,44.19,33.9168,19719200
"2021-09-24",44.07,44.41,43.81,43.94,33.7249,16150700
"2021-09-27",43.92,44.13,43.51,43.57,33.4409,19955900
"2021-09-28",43.07,43.28,42.43,43.04,33.0341,28512200
"2021-09-29",43.22,43.69,43.08,43.53,33.4102,18037200
"2021-09-30",43.79,44.05,42.97,43.01,33.0111,21103300
"2021-10-01",42.52,43.1,41.7,42.93,32.9497,38483000
"2021-10-04",42.93,43.35,42.21,42.42,32.5582,28906500
"2021-10-05",42.53,42.79,42.28,42.32,32.4815,19342600
"2021-10-06",42.06,42.2,41.69,42.02,32.2512,30483800
"2021-10-07",42.52,42.96,42.21,42.74,32.8039,19778300
"2021-10-08",42.73,42.91,42.34,42.45,32.5813,12778600
"2021-10-11",42.45,42.62,42.01,42.06,32.2819,11984200
"2021-10-12",42.16,42.21,41.66,41.85,32.1208,16222300
"2021-10-13",41.75,41.91,40.94,41.42,31.7907,28205700
"2021-10-14",41.56,41.96,41.52,41.67,31.9826,17590300
"2021-10-15",41.9,42.03,41.38,41.49,31.8444,23550300
"2021-10-18",41.45,41.7,41.04,41.32,31.714,21733000
"2021-10-19",41.6,42.2,41.54,42.09,32.305,17159800
"2021-10-20",42.12,43.11,42.1,42.8,32.8499,22788300
"2021-10-21",43.06,43.09,42.43,42.86,32.896,22142300
"2021-10-22",42.82,43.19,42.63,43.16,33.1262,17183000
"2021-10-25",43.2,43.24,42.57,43.15,33.1185,22846200
"2021-10-26",43.33,43.76,42.92,43.56,33.4332,29729100
"2021-10-27",43.46,43.56,42.68,42.97,32.9804,22317500
"2021-10-28",42.95,43.67,42.94,43.18,33.1416,18023400
"2021-10-29",43.09,43.83,42.86,43.74,33.5714,30307500
"2021-11-01",44.14,44.29,43.44,43.64,33.4946,32681500
"2021-11-02",45.08,46.04,43.05,45.45,34.8838,69248000
"2021-11-03",45.52,45.99,44.48,44.82,34.4003,44593100
"2021-11-04",44.29,44.47,43.31,43.85,33.9512,38172500
"2021-11-05",48.09,48.81,46.55,48.61,37.6367,173959100
"2021-11-08",48.61,48.79,47.6,48.33,37.4199,57423300
"2021-11-09",48.33,48.38,47.15,47.3,36.6224,29920400
"2021-11-10",47.4,49.21,47.4,49.02,37.9541,42696200
"2021-11-11",49.23,50.5,48.73,50.18,38.8523,42370400
"2021-11-12",50.42,50.49,49.57,49.73,38.5039,27780600
"2021-11-15",49.73,50.1,49.37,49.65,38.4419,27763200
"2021-11-16",49.47,50.16,48.89,49.6,38.4032,31297200
"2021-11-17",49.94,51.09,49.69,50.87,39.3865,36889800
"2021-11-18",51.1,51.71,50.61,51.41,39.8046,32872600
"2021-11-19",51.96,52.84,50.68,50.8,39.3323,47966200
"2021-11-22",50.95,51.47,50.38,51.2,39.642,27287900
"2021-11-23",50.58,51.45,50.3,51.08,39.5491,24946200
"2021-11-24",51.18,51.33,50.71,50.89,39.402,18556800
"2021-11-26",54.04,54.94,53.25,54,41.8099,66561300
"2021-11-29",55.15,55.7,52.11,52.4,40.5711,72660800
"2021-11-30",52.31,54.46,51.91,53.73,41.6009,64598400
"2021-12-01",52.47,55.17,51.86,54.68,42.3364,59810400
"2021-12-02",53.82,55.08,52.77,53.04,41.0667,46361700
"2021-12-03",53.71,54.41,53.1,54.27,42.019,37574800
"2021-12-06",53.78,53.89,51.25,51.48,39.8588,53724000
"2021-12-07",51.25,52.5,50.4,51.72,40.0446,41575400
"2021-12-08",52.75,53.08,51.03,51.4,39.7969,37429200
"2021-12-09",51.51,52.85,51.51,52.08,40.3234,38325700
"2021-12-10",51.2,52.85,51.11,52.78,40.8653,26079400
"2021-12-13",53.44,55.73,53.44,55.2,42.739,54923200
"2021-12-14",54.77,55.95,54.32,55.54,43.0023,48685700
"2021-12-15",56.11,58.92,55.89,58.8,45.5264,75202900
"2021-12-16",58.36,61.43,57.75,61.25,47.4233,75183600
"2021-12-17",59.93,61.19,58.7,59.48,46.0529,104192100
"2021-12-20",60.6,61.71,59.83,61.02,47.2452,55712200
"2021-12-21",60.01,60.04,57.16,58.95,45.6425,63877900
"2021-12-22",59.25,60.59,58.22,59.55,46.1071,62594900
"2021-12-23",59.82,60.08,58.31,58.71,45.4567,39203200
"2021-12-27",58.85,59.38,58.23,59.2,45.8361,27362600
"2021-12-28",59.05,59.45,57.08,58.01,44.9147,36901700
"2021-12-29",57.31,58.03,57.07,57.58,44.5818,26170200
"2021-12-30",57.75,58.74,57.53,58.4,45.2167,24559000
"2021-12-31",58.53,59.8,58.44,59.05,45.7199,28579600
"2022-01-03",58.5,58.55,56.34,56.65,43.8617,57219200
"2022-01-04",56.22,56.43,53.94,54.53,42.2203,66993100
"2022-01-05",55.84,56.44,55.37,55.63,43.072,52956400
"2022-01-06",55.16,55.63,54.49,54.84,42.4603,37000400
"2022-01-07",55.36,55.77,54.63,55.72,43.1417,27703400
"2022-01-10",55.71,56.26,54.74,56.24,43.5443,34044700
"2022-01-11",56.75,57.43,55.81,56.69,43.8927,33576600
"2022-01-12",56.34,57.16,55.9,56.65,43.8617,27608500
"2022-01-13",56.53,56.75,55.22,55.54,43.0023,28117900
"2022-01-14",54.98,55.38,54.51,54.95,42.5455,27072500
"2022-01-18",54.5,54.55,53.43,54.11,41.8951,35598000
"2022-01-19",53.65,54.49,53.45,53.54,41.4538,27300400
"2022-01-20",53.96,54.52,53.07,54.05,41.8486,35105300
"2022-01-21",54.42,54.87,52.46,52.79,40.8731,41059000
"2022-01-24",51.75,52.06,49.82,51.54,39.9053,59036400
"2022-01-25",51.36,52.84,51.24,52.54,40.6795,43983200
"2022-01-26",52.57,53.62,52.46,53.01,41.0434,39644800
"2022-01-27",53.02,54.58,53,53.37,41.6363,36957200
"2022-01-28",53.77,54.67,53.1,54.33,42.3853,28590400
"2022-01-31",54,54.14,52.39,52.69,41.1058,38644600
"2022-02-01",52.74,53.16,52.39,53.07,41.4023,27883300
"2022-02-02",52.84,54.13,52.45,53.86,42.0186,32039300
"2022-02-03",53.33,53.89,53.09,53.38,41.6441,22635800
"2022-02-04",53.02,53.43,52.63,53,41.3477,24932200
"2022-02-07",53.3,53.58,52.24,53.21,41.5115,32358500
"2022-02-08",50.64,51.8,49.69,51.7,40.3335,67922000
"2022-02-09",51.64,51.72,50.9,51.47,40.1541,38522200
"2022-02-10",51.04,51.37,50.39,50.6,39.4753,34200600
"2022-02-11",50.33,51.24,50.08,50.78,39.6158,34997800
"2022-02-14",49.82,50.5,48.48,49.8,38.8512,42973100
"2022-02-15",49.8,50.04,49.21,49.79,38.8434,29150000
"2022-02-16",49.59,50.78,49.43,49.68,38.7576,27672600
"2022-02-17",49.81,49.96,48.75,48.9,38.1491,21231700
"2022-02-18",48.78,49.52,48.2,48.53,37.8604,26955300
"2022-02-22",47.54,48.31,47.35,47.53,37.0803,34814800
"2022-02-23",47.59,48.16,46.78,46.87,36.5654,25793000
"2022-02-24",45.86,46.76,45.4,45.96,35.8555,44227300
"2022-02-25",45.81,48.03,45.74,47.72,37.2285,31199200
"2022-02-28",46.82,47.17,46.34,46.94,36.62,35296100
"2022-03-01",46.69,47.14,45.44,45.75,35.6916,29854500
"2022-03-02",46.11,47.93,46,47.7,37.2129,36516200
"2022-03-03",47.68,48.59,47.48,47.83,37.3143,30553300
"2022-03-04",47.5,48.77,47.41,48.65,37.9541,33217300
"2022-03-07",48.25,48.84,47.52,47.98,37.4314,33171300
"2022-03-08",47.58,48.42,46.47,47.44,37.0101,32913300
"2022-03-09",48.13,49.22,48,48.75,38.0321,24718900
"2022-03-10",48.31,49.29,48.05,49.2,38.3831,24542300
"2022-03-11",49.14,50.9,48.94,50.27,39.2179,33701900
"2022-03-14",50.72,52.91,50.39,52.25,40.7626,42314500
"2022-03-15",52.62,52.92,51.18,52.21,40.7314,30172100
"2022-03-16",52.54,53.27,52.18,52.92,41.2853,29891400
"2022-03-17",52.92,54.25,52.79,54.24,42.3151,30598600
"2022-03-18",54.38,55,53.71,54.51,42.5257,51815000
"2022-03-21",54.24,55.3,53.9,54.19,42.2761,34592500
"2022-03-22",54.2,54.32,52.5,53.04,41.3789,32253600
"2022-03-23",53.02,53.5,52.16,52.19,40.7158,29183700
"2022-03-24",52.54,52.85,52.29,52.59,41.0278,25177500
"2022-03-25",52.74,53.25,52.51,52.78,41.176,17429600
"2022-03-28",52.53,53.56,52.5,53.28,41.5661,21863700
"2022-03-29",54,54.08,52.62,52.74,41.1448,39970000
"2022-03-30",53.2,53.72,51.97,52.44,40.9108,27599600
"2022-03-31",52,52.88,51.74,51.77,40.3881,26055200
"2022-04-01",52.12,52.16,51.1,51.57,40.2321,19073100
"2022-04-04",51.78,51.87,50.37,50.94,39.7406,20462800
"2022-04-05",50.81,52.15,50.75,51.24,39.9746,21176700
"2022-04-06",51.16,53.09,51.16,52.87,41.2463,31717500
"2022-04-07",52.5,55.41,52.5,55.16,43.0328,36305700
"2022-04-08",54.85,55.58,54.46,55.17,43.0406,24612200
"2022-04-11",55.46,56.32,53.78,53.93,42.0732,22054300
"2022-04-12",53.3,53.93,52.65,53.11,41.4335,22810700
"2022-04-13",53.13,53.82,52.7,53.1,41.4257,15777800
"2022-04-14",53.4,53.91,53.04,53.12,41.4413,17240100
"2022-04-18",52.83,53.11,51.63,51.84,40.4427,17065000
"2022-04-19",51.66,51.88,49.37,50.18,39.1477,33441500
"2022-04-20",50,50.16,49.21,49.75,38.8122,24751800
"2022-04-21",49.93,50.01,48.92,49.11,38.3129,19105600
"2022-04-22",48.95,49.1,47.9,48.13,37.5484,22156800
"2022-04-25",47.85,49.19,47.12,48.95,38.1881,27390600
"2022-04-26",48.99,50.25,48.92,49.03,38.2505,25366500
"2022-04-27",49.11,49.91,48.21,49.74,38.8044,25819200
"2022-04-28",50.44,50.77,49.49,50.51,39.4051,28225400
"2022-04-29",49.87,50.34,49,49.07,38.2817,28343300
"2022-05-02",47.68,48.76,47.46,48.34,37.7122,36228400
"2022-05-03",48.87,50.04,47.7,49.29,38.4533,33716900
"2022-05-04",48.89,49.87,47.91,49.66,38.742,28613700
"2022-05-05",49.46,49.55,47.55,48.45,37.798,28333000
"2022-05-06",48.09,49.22,48.04,49.04,38.2583,19891400
"2022-05-09",48.38,49.17,47.77,48.64,37.9462,25012300
"2022-05-10",49.04,49.9,48.69,49.49,38.6094,27335900
"2022-05-11",49.07,50.24,49.03,49.45,38.5782,29699500
"2022-05-12",49,50.43,48.72,50.39,39.6321,33468400
"2022-05-13",50.38,50.79,49.68,49.92,39.2624,22423700
"2022-05-16",49.87,51.05,49.87,50.67,39.8523,19435600
"2022-05-17",50.95,51.52,50.18,51.34,40.3793,19918200
"2022-05-18",51.22,51.42,50.16,50.4,39.64,22276000
"2022-05-19",50,50.89,49.59,50.65,39.8366,19865500
"2022-05-20",51.27,52.7,51.13,52.47,41.268,31250400
"2022-05-23",52.58,53.7,52.48,52.88,41.5905,24035800
"2022-05-24",52.71,53.61,52.71,53.41,42.0073,26729800
"2022-05-25",53.2,54.05,53.05,53.71,42.2433,24003900
"2022-05-26",54.06,54.92,53.88,53.99,42.4635,23516300
"2022-05-27",53.92,54.41,53.52,53.91,42.4006,21407500
"2022-05-31",53.32,53.5,51.94,53.04,41.7163,66058200
"2022-06-01",53.25,53.28,51.84,52.37,41.1894,17430600
"2022-06-02",52.37,52.74,51.04,52.68,41.4332,21903400
"2022-06-03",52.46,53.53,52.46,53.2,41.8422,18125000
"2022-06-06",53.19,53.72,53,53.26,41.8894,16544400
"2022-06-07",53.28,53.97,53.01,53.96,42.4399,15091200
"2022-06-08",54.06,54.56,53.41,53.47,42.0545,12789800
"2022-06-09",53.27,53.65,51.7,51.78,40.7253,17572700
"2022-06-10",51.31,51.37,49.95,49.97,39.3018,23826000
"2022-06-13",48.82,49.28,47.71,47.91,37.6815,26989000
"2022-06-14",47.75,48.47,47.22,47.92,37.6894,23290300
"2022-06-15",47.88,48.98,47.18,48.51,38.1535,25748000
"2022-06-16",47.69,48,47.06,47.48,37.3433,20424500
"2022-06-17",47.38,48.03,46.28,46.53,36.5962,45047700
"2022-06-21",47.32,48.44,46.95,48.11,37.8389,19622100
"2022-06-22",48.03,49.58,47.77,49.07,38.5939,20382900
"2022-06-23",49.23,50.17,48.98,50.09,39.3961,20061700
"2022-06-24",50.65,51.64,50.3,51.59,40.5759,24343200
"2022-06-27",51.48,52.23,51.26,51.88,40.804,16154300
"2022-06-28",51.83,51.97,50.41,50.66,39.8444,16417900
"2022-06-29",50.73,51.44,50.66,50.94,40.0647,13925700
"2022-06-30",51.69,52.89,51.09,52.43,41.2366,33495700
"2022-07-01",52.04,52.37,51.25,52.31,41.1422,16143300
"2022-07-05",51.75,51.89,50.4,51.64,40.6152,18406800
"2022-07-06",51.64,52.96,51.58,52.75,41.4882,21305500
"2022-07-07",52.95,53.54,52.79,53.42,42.0152,17847600
"2022-07-08",53.05,53.92,52.76,53.17,41.8186,11322700
"2022-07-11",53,53.74,52.75,52.89,41.5984,12921400
"2022-07-12",52.69,52.78,51.71,52.04,40.9298,14633500
"2022-07-13",51.86,52.31,51.51,51.79,40.7332,12927300
"2022-07-14",50.75,51.59,50.63,51.39,40.4186,14023800
"2022-07-15",51.04,51.91,50.43,51.75,40.7017,19885700
"2022-07-18",51.96,51.97,50.52,50.75,39.9152,15742900
"2022-07-19",51.04,51.51,50.61,51.37,40.4029,13402100
"2022-07-20",51.39,51.46,50.51,50.82,39.9703,12774400
"2022-07-21",50.57,51.14,50.18,51.12,40.2062,15103800
"2022-07-22",51.26,51.53,50.95,51.23,40.2928,10932100
"2022-07-25",51.34,51.88,51.34,51.77,40.7175,12995800
"2022-07-26",51.84,52.85,51.71,52.3,41.1343,16632500
"2022-07-27",51.94,52.25,51.19,51.95,40.859,19203500
"2022-07-28",50.85,52.33,49.1,50.72,40.2012,38984900
"2022-07-29",50.56,50.71,49.28,50.51,40.0347,25037900
"2022-08-01",50.32,51.3,50.15,50.61,40.114,19709900
"2022-08-02",50.9,51.47,49.63,49.69,39.3848,17802000
"2022-08-03",49.79,50.07,49.34,49.86,39.5195,16500100
"2022-08-04",49.9,50.05,49.21,49.86,39.5195,17026300
"2022-08-05",49.64,49.97,49.06,49.27,39.0519,16376600
"2022-08-08",49.39,49.81,48.94,49.57,39.2897,16071800
"2022-08-09",49.75,50.11,49.52,49.78,39.4561,12095600
"2022-08-10",49.93,50.05,49.38,49.95,39.5909,17355100
"2022-08-11",48.22,49.13,47.81,48.29,38.2751,44048800
"2022-08-12",48.55,50.39,48.55,50.11,39.7177,25835500
"2022-08-15",49.97,50.07,49.39,49.75,39.4323,15797800
"2022-08-16",49.38,50.18,49.36,49.86,39.5195,12874800
"2022-08-17",49.65,49.86,49.25,49.27,39.0519,13607200
"2022-08-18",49.39,49.52,48.38,48.58,38.505,18916300
"2022-08-19",48.84,49.45,48.73,49.15,38.9568,15350200
"2022-08-22",49.21,49.4,48.74,48.9,38.7586,13601200
"2022-08-23",48.42,48.52,47.76,48.01,38.0532,16248900
"2022-08-24",47.9,48.01,47.38,47.43,37.5935,15551500
"2022-08-25",47.52,47.95,47.27,47.9,37.966,14460000
"2022-08-26",47.62,47.96,46.7,46.82,37.11,16546700
"2022-08-29",46.38,46.69,46.12,46.23,36.6424,13400500
"2022-08-30",46.34,46.35,45.8,45.85,36.3412,16303000
"2022-08-31",46.01,46.29,45.13,45.23,35.8497,26416800
"2022-09-01",45.14,46.65,45.14,46.63,36.9594,19947600
"2022-09-02",46.74,46.8,45.53,45.7,36.2223,14667700
"2022-09-06",45.96,46.44,45.53,45.76,36.2698,17153500
"2022-09-07",45.7,46.21,45.38,46.13,36.5631,15378900
"2022-09-08",46.02,47.12,45.87,47.08,37.3161,18271000
"2022-09-09",47.2,47.99,47.1,47.84,37.9185,17501700
"2022-09-12",48.08,48.35,47.69,47.76,37.855,13744800
"2022-09-13",47.13,47.32,46.02,46.19,36.6107,16603200
"2022-09-14",46.2,46.41,45.78,46.15,36.5789,17162500
"2022-09-15",46.11,46.29,45.7,45.94,36.4125,15802000
"2022-09-16",46.09,46.62,45.64,46.03,36.4838,30629500
"2022-09-19",45.68,45.88,44.78,45.44,36.0162,16256200
"2022-09-20",45,45.27,44.44,44.77,35.4851,15369000
"2022-09-21",44.81,44.98,43.9,43.92,34.8114,17505200
"2022-09-22",43.67,45,43.52,44.57,35.3266,18508100
"2022-09-23",44.44,44.56,43.58,44.08,34.9382,18871700
"2022-09-26",43.81,44.33,43.67,43.83,34.7401,18680200
"2022-09-27",44.22,44.58,43.74,44.09,34.9462,21562700
"2022-09-28",44.67,44.81,44.22,44.43,35.2156,16532600
"2022-09-29",44.41,44.62,43.95,44.16,35.0017,13559900
"2022-09-30",44.17,44.61,43.73,43.76,34.6846,22962300
"2022-10-03",44.07,44.28,43.49,44.14,34.9858,22834300
"2022-10-04",44.25,44.84,44.09,44.46,35.2394,28198800
"2022-10-05",44.12,44.37,43.68,44.12,34.9699,15673400
"2022-10-06",43.76,43.78,43.04,43.09,34.1536,22068200
"2022-10-07",43.05,43.05,41.92,42.32,33.5433,20095000
"2022-10-10",42.35,42.62,41.75,41.75,33.0915,17888000
"2022-10-11",41.66,42.57,41.45,41.92,33.2262,20981200
"2022-10-12",42.09,43.14,41.92,42.03,33.3134,18803600
"2022-10-13",41.76,43.16,41.7,42.98,34.0664,23135200
"2022-10-14",42.89,43.38,42.36,42.86,33.9713,16980500
"2022-10-17",43.19,43.81,43.19,43.65,34.5974,16678400
"2022-10-18",44.05,44.36,43.62,44.09,34.9462,18442800
"2022-10-19",43.91,44.07,42.74,43.11,34.1694,23054700
"2022-10-20",43.27,43.41,42.82,42.91,34.0109,17715000
"2022-10-21",43.31,45.16,42.99,44.95,35.6278,36575700
"2022-10-24",45.08,45.87,44.99,45.54,36.0955,24972000
"2022-10-25",45.27,45.82,44.89,45.59,36.1351,23127000
"2022-10-26",45.92,46.65,45.62,46.06,36.5076,21407900
"2022-10-27",45.81,46.11,45.68,45.74,36.254,20377700
"2022-10-28",45.98,47.52,45.93,47.43,37.5935,27854000
"2022-10-31",47.08,47.39,46.54,46.55,36.896,29961700
"2022-11-01",48,48.42,47.4,48.01,38.0532,30614500
"2022-11-02",47.77,48.17,46.95,47.07,37.3081,25813100
"2022-11-03",46.36,46.8,46.16,46.57,37.2282,20124600
"2022-11-04",47.47,47.54,46.61,47.22,37.7478,24528500
"2022-11-07",47.16,47.65,46.75,47.09,37.6439,20304400
"2022-11-08",47.04,47.75,46.75,47.35,37.8517,18054500
"2022-11-09",47.16,47.5,46.7,46.72,37.3481,15348100
"2022-11-10",47.53,47.75,46.85,47.38,37.8757,20480600
"2022-11-11",47.07,47.7,46.31,47.6,38.0516,20909800
"2022-11-14",47.99,49.82,47.93,49.24,39.3626,26143000
"2022-11-15",49.34,49.53,48.18,48.57,38.827,25440500
"2022-11-16",48.8,49.06,48.05,48.05,38.4113,15822200
"2022-11-17",47.8,48.5,47.53,48.33,38.6352,13231100
"2022-11-18",48.64,48.83,47.87,48.23,38.5552,20666500
"2022-11-21",48.1,48.28,47.72,48.18,38.5152,14736000
"2022-11-22",48.34,49.25,48.24,49.08,39.2347,16358600
"2022-11-23",48.96,49.22,48.52,48.85,39.0508,10710800
"2022-11-25",48.93,49.22,48.84,49.21,39.3386,6760200
"2022-11-28",49.18,49.74,49.06,49.57,39.6264,20704000
"2022-11-29",49.5,49.67,49.1,49.49,39.5625,17160900
"2022-11-30",49.64,50.13,49.04,50.13,40.0741,35572700
"2022-12-01",50.31,51.16,50.28,51.08,40.8335,23592600
"2022-12-02",50.56,51.33,50.48,50.91,40.6976,16881600
"2022-12-05",50.91,51.03,50.35,50.73,40.5537,17959800
"2022-12-06",50.67,50.85,49.18,49.71,39.7383,21787100
"2022-12-07",49.75,51.15,49.75,50.24,40.162,15929900
"2022-12-08",50.18,51.87,50.02,51.78,41.3931,26116800
"2022-12-09",51.75,52.84,51.63,51.72,41.3451,19933500
"2022-12-12",52.12,52.59,51.75,52.16,41.6969,18532200
"2022-12-13",53.1,54.04,52.88,53.07,42.4243,29461800
"2022-12-14",53.14,54.93,52.9,54.48,43.5515,36260300
"2022-12-15",54.07,54.43,53.4,53.61,42.856,21627100
"2022-12-16",53.01,53.14,51.4,51.4,41.0893,65689500
"2022-12-19",51.52,51.81,50.7,51.36,41.0574,16081900
"2022-12-20",51.21,51.51,50.84,51.32,41.0254,12433800
"2022-12-21",51.61,52.16,51.2,51.66,41.2972,12925000
"2022-12-22",51.41,51.7,50.95,51.64,41.2812,14822300
"2022-12-23",51.56,51.95,51.24,51.83,41.4331,10666500
"2022-12-27",51.86,51.93,51.05,51.13,40.8735,12033800
"2022-12-28",51.05,51.39,50.75,50.8,40.6097,10053900
"2022-12-29",51.02,51.67,50.99,51.33,41.0334,8971300
"2022-12-30",51.29,51.4,50.75,51.24,40.9614,11396200
"2023-01-03",51.01,51.33,50.82,51.26,40.9774,15603800
"2023-01-04",50.29,50.63,49.52,50.13,40.0741,21808400
"2023-01-05",49.73,49.99,48.92,49.66,39.6984,20057400
"2023-01-06",49.98,51.6,49.56,50.92,40.7056,29635900
"2023-01-09",50.05,50.26,48.31,48.39,38.6831,30839100
"2023-01-10",48.35,48.47,47.38,47.62,38.0676,29212000
"2023-01-11",47.7,47.74,46.86,47.45,37.9317,23022200
"2023-01-12",47.27,47.72,46.58,47.71,38.1395,23345300
"2023-01-13",47.5,48.16,47.49,47.85,38.2514,18737500
"2023-01-17",46.54,46.74,45.71,46.08,36.8365,29391400
"2023-01-18",45.55,45.85,44.97,45,35.9731,33835000
"2023-01-19",44.72,45.27,44.64,44.96,35.9412,26614900
"2023-01-20",45.28,45.43,44.73,45.11,36.0611,25197600
"2023-01-23",45.04,45.32,44.82,44.98,35.9572,19398600
"2023-01-24",44.92,44.95,44.15,44.71,35.7413,18853100
"2023-01-25",45.03,45.11,44.59,45.07,36.0291,20828000
"2023-01-26",44.2,44.3,43.61,44.25,35.6983,38465500
"2023-01-27",44.22,44.34,43.78,43.79,35.3272,23798600
"2023-01-30",43.79,44.14,43.4,43.55,35.1336,24402200
"2023-01-31",43,44.28,42.7,44.16,35.6257,49722500
"2023-02-01",43.91,44.18,43.41,43.97,35.4725,24482300
"2023-02-02",43.63,44.46,43.5,44.34,35.7709,35279200
"2023-02-03",44.36,44.39,43.88,44.06,35.5451,23742000
"2023-02-06",44.19,44.3,43.73,43.76,35.303,18071200
"2023-02-07",43.82,43.9,43.25,43.59,35.1659,22999500
"2023-02-08",43.55,44.1,43.53,43.98,35.4805,19362300
"2023-02-09",44.12,44.33,43.24,43.34,34.9642,20809200
"2023-02-10",43.5,43.98,43.26,43.88,35.3998,18619600
"2023-02-13",43.68,44.01,43.51,43.99,35.4886,17878000
"2023-02-14",44.09,44.2,43.58,43.72,35.2708,17506900
"2023-02-15",43.42,43.61,43.11,43.32,34.9481,18994700
"2023-02-16",43.15,43.18,42.77,42.95,34.6496,17832000
"2023-02-17",42.89,43.37,42.58,43.21,34.8593,18293400
"2023-02-21",42.81,42.93,42.62,42.7,34.4479,17356600
"2023-02-22",42.72,42.89,42.31,42.38,34.1897,17394200
"2023-02-23",42.29,42.75,42.22,42.3,34.1252,21104300
"2023-02-24",42.03,42.05,41.51,41.75,33.6815,16806100
"2023-02-27",41.44,41.73,40.73,40.78,32.8989,26370300
"2023-02-28",40.5,40.71,40.09,40.57,32.7295,31086900
"2023-03-01",40.56,40.76,40.14,40.18,32.4149,21104400
"2023-03-02",40.06,40.78,39.81,40.62,32.7699,19110600
"2023-03-03",40.91,41.18,40.74,41.15,33.1974,20922000
"2023-03-06",41.09,41.26,40.82,41.11,33.1652,19434800
"2023-03-07",41.06,41.13,40.1,40.34,32.544,23205800
"2023-03-08",40.32,40.57,39.91,40.12,32.3665,16756100
"2023-03-09",40.41,40.57,39.31,39.46,31.834,18585100
"2023-03-10",39.29,39.93,39.23,39.39,31.7776,26328100
"2023-03-13",39.26,40.51,39.26,39.86,32.1567,35299400
"2023-03-14",40.05,40.15,39.52,39.9,32.189,24583600
"2023-03-15",39.76,40.53,39.46,40.28,32.4956,25498400
"2023-03-16",40.06,40.49,39.72,40.37,32.5682,21095900
"2023-03-17",40.63,40.79,39.99,40.1,32.3504,57457800
"2023-03-20",40.14,40.86,39.94,40.81,32.9232,20825400
"2023-03-21",40.86,40.91,40.31,40.66,32.8021,19982000
"2023-03-22",40.7,40.85,39.99,40.01,32.2777,15444200
"2023-03-23",40.17,40.5,40,40.18,32.4149,16958100
"2023-03-24",40.09,40.46,39.87,40.39,32.5843,17218100
"2023-03-27",40.54,40.62,39.97,40.22,32.4472,20262800
"2023-03-28",40.2,40.3,39.86,39.99,32.2616,13537500
"2023-03-29",40.16,40.27,39.99,40.25,32.4714,14429500
"2023-03-30",40.42,40.49,40.25,40.38,32.5762,12634500
"2023-03-31",40.55,40.83,40.28,40.8,32.9151,23393600
"2023-04-03",40.69,41.47,40.65,41.35,33.3588,20817200
"2023-04-04",41.44,41.53,40.76,40.9,32.9958,19514500
"2023-04-05",41.29,42.22,41.17,41.55,33.5201,29697600
"2023-04-06",41.93,42.1,41.37,41.5,33.4798,25931800
"2023-04-10",41.15,41.74,41.12,41.73,33.6653,15137300
"2023-04-11",41.8,41.99,41.7,41.79,33.7137,15304100
"2023-04-12",41.63,41.79,41.27,41.37,33.3749,17035100
"2023-04-13",41.53,41.7,41.3,41.47,33.4556,22880900
"2023-04-14",41.51,41.71,40.93,41.19,33.2297,20627500
"2023-04-17",41.12,41.28,40.96,41.18,33.2216,17608600
"2023-04-18",41.28,41.33,40.53,40.55,32.7134,18541500
"2023-04-19",40.43,40.56,40.2,40.24,32.4633,17214300
"2023-04-20",40.08,40.19,39.79,39.85,32.1487,20131600
"2023-04-21",40.09,40.3,39.91,40.21,32.4391,19227100
"2023-04-24",40.19,40.2,39.71,39.91,32.1971,17633700
"2023-04-25",39.75,39.92,39.28,39.33,31.7292,24492400
"2023-04-26",39.16,39.19,38.4,38.63,31.1644,22401400
"2023-04-27",38.62,38.83,38.31,38.74,31.2532,22434000
"2023-04-28",38.7,38.91,38.62,38.89,31.3742,21015300
"2023-05-01",39,39.52,38.86,39.21,31.6324,23917800
"2023-05-02",39.29,40.12,38.63,39.06,31.5113,38834100
"2023-05-03",39.2,39.39,38.36,38.45,31.0192,27721900
"2023-05-04",38.17,38.43,38.02,38.23,30.8417,23675100
"2023-05-05",38.38,38.5,38.09,38.49,31.0515,19225100
"2023-05-08",38.53,38.73,38.35,38.67,31.1967,20101700
"2023-05-09",38.48,38.67,38.39,38.48,31.0434,15987900
"2023-05-10",38.67,38.72,38.08,38.3,30.8982,15858200
"2023-05-11",37.6,37.65,37.21,37.58,30.6454,28566400
"2023-05-12",37.61,37.72,37.23,37.35,30.4579,16541300
"2023-05-15",37.3,37.36,37.01,37.16,30.3029,16650400
"2023-05-16",37.02,37.24,36.83,37.01,30.1806,25451700
"2023-05-17",36.98,37.05,36.51,36.75,29.9686,23206400
"2023-05-18",36.71,36.78,36.17,36.48,29.7484,27772400
"2023-05-19",36.65,37.65,36.52,36.77,29.9849,33068300
"2023-05-22",36.86,38.87,36.75,38.75,31.5995,85718600
"2023-05-23",38.55,40.14,38,39.64,32.3253,75379500
"2023-05-24",40.1,40.14,38.6,38.63,31.5017,39326400
"2023-05-25",38.51,38.51,37.65,37.83,30.8493,30266600
"2023-05-26",38.04,38.44,37.56,37.6,30.6617,20234600
"2023-05-30",37.36,37.36,36.92,37.01,30.1806,24371100
"2023-05-31",37.1,38.22,36.87,38.02,31.0042,46166300
"2023-06-01",38.12,38.21,37.7,38.02,31.0042,20256100
"2023-06-02",38.25,38.66,38.16,38.36,31.2815,22736400
"2023-06-05",38.48,39.02,38.47,38.65,31.518,18392200
"2023-06-06",38.81,38.86,38.29,38.37,31.2897,19508200
"2023-06-07",38.35,39.06,38.13,38.89,31.7137,25295100
"2023-06-08",39.04,39.19,38.73,39.09,31.8768,17347600
"2023-06-09",39.28,39.59,38.87,38.97,31.7789,19775100
"2023-06-12",39.01,40.07,38.99,39.9,32.5373,28334600
"2023-06-13",39.67,40.37,39.45,40.28,32.8472,26533800
"2023-06-14",40.32,40.34,39.32,39.36,32.097,22056400
"2023-06-15",39.41,39.83,39.28,39.75,32.415,19905900
"2023-06-16",39.86,40.36,39.85,40.06,32.6678,60338600
"2023-06-20",39.71,39.87,39.33,39.34,32.0807,26881200
"2023-06-21",39.2,39.24,38.76,38.9,31.7218,17982900
"2023-06-22",38.94,38.99,38.41,38.73,31.5832,18039800
"2023-06-23",38.71,38.87,38.28,38.3,31.2326,23492200
"2023-06-26",37.02,37.05,36.16,36.89,30.0827,56135500
"2023-06-27",36.96,37,36.28,36.42,29.6995,32414900
"2023-06-28",36.5,36.54,36.03,36.29,29.5935,30062000
"2023-06-29",35.99,36.22,35.76,36.12,29.4548,26284900
"2023-06-30",36.21,36.75,36.14,36.68,29.9115,30867900
"2023-07-03",36.5,36.74,36.35,36.65,29.887,14115800
"2023-07-05",36.58,37.02,36.39,36.46,29.7321,26829400
"2023-07-06",36.2,36.27,35.62,35.63,29.0553,30177300
"2023-07-07",35.52,35.77,35.35,35.53,28.9737,22903300
"2023-07-10",35.57,36.01,35.54,35.68,29.096,17777500
"2023-07-11",35.64,36.04,35.62,36.02,29.3733,17731300
"2023-07-12",36.2,36.25,35.92,35.99,29.3488,17229700
"2023-07-13",36.01,36.36,35.92,36.06,29.4059,16664400
"2023-07-14",36.3,36.49,36.01,36.32,29.6179,17915100
"2023-07-17",36.12,36.12,35.78,35.86,29.2428,20557300
"2023-07-18",35.92,36.48,35.88,36.24,29.5527,22808300
"2023-07-19",36.34,36.7,36.21,36.44,29.7158,18589700
"2023-07-20",36.4,37.07,36.36,36.77,29.9849,22358400
"2023-07-21",36.8,37.43,36.8,37.4,30.4986,24149700
"2023-07-24",37.41,37.8,37.37,37.51,30.5883,19414700
"2023-07-25",37.4,37.72,37.05,37.06,30.2214,21771000
"2023-07-26",36.87,37.35,36.76,37.21,30.3437,20983700
"2023-07-27",36.85,37.01,36.18,36.2,29.849,25346300
"2023-07-28",36.35,36.45,36.02,36.07,29.7418,24054100
"2023-07-31",36.18,36.19,35.92,36.06,29.7335,40265200
"2023-08-01",35.88,36.92,35.37,35.61,29.3625,40931600
"2023-08-02",35.63,35.89,35.28,35.35,29.1481,34301600
"2023-08-03",35.18,35.28,34.92,35,28.8595,25676500
"2023-08-04",34.95,35.34,34.66,35.02,28.876,25746500
"2023-08-07",35.01,35.85,34.9,35.68,29.4202,31069100
"2023-08-08",36.37,36.37,35.39,35.64,29.3872,25225500
"2023-08-09",35.6,36.06,35.51,35.84,29.5521,17210500
"2023-08-10",35.82,36.09,35.6,35.72,29.4532,18955200
"2023-08-11",35.62,36.28,35.59,36.04,29.717,16609400
"2023-08-14",35.82,36.51,35.82,36.07,29.7418,20295500
"2023-08-15",35.88,35.91,35.36,35.39,29.1811,20484300
"2023-08-16",35.14,35.65,34.99,35.48,29.2553,22215600
"2023-08-17",35.6,36.72,35.59,36.51,30.1046,31113600
"2023-08-18",36.45,36.85,36.32,36.66,30.2283,24145100
"2023-08-21",36.71,37.19,36.64,37.01,30.5169,28496500
"2023-08-22",37.01,37.15,35.72,36.84,30.3767,18524100
"2023-08-23",37.09,37.13,36.56,36.66,30.2283,19370900
"2023-08-24",36.48,36.64,36.06,36.16,29.816,19380800
"2023-08-25",36.14,36.69,35.96,36.38,29.9974,16421300
"2023-08-28",36.44,36.52,36.03,36.21,29.8572,15101900
"2023-08-29",36.26,36.94,36,36.15,29.8077,21076500
"2023-08-30",36.18,36.25,35.82,35.9,29.6016,16833000
"2023-08-31",35.94,35.99,35.38,35.38,29.1728,27919500
"2023-09-01",35.64,36.06,35.6,35.78,29.5027,17522500
"2023-09-05",35.96,36.29,35.35,35.38,29.1728,25856100
"2023-09-06",35.26,35.28,34.26,34.37,28.34,35370200
"2023-09-07",34.47,34.64,34.04,34.28,28.2658,26777700
"2023-09-08",34.23,34.39,34.05,34.25,28.2411,19467700
"2023-09-11",34.24,34.3,33.54,33.94,27.9855,27574400
"2023-09-12",33.97,34.21,33.75,34.15,28.1586,17987200
"2023-09-13",34.21,34.62,34,34.08,28.1009,23853300
"2023-09-14",34.24,34.38,33.98,34.15,28.1586,23759900
"2023-09-15",34.06,34.42,33.81,34.07,28.0927,58063800
"2023-09-18",34.12,34.12,33.44,33.64,27.7381,25421900
"2023-09-19",33.55,34.01,33.52,33.99,28.0267,30323300
"2023-09-20",34.08,34.09,33.55,33.62,27.7216,24651400
"2023-09-21",33.47,33.59,32.83,32.85,27.0867,26980600
"2023-09-22",33.08,33.09,32.5,32.69,26.9548,28570800
"2023-09-25",32.69,32.98,32.41,32.98,27.1939,19443700
"2023-09-26",32.72,32.96,32.36,32.4,26.7157,26015500
"2023-09-27",32.43,32.5,31.9,32.1,26.4683,26430100
"2023-09-28",32.06,32.32,31.77,32.09,26.46,28197600
"2023-09-29",32.35,33.23,32.3,33.17,27.3506,42421400
"2023-10-02",32.95,33.96,32.76,33.94,27.9855,44620600
"2023-10-03",33.84,34.11,33.71,33.9,27.9525,31059900
"2023-10-04",33.94,34.08,33.01,33.31,27.466,23722300
"2023-10-05",33.45,33.78,33.05,33.47,27.5979,21279400
"2023-10-06",33.52,33.56,33.07,33.13,27.3176,23760400
"2023-10-09",33.06,33.47,32.77,33.2,27.3753,17468100
"2023-10-10",33.08,33.4,33.01,33.17,27.3506,19212100
"2023-10-11",33.24,33.33,32.82,33.11,27.3011,24221200
"2023-10-12",33.11,33.22,32.77,32.92,27.1444,21809900
"2023-10-13",32.94,32.99,32.02,32.11,26.4765,32388100
"2023-10-16",32.83,33.92,32.56,33.27,27.433,63317400
"2023-10-17",33,33.19,32.2,32.75,27.0042,40015800
"2023-10-18",32.54,32.68,31.39,31.41,25.8993,30307600
"2023-10-19",31.38,31.5,30.91,31.19,25.7179,26880300
"2023-10-20",31.06,31.11,30.48,30.65,25.2727,39407900
"2023-10-23",30.77,31.39,30.53,30.84,25.4293,29412100
"2023-10-24",30.88,31.03,30.32,30.43,25.0913,26923800
"2023-10-25",30.46,31,30.22,30.73,25.3386,28857900
"2023-10-26",30.61,31.37,30.5,31.16,25.6932,27162700
"2023-10-27",31.06,31.13,30.02,30.11,24.8274,33877100
"2023-10-30",30.24,30.68,30.11,30.55,25.1902,33063500
"2023-10-31",30.29,30.82,29.7,30.56,25.1985,42648200
"2023-11-01",30.56,31.08,30.47,30.51,25.1572,23568300
"2023-11-02",30.51,30.65,30.21,30.5,25.149,29640900
"2023-11-03",30.9,31.39,30.84,31.26,25.7757,28071000
"2023-11-06",31.32,31.41,30.96,31.18,25.7097,27381200
"2023-11-07",31.08,31.39,30.89,31.25,25.7674,18086400
"2023-11-08",30.92,31.3,30.55,30.82,25.4128,29398300
"2023-11-09",30.49,30.51,29.63,29.68,24.8028,28737700
"2023-11-10",29.75,29.82,29.03,29.48,24.6357,33844100
"2023-11-13",29.34,29.36,28.93,28.98,24.2178,35519900
"2023-11-14",29.09,29.71,28.99,29.26,24.4518,40084300
"2023-11-15",29.21,30.35,29.21,30.19,25.229,43614600
"2023-11-16",30.27,30.45,29.47,29.77,24.878,32407200
"2023-11-17",29.92,30.01,29.74,29.92,25.0034,27009200
"2023-11-20",29.9,30.14,29.76,29.98,25.0535,26335700
"2023-11-21",30.02,30.36,29.76,30.3,25.3209,25988700
"2023-11-22",30.39,30.58,30.14,30.32,25.3376,19226800
"2023-11-24",30.38,30.7,30.38,30.5,25.4881,11129700
"2023-11-27",30.75,30.75,30.03,30.14,25.1872,26066700
"2023-11-28",30.11,30.11,29.64,29.69,24.8112,29497700
"2023-11-29",29.77,30.22,29.73,30.08,25.1371,26185200
"2023-11-30",30.31,30.51,29.96,30.47,25.463,45356600
"2023-12-01",28.97,29.4,28.3,28.91,24.1593,103624000
"2023-12-04",29.02,29.64,29.02,29.28,24.4685,47410400
"2023-12-05",29.21,29.6,29.07,29.09,24.3098,39853000
"2023-12-06",29.09,29.4,28.72,28.79,24.0591,33410500
"2023-12-07",28.82,28.9,28.5,28.63,23.9253,35782900
"2023-12-08",28.65,28.97,28.59,28.78,24.0507,31890700
"2023-12-11",28.78,28.81,28.44,28.64,23.9337,37833900
"2023-12-12",28.62,28.86,28.35,28.58,23.8836,48587500
"2023-12-13",26.28,26.73,25.76,26.66,22.2791,158100700
"2023-12-14",26.76,27.32,26.01,26.13,21.8362,101889800
"2023-12-15",26.13,26.99,26.08,26.63,22.254,138388400
"2023-12-18",26.92,27.3,26.72,27.06,22.6133,63329400
"2023-12-19",27.28,28.24,27.27,28.16,23.5326,70094700
"2023-12-20",28.19,28.26,27.61,27.63,23.0897,56184300
"2023-12-21",27.86,28.36,27.78,28.31,23.6579,51056600
"2023-12-22",28.44,28.79,28.18,28.4,23.7331,35162300
"2023-12-26",28.43,28.53,28.25,28.41,23.7415,30119100
"2023-12-27",28.47,28.73,28.31,28.61,23.9086,35000700
"2023-12-28",28.61,29.03,28.58,28.79,24.0591,30472900
"2023-12-29",28.78,28.87,28.54,28.79,24.0591,30363100
"2024-01-02",28.88,30.28,28.83,29.73,24.8446,57948700
"2024-01-03",30,30.04,29.41,29.73,24.8446,43426500
"2024-01-04",29.79,29.95,29.03,29.09,24.3098,45558200
"2024-01-05",29.02,29.49,28.75,29.47,24.6273,33612800
"2024-01-08",29.36,29.68,29.17,29.58,24.7192,32972100
"2024-01-09",29.6,29.86,29.32,29.4,24.5688,39856900
"2024-01-10",29.36,29.39,28.88,28.99,24.2262,37413300
"2024-01-11",28.83,28.92,28.27,28.4,23.7331,46884700
"2024-01-12",28.46,28.94,28.44,28.7,23.9838,30373500
"2024-01-16",28.6,28.72,28.22,28.32,23.6663,38826000
"2024-01-17",28.16,28.53,27.93,28.15,23.5242,33312600
"2024-01-18",28.04,28.13,27.6,28.09,23.4741,50321100
"2024-01-19",28.03,28.38,27.93,28.28,23.6329,35549300
"2024-01-22",28.32,28.62,27.93,28.31,23.6579,41663900
"2024-01-23",28.44,28.65,28.15,28.43,23.7582,33466700
"2024-01-24",28.54,28.78,28.33,28.33,23.6746,42720700
"2024-01-25",27.82,27.92,27.45,27.47,23.3014,47605500
"2024-01-26",27.63,27.91,27.36,27.47,23.3014,47073800
"2024-01-29",27.52,27.63,27.31,27.48,23.3099,67082700
"2024-01-30",27.89,28.37,26.95,27.02,22.9197,86072400
"2024-01-31",27.17,27.51,26.78,27.08,22.9706,81192100
"2024-02-01",27.1,27.33,26.73,27.29,23.1487,53883000
"2024-02-02",27.18,27.2,26.69,26.93,22.8434,51718500
"2024-02-05",26.94,26.94,26.52,26.57,22.538,42633400
"2024-02-06",26.66,27.73,26.57,27.5,23.3269,56958700
"2024-02-07",27.55,27.65,27.3,27.56,23.3778,36843000
"2024-02-08",27.56,27.69,27.41,27.57,23.3862,29048400
"2024-02-09",27.56,27.59,27.38,27.56,23.3778,29062700
"2024-02-12",27.54,28.02,27.52,27.66,23.4626,30323700
"2024-02-13",27.54,27.83,26.86,26.97,22.8773,37927500
"2024-02-14",27.01,27.17,26.91,27.11,22.996,25270200
"2024-02-15",27.25,27.81,27.22,27.51,23.3353,36111600
"2024-02-16",27.55,27.89,27.21,27.62,23.4287,35935300
"2024-02-20",27.61,28.14,27.52,27.59,23.4032,34232000
"2024-02-21",27.6,27.68,27.36,27.67,23.4711,27348300
"2024-02-22",27.59,27.7,27.19,27.55,23.3693,31957500
"2024-02-23",27.75,28.09,27.69,27.76,23.5474,33182600
"2024-02-26",27.67,27.67,27.07,27.18,23.0554,45685500
"2024-02-27",27.12,27.2,26.81,26.89,22.8094,38598400
"2024-02-28",26.96,27.24,26.82,27.04,22.9367,31010200
"2024-02-29",27.07,27.19,26.55,26.56,22.5295,54643200
"2024-03-01",26.83,26.9,26.51,26.59,22.555,46392100
"2024-03-04",26.3,26.46,25.61,25.89,21.9612,86777700
"2024-03-05",25.87,26.42,25.69,26.08,22.1223,73646100
"2024-03-06",26.9,27.3,26.79,27.19,23.0639,84919500
"2024-03-07",27.2,27.32,26.76,26.79,22.7246,46423800
"2024-03-08",26.88,27.3,26.85,27.22,23.0894,45906600
"2024-03-11",27.31,28.39,27.31,28.37,24.0648,52600100
"2024-03-12",28.31,28.34,27.76,28.01,23.7595,48758200
"2024-03-13",28.29,28.69,28.19,28.22,23.9376,39273000
"2024-03-14",28.25,28.28,27.77,28.13,23.8613,36428000
"2024-03-15",27.96,28.28,27.86,27.94,23.7001,75727900
"2024-03-18",28.01,28.03,27.61,27.72,23.5135,36226500
"2024-03-19",27.67,27.78,27.32,27.63,23.4371,29026600
"2024-03-20",27.48,27.74,27.21,27.7,23.4965,34468000
"2024-03-21",27.75,28.04,27.63,27.66,23.4626,29633700
"2024-03-22",27.47,27.84,27.34,27.36,23.2081,28830100
"2024-03-25",27.24,27.48,27.1,27.43,23.2675,31110600
"2024-03-26",27.45,27.63,27.31,27.59,23.4032,38220300
"2024-03-27",27.71,27.94,27.54,27.78,23.5644,34247600
"2024-03-28",27.82,28.12,27.72,27.75,23.5389,40466700
"2024-04-01",27.76,27.87,27.58,27.72,23.5135,26596600
"2024-04-02",27.57,27.75,27.41,27.55,23.3693,32451500
"2024-04-03",27.51,27.75,27.2,27.22,23.0894,36828600
"2024-04-04",27.31,27.4,26.64,26.65,22.6059,41922700
"2024-04-05",26.56,26.7,26.35,26.66,22.6143,39880500
"2024-04-08",26.6,26.82,26.52,26.58,22.5465,24431400
"2024-04-09",26.77,27.42,26.65,26.78,22.7161,45127800
"2024-04-10",26.52,26.59,26.16,26.32,22.3259,44541600
"2024-04-11",26.35,26.45,26.13,26.34,22.3429,32814500
"2024-04-12",26.25,26.32,25.83,25.86,21.9357,43034100
"2024-04-15",25.91,26.17,25.75,25.91,21.9781,35660200
"2024-04-16",25.82,25.99,25.68,25.69,21.7915,28885300
"2024-04-17",25.69,25.69,25.26,25.42,21.5625,43828900
"2024-04-18",25.35,25.46,25.23,25.39,21.5371,35788400
"2024-04-19",25.39,26,25.35,26,22.0545,38372800
"2024-04-22",26,26.5,25.93,26.26,22.275,35678700
"2024-04-23",26.33,26.47,26.19,26.32,22.3259,24297800
"2024-04-24",26.25,26.34,26.04,26.27,22.2835,24547800
"2024-04-25",26.27,26.43,25.25,25.26,21.4268,47661400
"2024-04-26",25.33,25.54,25.2,25.4,21.5455,46526500
"2024-04-29",25.58,25.85,25.54,25.64,21.7491,39995300
"2024-04-30",25.65,25.83,25.59,25.62,21.7322,38017700
"2024-05-01",26.33,27.45,26.02,27.18,23.0554,97388900
"2024-05-02",27.21,27.94,27.12,27.7,23.4965,69649000
"2024-05-03",27.86,27.91,27.52,27.81,23.5898,60568900
"2024-05-06",27.98,28.33,27.96,28.16,23.8867,59899700
"2024-05-07",28.29,28.49,27.4,27.77,23.5559,65606400
"2024-05-08",27.7,28.34,27.52,28.27,23.98,39087800
"2024-05-09",27.76,28.25,27.32,28.18,24.2642,47831100
"2024-05-10",28.24,28.28,27.92,28.01,24.1178,25849800
"2024-05-13",28.19,28.65,28.17,28.44,24.488,39609800
"2024-05-14",28.55,28.68,28.19,28.38,24.4364,23530900
"2024-05-15",28.49,28.99,28.48,28.82,24.8152,38376300
"2024-05-16",28.87,29.03,28.67,28.92,24.9013,40077800
"2024-05-17",28.9,28.91,28.51,28.64,24.6602,26106400
"2024-05-20",28.66,28.71,28.46,28.53,24.5655,22423300
"2024-05-21",28.47,28.67,28.32,28.56,24.5914,28119900
"2024-05-22",28.47,29.63,28.42,29.6,25.4868,46987500
"2024-05-23",29.43,29.43,28.67,28.69,24.7033,42031300
"2024-05-24",28.67,28.99,28.55,28.88,24.8669,22589100
"2024-05-28",28.8,28.88,28.13,28.3,24.3675,32371200
"2024-05-29",28.16,28.17,27.69,27.82,23.9542,24241700
"2024-05-30",27.91,28.2,27.79,28.2,24.2814,23298600
"2024-05-31",28.34,28.75,28.24,28.66,24.6775,78290100
"2024-06-03",28.66,29.53,28.64,29.31,25.2371,38177200
"2024-06-04",29.3,29.73,29.17,29.49,25.3921,46309500
"2024-06-05",29.56,29.62,29.17,29.55,25.4438,27346700
"2024-06-06",29.36,29.54,28.79,28.8,24.798,35360400
"2024-06-07",28.75,29.05,28.55,28.58,24.6086,27526200
"2024-06-10",28.35,28.35,27.63,28.07,24.1694,36977900
"2024-06-11",27.95,28.33,27.89,28.03,24.135,29573500
"2024-06-12",28.17,28.23,27.56,27.66,23.8164,32507900
"2024-06-13",27.5,27.72,27.2,27.65,23.8078,33945200
"2024-06-14",27.75,28.22,27.43,27.53,23.7045,29461900
"2024-06-17",27.45,27.48,26.87,26.98,23.2309,32194600
"2024-06-18",26.98,27.46,26.95,27.41,23.6012,29817800
"2024-06-20",27.2,27.96,27.15,27.74,23.8853,29693400
"2024-06-21",27.77,27.89,27.56,27.74,23.8853,52487000
"2024-06-24",27.95,28.41,27.73,28.36,24.4191,35414100
"2024-06-25",28.4,28.45,27.93,27.99,24.1006,24721600
"2024-06-26",27.91,27.93,27.07,27.42,23.6098,30745800
"2024-06-27",27.37,27.83,27.07,27.8,23.937,28399600
"2024-06-28",27.78,28.12,27.64,27.98,24.092,33189200
"2024-07-01",27.95,28.63,27.94,28.22,24.2986,26209000
"2024-07-02",28.22,28.28,27.69,27.83,23.9628,21989800
"2024-07-03",27.92,28.05,27.62,27.7,23.8509,15180100
"2024-07-05",27.76,28.09,27.67,28.05,24.1522,17268700
"2024-07-08",28.05,28.12,27.79,27.93,24.0489,25694400
"2024-07-09",27.88,27.94,27.3,27.72,23.8681,36867800
"2024-07-10",27.83,28.41,27.8,28.35,24.4105,29873600
"2024-07-11",28.78,29.23,28.42,28.66,24.6775,47322600
"2024-07-12",28.9,29.14,28.79,28.92,24.9013,28397000
"2024-07-15",29.03,29.27,28.83,29.1,25.0563,30534400
"2024-07-16",29.2,29.56,29.12,29.5,25.4007,26912100
"2024-07-17",29.42,30.3,29.31,30.03,25.8571,45395000
"2024-07-18",29.91,30.69,29.63,29.71,25.5816,47279700
"2024-07-19",29.94,30,29.55,29.97,25.8054,30021200
"2024-07-22",30.11,30.23,29.38,29.6,25.4868,46483200
"2024-07-23",29.62,29.64,29.33,29.5,25.4007,25528300
"2024-07-24",29.51,29.99,29.31,29.98,25.814,29579400
"2024-07-25",29.97,30.93,29.97,30.18,25.9862,42296200
"2024-07-26",30.15,30.88,30.01,30.77,26.8682,35657100
"2024-07-29",30.69,30.93,30.44,30.72,26.8245,41713700
"2024-07-30",31.01,31.54,29.78,31.39,27.4095,89857500
"2024-07-31",31.2,31.26,30.47,30.54,26.6673,40978700
"2024-08-01",30.72,30.81,29.91,30.65,26.7634,39753100
"2024-08-02",30.88,31.32,30.01,30.43,26.5713,42364700
"2024-08-05",29.09,30.01,28.85,29.74,25.9688,37838000
"2024-08-06",29.73,30.05,29.25,29.32,25.602,29031800
"2024-08-07",29.63,29.81,28.74,28.85,25.1916,32866100
"2024-08-08",28.93,29.01,28.54,28.76,25.1131,32094400
"2024-08-09",28.65,28.75,28.45,28.55,24.9297,25795600
"2024-08-12",28.58,28.61,28.32,28.45,24.8424,21141600
"2024-08-13",28.55,28.95,28.31,28.85,25.1916,34620700
"2024-08-14",28.8,29.18,28.67,28.88,25.2178,23677700
"2024-08-15",28.93,29.01,28.52,28.71,25.0694,28676800
"2024-08-16",28.65,28.65,27.85,28.3,24.7114,50332900
"2024-08-19",28.35,28.89,28.28,28.8,25.148,26382500
"2024-08-20",28.8,29.19,28.8,28.9,25.2353,21301300
"2024-08-21",28.98,29.17,28.93,29.03,25.3488,16729700
"2024-08-22",29.02,29.13,28.54,28.78,25.1305,20241500
"2024-08-23",28.82,28.94,28.64,28.9,25.2353,21885300
"2024-08-26",28.92,29.05,28.77,28.92,25.2528,16506000
"2024-08-27",28.98,29.04,28.56,28.82,25.1654,16184600
"2024-08-28",28.78,29.08,28.64,28.75,25.1043,19874100
"2024-08-29",28.87,28.89,28.53,28.72,25.0781,19229800
"2024-08-30",28.72,29.05,28.67,29.01,25.3313,37137600
"2024-09-03",28.65,28.92,28.14,28.3,24.7114,44499600
"2024-09-04",28.29,28.54,28.2,28.39,24.79,23510500
"2024-09-05",28.43,28.8,28.35,28.51,24.8948,25927200
"2024-09-06",28.56,28.77,28.28,28.56,24.9384,31214500
"2024-09-09",28.54,29.59,28.45,29.41,25.6806,36558400
"2024-09-10",29.42,29.76,29.19,29.74,25.9688,32378800
"2024-09-11",29.68,29.7,29.14,29.66,25.8989,31943100
"2024-09-12",29.58,29.71,28.76,29.16,25.4623,32511800
"2024-09-13",29.16,29.32,28.99,29.27,25.5584,19987700
"2024-09-16",29.57,30.14,29.44,30.07,26.2569,29224600
"2024-09-17",30.05,30.14,29.6,29.83,26.0474,27055300
"2024-09-18",30,30.14,29.73,29.75,25.9775,25812800
"2024-09-19",29.89,30.35,29.52,29.66,25.8989,22653200
"2024-09-20",29.54,29.55,29.23,29.42,25.6894,56877400
"2024-09-23",29.43,29.47,29.18,29.31,25.5933,23126200
"2024-09-24",29.25,29.59,29.15,29.5,25.7592,21446200
"2024-09-25",29.6,29.71,28.91,28.93,25.2615,30712700
"2024-09-26",28.48,29.01,28.31,28.97,25.2964,32310400
"2024-09-27",29.02,29.23,28.92,29.09,25.4012,25013000
"2024-09-30",29.11,29.19,28.78,28.94,25.2702,27464700
"2024-10-01",29.05,29.08,28.53,28.67,25.0345,30725100
"2024-10-02",28.6,28.77,28.38,28.61,24.9821,24957200
"2024-10-03",28.5,28.52,28.26,28.34,24.7463,25678900
"2024-10-04",28.29,28.59,28.24,28.58,24.9559,28769000
"2024-10-07",29.37,29.84,29.11,29.2,25.4973,51426600
"2024-10-08",29.21,29.49,29,29.18,25.4798,29126600
"2024-10-09",29.22,30.43,29.1,30.19,26.3617,44244800
"2024-10-10",29.89,30.08,29.28,29.34,25.6195,34347700
"2024-10-11",29.36,29.44,28.95,29.16,25.4623,29617600
"2024-10-14",29.16,29.17,28.85,29.08,25.3925,23594200
"2024-10-15",29.09,29.74,29.07,29.44,25.7068,29009900
"2024-10-16",29.5,29.82,29.43,29.67,25.9077,28414800
"2024-10-17",29.48,29.53,29.22,29.27,25.5584,23779200
"2024-10-18",29.3,29.37,29.08,29.22,25.5147,24244900
"2024-10-21",29.22,29.22,28.88,28.93,25.2615,23395700
"2024-10-22",28.9,28.99,28.6,28.84,25.1829,29036400
"2024-10-23",28.87,29.11,28.67,28.86,25.2004,22217600
"2024-10-24",28.86,28.98,28.5,28.64,25.0083,31473600
"2024-10-25",28.68,28.73,28.44,28.45,24.8424,26091100
"2024-10-28",28.6,28.94,28.56,28.86,25.2004,37922500
"2024-10-29",29.01,29.17,28.03,28.46,24.8511,102267000
"2024-10-30",28.31,28.6,28.19,28.52,24.9035,47104000
"2024-10-31",28.45,28.64,28.29,28.3,24.7114,37909600
"2024-11-01",28.48,28.54,28.05,28.09,24.528,46894600
"2024-11-04",28.1,28.14,27.73,27.76,24.2399,41347800
"2024-11-05",27.74,28,27.58,27.99,24.4407,44175800
"2024-11-06",27.93,27.99,27.08,27.36,23.8906,65749500
"2024-11-07",27.53,27.59,27.34,27.46,23.9779,48484800
"2024-11-08",27.11,27.15,26.71,26.72,23.6941,55951300
"2024-11-11",26.72,26.83,26.22,26.24,23.2685,54329300
"2024-11-12",26.23,26.44,25.95,26.19,23.2242,53035200
"2024-11-13",26.23,26.75,25.98,26.72,23.6941,47983100
"2024-11-14",26.74,26.85,25.84,26.02,23.0734,45262200
"2024-11-15",25.7,25.7,24.48,24.8,21.9916,131074400
"2024-11-18",24.97,25.25,24.7,24.86,22.0448,64221700
"2024-11-19",24.7,25.11,24.61,25.1,22.2576,52381200
"2024-11-20",25.07,25.1,24.65,24.94,22.1157,46170800
"2024-11-21",24.87,25.22,24.78,25.13,22.2842,45048400
"2024-11-22",25.18,25.75,25.1,25.65,22.7453,41897000
"2024-11-25",25.75,26.45,25.74,26.17,23.2064,57707600
"2024-11-26",26.16,26.24,25.61,25.77,22.8517,33001000
"2024-11-27",25.76,25.95,25.7,25.83,22.9049,28242100
"2024-11-29",25.83,26.23,25.77,26.21,23.2419,22023000
"2024-12-02",26.07,26.22,25.73,25.82,22.8961,43866400
"2024-12-03",25.83,25.9,25.52,25.56,22.6655,49064300
"2024-12-04",25.45,25.5,25.18,25.23,22.3729,42541500
"2024-12-05",25.23,25.79,25.14,25.7,22.7896,43647900
"2024-12-06",25.74,26.1,25.59,25.73,22.8162,31830700
"2024-12-09",25.76,26.44,25.58,26.1,23.1443,37464800
"2024-12-10",26.1,26.11,25.51,25.57,22.6744,43280500
"2024-12-11",25.38,25.51,25.17,25.23,22.3729,39569400
"2024-12-12",25.18,25.48,25.06,25.37,22.497,38705100
"2024-12-13",25.34,25.66,25.26,25.58,22.6832,29043600
"2024-12-16",25.59,25.75,25.22,25.25,22.3906,40194000
"2024-12-17",25.9,26.46,25.86,26.43,23.437,71440300
"2024-12-18",26.19,26.52,25.86,25.89,22.9581,47575100
"2024-12-19",25.7,26.09,25.58,25.77,22.8517,50324700
"2024-12-20",25.7,26.49,25.7,26.36,23.3749,116340100
"2024-12-23",26.36,26.75,26.19,26.71,23.6853,35350400
"2024-12-24",26.59,26.77,26.38,26.74,23.7119,19716400
"2024-12-26",26.64,26.72,26.48,26.56,23.5523,31406000
"2024-12-27",26.43,26.85,26.42,26.62,23.6055,35218300
"2024-12-30",26.48,26.58,26.24,26.42,23.4281,32859100
"2024-12-31",26.4,26.65,26.36,26.53,23.5257,27085500
"2025-01-02",26.75,26.86,26.56,26.61,23.5966,32899200
"2025-01-03",26.7,26.84,26.52,26.59,23.5789,33417000
"2025-01-06",26.71,27.25,26.56,26.89,23.8449,43951000
"2025-01-07",27.01,27.57,26.94,27.13,24.0577,35030000
"2025-01-08",27.05,27.14,26.23,26.86,23.8183,35430700
"2025-01-10",26.87,27.05,26.69,26.72,23.6941,32836900
"2025-01-13",26.65,26.81,26.36,26.8,23.7651,28359600
"2025-01-14",26.81,26.87,26.27,26.41,23.4192,25856900
"2025-01-15",26.52,26.65,26.21,26.22,23.2508,35949700
"2025-01-16",26.07,26.57,25.96,26.49,23.4902,29981100
"2025-01-17",26.4,26.56,26.22,26.3,23.3217,35380300
"2025-01-21",26.45,26.64,26.39,26.64,23.6232,39745600
"2025-01-22",26.51,26.6,25.97,26.01,23.0645,41890400
"2025-01-23",26.01,26.48,25.85,26.44,23.4458,40987000
"2025-01-24",26.02,26.2,25.96,26.09,23.518,31300200
"2025-01-27",26.24,26.97,26.18,26.86,24.212,50648600
"2025-01-28",26.78,26.86,26.49,26.75,24.1129,40589600
"2025-01-29",26.8,27.07,26.57,26.62,23.9957,34418200
"2025-01-30",26.66,27.01,26.58,26.91,24.2571,32289600
"2025-01-31",26.96,27.01,26.42,26.52,23.9056,37307000
"2025-02-03",26.3,26.47,26.15,26.2,23.6171,49626200
"2025-02-04",26.1,26.92,25.6,25.87,23.3196,68748300
"2025-02-05",25.95,26.69,25.7,26.44,23.8335,50426800
"2025-02-06",26.42,26.47,25.78,25.83,23.2836,45182000
"2025-02-07",25.86,25.96,25.53,25.74,23.2025,36512800
"2025-02-10",25.78,26.12,25.51,25.87,23.3196,39632700
"2025-02-11",25.83,25.91,25.46,25.53,23.0132,36593300
"2025-02-12",25.48,25.62,25.17,25.47,22.9591,31671600
"2025-02-13",25.49,25.74,25.33,25.64,23.1123,30612500
"2025-02-14",25.73,25.83,25.47,25.53,23.0132,33214600
"2025-02-18",25.61,25.74,25.42,25.56,23.0402,40499700
"2025-02-19",25.57,25.92,25.5,25.89,23.3377,37292400
"2025-02-20",25.86,26.08,25.75,25.9,23.3467,37139000
"2025-02-21",25.89,26.57,25.85,26.3,23.7073,54611500
"2025-02-24",26.4,26.74,25.88,26.65,24.0228,43823300
"2025-02-25",26.72,27.03,26.54,26.74,24.1039,43560100
"2025-02-26",26.68,26.78,26.35,26.42,23.8154,30103300
"2025-02-27",26.29,26.5,26.01,26.1,23.527,28268300
"2025-02-28",26.06,26.49,25.91,26.43,23.8244,51531700
"2025-03-03",26.37,26.9,25.97,26.25,23.6622,54048600
"2025-03-04",26.25,26.31,25.67,25.75,23.2115,51315000
"2025-03-05",25.7,26.18,25.66,25.94,23.3827,37062400
"2025-03-06",25.93,26.46,25.9,26.24,23.6532,46998300
"2025-03-07",26.4,26.89,26.18,26.73,24.0949,54337700
"2025-03-10",26.64,27.24,26.54,26.64,24.0137,53013500
"2025-03-11",26.57,26.62,25.87,25.99,23.4278,44841400
"2025-03-12",25.94,25.97,25.5,25.71,23.1754,37331000
"2025-03-13",25.76,26.07,25.53,25.6,23.0763,36717900
"2025-03-14",25.62,25.76,25.5,25.72,23.1844,30298300
"2025-03-17",25.74,26.15,25.59,26.05,23.4819,32676900
"2025-03-18",26.21,26.4,26.1,26.31,23.7163,32958700
"2025-03-19",26.33,26.5,26.08,26.21,23.6261,42522700
"2025-03-20",26.25,26.3,26.02,26.19,23.6081,35378900
"2025-03-21",26.13,26.52,26.01,26.28,23.6892,349996500
"2025-03-24",26.1,26.22,25.89,26.14,23.563,37944400
"2025-03-25",26.16,26.2,25.51,25.55,23.0312,47607600
"2025-03-26",25.52,25.65,25.13,25.21,22.7247,49487400
"2025-03-27",25.2,25.23,24.83,25.01,22.5444,51302000
"2025-03-28",25.03,25.22,24.81,25.21,22.7247,32352500
"2025-03-31",24.8,25.43,24.61,25.34,22.8419,53498100
"2025-04-01",25.29,25.35,24.52,24.54,22.1208,54444200
"2025-04-02",24.5,24.74,24.31,24.7,22.265,41965000
"2025-04-03",24.74,24.87,24.28,24.29,21.8954,53501800
"2025-04-04",23.94,24.1,22.95,22.97,20.7055,80002600
"2025-04-07",22.14,23.16,21.75,22.63,20.3991,86106100
"2025-04-08",22.9,22.99,21.44,21.84,19.6869,72406000
"2025-04-09",21.11,22.54,20.92,22.49,20.2729,95954400
"2025-04-10",22.26,22.27,21.09,21.59,19.4616,72960700
"2025-04-11",21.59,22,21.28,21.91,19.75,55078100
"2025-04-14",22.08,22.23,21.87,22.12,19.9393,61900900
"2025-04-15",22.17,22.93,22.13,22.44,20.2278,51814700
"2025-04-16",22.49,22.68,21.95,22.04,19.8672,37641200
"2025-04-17",22.15,22.55,22.1,22.14,19.9574,54073700
"2025-04-21",22.13,22.17,21.87,22.04,19.8672,32021000
"2025-04-22",22.18,22.55,22.15,22.53,20.3089,36052600
"2025-04-23",22.78,23.06,22.24,22.39,20.1827,50781000
"2025-04-24",22.4,22.86,22.23,22.78,20.5343,35009600
"2025-04-25",22.77,23.11,22.48,22.92,20.6605,35847700
"2025-04-28",23.03,23.29,22.9,23.05,20.7777,55888900
"2025-04-29",22.83,24.12,22.46,23.79,21.4447,98540200
"2025-04-30",24.2,24.44,23.98,24.41,22.0036,53941700
"2025-05-01",24.3,24.33,23.8,23.93,21.5709,46891700
"2025-05-02",24.28,24.3,23.97,24.2,21.8143,41685800
"2025-05-05",24.2,24.25,23.85,23.87,21.5168,40811800
"2025-05-06",23.83,23.89,22.85,22.88,20.6244,60872600
"2025-05-07",22.99,23.09,22.72,22.79,20.5433,48270500
"2025-05-08",22.82,23.09,22.51,22.97,20.7055,55669800
"2025-05-09",22.51,22.6,22.26,22.28,20.4667,39059800
"2025-05-12",22.23,23.15,22.18,23.09,21.2108,77480900
"2025-05-13",22.9,22.98,22.49,22.87,21.0087,41193200
"2025-05-14",22.86,22.9,21.97,22.02,20.2279,59394000
"2025-05-15",22.2,22.6,22.09,22.6,20.7607,51800100
"2025-05-16",22.65,22.85,22.45,22.83,20.9719,37786800
"2025-05-19",22.74,23.03,22.64,23,21.1281,31513700
"2025-05-20",23.17,23.7,23.16,23.52,21.6058,57047500
"2025-05-21",23.47,23.48,23.04,23.04,21.1648,42984700
"2025-05-22",23.04,23.16,22.81,23.04,21.1648,38602800
"2025-05-23",22.95,23.39,22.88,23.32,21.4221,35405400
"2025-05-27",23.55,23.66,23.37,23.61,21.6885,36155400
"2025-05-28",23.61,23.64,23.11,23.18,21.2935,36737200
"2025-05-29",23.33,23.45,23.16,23.45,21.5415,26091400
"2025-05-30",23.48,23.62,23.16,23.49,21.5782,56618600
"2025-06-02",23.54,23.56,23.22,23.46,21.5507,30443900
"2025-06-03",23.38,23.54,23.06,23.35,21.4496,37887100
"2025-06-04",23.41,23.54,23.35,23.39,21.4864,24500100
"2025-06-05",23.44,23.44,23.08,23.12,21.2383,33173600
"2025-06-06",23.27,23.58,23.25,23.35,21.4496,30426200
"2025-06-09",23.44,24.14,23.42,23.97,22.0192,42542600
"2025-06-10",23.97,24.42,23.96,24.3,22.3223,40439200
"2025-06-11",24.33,24.69,24.32,24.48,22.4876,38558700
"2025-06-12",24.53,24.88,24.53,24.84,22.8183,42465400
"2025-06-13",24.79,24.95,24.46,24.54,22.5428,46368400
"2025-06-16",24.5,24.59,24.28,24.4,22.4142,35102100
"2025-06-17",24.27,24.32,23.91,24,22.0467,40408800
"2025-06-18",23.96,24.08,23.77,23.88,21.9365,37076200
"2025-06-20",24,24.09,23.77,23.97,22.0192,63098100
"2025-06-23",23.87,24.09,23.77,24.03,22.0743,31959100
"2025-06-24",24.14,24.4,24.11,24.31,22.3315,34404200
"2025-06-25",24.21,24.37,24.07,24.26,22.2856,25603300
"2025-06-26",24.32,24.43,24.16,24.24,22.2672,31835300
"2025-06-27",24.35,24.42,24.08,24.19,22.2212,39528800
"2025-06-30",24.21,24.38,24.12,24.24,22.2672,44730900
"2025-07-01",24.28,25.35,24.26,25.04,23.0021,59259900
"2025-07-02",25.13,25.36,25.03,25.32,23.2593,36772100
"2025-07-03",25.35,25.52,25.22,25.38,23.3144,27104600
"2025-07-07",25.36,25.53,25.14,25.24,23.1858,34905900
"2025-07-08",25.24,25.96,25.21,25.62,23.5349,51275800
"2025-07-09",25.69,25.84,25.34,25.56,23.4797,38362200
"2025-07-10",25.58,26.05,25.54,25.78,23.6818,39499200
"2025-07-11",25.65,25.72,25.42,25.65,23.5624,34864400
"2025-07-14",25.58,25.63,25.34,25.35,23.2868,25918000
"2025-07-15",25.34,25.44,24.53,24.61,22.6071,54458000
"2025-07-16",24.68,24.96,24.53,24.61,22.6071,44218200
"2025-07-17",24.49,24.78,24.45,24.58,22.5795,47393900
"2025-07-18",24.71,24.78,24.39,24.47,22.4785,36309400
"2025-07-21",24.59,24.65,24.26,24.26,22.2856,33663400
"2025-07-22",24.37,25.14,24.34,25.14,23.0939,48091600
"2025-07-23",25.38,25.53,25.25,25.36,23.296,42073300
"2025-07-24",25.39,25.54,25.26,25.35,23.2868,25672400
"2025-07-25",24.97,24.97,24.62,24.79,23.1654,35643400
"2025-07-28",24.68,24.73,24.24,24.31,22.7168,31096600
"2025-07-29",24.31,24.33,23.93,24.3,22.7075,38499800
"2025-07-30",24.32,24.4,23.8,23.81,22.2496,35649500
"2025-07-31",23.6,23.84,23.14,23.29,21.7637,62768300
"2025-08-01",23.3,23.52,23.11,23.49,21.9506,51332700
"2025-08-04",23.44,23.68,23.4,23.53,21.9879,57010700
"2025-08-05",24.27,24.89,24.27,24.75,23.128,113955100
"2025-08-06",24.68,24.71,23.86,23.93,22.3617,65689200
"2025-08-07",24.17,24.47,23.94,24.23,22.6421,45494400
"2025-08-08",24.29,24.61,24.16,24.58,22.9691,36377000
"2025-08-11",24.6,24.92,24.53,24.58,22.9691,38115700
"2025-08-12",24.66,24.77,24.47,24.65,23.0345,34402700
"2025-08-13",24.75,25.2,24.74,25.16,23.5111,40176500
"2025-08-14",25.09,25.18,24.82,25.11,23.4644,32514000
"2025-08-15",25.22,25.3,24.97,25.14,23.4924,31844800
"2025-08-18",25.14,25.23,25.01,25.07,23.427,35623300
"2025-08-19",25.14,25.43,25.1,25.32,23.6606,29170500
"2025-08-20",25.39,25.69,25.34,25.38,23.7167,38111000
"2025-08-21",25.41,25.89,25.37,25.74,24.0531,37068100
"2025-08-22",25.9,26.11,25.76,25.88,24.1839,34560500
"2025-08-25",25.88,25.89,25.11,25.14,23.4924,32684200
"2025-08-26",25.14,25.24,24.87,24.92,23.2868,43938700
"2025-08-27",25.01,25.17,24.85,25.07,23.427,31840300
"2025-08-28",25.07,25.07,24.51,24.6,22.9878,44306800
"2025-08-29",24.68,24.88,24.51,24.76,23.1373,37030000
"2025-09-02",24.73,25.07,24.71,24.98,23.3429,44725000
"2025-09-03",24.88,25.12,24.72,24.79,23.1654,30957600
"2025-09-04",24.78,24.78,24.35,24.54,22.9317,41695500
"2025-09-05",24.57,24.89,24.51,24.88,23.2495,34613200
"2025-09-08",24.9,24.97,24.31,24.55,22.9411,49242900
"2025-09-09",24.55,24.79,24.51,24.71,23.0906,32751300
"2025-09-10",24.64,24.65,24.45,24.57,22.9598,32975900
"2025-09-11",24.6,24.86,24.54,24.86,23.2308,36784100
"2025-09-12",24.81,24.84,23.84,23.87,22.3057,81378200
"2025-09-15",23.99,24.12,23.68,23.97,22.3991,50760200
"2025-09-16",23.96,24.22,23.87,23.9,22.3337,57010800
"2025-09-17",23.98,24.39,23.9,24.05,22.4739,46351600
"2025-09-18",24.05,24.24,23.96,24.15,22.5673,34419000
"2025-09-19",24.25,24.25,23.82,24.03,22.4552,86577600
"2025-09-22",24.28,24.8,24.03,24.04,22.4645,67863300
"2025-09-23",24.1,24.36,24.05,24.13,22.5486,38955200
"2025-09-24",24.17,24.18,23.98,24.09,22.5112,39669400
"2025-09-25",24.09,24.15,23.58,23.6,22.0534,56738300
"2025-09-26",23.73,23.81,23.61,23.76,22.2029,33374500
"2025-09-29",23.79,23.86,23.64,23.85,22.287,39184300
"2025-09-30",23.85,25.63,23.81,25.48,23.8101,164867300
"2025-10-01",25.97,27.45,25.58,27.21,25.4268,150879900
"2025-10-02",26.93,27.17,26.62,27.08,25.3053,69684100
"2025-10-03",27.2,27.69,27.04,27.37,25.5763,70524000
"2025-10-06",27.27,27.36,26.39,26.43,24.6979,62945600
"2025-10-07",26.42,26.58,26.05,26.27,24.5484,47744200
"2025-10-08",26.42,26.5,25.63,25.68,23.997,48693300
"2025-10-09",25.78,25.9,25.21,25.24,23.5859,47278700
"2025-10-10",25.26,25.42,24.62,24.78,23.156,64963900
"2025-10-13",24.84,24.95,24.61,24.73,23.1093,45356600
"2025-10-14",24.65,24.79,24.48,24.52,22.9131,42277000
"2025-10-15",24.49,24.58,24.21,24.39,22.7916,47729800
"2025-10-16",24.44,24.61,24.21,24.23,22.6421,44390000
"2025-10-17",24.2,24.53,24.16,24.51,22.9037,40101900
"2025-10-20",24.57,24.73,24.51,24.69,23.0719,35856800
"2025-10-21",24.72,24.96,24.6,24.85,23.2214,40726900
"2025-10-22",24.79,24.93,24.62,24.72,23.0999,48662900
"2025-10-23",24.76,24.78,24.51,24.67,23.0532,34219900
"2025-10-24",24.7,24.83,24.68,24.76,23.1373,27429200
"2025-10-27",24.74,24.8,24.63,24.77,23.1467,34974900
"2025-10-28",24.78,24.78,24.38,24.5,22.8944,50152400
"2025-10-29",24.53,24.63,24.23,24.29,22.6981,65438400
"2025-10-30",24.31,24.7,24.15,24.29,22.6981,157478000
"2025-10-31",24.28,24.73,24.16,24.65,23.0345,132697400
"2025-11-03",24.59,24.75,24.41,24.66,23.0439,140871300
"2025-11-04",24.39,25.2,24.2,24.3,22.7075,166162000
"2025-11-05",24.38,24.67,24.16,24.61,22.9972,107240900
"2025-11-06",24.75,25.13,24.54,24.85,23.2214,124137200
"2025-11-07",24.33,24.63,24.11,24.43,23.2309,117794500
"2025-11-10",24.66,24.89,23.91,24.39,23.1929,148958600
"2025-11-11",24.49,25.51,24.44,25.51,24.2579,139673800
"2025-11-12",25.4,25.95,25.25,25.87,24.6003,96008000
"2025-11-13",25.94,26.48,25.67,25.79,24.5242,123083100
"2025-11-14",25.67,25.77,24.97,25.06,23.83,96507600
"2025-11-17",25.11,25.57,24.95,25.08,23.849,88042200
"2025-11-18",25.05,25.51,24.98,25.45,24.2009,66511800
"2025-11-19",25.35,25.5,24.72,24.88,23.6589,62000200
"2025-11-20",24.89,25,24.28,24.4,23.2024,51983200
"2025-11-21",24.59,25.52,24.59,25.04,23.811,73079400
"2025-11-24",25.11,25.47,25.05,25.22,23.9822,63074900
"2025-11-25",25.37,25.97,25.36,25.72,24.4576,39130300
"2025-11-26",25.7,25.81,25.58,25.71,24.4481,33461000
"2025-11-28",25.85,25.86,25.66,25.74,24.4766,22627600
"2025-12-01",25.76,25.94,25.23,25.27,24.0297,53198600
"2025-12-02",25.32,25.32,25.04,25.15,23.9156,43827000
"2025-12-03",25.32,25.89,25.3,25.57,24.315,56121200
"2025-12-04",25.63,25.74,25.35,25.7,24.4386,35454000
"2025-12-05",25.77,26.12,25.64,26.03,24.7524,47443700
"2025-12-08",26.04,26.19,25.76,25.77,24.5052,45209300
"2025-12-09",26,26.13,25.13,25.33,24.0868,43483800
"2025-12-10",25.49,25.79,25.22,25.78,24.5147,43635400
"2025-12-11",25.8,26.04,25.61,25.8,24.5337,35570200
"2025-12-12",25.84,26.04,25.72,25.85,24.5812,51599700
"2025-12-15",25.82,26.65,25.81,26.43,25.1328,60360000
"2025-12-16",26.44,26.51,24.92,25.53,24.2769,111695500
"2025-12-17",25.4,25.49,25.03,25.04,23.811,61255300
"2025-12-18",25.01,25.23,24.98,25.04,23.811,47062500
"2025-12-19",25.01,25.52,24.98,25.19,23.9536,87590000
"2025-12-22",25.2,25.4,25.13,25.21,23.9727,38758900
"2025-12-23",25.26,25.34,24.83,24.88,23.6589,43692900
"2025-12-24",24.92,25.14,24.91,25.03,23.8015,19328500
"2025-12-26",25.02,25.11,24.92,25.09,23.8585,21617800
"2025-12-29",25.05,25.2,24.97,25,23.773,33067700
"2025-12-30",25.01,25.05,24.92,24.99,23.7635,28821700
"2025-12-31",24.97,25.02,24.88,24.9,23.6779,29409200
"2026-01-02",24.98,25.3,24.83,25.18,23.9441,35976700
"2026-01-05",25.2,25.4,24.95,25.17,23.9346,52620900
"2026-01-06",25.19,26.01,25.19,25.43,24.1819,50977300
"2026-01-07",25.59,25.81,25.14,25.28,24.0392,51395800
"2026-01-08",25.18,25.56,25.12,25.29,24.0487,42977300
"2026-01-09",25.34,25.55,25.23,25.48,24.2294,34190200
"2026-01-12",25.58,25.77,25.09,25.27,24.0297,50256300
"2026-01-13",25.32,25.39,24.97,25.15,23.9156,47656100
"2026-01-14",25.23,25.71,25.2,25.58,24.3245,53738100
"2026-01-15",25.55,25.89,25.25,25.89,24.6193,55263200
"2026-01-16",25.89,25.89,25.55,25.65,24.3911,59470600
"2026-01-20",25.43,25.65,25.09,25.52,24.2674,55425400
"2026-01-21",25.47,25.92,25.38,25.89,24.6193,47264100
"2026-01-22",25.9,26.31,25.75,26.1,24.819,49883900
"2026-01-23",25.58,25.69,25.51,25.65,24.7996,45402300
"2026-01-26",25.63,25.92,25.6,25.88,25.022,41441900
"2026-01-27",25.94,26.83,25.9,26.5,25.6215,75575400
"2026-01-28",26.27,26.39,25.76,25.86,25.0027,44976700
"2026-01-29",25.9,26.23,25.88,26.1,25.2347,44373800
"2026-01-30",26.13,26.47,25.9,26.44,25.5634,51599400
"2026-02-02",26.42,26.69,26.35,26.66,25.7761,52129500
"2026-02-03",25.36,26.11,25.26,25.77,24.9157,91964900
"2026-02-04",25.88,26.98,25.86,26.78,25.8922,83025800
"2026-02-05",26.76,27.19,26.46,26.49,25.6118,72650700
"2026-02-06",26.67,27.37,26.52,27.22,26.3176,50691600
"2026-02-09",27.18,27.37,26.79,27.05,26.1532,49288200
"2026-02-10",27.18,27.73,27.09,27.61,26.6947,43760600
"2026-02-11",27.55,27.94,27.31,27.73,26.8107,41699300
"2026-02-12",27.65,27.89,27.41,27.47,26.5593,58805100
"2026-02-13",27.6,27.94,27.55,27.58,26.6657,36986700
"2026-02-17",27.84,27.87,27.2,27.37,26.4626,32119900
"2026-02-18",27.44,27.48,27.21,27.37,26.4626,24779800
"2026-02-19",27.37,27.4,26.58,26.86,25.9695,40316800
"2026-02-20",26.71,26.78,26.36,26.65,25.7665,44786900
"2026-02-23",26.56,27.11,26.5,27.06,26.1629,34166100
"2026-02-24",27.14,27.42,27.08,27.14,26.2402,34686100
"2026-02-25",27.06,27.29,26.73,27.09,26.1919,32680300
"2026-02-26",27.26,27.27,26.87,27.1,26.2016,30508300
"2026-02-27",27.16,27.67,27.09,27.65,26.7333,41879700
"2026-03-02",27.57,27.61,27.17,27.26,26.3563,41321700
"2026-03-03",26.72,26.95,26.35,26.58,25.6988,41486100
"2026-03-04",26.77,26.78,26.35,26.62,25.7375,30893500
"2026-03-05",26.39,26.71,26.2,26.61,25.7278,38908600
"2026-03-06",26.54,27.13,26.23,27.05,26.1532,53181800
"2026-03-09",26.91,27.11,26.36,26.81,25.9212,42789500
"2026-03-10",26.82,27.29,26.52,27.16,26.2596,42814600
"2026-03-11",27.2,27.41,27,27.3,26.3949,40560100
"2026-03-12",27.11,27.12,26.63,26.86,25.9695,38542800
"2026-03-13",27.02,27.28,26.58,26.58,25.6988,34270800
"2026-03-16",26.7,26.89,26.52,26.61,25.7278,28551500
"2026-03-17",26.82,27.76,26.82,27.45,26.54,60097500
"2026-03-18",27.14,27.38,26.84,27.32,26.4143,47478300
"2026-03-19",27.29,27.73,27.25,27.41,26.5013,47939600
"2026-03-20",27.41,27.55,26.8,26.97,26.0759,66805700
"2026-03-23",27.03,27.19,26.63,26.77,25.8825,42945200
"2026-03-24",26.6,27.13,26.44,26.96,26.0662,35605300
"2026-03-25",27.18,27.53,27.04,27.28,26.3756,37603900
"2026-03-26",27.25,27.81,27.24,27.57,26.656,28835000
"2026-03-27",27.73,27.77,27.02,27.04,26.1436,29124600
"2026-03-30",27.42,27.82,27.15,27.77,26.8494,46696000
"2026-03-31",27.99,28.31,27.79,28.08,27.1491,44841500
"2026-04-01",28.27,28.64,28.04,28.55,27.6035,44208500
"2026-04-02",28.5,28.75,28.22,28.32,27.3811,30920600
"2026-04-06",28.19,28.23,27.81,27.83,26.9074,25169300
"2026-04-07",27.66,27.68,26.78,27.1,26.2016,46620500
"2026-04-08",27.25,27.49,26.97,27.47,26.5593,33789100
"2026-04-09",27.21,27.5,27.18,27.22,26.3176,27047600
"2026-04-10",27.32,27.36,26.77,26.92,26.0275,27882400
"2026-04-13",26.83,27.57,26.68,27.34,26.4336,44156200
"2026-04-14",27.2,27.31,27.08,27.11,26.2112,24558900
"2026-04-15",27.18,27.36,26.97,27.19,26.2886,29648900
"2026-04-16",27.21,27.48,27.15,27.22,26.3176,21905300
"2026-04-17",27.33,27.67,27.12,27.56,26.6463,30080400
"2026-04-20",27.59,27.85,27.51,27.52,26.6076,25023000
"2026-04-21",27.52,27.62,27.2,27.31,26.4046,29833000
"2026-04-22",27.35,27.39,26.74,26.8,25.9115,35246800
"2026-04-23",26.76,26.83,26.38,26.67,25.7858,38718400
"2026-04-24",26.69,27.3,26.58,27,26.1049,42500200
"2026-04-27",27.06,27.35,26.79,26.79,25.9018,34764200
"2026-04-28",27.53,27.58,26.32,26.48,25.6021,58079000
"2026-04-29",26.36,26.55,26.2,26.26,25.3894,29969700
"2026-04-30",26.39,26.91,26.28,26.7,25.8148,39082900
"2026-05-01",26.6,26.61,26.29,26.33,25.4571,29318700
"2026-05-04",26.24,26.51,26.15,26.3,25.4281,34583400
"2026-05-05",26.59,26.75,26.01,26.45,25.5731,57656100
"2026-05-06",26.56,26.68,26.21,26.53,25.6505,40357100
"2026-05-07",26.51,26.72,26.16,26.48,25.6021,48346000
"2026-05-08",26.16,26.2,25.6,25.68,25.2385,38903400
"2026-05-11",25.79,26.18,25.68,25.81,25.3662,43558000
"2026-05-12",25.82,26.09,25.74,25.87,25.4252,26819500
"2026-05-13",25.8,26.09,25.64,25.96,25.5137,39420000
"2026-05-14",26.07,26.1,25.72,25.75,25.3073,24102700
"2026-05-15",25.75,25.83,25.24,25.33,24.8945,37110100
"2026-05-18",25.32,25.39,25.19,25.33,24.8945,34111300
"2026-05-19",25.3,25.96,25.24,25.66,25.2188,41036700
"2026-05-20",25.76,26.03,25.67,25.79,25.3466,35574200
"2026-05-21",25.77,25.96,25.57,25.95,25.5038,20181500
"2026-05-22",26,26.15,25.76,25.9,25.4547,22320000
"2026-05-26",25.87,25.9,25.66,25.85,25.4056,29084700
"2026-05-27",25.85,26.54,25.85,26.21,25.7594,39024700
"2026-05-28",26.17,26.28,26.01,26.14,25.6906,25651800
"2026-05-29",26.19,26.24,25.93,26.18,25.7299,48284200
"2026-06-01",25.9,25.91,25.48,25.63,25.1893,35553600
"2026-06-02",25.6,25.7,25.27,25.55,25.1107,31295700
"2026-06-03",25.43,25.62,25.29,25.34,24.9043,30957100
"2026-06-04",25.67,26.01,25.61,25.69,25.2483,31272000
"2026-06-05",25.85,26.21,25.79,26.04,25.5923,32218500
"2026-06-08",25.97,26.22,25.6,25.62,25.1795,42028800
"2026-06-09",25.73,25.88,25.47,25.7,25.2581,35273200
"2026-06-10",25.8,25.85,25.58,25.6,25.1599,30376300
"2026-06-11",25.79,26.48,25.79,26.17,25.7201,45268700
"2026-06-12",26.29,26.49,26.11,26.21,25.7594,38773000
"2026-06-15",26.25,26.42,25.98,26,25.553,34194100
"2026-06-16",26.05,26.13,25.7,26.04,25.5923,32829600
"2026-06-17",26.03,26.28,25.87,25.92,25.4744,31117500
"2026-06-18",25.58,25.66,24.94,25.21,24.7766,119614300
"2026-06-22",25.22,25.31,24.96,25.08,24.6488,41119100
"2026-06-23",24.99,25.24,24.69,24.72,24.295,82009200
"2026-06-24",24.8,25.11,23.93,24.04,23.6267,76962600
"2026-06-25",24.19,24.34,23.62,23.67,23.263,57859500
"2026-06-26",23.74,24.35,23.74,24.29,23.8724,59958900
"2026-06-29",24.29,24.5,24.1,24.37,23.951,47528000
"2026-06-30",24.43,24.46,23.78,24.08,23.666,60046000
"2026-07-01",24.15,24.24,23.74,23.88,23.4694,49385200
"2026-07-02",24.15,24.57,24.13,24.32,23.9019,53104800
"2026-07-06",24.16,24.2,23.62,23.72,23.3122,58576100
"2026-07-07",24.05,24.35,23.93,24.07,23.6562,44101400
"2026-07-08",24.05,24.37,23.89,24.05,23.6365,38181300
"2026-07-09",24.11,24.3,24.01,24.25,23.8331,29190500
"2026-07-10",24.35,24.41,24.1,24.17,23.7544,27523200
"2026-07-13",24.28,24.72,24.23,24.48,24.0591,42953400
"2026-07-14",24.37,24.43,24.14,24.25,23.8331,40863300
"2026-07-15",24.34,24.82,24.31,24.82,24.3933,44162500
"2026-07-16",24.94,25.37,24.86,25.14,24.7078,49990000
"2026-07-17",25.4,25.65,24.97,25.05,24.6193,45629600
"2026-07-20",25.09,25.16,24.72,24.75,24.3245,38685900
"2026-07-21",24.76,25.01,24.65,24.94,24.5112,27328800
"2026-07-22",25.18,25.19,24.78,24.82,24.3933,32988300
"2026-07-23",24.89,25.1,24.75,25.01,24.58,30876700
"2026-07-24",24.62,24.75,24.51,24.54,24.54,28905700
"2026-07-27",24.57,24.88,24.44,24.67,24.67,38355200
"2026-07-28",24.97,25.5,24.94,25.25,25.25,49942700
"2026-07-29",25.35,25.37,25.06,25.15,25.15,30395000
"2026-07-30",24.84,24.98,24.55,24.91,24.91,44954500
"2026-07-31",24.82,25.18,24.67,25.01,25.01,45080200
"2026-08-03",25.15,25.39,24.87,25.03,25.03,40645800
"2026-08-04",25.04,25.64,24.7,25.41,25.41,62189500
"2026-08-05",25.5,25.81,25.3,25.81,25.81,47058300
"2026-08-06",26.01,26.2,25.81,26.2,26.2,51074500
"2026-08-07",26.22,26.76,26.05,26.76,26.76,42744100
"2026-08-10",26.59,27.19,26.52,27.05,27.05,49786800
"2026-08-11",26.94,27.2,26.47,26.62,26.62,37943600
"2026-08-12",26.39,26.44,26.18,26.31,26.31,32591400
"2026-08-13",26.49,26.95,26.41,26.8,26.8,35355800
"2026-08-14",26.66,26.92,26.42,26.79,26.79,23174200
"2026-08-17",26.76,27.02,26.55,26.87,26.87,29261200
"2026-08-18",27.15,27.4,27.1,27.25,27.25,34660100
"2026-08-19",27.6,28.44,27.58,28.24,28.24,59804200
"2026-08-20",28,28.16,27.65,27.79,27.79,29297000
"2026-08-21",27.77,28.43,27.66,28.07,28.07,37109600
"2026-08-24",28.1,28.16,27.81,27.97,27.97,23845600
"2026-08-25",27.92,28.58,27.84,28.57,28.57,31915700
"2026-08-26",28.44,28.5,28.15,28.3,28.3,35070000
"2026-08-27",27.97,28.18,27.83,28.02,28.02,31174400
"2026-08-28",28,28.02,27.77,27.96,27.96,27175800
"2026-08-31",27.85,28.7,27.64,28.46,28.46,45930300
"2026-09-01",28.82,29.09,28.47,28.55,28.55,42493400
"2026-09-02",28.79,29.09,28.71,29.02,29.02,39277900
"2026-09-03",29.09,29.21,28.44,28.81,28.81,26724300
"2026-09-04",28.58,28.69,28.38,28.45,28.45,23782900
"2026-09-08",28.02,28.15,27.72,27.79,27.79,31772900
"2026-09-09",27.76,27.98,27.57,27.78,27.78,29128600
"2026-09-10",27.69,27.75,27.4,27.65,27.65,28805300
"2026-09-11",27.8,27.85,27.42,27.72,27.72,25557200
"2026-09-14",28.08,28.19,27.69,27.72,27.72,28571600
"2026-09-15",27.62,27.66,27.25,27.55,27.55,40426600
"2026-09-16",27.64,27.69,27.36,27.46,27.46,26040900
"2026-09-17",27.62,27.81,27.55,27.64,27.64,29013800
"2026-09-18",27.64,27.66,27.34,27.66,27.66,75593400
"2026-09-21",27.65,27.92,27.53,27.74,27.74,28769800
"2026-09-22",27.74,28,27.49,27.93,27.93,26663500
"2026-09-23",27.96,28.23,27.84,28.18,28.18,33812900
"2026-09-24",28.2,28.85,28.2,28.41,28.41,34774700
"2026-09-25",28.45,28.69,28.17,28.67,28.67,27755200
