date,open,high,low,close,adjclose,volume
"2016-09-26",39.34,39.56,39.1,39.2,38.6849,561800
"2016-09-27",39.13,39.61,38.99,39.59,39.0698,745300
"2016-09-28",39.67,40.22,39.57,40.18,39.6521,845200
"2016-09-29",40.18,40.25,39.43,39.5,38.981,839900
"2016-09-30",39.73,39.9,39.56,39.75,39.2277,1282000
"2016-10-03",39.45,40.03,39.45,39.88,39.356,790600
"2016-10-04",40.02,40.15,39.16,39.21,38.6948,838700
"2016-10-05",39.38,39.64,39.29,39.6,39.0797,1338000
"2016-10-06",39.76,39.99,39.62,39.91,39.3856,989300
"2016-10-07",37.68,38.63,37.19,38.49,37.9843,3175800
"2016-10-10",38.7,39.06,38.63,38.86,38.3494,832000
"2016-10-11",38.66,38.76,37.72,37.9,37.402,1209900
"2016-10-12",37.88,38.17,37.88,37.97,37.4711,1078900
"2016-10-13",37.72,38.03,37.55,37.95,37.4514,974800
"2016-10-14",38.13,38.25,37.67,37.77,37.2737,1303300
"2016-10-17",37.82,37.98,37.75,37.82,37.3231,628900
"2016-10-18",38.22,38.37,37.97,38.09,37.5895,1814000
"2016-10-19",38.25,38.55,37.96,38.09,37.5895,2359900
"2016-10-20",37.31,39.91,37.19,39.49,38.9711,2798000
"2016-10-21",38.99,39.15,38.67,38.91,38.3988,1833600
"2016-10-24",39.25,39.63,39.02,39.03,38.5172,1387700
"2016-10-25",39.04,39.4,38.94,39.13,38.6159,1297200
"2016-10-26",38.98,39.98,38.87,39.85,39.3264,1826800
"2016-10-27",40,40.03,39.51,39.57,39.0501,1296800
"2016-10-28",39.62,40.36,39.5,39.81,39.2869,1100300
"2016-10-31",39.98,40.29,39.84,40.08,39.5534,1100800
"2016-11-01",40.21,40.33,39.31,39.55,39.0303,1136900
"2016-11-02",39.54,39.78,38.99,39,38.4876,1030600
"2016-11-03",39.12,39.23,38.79,39.02,38.5073,1030200
"2016-11-04",39.05,39.52,39.01,39.08,38.5665,866200
"2016-11-07",39.9,40.76,39.85,40.75,40.2146,1878600
"2016-11-08",40.61,41.07,40.51,40.73,40.1948,1341900
"2016-11-09",40.19,43.09,40.16,42.88,42.3166,3138600
"2016-11-10",43.2,44.6,43.2,44.08,43.5008,2720900
"2016-11-11",43.8,44.76,43.41,44.71,44.1225,2353600
"2016-11-14",44.75,45.85,44.71,45.14,44.5469,2512400
"2016-11-15",45.03,45.21,44.48,45.13,44.537,1354600
"2016-11-16",44.88,45.22,44.59,44.62,44.0337,1023300
"2016-11-17",44.74,44.9,44.52,44.57,43.9844,945000
"2016-11-18",44.39,44.4,44.17,44.24,43.6587,841100
"2016-11-21",44.29,44.59,44.2,44.56,43.9745,1425600
"2016-11-22",44.75,45.29,44.66,45.21,44.616,968500
"2016-11-23",45.29,45.87,45.09,45.78,45.1785,1059100
"2016-11-25",45.83,45.95,45.45,45.95,45.3462,643100
"2016-11-28",45.7,45.85,45.23,45.7,45.0995,1425900
"2016-11-29",45.63,46.15,45.46,45.98,45.3758,1182900
"2016-11-30",46.14,46.28,45.99,46.03,45.4252,1422400
"2016-12-01",46.37,47.88,46.36,47.88,47.2509,2736500
"2016-12-02",47.93,48.39,47.31,47.49,46.866,2668500
"2016-12-05",47.96,48.36,47.13,47.36,46.7377,1631500
"2016-12-06",47.15,47.73,46.92,47.66,47.0338,1105100
"2016-12-07",47.51,48.51,47.42,48.44,47.8236,1229900
"2016-12-08",48.59,49.15,47.74,47.92,47.3102,1229400
"2016-12-09",48.05,48.9,48.05,48.39,47.7742,1682300
"2016-12-12",47.99,48.4,47.44,48.4,47.7841,1540200
"2016-12-13",48.64,48.85,48.31,48.47,47.8532,2056900
"2016-12-14",48.46,49.17,48.1,48.18,47.5669,1677700
"2016-12-15",48.07,49.19,47.57,49.01,48.3863,1726100
"2016-12-16",49.2,49.82,48.59,48.6,47.9816,2962800
"2016-12-19",48.7,49.2,48.21,48.34,47.7249,1763400
"2016-12-20",48.54,48.97,48.43,48.66,48.0408,1173400
"2016-12-21",48.71,48.97,48.53,48.7,48.0803,836300
"2016-12-22",48.88,48.97,48.39,48.59,47.9717,779400
"2016-12-23",48.59,48.97,48.46,48.94,48.3173,742300
"2016-12-27",49.15,49.25,48.82,49.04,48.416,507000
"2016-12-28",49.14,49.14,48.5,48.52,47.9026,668100
"2016-12-29",48.66,48.85,48.35,48.58,47.9618,456700
"2016-12-30",48.68,48.76,48.08,48.56,47.9421,1066200
"2017-01-03",48.79,49.43,48.76,49.25,48.6233,1484500
"2017-01-04",49.46,50.47,49.29,50.3,49.6599,2467100
"2017-01-05",50.02,50.93,49.77,50.23,49.5908,1522800
"2017-01-06",50.24,50.36,49.81,49.86,49.2255,823700
"2017-01-09",49.75,49.99,49.51,49.54,48.9096,1712900
"2017-01-10",49.79,50.18,49.4,49.94,49.3045,1802700
"2017-01-11",50.05,50.27,49.67,49.98,49.344,1471100
"2017-01-12",49.9,49.97,48.96,49.77,49.1367,1190000
"2017-01-13",49.84,49.97,49.26,49.49,48.8602,1074200
"2017-01-17",49.25,49.28,48.61,48.75,48.1297,1338100
"2017-01-18",48.75,49.28,48.56,49.09,48.4653,1488700
"2017-01-19",49.36,49.59,49.02,49.42,48.7911,1182700
"2017-01-20",49.71,49.78,49.08,49.35,48.722,1287100
"2017-01-23",49.4,49.98,48.36,48.88,48.258,1696300
"2017-01-24",48.93,49.75,48.8,49.38,48.7516,3147600
"2017-01-25",45.49,47.2,43.66,46.73,46.1354,16894800
"2017-01-26",46.72,49.39,46.65,48.51,47.8927,5446300
"2017-01-27",48.55,49.18,47.66,47.77,47.1621,3444600
"2017-01-30",47.5,47.82,46.81,47.45,46.8462,2115200
"2017-01-31",47.27,47.45,46.63,47.37,46.7672,1754700
"2017-02-01",47.67,47.92,47.06,47.09,46.4908,1221600
"2017-02-02",46.76,47.56,46.57,47.54,46.9351,1904300
"2017-02-03",47.69,48.35,47.69,48.31,47.6953,1601100
"2017-02-06",48.16,48.57,48.08,48.28,47.6656,722500
"2017-02-07",48.43,48.8,48.02,48.21,47.5965,1159600
"2017-02-08",48.16,48.18,47.61,48.01,47.3991,741100
"2017-02-09",48.01,48.8,48.01,48.66,48.0408,1127700
"2017-02-10",48.9,49.26,48.58,48.9,48.2778,1275400
"2017-02-13",49.16,49.39,48.97,49.19,48.5641,1581100
"2017-02-14",48.98,49.26,48.76,49.2,48.5739,942600
"2017-02-15",49.23,49.37,49.03,49.16,48.5344,1039800
"2017-02-16",49.16,49.21,48.45,49.01,48.3863,1839700
"2017-02-17",48.67,48.68,47.74,48.35,47.7347,1828600
"2017-02-21",48.5,48.64,48.03,48.21,47.5965,1905500
"2017-02-22",47.96,48.51,47.83,48.41,47.794,1145100
"2017-02-23",48.52,48.6,47.18,47.21,46.6093,1980700
"2017-02-24",46.77,47.45,46.73,47.17,46.5698,3689600
"2017-02-27",47.54,48,47.22,47.86,47.251,3003500
"2017-02-28",47.9,48.16,47.25,47.3,46.6981,2579500
"2017-03-01",47.96,49.69,47.84,49.58,48.9491,3289200
"2017-03-02",49.45,49.52,48.81,48.83,48.2086,1794000
"2017-03-03",48.89,49.13,48.01,48.06,47.4484,1487900
"2017-03-06",47.38,48.28,47.38,48.07,47.4583,1393500
"2017-03-07",47.79,48.23,47.67,47.85,47.2411,1495400
"2017-03-08",47.87,48.08,47.6,48.02,47.4288,1404200
"2017-03-09",48.09,48.32,47.34,47.43,46.846,1612400
"2017-03-10",47.73,47.76,47.17,47.63,47.0436,1234700
"2017-03-13",47.59,47.89,47.38,47.38,46.7967,1104900
"2017-03-14",47.12,47.25,46.79,47.2,46.6189,1112200
"2017-03-15",47.39,47.97,47.29,47.84,47.251,977200
"2017-03-16",48,48.08,47.35,47.65,47.0633,964700
"2017-03-17",47.78,48.07,47.4,47.74,47.1522,2082500
"2017-03-20",47.78,48.24,47.56,47.63,47.0436,1258800
"2017-03-21",47.91,47.93,46.52,46.78,46.204,1988200
"2017-03-22",46.73,47.32,46.46,47.12,46.5399,1081600
"2017-03-23",47.05,47.4,46.86,46.91,46.3324,1012100
"2017-03-24",46.97,47.03,45.96,46.15,45.5818,1573100
"2017-03-27",45.61,46.54,45.19,46.36,45.7892,1168200
"2017-03-28",46.29,47.41,46.17,46.99,46.4115,948300
"2017-03-29",46.83,47.28,46.69,47.09,46.5102,909000
"2017-03-30",47.11,47.55,46.96,47.32,46.7374,939700
"2017-03-31",47.22,47.71,47.21,47.59,47.004,2165400
"2017-04-03",47.56,47.66,46.61,46.92,46.3423,1547900
"2017-04-04",46.79,47.29,46.73,47.2,46.6189,999100
"2017-04-05",47.44,47.85,46.91,46.94,46.3621,1383100
"2017-04-06",46.99,47.5,46.72,47.42,46.8362,638300
"2017-04-07",47.54,48,47.19,47.67,47.0831,1088100
"2017-04-10",47.68,48.41,47.57,48.16,47.5671,1461300
"2017-04-11",47.93,48.01,47.36,48,47.409,1165100
"2017-04-12",47.87,47.87,47.33,47.46,46.8757,1492400
"2017-04-13",47.19,47.62,46.53,46.54,45.967,1661100
"2017-04-17",46.84,47.01,46.5,46.85,46.2732,1299500
"2017-04-18",46.63,47.45,46.52,47.34,46.7571,2613600
"2017-04-19",46,46.87,45.63,46.01,45.4435,2938800
"2017-04-20",45.98,46.28,45.36,45.91,45.3448,3776400
"2017-04-21",46.16,47.01,46.16,46.66,46.0855,2681600
"2017-04-24",47.36,47.97,46.78,46.95,46.3719,2289000
"2017-04-25",47.1,47.37,46.96,47.03,46.451,1748100
"2017-04-26",46.99,47.41,46.99,47.15,46.5695,1631200
"2017-04-27",47.15,47.34,46.88,47.08,46.5003,955400
"2017-04-28",47.14,47.17,46.61,46.66,46.0855,1710200
"2017-05-01",46.71,46.74,46.09,46.13,45.562,1724500
"2017-05-02",46.1,46.21,45.67,45.75,45.1867,2460800
"2017-05-03",45.69,46.28,45.6,46.23,45.6608,1290300
"2017-05-04",46.29,46.46,45.93,46.25,45.6806,768900
"2017-05-05",46.33,46.63,46.21,46.62,46.046,750800
"2017-05-08",46.61,46.93,46.56,46.69,46.1151,960800
"2017-05-09",46.7,47.33,46.52,47.08,46.5003,1417100
"2017-05-10",47.05,47.11,46.52,46.88,46.3028,853400
"2017-05-11",46.69,48.67,46.54,48.57,47.972,4784400
"2017-05-12",48.58,48.61,47.71,48.08,47.488,1859100
"2017-05-15",48.09,48.3,47.87,47.97,47.3794,848400
"2017-05-16",48.02,48.32,47.77,48.18,47.5868,890800
"2017-05-17",48.18,48.18,46.12,46.19,45.6213,2342300
"2017-05-18",46.09,46.53,45.46,46.13,45.562,1124800
"2017-05-19",46.25,46.91,46.2,46.49,45.9176,1246200
"2017-05-22",46.98,47.23,46.72,46.78,46.204,1105500
"2017-05-23",46.95,47.15,46.62,47.12,46.5399,1213100
"2017-05-24",47.18,47.71,47.18,47.47,46.8855,663200
"2017-05-25",47.58,48.35,47.52,48.17,47.5769,1049200
"2017-05-26",48.07,48.5,47.95,48.16,47.5671,758000
"2017-05-30",48.06,48.34,47.83,47.99,47.3991,1628000
"2017-05-31",48.14,48.15,47.46,47.8,47.2115,1387500
"2017-06-01",47.88,48.25,47.43,47.72,47.1325,1215400
"2017-06-02",47.74,48,47.67,47.75,47.1621,1076300
"2017-06-05",47.66,47.9,46.94,47.04,46.4608,1051400
"2017-06-06",46.72,47.36,46.58,46.96,46.3818,970100
"2017-06-07",47.13,47.15,46.81,46.84,46.283,1166900
"2017-06-08",46.84,47.08,46.54,46.99,46.4312,1422800
"2017-06-09",47.04,47.35,46.96,47.29,46.7277,1227800
"2017-06-12",47.31,47.44,46.9,47.24,46.6782,997300
"2017-06-13",47.3,47.77,47.15,47.68,47.113,867600
"2017-06-14",47.53,47.75,47.22,47.4,46.8363,627700
"2017-06-15",47.13,47.38,46.87,47.29,46.7277,978700
"2017-06-16",47.25,47.66,47.08,47.44,46.8759,2142200
"2017-06-19",47.64,48.35,47.4,48.1,47.528,1262100
"2017-06-20",47.97,48.05,46.86,46.88,46.3225,982000
"2017-06-21",47,47.07,46.07,46.19,45.6407,1609900
"2017-06-22",46.19,46.5,45.35,45.37,44.8305,1666700
"2017-06-23",45.37,46.11,45,45.78,45.2356,5240600
"2017-06-26",45.89,46.13,45.54,45.57,45.0281,1460100
"2017-06-27",45.59,46.6,45.51,46.45,45.8977,2597300
"2017-06-28",46.74,47.32,46.63,46.98,46.4213,899000
"2017-06-29",47.08,47.5,46.23,46.64,46.0854,1161600
"2017-06-30",46.91,47.4,46.65,47.1,46.5399,1169900
"2017-07-03",47.39,48,47,47.73,47.1624,454300
"2017-07-05",47.71,48.14,47.55,48.03,47.4589,1317600
"2017-07-06",47.97,48.1,47.41,47.43,46.866,1376000
"2017-07-07",47.58,48.35,47.53,48.06,47.4885,1168000
"2017-07-10",48.08,48.78,47.86,48.52,47.943,930500
"2017-07-11",48.52,48.86,48.1,48.73,48.1505,1187600
"2017-07-12",49,49.26,48.68,48.81,48.2296,1080500
"2017-07-13",48.96,49.27,48.83,49.19,48.6051,932100
"2017-07-14",49.36,49.77,49.3,49.64,49.0497,967000
"2017-07-17",49.54,49.86,49.35,49.52,48.9311,912100
"2017-07-18",49.41,49.77,49.19,49.54,48.9509,1872500
"2017-07-19",50.1,50.15,48.48,48.67,48.0913,3113300
"2017-07-20",48.75,49.77,48.58,48.63,48.0517,2187500
"2017-07-21",48,48.7,47.84,48.49,47.9134,2538200
"2017-07-24",48.45,48.89,48.2,48.79,48.2098,1464000
"2017-07-25",49.22,49.54,48.64,49.29,48.7039,1499200
"2017-07-26",49.43,49.72,48.71,49.11,48.526,1125100
"2017-07-27",49.1,49.1,48.19,48.5,47.9233,978100
"2017-07-28",48.49,49.33,48.18,49.25,48.6644,953300
"2017-07-31",49.25,49.33,48.97,49.13,48.5458,1077100
"2017-08-01",49.29,49.49,48.78,49.39,48.8027,1086300
"2017-08-02",49.36,49.74,49.11,49.36,48.773,1174600
"2017-08-03",49.27,49.41,48.92,49.04,48.4568,1011700
"2017-08-04",49.19,49.34,49.03,49.31,48.7236,808500
"2017-08-07",49.34,49.44,48.76,49.4,48.8126,858000
"2017-08-08",49.3,49.49,48.91,49.06,48.4766,1047300
"2017-08-09",49.07,49.25,48.51,49.13,48.5458,1275800
"2017-08-10",48.95,49.06,48.23,48.24,47.6664,1172600
"2017-08-11",48.18,48.74,47.75,48.48,47.9035,966000
"2017-08-14",48.86,49.15,48.51,48.95,48.3679,637700
"2017-08-15",48.98,49.15,48.83,49.09,48.5062,697300
"2017-08-16",49.17,49.59,49,49.13,48.5458,1050900
"2017-08-17",48.99,49.06,48.1,48.12,47.5478,910400
"2017-08-18",48.04,48.09,47.55,47.69,47.1229,1037000
"2017-08-21",47.76,47.76,47.24,47.53,46.9648,1021100
"2017-08-22",47.7,48.22,47.5,48.06,47.4885,1211800
"2017-08-23",47.89,48.46,47.8,47.99,47.4193,1143900
"2017-08-24",48.07,48.18,47.72,47.94,47.3699,918500
"2017-08-25",48.2,48.62,47.95,48.43,47.8541,1244100
"2017-08-28",48.54,48.69,48.03,48.09,47.5181,730400
"2017-08-29",47.87,48.29,47.79,48.16,47.5873,1339200
"2017-08-30",48.23,49.05,48.16,48.97,48.3877,896800
"2017-08-31",49.12,49.35,48.92,49.09,48.5062,1154000
"2017-09-01",49.3,49.66,49.23,49.23,48.6446,792400
"2017-09-05",49.14,49.5,48.52,48.7,48.1209,1582600
"2017-09-06",49,49.22,48.62,48.79,48.2098,1211400
"2017-09-07",48.82,48.83,48.45,48.71,48.1308,749400
"2017-09-08",48.6,49.25,48.51,49.24,48.6545,740000
"2017-09-11",49.99,51.19,49.65,51.19,50.5813,2883700
"2017-09-12",51.23,52.43,51.2,52.41,51.7868,2788900
"2017-09-13",52.31,52.89,52.23,52.35,51.7275,1727200
"2017-09-14",52.14,52.42,51.56,51.76,51.164,1471400
"2017-09-15",51.65,51.95,51.12,51.61,51.0158,2331700
"2017-09-18",51.78,52.49,51.74,52.46,51.856,1365600
"2017-09-19",52.5,52.87,52.28,52.74,52.1328,1261400
"2017-09-20",52.77,53.58,52.77,53.12,52.5084,1407600
"2017-09-21",53.14,53.34,52.91,53.06,52.4491,971900
"2017-09-22",53.04,53.21,52.68,53.09,52.4787,1065200
"2017-09-25",53.1,53.24,52.49,53.07,52.459,631200
"2017-09-26",53.12,53.39,52.93,53.13,52.5183,1078900
"2017-09-27",53.43,54.07,53.16,53.96,53.3387,1597900
"2017-09-28",53.72,54.05,53,53.58,52.9631,984400
"2017-09-29",53.64,53.9,53.27,53.88,53.2596,723000
"2017-10-02",54.01,54.61,53.82,54.57,53.9417,1237200
"2017-10-03",54.63,54.69,54.27,54.5,53.8725,1348500
"2017-10-04",54.48,55.01,54.22,54.99,54.3569,1585900
"2017-10-05",55.1,55.76,55.05,55.65,55.0093,1369100
"2017-10-06",55.49,55.79,55.33,55.49,54.8511,855900
"2017-10-09",55.64,55.8,55.14,55.33,54.6929,637100
"2017-10-10",55.49,55.49,54.26,54.4,53.7737,1424200
"2017-10-11",54.46,54.55,53.73,53.92,53.2992,2701300
"2017-10-12",53.92,54.11,53.42,53.55,52.9334,2994600
"2017-10-13",53.61,53.78,53.24,53.26,52.6468,3174100
"2017-10-16",53.34,53.61,53.07,53.34,52.7258,1123500
"2017-10-17",53.19,53.45,52.81,53.07,52.459,1520200
"2017-10-18",53.23,53.68,52.91,53.57,52.9532,3233400
"2017-10-19",52.33,53.13,51.07,53.1,52.4886,4174300
"2017-10-20",53.33,54.03,52.8,53.74,53.1213,3015200
"2017-10-23",53.76,54.13,53.6,53.7,53.0817,1750100
"2017-10-24",53.7,54.64,53.7,54.42,53.7934,1740400
"2017-10-25",54.29,54.57,53.52,53.71,53.0916,1372400
"2017-10-26",53.99,54.32,53.19,53.76,53.141,1187900
"2017-10-27",53.57,53.9,52.84,53.03,52.4194,1694000
"2017-10-30",52.8,52.94,52.43,52.6,51.9944,1348800
"2017-10-31",52.66,52.93,52.49,52.74,52.1328,1398200
"2017-11-01",53.01,53.55,52.96,53.4,52.7852,1508600
"2017-11-02",53.29,54.53,52.93,54.28,53.655,1311800
"2017-11-03",54.17,54.56,53.81,54.55,53.9219,1217300
"2017-11-06",54.55,54.69,54.2,54.43,53.8033,837200
"2017-11-07",54.45,54.8,54.07,54.28,53.655,781900
"2017-11-08",54.28,54.95,54.08,54.85,54.2185,1082700
"2017-11-09",55.03,55.24,54.02,54.4,53.7737,922300
"2017-11-10",54.21,54.75,54.01,54.27,53.6452,1104300
"2017-11-13",54.03,54.19,53.58,53.7,53.0817,1875100
"2017-11-14",53.53,53.83,53.34,53.57,52.9532,875900
"2017-11-15",53,53.23,52.33,52.47,51.8659,1366200
"2017-11-16",52.64,53.2,52.5,52.9,52.2909,1631300
"2017-11-17",52.74,53.53,52.61,52.97,52.3601,1467300
"2017-11-20",53.19,53.57,52.85,53.48,52.8642,1503500
"2017-11-21",53.78,54.01,53.6,53.69,53.0718,1217200
"2017-11-22",53.71,53.85,53.41,53.53,52.9137,953800
"2017-11-24",53.67,53.8,53.28,53.3,52.6863,523300
"2017-11-27",53.35,53.78,53.23,53.48,52.8642,1081200
"2017-11-28",53.74,54.39,53.59,54.32,53.6946,1527600
"2017-11-29",54.41,54.97,54.37,54.84,54.2086,904100
"2017-11-30",55.04,55.83,54.52,55.71,55.0686,1656100
"2017-12-01",55.71,55.8,53.38,54.89,54.258,1451400
"2017-12-04",55.64,56.47,55.18,55.18,54.5447,1975500
"2017-12-05",55.48,55.48,53.98,54.01,53.3881,1342900
"2017-12-06",53.98,54.49,53.91,53.92,53.2992,1281600
"2017-12-07",53.83,55.02,53.81,54.79,54.1592,1088800
"2017-12-08",55.06,55.2,54.72,54.84,54.2086,1088000
"2017-12-11",54.91,55.18,54.52,54.63,54.001,1016900
"2017-12-12",54.68,55.05,54.56,54.57,53.9417,842100
"2017-12-13",54.54,55.17,54.36,54.62,53.9911,1132200
"2017-12-14",54.62,54.91,54.25,54.38,53.7736,823900
"2017-12-15",54.76,55.6,54.63,55.22,54.6042,2583300
"2017-12-18",55.64,56.26,55.29,56.19,55.5634,1143300
"2017-12-19",56.45,56.58,56.05,56.35,55.7216,1271700
"2017-12-20",56.6,57.32,56.56,57,56.3644,1731800
"2017-12-21",57.32,57.71,56.91,57.18,56.5424,2160800
"2017-12-22",57.06,57.24,56.71,56.76,56.127,947600
"2017-12-26",56.82,57.17,56.78,56.88,56.2457,473200
"2017-12-27",57.05,57.17,56.72,56.97,56.3347,852100
"2017-12-28",57,57.03,56.83,57,56.3644,455600
"2017-12-29",57.18,57.18,56.58,56.59,55.9589,603300
"2018-01-02",56.9,57.32,56.57,57.3,56.661,1186800
"2018-01-03",57.03,57.8,57,57.63,56.9873,1131100
"2018-01-04",57.8,57.9,57.3,57.58,56.9379,1189500
"2018-01-05",57.95,58.51,57.4,58.5,57.8476,2244100
"2018-01-08",58.64,58.71,57.98,58.35,57.6993,1237500
"2018-01-09",58.43,58.7,58.26,58.45,57.7982,935000
"2018-01-10",58.4,58.61,58.18,58.4,57.7487,570900
"2018-01-11",58.51,59.12,58.5,59.09,58.4311,1047000
"2018-01-12",59.39,60.19,59.27,60.15,59.4792,1213300
"2018-01-16",60.46,60.54,58.36,58.78,58.1245,1584300
"2018-01-17",59.04,59.45,58.65,59.17,58.5102,988200
"2018-01-18",59.26,59.39,58.77,58.81,58.1542,937500
"2018-01-19",59.18,59.18,58.62,58.9,58.2432,1204100
"2018-01-22",58.93,59.12,58.44,59.09,58.4311,1116600
"2018-01-23",59.06,59.29,58.63,59.1,58.4409,877500
"2018-01-24",59.2,60.37,59.17,59.71,59.0441,1751200
"2018-01-25",59.98,60.69,59.59,60.53,59.855,1386000
"2018-01-26",60.71,60.95,60.06,60.86,60.1813,1255400
"2018-01-29",60.9,62.19,60.87,61.22,60.5373,1695700
"2018-01-30",60.89,61.07,60.12,60.18,59.5089,1630800
"2018-01-31",58.3,60.34,57.87,58.67,58.0157,2675200
"2018-02-01",58.7,60.35,58.61,59.84,59.1727,2262100
"2018-02-02",59.49,60.14,58.94,59.06,58.4014,1747200
"2018-02-05",58.2,59.85,56.15,56.66,56.0282,2760200
"2018-02-06",55.63,57.46,54.95,57.1,56.4632,2487200
"2018-02-07",57.01,58.83,56.95,57.91,57.2642,1857400
"2018-02-08",58,58,55.49,55.54,54.9206,1480800
"2018-02-09",56.2,56.87,54.36,56.31,55.682,2062800
"2018-02-12",56.77,58.12,56.41,57.55,56.9082,1801300
"2018-02-13",57.28,58.23,57.1,57.55,56.9082,1794200
"2018-02-14",57.14,58.9,56.91,58.8,58.1443,2167300
"2018-02-15",59.08,59.86,58.9,59.68,59.0145,1855200
"2018-02-16",59.57,60.66,59.39,60.33,59.6572,1650100
"2018-02-20",59.9,60.88,59.6,60.06,59.3902,1514500
"2018-02-21",59.97,60.48,59.42,59.52,58.8563,2424000
"2018-02-22",59.83,60.42,59.41,59.52,58.8563,1340500
"2018-02-23",59.58,59.91,58.96,59.28,58.6189,1846100
"2018-02-26",59.84,61.16,59.57,61.03,60.3494,1378000
"2018-02-27",60.96,61.47,60.23,60.25,59.5781,1330300
"2018-02-28",60.51,61.23,59.85,59.85,59.1826,1813200
"2018-03-01",59.87,60.22,57.79,58.24,57.5905,2416000
"2018-03-02",57.67,57.84,56.67,57.66,57.017,1938900
"2018-03-05",57.16,58.69,56.93,58.38,57.729,1430500
"2018-03-06",58.56,59.03,58.24,58.59,57.9366,1281900
"2018-03-07",58.12,58.68,57.76,58.52,57.8674,1418300
"2018-03-08",58.8,59.14,58.3,59.05,58.3915,1023000
"2018-03-09",59.45,60.41,59.15,60.4,59.7467,1177800
"2018-03-12",60.37,60.37,58.88,59,58.3618,2610200
"2018-03-13",59.37,59.47,58.76,58.9,58.2629,1378700
"2018-03-14",59.29,59.29,58.49,59.09,58.4508,2913700
"2018-03-15",59.11,59.11,58.01,59,58.3618,1715800
"2018-03-16",59.17,59.17,58.7,58.83,58.1937,2317200
"2018-03-19",58.78,59.04,58.32,58.94,58.3025,1264600
"2018-03-20",59.03,59.62,58.86,59.12,58.4805,1263200
"2018-03-21",59.22,59.85,58.76,59.3,58.6586,904700
"2018-03-22",58.73,58.99,57.5,57.55,56.9275,1332900
"2018-03-23",57.75,58.22,56.87,56.96,56.3439,1561000
"2018-03-26",57.66,58.34,57.08,58.3,57.6694,1320500
"2018-03-27",58.29,58.93,57.18,57.45,56.8286,1108700
"2018-03-28",57.53,58.02,57.01,57.6,56.977,1756500
"2018-03-29",58.02,59.44,57.92,58.97,58.3321,1815900
"2018-04-02",58.75,59.09,56.95,57.65,57.0264,1409900
"2018-04-03",57.95,58.23,57.46,58.18,57.5507,1354200
"2018-04-04",57.27,58.3,56.63,58.28,57.6496,2627900
"2018-04-05",58.66,59.72,58.4,59.58,58.9355,1497700
"2018-04-06",58.95,59.29,57.41,57.87,57.244,1869000
"2018-04-09",58.23,58.61,57.67,57.72,57.0957,1094800
"2018-04-10",58.57,58.97,58.07,58.38,57.7485,1852500
"2018-04-11",57.94,59.21,57.78,58.64,58.0057,1607800
"2018-04-12",58.92,59.45,58.86,59.05,58.4113,1546600
"2018-04-13",59.49,59.52,58.21,58.52,57.887,1345800
"2018-04-16",59.11,59.54,58.89,59.43,58.7872,1708800
"2018-04-17",59.75,60.33,59.44,59.94,59.2917,2253700
"2018-04-18",64.23,64.88,63,63.99,63.2978,6805100
"2018-04-19",64.98,65.73,64.52,65.48,64.7718,3696800
"2018-04-20",65.68,65.99,64.84,65.59,64.8805,3353000
"2018-04-23",65.81,65.89,64.41,64.71,64.0101,2296100
"2018-04-24",65.21,65.79,62.95,64.27,63.5748,2392500
"2018-04-25",64.11,64.28,63.07,63.46,62.7736,2302300
"2018-04-26",63.48,64.12,63.08,63.62,62.9318,1585900
"2018-04-27",63.25,63.59,62.41,62.92,62.2394,2345400
"2018-04-30",63.26,63.44,62.1,62.14,61.4678,2272500
"2018-05-01",62.01,62.12,60.77,62.1,61.4283,1940600
"2018-05-02",61.92,63.2,61.7,62.44,61.7646,2679800
"2018-05-03",62.16,62.9,61.44,62.57,61.8932,2322200
"2018-05-04",62.25,63.36,61.93,63,62.3186,1432400
"2018-05-07",63.15,64,62.98,63.88,63.189,1796000
"2018-05-08",64.15,65.06,63.81,64.9,64.198,2290300
"2018-05-09",65.05,65.53,64.5,65.17,64.4651,1425800
"2018-05-10",65.56,65.9,65.02,65.64,64.93,1376800
"2018-05-11",65.59,66.16,65.46,65.79,65.0784,1020600
"2018-05-14",65.9,65.98,65.26,65.53,64.8212,2031400
"2018-05-15",65.9,65.9,64.95,65.39,64.6827,1160400
"2018-05-16",65.36,65.96,65.1,65.65,64.9399,1233200
"2018-05-17",65.58,66.67,65.5,66.24,65.5235,1043800
"2018-05-18",66.31,66.58,66.15,66.32,65.6026,1012700
"2018-05-21",67.29,67.43,66.61,67,66.2753,1206600
"2018-05-22",67.12,67.42,66.42,66.48,65.7609,1111800
"2018-05-23",66.14,66.72,65.72,66.67,65.9489,1599000
"2018-05-24",66.6,67.16,66.47,66.9,66.1764,1336200
"2018-05-25",66.71,66.84,66.24,66.56,65.8401,793300
"2018-05-29",65.96,66.44,65.59,65.83,65.1179,1134000
"2018-05-30",66.14,67.16,66.02,66.91,66.1863,1049200
"2018-05-31",66.76,67.11,66.29,66.58,65.8598,1317400
"2018-06-01",67,67.66,66.89,67.2,66.4731,1271300
"2018-06-04",67.35,67.51,66.95,67.31,66.5819,988300
"2018-06-05",67.39,68.68,67.39,68.33,67.5909,1240600
"2018-06-06",68.33,68.87,68.03,68.86,68.1152,1356800
"2018-06-07",68.88,69.06,68.16,68.65,67.9075,1158300
"2018-06-08",68.65,69.36,68.32,69.32,68.5702,1458700
"2018-06-11",69.23,69.31,68.66,68.9,68.1547,1180200
"2018-06-12",68.91,68.99,67.94,68.1,67.3634,1993400
"2018-06-13",68.1,68.18,67.54,67.81,67.0765,1506300
"2018-06-14",68.1,68.14,67.28,67.49,66.7797,1580500
"2018-06-15",67.21,67.43,66.55,67.41,66.7005,3358100
"2018-06-18",66.89,67.65,66.56,67.45,66.7401,1224200
"2018-06-19",66.71,67.16,65.76,66.3,65.6022,1981300
"2018-06-20",66.64,66.94,66.22,66.75,66.0475,928100
"2018-06-21",66.5,66.99,65.85,66.68,65.9782,1293900
"2018-06-22",67.23,67.44,66.72,67.06,66.3542,1719400
"2018-06-25",66.72,66.74,65.23,65.73,65.0382,2321500
"2018-06-26",65.84,66.3,65.03,65.99,65.2955,1353800
"2018-06-27",66.16,66.96,65.37,65.44,64.7513,2312500
"2018-06-28",65.35,66.17,64.57,65.71,65.0184,1582000
"2018-06-29",66.11,66.79,65.91,65.91,65.2163,1427400
"2018-07-02",65.36,66.19,64.94,66.14,65.4439,915100
"2018-07-03",66.55,66.84,65.81,65.94,65.246,570800
"2018-07-05",66.19,66.33,65.47,66.05,65.3549,2582500
"2018-07-06",65.9,66.51,65.57,65.69,64.9986,1480000
"2018-07-09",65.98,66.86,65.91,66.85,66.1464,1230900
"2018-07-10",66.85,67.46,66.52,66.87,66.1662,1137200
"2018-07-11",66.41,66.74,65.85,65.97,65.2757,982800
"2018-07-12",66.41,66.96,66.19,66.71,66.0079,1325800
"2018-07-13",66.57,67.48,66.57,67.3,66.5917,1550900
"2018-07-16",67.47,67.61,66.56,66.68,65.9782,1752900
"2018-07-17",66.8,67.02,66.2,66.79,66.087,2473900
"2018-07-18",67.6,67.95,63.5,66.44,65.7407,6056300
"2018-07-19",66.33,67.39,65.74,66.99,66.2849,2809600
"2018-07-20",66.61,67.6,66.54,66.86,66.1563,2117800
"2018-07-23",67.03,67.05,66.22,66.52,65.8199,2365500
"2018-07-24",66.96,67.4,66.59,67,66.2948,1816300
"2018-07-25",66.85,67.15,66.34,66.98,66.2751,2376200
"2018-07-26",67.01,68.12,66.84,67.93,67.2151,2530700
"2018-07-27",68.09,68.29,66.6,67.03,66.3245,1807600
"2018-07-30",67.08,67.51,66.57,66.64,65.9386,1424000
"2018-07-31",67.05,68.46,66.87,68.27,67.5515,1630100
"2018-08-01",68.13,68.6,67.36,67.5,66.7896,1705200
"2018-08-02",66.98,67.61,66.88,67.56,66.8489,1399200
"2018-08-03",67.54,67.73,66.29,67,66.2948,1607900
"2018-08-06",66.95,67.23,66.65,66.95,66.2454,1272500
"2018-08-07",66.94,67.68,66.76,67.17,66.4631,1063800
"2018-08-08",67.13,67.15,66.55,67,66.2948,797000
"2018-08-09",67,67.35,65.99,66.21,65.5132,1497100
"2018-08-10",65.99,66.21,65.41,65.75,65.058,1281700
"2018-08-13",65.7,66.24,64.97,65.39,64.7018,1303300
"2018-08-14",65.5,66.25,65.39,66.03,65.335,1073000
"2018-08-15",65.64,65.78,64.63,65.45,64.7612,1270700
"2018-08-16",65.85,66.28,65.78,66.2,65.5033,1105000
"2018-08-17",66.3,66.98,65.98,66.65,65.9485,1613700
"2018-08-20",66.8,67.83,66.8,67.65,66.938,1586900
"2018-08-21",67.81,68.95,67.7,68.91,68.1848,1838400
"2018-08-22",68.76,68.89,68.25,68.43,67.7098,2100400
"2018-08-23",68.31,68.58,67.85,68.3,67.5812,1408300
"2018-08-24",68.45,68.85,68.34,68.63,67.9077,1123200
"2018-08-27",68.99,69.68,68.87,69.24,68.5113,1571000
"2018-08-28",69.59,69.68,69.07,69.42,68.6893,1495600
"2018-08-29",69.45,69.86,68.96,69.61,68.8774,1408500
"2018-08-30",69.65,69.93,69.22,69.37,68.6399,1065000
"2018-08-31",69.16,69.29,68.79,69.03,68.3035,1542800
"2018-09-04",69.02,69.53,68.79,69.47,68.7389,1230300
"2018-09-05",69.37,69.96,69.19,69.83,69.0951,1008300
"2018-09-06",69.91,70.49,69.58,69.61,68.8774,1712300
"2018-09-07",69.46,69.46,68.54,69.15,68.4222,1174400
"2018-09-10",69.48,70.05,69.21,69.86,69.1247,1171400
"2018-09-11",69.64,70.29,69.22,69.99,69.2534,878500
"2018-09-12",69.96,70.03,69.41,69.74,69.006,1390900
"2018-09-13",69.89,70.41,69.68,69.86,69.1446,1102700
"2018-09-14",69.9,70.61,69.9,70.57,69.8473,1808400
"2018-09-17",70.57,71.36,70.42,70.91,70.1838,1428100
"2018-09-18",71.24,71.74,70.81,71.56,70.8271,1266600
"2018-09-19",71.8,72.76,71.49,71.72,70.9855,1757800
"2018-09-20",71.97,72.27,70.69,70.79,70.065,1574600
"2018-09-21",71.09,71.82,70.85,71.82,71.0845,3293200
"2018-09-24",71.7,71.7,71.16,71.36,70.6292,851100
"2018-09-25",71.6,72.87,71.26,72.3,71.5596,1967700
"2018-09-26",72.39,72.45,71.44,71.52,70.7876,1130300
"2018-09-27",71.68,71.99,71.44,71.5,70.7677,707700
"2018-09-28",71.18,71.78,71.03,71.47,70.7381,1223600
"2018-10-01",71.84,72.11,71.52,71.77,71.035,788400
"2018-10-02",71.79,71.95,71,71.82,71.0845,651600
"2018-10-03",72.14,72.59,71.68,71.71,70.9756,1080100
"2018-10-04",71.71,72.06,71.16,71.6,70.8667,1152300
"2018-10-05",71.65,72.16,70.93,71.05,70.3224,855300
"2018-10-08",71,71.78,70.85,71.7,70.9657,1209700
"2018-10-09",71.53,71.53,70.3,70.33,69.6098,1034200
"2018-10-10",70.14,70.14,67.31,67.38,66.69,1654900
"2018-10-11",67.01,67.35,64.85,65.07,64.4036,1959900
"2018-10-12",65.96,66.48,63.9,65.07,64.4036,2176800
"2018-10-15",65.58,66.32,65.34,65.81,65.136,1593800
"2018-10-16",66.37,67.26,65.8,66.76,66.0763,2020800
"2018-10-17",66.75,66.93,64.65,64.78,64.1166,2709700
"2018-10-18",57.93,60.69,57.31,57.49,56.9013,13467200
"2018-10-19",57.86,58.5,56.61,56.75,56.1688,3724800
"2018-10-22",56.73,57.31,55.78,56.26,55.6838,3345400
"2018-10-23",55.17,55.79,54.27,55.23,54.6644,4279900
"2018-10-24",55.6,55.75,52.82,52.9,52.3583,3819200
"2018-10-25",53.61,54.29,53.05,53.63,53.0808,2599100
"2018-10-26",52.93,53.96,52.46,53.41,52.863,2022000
"2018-10-29",54.21,54.25,51.49,52.31,51.7743,2254800
"2018-10-30",52.35,53.57,52.24,53.45,52.9026,2021600
"2018-10-31",54,54.81,53.59,53.63,53.0808,2394600
"2018-11-01",53.76,55.31,53.47,55.01,54.4466,1897600
"2018-11-02",55.37,55.79,54.05,54.08,53.5262,2191800
"2018-11-05",54.21,55,54.12,54.83,54.2685,1580600
"2018-11-06",54.88,56.08,54.76,55.81,55.2385,2426600
"2018-11-07",56.26,57.23,55.76,57.2,56.6142,2298100
"2018-11-08",57.13,57.55,56.36,56.73,56.149,2891700
"2018-11-09",56.34,57.04,55.87,56.88,56.2975,1774400
"2018-11-12",56.92,56.92,55.06,55.14,54.5753,1677700
"2018-11-13",55.18,56.62,55.18,55.9,55.3275,1466800
"2018-11-14",56.29,56.87,55.63,56.01,55.4364,1997500
"2018-11-15",55.5,57.25,55.42,57.06,56.4757,1722900
"2018-11-16",56.59,57.24,56.36,56.6,56.0204,1568300
"2018-11-19",56.48,56.6,55.48,55.81,55.2385,1321300
"2018-11-20",54.68,55.17,53.55,54.67,54.1101,1721600
"2018-11-21",55.16,55.72,54.78,54.82,54.2586,1358400
"2018-11-23",54.26,55.5,54.26,55.1,54.5357,398400
"2018-11-26",55.51,55.79,54.85,55.53,54.9613,1039600
"2018-11-27",55.05,55.46,54.34,54.98,54.4169,996800
"2018-11-28",55.24,56.25,54.65,56.15,55.575,1275800
"2018-11-29",55.89,56.42,55.45,55.96,55.3869,1240300
"2018-11-30",55.67,56.48,55.42,56.14,55.5651,1713200
"2018-12-03",57.06,57.69,56.34,56.73,56.149,1477600
"2018-12-04",56.4,56.59,54.26,54.45,53.8924,2242800
"2018-12-06",53.34,53.43,51.2,53.01,52.4671,2920100
"2018-12-07",53.08,53.75,50.62,51.22,50.6955,2212800
"2018-12-10",51.13,51.7,49.83,51.2,50.6757,2131000
"2018-12-11",52.12,53.12,49.89,50.3,49.7849,2081800
"2018-12-12",51.08,51.99,50.81,51.01,50.4876,1648900
"2018-12-13",51.23,51.27,49.94,49.97,49.4777,1375200
"2018-12-14",49.37,50.15,49.19,49.47,48.9826,2958800
"2018-12-17",49.44,49.95,48.44,48.8,48.3192,2438900
"2018-12-18",49.4,49.85,48.56,48.94,48.4578,2079700
"2018-12-19",48.75,49.83,47.13,47.2,46.735,2797500
"2018-12-20",46.85,47.43,45.16,45.74,45.2893,3467500
"2018-12-21",45.63,46.42,45.16,45.51,45.0616,4671700
"2018-12-24",44.88,45.07,43.78,44.16,43.7249,1103900
"2018-12-26",44.5,45.32,43.27,45.27,44.824,2943800
"2018-12-27",44.64,45.9,44.28,45.9,45.4478,2417700
"2018-12-28",46.12,46.33,45.5,45.65,45.2002,2124200
"2018-12-31",45.81,46.2,45.46,45.99,45.5369,1648400
"2019-01-02",45.27,46.44,44.93,46.09,45.6359,1684200
"2019-01-03",45.7,46.05,44.73,44.92,44.4774,2318100
"2019-01-04",45.71,47.01,45.67,46.88,46.4181,2463400
"2019-01-07",46.76,47.11,46.18,46.43,45.9725,2291500
"2019-01-08",46.9,47.71,46.79,47.55,47.0815,1945500
"2019-01-09",47.55,48,47.21,47.28,46.8142,1795200
"2019-01-10",46.88,47.96,46.62,47.92,47.4478,1485100
"2019-01-11",47.64,48.13,47.25,48.01,47.537,1202200
"2019-01-14",47.6,48.27,47.49,48.02,47.5469,1964000
"2019-01-15",48.18,48.65,47.82,48.15,47.6756,2002300
"2019-01-16",48.15,48.3,47.2,48.03,47.5568,2234000
"2019-01-17",47.64,48.84,47.52,48.62,48.1409,2185500
"2019-01-18",49.12,49.69,49.07,49.4,48.9133,1695600
"2019-01-22",48.94,49.15,48.09,48.45,47.9726,1978000
"2019-01-23",48.97,49.76,48.62,49.17,48.6855,2807900
"2019-01-24",52.83,53.5,51.85,51.92,51.4084,5477500
"2019-01-25",52.69,52.94,51.8,52.6,52.0817,3556800
"2019-01-28",52.07,52.86,51.56,52.8,52.2798,2201900
"2019-01-29",52.8,53.58,52.65,52.75,52.2303,1723700
"2019-01-30",53.21,53.92,52.36,53.48,52.9531,1842600
"2019-01-31",53.3,53.49,52.8,53.23,52.7055,2040700
"2019-02-01",53.4,53.71,53.08,53.51,52.9828,1483000
"2019-02-04",53.57,53.91,53.43,53.66,53.1313,1699400
"2019-02-05",53.72,54.38,53.25,54.38,53.8442,1796200
"2019-02-06",54.33,54.69,54.04,54.11,53.5769,1673200
"2019-02-07",53.62,53.94,52.63,53.07,52.5471,1674700
"2019-02-08",52.75,53.09,52.28,52.58,52.0619,1768700
"2019-02-11",52.76,53.24,52.41,52.75,52.2303,1886600
"2019-02-12",53.26,53.99,53.23,53.79,53.26,1556500
"2019-02-13",54.12,54.67,54.02,54.55,54.0125,1602200
"2019-02-14",54.29,54.53,53.99,54,53.468,1546700
"2019-02-15",54.53,54.88,54.25,54.82,54.2799,1165400
"2019-02-19",54.72,54.73,54.29,54.6,54.062,1385700
"2019-02-20",54.6,55.21,54.33,54.99,54.4482,1347700
"2019-02-21",54.97,55.15,54.48,54.69,54.1511,1069100
"2019-02-22",54.98,55.14,54.72,55.06,54.5175,830400
"2019-02-25",55.47,55.64,54.88,55.03,54.4878,1562800
"2019-02-26",54.92,55.29,54.48,54.48,53.9432,1509000
"2019-02-27",54.46,54.88,54.02,54.72,54.1809,1146700
"2019-02-28",54.74,54.9,54.27,54.3,53.765,1330700
"2019-03-01",54.75,54.83,54.19,54.43,53.8937,1209100
"2019-03-04",54.75,55.14,53.77,54.12,53.5868,1716600
"2019-03-05",54.14,54.39,53.64,53.64,53.1115,1373600
"2019-03-06",53.64,53.83,52.85,52.85,52.3293,1319400
"2019-03-07",52.74,52.89,51.65,51.91,51.3986,1613400
"2019-03-08",51.5,51.55,50.9,51.1,50.5965,1671200
"2019-03-11",50.68,52.12,50.68,52.08,51.5669,1831600
"2019-03-12",52.13,52.43,51.82,51.93,51.4183,2275400
"2019-03-13",52.25,53.02,51.9,52.36,51.8441,2218500
"2019-03-14",52.32,52.5,51.45,51.78,51.2894,1664700
"2019-03-15",51.73,52.06,51.44,51.78,51.2894,2638600
"2019-03-18",51.85,52.6,51.69,52.53,52.0323,2070300
"2019-03-19",52.73,53.14,51.89,52.03,51.537,1790900
"2019-03-20",52.04,52.16,51.09,51.41,50.9229,1371600
"2019-03-21",51.32,51.98,51.29,51.86,51.3687,1029400
"2019-03-22",51.59,51.71,49.94,49.97,49.4966,1450700
"2019-03-25",49.94,50.36,49.64,49.9,49.4272,1256500
"2019-03-26",50.39,50.47,49.63,50,49.5263,1318900
"2019-03-27",49.95,50.39,49.57,49.78,49.3084,1451800
"2019-03-28",49.96,50.36,49.63,50.1,49.6253,1188400
"2019-03-29",50.5,50.82,50.45,50.66,50.18,1700100
"2019-04-01",51.17,52.01,51,51.58,51.0913,1106900
"2019-04-02",51.54,51.75,50.8,50.86,50.3781,1317900
"2019-04-03",51.1,51.3,50.14,50.47,49.9918,1795800
"2019-04-04",50.5,51.49,50.49,51.13,50.6456,1045500
"2019-04-05",51.17,51.61,51.09,51.46,50.9724,1815000
"2019-04-08",51.17,51.59,51,51.5,51.0121,1742500
"2019-04-09",51,51.12,50.38,50.44,49.9621,1223700
"2019-04-10",50.34,50.5,49.89,50.46,49.9819,1137100
"2019-04-11",50.56,51.03,50.55,50.77,50.289,1264100
"2019-04-12",51.33,51.73,51.31,51.64,51.1507,1402700
"2019-04-15",51.69,51.78,51.13,51.41,50.9229,1518200
"2019-04-16",51.71,52.38,51.66,52.14,51.646,2430300
"2019-04-17",55.02,58,54.02,54.23,53.7162,5908600
"2019-04-18",54.38,55.19,53.52,55.15,54.6275,3600700
"2019-04-22",54.81,55.07,53.82,53.92,53.4091,1715100
"2019-04-23",54.32,54.64,53.85,54.28,53.7657,1909200
"2019-04-24",54.55,54.84,54.18,54.23,53.7162,1938500
"2019-04-25",53.73,53.9,53.09,53.34,52.8346,1577300
"2019-04-26",53.4,53.81,53.27,53.6,53.0922,1281400
"2019-04-29",53.65,54,53.34,53.49,52.9832,998200
"2019-04-30",53.44,53.62,52.43,53,52.4979,1879100
"2019-05-01",53.19,53.74,52.84,52.86,52.3592,1408200
"2019-05-02",52.81,53.09,52.32,52.49,51.9927,1125700
"2019-05-03",52.74,53.35,52.57,53.3,52.795,1116300
"2019-05-06",52.31,53.34,51.87,53.19,52.6861,1402300
"2019-05-07",52.45,52.68,51.35,51.76,51.2696,1375800
"2019-05-08",51.83,52.35,51.61,51.74,51.2498,1409100
"2019-05-09",51.17,51.22,50.39,50.84,50.3583,1564900
"2019-05-10",50.5,51.64,50.01,51.49,51.0022,1309800
"2019-05-13",50.15,50.55,48.64,49.1,48.6348,1588800
"2019-05-14",49.35,50.54,49.13,50.09,49.6154,1895300
"2019-05-15",49.59,50.42,48.98,50.09,49.6154,1279400
"2019-05-16",50.29,51.23,50.19,50.98,50.497,1087100
"2019-05-17",50.45,50.45,49.07,49.1,48.6348,1532700
"2019-05-20",48.7,49.08,48.42,48.64,48.1792,1417200
"2019-05-21",49.13,49.92,48.89,49.42,48.9518,1400500
"2019-05-22",49.27,49.31,48.51,48.7,48.2386,1314300
"2019-05-23",47.97,47.99,46.51,47.43,46.9806,2951100
"2019-05-24",47.76,48,47.26,47.56,47.1094,1113500
"2019-05-28",47.6,47.74,46.72,46.79,46.3467,1402800
"2019-05-29",46.62,46.67,46,46.45,46.0099,921800
"2019-05-30",46.47,46.73,45.87,46.14,45.7028,927700
"2019-05-31",45.62,45.77,45.18,45.3,44.8708,1620100
"2019-06-03",45.21,46.69,45.21,46.31,45.8712,1498200
"2019-06-04",46.91,48.44,46.91,48.39,47.9315,1444900
"2019-06-05",48.79,48.83,47.81,48.54,48.0801,1180500
"2019-06-06",48.51,48.66,47.82,48.38,47.9216,874200
"2019-06-07",48.61,49.37,48.44,49.11,48.6447,919100
"2019-06-10",49.63,50.24,49.51,49.57,49.1004,1010700
"2019-06-11",50.09,50.22,48.57,48.66,48.199,1569200
"2019-06-12",48.42,48.91,48.25,48.75,48.2881,907700
"2019-06-13",48.92,49.73,48.71,49.73,49.2791,1096000
"2019-06-14",49.58,49.75,49.07,49.45,49.0016,1152000
"2019-06-17",49.53,49.77,49.05,49.27,48.8232,926700
"2019-06-18",49.6,51.03,49.6,50.97,50.5078,1250100
"2019-06-19",51.18,51.45,50.5,51.01,50.5474,1131300
"2019-06-20",51.64,52.51,51.49,52.47,51.9942,1435300
"2019-06-21",52.38,52.61,51.86,51.91,51.4393,2755500
"2019-06-24",51.75,52.19,51.57,51.81,51.3402,1146500
"2019-06-25",51.86,51.98,51.4,51.61,51.142,950800
"2019-06-26",51.71,51.74,51.34,51.39,50.924,1195700
"2019-06-27",51.43,52.01,51.43,51.87,51.3996,1182000
"2019-06-28",52.06,53.06,51.87,53.04,52.559,2563100
"2019-07-01",53.74,54.22,52.73,53.13,52.6482,1038000
"2019-07-02",53.12,53.12,52.6,52.87,52.3906,1145500
"2019-07-03",53.08,53.08,52.56,52.89,52.4104,619400
"2019-07-05",52.48,53.17,51.93,53.15,52.668,679600
"2019-07-08",52.77,53.15,52.29,52.68,52.2023,1383800
"2019-07-09",52.25,53.48,52.24,53.34,52.8563,1312200
"2019-07-10",53.36,53.7,52.42,52.42,51.9447,1808200
"2019-07-11",52.33,52.63,51.99,52.52,52.0438,1327200
"2019-07-12",52.65,53.65,52.61,53.61,53.1239,935900
"2019-07-15",53.36,53.71,52.98,53.43,52.9455,1014700
"2019-07-16",53.56,54.24,53.48,54.03,53.5401,2004900
"2019-07-17",52.5,53,48.87,48.88,48.4368,6683700
"2019-07-18",48.76,48.9,47.39,48.85,48.407,3470900
"2019-07-19",49.25,49.75,48.89,49.14,48.6944,2483300
"2019-07-22",49.09,49.8,49.08,49.78,49.3286,1686700
"2019-07-23",50.33,51.13,49.95,51.05,50.5871,1817600
"2019-07-24",50.99,52.13,50.54,52.11,51.6375,1446800
"2019-07-25",52.12,52.12,50.51,50.79,50.3294,2127900
"2019-07-26",50.73,50.74,50.01,50.04,49.5863,1268200
"2019-07-29",49.87,50.23,49.71,49.86,49.4079,1264300
"2019-07-30",49.61,50.38,49.39,50.34,49.8835,1444100
"2019-07-31",50.12,50.28,48.97,49.3,48.8529,1698800
"2019-08-01",49.14,49.42,47.83,48.01,47.5746,1929100
"2019-08-02",47.97,47.97,46.84,47.03,46.6035,1449400
"2019-08-05",46,47,45.67,46.65,46.227,2452800
"2019-08-06",47.15,47.52,46.57,47.48,47.0494,1412400
"2019-08-07",46.83,47.27,45.77,47.1,46.6729,1723800
"2019-08-08",47.49,48.32,47.41,48.25,47.8125,968200
"2019-08-09",48.05,48.15,46.71,46.77,46.3459,1469700
"2019-08-12",46.32,46.35,45.33,45.39,44.9784,1126500
"2019-08-13",45.61,46.56,45.21,45.39,44.9784,1874900
"2019-08-14",44.55,44.66,43,43.18,42.7884,1833000
"2019-08-15",43.27,43.53,42.53,43.36,42.9668,1904200
"2019-08-16",43.81,44.46,43.55,44.36,43.9577,3261200
"2019-08-19",45.15,45.61,44.85,45.2,44.7901,1167000
"2019-08-20",44.98,45.05,44.18,44.76,44.3541,1300900
"2019-08-21",45.39,45.48,44.93,45.08,44.6712,1087100
"2019-08-22",45.2,45.36,44.82,44.86,44.4532,717600
"2019-08-23",44.41,44.7,42.87,43.07,42.6794,1473000
"2019-08-26",43.68,43.75,42.82,43.31,42.9173,1201700
"2019-08-27",43.5,43.55,42.72,42.77,42.3822,911300
"2019-08-28",42.69,43.49,42.3,43.4,43.0065,844000
"2019-08-29",44,44.73,43.92,44.59,44.1857,758200
"2019-08-30",44.86,45.48,44.85,45,44.5919,1422700
"2019-09-03",44.55,44.58,43.26,43.64,43.2443,1433300
"2019-09-04",44.28,44.61,43.91,44.45,44.0469,1113800
"2019-09-05",45,46.46,45,46.29,45.8702,1771700
"2019-09-06",46.55,46.78,46.22,46.48,46.0585,1272500
"2019-09-09",46.66,48.05,46.53,47.95,47.5152,2031100
"2019-09-10",47.93,50.25,47.84,50.23,49.7745,2185300
"2019-09-11",50.25,51.32,49.06,51.18,50.7159,2188400
"2019-09-12",51.17,51.34,49.82,50.89,50.4482,1374600
"2019-09-13",51.28,52.12,51.11,51.4,50.9538,1125500
"2019-09-16",51.42,52.63,51.13,52.6,52.1434,1956300
"2019-09-17",52.4,52.87,51.93,52.84,52.3813,1656000
"2019-09-18",52.56,52.7,51.64,52.29,51.8361,1311500
"2019-09-19",52.32,52.53,51.38,51.43,50.9836,896000
"2019-09-20",51.83,51.83,50.72,50.93,50.4879,2182300
"2019-09-23",50.57,51.04,49.93,50.74,50.2995,1297000
"2019-09-24",50.83,51.23,50.07,50.59,50.1509,1553900
"2019-09-25",50.69,51.22,50.34,51.03,50.587,1048200
"2019-09-26",50.96,51,50.16,50.38,49.9427,893600
"2019-09-27",50.2,50.51,49.04,49.2,48.7729,1418100
"2019-09-30",49.35,49.62,48.66,48.96,48.535,1542000
"2019-10-01",49.37,49.8,47.69,47.9,47.4842,982600
"2019-10-02",47.23,47.44,46.05,46.7,46.2946,1186700
"2019-10-03",46.58,47.27,45.66,47.26,46.8498,813200
"2019-10-04",47.29,47.66,46.98,47.55,47.1372,639900
"2019-10-07",47.55,48.25,47.23,47.59,47.1769,995200
"2019-10-08",46.9,47.27,46.31,46.34,45.9377,1248700
"2019-10-09",46.95,47.03,46.55,46.76,46.3541,1032300
"2019-10-10",46.92,47.76,46.78,47.46,47.048,1091100
"2019-10-11",48.36,49.79,48.36,48.86,48.4359,1271200
"2019-10-14",48.67,49.64,48.49,49.55,49.1199,1160700
"2019-10-15",49.71,50.96,49.43,50.63,50.1905,1294500
"2019-10-16",50.43,51.19,50.22,50.47,50.0319,2012900
"2019-10-17",47.2,49.42,47.2,47.75,47.3355,3107600
"2019-10-18",47.75,48.1,46,46.01,45.6106,2459500
"2019-10-21",46.35,47.23,46.09,47.21,46.8002,2125800
"2019-10-22",46.26,47,45.94,46.64,46.2351,2488600
"2019-10-23",46.67,46.94,46.38,46.79,46.3839,1275800
"2019-10-24",46.9,46.98,46.27,46.75,46.3442,1276700
"2019-10-25",46.61,47.47,46.57,47.26,46.8498,999200
"2019-10-28",47.69,48.03,47.03,47.03,46.6218,1144100
"2019-10-29",46.85,47.64,46.67,47.11,46.7011,1333900
"2019-10-30",47.04,47.04,46.16,46.68,46.2748,1104700
"2019-10-31",46.35,46.57,45.37,46.09,45.6899,1111600
"2019-11-01",46.69,47.41,46.39,47.2,46.7903,2757800
"2019-11-04",47.76,48.34,47.75,48.17,47.7519,1653900
"2019-11-05",48.32,48.42,47.06,47.3,46.8894,1563400
"2019-11-06",47.29,47.44,46.46,46.93,46.5226,1498400
"2019-11-07",47.26,47.85,46.98,47.13,46.7209,1295200
"2019-11-08",46.96,46.96,46.31,46.61,46.2054,1322300
"2019-11-11",46.14,46.63,45.91,46.16,45.7593,1021200
"2019-11-12",45.98,46.81,45.96,46.41,46.0071,1272300
"2019-11-13",46.09,46.51,45.72,46.25,45.8485,1625800
"2019-11-14",46.1,46.48,46.07,46.34,45.9377,1584900
"2019-11-15",46.72,47.23,46.39,47.06,46.6515,1482600
"2019-11-18",46.74,46.98,46.18,46.53,46.1261,1637000
"2019-11-19",46.9,47.06,46.49,46.62,46.2153,1178200
"2019-11-20",46.48,46.58,45.87,45.99,45.5908,1657900
"2019-11-21",45.98,46.42,45.77,46.22,45.8188,1323400
"2019-11-22",46.53,46.96,46.16,46.28,45.8783,1275500
"2019-11-25",46.55,46.99,46.31,46.66,46.255,1447700
"2019-11-26",46.57,47.14,46.29,47,46.592,3013200
"2019-11-27",47,47.25,46.45,46.73,46.3244,870300
"2019-11-29",46.67,46.73,46.18,46.24,45.8386,594100
"2019-12-02",46.62,46.79,45.94,46.04,45.6403,1809200
"2019-12-03",45.55,45.55,44.7,45.29,44.8969,1937900
"2019-12-04",45.49,46.12,45.01,45.04,44.649,1617800
"2019-12-05",45.31,45.6,44.69,44.97,44.5796,2132700
"2019-12-06",45.5,45.89,45.09,45.17,44.7779,1905000
"2019-12-09",45.11,45.33,44.05,44.41,44.0245,2800100
"2019-12-10",44.4,44.57,44.08,44.14,43.7568,1739200
"2019-12-11",44,44.35,43.76,43.95,43.5685,1105200
"2019-12-12",43.8,44.49,43.69,44.41,44.0445,1913600
"2019-12-13",44.31,44.67,43.26,43.45,43.0924,1620800
"2019-12-16",43.75,44.66,43.75,44.08,43.7173,3646200
"2019-12-17",44.05,44.52,43.9,44.44,44.0743,1572500
"2019-12-18",44.43,44.5,42.93,43.82,43.4594,2328200
"2019-12-19",43.71,44.74,43.69,44.67,44.3024,1472100
"2019-12-20",45.01,45.41,44.78,45.2,44.828,3439400
"2019-12-23",45.5,45.7,45.17,45.57,45.195,1882600
"2019-12-24",45.74,45.74,44.97,45.04,44.6694,361000
"2019-12-26",45.12,45.27,44.86,45.05,44.6793,566300
"2019-12-27",45.06,45.15,44.19,44.36,43.995,978900
"2019-12-30",44.37,44.85,44.16,44.49,44.1239,1472200
"2019-12-31",44.53,44.76,44.19,44.6,44.233,1050200
"2020-01-02",45.05,45.5,44.61,45.48,45.1057,1570200
"2020-01-03",44.83,45.25,44.5,44.74,44.3718,1670600
"2020-01-06",44.61,44.8,44.33,44.78,44.4115,1333100
"2020-01-07",44.35,44.96,44.14,44.76,44.3917,1024500
"2020-01-08",44.66,44.86,44.11,44.17,43.8065,2072500
"2020-01-09",44.39,45.29,43.98,45.15,44.7785,1444300
"2020-01-10",45.11,45.36,44.26,44.29,43.9255,1136500
"2020-01-13",44.58,45.2,44.11,45.04,44.6694,1549600
"2020-01-14",44.96,45.73,44.91,45.35,44.9768,1319300
"2020-01-15",45.04,45.44,44.97,45.34,44.9669,969600
"2020-01-16",45.63,46.05,45.5,46,45.6215,1835100
"2020-01-17",46.25,46.66,45.95,46.12,45.7405,1583800
"2020-01-21",45.89,46.13,45.08,45.5,45.1256,1359200
"2020-01-22",45.27,45.4,44.56,44.58,44.2132,1079600
"2020-01-23",44.25,45.13,43.72,45.1,44.7289,2368800
"2020-01-24",45.34,45.34,44.25,44.7,44.3322,1019000
"2020-01-27",43.73,44.86,43.62,44.7,44.3322,1978600
"2020-01-28",44.98,46.12,44.72,45.7,45.3239,2433900
"2020-01-29",47.46,47.67,46.27,47.1,46.7124,3707900
"2020-01-30",46.52,47.18,45.48,46.93,46.5438,2313700
"2020-01-31",46.59,46.8,45.85,45.93,45.552,2376400
"2020-02-03",46.21,46.92,46.06,46.29,45.9091,1647400
"2020-02-04",46.82,51.32,46.65,50.9,50.4811,6613500
"2020-02-05",51.2,51.53,50.66,50.93,50.5109,3244600
"2020-02-06",51.27,51.29,50.29,50.68,50.2629,1306100
"2020-02-07",50.3,51.16,50.09,50.75,50.3324,1410800
"2020-02-10",50.51,50.82,50.22,50.46,50.0448,981900
"2020-02-11",50.84,51,49.44,49.5,49.0927,1202800
"2020-02-12",49.96,50.25,49.14,49.18,48.7753,2400000
"2020-02-13",48.93,49.23,47.92,48,47.605,2104800
"2020-02-14",48.06,48.16,47.68,48.08,47.6843,979200
"2020-02-18",47.66,48.02,47.48,47.64,47.248,1906200
"2020-02-19",47.85,47.94,47.19,47.23,46.8413,1179500
"2020-02-20",47.02,47.85,46.96,47.63,47.238,1050400
"2020-02-21",47.25,47.68,46.75,47.36,46.9703,1006000
"2020-02-24",45.85,46.25,45.57,45.88,45.5024,1335100
"2020-02-25",46.06,46.06,43.01,43.14,42.785,1829600
"2020-02-26",43.58,43.58,41.63,41.85,41.5056,2520100
"2020-02-27",40.91,42.12,39.45,40.88,40.5436,3015800
"2020-02-28",39.35,40.6,38.41,40.6,40.2659,2953300
"2020-03-02",40.84,41.77,39.47,41.77,41.4263,2016500
"2020-03-03",41.68,42.82,40.48,40.5,40.1667,1861800
"2020-03-04",41.16,41.48,40.06,40.98,40.6428,1481100
"2020-03-05",39.48,39.67,36.88,37.17,36.8641,1882100
"2020-03-06",35.75,36.61,35.13,35.97,35.674,1977800
"2020-03-09",32.84,33.39,30,31.03,30.7746,3038800
"2020-03-10",32.44,34.09,29.77,34.09,33.8095,2604600
"2020-03-11",32.73,33.2,30.07,30.24,29.9911,3079700
"2020-03-12",27.85,27.85,24.34,25.06,24.8702,3782600
"2020-03-13",26.9,29.14,26.07,29.12,28.8995,3710200
"2020-03-16",26.5,28.1,26.01,26.9,26.6963,2899300
"2020-03-17",27.39,28.13,23.29,28.1,27.8872,3305800
"2020-03-18",25.51,27.37,24,25.79,25.5947,3213400
"2020-03-19",24.91,26.26,22.05,25.45,25.2573,3548800
"2020-03-20",25.78,26.02,22.14,22.29,22.1212,2608900
"2020-03-23",22.01,22.98,20.26,21.66,21.496,3778500
"2020-03-24",23.15,24,21.25,22.98,22.806,5064600
"2020-03-25",23.85,27.28,23.55,26.03,25.8329,5285400
"2020-03-26",26.74,29.38,26.07,29.23,29.0086,3855200
"2020-03-27",27.75,28.56,26.45,26.69,26.4879,2040200
"2020-03-30",26.2,27.9,25.57,27.67,27.4605,1856300
"2020-03-31",27.11,28.46,26.39,26.67,26.468,1876200
"2020-04-01",25,25.67,24.18,24.86,24.6717,1868100
"2020-04-02",24.36,26.66,23.85,24.5,24.3145,2204700
"2020-04-03",24.47,25.37,24.3,24.85,24.6618,1639700
"2020-04-06",26.56,27.83,26.18,27.34,27.133,2532600
"2020-04-07",29.3,29.66,26.5,26.62,26.4184,1631400
"2020-04-08",27.14,28.21,26.72,27.89,27.6788,1997000
"2020-04-09",28.62,30.13,28.1,29.44,29.2171,2203700
"2020-04-13",29.42,29.6,26.72,27.44,27.2322,1282600
"2020-04-14",28.02,28.38,27.25,27.45,27.2421,1261400
"2020-04-15",26.52,26.81,25.22,25.89,25.6939,1304700
"2020-04-16",25.68,25.76,24.38,24.73,24.5427,1592900
"2020-04-17",26.05,27.84,26.02,27.75,27.5399,2383200
"2020-04-20",26.78,27.72,25.99,26.67,26.468,1251700
"2020-04-21",25.68,26.38,25.55,26.15,25.952,1295200
"2020-04-22",26.9,27.09,26.4,26.61,26.4085,1396500
"2020-04-23",27.09,28.16,26.88,27.82,27.6093,2053300
"2020-04-24",28,28.31,26.95,27.03,26.8253,1810200
"2020-04-27",27.22,28.38,26.99,28.16,27.9468,1377300
"2020-04-28",29.04,29.97,28.51,29.02,28.8002,1003400
"2020-04-29",30,30.69,29.61,30.02,29.7927,1576400
"2020-04-30",28.77,29.05,26.07,26.36,26.1604,3404400
"2020-05-01",25.61,26.39,25.37,26.22,26.0214,2524700
"2020-05-04",25.89,25.89,24.76,25.64,25.4458,2952000
"2020-05-05",26.06,26.88,25.26,25.3,25.1084,1752700
"2020-05-06",25.42,25.68,24.64,25.07,24.8802,2307100
"2020-05-07",25.6,26.66,25.44,25.68,25.4855,1455900
"2020-05-08",26.24,27.38,26,27.3,27.0933,1320400
"2020-05-11",26.77,26.84,25.42,25.82,25.6245,1695100
"2020-05-12",26.18,26.5,24.83,24.84,24.6519,1381700
"2020-05-13",24.48,24.53,23.13,23.38,23.203,1588400
"2020-05-14",22.75,24.1,21.92,23.97,23.7885,1679500
"2020-05-15",23.58,24.51,23.32,24.2,24.0167,1519600
"2020-05-18",25.73,27.54,25.47,27.19,26.9841,2208700
"2020-05-19",27.14,27.54,26.33,26.49,26.2894,975000
"2020-05-20",26.88,27.67,26.88,27.33,27.123,1032500
"2020-05-21",27.31,27.75,26.91,26.95,26.7459,1228400
"2020-05-22",27.35,27.35,26.42,26.91,26.7062,936700
"2020-05-26",28.5,30.64,28.44,30.02,29.7927,2080500
"2020-05-27",31.19,31.92,30.18,31.45,31.2118,2211300
"2020-05-28",32.04,32.13,30.65,31.02,30.7851,2147300
"2020-05-29",30.42,31.34,29.77,30.97,30.7355,2788200
"2020-06-01",30.88,31.71,30.73,31.55,31.3111,1239700
"2020-06-02",31.83,32.65,31.55,31.9,31.6584,1734000
"2020-06-03",32.96,34.91,32.79,34.74,34.4769,1820100
"2020-06-04",34.77,36.99,34.04,36.97,36.69,2247300
"2020-06-05",39.29,40.42,38.39,39.12,38.8237,2882800
"2020-06-08",41.09,41.38,40.09,40.55,40.2429,2392100
"2020-06-09",38.38,39.23,37.78,38.51,38.2184,1584200
"2020-06-10",37.88,38,35.34,35.36,35.0922,2114900
"2020-06-11",32.5,33.08,31.56,31.63,31.4082,2528100
"2020-06-12",33.75,34.25,32.51,34.15,33.9106,3202100
"2020-06-15",32.1,34.41,32.03,33.84,33.6028,1804500
"2020-06-16",35.98,36.24,33.99,34.98,34.7348,1348900
"2020-06-17",34.8,35.13,34.34,34.59,34.3475,1096700
"2020-06-18",34,35.56,33.83,35.01,34.7645,1288200
"2020-06-19",35.87,35.96,33.92,34.51,34.268,4112800
"2020-06-22",34.13,34.39,33.4,34.09,33.851,1753500
"2020-06-23",34.37,34.61,33.85,33.98,33.7418,1464400
"2020-06-24",33.09,33.33,32.13,32.43,32.2026,1653900
"2020-06-25",32.02,33.09,31.71,33,32.7686,1273600
"2020-06-26",32.61,32.73,31.29,31.86,31.6366,2849000
"2020-06-29",32.78,33.61,32.19,33.37,33.136,1322100
"2020-06-30",33.01,33.41,32.54,32.91,32.6792,1513900
"2020-07-01",33.05,33.75,31.85,31.92,31.6962,1491900
"2020-07-02",32.83,33.7,32.36,32.45,32.2225,1007100
"2020-07-06",33.36,33.75,32.65,33.22,32.9871,971300
"2020-07-07",32.74,32.9,31.45,31.49,31.2692,1034200
"2020-07-08",31.42,31.99,31.13,31.71,31.4877,1085900
"2020-07-09",31.37,31.69,30.06,30.13,29.9187,1708100
"2020-07-10",30.34,31.33,30.15,31.06,30.8422,1778500
"2020-07-13",31.56,32.64,30.9,32.03,31.8054,1501700
"2020-07-14",31.8,32.89,31.54,32.61,32.3814,951900
"2020-07-15",33.48,33.91,33.07,33.66,33.424,1282400
"2020-07-16",33.21,34.01,32.6,33.51,33.2751,782300
"2020-07-17",33.6,33.8,33.05,33.44,33.2055,971400
"2020-07-20",33.5,33.5,32.45,32.99,32.7587,1228300
"2020-07-21",33.33,34.47,33.15,34.01,33.7715,1913100
"2020-07-22",33.69,34.54,33.35,34.35,34.1092,730000
"2020-07-23",34,35,33.92,34.61,34.3673,1010200
"2020-07-24",34.73,34.99,34.28,34.35,34.1092,1251900
"2020-07-27",34.18,34.52,33.67,34.18,33.9403,737500
"2020-07-28",34.09,34.52,33.96,34.2,33.9602,907100
"2020-07-29",34.27,34.46,34.06,34.27,34.0297,1043200
"2020-07-30",34.47,37.09,34.3,35.14,34.8936,2209900
"2020-07-31",35.71,35.71,34.18,34.94,34.695,1805900
"2020-08-03",34.97,36,34,35.9,35.6483,1410000
"2020-08-04",35.8,36.3,35.59,35.91,35.6582,1223000
"2020-08-05",36.4,36.92,35.96,36.5,36.2441,1298300
"2020-08-06",36.41,37.34,36.32,37.03,36.7704,1593400
"2020-08-07",36.98,37.61,36.78,37.58,37.3165,990300
"2020-08-10",37.68,38.93,37.68,38.86,38.5875,1045400
"2020-08-11",39.95,40.35,38.54,38.68,38.4088,1627500
"2020-08-12",39.29,39.39,37.64,38.19,37.9222,1607600
"2020-08-13",37.69,38.28,37.22,37.39,37.1279,727400
"2020-08-14",37.03,38.83,37.01,38.49,38.2202,1938800
"2020-08-17",38.73,38.89,37.71,37.84,37.5747,1611200
"2020-08-18",37.63,37.85,37.18,37.24,36.9789,1204600
"2020-08-19",37.29,38.16,37.07,37.71,37.4456,1071000
"2020-08-20",37.14,37.54,37.12,37.42,37.1576,859800
"2020-08-21",37.28,37.73,37.26,37.6,37.3364,1070400
"2020-08-24",37.74,39.3,37.74,39.29,39.0145,1105500
"2020-08-25",39.63,39.72,38.46,38.66,38.389,706900
"2020-08-26",38.38,38.92,38.03,38.83,38.5578,868400
"2020-08-27",38.84,39.9,38.84,39.32,39.0443,850900
"2020-08-28",39.38,39.99,39.34,39.97,39.6898,626900
"2020-08-31",40,40,39.25,39.43,39.1535,1364300
"2020-09-01",38.94,39.54,38.76,39.4,39.1238,1767500
"2020-09-02",39.5,40.67,39.41,40.61,40.3253,1611100
"2020-09-03",40.82,41.08,38.7,39.01,38.7365,1089600
"2020-09-04",39.79,40.05,38.69,38.94,38.667,1417500
"2020-09-08",38.59,38.76,37.63,38.27,38.0017,1643400
"2020-09-09",38.57,38.94,38.19,38.53,38.2599,1029000
"2020-09-10",38.55,39.2,38.48,38.52,38.2698,1101000
"2020-09-11",38.63,39.16,38.4,38.74,38.4884,1214200
"2020-09-14",39,39.51,38.66,39.33,39.0745,1112600
"2020-09-15",39.39,39.59,38.77,39.07,38.8162,922900
"2020-09-16",39.1,40.12,38.83,39.61,39.3527,1498700
"2020-09-17",39.05,39.5,38.6,39.11,38.856,1599800
"2020-09-18",38.78,39.28,37.48,37.65,37.4054,2979900
"2020-09-21",36.56,36.74,35.23,35.67,35.4383,1530600
"2020-09-22",35.8,36.38,35.28,35.6,35.3688,1079800
"2020-09-23",35.8,36.33,34.77,34.8,34.574,1184900
"2020-09-24",34.65,35.44,33.76,34.68,34.4547,1413900
"2020-09-25",34.28,35.51,34.23,35.27,35.0409,819700
"2020-09-28",36.07,37.17,36.07,36.81,36.5709,956000
"2020-09-29",36.57,37.09,36.42,36.77,36.5312,968200
"2020-09-30",36.86,37.4,35.83,36.09,35.8556,1101200
"2020-10-01",35.63,36.55,34.78,35.11,34.882,1580200
"2020-10-02",34.29,36.44,34.18,35.72,35.488,1643800
"2020-10-05",36.26,36.73,36.04,36.4,36.1636,669200
"2020-10-06",36.8,37.08,35.65,35.72,35.488,976500
"2020-10-07",36.21,36.59,35.92,36.44,36.2033,1454400
"2020-10-08",36.77,37.24,36.26,37.02,36.7795,1033600
"2020-10-09",37.49,37.66,36.69,36.76,36.5212,887700
"2020-10-12",36.66,36.97,36.33,36.87,36.6305,1049700
"2020-10-13",36.46,36.6,35.67,35.99,35.7562,648700
"2020-10-14",35.83,36.5,35.77,35.99,35.7562,2064300
"2020-10-15",35.57,36.45,35.11,36.34,36.104,1257300
"2020-10-16",36.69,36.86,36.16,36.27,36.0344,968700
"2020-10-19",36.5,36.59,35.28,35.49,35.2595,771700
"2020-10-20",35.87,36.13,34.92,34.98,34.7528,1269800
"2020-10-21",34.7,35.01,34.42,34.53,34.3057,947600
"2020-10-22",34.55,34.95,34.37,34.86,34.6336,785900
"2020-10-23",35.26,35.77,34.97,35.19,34.9614,1321600
"2020-10-26",34.57,34.59,33.15,34.01,33.7891,1000600
"2020-10-27",33.76,34.01,32.94,32.95,32.736,1903800
"2020-10-28",32.14,33.16,31.82,32.09,31.8816,2236100
"2020-10-29",32.33,34.63,32.2,34.07,33.8487,2266100
"2020-10-30",34.13,35.81,34.13,35.8,35.5675,2022600
"2020-11-02",36.31,37.82,35.99,37.72,37.475,1554400
"2020-11-03",38.36,39.8,38.07,39.44,39.1838,1525300
"2020-11-04",38.84,39.72,37.82,38.06,37.8128,1440800
"2020-11-05",38.23,39.02,38.23,38.77,38.5182,1267200
"2020-11-06",38.52,39.15,38.41,38.83,38.5778,850300
"2020-11-09",43.76,45.02,42,42.49,42.214,3750900
"2020-11-10",42.77,44.29,42.49,43.89,43.6049,1311000
"2020-11-11",43.88,43.92,41.71,41.85,41.5782,1385800
"2020-11-12",41.24,42.53,41.01,41.55,41.2801,1213800
"2020-11-13",42.11,43.69,42,43.53,43.2472,817500
"2020-11-16",45,45.77,44.19,45.76,45.4628,1728900
"2020-11-17",45.97,46.44,45.06,45.6,45.3038,1621900
"2020-11-18",46,46.9,45.71,46.01,45.7111,959600
"2020-11-19",45.34,45.52,44.73,45.45,45.1548,829700
"2020-11-20",45.19,45.21,44.34,44.81,44.5189,1145700
"2020-11-23",45.27,46.73,45.15,46.47,46.1682,1065900
"2020-11-24",47.49,48.96,47.05,48.49,48.175,1365000
"2020-11-25",48.54,48.54,46.92,47.2,46.8934,1206400
"2020-11-27",47.38,47.52,46.64,46.87,46.5656,627500
"2020-11-30",46.43,46.9,45,45.1,44.807,1653200
"2020-12-01",46.38,46.72,45.6,45.63,45.3336,1292500
"2020-12-02",45.2,46.45,44.72,46.13,45.8304,930700
"2020-12-03",46.33,47.98,46.13,47.32,47.0126,1258400
"2020-12-04",47.5,48.14,47.34,47.8,47.4895,1000100
"2020-12-07",47.59,47.83,47.18,47.7,47.3902,1168600
"2020-12-08",47.3,48.24,47.3,48.16,47.8472,1079600
"2020-12-09",48.38,48.81,47.97,48.07,47.7578,1061200
"2020-12-10",47.29,48.21,47.18,48.03,47.7379,1365600
"2020-12-11",47.77,48.05,47.1,47.63,47.3403,921900
"2020-12-14",48.2,48.25,46.72,46.74,46.4557,1009900
"2020-12-15",47.03,48.11,46.51,48.06,47.7677,961200
"2020-12-16",48.13,48.13,46.71,46.74,46.4557,1071800
"2020-12-17",46.94,47.28,46.67,46.99,46.7042,800900
"2020-12-18",46.82,47.59,46.74,47.37,47.0819,2240500
"2020-12-21",46.49,47.46,46,47.12,46.8334,925000
"2020-12-22",47.17,47.49,46.8,46.82,46.5352,707300
"2020-12-23",47.17,48.62,47.17,48.31,48.0162,722900
"2020-12-24",48.44,48.5,47.87,48.07,47.7776,197500
"2020-12-28",48.36,48.95,47.56,47.7,47.4099,559800
"2020-12-29",47.99,48.01,46.96,47.51,47.221,654100
"2020-12-30",47.55,48.81,47.51,48.44,48.1454,822100
"2020-12-31",48.36,48.42,47.88,48.33,48.0361,470900
"2021-01-04",48.16,48.47,46.1,46.38,46.0979,975200
"2021-01-05",46.57,47.4,46.45,47.03,46.744,1047200
"2021-01-06",47.46,48.32,47.06,47.6,47.3105,1253100
"2021-01-07",47.04,48.93,46.7,48.8,48.5032,1319500
"2021-01-08",48.7,48.84,47.37,48.42,48.1255,702700
"2021-01-11",47.71,48.88,47.6,48.59,48.2945,1153500
"2021-01-12",48.64,50.32,48.22,49.75,49.4474,1160600
"2021-01-13",49.5,49.65,48.18,48.94,48.6423,772600
"2021-01-14",49.36,50.86,49.21,50.19,49.8848,1056500
"2021-01-15",49.7,49.95,48.74,48.94,48.6423,968500
"2021-01-19",49.52,50.09,49.09,49.37,49.0697,687100
"2021-01-20",49.59,49.9,49.29,49.63,49.3282,603200
"2021-01-21",49.28,49.91,48.86,49.16,48.861,694100
"2021-01-22",48.73,49.91,48.13,49.73,49.4276,1131500
"2021-01-25",49.27,50.46,48.8,49.96,49.6561,2005100
"2021-01-26",50.48,50.65,49.35,49.59,49.2884,2300700
"2021-01-27",48.5,49.94,45.61,45.89,45.6109,2088300
"2021-01-28",46.04,47.52,46,46.91,46.6247,1447800
"2021-01-29",46.61,46.76,45.16,45.26,44.9847,1430100
"2021-02-01",45.7,45.7,44.36,45.34,45.0642,1065400
"2021-02-02",45.99,46.64,45.68,45.9,45.6208,978300
"2021-02-03",45.6,46.47,45.36,46.3,46.0184,652600
"2021-02-04",46.44,47.47,46.39,47.28,46.9924,1046400
"2021-02-05",47.89,48.52,47.42,48.06,47.7677,944000
"2021-02-08",48.5,49.81,48.5,49.74,49.4375,987800
"2021-02-09",49.4,49.91,49.05,49.28,48.9803,547000
"2021-02-10",49.34,49.64,48.57,49.32,49.02,718600
"2021-02-11",49.44,50.67,49.26,50.64,50.332,1087800
"2021-02-12",50.36,51.13,50.36,50.89,50.5805,817300
"2021-02-16",50.91,51.44,50.67,51.3,50.988,771800
"2021-02-17",51.34,51.34,50.61,50.78,50.4712,1141900
"2021-02-18",50.26,50.33,49,49.03,48.7318,873200
"2021-02-19",49.49,50.85,49.48,50.81,50.501,1259800
"2021-02-22",50.5,51.68,50.29,50.61,50.3022,1412200
"2021-02-23",50.82,52.21,50.15,52.2,51.8825,1293600
"2021-02-24",52.02,53.91,52.02,53.48,53.1547,1002300
"2021-02-25",53.3,53.68,50.37,50.57,50.2624,1151600
"2021-02-26",50.43,51.04,49.38,50.34,50.0338,1564900
"2021-03-01",51.37,52.07,51,51.56,51.2464,1097800
"2021-03-02",51.34,51.86,51.09,51.43,51.1172,802000
"2021-03-03",51.4,52.54,51.04,51.07,50.7594,1150000
"2021-03-04",51.17,51.46,48.83,50,49.6959,1175800
"2021-03-05",50.81,52.17,48.83,51.91,51.5943,990500
"2021-03-08",52.33,53.29,51.73,52.12,51.803,1187900
"2021-03-09",52.74,52.74,50.94,50.99,50.6799,971500
"2021-03-10",51.03,52.98,51.03,52.75,52.4292,915100
"2021-03-11",52.72,54.16,52.65,53.22,52.9164,1251900
"2021-03-12",53.56,55.7,53.49,55.06,54.7459,3821900
"2021-03-15",55.43,55.5,54.25,55.3,54.9845,1110500
"2021-03-16",55.14,55.14,53.48,53.91,53.6024,869000
"2021-03-17",54.14,55.63,53.9,55.43,55.1138,1078000
"2021-03-18",55.4,57.04,55.15,55.35,55.0342,1305400
"2021-03-19",55.08,55.8,53.48,55.31,54.9945,1909100
"2021-03-22",54.95,55.22,53.64,54.42,54.1095,816300
"2021-03-23",53.88,54.29,51.92,52.18,51.8823,1122800
"2021-03-24",52.98,54.19,52.56,52.57,52.2701,744100
"2021-03-25",52.18,54.29,51.72,54.17,53.861,869200
"2021-03-26",54.5,54.74,53.65,54.7,54.3879,898800
"2021-03-29",54.61,55.43,53.82,53.96,53.6522,1036000
"2021-03-30",54.22,55.54,53.78,55.29,54.9746,1222100
"2021-03-31",56.5,57.23,55.84,56.08,55.7601,1294000
"2021-04-01",55.99,57.06,55.79,57.03,56.7046,926900
"2021-04-05",57.48,58.02,57.26,57.56,57.2316,772900
"2021-04-06",57.12,57.92,56.8,56.88,56.5555,953300
"2021-04-07",57.06,57.12,56.52,57.07,56.7444,691100
"2021-04-08",58.74,58.75,57.26,57.89,57.5597,1441700
"2021-04-09",58,58.45,57.29,58.38,58.0469,935600
"2021-04-12",58.12,58.47,57.41,58.43,58.0967,556700
"2021-04-13",58.04,58.24,56.9,57.91,57.5796,972600
"2021-04-14",58.1,59.31,58.1,58.57,58.2359,904200
"2021-04-15",58.6,58.99,57.71,57.93,57.5995,954100
"2021-04-16",58.49,58.78,57.78,58.54,58.206,924900
"2021-04-19",60,60,58.45,59.06,58.7231,1335700
"2021-04-20",58.56,58.86,57.32,58.22,57.8879,1664900
"2021-04-21",57.74,59.36,57.52,59.2,58.8623,1173300
"2021-04-22",59.37,59.93,58.62,59.09,58.7529,897400
"2021-04-23",59.09,60.63,58.83,60.43,60.0853,842200
"2021-04-26",60.79,61.35,60.79,60.9,60.5526,757000
"2021-04-27",60.96,61.72,60.79,61.18,60.831,889900
"2021-04-28",61,61.9,60.75,61.75,61.3977,1388100
"2021-04-29",62.76,63.56,61.86,63.14,62.7798,1351700
"2021-04-30",63.1,64.49,62.91,64.24,63.8735,1761700
"2021-05-03",64.84,65.86,64.15,65.56,65.186,1888600
"2021-05-04",65.36,65.78,64.34,65.5,65.1263,1253800
"2021-05-05",65.29,66.03,64.63,65.7,65.3252,1229700
"2021-05-06",66.1,67.35,65.85,67.31,66.926,1492500
"2021-05-07",66.65,68.18,66.01,68.08,67.6916,1350100
"2021-05-10",68.39,69.16,67.94,68.05,67.6618,1052500
"2021-05-11",67.19,67.78,66.03,67.13,66.747,1507500
"2021-05-12",66.93,67.32,64.15,64.31,63.9431,1315400
"2021-05-13",64.39,67.22,63.88,66.71,66.3294,1083200
"2021-05-14",67.23,68.23,66.91,67.99,67.6021,1262400
"2021-05-17",67.57,68.49,67.1,68.29,67.9004,900500
"2021-05-18",68.31,68.55,66.33,66.38,66.0013,1201500
"2021-05-19",65.6,66.6,64.89,66.5,66.1206,1525300
"2021-05-20",66.66,67.42,66.19,67.17,66.7868,843400
"2021-05-21",67.56,68.3,66.43,66.61,66.23,1370500
"2021-05-24",67.17,67.64,66.67,67.41,67.0254,814700
"2021-05-25",67.4,68.17,66.86,66.89,66.5084,1078400
"2021-05-26",66.92,67.65,66.6,67.43,67.0453,1337700
"2021-05-27",68.18,68.63,67.71,68.53,68.139,2601300
"2021-05-28",68.52,68.89,68.11,68.47,68.0794,996800
"2021-06-01",69,69.62,68.73,69.06,68.666,1165500
"2021-06-02",69.23,69.23,67.88,68.55,68.1589,1181500
"2021-06-03",68.16,68.77,67.76,68.39,67.9998,1459900
"2021-06-04",68.75,69.27,68.15,69.1,68.7058,1098900
"2021-06-07",69.25,70,69.08,69.97,69.5708,1112900
"2021-06-08",70,70.68,69.47,70.28,69.8791,1280200
"2021-06-09",69.6,69.93,68.94,69.06,68.666,1454400
"2021-06-10",69.7,69.7,67.81,68.22,67.8505,906300
"2021-06-11",68.59,68.88,67.46,68.38,68.0096,2277500
"2021-06-14",67.97,68.19,66.6,67.15,66.7863,1031400
"2021-06-15",67.79,68.97,67.21,68.69,68.3179,1193400
"2021-06-16",68.24,68.79,67.39,67.81,67.4427,1201400
"2021-06-17",68.04,68.15,65.01,65.61,65.2546,1363200
"2021-06-18",64.56,64.75,63.7,63.84,63.4942,3221200
"2021-06-21",64.7,66.21,64.32,66.09,65.732,1064000
"2021-06-22",66.05,66.12,64.89,65.59,65.2347,952200
"2021-06-23",66.07,66.77,65.36,66.05,65.6922,1218700
"2021-06-24",66.47,67.01,65.65,66.7,66.3387,821000
"2021-06-25",67.07,67.87,66.76,67.19,66.826,1171000
"2021-06-28",66.97,67.43,66.07,67.2,66.836,875200
"2021-06-29",70,70.14,67.54,67.56,67.194,2020800
"2021-06-30",67.27,68.96,67.26,68.77,68.3975,1074000
"2021-07-01",68.97,69.21,68.46,69.05,68.676,1097700
"2021-07-02",69.2,69.32,68.47,69.04,68.666,708600
"2021-07-06",68.72,69.21,66.88,67.31,66.9454,1410300
"2021-07-07",66.86,68.01,66.36,67.83,67.4626,1323900
"2021-07-08",66.6,67.3,65.78,66.33,65.9707,1186000
"2021-07-09",67.46,68.38,67.27,67.7,67.3333,845200
"2021-07-12",66.9,68.02,66.33,67.92,67.5521,986400
"2021-07-13",67.72,68.05,66.66,66.69,66.3288,675700
"2021-07-14",66.85,67.51,65.74,66.6,66.2392,889000
"2021-07-15",65.76,67.69,65.76,66.9,66.5376,1225700
"2021-07-16",68.62,68.85,65.94,66.28,65.921,1643000
"2021-07-19",64.34,64.8,63.28,63.55,63.2057,1395600
"2021-07-20",64.14,67.28,63.69,67.07,66.7067,1481700
"2021-07-21",67.8,69.05,67.66,68.66,68.2881,941500
"2021-07-22",68.71,68.71,67.68,68.16,67.7908,853300
"2021-07-23",68.66,68.91,67.62,68.03,67.6615,711600
"2021-07-26",68.05,68.91,67.42,68.14,67.7709,1212200
"2021-07-27",67.72,69.12,67.34,68.66,68.2881,736700
"2021-07-28",68.66,69.91,68.51,69.1,68.7257,1337400
"2021-07-29",69.5,69.56,67.14,69.29,68.9146,1385400
"2021-07-30",68.93,69.16,68.05,69.01,68.6362,1357300
"2021-08-02",69.61,72.31,69.6,69.69,69.3125,1703900
"2021-08-03",69.97,71.76,68.21,71.67,71.2818,1794200
"2021-08-04",70.62,72.25,70.1,70.1,69.7203,1847800
"2021-08-05",70.65,72.38,70.58,71.66,71.2718,1302200
"2021-08-06",72.33,72.79,71.52,72.61,72.2167,981300
"2021-08-09",71.95,72.8,71.51,72.24,71.8487,981200
"2021-08-10",72.14,73.78,72.05,73.24,72.8433,1142200
"2021-08-11",73.29,74.51,72.47,74.46,74.0567,1218200
"2021-08-12",74.25,74.73,73.67,74.32,73.9174,720500
"2021-08-13",74.53,74.8,73.66,73.83,73.4301,714500
"2021-08-16",73.39,74.44,72.6,73.59,73.1914,703600
"2021-08-17",73,73.35,71.33,72.15,71.7592,794200
"2021-08-18",71.75,72.5,71.31,71.42,71.0331,621800
"2021-08-19",70.57,71.42,69.57,69.84,69.4617,1261600
"2021-08-20",69.86,71.03,69.5,70.96,70.5756,1270000
"2021-08-23",71.74,72.3,71.31,71.48,71.0928,781900
"2021-08-24",71.57,73.03,71.57,72.61,72.2167,736500
"2021-08-25",72.78,73.81,72.23,73.5,73.1019,886900
"2021-08-26",73.32,73.5,71.7,71.74,71.3514,879900
"2021-08-27",72.3,73.38,72.04,72.89,72.4952,1430300
"2021-08-30",73.07,73.07,71.92,71.94,71.5503,852200
"2021-08-31",73.78,73.78,72.28,72.67,72.2763,2249200
"2021-09-01",72.7,72.97,71.45,71.94,71.5503,946600
"2021-09-02",72.04,73.58,72.04,73.38,72.9825,1053900
"2021-09-03",73.01,73.16,72.37,72.55,72.157,658500
"2021-09-07",72,72.75,71.21,71.27,70.8839,825900
"2021-09-08",71.01,71.49,70.5,71.2,70.8143,1215200
"2021-09-09",70.8,72.17,70.74,71.35,70.9834,1655500
"2021-09-10",71.89,71.97,70.51,70.55,70.1876,1349100
"2021-09-13",71.34,71.87,70.17,70.87,70.5059,1064100
"2021-09-14",71.16,71.33,69.63,69.84,69.4812,1243000
"2021-09-15",69.85,70.46,69.2,70.46,70.098,1341700
"2021-09-16",70.61,70.8,68.61,68.63,68.2774,1010400
"2021-09-17",68.5,68.97,68.06,68.46,68.1083,2211500
"2021-09-20",66.67,68.69,66.4,68.6,68.2476,1754800
"2021-09-21",68.89,69.16,67.21,67.75,67.4019,1112700
"2021-09-22",68.47,70.3,68.47,69.66,69.3021,1087400
"2021-09-23",70.06,71.93,70,71.26,70.8939,1015600
"2021-09-24",70.91,71.76,70.91,71.08,70.7148,990400
"2021-09-27",71.39,73.3,71.39,72.71,72.3365,1434300
"2021-09-28",72.78,73.4,71.66,72.3,71.9286,974300
"2021-09-29",72.89,72.96,71.35,71.6,71.2322,1102200
"2021-09-30",71.98,72.38,69.77,69.81,69.4513,1231400
"2021-10-01",70.58,71.65,69.61,71.03,70.6651,1904700
"2021-10-04",70.71,71.95,69.72,70.04,69.6802,1145600
"2021-10-05",70.32,71.33,69.18,70.59,70.2273,1525800
"2021-10-06",69.66,71.86,68.92,71.74,71.3714,1124300
"2021-10-07",72.32,73.69,72.22,73.3,72.9234,1138700
"2021-10-08",72.53,73.41,71.88,72.01,71.64,835900
"2021-10-11",72.23,72.83,71.08,71.15,70.7845,502800
"2021-10-12",71.11,72.24,70.71,71.32,70.9536,814000
"2021-10-13",71.17,71.62,69.72,71.54,71.1725,916900
"2021-10-14",72.21,73.32,71.75,73.17,72.7941,832500
"2021-10-15",73.84,74.62,73.67,73.95,73.5701,1273200
"2021-10-18",73.45,73.58,72.5,73.21,72.8339,999600
"2021-10-19",73.58,73.65,72.72,73.34,72.9632,598100
"2021-10-20",73.35,74.47,72.82,74.46,74.0775,827800
"2021-10-21",74.15,75.12,73.83,74.86,74.4754,1127200
"2021-10-22",74.85,75.59,74.31,74.62,74.2366,682000
"2021-10-25",74.64,74.9,73.74,74.26,73.8785,977500
"2021-10-26",73.93,74.13,72.43,72.46,72.0877,1127800
"2021-10-27",72.46,72.46,70.72,70.74,70.3766,1492900
"2021-10-28",71.09,73.68,71.01,72.77,72.3961,1726300
"2021-10-29",72.09,74.24,72.09,73.85,73.4706,1087700
"2021-11-01",74,74.6,73.57,74.6,74.2168,1494900
"2021-11-02",74.37,75.55,74,75.33,74.943,1109200
"2021-11-03",75.23,77.35,74.77,77.18,76.7835,2282300
"2021-11-04",77,77.6,75.96,76.02,75.6294,1225500
"2021-11-05",77.17,78,76.77,77.44,77.0422,1197500
"2021-11-08",77.93,78.13,75.72,76.06,75.6693,1471600
"2021-11-09",75.98,76.5,75.53,76.43,76.0373,1154000
"2021-11-10",76.29,76.82,75.17,75.32,74.933,976000
"2021-11-11",75.39,76.93,75.39,76.87,76.4751,1171600
"2021-11-12",76.81,77.27,76.64,77.03,76.6343,626900
"2021-11-15",77.46,77.6,76.25,76.57,76.1766,606800
"2021-11-16",76.5,76.75,75.68,75.73,75.3409,759000
"2021-11-17",75.63,75.98,75.12,75.42,75.0325,714300
"2021-11-18",75.75,75.75,74.35,75.25,74.8634,718000
"2021-11-19",74.97,75.71,73.74,75.34,74.9529,1083700
"2021-11-22",75.68,77.67,75.45,76.68,76.2861,1160800
"2021-11-23",77.02,77.67,76.01,76.09,75.6991,823300
"2021-11-24",75.51,75.86,75.24,75.31,74.9231,773500
"2021-11-26",72,73.02,70.42,72.73,72.3564,1021000
"2021-11-29",73.61,73.67,71.3,72.79,72.4161,1141200
"2021-11-30",72.23,72.77,70.48,70.8,70.4363,1869900
"2021-12-01",72.37,72.48,69.11,69.15,68.7947,1722000
"2021-12-02",70.25,73.07,69.8,72.72,72.3464,1417700
"2021-12-03",72.5,73.04,71.53,72.25,71.8788,1067200
"2021-12-06",73.28,74.78,72.93,73.8,73.4209,1056900
"2021-12-07",74.57,76.18,74.05,75.23,74.8435,717100
"2021-12-08",75.54,76.27,74.99,75.1,74.7141,906800
"2021-12-09",74.47,75.32,73.78,74.48,74.1171,937700
"2021-12-10",75.05,75.61,74.75,75.41,75.0426,906500
"2021-12-13",74.83,75.33,72.88,73.13,72.7737,1171400
"2021-12-14",73.06,74.14,72.65,73.14,72.7836,1268600
"2021-12-15",73.4,75.23,72.86,75.15,74.7838,2125900
"2021-12-16",75.51,76.08,74.52,74.64,74.2763,1162100
"2021-12-17",74.79,75.08,73.2,74.08,73.719,2539500
"2021-12-20",72.85,72.94,70.94,72.25,71.898,1398700
"2021-12-21",73.3,75.52,73.09,75.02,74.6545,981500
"2021-12-22",75.02,75.7,74.69,75,74.6346,680300
"2021-12-23",75.36,76.25,75.01,75.91,75.5401,752400
"2021-12-27",75.92,77.05,75.45,76.99,76.6149,728700
"2021-12-28",76.87,77.77,76.72,77.19,76.8139,611900
"2021-12-29",76.97,77.58,76.53,77.49,77.1124,955400
"2021-12-30",77.66,78.19,77.13,77.17,76.794,540700
"2021-12-31",77.11,77.56,76.83,77.2,76.8238,680100
"2022-01-03",77.52,77.97,75.83,76.34,75.968,1267700
"2022-01-04",77.04,77.84,76.58,77.69,77.3115,1446900
"2022-01-05",78.25,78.85,76.01,76.32,75.9481,1535100
"2022-01-06",77.17,77.36,76.21,76.78,76.4059,1026900
"2022-01-07",77.04,79.45,76.69,78.25,77.8687,1698400
"2022-01-10",78,78.24,75.87,76.75,76.376,1206500
"2022-01-11",77.01,77.15,75.54,76.5,76.1273,897200
"2022-01-12",77.25,77.54,75.91,76.88,76.5054,698500
"2022-01-13",77.03,78.14,76.74,77.11,76.7343,748200
"2022-01-14",75.97,76.85,75.34,76.66,76.2865,763100
"2022-01-18",76.08,76.17,74.21,75.21,74.8435,1469400
"2022-01-19",75.44,76.15,74.61,74.81,74.4455,879400
"2022-01-20",75,75.81,73.11,73.24,72.8831,982600
"2022-01-21",73.05,73.92,71.46,71.61,71.2611,1441300
"2022-01-24",70.24,72.24,68.12,71.89,71.5397,1786700
"2022-01-25",70.51,72.25,69.08,71.23,70.8829,1339800
"2022-01-26",72.01,73.52,70.49,71.75,71.4004,1727300
"2022-01-27",70.33,71.36,65.97,66.65,66.3253,3295100
"2022-01-28",65.64,66.74,64.52,66.67,66.3451,1997800
"2022-01-31",66.04,68.29,65.6,68.06,67.7284,1410100
"2022-02-01",68.01,69.2,67.63,68.87,68.5344,1087200
"2022-02-02",68.39,70.02,68.33,69.77,69.4301,1215500
"2022-02-03",69.1,69.47,67.97,68.11,67.7781,1108400
"2022-02-04",67.59,68.15,65.95,67.24,66.9124,800700
"2022-02-07",67.48,68.15,66.89,67.47,67.1413,930500
"2022-02-08",67.87,69.1,67.33,69.04,68.7036,1036400
"2022-02-09",69.8,71.94,69.25,71.59,71.2412,1375600
"2022-02-10",70.21,72.77,70.21,70.62,70.2759,1572900
"2022-02-11",70.73,71.78,68.64,69.71,69.3703,2075600
"2022-02-14",69.65,70.2,67.81,68.56,68.2259,1248500
"2022-02-15",69.52,71,69.36,70.54,70.1963,1066200
"2022-02-16",70.15,72.36,70.15,72.2,71.8482,1686300
"2022-02-17",71.6,71.7,69.89,70.11,69.7684,846300
"2022-02-18",70,70.96,69.29,69.52,69.1813,1503700
"2022-02-22",69.79,69.86,67.58,68.06,67.7284,1756100
"2022-02-23",68.9,69.63,68.52,68.56,68.2259,1937900
"2022-02-24",66.83,69.76,65.98,69.5,69.1614,1559100
"2022-02-25",69.48,71.82,69.34,71.48,71.1317,1116600
"2022-02-28",71.28,73.41,70.64,73.13,72.7737,1967500
"2022-03-01",73,73,69.9,71.07,70.7237,1328600
"2022-03-02",71.97,73.73,71.5,73.42,73.0623,1389500
"2022-03-03",73.85,73.97,71.66,72.35,71.9975,1149300
"2022-03-04",71.33,71.67,69.66,71.23,70.8829,915800
"2022-03-07",71.33,71.93,67.89,67.98,67.6488,1406500
"2022-03-08",68.52,70.07,67.4,67.6,67.2706,1652500
"2022-03-09",68.84,70.77,68.53,70.03,69.6888,1418000
"2022-03-10",68.54,69.73,68.28,69.56,69.2408,810800
"2022-03-11",70.4,70.88,69.11,69.19,68.8726,957800
"2022-03-14",70.35,70.57,69.35,69.89,69.5693,899200
"2022-03-15",70.6,72.09,70.02,71.8,71.4706,841000
"2022-03-16",72,74.1,71.93,73.58,73.2424,1456300
"2022-03-17",73.06,75.15,72.91,75.13,74.7853,1329900
"2022-03-18",75.05,75.64,73.93,75.15,74.8052,2365400
"2022-03-21",74.94,75.95,74.17,75.29,74.9446,1193100
"2022-03-22",75.76,75.9,74.35,75.09,74.7455,1108000
"2022-03-23",74.41,75,73.37,73.59,73.2524,803200
"2022-03-24",73.76,74.84,73.24,74.66,74.3175,978100
"2022-03-25",74.95,75.67,74.65,75.21,74.8649,650400
"2022-03-28",75.09,75.46,74.2,74.73,74.3871,950500
"2022-03-29",75.18,76.08,74.42,76.01,75.6612,1513900
"2022-03-30",75.82,76.11,74.7,75.2,74.855,995400
"2022-03-31",74.95,75.47,74.25,74.38,74.0387,1510600
"2022-04-01",74.99,74.99,72.13,73.03,72.6949,1573400
"2022-04-04",73,73.14,72.08,72.44,72.1076,966500
"2022-04-05",72,72.88,70.76,70.87,70.5448,1055200
"2022-04-06",70.21,70.91,69.34,70.38,70.0571,1310800
"2022-04-07",70.2,70.42,69.32,69.9,69.5793,1331200
"2022-04-08",69.65,70.38,68.04,68.29,67.9767,1292500
"2022-04-11",68.3,69.23,67.72,67.83,67.5188,969800
"2022-04-12",67.92,69.12,67.44,67.68,67.3695,1086200
"2022-04-13",67.92,69.31,67.92,69.2,68.8825,1265800
"2022-04-14",69.49,69.98,68.48,68.65,68.335,1083700
"2022-04-18",68.62,69.64,68.08,68.5,68.1857,1211000
"2022-04-19",68.85,70.26,68.8,70.09,69.7684,820300
"2022-04-20",70.68,71.91,70.53,71.16,70.8335,884700
"2022-04-21",72,72.63,68.77,69.11,68.7929,1213800
"2022-04-22",68.55,69.03,67.76,67.89,67.5785,1097700
"2022-04-25",67.34,68.39,65.37,68.33,68.0165,1738400
"2022-04-26",67.94,68.37,66.48,66.53,66.2248,1098700
"2022-04-27",66.41,67.73,66.15,66.72,66.4139,1256500
"2022-04-28",69.83,72.52,68.31,72.05,71.7194,2117200
"2022-04-29",71.85,72.03,68.77,69.25,68.9323,2110200
"2022-05-02",69.32,70.74,68.59,70.07,69.7485,1497600
"2022-05-03",70.49,71.65,69.32,69.67,69.3503,1570200
"2022-05-04",70,72.3,69.66,72.22,71.8886,1126700
"2022-05-05",71.43,71.85,68.94,69.72,69.4001,972700
"2022-05-06",69.23,69.65,67.65,68.54,68.2255,941900
"2022-05-09",67.31,67.63,63.92,64.28,63.9851,1808700
"2022-05-10",65.12,65.61,63.24,64.23,63.9353,1408500
"2022-05-11",64.33,65.68,62.12,62.25,61.9644,1336200
"2022-05-12",61.81,62.97,60.36,61.95,61.6658,2183100
"2022-05-13",62.78,64.1,62.42,63.36,63.0693,1448100
"2022-05-16",63.12,63.9,62.55,63.09,62.8005,1119600
"2022-05-17",64.39,65.74,64.23,65.67,65.3687,1009100
"2022-05-18",64.93,65.41,63.27,63.65,63.358,1403800
"2022-05-19",62.84,63.94,62.28,62.76,62.472,1318600
"2022-05-20",63.41,63.6,60.71,62.49,62.2033,1581400
"2022-05-23",63.56,64.52,62.57,64.22,63.9253,1301400
"2022-05-24",63.89,64.09,62.04,63.4,63.1091,1144300
"2022-05-25",62.96,63.58,61.71,62.6,62.3128,1756800
"2022-05-26",63.27,64.79,62.82,64.34,64.0448,1269100
"2022-05-27",65.01,66.06,64.64,66.04,65.737,916100
"2022-05-31",65.03,66.12,64.33,65.29,64.9904,1897600
"2022-06-01",65.71,66.3,64.11,65.31,65.0104,961200
"2022-06-02",65.66,66.8,65.23,66.74,66.4338,878000
"2022-06-03",66.1,66.86,65.73,66.58,66.2745,754400
"2022-06-06",66.99,67.77,66.62,67.34,67.031,726200
"2022-06-07",66.83,68.79,66.48,68.71,68.3947,994900
"2022-06-08",67.89,68.58,67.74,67.85,67.5387,1090300
"2022-06-09",67.62,67.62,66.72,66.82,66.533,1166000
"2022-06-10",65.05,65.57,62.91,62.94,62.6697,1538300
"2022-06-13",61.2,61.27,59.38,60.01,59.7523,1478800
"2022-06-14",60.22,60.68,59.65,60.19,59.9315,1360400
"2022-06-15",61.14,62.15,60.47,61.34,61.0766,1369500
"2022-06-16",59.85,60.08,57.62,57.93,57.6812,1350200
"2022-06-17",58.04,59.29,57.11,58.8,58.5475,2792100
"2022-06-21",60,60.04,58.97,59.66,59.4038,1057700
"2022-06-22",58.36,59.84,58.32,58.99,58.7367,1192200
"2022-06-23",58.88,59.74,57.25,58.23,57.9799,1044100
"2022-06-24",58.91,60.68,58.51,60.62,60.3596,1391800
"2022-06-27",60.91,61.26,59.95,60.79,60.5289,897800
"2022-06-28",61.3,62.26,59.98,60.05,59.7921,1490500
"2022-06-29",60.13,60.3,58.56,59.91,59.6527,1210100
"2022-06-30",59.08,61.41,58.53,61.07,60.8077,1524900
"2022-07-01",60.68,61.99,59.91,61.11,60.8475,1123900
"2022-07-05",59.6,59.61,58.1,59.57,59.3142,1125400
"2022-07-06",59.74,60.57,58.78,60.26,60.0012,956100
"2022-07-07",60.82,61.89,60.67,61.63,61.3653,792000
"2022-07-08",61.6,61.68,60.6,61.06,60.7978,925300
"2022-07-11",60.5,61,60.27,60.33,60.0709,1009300
"2022-07-12",60.08,62.05,60.08,60.89,60.6285,810200
"2022-07-13",59.66,60.66,59.46,59.96,59.7025,897200
"2022-07-14",58.61,59.22,57.96,59.06,58.8064,838000
"2022-07-15",60.24,60.52,59.47,60.15,59.8917,657100
"2022-07-18",61.11,61.66,59.82,60.13,59.8718,1020600
"2022-07-19",60.72,63.34,60.67,63.17,62.8987,1239100
"2022-07-20",63.17,64.27,62.55,64,63.7251,773900
"2022-07-21",63.84,64.48,63.17,64.44,64.1632,824700
"2022-07-22",64.73,64.94,63.5,63.83,63.5559,680500
"2022-07-25",63.99,64.72,63.47,64.3,64.0238,749800
"2022-07-26",64.2,64.42,63.49,63.72,63.4463,748400
"2022-07-27",64.31,65.57,63.84,65.2,64.92,978300
"2022-07-28",66.1,66.73,63.59,64.78,64.5018,1816200
"2022-07-29",64.5,65.96,63.76,65.64,65.3581,1264800
"2022-08-01",65.25,66.07,64.67,65.76,65.4776,966900
"2022-08-02",65.19,66.01,64.67,64.86,64.5815,867700
"2022-08-03",65.03,65.95,64.01,65.55,65.2685,949700
"2022-08-04",65.65,65.65,64.37,64.41,64.1334,915500
"2022-08-05",63.65,64.68,63.65,64.4,64.1234,704900
"2022-08-08",65.08,65.69,64.73,64.88,64.6013,738000
"2022-08-09",65.02,65.03,64.03,64.43,64.1533,665600
"2022-08-10",65.72,67.09,65.59,67.01,66.7222,888700
"2022-08-11",67.68,68.53,66.97,67.04,66.7521,1043600
"2022-08-12",67.4,68.1,67.02,68.08,67.7876,778200
"2022-08-15",67.5,68.37,67.5,68.33,68.0365,655300
"2022-08-16",68.13,68.71,67.88,68.49,68.1959,830200
"2022-08-17",67.46,67.86,66.99,67.67,67.3794,1104000
"2022-08-18",67.83,68.31,67.5,68,67.708,872800
"2022-08-19",67.31,67.4,65.89,66.05,65.7663,1374700
"2022-08-22",65,65.16,64.52,64.58,64.3026,923000
"2022-08-23",64.55,65.42,64.43,64.78,64.5018,609100
"2022-08-24",65,65.44,64.75,65.31,65.0295,719600
"2022-08-25",65.78,67.01,65.59,66.96,66.6724,707800
"2022-08-26",67.22,67.37,64.59,64.62,64.3425,668600
"2022-08-29",63.99,65.02,63.74,64.39,64.1135,806400
"2022-08-30",64.62,64.77,63.28,63.44,63.1675,863100
"2022-08-31",63.78,63.94,62.33,62.38,62.1121,1735700
"2022-09-01",61.73,62.11,60.79,62.02,61.7536,1187600
"2022-09-02",62.9,63.41,61.48,61.85,61.5844,758800
"2022-09-06",62.1,62.51,61.42,61.93,61.664,1390600
"2022-09-07",61.77,64.06,61.77,64.01,63.7351,873100
"2022-09-08",63.49,64.21,62.98,64.14,63.8845,831900
"2022-09-09",64.5,65.93,64.33,65.89,65.6275,1073500
"2022-09-12",66.35,67.19,66.02,67.15,66.8825,1219200
"2022-09-13",65.31,66.02,63.25,63.29,63.0379,1246100
"2022-09-14",63.35,64.32,62.09,64,63.7451,1146600
"2022-09-15",63.88,64.84,63.57,64.07,63.8148,1237200
"2022-09-16",63.14,63.21,61.89,62.83,62.5797,3217600
"2022-09-19",62.35,64.5,62.29,64.09,63.8347,1304400
"2022-09-20",63.63,63.65,61.9,62.25,62.002,1798100
"2022-09-21",63.29,63.91,61.53,61.54,61.2949,1341600
"2022-09-22",61.68,61.78,60.09,61.07,60.8267,1008000
"2022-09-23",60.26,60.34,58.49,59.43,59.1933,1478600
"2022-09-26",59.15,59.85,58.34,58.36,58.1275,1317500
"2022-09-27",59.11,59.9,58.03,58.89,58.6554,1392400
"2022-09-28",59.5,60.9,58.82,60.52,60.2789,1692000
"2022-09-29",59.71,59.92,58.29,59.05,58.8148,1387000
"2022-09-30",58.9,59.8,58.13,58.26,58.0279,2149100
"2022-10-03",59.19,60.94,59.09,60.48,60.2391,1847100
"2022-10-04",61.96,63.61,61.8,63.59,63.3367,1076100
"2022-10-05",62.6,63.96,62.44,63.32,63.0678,1221400
"2022-10-06",62.8,64,62.58,62.63,62.3805,1469700
"2022-10-07",61.89,62.08,60.67,61.3,61.0558,1353400
"2022-10-10",61.99,62.27,60.81,61.43,61.1853,1012600
"2022-10-11",61.35,62.59,60.66,61.41,61.1654,1010400
"2022-10-12",61.24,61.42,60.18,60.46,60.2192,1357700
"2022-10-13",59.31,62.14,58.8,61.75,61.504,1285800
"2022-10-14",62.2,62.63,59.74,59.84,59.6016,1082500
"2022-10-17",61.21,62.04,61.11,61.75,61.504,1306600
"2022-10-18",63.2,63.75,62.17,62.55,62.3008,1533800
"2022-10-19",62.19,62.48,61.35,61.84,61.5937,1649400
"2022-10-20",62,62.44,60.79,60.94,60.6972,1237300
"2022-10-21",60.95,63.11,60.54,62.94,62.6893,1596300
"2022-10-24",63.51,64.04,62.81,63.34,63.0877,1162500
"2022-10-25",63.09,64.51,63.09,64.37,64.1136,1378800
"2022-10-26",64.68,65.78,64.2,64.52,64.263,1824600
"2022-10-27",65.59,66.68,64.81,65.84,65.5777,1913100
"2022-10-28",65.97,68.74,65.57,68.5,68.2271,1831700
"2022-10-31",67.57,69.23,67.29,68.44,68.1674,1520200
"2022-11-01",69.23,69.27,68.14,68.51,68.2371,1063100
"2022-11-02",68.05,69.42,67.09,67.2,66.9323,1173900
"2022-11-03",66.38,68.11,66.07,66.77,66.504,1197200
"2022-11-04",67.8,68.61,66.84,68.52,68.247,1219600
"2022-11-07",68.86,69.18,68.12,69,68.7251,1067800
"2022-11-08",69.31,69.47,68.14,68.99,68.7152,945600
"2022-11-09",68.41,69.3,68.17,68.3,68.0279,942700
"2022-11-10",70.56,71.61,70,71.52,71.2351,1510100
"2022-11-11",71.19,72.05,70.76,70.88,70.5976,1184700
"2022-11-14",70.43,71.14,69.38,69.38,69.1036,1308300
"2022-11-15",70.31,70.64,69.69,70.2,69.9204,1582400
"2022-11-16",69.99,70.73,69.48,69.65,69.3725,945200
"2022-11-17",68.49,69.59,68.25,69.39,69.1136,904900
"2022-11-18",70.4,70.66,69.7,70.07,69.7909,1038100
"2022-11-21",69.8,70.66,69.52,70.53,70.249,810100
"2022-11-22",71.05,71.44,70.6,71.07,70.7869,888500
"2022-11-23",71.18,71.5,70.78,71.15,70.8666,705000
"2022-11-25",71.34,71.5,70.88,71.48,71.1953,298900
"2022-11-28",70.59,70.85,69.36,69.64,69.3626,1499500
"2022-11-29",69.59,70.6,69.59,70.33,70.0498,891200
"2022-11-30",70.27,72.5,69.06,71.38,71.0956,2289600
"2022-12-01",71.74,72.2,70.8,70.86,70.5777,888000
"2022-12-02",69.73,71.34,69.67,71.3,71.016,1105200
"2022-12-05",70.63,70.95,69.62,69.9,69.6216,1594300
"2022-12-06",75.01,75.97,72.75,73.57,73.2769,4541600
"2022-12-07",73.36,73.85,72.55,72.57,72.2809,1758300
"2022-12-08",73.02,73.79,72.66,73,72.7293,1450600
"2022-12-09",72.96,73.26,71.59,71.71,71.444,1700900
"2022-12-12",71.51,72.48,71.23,72.21,71.9422,2034600
"2022-12-13",73.83,73.83,71.47,71.93,71.6632,1493300
"2022-12-14",72.05,73.24,71.76,72.02,71.7529,1520400
"2022-12-15",71.26,71.49,69.67,69.73,69.4714,1482000
"2022-12-16",68.96,70.3,68.69,70,69.7404,3002400
"2022-12-19",70.06,70.67,68.99,69.28,69.023,1227700
"2022-12-20",69.41,70.18,69.07,69.54,69.2821,1522400
"2022-12-21",70.12,71.33,69.91,71.09,70.8263,1285800
"2022-12-22",70.33,70.8,69.02,70.07,69.8101,1289100
"2022-12-23",69.89,70.61,69.72,70.41,70.1488,657800
"2022-12-27",70.55,71.05,70.1,70.75,70.4876,792400
"2022-12-28",70.99,71.11,69.86,69.94,69.6806,908100
"2022-12-29",70.43,71.49,70.14,71.22,70.9559,944300
"2022-12-30",70.83,71.14,70.02,70.8,70.5374,1009200
"2023-01-03",70.91,71.1,69.85,70.26,69.9994,860300
"2023-01-04",70.32,71.4,70.14,71.06,70.7964,862700
"2023-01-05",70.48,70.92,69.92,70.07,69.8101,1053800
"2023-01-06",70.62,72.05,70.62,71.85,71.5835,1095300
"2023-01-09",72.15,72.34,70.3,70.51,70.2485,896800
"2023-01-10",70.17,70.85,69.86,70.84,70.5772,1072600
"2023-01-11",71.13,71.38,70.12,70.8,70.5374,1596100
"2023-01-12",71.1,71.83,70.74,71.44,71.175,781200
"2023-01-13",70.26,70.84,69.86,70.25,69.9895,1112500
"2023-01-17",70.25,70.52,69.27,69.38,69.1227,1686700
"2023-01-18",69.83,70.13,68.25,68.33,68.0766,2547600
"2023-01-19",67.77,67.98,66.37,66.42,66.1737,1596600
"2023-01-20",66.83,68.14,66.63,67.85,67.5983,1605700
"2023-01-23",68.29,69.44,68.22,68.98,68.7242,1277500
"2023-01-24",71.42,71.42,68,69.6,69.3419,1694600
"2023-01-25",71.2,71.2,68.6,70.15,69.8898,2455600
"2023-01-26",71.13,72.16,69.95,72.12,71.8525,1858100
"2023-01-27",72.02,72.78,71.71,72.28,72.0119,1265900
"2023-01-30",72.16,72.48,70.52,70.6,70.3382,1662900
"2023-01-31",70.77,72.86,70.55,72.85,72.5798,1900000
"2023-02-01",72.4,74.68,72.26,74.55,74.2735,2489100
"2023-02-02",74.83,76.1,74.15,75.73,75.4491,1899100
"2023-02-03",75.16,76.11,74.22,74.44,74.1639,1239900
"2023-02-06",73.94,74.73,73.72,74.06,73.7853,1079800
"2023-02-07",73.92,75.15,73.67,75.03,74.7517,1096300
"2023-02-08",74.28,74.71,73.76,74.23,73.9547,1014700
"2023-02-09",74.77,75.13,73.81,73.88,73.606,1367500
"2023-02-10",73.62,73.91,73.04,73.78,73.5064,1167000
"2023-02-13",74.17,74.87,73.95,74.82,74.5425,983500
"2023-02-14",74.44,75.22,74.07,74.59,74.3133,1428000
"2023-02-15",74.08,74.76,73.86,74.7,74.423,1244200
"2023-02-16",73.78,74.95,73.63,74.55,74.2735,907500
"2023-02-17",74.5,74.95,74.11,74.81,74.5325,1651500
"2023-02-21",74.66,74.72,72.87,73.36,73.0879,1714200
"2023-02-22",73.37,74.55,73.34,73.67,73.3968,1334600
"2023-02-23",74.05,74.63,72.95,73.74,73.4665,1060100
"2023-02-24",72.75,73.73,72.54,73.56,73.2872,866100
"2023-02-27",74.07,74.4,72.97,73.06,72.789,1392000
"2023-02-28",73,73.2,72.28,72.53,72.261,1794700
"2023-03-01",72.31,73.64,72.06,73.19,72.9186,2005100
"2023-03-02",72.75,74.51,72.53,74.48,74.2038,1159100
"2023-03-03",74.89,75.09,74.32,74.6,74.3233,1838400
"2023-03-06",74.5,74.84,73.09,73.55,73.2772,1494700
"2023-03-07",73.64,74.1,73.04,73.23,72.9584,1172200
"2023-03-08",73.25,73.59,72.23,73.08,72.809,1081200
"2023-03-09",73.52,73.52,70.69,71.01,70.766,1652600
"2023-03-10",70.7,70.93,68.75,69.26,69.022,1593800
"2023-03-13",67.93,68,66.52,67.13,66.8993,1688200
"2023-03-14",68.77,69.39,67.55,68.19,67.9557,1196400
"2023-03-15",66.61,66.74,65.17,66.16,65.9326,1617500
"2023-03-16",65.5,67.91,65.37,67.46,67.2282,1253900
"2023-03-17",66.92,67.22,65.77,66.19,65.9625,3873400
"2023-03-20",66.64,67.74,66.11,67.24,67.0089,1684300
"2023-03-21",68.57,69.4,68.43,68.7,68.4639,1254800
"2023-03-22",68.56,69.46,67.43,67.47,67.2382,1292300
"2023-03-23",67.51,68.3,66.97,67.34,67.1086,1312200
"2023-03-24",66.67,67.91,66.26,67.74,67.5072,1030000
"2023-03-27",68.72,68.97,67.95,68.72,68.4839,943700
"2023-03-28",68.61,69.85,68.47,69.58,69.3409,1208800
"2023-03-29",70.25,70.54,69.88,70.36,70.1182,1118800
"2023-03-30",70.83,71.01,70.14,70.3,70.0584,1430500
"2023-03-31",70.82,70.91,70.14,70.63,70.3873,1036200
"2023-04-03",70.54,71.57,70.4,70.93,70.6863,924400
"2023-04-04",71,71,68.8,69.08,68.8426,1301900
"2023-04-05",68.56,68.8,67.61,67.89,67.6567,1538200
"2023-04-06",67.74,68.36,67.25,67.71,67.4773,1564500
"2023-04-10",67.62,68.46,67.61,68.4,68.165,1328300
"2023-04-11",68.9,68.96,68.26,68.32,68.0852,1130400
"2023-04-12",68.76,68.91,67.3,67.67,67.4375,1534800
"2023-04-13",67.84,68.45,67.2,68.36,68.1251,1956200
"2023-04-14",68,68.73,68,68.59,68.3543,1311700
"2023-04-17",68.63,69.31,68.62,69.23,68.9921,1235200
"2023-04-18",69.63,70.1,69.22,69.34,69.1017,1122700
"2023-04-19",69.23,69.33,68.43,68.91,68.6732,1066300
"2023-04-20",68.47,68.94,68.36,68.75,68.5138,1374000
"2023-04-21",68.96,68.96,67.71,67.93,67.6966,1322600
"2023-04-24",67.92,68.33,67.66,68,67.7663,1484800
"2023-04-25",67.47,67.94,67.14,67.2,66.9691,1230000
"2023-04-26",66.9,67,65.34,65.56,65.3347,1899200
"2023-04-27",65.17,65.8,62.88,65.56,65.3347,2498400
"2023-04-28",65.6,67.43,65.6,66.94,66.71,2643500
"2023-05-01",66.88,68.3,66.76,67.05,66.8196,1642500
"2023-05-02",66.83,67.51,65.88,67.39,67.1584,2127100
"2023-05-03",67.79,67.92,66.61,66.65,66.421,1233100
"2023-05-04",66.36,66.36,64.46,65.36,65.1354,1235500
"2023-05-05",65.89,66.5,65.77,66.15,65.9227,1283900
"2023-05-08",66.66,66.75,65.37,65.71,65.4842,1026100
"2023-05-09",65.65,65.65,65.16,65.35,65.1255,1030800
"2023-05-10",65.87,65.87,64.17,64.78,64.5574,1566300
"2023-05-11",64.48,64.62,63.87,64.43,64.2086,1039600
"2023-05-12",64.79,64.79,62.91,63.29,63.0725,1796700
"2023-05-15",63.52,64.33,63.35,64.14,63.9196,1186500
"2023-05-16",63.86,63.99,63.22,63.23,63.0127,902300
"2023-05-17",63.82,64.48,63.54,64.41,64.1887,1097200
"2023-05-18",64.49,65.4,64.31,65.28,65.0557,1027000
"2023-05-19",65.77,65.92,64.38,64.47,64.2485,1253500
"2023-05-22",64.38,64.89,63.63,64.77,64.5474,835200
"2023-05-23",64.39,64.89,63.89,63.97,63.7502,1169100
"2023-05-24",62.5,62.97,62.11,62.27,62.056,1574000
"2023-05-25",62.58,62.77,61.9,62.52,62.3052,1463500
"2023-05-26",62.55,63.03,62.44,62.81,62.5942,889400
"2023-05-30",62.91,63.2,62.42,63.08,62.8633,798600
"2023-05-31",62.75,62.9,61.27,61.87,61.6574,1968700
"2023-06-01",62.22,62.71,61.87,62.31,62.0959,964000
"2023-06-02",62.95,64.43,62.92,64.05,63.8299,1093000
"2023-06-05",64.02,64.02,62.89,63.29,63.0725,1178700
"2023-06-06",63.06,64.06,63.05,63.6,63.3815,1021300
"2023-06-07",63.75,65.76,63.48,65.69,65.4643,1244100
"2023-06-08",65.48,65.94,64.78,65.21,65.0057,851800
"2023-06-09",65.38,66,65.09,65.29,65.0855,1057500
"2023-06-12",65.34,65.91,64.86,65.72,65.5141,1131400
"2023-06-13",65.85,66.49,65.63,66.1,65.8929,921600
"2023-06-14",66.28,66.58,65,65.29,65.0855,933000
"2023-06-15",65.25,66.44,65,66.43,66.2219,1035300
"2023-06-16",66.71,67.05,65.97,66.64,66.4312,2972200
"2023-06-20",66.11,66.14,65.38,66.06,65.8531,1055600
"2023-06-21",65.78,66.76,65.55,66.56,66.3515,967300
"2023-06-22",66.15,66.5,65.41,65.45,65.245,1032900
"2023-06-23",64.73,65.12,64.42,64.91,64.7067,1428200
"2023-06-26",64.92,65.33,64.62,65.25,65.0456,792800
"2023-06-27",65.22,66.5,65.01,66.44,66.2319,818100
"2023-06-28",66.19,66.55,65.66,66.44,66.2319,1050500
"2023-06-29",66.49,67.52,66.45,67.33,67.1191,898600
"2023-06-30",67.88,68.25,67.41,67.63,67.4181,1068300
"2023-07-03",67.38,68.18,67.21,68.04,67.8269,587800
"2023-07-05",67.4,67.51,66.85,67.15,66.9396,800200
"2023-07-06",67.5,67.63,66.43,67.02,66.81,1102300
"2023-07-07",67.02,68.32,67,67.53,67.3184,1259600
"2023-07-10",67.22,68.27,67.01,68.04,67.8269,838500
"2023-07-11",68.21,69.14,67.99,69.07,68.8536,729700
"2023-07-12",69.73,69.8,68.48,68.48,68.2655,805300
"2023-07-13",68.49,69.11,68.26,68.93,68.7141,762600
"2023-07-14",68.68,68.68,67.1,67.39,67.1789,989200
"2023-07-17",67.46,67.62,67.04,67.45,67.2387,821000
"2023-07-18",67.5,68.57,67.12,67.93,67.7172,1068500
"2023-07-19",67.86,68.16,67.09,67.84,67.6275,988400
"2023-07-20",68.26,68.68,67.8,68.09,67.8767,1026200
"2023-07-21",68.28,68.49,67.46,67.63,67.4181,1024500
"2023-07-24",67.56,68.23,67.56,67.98,67.7671,953100
"2023-07-25",67.42,68.15,67.04,68.12,67.9066,1232300
"2023-07-26",68.18,68.81,68.02,68.4,68.1857,1444200
"2023-07-27",72.5,77.35,72.37,76.52,76.2803,4593200
"2023-07-28",76.91,77.21,75.55,76.38,76.1407,2041800
"2023-07-31",76.86,78,76.38,77.77,77.5264,1917500
"2023-08-01",77.47,78.13,77.13,77.93,77.6859,1222700
"2023-08-02",77.62,77.74,76.73,76.81,76.5694,1477100
"2023-08-03",76.73,77.75,76.03,77.75,77.5064,1284600
"2023-08-04",78,79.46,77.89,78.63,78.3837,1877000
"2023-08-07",79,80.1,79,79.6,79.3507,1392000
"2023-08-08",79,79,77.74,78.18,77.9351,1311000
"2023-08-09",78.37,78.86,77.74,78.09,77.8454,900800
"2023-08-10",78.17,78.76,77.4,77.71,77.4666,1084800
"2023-08-11",77.69,78.42,77,78.26,78.0148,753200
"2023-08-14",78.05,78.22,77.58,77.64,77.3968,655100
"2023-08-15",77.06,77.42,76.01,76.06,75.8217,1310100
"2023-08-16",75.86,76.42,75.55,75.6,75.3632,1057500
"2023-08-17",76.12,76.33,74.72,74.73,74.4959,1000900
"2023-08-18",74.02,75.49,73.78,75.25,75.0143,992900
"2023-08-21",75.25,75.94,75,75.55,75.3133,762100
"2023-08-22",75.73,76.19,75.04,75.37,75.1339,807400
"2023-08-23",75.56,75.9,75.01,75.75,75.5127,716400
"2023-08-24",75.57,76.69,75.2,75.24,75.0043,1193600
"2023-08-25",75.71,75.84,74.65,75.22,74.9844,960900
"2023-08-28",75.44,76.59,75.44,76.26,76.0211,1001100
"2023-08-29",75.88,77.07,75.67,76.94,76.699,1205400
"2023-08-30",76.94,77.78,76.94,77.57,77.327,939600
"2023-08-31",77.74,78.04,77.5,77.71,77.4666,1433100
"2023-09-01",78.29,78.66,77.88,78.22,77.975,629100
"2023-09-05",78.04,78.2,76.84,76.91,76.6691,844300
"2023-09-06",76.96,77.47,75.66,75.98,75.742,1037200
"2023-09-07",75.89,76,74.61,75.5,75.2635,1680800
"2023-09-08",75.48,76.08,75.1,75.6,75.3632,1322200
"2023-09-11",75.94,76.28,75.12,75.97,75.732,1086600
"2023-09-12",75.42,76.22,75.26,75.61,75.3731,832300
"2023-09-13",75.62,75.99,74.96,75.63,75.3931,1032700
"2023-09-14",75.87,76.26,75.41,76.18,75.9614,970300
"2023-09-15",75.75,76.61,75.55,76.21,75.9914,4906100
"2023-09-18",76.21,77.06,75.84,76.13,75.9116,1036100
"2023-09-19",76.07,76.27,74.95,75.64,75.423,1287500
"2023-09-20",77.47,80.6,77.34,79.37,79.1423,3686700
"2023-09-21",78.78,78.83,77.73,77.92,77.6964,1931300
"2023-09-22",77.92,78.45,77.62,77.79,77.5668,1401100
"2023-09-25",77.44,79.25,77.02,78.88,78.6537,1690900
"2023-09-26",78.42,79.38,77.99,78.01,77.7862,1643900
"2023-09-27",78.51,79.66,78.14,78.94,78.7135,1894400
"2023-09-28",79.03,79.73,78.61,78.69,78.4642,1367300
"2023-09-29",79.04,79.31,77.95,78.14,77.9158,1700100
"2023-10-02",77.79,78.52,77,77.29,77.0683,1394900
"2023-10-03",76.89,77.24,76.09,76.42,76.2008,1247300
"2023-10-04",76.26,76.52,75.15,76.11,75.8916,1284700
"2023-10-05",75.94,76.46,75.12,75.5,75.2834,1118300
"2023-10-06",75.23,77.77,75.11,76.9,76.6794,1037400
"2023-10-09",77.14,79.38,76.9,79.21,78.9827,1028600
"2023-10-10",79.57,79.71,78.91,79.07,78.8431,1196500
"2023-10-11",78.85,79.79,78.34,79.76,79.5312,1113900
"2023-10-12",79.87,79.87,77.31,78.28,78.0554,1086200
"2023-10-13",78.67,79.19,77.64,78.29,78.0654,1202200
"2023-10-16",79,79.64,78.31,79.27,79.0426,987800
"2023-10-17",78.7,81.39,78.69,79.88,79.6508,1894500
"2023-10-18",79.67,80.04,78.42,78.52,78.2947,1842300
"2023-10-19",78.37,78.83,77.15,77.34,77.1181,1158000
"2023-10-20",77.6,78.11,75.8,75.9,75.6823,1332000
"2023-10-23",75.81,76.16,74.95,74.97,74.7549,1176300
"2023-10-24",75.72,76.31,75.03,75.03,74.8147,1420500
"2023-10-25",75.16,75.52,74.17,74.36,74.1467,2571500
"2023-10-26",74.89,77.26,74.89,76.02,75.8019,2451500
"2023-10-27",75.8,76.56,74.55,75.25,75.0341,1662800
"2023-10-30",75.72,76.26,75.46,75.8,75.5825,1504500
"2023-10-31",75.81,76.11,75.21,76,75.782,1620800
"2023-11-01",76.3,76.3,75.4,75.99,75.772,1228600
"2023-11-02",76.5,77.48,76.43,77.47,77.2477,1103200
"2023-11-03",78.12,78.68,77.49,77.52,77.2976,1387400
"2023-11-06",77.7,77.71,77.12,77.61,77.3873,878100
"2023-11-07",77.36,77.44,76.77,77.04,76.819,769100
"2023-11-08",77.19,77.19,75.55,76.14,75.9216,991700
"2023-11-09",76.59,76.59,74.44,74.88,74.6652,1735200
"2023-11-10",75.43,76.15,75.02,76.12,75.9016,1295700
"2023-11-13",75.99,76.52,75.5,76.07,75.8517,1448300
"2023-11-14",76.84,77.65,76.75,77.13,76.9087,1583000
"2023-11-15",77.2,78.04,77.03,77.57,77.3475,1240000
"2023-11-16",77.46,77.75,76.57,76.79,76.5697,1159000
"2023-11-17",77.26,77.66,77.05,77.4,77.1779,876400
"2023-11-20",77.36,78.08,77.12,77.98,77.7563,1087500
"2023-11-21",77.66,78.15,77.65,77.78,77.5569,751500
"2023-11-22",77.84,78.27,77.36,78.01,77.7862,892000
"2023-11-24",78.2,78.52,78.01,78.39,78.1651,304700
"2023-11-27",78.17,78.17,77,77.21,76.9885,1015100
"2023-11-28",77.4,77.48,76.67,76.67,76.45,555800
"2023-11-29",76.91,76.96,74.13,74.83,74.6153,2346100
"2023-11-30",75.03,76.76,74.61,76.66,76.4401,1977100
"2023-12-01",76.65,78.39,76.42,77.88,77.6566,1336700
"2023-12-04",77.35,77.66,76.66,77.27,77.0483,1496000
"2023-12-05",77.04,77.11,76.31,76.38,76.1609,1200100
"2023-12-06",76.61,77.34,76.48,76.63,76.4101,863200
"2023-12-07",76.68,76.83,75.73,76.25,76.0312,1098800
"2023-12-08",76.5,76.67,75.7,75.93,75.7122,1123800
"2023-12-11",76.01,77.16,75.81,77.14,76.9187,1085000
"2023-12-12",77.32,77.87,76.89,77.43,77.2079,817400
"2023-12-13",77.35,79,77.01,78.78,78.554,1891400
"2023-12-14",79.2,79.79,78.74,79.62,79.4117,1311500
"2023-12-15",79.1,79.73,78.74,79.34,79.1325,2118500
"2023-12-18",79.59,79.93,78.98,79.6,79.3918,1037600
"2023-12-19",79.63,80.03,78.48,80.01,79.8007,1182400
"2023-12-20",79.93,80.97,79.24,79.28,79.0726,1501800
"2023-12-21",79.92,80.13,79.05,80.07,79.8605,994400
"2023-12-22",80.16,81.18,80.04,80.43,80.2196,835000
"2023-12-26",80.45,81.01,80.1,80.73,80.5188,678800
"2023-12-27",80.5,80.99,80.38,80.71,80.4989,899500
"2023-12-28",80.84,81.07,80.46,80.75,80.5388,604000
"2023-12-29",80.59,80.95,80.29,80.42,80.2096,661600
"2024-01-02",80.42,81.59,80.07,80.43,80.2196,1322600
"2024-01-03",79.99,80.38,78.44,78.5,78.2947,1359800
"2024-01-04",78.5,79.45,78.5,78.65,78.4443,1091500
"2024-01-05",78.47,79.07,78.05,78.6,78.3944,1500600
"2024-01-08",78.11,78.81,77.63,78.78,78.5739,757300
"2024-01-09",78.28,78.29,77.75,78.24,78.0353,655300
"2024-01-10",78.46,78.67,77.87,78.19,77.9855,697400
"2024-01-11",78.09,78.2,77.12,78.08,77.8758,1014500
"2024-01-12",78.69,79.51,78.47,79.38,79.1723,1029600
"2024-01-16",79,79.14,77.1,77.55,77.3472,1483100
"2024-01-17",77,78.33,76.98,77.08,76.8784,917700
"2024-01-18",77.49,78.42,77.15,78.34,78.1351,923600
"2024-01-19",78.5,78.81,77.84,78.79,78.5839,1270500
"2024-01-22",79,79.77,78.91,79.28,79.0726,1077100
"2024-01-23",79.7,80.33,78.75,79.33,79.1225,1568800
"2024-01-24",82.52,86.35,82.11,85.55,85.3262,3259000
"2024-01-25",86.32,86.54,84.98,86.16,85.9346,1862900
"2024-01-26",86.49,86.65,84.51,84.83,84.6081,1461300
"2024-01-29",84.86,85.88,84.73,85.77,85.5456,1377600
"2024-01-30",85.68,86.55,85.56,86,85.775,1096300
"2024-01-31",86,86.04,84.69,84.71,84.4884,1296300
"2024-02-01",85.02,85.93,84.29,85.81,85.5855,1060900
"2024-02-02",85.42,86.51,85.22,86,85.775,922200
"2024-02-05",85.47,85.76,84.61,85.27,85.047,915600
"2024-02-06",85.89,86.4,85.37,86.09,85.8648,851000
"2024-02-07",86.55,87.97,86.23,87.71,87.4806,1779800
"2024-02-08",87.75,88.41,87.02,87.59,87.3609,1246700
"2024-02-09",87.58,88,87,87.2,86.9719,977300
"2024-02-12",87.08,88.16,86.9,87.47,87.2412,808200
"2024-02-13",86.8,86.98,85.06,86,85.775,1302800
"2024-02-14",86.79,86.95,86.02,86.32,86.0942,1321400
"2024-02-15",86.49,86.99,86.16,86.21,85.9845,1949200
"2024-02-16",86.2,87.01,85.56,85.69,85.4659,1096600
"2024-02-20",84.86,85.45,84.42,84.58,84.3588,1076200
"2024-02-21",84.36,85.57,84,85.22,84.9971,1024700
"2024-02-22",85.6,86.05,85.34,85.38,85.1567,1048800
"2024-02-23",85.41,86.14,85.24,85.97,85.7451,922700
"2024-02-26",86,87.15,85.87,87.11,86.8821,1098600
"2024-02-27",87.24,87.73,86.86,87.67,87.4407,1027500
"2024-02-28",87.76,88.26,87.33,87.6,87.3708,950400
"2024-02-29",88.04,89.29,87.74,89.07,88.837,1659000
"2024-03-01",89.07,89.49,88.2,88.68,88.448,1105800
"2024-03-04",88.68,89.89,88.34,89.39,89.1562,759300
"2024-03-05",89.18,90.31,88.98,89.34,89.1063,773900
"2024-03-06",89.59,90.84,89.35,90.58,90.3431,863600
"2024-03-07",90.78,91.28,90.08,90.32,90.0837,873900
"2024-03-08",93.22,93.45,91.6,92.13,91.889,1155800
"2024-03-11",91.6,91.99,90.73,91.81,91.5698,1104800
"2024-03-12",91.53,91.97,90.86,91.73,91.4901,769500
"2024-03-13",91.76,92.57,91.57,92.2,91.9588,1339500
"2024-03-14",92.15,92.54,91.77,92.25,92.0286,1031200
"2024-03-15",91.64,93.14,91.64,92.91,92.6871,2381300
"2024-03-18",93.28,93.71,92.89,93.12,92.8966,1059000
"2024-03-19",93.43,94.25,93.21,94.14,93.9141,1039800
"2024-03-20",94.2,95.51,93.66,94.99,94.7621,982400
"2024-03-21",95.25,96.16,94.81,95.41,95.1811,749500
"2024-03-22",95.71,95.93,95.27,95.85,95.62,1149500
"2024-03-25",95.84,95.96,95.41,95.72,95.4903,885000
"2024-03-26",95.82,96.58,95.55,95.96,95.7297,954300
"2024-03-27",96.33,96.8,96,96.25,96.0191,1382900
"2024-03-28",96.44,96.6,95.84,95.93,95.6998,1438100
"2024-04-01",95.91,96.07,95.14,95.33,95.1013,787900
"2024-04-02",94.99,94.99,94.05,94.13,93.9041,1016300
"2024-04-03",94.26,94.92,94.13,94.36,94.1336,1000500
"2024-04-04",95.47,96.22,94.97,95.5,95.2709,1618200
"2024-04-05",95.77,96.69,95.74,96.65,96.4181,926800
"2024-04-08",97,97.34,96.62,96.98,96.7473,926100
"2024-04-09",96.95,97.32,95.39,96.31,96.0789,910700
"2024-04-10",95.34,96.14,94.58,95.64,95.4105,1111900
"2024-04-11",95.61,95.61,93.86,94.62,94.393,1235900
"2024-04-12",94.12,95.09,93.68,93.96,93.7345,943300
"2024-04-15",95.06,95.4,92.9,93.06,92.8367,1121500
"2024-04-16",93.07,93.51,92.53,93.24,93.0163,1018800
"2024-04-17",93.8,93.84,91.81,92.21,91.9888,927600
"2024-04-18",92.33,93.52,92.26,92.58,92.3579,810300
"2024-04-19",93.04,93.79,92.64,93.3,93.0761,1272100
"2024-04-22",93.58,94.39,93.04,93.77,93.545,1028900
"2024-04-23",94.22,95.65,94.19,95.28,95.0514,1068500
"2024-04-24",95.72,95.86,93.63,94.01,93.7844,1521900
"2024-04-25",84.76,86.26,82.02,84.9,84.6963,5138100
"2024-04-26",84.51,87.21,84.32,86.51,86.3024,2678500
"2024-04-29",86.14,86.88,85.52,86.4,86.1927,1674900
"2024-04-30",86.12,86.22,84.51,84.59,84.387,1458800
"2024-05-01",84.48,85.86,84.12,84.77,84.5666,979400
"2024-05-02",85.32,85.74,84.42,85.37,85.1652,1044700
"2024-05-03",86.21,86.25,85.19,85.59,85.3846,1388900
"2024-05-06",86.39,86.97,85.94,86.9,86.6915,972900
"2024-05-07",87.1,87.68,86.82,87.49,87.2801,923200
"2024-05-08",87.17,87.86,86.7,86.72,86.5119,1199900
"2024-05-09",87,88.68,86.99,88.49,88.2777,1141400
"2024-05-10",88.83,89.16,88.17,88.55,88.3375,915100
"2024-05-13",88.59,88.98,87.7,87.88,87.6691,799100
"2024-05-14",87.97,88.15,87.46,88.1,87.8886,730500
"2024-05-15",88.43,88.64,87.56,88.18,87.9684,855400
"2024-05-16",88,88.14,87.36,87.48,87.2701,1025200
"2024-05-17",87.99,89.37,87.73,89.17,88.956,1099100
"2024-05-20",89.1,89.34,88.42,89.02,88.8064,885100
"2024-05-21",89,89.27,88.59,88.82,88.6069,764900
"2024-05-22",88.59,89.55,88.53,89.08,88.8663,696100
"2024-05-23",89.4,89.4,87.45,87.75,87.5395,795300
"2024-05-24",88.18,88.74,87.96,88.63,88.4173,548600
"2024-05-28",88.63,88.66,87.39,87.47,87.2601,745200
"2024-05-29",86.81,87.17,85.85,86.04,85.8335,987800
"2024-05-30",86.39,87.04,85.92,86.25,86.0431,1037000
"2024-05-31",86.33,87.63,86.15,87.61,87.3998,1288500
"2024-06-03",87.96,88.81,86.34,87.25,87.0407,1509500
"2024-06-04",86.72,87.25,86.18,87.01,86.8012,768400
"2024-06-05",87.06,87.06,85.91,86.54,86.3324,736700
"2024-06-06",86.16,86.65,85.5,85.8,85.5941,743800
"2024-06-07",85.65,86.4,85,85.6,85.3946,631500
"2024-06-10",85.38,86.37,85.24,86.34,86.1328,847000
"2024-06-11",85.86,85.94,84.91,85.45,85.245,944700
"2024-06-12",86.07,86.91,85.7,86.49,86.2825,774400
"2024-06-13",86.16,86.19,85.15,85.98,85.7737,808500
"2024-06-14",85.15,85.44,84.11,85.25,85.0652,1003000
"2024-06-17",84.94,86.14,84.62,85.92,85.7338,1212400
"2024-06-18",85.62,86.07,85.32,85.96,85.7737,885700
"2024-06-20",85.87,86.81,85.76,86.26,86.0731,813000
"2024-06-21",86.33,87.03,85.9,86.74,86.552,2673900
"2024-06-24",86.96,88.51,86.8,87.48,87.2904,767700
"2024-06-25",86.83,87.03,85.67,86.01,85.8236,1135500
"2024-06-26",85.66,86.72,85.53,86.54,86.3524,798100
"2024-06-27",86.76,86.95,85.93,86.34,86.1529,853000
"2024-06-28",86.73,87.17,85.41,85.86,85.6739,1845300
"2024-07-01",86.48,87.03,85.21,85.37,85.185,729300
"2024-07-02",85.21,86.08,85.15,85.78,85.5941,629500
"2024-07-03",85.7,86.32,85.6,86.21,86.0231,651400
"2024-07-05",85.81,85.89,84.51,84.96,84.7759,1379300
"2024-07-08",85.27,85.95,85.07,85.85,85.6639,635600
"2024-07-09",85.84,85.99,85.08,85.13,84.9455,589100
"2024-07-10",85.22,86.35,85.21,86.31,86.1229,649900
"2024-07-11",86.54,88.37,86.5,88.22,88.0288,909700
"2024-07-12",88.88,89.53,88.5,88.79,88.5976,929900
"2024-07-15",89,91.52,88.82,91.09,90.8926,1103800
"2024-07-16",91.43,94.27,91.19,94.02,93.8162,1503900
"2024-07-17",93.41,94.1,91.98,92.07,91.8705,1662900
"2024-07-18",91.51,94.57,90.5,92.62,92.4193,2015500
"2024-07-19",93.23,93.23,90.2,90.33,90.1342,1458100
"2024-07-22",91,92.05,90.2,91.82,91.621,1105500
"2024-07-23",91.82,92.7,91.72,92.13,91.9303,876800
"2024-07-24",91.85,92.08,89.76,90.12,89.9247,1062100
"2024-07-25",90.08,92.3,90.08,91.29,91.0921,896400
"2024-07-26",92.12,92.75,91.62,92.06,91.8605,743300
"2024-07-29",92.11,92.42,91.11,91.51,91.3117,772800
"2024-07-30",92.14,92.96,91.73,92.06,91.8605,591800
"2024-07-31",92.6,93.98,92.03,92.9,92.6987,819000
"2024-08-01",92.84,93.66,89.78,90.6,90.4036,995700
"2024-08-02",89.43,89.43,86.67,87.23,87.0409,1127000
"2024-08-05",85.16,85.83,83.52,84.88,84.696,1166500
"2024-08-06",84.99,86.19,84.36,84.57,84.3867,923900
"2024-08-07",85.45,85.67,83.36,83.46,83.2791,1107100
"2024-08-08",83.29,85.18,83.25,84.78,84.5963,1610700
"2024-08-09",84.94,85.42,84.44,85.13,84.9455,796100
"2024-08-12",85.27,85.61,84.45,84.83,84.6461,1009300
"2024-08-13",85.36,86.24,84.54,86.2,86.0132,662100
"2024-08-14",86.25,86.88,85.63,85.99,85.8036,566400
"2024-08-15",87.26,88.11,86.55,87.81,87.6197,794300
"2024-08-16",87.85,88.1,87.54,87.94,87.7494,683400
"2024-08-19",88,88.64,87.61,88.62,88.428,661300
"2024-08-20",88.39,88.61,87.5,87.94,87.7494,579600
"2024-08-21",88.34,88.68,87.79,88.64,88.4479,814700
"2024-08-22",88.67,88.98,88.13,88.77,88.5776,518700
"2024-08-23",89.24,90.38,88.8,89.91,89.7151,788700
"2024-08-26",90.27,90.93,89.95,90.06,89.8648,429300
"2024-08-27",89.99,89.99,89.4,89.53,89.336,423600
"2024-08-28",89.68,90.69,89.54,90.1,89.9047,464000
"2024-08-29",90.75,91.11,89.89,90.2,90.0045,652600
"2024-08-30",90.37,91.48,89.43,91.2,91.0023,1057400
"2024-09-03",90.41,90.76,88.5,88.94,88.7472,971800
"2024-09-04",88.75,89.66,88.18,88.55,88.3581,956000
"2024-09-05",88.34,88.34,86.57,87.23,87.0409,812400
"2024-09-06",87.2,88.32,85.55,85.71,85.5242,901000
"2024-09-09",86.26,87.65,86.09,86.88,86.6917,921100
"2024-09-10",87,87.06,85.6,86.53,86.3425,732800
"2024-09-11",86.34,86.66,84.2,86.44,86.2527,881900
"2024-09-12",86.18,86.98,85.71,86.95,86.7616,678000
"2024-09-13",87.19,88.09,86.92,87.7,87.5301,792200
"2024-09-16",88.46,89.33,87.83,88.33,88.1588,760600
"2024-09-17",88.5,89.37,88.04,88.69,88.5181,820300
"2024-09-18",89.04,89.2,87.21,87.49,87.3205,1299300
"2024-09-19",89.02,89.3,88.35,88.94,88.7677,1167300
"2024-09-20",88.58,88.62,87.4,87.91,87.7397,2529900
"2024-09-23",87.2,87.44,86.45,86.89,86.7216,953900
"2024-09-24",87.09,87.45,85.8,86.68,86.512,1098600
"2024-09-25",85,86.41,84.98,85.49,85.3244,1199500
"2024-09-26",86.28,87.05,85.82,86.56,86.3923,1011300
"2024-09-27",87,87.87,86.81,87.75,87.58,1203700
"2024-09-30",87.49,88.62,87.03,88.58,88.4084,1094100
"2024-10-01",87.8,88.21,86.46,87.45,87.2805,929200
"2024-10-02",87.46,87.87,86.76,86.98,86.8115,776700
"2024-10-03",86.78,86.83,85.54,86.11,85.9431,825100
"2024-10-04",87.13,87.5,86.13,86.74,86.5719,683400
"2024-10-07",86.24,86.35,85.42,85.78,85.6138,994100
"2024-10-08",85.64,86.52,84.31,84.99,84.8253,1224600
"2024-10-09",84.74,86.88,84.51,86.34,86.1727,933600
"2024-10-10",85.5,86.54,85.32,86.35,86.1827,715400
"2024-10-11",86.35,88.08,86.35,87.96,87.7896,662500
"2024-10-14",87.74,88.49,87.42,88.43,88.2586,722400
"2024-10-15",88.8,89.12,87.76,87.85,87.6798,682800
"2024-10-16",87.87,88.46,87.53,87.64,87.4702,1113300
"2024-10-17",87.94,90.39,87.59,90.32,90.145,1245200
"2024-10-18",90.67,90.67,89.54,90.05,89.8755,995600
"2024-10-21",90.32,91.3,89.05,89.39,89.2168,1110000
"2024-10-22",89.09,89.09,86.7,87.55,87.3804,810300
"2024-10-23",87.47,87.99,86.48,86.87,86.7017,925500
"2024-10-24",82,82.66,80.54,81.49,81.3321,3046400
"2024-10-25",82.87,83.46,81.87,82.35,82.1904,1626200
"2024-10-28",82.71,83.79,82.5,83.27,83.1086,1004600
"2024-10-29",82.74,83.19,81.68,81.77,81.6115,1248400
"2024-10-30",81.39,82.71,80.76,82.06,81.901,1460100
"2024-10-31",82,82.49,80.37,80.42,80.2642,1166500
"2024-11-01",81.01,81.87,80.35,81.46,81.3022,1177200
"2024-11-04",81.44,82.85,81.44,82.04,81.881,1027700
"2024-11-05",82.35,83.37,82.13,83.34,83.1785,1094100
"2024-11-06",87.03,88.35,86.13,87.91,87.7397,1699300
"2024-11-07",87.76,88.5,87,87.87,87.6997,1229300
"2024-11-08",87.72,89.2,87.46,87.56,87.3903,1250500
"2024-11-11",88.37,89.28,87.87,88.1,87.9293,808500
"2024-11-12",88.01,88.38,86.83,86.94,86.7715,1251000
"2024-11-13",86.98,88.23,86.95,87.57,87.4003,1172000
"2024-11-14",87.81,87.96,86.03,86.1,85.9332,1276800
"2024-11-15",85.92,86.99,84.87,84.91,84.7455,1122700
"2024-11-18",84.69,84.99,83.17,83.34,83.1785,1391100
"2024-11-19",82.62,82.83,81.17,81.28,81.1225,1508300
"2024-11-20",81.62,82.13,81.34,81.86,81.7014,1212700
"2024-11-21",82.25,84.11,81.79,83.96,83.7973,1194200
"2024-11-22",84.26,85.54,84.14,85.38,85.2146,744000
"2024-11-25",85.85,86.7,85.58,85.75,85.5838,1125400
"2024-11-26",85.26,85.55,84.24,85.13,84.965,849700
"2024-11-27",85.24,86.2,85.01,85.08,84.9151,664700
"2024-11-29",85.62,85.93,85.07,85.63,85.4641,588000
"2024-12-02",85.66,86.12,84.79,85.46,85.2944,919300
"2024-12-03",85.46,85.69,84.75,85.18,85.0149,633400
"2024-12-04",85.05,85.38,84.51,85.07,84.9052,815500
"2024-12-05",84.83,85.36,82.94,83.11,82.949,1140100
"2024-12-06",83.55,84.11,82.37,82.66,82.4998,1321000
"2024-12-09",82.6,83.33,82.03,82.43,82.2703,1169800
"2024-12-10",82.49,82.95,81,82.07,81.911,1150400
"2024-12-11",82.56,82.82,81.91,82.13,81.9709,1118400
"2024-12-12",82.01,82.01,80.97,81.09,80.9329,893900
"2024-12-13",80.95,81.41,80.67,80.92,80.7831,874300
"2024-12-16",81.14,82,80.6,81.34,81.2024,935300
"2024-12-17",81.08,81.77,79.86,80.07,79.9346,940300
"2024-12-18",80.01,80.6,76.03,76.11,75.9813,2339600
"2024-12-19",76.46,77.2,75.76,75.82,75.6917,1630600
"2024-12-20",75.54,77.59,75.36,76.85,76.72,3646100
"2024-12-23",76.15,76.58,75.48,76.44,76.3107,1265300
"2024-12-24",76.19,77.26,75.7,77.24,77.1094,435500
"2024-12-26",77,77.68,76.69,77.4,77.2691,794900
"2024-12-27",76.8,77.75,76.2,77.21,77.0794,736500
"2024-12-30",76.12,76.83,75.34,76.56,76.4305,686400
"2024-12-31",76.64,77.15,76.05,76.49,76.3606,784100
"2025-01-02",76.95,77.19,75.23,75.79,75.6618,1180900
"2025-01-03",75.83,76.11,75.09,75.73,75.6019,1191100
"2025-01-06",76.34,77.2,75.18,75.41,75.2824,1684300
"2025-01-07",75.55,76.09,75,75.6,75.4721,1414500
"2025-01-08",75.24,76.35,74.89,76,75.8715,1066600
"2025-01-10",75.37,76.16,75.28,75.65,75.522,1261700
"2025-01-13",75.36,76.98,75.19,76.97,76.8398,1237300
"2025-01-14",77.39,78.18,76.98,78.04,77.908,1605000
"2025-01-15",80,80,78.12,78.56,78.4271,1026600
"2025-01-16",78.56,79.02,78.42,78.84,78.7066,1028600
"2025-01-17",79.47,79.71,79.12,79.16,79.0261,1106700
"2025-01-21",80,81.24,80,81.2,81.0626,1820200
"2025-01-22",77.79,79.49,76.02,78.41,78.2774,2516300
"2025-01-23",79.45,79.67,78.06,78.21,78.0777,1934200
"2025-01-24",77.46,78.8,77.17,77.2,77.0694,1928900
"2025-01-27",77.4,79.03,77.22,78.8,78.6667,1701400
"2025-01-28",78.71,79.18,76.8,76.82,76.6901,1580900
"2025-01-29",76.61,77.21,76.06,76.22,76.0911,1240200
"2025-01-30",76.56,77.27,76.25,76.69,76.5603,1218900
"2025-01-31",76.8,77.43,76.22,76.51,76.3806,840200
"2025-02-03",75.33,76,74.12,75.43,75.3024,1097500
"2025-02-04",75.28,76.01,75.26,75.39,75.2625,913100
"2025-02-05",75.72,75.81,74.17,74.55,74.4239,1495500
"2025-02-06",74.64,75.34,74.34,75.26,75.1327,1116800
"2025-02-07",75.56,75.56,74.26,74.52,74.3939,1110300
"2025-02-10",74.78,74.84,73.9,73.93,73.8049,1166500
"2025-02-11",73.53,74.59,73.51,74,73.8748,959500
"2025-02-12",73.09,73.64,72.62,72.8,72.6769,1133200
"2025-02-13",73.18,74.07,72.92,73.1,72.9763,1287500
"2025-02-14",73.31,73.68,72.03,72.28,72.1577,1582200
"2025-02-18",72.77,72.8,71.94,72.44,72.3175,1645500
"2025-02-19",72.07,72.88,71.94,72.6,72.4772,1243200
"2025-02-20",72.56,72.84,72.07,72.43,72.3075,969700
"2025-02-21",72.82,72.83,71.67,72.34,72.2176,1648800
"2025-02-24",72.88,73.68,72.12,72.53,72.4073,1234500
"2025-02-25",72.82,73.52,72.53,73.24,73.1161,1170000
"2025-02-26",73.19,73.63,72.68,73.07,72.9464,920900
"2025-02-27",73.18,73.73,72.81,73.25,73.1261,909000
"2025-02-28",73.72,74.87,73.44,74.73,74.6036,1458500
"2025-03-03",75.49,75.91,73.67,74.02,73.8948,1396500
"2025-03-04",73.36,73.47,70.14,70.19,70.0713,2459300
"2025-03-05",70.68,72.5,70.68,72.37,72.2476,1881600
"2025-03-06",72,73.65,71.6,73.37,73.2459,1553000
"2025-03-07",73.4,75.9,72.76,75.42,75.2924,2577500
"2025-03-10",74.99,77.1,74.7,75.44,75.3124,1453000
"2025-03-11",75.35,75.63,73.07,73.65,73.5254,1521500
"2025-03-12",73.51,74.34,72.43,72.72,72.597,1161900
"2025-03-13",72.39,73.11,71.35,71.99,71.8682,1371400
"2025-03-14",73.08,73.67,72.67,73.19,73.0865,1132500
"2025-03-17",73,75.17,72.46,74.62,74.5145,1255500
"2025-03-18",74.5,74.94,73.88,74.25,74.145,1058000
"2025-03-19",74.2,75.01,74.15,74.44,74.3347,1827800
"2025-03-20",73.88,74.51,73.3,73.49,73.3861,2659500
"2025-03-21",73,73.72,72.53,73.08,72.9767,3154100
"2025-03-24",73.78,74.78,73.43,74.28,74.175,2190700
"2025-03-25",74.68,75.21,74.29,74.64,74.5345,2109500
"2025-03-26",74.92,75.49,74.67,75.17,75.0637,1097100
"2025-03-27",75.3,75.59,74.73,75.28,75.1735,1082600
"2025-03-28",74.92,75.27,72.88,73,72.8968,1075600
"2025-03-31",72.65,73.1,71.8,72.25,72.1478,1567200
"2025-04-01",72.03,73.18,71.33,72.16,72.058,1219600
"2025-04-02",71.25,73.02,71.24,72.48,72.3775,1148300
"2025-04-03",70.29,71.09,66.83,66.87,66.7754,1977100
"2025-04-04",64.84,64.84,60.38,60.72,60.6341,3237500
"2025-04-07",60.27,62.91,57.7,61.09,61.0036,2703400
"2025-04-08",63.91,64.01,59.94,60.93,60.8438,1703900
"2025-04-09",60.2,67.19,60.01,66.78,66.6856,2160600
"2025-04-10",65,65.83,62.75,64.52,64.4288,1581700
"2025-04-11",64.51,65.77,63.19,65.68,65.5871,1259000
"2025-04-14",66,66.72,65.23,65.99,65.8967,1343300
"2025-04-15",65.54,66.55,65.3,65.42,65.3275,731700
"2025-04-16",65.22,66.07,64.56,64.98,64.8881,1220200
"2025-04-17",64.72,66.83,64.72,66.04,65.9466,1563000
"2025-04-21",65.46,65.51,63.79,64.58,64.4887,1706200
"2025-04-22",65.15,65.57,63.93,65.45,65.3574,2352800
"2025-04-23",67.04,68.06,65.73,66.23,66.1364,2115200
"2025-04-24",66.19,68.49,64.05,67.93,67.8339,1980700
"2025-04-25",67.86,68.65,67.44,68.42,68.3232,1698000
"2025-04-28",68.86,69.84,68.64,69.38,69.2819,1610700
"2025-04-29",68.98,70.39,68.98,69.98,69.8811,1227800
"2025-04-30",69.42,70.62,68.83,70.37,70.2705,1261200
"2025-05-01",70.47,71.17,69.65,70.27,70.1706,1043400
"2025-05-02",71.41,72.06,69.81,71.02,70.9196,2105600
"2025-05-05",70.66,71.15,70.19,70.49,70.3903,1066000
"2025-05-06",69.7,70.67,69.46,69.49,69.3917,1073400
"2025-05-07",69.7,70.72,69.6,70,69.901,1975900
"2025-05-08",70.62,73.07,70.52,72.22,72.1179,1600800
"2025-05-09",72.63,72.96,71.95,72.41,72.3076,1146200
"2025-05-12",74.93,76.93,74.19,76.8,76.6914,2220500
"2025-05-13",76.86,77.57,76.5,76.52,76.4118,3006100
"2025-05-14",76.22,76.22,74.77,75.21,75.1036,1719800
"2025-05-15",75.21,76.22,75.16,76,75.8925,870000
"2025-05-16",76.28,76.77,75.39,76.68,76.5716,1118000
"2025-05-19",76.04,76.71,75.63,76.42,76.3119,788400
"2025-05-20",76.09,76.77,75.74,76.05,75.9425,1269700
"2025-05-21",75.45,75.65,73.36,73.38,73.2762,1436400
"2025-05-22",72.98,74.1,72.64,73.48,73.3761,834100
"2025-05-23",72.23,73.17,72,72.92,72.8169,804200
"2025-05-27",74.02,75.21,73.9,74.71,74.6043,1478200
"2025-05-28",74.8,75.04,73.87,73.99,73.8854,1034700
"2025-05-29",74.19,74.57,73.79,74,73.8954,1206100
"2025-05-30",73.58,74.33,73.01,74.03,73.9253,1570600
"2025-06-02",73.77,74,72.76,73.53,73.426,1059500
"2025-06-03",73.38,74.63,72.98,74.49,74.3847,1081900
"2025-06-04",74.49,74.87,74.4,74.49,74.3847,911700
"2025-06-05",74.77,75,73.97,74.5,74.3946,955100
"2025-06-06",75.23,75.82,75.04,75.57,75.4631,793000
"2025-06-09",76.08,77.47,75.94,77.08,76.971,1122100
"2025-06-10",77.1,78.17,76.52,77.85,77.7399,1403600
"2025-06-11",77.96,77.96,76.1,76.8,76.6914,1207100
"2025-06-12",76.21,77.86,75.75,77.8,77.69,1425600
"2025-06-13",77.58,79.55,77.17,77.38,77.2905,1407400
"2025-06-16",78.05,78.14,76.83,77.24,77.1506,1054500
"2025-06-17",76.88,77.52,76.51,76.86,76.771,2154900
"2025-06-18",76.96,78.08,76.55,76.61,76.5213,1946600
"2025-06-20",77.13,77.54,76.27,76.98,76.8909,3144100
"2025-06-23",76.92,78.05,76.67,77.5,77.4103,1860600
"2025-06-24",77.92,79.06,77,78.76,78.6689,2192000
"2025-06-25",78.8,79.72,78.32,79.28,79.1882,1486700
"2025-06-26",79.9,81.16,79.63,80.26,80.1671,1557600
"2025-06-27",80.35,80.74,79.57,80.34,80.247,2416900
"2025-06-30",80.21,80.89,80.04,80.29,80.1971,1245700
"2025-07-01",78.86,81.23,78.37,80.98,80.8863,1491800
"2025-07-02",80.89,81.97,80.18,81.94,81.8452,968400
"2025-07-03",82,82.38,81.65,82.23,82.1348,907000
"2025-07-07",82.32,83.04,81.01,81.37,81.2758,1330000
"2025-07-08",81.44,82.83,81.16,82.12,82.025,1281400
"2025-07-09",82.55,82.78,81.5,82.47,82.3746,753800
"2025-07-10",83.93,85.28,83.38,85.23,85.1314,2201000
"2025-07-11",84.53,85.28,84.19,85.02,84.9216,1167400
"2025-07-14",84.66,85.44,84.12,85.39,85.2912,1316300
"2025-07-15",85.5,86.18,84.33,84.45,84.3523,2383200
"2025-07-16",84.56,84.91,82.81,84.14,84.0426,1253500
"2025-07-17",84.14,85.57,84.14,85.36,85.2612,1405900
"2025-07-18",85.5,85.7,84.22,85,84.9016,1458900
"2025-07-21",85,85.57,84.53,84.75,84.6519,1698900
"2025-07-22",84.73,86.23,84.54,86.04,85.9404,1271500
"2025-07-23",87,87.75,86.63,87.21,87.1091,2429800
"2025-07-24",86.7,87.8,80.34,80.93,80.8363,4147700
"2025-07-25",80.45,80.61,77.62,79.5,79.408,4302800
"2025-07-28",80.02,80.24,78.36,78.56,78.4691,2405000
"2025-07-29",79.36,79.51,77.91,78.14,78.0496,2905000
"2025-07-30",78.49,78.69,77.33,78.05,77.9597,2713400
"2025-07-31",77.71,78.47,77.16,77.77,77.68,1803900
"2025-08-01",76.72,77.46,75.8,77.23,77.1406,1357900
"2025-08-04",77.37,77.82,76.93,77.81,77.7199,1139400
"2025-08-05",78.04,78.27,77.17,78.22,78.1295,1292100
"2025-08-06",78.3,78.6,77.35,77.47,77.3803,1276500
"2025-08-07",78.01,78.19,76.45,77.38,77.2905,877900
"2025-08-08",77.45,77.66,76.93,77.02,76.9309,744900
"2025-08-11",77.12,77.93,77.12,77.58,77.4902,1643300
"2025-08-12",77.88,78.94,77.63,78.54,78.4491,1263900
"2025-08-13",78.71,81.65,78.59,81.35,81.2559,1873400
"2025-08-14",80.86,80.86,80.09,80.32,80.227,973300
"2025-08-15",80.58,80.58,78.86,78.89,78.7987,1352900
"2025-08-18",79,79.89,78.85,79.07,78.9785,1571000
"2025-08-19",79,80.48,78.8,79.68,79.5878,1137600
"2025-08-20",79.53,80.04,79.24,79.29,79.1982,1433700
"2025-08-21",79.12,79.78,78.88,79.48,79.388,1013700
"2025-08-22",80.1,82.27,79.87,81.53,81.4357,876700
"2025-08-25",81.44,81.63,80.75,80.76,80.6665,674600
"2025-08-26",80.96,81.65,80.75,81.38,81.2858,1187200
"2025-08-27",81.37,82.12,81.15,81.89,81.7952,679100
"2025-08-28",82.11,82.21,79.79,80.46,80.3669,935100
"2025-08-29",80.41,80.92,79.84,80.16,80.0672,1289700
"2025-09-02",79.28,79.93,78.48,79.53,79.438,1906700
"2025-09-03",79.42,79.71,78.99,79.7,79.6078,1539600
"2025-09-04",79.94,81.33,79.44,81.33,81.2359,794600
"2025-09-05",81.3,82.18,80.82,81.45,81.3557,1646800
"2025-09-08",81.48,82.86,80.25,82.74,82.6442,1816000
"2025-09-09",82.44,82.44,80.22,80.53,80.4368,1068900
"2025-09-10",80.4,81.55,80.16,81.02,80.9262,950200
"2025-09-11",81.08,82.52,80.61,82.24,82.1448,1110600
"2025-09-12",82.07,82.33,81.23,81.23,81.1557,986900
"2025-09-15",81.6,82.66,81.24,82.23,82.1548,1806600
"2025-09-16",82.95,84.42,82.06,83.43,83.3537,1891300
"2025-09-17",83.48,84.72,82.68,82.71,82.6344,2065800
"2025-09-18",83.03,84.06,82.91,83.92,83.8433,1061900
"2025-09-19",84,84.08,83.29,83.62,83.5435,2488800
"2025-09-22",83.34,83.69,82.58,83.49,83.4137,1278200
"2025-09-23",83.72,84.33,82.37,83.01,82.9341,1128200
"2025-09-24",83,83.41,82.57,82.76,82.6843,1319400
"2025-09-25",82.43,82.86,81.9,82.35,82.2747,1236600
"2025-09-26",83,84.2,82.53,83.49,83.4137,1396400
"2025-09-29",84,84.5,83.29,84.03,83.9532,1459900
"2025-09-30",83.96,84.59,83.59,84.49,84.4127,1271400
"2025-10-01",84.03,85.59,83.85,85.21,85.1321,1757800
"2025-10-02",85.24,86.48,85.24,86.35,86.271,1125900
"2025-10-03",86.35,87.32,86.34,86.85,86.7706,1497300
"2025-10-06",87.35,87.92,86.65,87.34,87.2601,1293400
"2025-10-07",87.54,87.94,84.98,85.03,84.9522,926000
"2025-10-08",85.36,86.27,84.57,86.22,86.1412,1018200
"2025-10-09",86.21,86.37,84.51,84.64,84.5626,1252900
"2025-10-10",85.05,85.16,81.39,81.53,81.4555,1198500
"2025-10-13",82.35,82.84,81.71,81.74,81.6653,1451700
"2025-10-14",81.53,84.04,80.65,83.76,83.6834,996500
"2025-10-15",84.25,84.48,81.7,82.51,82.4346,1219600
"2025-10-16",82.85,83.07,81.4,81.65,81.5753,861000
"2025-10-17",80.97,81.8,80.93,81.36,81.2856,1053200
"2025-10-20",82.03,82.46,81.77,82.4,82.3247,1039500
"2025-10-21",82.32,84.12,82.32,83.02,82.9441,1237500
"2025-10-22",82.96,83.57,82.09,82.58,82.5045,2456500
"2025-10-23",83.08,83.62,78.12,79.47,79.3973,3737400
"2025-10-24",80.18,81.31,79.41,81.22,81.1457,2409900
"2025-10-27",81.23,81.23,80,80.47,80.3964,1925100
"2025-10-28",80.26,80.46,79.33,79.95,79.8769,1602300
"2025-10-29",80.07,81.19,79.08,79.99,79.9169,1802400
"2025-10-30",79.67,81.16,79.38,79.42,79.3474,1226600
"2025-10-31",79.21,81.31,79.05,80.81,80.7361,1412700
"2025-11-03",80.41,80.66,79.4,79.98,79.9069,1289600
"2025-11-04",79.44,79.99,78.84,79.76,79.6871,1493200
"2025-11-05",79.46,81,79.28,80.27,80.1966,1266100
"2025-11-06",80.29,81.27,80.06,80.43,80.3565,900100
"2025-11-07",80.33,82.09,80.09,82.03,81.955,1371500
"2025-11-10",82.06,82.7,80.77,82.06,81.985,1442700
"2025-11-11",82.23,82.83,81.59,82.45,82.3746,681500
"2025-11-12",82.33,83.3,82.33,82.48,82.4046,1054500
"2025-11-13",82.41,83.12,81.13,81.45,81.3755,965800
"2025-11-14",80.84,81.53,80.39,80.72,80.6462,1446500
"2025-11-17",80.76,81.23,79.67,80.06,79.9868,948500
"2025-11-18",80.05,80.46,79.32,79.85,79.777,952500
"2025-11-19",79.6,80.01,79.2,79.78,79.7071,1328700
"2025-11-20",80.81,81.29,79.02,79.53,79.4573,1272700
"2025-11-21",79.67,81.91,79.39,81.33,81.2556,1325600
"2025-11-24",81.25,82.95,80.64,82.39,82.3147,1941200
"2025-11-25",82.68,83.29,82.4,82.92,82.8442,1150600
"2025-11-26",83.13,83.7,82.95,83.04,82.9641,905400
"2025-11-28",82.93,83.38,82.81,83.16,83.084,616100
"2025-12-01",82.37,83.22,81.86,82,81.925,1032900
"2025-12-02",82.41,82.63,81.54,82.43,82.3546,1037400
"2025-12-03",82.7,83.82,82.46,83.7,83.6235,971700
"2025-12-04",84,84.49,82.73,83.14,83.064,1812700
"2025-12-05",83.07,83.54,82.23,83.47,83.3937,1910200
"2025-12-08",83.58,84.65,83.08,84.41,84.3328,1075400
"2025-12-09",83.86,84.81,83.86,83.9,83.8233,1032100
"2025-12-10",83.86,85.53,83.86,85.1,85.0222,1475500
"2025-12-11",85.58,87.61,84.57,86.85,86.7706,1501700
"2025-12-12",86.66,88.12,86.59,87.17,87.1104,2139100
"2025-12-15",87.63,88,86.83,87.94,87.8798,1867800
"2025-12-16",87.55,87.64,85.62,86.33,86.2709,1569100
"2025-12-17",86.39,88.18,86.22,87.44,87.3802,2314200
"2025-12-18",87.6,88.89,87,87.96,87.8998,1904000
"2025-12-19",87.84,89.92,87.75,89.46,89.3988,2682600
"2025-12-22",89.73,91.22,89.51,90.88,90.8178,1463600
"2025-12-23",90.82,91.02,90.18,90.5,90.4381,1126200
"2025-12-24",90.52,90.87,90.18,90.87,90.8078,651000
"2025-12-26",90.87,90.87,89.75,90.22,90.1583,691800
"2025-12-29",90.12,90.43,88.62,88.74,88.6793,961400
"2025-12-30",88.91,89.1,88.05,88.34,88.2796,1214600
"2025-12-31",88.57,88.66,86.92,87.17,87.1104,1512600
"2026-01-02",87.51,87.72,86.46,87.05,86.9904,1767700
"2026-01-05",87.62,89.44,87.51,89,88.9391,2390000
"2026-01-06",89.13,90.12,88.49,90.07,90.0084,1719000
"2026-01-07",90.62,91.87,88.21,88.58,88.5194,2119500
"2026-01-08",90.38,92.84,89.2,91.71,91.6472,2115700
"2026-01-09",91.95,94.02,91.72,93.83,93.7658,1572300
"2026-01-12",93.79,93.96,92.38,93.28,93.2162,2133500
"2026-01-13",94.02,94.58,93.07,93.5,93.436,1366400
"2026-01-14",93.57,94.44,93.1,94.17,94.1056,1091800
"2026-01-15",94.46,94.88,92.94,93.56,93.496,1468000
"2026-01-16",93.68,94.71,93.18,94.23,94.1655,1448900
"2026-01-20",93.58,94.11,92.34,93.16,93.0963,1383400
"2026-01-21",93.9,96.35,93.46,96.32,96.2541,1956600
"2026-01-22",96.98,96.98,95.82,96.03,95.9643,1010200
"2026-01-23",96.04,96.29,94.68,95,94.935,1039900
"2026-01-26",95.16,95.59,94.44,94.64,94.5752,1279600
"2026-01-27",94.95,95.72,93.84,94.23,94.1655,1849200
"2026-01-28",90.53,90.82,84.32,86.79,86.7306,6415400
"2026-01-29",86.83,88.58,86.65,87.82,87.7599,3411500
"2026-01-30",87.83,88.83,87,88.06,87.9997,2354100
"2026-02-02",87.66,88.6,87.06,87.56,87.5001,2326100
"2026-02-03",87.24,89.45,86.36,88.63,88.5694,2252400
"2026-02-04",88.99,91.34,88.99,90.73,90.6679,3184300
"2026-02-05",90.41,92.96,90.03,92.85,92.7865,2664600
"2026-02-06",93.58,95.87,93.5,95.44,95.3747,1863300
"2026-02-09",95.1,95.74,94.48,95.47,95.4047,1605200
"2026-02-10",95.73,96.75,95.38,95.87,95.8044,2028600
"2026-02-11",96.32,97.35,95.69,97.28,97.2134,1418400
"2026-02-12",98.01,100.92,97.17,98.75,98.6824,2873100
"2026-02-13",99.36,99.86,97.55,98.09,98.0229,1727800
"2026-02-17",98.13,100.55,97.75,99.7,99.6318,1658000
"2026-02-18",100.26,101.57,99.31,100.25,100.1814,1997200
"2026-02-19",99.84,101,98.41,99.03,98.9622,1672400
"2026-02-20",99.01,100.82,98.36,100.77,100.701,1753700
"2026-02-23",100.4,100.77,97.55,98.8,98.7324,1284600
"2026-02-24",98.74,99.71,97.92,98.99,98.9223,1147800
"2026-02-25",99.5,99.91,95.67,96.64,96.5739,1213700
"2026-02-26",97.12,99,96.06,98.63,98.5625,1408300
"2026-02-27",97.73,98.83,97.28,98.65,98.5825,1239700
"2026-03-02",99.34,100.98,98.29,100.68,100.6111,1671700
"2026-03-03",99.39,99.74,96.35,98.55,98.4826,1654200
"2026-03-04",99.12,99.46,97.23,99.31,99.2421,1033500
"2026-03-05",98.57,98.7,95.54,96.4,96.334,1491500
"2026-03-06",95.18,95.77,93.31,94.96,94.895,1137700
"2026-03-09",93.95,94.87,91.36,94.14,94.0756,1369100
"2026-03-10",93.8,94.13,92.32,92.51,92.4467,2160200
"2026-03-11",91.77,93.48,91.02,93.27,93.2062,1413900
"2026-03-12",91.41,92.96,91.08,91.54,91.4774,1646400
"2026-03-13",92.21,92.9,90.99,91.05,91.0076,1184100
"2026-03-16",91.95,93.58,91.65,91.86,91.8172,1846600
"2026-03-17",92.66,93.38,89.73,91.49,91.4474,1247400
"2026-03-18",90.59,91.51,88.96,89.1,89.0585,1972200
"2026-03-19",88.02,88.86,87.35,88.69,88.6487,2299700
"2026-03-20",88.4,89.69,87.93,88.77,88.7287,4588700
"2026-03-23",90.9,91,88.96,89.03,88.9885,1661600
"2026-03-24",88.2,91.33,88.2,90.58,90.5378,1545600
"2026-03-25",91.39,92.04,90.28,90.71,90.6677,1200800
"2026-03-26",89.96,90.75,88.38,88.89,88.8486,1311700
"2026-03-27",88.38,88.61,87.23,87.47,87.4293,986500
"2026-03-30",88.24,88.5,85.61,85.95,85.91,1163600
"2026-03-31",87,88.04,85.74,87.56,87.5192,1516600
"2026-04-01",87.9,89.72,87.63,88.91,88.8686,1216900
"2026-04-02",88,89.66,87.07,88.05,88.009,783400
"2026-04-06",87.55,88.57,87.1,88.54,88.4988,710400
"2026-04-07",87.9,88.55,87.27,87.68,87.6392,943100
"2026-04-08",90.56,91.85,90,91.37,91.3274,1306700
"2026-04-09",91,91.99,90.58,91.41,91.3674,1062700
"2026-04-10",91.52,91.79,90.59,91.39,91.3474,840200
"2026-04-13",91.14,93.31,90.89,93.11,93.0666,1127300
"2026-04-14",92.94,93.33,92,92.65,92.6068,849400
"2026-04-15",92.11,92.59,89.6,90.49,90.4478,1238100
"2026-04-16",90.32,91.21,89.87,90.27,90.228,894300
"2026-04-17",90.81,92.94,90.81,91.61,91.5673,982900
"2026-04-20",91.21,92.02,91.16,91.5,91.4574,599700
"2026-04-21",91.54,92.02,89.71,90.79,90.7477,1566700
"2026-04-22",91.31,91.31,89.18,89.46,89.4183,1462000
"2026-04-23",89.77,90.9,89.19,90.37,90.3279,1189600
"2026-04-24",89.78,89.81,86.77,87.96,87.919,1218900
"2026-04-27",88.22,89.12,87.79,88.48,88.4388,1109900
"2026-04-28",87.79,89.33,87.54,88.14,88.0989,903800
"2026-04-29",88.09,90.15,87.98,89.78,89.7382,2613300
"2026-04-30",97.13,97.61,91.47,95.96,95.9153,3709200
"2026-05-01",95.98,96.64,93.75,94.72,94.6759,1855600
"2026-05-04",95,95,90.52,90.94,90.8976,1637900
"2026-05-05",91.58,92.26,90.3,91.63,91.5873,1298200
"2026-05-06",92.86,93.95,92.05,93.09,93.0466,1177800
"2026-05-07",92.98,93.43,91.42,91.59,91.5473,1192300
"2026-05-08",91.96,91.96,90.31,91.01,90.9676,1378900
"2026-05-11",91.11,92.17,90.31,91.66,91.6173,1388600
"2026-05-12",91.67,91.71,89.16,90.82,90.7777,1176200
"2026-05-13",90.64,92.05,89.2,91.38,91.3374,1383200
"2026-05-14",92,92.2,90.57,91.54,91.4974,1057600
"2026-05-15",90.99,91.14,88.72,88.77,88.7287,1629100
"2026-05-18",89.02,91,88.5,90.59,90.5478,1240500
"2026-05-19",90.38,90.6,87.92,88.18,88.1389,1012400
"2026-05-20",88.77,90.13,87.83,89.52,89.4783,1083800
"2026-05-21",88.9,90.84,87.9,90.24,90.198,1004800
"2026-05-22",90.59,91.91,90.54,91.83,91.7872,843700
"2026-05-26",92.38,93,92.18,92.68,92.6368,855200
"2026-05-27",93,93.62,92.12,92.32,92.277,843400
"2026-05-28",92.36,93.36,91.51,91.92,91.8772,1537300
"2026-05-29",91.52,92.24,90.67,91.76,91.7173,2139800
"2026-06-01",90.58,90.58,89.02,89.59,89.5483,1415100
"2026-06-02",89.81,91.85,89.6,91.37,91.3274,1451500
"2026-06-03",90.78,92.82,90.3,91.38,91.3374,1339000
"2026-06-04",92.26,92.51,90.55,91.09,91.0476,1278700
"2026-06-05",91.21,92.43,90.66,91.08,91.0376,1289900
"2026-06-08",91.09,92.1,90.59,91.43,91.3874,1164200
"2026-06-09",91.94,93.9,91.22,93.29,93.2465,1225900
"2026-06-10",93.51,94.5,91.25,91.33,91.2875,1152600
"2026-06-11",92.06,94.73,91.78,93.75,93.7063,1139100
"2026-06-12",94.38,94.47,92.2,92.82,92.7966,1448500
"2026-06-15",94.01,95.01,92.65,93.75,93.7263,1869100
"2026-06-16",93.46,94.7,93.46,93.74,93.7163,1145000
"2026-06-17",92.92,95.03,92.17,92.69,92.6666,944500
"2026-06-18",94.47,94.47,87.17,89.47,89.4474,4306700
"2026-06-22",88.77,88.78,85.94,86.94,86.918,2101400
"2026-06-23",86.92,87.56,86.36,86.4,86.3782,1591400
"2026-06-24",86.54,87.8,86.12,86.54,86.5181,1846900
"2026-06-25",86.53,89.08,86.15,89.06,89.0375,2153400
"2026-06-26",88.94,91.45,88.86,91.22,91.197,2352700
"2026-06-29",90.4,91.98,88.84,90.15,90.1272,1941700
"2026-06-30",90.98,92.6,89.73,91.73,91.7068,1648800
"2026-07-01",91.82,92.74,91.31,91.93,91.9068,1334900
"2026-07-02",92.3,93.2,90.95,92.5,92.4766,1281300
"2026-07-06",92.58,94.23,91.93,93.84,93.8163,1527200
"2026-07-07",94.5,94.5,91.36,91.58,91.5569,1463700
"2026-07-08",90.8,91.25,89.57,89.83,89.8073,1061800
"2026-07-09",89.96,91.08,89.48,90.43,90.4072,1081900
"2026-07-10",90.58,91.27,90.06,90.91,90.887,607700
"2026-07-13",90.56,91.38,89.18,89.42,89.3974,1332000
"2026-07-14",89.99,90.49,88.65,89.5,89.4774,1372300
"2026-07-15",89.32,89.99,88.25,88.75,88.7276,1294700
"2026-07-16",88.35,90.64,88.35,90.64,90.6171,1252000
"2026-07-17",90.34,93.1,90.33,91.48,91.4569,1641800
"2026-07-20",91.93,93.14,90.2,90.79,90.7671,2242600
"2026-07-21",90.48,91.47,89.65,90.53,90.5071,1013100
"2026-07-22",90.92,92.36,90.76,91.71,91.6868,1024500
"2026-07-23",92.5,95.29,91.72,93.19,93.1665,1588400
"2026-07-24",93.54,95.99,93.27,95.53,95.5059,1028600
"2026-07-27",96.18,97.32,95.52,96.13,96.1057,2765300
"2026-07-28",90.92,91.5,87.11,89.96,89.9373,5433100
"2026-07-29",88.71,90.2,85.42,85.65,85.6284,3175800
"2026-07-30",86.76,87.37,84.93,87.09,87.068,2132100
"2026-07-31",87.36,87.39,84.87,85.26,85.2385,2253500
"2026-08-03",85.56,87,84.89,86.39,86.3682,1735200
"2026-08-04",87.12,89.47,85.57,89.12,89.0975,1487800
"2026-08-05",89.26,89.94,88.23,88.46,88.4377,1599700
"2026-08-06",88.96,89.61,87.67,87.89,87.8678,1273800
"2026-08-07",87.86,89.52,87.13,89.43,89.4074,1233500
"2026-08-10",89.3,90.25,88.91,89.2,89.1775,1066200
"2026-08-11",89.19,89.77,87.87,88.21,88.1877,1746600
"2026-08-12",88.46,89.89,87.26,88.89,88.8676,1157900
"2026-08-13",88.24,89.47,87.09,88.04,88.0178,1421700
"2026-08-14",88.42,89.21,87.55,89,88.9775,1051800
"2026-08-17",88.47,89.16,87.55,87.65,87.6279,1253600
"2026-08-18",87.78,88.24,86.93,87.13,87.108,904700
"2026-08-19",87.38,87.97,86.09,86.29,86.2682,1339300
"2026-08-20",85.5,86.36,84.33,84.37,84.3487,1322400
"2026-08-21",85.08,85.08,82.68,82.95,82.929,1827800
"2026-08-24",83.05,83.76,82,82.13,82.1093,1247900
"2026-08-25",82.9,83.39,81.7,81.8,81.7793,1151500
"2026-08-26",82.39,83.46,81.93,83.31,83.289,1303900
"2026-08-27",82.9,83.08,81.95,82.35,82.3292,1533200
"2026-08-28",82.69,83.75,82.45,83.04,83.019,1983400
"2026-08-31",82.43,82.5,80.56,80.56,80.5396,1517600
"2026-09-01",80.16,80.84,79.51,79.71,79.6899,1241600
"2026-09-02",80.11,80.59,79.09,79.24,79.22,1744500
"2026-09-03",79.88,79.92,78.43,79.37,79.35,1718800
"2026-09-04",78.9,79.4,78.69,79.07,79.05,2061400
"2026-09-08",79.02,79.76,78.21,79.54,79.5199,1460600
"2026-09-09",79.22,81.24,78.44,79.89,79.8698,3126400
"2026-09-10",79.38,79.82,78.12,79.2,79.18,1718700
"2026-09-11",80.44,81.17,79.71,81,81,1751700
"2026-09-14",80.19,82.79,80.06,80.58,80.58,2550600
"2026-09-15",80.88,81.54,80.11,80.72,80.72,1533500
"2026-09-16",80.85,81.89,80.4,80.71,80.71,1322300
"2026-09-17",81.67,81.93,80.71,80.91,80.91,1897500
"2026-09-18",81.16,81.43,79.62,79.69,79.69,3713800
"2026-09-21",80.21,80.28,79.33,79.41,79.41,1359100
"2026-09-22",80.03,80.1,77.83,77.88,77.88,1770300
"2026-09-23",77.49,78.2,76.44,76.81,76.81,2252900
"2026-09-24",76.5,77.09,75.86,76.02,76.02,1727700
"2026-09-25",76.13,76.91,75.92,76.52,76.52,325201
