date,open,high,low,close,adjclose,volume
"2018-08-02",9.98,9.99,9.98,9.99,9.9347,21000
"2018-08-03",9.99,9.99,9.99,9.99,9.9347,0
"2018-08-06",10.09,10.09,9.95,9.96,9.9049,6600
"2018-08-07",9.95,9.95,9.95,9.95,9.8949,500
"2018-08-08",9.95,9.95,9.95,9.95,9.8949,0
"2018-08-09",9.9,9.9,9.9,9.9,9.8452,500
"2018-08-10",9.9,10.36,9.85,9.85,9.7955,4100
"2018-08-13",9.85,9.905,9.8,9.81,9.7557,710800
"2018-08-14",10.75,10.77,9.8,9.8,9.7458,50100
"2018-08-15",9.85,9.88,9.84,9.85,9.7955,524700
"2018-08-16",9.85,9.86,9.85,9.86,9.8054,22900
"2018-08-17",9.82,9.83,9.8,9.83,9.7756,402100
"2018-08-20",9.83,9.83,9.83,9.83,9.7756,0
"2018-08-21",9.8,9.8,9.8,9.8,9.7458,2100
"2018-08-22",9.835,9.835,9.8,9.8,9.7458,24800
"2018-08-23",9.81,9.85,9.75,9.81,9.7557,334300
"2018-08-24",9.8,9.8,9.8,9.8,9.7458,100000
"2018-08-27",9.8,9.8,9.75,9.75,9.696,2381000
"2018-08-28",9.76,9.76,9.72,9.75,9.696,685100
"2018-08-29",9.797,9.8,9.77,9.8,9.7458,52600
"2018-08-30",9.8,9.8,9.8,9.8,9.7458,300
"2018-08-31",9.75,9.8,9.73,9.73,9.6762,10600
"2018-09-04",9.79,9.79,9.79,9.79,9.7358,100
"2018-09-05",9.75,9.8,9.75,9.8,9.7458,2100
"2018-09-06",9.8,9.8,9.8,9.8,9.7458,3800
"2018-09-07",9.78,9.78,9.78,9.78,9.7259,4300
"2018-09-10",9.75,9.87,9.75,9.87,9.8154,125100
"2018-09-11",9.75,9.75,9.74,9.75,9.696,179800
"2018-09-12",9.75,9.8,9.75,9.8,9.7458,483000
"2018-09-13",9.8,9.8,9.8,9.8,9.7458,0
"2018-09-14",9.735,9.8,9.735,9.8,9.7458,600
"2018-09-17",9.84,9.84,9.75,9.75,9.696,264600
"2018-09-18",9.77,9.77,9.75,9.77,9.7159,7200
"2018-09-19",9.78,9.84,9.77,9.78,9.7259,280800
"2018-09-20",9.75,9.78,9.73,9.73,9.6762,47900
"2018-09-21",9.75,9.77,9.75,9.75,9.696,74300
"2018-09-24",9.78,9.78,9.77,9.77,9.7159,400
"2018-09-25",9.741,9.77,9.741,9.77,9.7159,47300
"2018-09-26",9.75,9.75,9.749,9.749,9.695,2300
"2018-09-27",9.75,9.77,9.75,9.75,9.696,9000
"2018-09-28",9.75,9.77,9.73,9.75,9.696,65400
"2018-10-01",9.749,9.75,9.715,9.75,9.696,8200
"2018-10-02",9.73,9.76,9.72,9.73,9.6762,359600
"2018-10-03",9.733,9.733,9.733,9.733,9.6791,800
"2018-10-04",9.74,9.76,9.72,9.76,9.706,62800
"2018-10-05",9.76,9.76,9.72,9.72,9.6662,41300
"2018-10-08",9.72,9.75,9.72,9.75,9.696,2000
"2018-10-09",9.78,9.78,9.72,9.72,9.6662,3300
"2018-10-10",9.72,9.74,9.7,9.74,9.6861,391300
"2018-10-11",9.74,9.74,9.705,9.74,9.6861,15900
"2018-10-12",9.73,9.75,9.73,9.75,9.696,284400
"2018-10-15",9.7,9.75,9.7,9.73,9.6762,6200
"2018-10-16",9.75,9.75,9.7,9.74,9.6861,10100
"2018-10-17",9.73,9.75,9.73,9.75,9.696,19000
"2018-10-18",9.757,9.76,9.757,9.76,9.706,400
"2018-10-19",9.77,9.82,9.74,9.82,9.7657,2600
"2018-10-22",9.8,9.8,9.75,9.75,9.696,4900
"2018-10-23",9.76,9.76,9.703,9.76,9.706,1300
"2018-10-24",9.75,9.75,9.7,9.7,9.6463,2600
"2018-10-25",9.7,9.76,9.7,9.76,9.706,700
"2018-10-26",9.75,9.75,9.7,9.7,9.6463,5300
"2018-10-29",9.75,9.75,9.75,9.75,9.696,1000
"2018-10-30",9.767,9.767,9.74,9.74,9.6861,8900
"2018-10-31",9.76,9.76,9.71,9.71,9.6563,1000
"2018-11-01",9.71,9.71,9.71,9.71,9.6563,100
"2018-11-02",9.76,9.76,9.71,9.75,9.696,1200
"2018-11-05",9.85,9.85,9.72,9.72,9.6662,13800
"2018-11-06",9.77,9.77,9.7,9.77,9.7159,4100
"2018-11-07",9.78,9.82,9.7,9.7,9.6463,69300
"2018-11-08",9.75,9.85,9.7,9.7,9.6463,279700
"2018-11-09",9.7,9.85,9.7,9.84,9.7855,15300
"2018-11-12",9.838,9.85,9.83,9.83,9.7756,3200
"2018-11-13",9.84,9.84,9.75,9.75,9.696,500
"2018-11-14",9.83,9.85,9.8,9.8,9.7458,63900
"2018-11-15",9.8,9.85,9.8,9.8,9.7458,1200
"2018-11-16",9.85,9.85,9.85,9.85,9.7955,300
"2018-11-19",9.823,9.84,9.75,9.75,9.696,119400
"2018-11-20",9.84,9.84,9.81,9.81,9.7557,7600
"2018-11-21",9.83,9.83,9.75,9.75,9.696,8800
"2018-11-23",9.83,9.83,9.81,9.83,9.7756,900
"2018-11-26",9.83,9.83,9.75,9.75,9.696,15700
"2018-11-27",9.83,10.06,9.83,10.06,10.0043,11300
"2018-11-28",9.85,9.86,9.81,9.81,9.7557,2000
"2018-11-29",10,10,9.81,9.87,9.8154,4300
"2018-11-30",9.87,9.87,9.85,9.85,9.7955,2100
"2018-12-03",9.88,9.9,9.82,9.82,9.7657,19700
"2018-12-04",9.98,10,9.82,9.82,9.7657,1100
"2018-12-06",9.95,9.95,9.84,9.85,9.7955,50500
"2018-12-07",9.85,9.85,9.76,9.78,9.7259,62800
"2018-12-10",9.82,9.88,9.82,9.88,9.8253,27000
"2018-12-11",9.86,9.865,9.805,9.85,9.7955,52300
"2018-12-12",9.85,9.87,9.82,9.87,9.8154,51100
"2018-12-13",9.83,9.86,9.8,9.8,9.7458,20200
"2018-12-14",9.7,9.85,9.7,9.72,9.6662,45700
"2018-12-17",9.75,9.84,9.75,9.75,9.696,2200
"2018-12-18",9.85,9.85,9.75,9.75,9.696,42700
"2018-12-19",9.83,9.83,9.81,9.82,9.7657,10700
"2018-12-20",9.82,9.82,9.8,9.8,9.7458,6800
"2018-12-21",9.8,9.8,9.8,9.8,9.7458,212100
"2018-12-24",9.8,9.8,9.8,9.8,9.7458,100
"2018-12-26",9.84,9.84,9.8,9.8,9.7458,2300
"2018-12-27",9.79,9.8,9.73,9.73,9.6762,2800
"2018-12-28",9.83,9.83,9.73,9.73,9.6762,8600
"2018-12-31",9.77,9.8,9.73,9.8,9.7458,21400
"2019-01-02",9.75,9.83,9.75,9.75,9.696,2300
"2019-01-03",9.75,9.81,9.75,9.75,9.696,1800
"2019-01-04",9.75,9.79,9.75,9.78,9.7259,16000
"2019-01-07",9.78,9.84,9.78,9.81,9.7557,18400
"2019-01-08",9.85,9.88,9.76,9.8,9.7458,221400
"2019-01-09",9.81,9.84,9.78,9.82,9.7657,25400
"2019-01-10",9.8,9.85,9.77,9.77,9.7159,39900
"2019-01-11",9.85,9.85,9.77,9.84,9.7855,35000
"2019-01-14",9.76,9.85,9.76,9.83,9.7756,27100
"2019-01-15",9.84,9.85,9.791,9.85,9.7955,16300
"2019-01-16",9.85,9.86,9.81,9.81,9.7557,21600
"2019-01-17",9.85,9.85,9.81,9.85,9.7955,400
"2019-01-18",9.846,9.85,9.82,9.85,9.7955,326000
"2019-01-22",9.84,9.851,9.8,9.83,9.7756,426900
"2019-01-23",9.87,9.88,9.87,9.88,9.8253,400
"2019-01-24",9.82,9.87,9.82,9.87,9.8154,395600
"2019-01-25",9.85,9.87,9.85,9.86,9.8054,101100
"2019-01-28",9.86,9.88,9.86,9.87,9.8154,103800
"2019-01-29",9.87,9.9,9.86,9.86,9.8054,2400
"2019-01-30",9.87,9.89,9.87,9.89,9.8353,4900
"2019-01-31",9.87,9.93,9.86,9.87,9.8154,7200
"2019-02-01",9.95,9.95,9.95,9.95,9.8949,700
"2019-02-04",9.92,9.95,9.83,9.83,9.7756,92000
"2019-02-05",9.87,9.87,9.84,9.86,9.8054,594400
"2019-02-06",9.88,9.95,9.87,9.95,9.8949,6300
"2019-02-07",9.9,9.95,9.9,9.95,9.8949,8800
"2019-02-08",9.93,9.95,9.93,9.95,9.8949,1800
"2019-02-11",9.94,9.94,9.885,9.94,9.885,4000
"2019-02-12",9.93,9.98,9.93,9.98,9.9248,51100
"2019-02-13",9.98,9.98,9.92,9.93,9.875,15100
"2019-02-14",9.92,9.95,9.89,9.93,9.875,600700
"2019-02-15",9.88,9.95,9.88,9.89,9.8353,7400
"2019-02-19",9.95,9.95,9.89,9.89,9.8353,3100
"2019-02-20",9.9,9.9,9.86,9.86,9.8054,92700
"2019-02-21",9.95,9.95,9.95,9.95,9.8949,2700
"2019-02-22",9.935,9.94,9.9,9.9,9.8452,3000
"2019-02-25",9.9,9.9,9.9,9.9,9.8452,100
"2019-02-26",9.93,9.95,9.91,9.95,9.8949,3300
"2019-02-27",9.92,9.95,9.88,9.93,9.875,74000
"2019-02-28",9.93,9.93,9.93,9.93,9.875,0
"2019-03-01",9.95,9.95,9.94,9.94,9.885,23600
"2019-03-04",9.93,9.95,9.93,9.95,9.8949,1400
"2019-03-05",9.93,10,9.93,10,9.9447,488600
"2019-03-06",10,10.03,9.95,10.03,9.9745,9300
"2019-03-07",10,10.01,9.97,9.97,9.9148,52200
"2019-03-08",9.97,9.97,9.949,9.97,9.9148,11600
"2019-03-11",9.95,9.97,9.95,9.96,9.9049,140100
"2019-03-12",9.97,9.97,9.93,9.93,9.875,65800
"2019-03-13",9.97,9.98,9.95,9.95,9.8949,513800
"2019-03-14",9.95,9.97,9.95,9.95,9.8949,10200
"2019-03-15",9.94,9.98,9.94,9.98,9.9248,800
"2019-03-18",9.97,9.99,9.97,9.99,9.9347,8100
"2019-03-19",10,10,9.97,9.98,9.9248,133700
"2019-03-20",9.984,9.99,9.97,9.97,9.9148,127200
"2019-03-21",9.95,9.96,9.94,9.94,9.885,3800
"2019-03-22",9.99,9.99,9.94,9.95,9.8949,198000
"2019-03-25",9.99,9.99,9.97,9.97,9.9148,1800
"2019-03-26",9.99,10.04,9.99,10.01,9.9546,238100
"2019-03-27",9.99,10.02,9.97,9.99,9.9347,141400
"2019-03-28",10.03,10.03,9.995,9.998,9.9427,800
"2019-03-29",10.016,10.05,10,10.02,9.9645,122000
"2019-04-01",10.01,10.01,9.99,9.99,9.9347,92600
"2019-04-02",10.01,10.01,9.99,10,9.9447,31700
"2019-04-03",10.03,10.03,10,10.02,9.9645,71100
"2019-04-04",10.03,10.03,9.97,9.97,9.9148,361600
"2019-04-05",10.015,10.03,10.01,10.01,9.9546,261200
"2019-04-08",10.06,10.06,10.019,10.03,9.9745,1300
"2019-04-09",10,10,10,10,9.9447,200
"2019-04-10",10,10.02,10,10,9.9447,3100
"2019-04-11",10.015,10.015,9.99,9.99,9.9347,700
"2019-04-12",10.05,10.05,10,10,9.9447,4600
"2019-04-15",10.02,10.07,10.02,10.07,10.0143,700
"2019-04-16",10.07,10.07,10.07,10.07,10.0143,100
"2019-04-17",10.05,10.05,10.05,10.05,9.9944,7100
"2019-04-18",10.05,10.05,10.05,10.05,9.9944,0
"2019-04-22",10.019,10.06,10.01,10.01,9.9546,286100
"2019-04-23",10.06,10.08,10.06,10.06,10.0043,360300
"2019-04-24",10.07,10.1,10.066,10.1,10.0441,54600
"2019-04-25",10.08,10.08,10.07,10.08,10.0242,300700
"2019-04-26",10.12,10.12,10.12,10.12,10.064,500
"2019-04-29",10.063,10.1,10.063,10.1,10.0441,326000
"2019-04-30",10.12,10.12,10.12,10.12,10.064,700
"2019-05-01",10.15,10.15,10.1,10.12,10.064,24200
"2019-05-02",10.12,10.12,10.1,10.1,10.0441,700
"2019-05-03",10.1,10.1,10.1,10.1,10.0441,800
"2019-05-06",10.05,10.1,10.05,10.1,10.0441,53000
"2019-05-07",10.09,10.09,10.09,10.09,10.0342,2200
"2019-05-08",10.11,10.11,10.11,10.11,10.0541,200
"2019-05-09",10.1,10.1,10.06,10.06,10.0043,2000
"2019-05-10",10.086,10.086,10.08,10.08,10.0242,19700
"2019-05-13",10.05,10.06,10.05,10.06,10.0043,300
"2019-05-14",10.089,10.1,10.08,10.08,10.0242,4400
"2019-05-15",10.13,10.13,10.09,10.1,10.0441,900
"2019-05-16",10.1,10.1,10.1,10.1,10.0441,52100
"2019-05-17",10.1,10.1,10.1,10.1,10.0441,100
"2019-05-20",10.09,10.09,10.09,10.09,10.0342,5000
"2019-05-21",10.12,10.12,10.09,10.09,10.0342,5700
"2019-05-22",10.1,10.1,10.09,10.09,10.0342,7300
"2019-05-23",10.1,10.1,10.06,10.06,10.0043,25100
"2019-05-24",10.08,10.1,10.07,10.07,10.0143,755200
"2019-05-28",10.08,10.1,10.07,10.07,10.0143,2406800
"2019-05-29",10.085,10.09,10.08,10.08,10.0242,54800
"2019-05-30",10.14,10.14,10.07,10.08,10.0242,342700
"2019-05-31",10.085,10.09,10.07,10.08,10.0242,1500
"2019-06-03",10.19,10.19,10.1,10.1,10.0441,39700
"2019-06-04",10.1,10.1,10.07,10.1,10.0441,11900
"2019-06-05",10.1,10.1,10.1,10.1,10.0441,400
"2019-06-06",10.086,10.09,10.07,10.09,10.0342,3000
"2019-06-07",10.1,10.1,10.09,10.1,10.0441,35200
"2019-06-10",10.097,10.097,10.09,10.09,10.0342,28600
"2019-06-11",10.088,10.088,10.087,10.087,10.0312,1000
"2019-06-12",10.1,10.1,10.1,10.1,10.0441,10700
"2019-06-13",10.09,10.1,10.09,10.09,10.0342,20600
"2019-06-14",10.09,10.14,10.09,10.1,10.0441,3270100
"2019-06-17",10.1,10.1,10.1,10.1,10.0441,0
"2019-06-18",10.1,10.14,10.1,10.1,10.0441,700
"2019-06-19",10.1,10.11,10.1,10.11,10.0541,500
"2019-06-20",10.11,10.12,10.11,10.11,10.0541,1200
"2019-06-21",10.14,10.19,10.14,10.19,10.1336,8700
"2019-06-24",10.18,10.18,10.15,10.15,10.0938,11100
"2019-06-25",10.106,10.16,10.106,10.13,10.0739,112200
"2019-06-26",10.14,10.16,10.14,10.14,10.0839,301500
"2019-06-27",10.14,10.17,10.1,10.12,10.064,776500
"2019-06-28",10.13,10.14,10.1,10.14,10.0839,9600
"2019-07-01",10.12,10.12,10.11,10.11,10.0541,1800
"2019-07-02",10.14,10.14,10.1,10.14,10.0839,46700
"2019-07-03",10.14,10.14,10.14,10.14,10.0839,125200
"2019-07-05",10.14,10.14,10.13,10.13,10.0739,95700
"2019-07-08",10.14,10.19,10.12,10.16,10.1038,1561300
"2019-07-09",10.16,10.165,10.16,10.165,10.1087,600
"2019-07-10",10.22,10.22,10.18,10.2,10.1436,2800
"2019-07-11",10.21,10.21,10.16,10.17,10.1137,107400
"2019-07-12",10.22,10.22,10.18,10.18,10.1237,109800
"2019-07-15",10.19,10.19,10.19,10.19,10.1336,10100
"2019-07-16",10.19,10.19,10.19,10.19,10.1336,100
"2019-07-17",10.15,10.15,10.15,10.15,10.0938,155000
"2019-07-18",10.11,10.2,10.11,10.16,10.1038,2091500
"2019-07-19",10.09,10.21,10.09,10.18,10.1237,4600
"2019-07-22",10.2,10.2,10.2,10.2,10.1436,200
"2019-07-23",10.2,10.2,10.2,10.2,10.1436,100
"2019-07-24",10.16,10.21,10.16,10.21,10.1535,1500
"2019-07-25",10.27,10.27,10.13,10.18,10.1237,162800
"2019-07-26",10.25,10.25,10.16,10.23,10.1734,50700
"2019-07-29",10.14,10.24,10.14,10.22,10.1634,20200
"2019-07-30",10.22,10.25,10.2,10.25,10.1933,34900
"2019-07-31",10.25,10.25,10.17,10.19,10.1336,40400
"2019-08-01",10.1,10.24,10.1,10.2,10.1436,226400
"2019-08-02",10.27,10.27,10.15,10.25,10.1933,62600
"2019-08-05",10.23,10.25,10.18,10.18,10.1237,600
"2019-08-06",10.25,10.25,10.22,10.22,10.1634,21000
"2019-08-07",10.13,10.25,10.13,10.18,10.1237,57600
"2019-08-08",10.17,10.22,10.17,10.18,10.1237,5800
"2019-08-09",10.1,10.25,10.1,10.19,10.1336,19600
"2019-08-12",10.1,10.25,10.1,10.19,10.1336,19600
"2019-08-13",10.18,10.25,10.18,10.23,10.1734,10800
"2019-08-14",10.21,10.25,10.21,10.25,10.1933,1900
"2019-08-15",10.22,10.24,10.21,10.24,10.1833,13800
"2019-08-16",10.23,10.24,10.23,10.24,10.1833,1400
"2019-08-19",10.24,10.29,10.24,10.245,10.1883,10100
"2019-08-20",10.25,10.25,10.12,10.12,10.064,9300
"2019-08-21",10.25,10.25,10.25,10.25,10.1933,100
"2019-08-22",10.24,10.25,10.17,10.25,10.1933,7200
"2019-08-23",10.225,10.23,10.195,10.195,10.1386,6400
"2019-08-26",10.2,10.24,10.19,10.22,10.1634,121800
"2019-08-27",10.29,10.29,10.2,10.2,10.1436,900
"2019-08-28",10.2,10.2,10.19,10.19,10.1336,2200
"2019-08-29",10.193,10.193,10.17,10.17,10.1137,800
"2019-08-30",10.2,10.25,10.2,10.25,10.1933,1200
"2019-09-03",10.2,10.25,10.185,10.23,10.1734,124900
"2019-09-04",10.24,10.24,10.233,10.233,10.1764,600
"2019-09-05",10.23,10.23,10.23,10.23,10.1734,300
"2019-09-06",10.22,10.22,10.19,10.19,10.1336,206200
"2019-09-09",10.19,10.2,10.19,10.19,10.1336,383500
"2019-09-10",10.22,10.22,10.19,10.19,10.1336,300
"2019-09-11",10.19,10.2,10.19,10.2,10.1436,10200
"2019-09-12",10.23,10.24,10.19,10.2,10.1436,4300
"2019-09-13",10.2,10.24,10.2,10.24,10.1833,59600
"2019-09-16",10.21,10.23,10.2,10.22,10.1634,392900
"2019-09-17",10.19,10.23,10.19,10.22,10.1634,4000
"2019-09-18",10.22,10.22,10.2,10.22,10.1634,29500
"2019-09-19",10.25,10.25,10.22,10.22,10.1634,24800
"2019-09-20",10.2,10.28,10.2,10.28,10.2231,333100
"2019-09-23",10.39,10.39,10.23,10.25,10.1933,57400
"2019-09-24",10.23,10.24,10.21,10.23,10.1734,26100
"2019-09-25",10.25,10.25,10.24,10.24,10.1833,2900
"2019-09-26",10.25,10.29,10.22,10.27,10.2132,106400
"2019-09-27",10.27,10.27,10.25,10.27,10.2132,8700
"2019-09-30",10.27,10.27,10.2,10.2,10.1436,1100
"2019-10-01",10.25,10.25,10.23,10.23,10.1734,2300
"2019-10-02",10.2,10.25,10.2,10.22,10.1634,1300
"2019-10-03",10.24,10.24,10.23,10.23,10.1734,50800
"2019-10-04",10.22,10.27,10.22,10.27,10.2132,107500
"2019-10-07",10.28,10.28,10.24,10.25,10.1933,20600
"2019-10-08",10.23,10.23,10.22,10.23,10.1734,1100
"2019-10-09",10.23,10.25,10.23,10.23,10.1734,234200
"2019-10-10",10.23,10.24,10.22,10.24,10.1833,12200
"2019-10-11",10.23,10.23,10.23,10.23,10.1734,400
"2019-10-14",10.23,10.25,10.23,10.23,10.1734,74600
"2019-10-15",10.25,10.3,10.22,10.22,10.1634,128500
"2019-10-16",10.28,10.28,10.24,10.24,10.1833,4700
"2019-10-17",10.245,10.25,10.2,10.22,10.1634,263000
"2019-10-18",10.22,10.22,10.22,10.22,10.1634,100
"2019-10-21",10.22,10.24,10.22,10.24,10.1833,1500
"2019-10-22",10.24,10.24,10.24,10.24,10.1833,404000
"2019-10-23",10.24,10.3,10.24,10.27,10.2132,660200
"2019-10-24",10.27,10.27,10.27,10.27,10.2132,76200
"2019-10-25",10.25,10.3,10.24,10.27,10.2132,450600
"2019-10-28",10.288,10.288,10.25,10.27,10.2132,54300
"2019-10-29",10.27,10.27,10.27,10.27,10.2132,0
"2019-10-30",10.275,10.28,10.275,10.28,10.2231,200
"2019-10-31",10.28,10.28,10.27,10.27,10.2132,1400
"2019-11-01",10.27,10.27,10.27,10.27,10.2132,100
"2019-11-04",10.27,10.27,10.27,10.27,10.2132,100
"2019-11-05",10.24,10.25,10.24,10.24,10.1833,52100
"2019-11-06",10.27,10.27,10.27,10.27,10.2132,10000
"2019-11-07",10.27,10.27,10.27,10.27,10.2132,0
"2019-11-08",10.27,10.28,10.24,10.24,10.1833,45600
"2019-11-11",10.24,10.24,10.24,10.24,10.1833,0
"2019-11-12",10.26,10.26,10.24,10.255,10.1982,2231700
"2019-11-13",10.24,10.25,10.23,10.24,10.1833,1602300
"2019-11-14",10.24,10.26,10.24,10.24,10.1833,126100
"2019-11-15",10.24,10.28,10.23,10.28,10.2231,27800
"2019-11-18",10.24,10.25,10.23,10.24,10.1833,20700
"2019-11-19",10.24,10.24,10.24,10.24,10.1833,5000
"2019-11-20",10.24,10.24,10.24,10.24,10.1833,100
"2019-11-21",10.25,10.25,10.25,10.25,10.1933,27200
"2019-11-22",10.23,10.25,10.23,10.25,10.1933,500
"2019-11-25",10.28,10.28,10.23,10.23,10.1734,1650800
"2019-11-26",10.24,10.24,10.23,10.23,10.1734,5000
"2019-11-27",10.23,10.23,10.23,10.23,10.1734,0
"2019-11-29",10.23,10.23,10.23,10.23,10.1734,0
"2019-12-02",10.26,10.35,10.248,10.35,10.2927,2611000
"2019-12-03",10.36,10.38,10.345,10.38,10.3226,411600
"2019-12-04",10.36,10.4,10.36,10.38,10.3226,151500
"2019-12-05",10.38,10.38,10.35,10.375,10.3176,5000
"2019-12-06",10.38,10.39,10.38,10.39,10.3325,2900
"2019-12-09",10.4,10.455,10.39,10.45,10.3922,665100
"2019-12-10",10.71,11.05,10.59,10.62,10.5612,20965500
"2019-12-11",10.83,11.1,10.7,11.04,10.9789,8038900
"2019-12-12",11.1,11.5,11.04,11.07,11.0087,6818900
"2019-12-13",11.1,11.14,10.91,10.94,10.8795,1196200
"2019-12-16",11,11.04,10.84,10.9,10.8397,372400
"2019-12-17",10.94,11.04,10.8,10.89,10.8297,1448400
"2019-12-18",10.85,10.9,10.8,10.85,10.79,256800
"2019-12-19",10.84,10.9,10.81,10.86,10.7999,295600
"2019-12-20",10.85,11.01,10.85,10.98,10.9192,2357300
"2019-12-23",10.98,11.03,10.92,10.95,10.8894,223900
"2019-12-24",10.94,11,10.85,10.9,10.8397,275700
"2019-12-26",10.95,10.963,10.9,10.92,10.8596,501700
"2019-12-27",10.95,10.98,10.9,10.94,10.8795,809900
"2019-12-30",11.01,11.01,10.9,10.92,10.8596,421200
"2019-12-31",10.95,11.04,10.95,11.03,10.969,1540500
"2020-01-02",11.12,11.29,11.01,11.22,11.1579,1033800
"2020-01-03",11.19,11.27,11.13,11.24,11.1778,646300
"2020-01-06",11.17,11.383,11.17,11.32,11.2574,954000
"2020-01-07",11.25,11.5,11.25,11.41,11.3469,1311300
"2020-01-08",11.4,11.48,11.36,11.45,11.3866,1258800
"2020-01-09",11.5,11.83,11.48,11.75,11.685,3353900
"2020-01-10",11.83,11.88,11.52,11.67,11.6054,3927900
"2020-01-13",11.58,11.77,11.56,11.67,11.6054,1175900
"2020-01-14",11.74,11.83,11.65,11.7,11.6353,564700
"2020-01-15",11.75,11.86,11.63,11.71,11.6452,1517700
"2020-01-16",11.7,11.91,11.67,11.67,11.6054,684500
"2020-01-17",11.7,11.7,11.4,11.4,11.3369,1550800
"2020-01-21",11.59,11.69,11.47,11.5,11.4364,1932700
"2020-01-22",11.52,11.72,11.5,11.59,11.5259,1907400
"2020-01-23",11.55,11.753,11.41,11.7,11.6353,2965800
"2020-01-24",11.7,12.16,11.7,11.91,11.8441,3502700
"2020-01-27",11.83,12.28,11.77,12.16,12.0927,4482000
"2020-01-28",12.15,12.71,12.15,12.51,12.4408,2480500
"2020-01-29",12.5,12.95,12.4,12.63,12.5601,2262300
"2020-01-30",12.74,12.85,12.45,12.49,12.4209,1207000
"2020-01-31",12.47,12.5,12.28,12.4,12.3314,2144000
"2020-02-03",12.4,12.51,12.308,12.38,12.3115,1195100
"2020-02-04",12.47,12.87,12.35,12.69,12.6198,1775000
"2020-02-05",12.7,12.83,12.48,12.79,12.7192,1138600
"2020-02-06",12.77,13.54,12.62,12.86,12.7888,2820800
"2020-02-07",13.15,13.2,12.695,12.88,12.8087,475700
"2020-02-10",13.2,13.43,12.88,13,12.9281,738000
"2020-02-11",13.75,13.75,12.51,12.75,12.6794,2963500
"2020-02-12",12.74,13.15,12.5,12.5,12.4308,1178300
"2020-02-13",12.66,12.912,12.45,12.67,12.5999,1863800
"2020-02-14",13.1,13.179,12.8,13,12.9281,2181800
"2020-02-18",13,13.5,13,13.34,13.2662,3368500
"2020-02-19",13.45,13.5,13.34,13.46,13.3855,1836400
"2020-02-20",13.41,13.5,12.9,13,12.9281,2199000
"2020-02-21",13.34,13.34,12.7,12.85,12.7789,2137000
"2020-02-24",12.09,12.77,12.09,12.69,12.6198,2670200
"2020-02-25",12.84,13.065,12.2,12.5,12.4308,3332900
"2020-02-26",12.88,12.95,12.23,12.32,12.2518,2051500
"2020-02-27",12.2,12.57,11.65,11.84,11.7745,3491200
"2020-02-28",11.39,12,11.11,11.79,11.7248,2810000
"2020-03-02",11.8,11.935,11.24,11.76,11.6949,1710000
"2020-03-03",11.9,11.91,10.87,11.14,11.0784,3235500
"2020-03-04",11.35,11.63,11.07,11.24,11.1778,3358000
"2020-03-05",11.12,11.12,10.47,10.49,10.4319,3424900
"2020-03-06",10.31,10.34,9.59,10,9.9447,3305500
"2020-03-09",8.5,10.9,8.5,9.95,9.8949,3629600
"2020-03-10",10.09,11.345,10.03,11.1,11.0386,3061800
"2020-03-11",10.67,10.95,10.25,10.65,10.5911,2294000
"2020-03-12",10.22,10.4,8.62,8.7,8.6519,4272800
"2020-03-13",9.2,9.67,8.05,8.9,8.8507,4997600
"2020-03-16",7.89,7.89,6.7,7.73,7.6872,5696100
"2020-03-17",7.8,7.8,6.5,7.25,7.2099,2917700
"2020-03-18",6.75,6.76,5,5.57,5.5392,5092500
"2020-03-19",5.65,7.12,4.75,6.76,6.7226,3926000
"2020-03-20",6.66,7.4,6.65,7.36,7.3193,3384100
"2020-03-23",7.12,7.34,6.01,6.76,6.7226,3538400
"2020-03-24",7.11,7.68,7.09,7.68,7.6375,3403000
"2020-03-25",7.7,9.15,7.29,8.92,8.8706,1863700
"2020-03-26",8.65,9,8.58,8.88,8.8309,2393600
"2020-03-27",8.48,8.48,7.74,8.22,8.1745,2577800
"2020-03-30",8.19,8.34,7.99,8.14,8.095,1332700
"2020-03-31",8.02,8.71,7.81,8.65,8.6021,1628800
"2020-04-01",8.54,8.64,7.91,8.07,8.0253,2206300
"2020-04-02",8.06,8.409,7.92,8.13,8.085,1339200
"2020-04-03",8.1,8.17,7.66,7.9,7.8563,1483100
"2020-04-06",8.08,8.755,8.05,8.6,8.5524,1415700
"2020-04-07",9.02,9.28,8.1,8.14,8.095,1974700
"2020-04-08",8.23,8.73,8.19,8.5,8.453,1550600
"2020-04-09",8.8,9.36,8.75,9.19,9.1391,2207500
"2020-04-13",8.97,9.76,8.95,9.65,9.5966,2202400
"2020-04-14",9.72,10.37,9.72,9.88,9.8253,2254300
"2020-04-15",9.7,10.015,9.24,9.72,9.6662,1091500
"2020-04-16",9.77,10.15,9.67,10,9.9447,1551100
"2020-04-17",10.33,10.6,10.075,10.28,10.2231,2105700
"2020-04-20",10.13,10.6,9.85,10.26,10.2032,865800
"2020-04-21",10.08,10.32,9.76,9.98,9.9248,2111300
"2020-04-22",10.12,10.35,9.84,10,9.9447,1884500
"2020-04-23",10.01,10.38,9.87,10.09,10.0342,981000
"2020-04-24",10.23,10.47,10.04,10.26,10.2032,753700
"2020-04-27",10.4,10.57,10.21,10.37,10.3126,1096800
"2020-04-28",10.5,10.81,10.1,10.45,10.3922,1192000
"2020-04-29",10.71,10.86,10.5,10.65,10.5911,1242400
"2020-04-30",10.63,10.835,10.06,10.59,10.5314,1567000
"2020-05-01",10.42,10.59,9.82,10.29,10.2331,2055300
"2020-05-04",10.4,10.4,9.98,10.09,10.0342,1527400
"2020-05-05",10.13,10.5,10.1,10.4,10.3424,2763700
"2020-05-06",9.85,10.87,9.72,10.65,10.5911,4518500
"2020-05-07",11.03,11.36,10.79,10.87,10.8098,2720500
"2020-05-08",10.96,11.4,10.9,11.01,10.9491,2308600
"2020-05-11",11.23,11.8,11.06,11.54,11.4761,2556400
"2020-05-12",11.64,11.8,11.48,11.56,11.496,1971700
"2020-05-13",11.53,11.65,11.07,11.24,11.1778,2783000
"2020-05-14",11.07,11.64,10.75,11.59,11.5259,1927100
"2020-05-15",11.5,11.63,11.28,11.45,11.3866,1591700
"2020-05-18",11.75,12.25,11.44,11.71,11.6452,2161800
"2020-05-19",11.69,12.18,11.65,11.75,11.685,1527600
"2020-05-20",12,12.44,11.96,11.97,11.9038,2236500
"2020-05-21",12.01,12.3,11.77,12.02,11.9535,2635400
"2020-05-22",12.06,12.18,11.98,12.07,12.0032,2370700
"2020-05-26",12.47,12.58,12.21,12.49,12.4209,3573400
"2020-05-27",12.75,12.75,12.305,12.45,12.3811,3815200
"2020-05-28",12.55,12.8,12.25,12.55,12.4805,1189100
"2020-05-29",12.43,12.83,12.12,12.73,12.6596,3242400
"2020-06-01",12.75,13.61,12.73,13.31,13.2363,2224700
"2020-06-02",13.27,13.66,13.1,13.47,13.3955,2440400
"2020-06-03",13.6,14.005,13.44,13.92,13.843,2661900
"2020-06-04",13.7,14.07,13.47,13.64,13.5645,2451900
"2020-06-05",13.96,14.42,13.68,14,13.9225,2638000
"2020-06-08",14.23,15.03,14.05,14.86,14.7778,7791500
"2020-06-09",14.69,15.05,14.16,14.22,14.1413,2446200
"2020-06-10",14.28,14.54,14.08,14.22,14.1413,2268700
"2020-06-11",13.78,14.02,13.44,13.54,13.4651,2480500
"2020-06-12",13.95,14.55,13.897,14.26,14.1811,2562200
"2020-06-15",13.96,14.315,13.87,14.24,14.1612,2419600
"2020-06-16",14.54,14.84,14.33,14.49,14.4098,2556100
"2020-06-17",14.61,14.61,13.93,14.16,14.0816,4404800
"2020-06-18",14.02,14.44,14.02,14.27,14.191,5284400
"2020-06-19",14.34,14.47,13.76,13.82,13.7435,5114600
"2020-06-22",13.78,13.895,13.16,13.48,13.4054,7418200
"2020-06-23",13.77,14.01,13.43,13.58,13.5048,7218300
"2020-06-24",13.48,13.655,13.04,13.19,13.117,2230400
"2020-06-25",13.19,13.27,12.67,12.98,12.9082,2936700
"2020-06-26",13.01,13.16,12.09,12.27,12.2021,16064100
"2020-06-29",12.42,13.11,12.11,13.11,13.0374,2720700
"2020-06-30",13.14,13.64,12.79,13.56,13.485,3386500
"2020-07-01",13.5,14.04,13.37,13.97,13.8927,3589000
"2020-07-02",14.17,14.17,13.91,14.07,13.9921,2013100
"2020-07-06",14.29,14.35,13.875,13.97,13.8927,1592700
"2020-07-07",13.93,13.93,13.51,13.62,13.5446,2169300
"2020-07-08",13.61,13.97,13.61,13.83,13.7535,3022300
"2020-07-09",13.82,14,13.465,13.88,13.8032,2176400
"2020-07-10",13.92,14.01,13.68,13.9,13.8231,1746900
"2020-07-13",14,14.02,13.41,13.54,13.4651,3101800
"2020-07-14",13.45,13.89,13.45,13.85,13.7734,1694500
"2020-07-15",14,14.02,13.9,14,13.9225,3458900
"2020-07-16",13.95,14.045,13.815,13.88,13.8032,1537400
"2020-07-17",13.94,14.33,13.91,14.24,14.1612,2680800
"2020-07-20",14.41,14.57,13.94,13.99,13.9126,1466700
"2020-07-21",14.02,14.12,13.84,13.88,13.8032,1519100
"2020-07-22",13.85,13.85,13.54,13.76,13.6839,2370200
"2020-07-23",13.74,13.89,13.51,13.56,13.485,2122800
"2020-07-24",13.5,13.58,13.21,13.58,13.5048,1550900
"2020-07-27",13.56,13.69,13.45,13.66,13.5844,947900
"2020-07-28",13.54,13.725,13.51,13.55,13.475,1183900
"2020-07-29",13.61,14.02,13.61,14,13.9225,1137500
"2020-07-30",13.78,14.29,13.7,14.25,14.1711,1261600
"2020-07-31",14.3,14.57,14.07,14.5,14.4198,1462100
"2020-08-03",14.66,15.1,14.65,15.01,14.9269,3192500
"2020-08-04",15.24,15.55,14.83,15.2,15.1159,2256100
"2020-08-05",16.71,17.23,16.43,16.89,16.7965,4644400
"2020-08-06",16.95,16.99,16.1,16.42,16.3291,3011200
"2020-08-07",16.43,16.77,16.38,16.49,16.3987,1753200
"2020-08-10",16.64,17.13,16.64,16.88,16.7866,2350200
"2020-08-11",17.08,17.11,16.69,16.77,16.6772,2344400
"2020-08-12",16.03,16.505,15.63,15.76,15.6728,4869500
"2020-08-13",16.43,16.71,16.1,16.66,16.5678,12446500
"2020-08-14",16.69,16.8,16.29,16.3,16.2098,2871700
"2020-08-17",16.32,16.425,15.75,15.75,15.6628,4364600
"2020-08-18",15.75,15.93,15.5,15.5,15.4142,3634400
"2020-08-19",15.5,15.8,15.42,15.68,15.5932,3102800
"2020-08-20",15.63,16.37,15.45,16.2,16.1104,3072500
"2020-08-21",16.08,16.18,15.9,15.91,15.822,4479200
"2020-08-24",16.01,16.545,16.01,16.5,16.4087,3710200
"2020-08-25",16.53,17.04,16.53,16.92,16.8264,2553800
"2020-08-26",16.87,17.05,16.57,16.74,16.6474,1933000
"2020-08-27",16.78,16.97,16.42,16.75,16.6573,1988300
"2020-08-28",16.91,17.06,16.45,16.5,16.4087,1167100
"2020-08-31",16.56,16.69,16.01,16.23,16.1402,1802700
"2020-09-01",16.23,16.69,16.06,16.44,16.349,1393600
"2020-09-02",16.5,16.68,16.23,16.64,16.5479,1696100
"2020-09-03",16.51,16.59,15.77,15.96,15.8717,2272500
"2020-09-04",16,16.35,15.5,16.1,16.0109,2199500
"2020-09-08",16.21,16.665,15.89,16.35,16.2595,2792800
"2020-09-09",16.43,16.99,16.43,16.85,16.7568,2324900
"2020-09-10",17.09,17.46,16.796,16.91,16.8164,2899800
"2020-09-11",17.01,17.21,16.734,16.95,16.8562,1451200
"2020-09-14",17.2,17.59,17.14,17.54,17.4429,2518200
"2020-09-15",18,18,17.515,17.66,17.5623,2277400
"2020-09-16",17.7,17.94,17.57,17.58,17.4827,2337900
"2020-09-17",17.38,17.83,17.195,17.4,17.3037,2589600
"2020-09-18",17.52,17.77,17.39,17.61,17.5125,11179600
"2020-09-21",17.23,17.279,16.75,16.95,16.8562,3094400
"2020-09-22",17.08,17.19,16.68,16.97,16.8761,1667700
"2020-09-23",16.97,17.035,16.455,16.73,16.6374,2038900
"2020-09-24",16.63,16.815,16.29,16.64,16.5479,1479700
"2020-09-25",16.74,16.9,16.45,16.82,16.7269,1291000
"2020-09-28",17.11,17.21,16.765,16.97,16.8761,1916500
"2020-09-29",17,17.21,16.84,17.13,17.0352,2273800
"2020-09-30",17.08,17.53,17.03,17.32,17.2241,2140600
"2020-10-01",17.58,17.9,17.32,17.9,17.8009,3281600
"2020-10-02",17.26,18.04,17.24,17.59,17.4927,2072500
"2020-10-05",17.84,18.1,17.6,17.8,17.7015,4075400
"2020-10-06",17.88,18.2,17.685,17.84,17.7413,2456100
"2020-10-07",18.01,18.225,17.8,18.1,17.9998,2521100
"2020-10-08",18.24,18.4,18,18.14,18.0396,1661500
"2020-10-09",18.24,18.367,17.945,18.04,17.9402,1036000
"2020-10-12",18.17,18.245,17.835,17.98,17.8805,1562100
"2020-10-13",17.82,18.09,17.76,17.93,17.8308,1520500
"2020-10-14",18.43,18.644,18.2,18.31,18.2087,2604400
"2020-10-15",18.02,18.5,17.9,18.33,18.2286,2096500
"2020-10-16",18.5,18.59,18.3,18.34,18.2385,3381800
"2020-10-19",18.86,18.93,18.21,18.32,18.2186,3165700
"2020-10-20",18.36,18.84,18.34,18.51,18.4076,1919300
"2020-10-21",18.63,18.875,18.48,18.57,18.4672,2029900
"2020-10-22",18.63,19.08,18.6,19.05,18.9446,2900700
"2020-10-23",19,19.183,18.45,18.84,18.7357,2237500
"2020-10-26",18.62,18.65,18.04,18.17,18.0694,3688100
"2020-10-27",18.15,18.28,17.71,17.92,17.8208,2147800
"2020-10-28",17.54,17.9,17.505,17.6,17.5026,1650400
"2020-10-29",17.74,18,17.515,17.94,17.8407,1506700
"2020-10-30",17.84,18.01,17.32,17.65,17.5523,2097100
"2020-11-02",17.89,18.13,17.29,17.41,17.3137,3679800
"2020-11-03",17.62,17.91,17.27,17.6,17.5026,2448000
"2020-11-04",17.65,18.65,17.24,17.35,17.254,3915700
"2020-11-05",17.93,18.1,17.21,17.28,17.1844,2086200
"2020-11-06",17.32,17.45,16.88,16.96,16.8661,2642700
"2020-11-09",17.87,17.98,16.85,16.9,16.8065,3974400
"2020-11-10",16.9,17,16.645,16.82,16.7269,2996200
"2020-11-11",16.96,17.35,16.823,17.35,17.254,1742100
"2020-11-12",17.47,17.61,17.06,17.31,17.2142,1927800
"2020-11-13",17.97,18.2,17.65,17.99,17.8904,16417800
"2020-11-16",18.25,18.47,17.94,18.27,18.1689,6663700
"2020-11-17",18.17,18.63,18.11,18.41,18.3081,3459800
"2020-11-18",18.45,18.67,18.09,18.1,17.9998,4945000
"2020-11-19",18.19,18.655,18.01,18.54,18.4374,2605800
"2020-11-20",18.42,18.72,18.4,18.62,18.517,2086600
"2020-11-23",18.8,18.995,18.71,18.97,18.865,2501500
"2020-11-24",19.04,19.15,18.49,18.64,18.5368,3199400
"2020-11-25",18.54,18.91,18.29,18.83,18.7258,1766600
"2020-11-27",18.94,18.99,18.725,18.85,18.7457,831200
"2020-11-30",18.85,19.15,18.52,18.71,18.6065,2224000
"2020-12-01",18.77,19.406,18.56,19.39,19.293,6334900
"2020-12-02",19.41,19.58,18.95,19.39,19.293,2584300
"2020-12-03",19.4,19.75,19.095,19.24,19.1438,3120000
"2020-12-04",19.4,19.75,19.24,19.75,19.6512,1927900
"2020-12-07",19.79,19.79,19.2,19.39,19.293,2415700
"2020-12-08",19.67,19.91,19.4,19.91,19.8104,3607800
"2020-12-09",20.04,20.14,18.745,18.92,18.8254,4283800
"2020-12-10",18.66,19.15,18.66,19.03,18.9348,3212300
"2020-12-11",19,19.41,18.95,18.98,18.8851,3147000
"2020-12-14",19.1,19.254,18.62,19.03,18.9348,2983100
"2020-12-15",19.22,19.26,18.93,19,18.905,2411100
"2020-12-16",18.83,18.975,18.56,18.75,18.6562,3401600
"2020-12-17",18.86,19.47,18.715,19.28,19.1836,4416100
"2020-12-18",19.37,19.59,18.975,19.19,19.094,4474300
"2020-12-21",18.95,19.2,18.88,19.01,18.9149,2361700
"2020-12-22",19.11,19.17,18.675,18.96,18.8652,2289100
"2020-12-23",19.05,19.105,18.885,19,18.905,1814900
"2020-12-24",18.89,19.056,18.88,18.93,18.8353,506000
"2020-12-28",19.12,19.16,18.635,18.65,18.5567,2069500
"2020-12-29",18.72,18.784,18.41,18.5,18.4075,1927700
"2020-12-30",18.5,18.81,18.44,18.59,18.497,1942100
"2020-12-31",18.65,18.81,18.47,18.67,18.5766,1724300
"2021-01-04",18.76,18.84,18.34,18.52,18.4274,3548500
"2021-01-05",18.46,18.65,18.085,18.15,18.0592,3283300
"2021-01-06",18.17,18.42,17.93,18.25,18.1587,4894500
"2021-01-07",18.54,18.65,18.1,18.27,18.1786,3248200
"2021-01-08",18.22,18.47,17.88,18.07,17.9796,6194900
"2021-01-11",17.97,18.365,17.945,18.08,17.9896,3522900
"2021-01-12",18.13,18.44,18.13,18.37,18.2781,4936900
"2021-01-13",18.39,18.7,18.14,18.69,18.5965,5570400
"2021-01-14",18.87,19,18.6,18.78,18.6861,6251700
"2021-01-15",18.63,19.56,18.63,19.51,19.4124,4458400
"2021-01-19",19.79,20.64,19.6,20.61,20.5069,7240600
"2021-01-20",21.15,21.49,20.62,20.79,20.686,10998700
"2021-01-21",20.89,21.07,20.13,20.61,20.5069,6646700
"2021-01-22",20.53,20.68,19.85,20.01,19.9099,3341100
"2021-01-25",20,20.27,19.68,20.2,20.099,3258100
"2021-01-26",20.46,20.96,20.46,20.71,20.6064,4830700
"2021-01-27",20.32,20.32,19.58,19.69,19.5915,7543900
"2021-01-28",19.86,20.2,19.37,20.02,19.9199,4299100
"2021-01-29",20.01,20.47,19.64,20.12,20.0194,4962000
"2021-02-01",20.42,20.63,19.91,20.14,20.0393,4228300
"2021-02-02",20.25,20.37,19.98,20.12,20.0194,3230300
"2021-02-03",20.15,20.35,19.56,20.09,19.9895,2695600
"2021-02-04",20.18,20.58,20.02,20.56,20.4572,2044600
"2021-02-05",20.7,21.18,20.61,20.9,20.7955,2862100
"2021-02-08",21.06,21.31,20.98,21.31,21.2034,3150900
"2021-02-09",21.28,21.4,20.87,20.9,20.7955,1609500
"2021-02-10",20.97,21.585,20.69,21.31,21.2034,2409500
"2021-02-11",21.47,22.43,20.982,21.16,21.0541,2739700
"2021-02-12",21.03,21.63,21.03,21.44,21.3328,2935400
"2021-02-16",21.6,21.7,21.115,21.3,21.1934,3156700
"2021-02-17",21.1,21.27,20.69,21.15,21.0442,2536000
"2021-02-18",20.94,21.23,20.68,21.03,20.9248,2742200
"2021-02-19",21.21,21.81,21.13,21.63,21.5218,3680600
"2021-02-22",21.5,21.789,21.26,21.33,21.2233,2835200
"2021-02-23",20.53,21.725,19.9,21.7,21.5915,5856800
"2021-02-24",20,21.37,19.47,20.8,20.696,9617200
"2021-02-25",21.4,21.4,19.95,20.33,20.2283,7092600
"2021-02-26",20.49,21.07,20.215,20.93,20.8253,4103400
"2021-03-01",21,21.54,20.72,21.32,21.2134,9549700
"2021-03-02",21.3,21.6,20.805,20.95,20.8452,4736400
"2021-03-03",21.08,21.39,20.72,20.9,20.7955,4456200
"2021-03-04",20.77,21.16,19.21,20.04,19.9398,8668900
"2021-03-05",20.26,20.47,18.96,20.05,19.9497,7871400
"2021-03-08",20.1,20.49,19.495,19.66,19.5617,4648400
"2021-03-09",20.13,20.38,19.825,20.21,20.1089,4125900
"2021-03-10",20.41,20.78,20.185,20.63,20.5268,3875500
"2021-03-11",21,21.53,20.9,21.17,21.0641,5271700
"2021-03-12",21,21.41,20.9,21.07,20.9646,2404500
"2021-03-15",21.23,21.3,20.89,21.11,21.0044,3331500
"2021-03-16",21.07,21.26,20.23,20.42,20.3179,3141800
"2021-03-17",20.07,20.79,20.07,20.71,20.6064,3053100
"2021-03-18",20.59,20.79,20.21,20.24,20.1388,3094600
"2021-03-19",20.15,20.69,19.99,20.45,20.3477,4649400
"2021-03-22",20.36,20.57,19.96,20.36,20.2582,3272600
"2021-03-23",20.36,20.54,19.475,19.54,19.4423,3831200
"2021-03-24",19.55,19.83,19.14,19.2,19.104,2981800
"2021-03-25",19,19.48,18.53,19.41,19.3129,5115100
"2021-03-26",19.5,19.83,19.275,19.49,19.3925,6852400
"2021-03-29",19.47,19.65,19.085,19.28,19.1836,4390700
"2021-03-30",19.29,19.9,18.91,19.78,19.6811,7039600
"2021-03-31",19.95,20.275,19.72,20,19.9,3594800
"2021-04-01",20.19,21.02,20.02,21.01,20.9049,4111700
"2021-04-05",21.25,21.35,20.8,20.97,20.8651,2572200
"2021-04-06",20.95,21.61,20.76,21.54,21.4322,3588800
"2021-04-07",21.53,21.67,21.08,21.17,21.0641,2482000
"2021-04-08",22.01,22.11,21.17,21.49,21.3825,2850800
"2021-04-09",21.37,21.52,21.23,21.43,21.3228,1855300
"2021-04-12",21.33,21.7,21.313,21.6,21.492,1816400
"2021-04-13",21.66,21.97,21.495,21.96,21.8501,3224600
"2021-04-14",22,22.31,21.97,22.14,22.0293,4170700
"2021-04-15",22.35,22.55,22.22,22.4,22.2879,6105000
"2021-04-16",22.56,22.725,22.28,22.47,22.3576,3932100
"2021-04-19",22.32,22.49,22.11,22.25,22.1387,3582300
"2021-04-20",22.25,22.34,21.33,21.78,21.6711,4778500
"2021-04-21",21.69,21.925,21.53,21.8,21.6909,2333200
"2021-04-22",22.03,22.06,21.68,21.97,21.8601,2973900
"2021-04-23",22.13,22.21,21.75,21.77,21.6611,2426500
"2021-04-26",21.79,22.47,21.79,22.4,22.2879,4198600
"2021-04-27",22.4,23.265,22.21,23.08,22.9645,4706000
"2021-04-28",23.16,23.16,22.41,22.99,22.875,6045100
"2021-04-29",23.26,23.48,22.89,23.25,23.1337,3677800
"2021-04-30",23.03,23.18,22.625,22.7,22.5864,2825100
"2021-05-03",22.93,23.02,22.505,22.82,22.7058,2853400
"2021-05-04",22.53,22.72,22.29,22.6,22.4869,3274200
"2021-05-05",22.66,22.915,22.465,22.89,22.7755,2813000
"2021-05-06",22.87,23.09,22.385,22.86,22.7456,2999800
"2021-05-07",22.88,23.14,22.73,23.01,22.8949,2921400
"2021-05-10",23.01,23.09,22.58,22.7,22.5864,1815000
"2021-05-11",22.32,22.64,22.2,22.36,22.2481,1979800
"2021-05-12",22.18,22.54,21.73,21.76,21.6512,2717200
"2021-05-13",21.9,22.45,21.86,22.21,22.0989,1967400
"2021-05-14",22.33,23.37,22.22,23.31,23.1934,2018600
"2021-05-17",23.22,23.29,22.95,23.13,23.0143,2584900
"2021-05-18",23.13,23.635,23.05,23.19,23.074,1826500
"2021-05-19",23.01,23.47,22.63,23.46,23.3426,2364500
"2021-05-20",23.61,23.875,23.45,23.65,23.5317,2184000
"2021-05-21",23.89,24.015,23.63,23.65,23.5317,2348000
"2021-05-24",23.85,24.47,23.679,24.33,24.2083,2521200
"2021-05-25",24.32,24.58,24.045,24.27,24.1486,3424300
"2021-05-26",24.47,24.67,24.1,24.42,24.2978,2441200
"2021-05-27",24.41,24.71,24.24,24.62,24.4968,2594700
"2021-05-28",24.7,24.955,24.625,24.82,24.6958,2414600
"2021-06-01",24.98,25.06,24.69,24.92,24.7953,2157000
"2021-06-02",24.92,25.05,24.67,25.05,24.9247,2919100
"2021-06-03",24.94,25.29,24.63,25.15,25.0242,2156900
"2021-06-04",25.31,25.5,25,25.35,25.2232,2479100
"2021-06-07",25.51,25.7,25.33,25.65,25.5217,3265100
"2021-06-08",25.71,26.19,25.415,26.01,25.8799,2676400
"2021-06-09",26.1,26.52,25.83,26.26,26.1286,4194700
"2021-06-10",26.26,26.55,25.9,25.91,25.7804,2396200
"2021-06-11",26.01,26.22,25.89,26.21,26.0789,1262800
"2021-06-14",26.26,26.37,25.84,25.89,25.7605,2155800
"2021-06-15",25.92,25.98,25.69,25.91,25.7804,1974200
"2021-06-16",25.99,26.6,25.99,26.55,26.4172,4274000
"2021-06-17",26.46,26.825,26.1,26.45,26.3177,3588600
"2021-06-18",26.01,26.44,25.93,26.12,25.9893,2464000
"2021-06-21",26.17,26.65,26.06,26.64,26.5067,1845900
"2021-06-22",26.65,26.91,26.435,26.87,26.7356,1575800
"2021-06-23",26.9,27.13,26.805,26.98,26.845,1305400
"2021-06-24",27.1,27.43,26.95,27.21,27.0739,1838000
"2021-06-25",27.27,27.58,27.05,27.15,27.0142,3838100
"2021-06-28",27.12,27.16,26.74,27.08,26.9445,1547200
"2021-06-29",27.11,27.49,27.06,27.18,27.044,1581100
"2021-06-30",27.31,27.57,27.21,27.3,27.1634,2655600
"2021-07-01",27.27,27.778,27.1,27.46,27.3226,2929000
"2021-07-02",27.54,27.57,26.871,26.95,26.8152,1858700
"2021-07-06",27.06,27.64,26.87,27.61,27.4719,1759400
"2021-07-07",27.64,27.81,26.83,27.03,26.8948,2032300
"2021-07-08",26.6,27.41,26.16,27.19,27.054,2056400
"2021-07-09",27.31,27.43,27,27.39,27.253,1180800
"2021-07-12",27.33,27.58,27.23,27.43,27.2928,1312600
"2021-07-13",27.4,27.635,27.22,27.25,27.1137,1237600
"2021-07-14",27.425,27.53,26.44,26.66,26.5266,2081100
"2021-07-15",26.54,26.915,26.325,26.49,26.3575,2480600
"2021-07-16",26.76,26.845,26.48,26.56,26.4271,1848900
"2021-07-19",26.19,26.63,26.04,26.63,26.4968,2177200
"2021-07-20",26.7,27.38,26.7,27.16,27.0241,2200600
"2021-07-21",27.15,27.73,27.15,27.66,27.5216,2594000
"2021-07-22",27.71,27.75,27.21,27.44,27.3027,1822700
"2021-07-23",27.32,27.805,27.32,27.74,27.6012,970300
"2021-07-26",27.79,27.94,27.46,27.51,27.3724,1184900
"2021-07-27",27.5,27.7,27.23,27.67,27.5316,2186600
"2021-07-28",27.32,27.785,26.43,27.61,27.4719,2797600
"2021-07-29",27.94,28.45,27.77,28.13,27.9893,2570800
"2021-07-30",28.19,28.34,28.015,28.04,27.8997,2066600
"2021-08-02",28.08,28.17,27.68,27.73,27.5913,2362500
"2021-08-03",27.85,28.26,27.6,28,27.8599,2921600
"2021-08-04",27.96,28.24,27.57,27.62,27.4818,1626100
"2021-08-05",27.52,27.62,27.14,27.35,27.2132,2566600
"2021-08-06",27.4,27.66,27.19,27.26,27.1236,2168200
"2021-08-09",27.21,27.56,27.02,27.52,27.3823,2363500
"2021-08-10",27.54,27.67,26.96,27.03,26.8948,2207800
"2021-08-11",26.97,27.14,26.35,27.02,26.8848,3030900
"2021-08-12",27.07,27.54,26.925,27.46,27.3226,2756500
"2021-08-13",27.43,27.47,27.01,27.15,27.0142,1027400
"2021-08-16",27.21,27.25,26.84,26.92,26.7853,1590800
"2021-08-17",26.75,27,26.63,26.96,26.8251,1616300
"2021-08-18",26.98,27.35,26.8,26.95,26.8152,1424600
"2021-08-19",26.78,27.08,26.58,26.59,26.457,1458600
"2021-08-20",26.55,27.135,26.55,27.08,26.9445,1584300
"2021-08-23",27.29,27.42,27.135,27.29,27.1535,1690000
"2021-08-24",27.39,27.71,27.37,27.52,27.3823,1252000
"2021-08-25",27.47,27.77,27.385,27.67,27.5316,1671000
"2021-08-26",27.74,27.93,27.65,27.9,27.7604,1085500
"2021-08-27",28,28.515,27.88,28.29,28.1485,856300
"2021-08-30",28.37,28.765,28.32,28.55,28.4072,1116000
"2021-08-31",28.55,28.72,28.1,28.17,28.0291,889900
"2021-09-01",28.27,28.42,28.05,28.36,28.2181,1011500
"2021-09-02",28.51,28.8,28.442,28.59,28.447,961100
"2021-09-03",28.52,28.72,28.115,28.19,28.049,730000
"2021-09-07",28.18,28.29,27.98,28.04,27.8997,1030500
"2021-09-08",26.7,27.01,25.71,25.99,25.86,5216800
"2021-09-09",25.68,25.92,24.83,25.07,24.9446,5095000
"2021-09-10",25.17,25.29,24.5,24.53,24.4073,3810000
"2021-09-13",24,24.49,23.65,23.97,23.8501,4860100
"2021-09-14",24.02,24.07,23.49,23.64,23.5217,3141700
"2021-09-15",23.57,23.74,23.405,23.55,23.4322,3112300
"2021-09-16",23.56,24.095,23.5,24,23.8799,2947800
"2021-09-17",24.02,24.2,23.645,23.73,23.6113,4570500
"2021-09-20",23.32,23.86,23.09,23.86,23.7406,2993200
"2021-09-21",24,24.035,23.565,23.69,23.5715,2078600
"2021-09-22",23.745,24.105,23.67,24,23.8799,1708100
"2021-09-23",24.09,24.5,24.005,24.11,23.9894,3519200
"2021-09-24",24,24.071,23.74,23.83,23.7108,2126100
"2021-09-27",23.73,24.175,23.69,24.15,24.0292,3350000
"2021-09-28",24,24.14,23.405,23.68,23.5615,2479400
"2021-09-29",23.76,24.47,23.7,24.28,24.1585,3017900
"2021-09-30",24.32,24.555,24.07,24.09,23.9695,4069800
"2021-10-01",24.09,24.62,23.695,24.54,24.4172,3352600
"2021-10-04",24.77,24.8,23.52,23.76,23.6411,3431500
"2021-10-05",23.75,23.865,23.1,23.13,23.0143,3387300
"2021-10-06",23,23.15,22.801,23.07,22.9546,1911300
"2021-10-07",23.09,23.45,23.025,23.12,23.0043,1660900
"2021-10-08",23.2,23.2,22.41,22.43,22.3178,2343500
"2021-10-11",22.32,22.46,22.07,22.27,22.1586,2803400
"2021-10-12",22.28,22.49,21.57,21.71,21.6014,3381300
"2021-10-13",21.8,21.98,21.33,21.86,21.7507,4905500
"2021-10-14",22.04,22.99,22,22.86,22.7456,3530900
"2021-10-15",23.08,23.4,22.78,22.92,22.8053,1928700
"2021-10-18",22.82,23.45,22.81,23.22,23.1038,2785600
"2021-10-19",23.37,23.67,23.18,23.38,23.2631,1703700
"2021-10-20",23.6,23.6,23.195,23.47,23.3526,1218000
"2021-10-21",23.35,23.82,23.28,23.8,23.6809,1465200
"2021-10-22",23.93,24.29,23.8,24.07,23.9496,2415300
"2021-10-25",24.03,24.35,23.825,24.21,24.0889,1751600
"2021-10-26",24.42,24.485,24.03,24.05,23.9297,1876300
"2021-10-27",24.36,25.19,23.98,24.69,24.5665,4845700
"2021-10-28",25.05,26.225,24.54,25.7,25.5714,3870600
"2021-10-29",25.49,25.785,25.32,25.68,25.5515,2092100
"2021-11-01",25.82,26.145,25.32,26.05,25.9197,5267900
"2021-11-02",24.91,25.39,24.682,25.15,25.0242,13370900
"2021-11-03",25.17,25.955,24.84,25.81,25.6809,7516400
"2021-11-04",25.95,27.245,25.855,26.95,26.8152,4065100
"2021-11-05",27.08,27.67,26.93,27.63,27.4918,5864200
"2021-11-08",27.77,27.97,27.46,27.54,27.4022,3972700
"2021-11-09",27.52,27.55,26.795,26.97,26.8351,1638100
"2021-11-10",26.93,27.34,26.46,26.66,26.5266,1580700
"2021-11-11",26.79,27.11,26.58,26.7,26.5664,1647400
"2021-11-12",26.71,26.84,26.37,26.71,26.5764,2112900
"2021-11-15",27.05,27.285,26.78,26.92,26.7853,2419700
"2021-11-16",26.81,27.11,26.745,26.84,26.7057,2365600
"2021-11-17",26.83,26.92,26.615,26.76,26.6261,908400
"2021-11-18",26.8,26.84,26.28,26.59,26.457,5429400
"2021-11-19",26.55,27.23,26.41,26.98,26.845,2201100
"2021-11-22",27.21,27.33,26.3,26.59,26.457,2552400
"2021-11-23",26.36,26.52,25.14,25.62,25.4918,5577000
"2021-11-24",26.23,26.28,25.48,26.24,26.1087,1777600
"2021-11-26",25.83,26.1,25.49,25.78,25.651,1458200
"2021-11-29",26.18,26.26,25.57,25.99,25.86,1388400
"2021-11-30",25.83,25.99,25.21,25.64,25.5216,2968000
"2021-12-01",25.92,26.195,24.64,24.7,24.5859,3421100
"2021-12-02",24.9,25.64,24.77,25.64,25.5216,3097100
"2021-12-03",25.77,26.03,25.23,25.51,25.3922,1476100
"2021-12-06",25.49,25.88,24.66,25.83,25.7107,2578600
"2021-12-07",26.29,26.895,26.15,26.56,26.4373,3742700
"2021-12-08",26.72,27.04,26.47,26.76,26.6364,1648400
"2021-12-09",26.58,26.76,25.9,25.99,25.8699,2272600
"2021-12-10",26.05,26.24,25.443,25.78,25.6609,1405400
"2021-12-13",25.7,25.96,25.4,25.45,25.3324,1558200
"2021-12-14",24.8,24.9,23.82,24.34,24.2276,3494300
"2021-12-15",24.395,25.109,24.28,25.02,24.9044,1504700
"2021-12-16",25.29,25.51,23.85,24.02,23.909,1907200
"2021-12-17",23.82,24.355,23.15,23.95,23.8394,3752600
"2021-12-20",23.52,23.83,23.33,23.79,23.6801,2400100
"2021-12-21",24,24.28,23.75,24.19,24.0783,1101100
"2021-12-22",24.16,24.27,23.7,23.98,23.8692,1619100
"2021-12-23",24.14,24.945,23.98,24.86,24.7452,1208700
"2021-12-27",24.9,25.06,24.55,24.98,24.8646,1398500
"2021-12-28",24.94,24.98,24.42,24.7,24.5859,1282300
"2021-12-29",24.7,25.12,24.58,25,24.8845,1106300
"2021-12-30",25,25.355,25,25.18,25.0637,2279300
"2021-12-31",25.09,25.24,24.92,24.97,24.8547,1349500
"2022-01-03",25.17,25.17,24.025,24.38,24.2674,4275100
"2022-01-04",24.26,24.368,23.55,23.92,23.8095,2508200
"2022-01-05",23.83,23.9,22.73,22.84,22.7345,3887900
"2022-01-06",22.795,23.5,22.41,23.4,23.2919,2417000
"2022-01-07",23.48,23.77,22.53,22.55,22.4458,4071600
"2022-01-10",22.5,23.55,22.34,23.54,23.4313,2855500
"2022-01-11",23.505,23.98,23.35,23.97,23.8593,2299700
"2022-01-12",24.17,24.29,23.4,23.91,23.7996,2179300
"2022-01-13",24.07,24.195,23.72,23.77,23.6602,2507700
"2022-01-14",23.62,23.77,22.87,23.29,23.1824,1810500
"2022-01-18",22.89,23.16,22.46,22.73,22.625,2087100
"2022-01-19",22.85,23.13,22.32,22.39,22.2866,3156400
"2022-01-20",22.385,23.06,21.96,21.98,21.8785,1784000
"2022-01-21",21.97,22.09,21.32,21.34,21.2414,2037800
"2022-01-24",21.02,22,20.538,21.92,21.8187,2565900
"2022-01-25",21.61,21.74,20.705,21.21,21.112,1641500
"2022-01-26",21.44,21.61,20.482,20.63,20.5347,2274300
"2022-01-27",20.87,21.1,19.57,19.66,19.5692,3074100
"2022-01-28",19.64,20.06,19.11,20.05,19.9574,2054600
"2022-01-31",20.06,20.93,20.05,20.86,20.7636,2576800
"2022-02-01",21.05,21.28,20.48,21.11,21.0125,2720900
"2022-02-02",21.24,21.58,21.11,21.33,21.2315,2412600
"2022-02-03",20.9,21.41,20.855,20.93,20.8333,4568800
"2022-02-04",20.93,21.47,20.705,21.33,21.2315,2645400
"2022-02-07",21.37,22.09,21.32,21.62,21.5201,3592600
"2022-02-08",21.68,22.6,21.68,22.52,22.416,3952700
"2022-02-09",22.87,23.1,22.46,22.82,22.7146,1580100
"2022-02-10",22.43,23.08,22.295,22.41,22.3065,1350100
"2022-02-11",22.41,22.54,20.96,21.14,21.0423,1771800
"2022-02-14",21.01,21.34,20.6,20.82,20.7238,1553600
"2022-02-15",21.25,21.7,21.09,21.68,21.5799,1348500
"2022-02-16",21.59,22.21,21.42,21.96,21.8586,1166700
"2022-02-17",21.67,21.735,20.67,20.69,20.5944,1210500
"2022-02-18",20.79,21.19,20.43,20.47,20.3754,1685300
"2022-02-22",20.22,20.35,19.515,19.57,19.4796,2898600
"2022-02-23",12.12,12.65,10.75,12.38,12.3228,44348900
"2022-02-24",11.48,12.56,11.31,12.39,12.3328,17918800
"2022-02-25",12.39,13.39,12.325,13.2,13.139,17192100
"2022-02-28",12.94,13.39,12.82,13.02,12.9599,7558800
"2022-03-01",12.88,12.99,12.56,12.59,12.5318,7668200
"2022-03-02",12.62,12.74,11.875,12,11.9446,7589400
"2022-03-03",12.02,12.059,11.41,11.5,11.4469,6230000
"2022-03-04",11.43,11.53,10.39,10.57,10.5212,8436600
"2022-03-07",10.68,10.71,10.03,10.05,10.0036,10042700
"2022-03-08",10.1,10.31,9.59,10.19,10.1429,6391600
"2022-03-09",10.53,11.1,10.475,10.92,10.8696,7174900
"2022-03-10",10.6,11.49,10.47,11.39,11.3374,6141800
"2022-03-11",11.54,11.975,11.48,11.84,11.7853,6518900
"2022-03-14",11.81,12,10.975,11.13,11.0786,5718300
"2022-03-15",11.16,11.92,10.955,11.89,11.8351,5581900
"2022-03-16",12.02,12.55,12.01,12.32,12.2631,5783100
"2022-03-17",12.21,13.39,12.155,13.22,13.1589,5278000
"2022-03-18",13.04,13.62,13.04,13.4,13.3381,4513500
"2022-03-21",13.685,13.78,12.855,13.04,12.9798,6229400
"2022-03-22",13.08,13.61,13.01,13.42,13.358,7609900
"2022-03-23",13.14,13.56,12.98,13.11,13.0494,5698400
"2022-03-24",13.14,13.21,12.565,12.78,12.721,4380100
"2022-03-25",12.72,12.92,12.14,12.85,12.7906,4676100
"2022-03-28",12.86,13.15,12.51,13.05,12.9897,4792600
"2022-03-29",13.4,13.85,13.3,13.64,13.577,5330700
"2022-03-30",13.35,13.76,13.34,13.71,13.6467,4587900
"2022-03-31",13.8,14.25,13.69,14,13.9353,5565200
"2022-04-01",14.73,15.195,14.36,14.58,14.5126,6237100
"2022-04-04",14.34,14.53,13.93,14.49,14.4231,3067100
"2022-04-05",14.58,14.61,13.755,13.85,13.786,4378600
"2022-04-06",13.52,13.745,13.274,13.66,13.5969,2471000
"2022-04-07",13.64,13.91,13.24,13.47,13.4078,3169500
"2022-04-08",13.41,13.74,13.29,13.54,13.4775,3341000
"2022-04-11",13.3,13.6,12.92,12.96,12.9001,3885500
"2022-04-12",13.09,13.25,12.26,12.37,12.3129,4140800
"2022-04-13",12.32,13.12,12.32,13.12,13.0594,2575000
"2022-04-14",13.035,13.165,12.34,12.38,12.3228,3012600
"2022-04-18",12.23,12.39,11.845,12.06,12.0043,3221700
"2022-04-19",12.08,13.22,11.94,13.07,13.0096,4146700
"2022-04-20",13.2,13.27,12.875,12.9,12.8404,4125400
"2022-04-21",13.05,13.12,12.3,12.44,12.3825,3047800
"2022-04-22",12.31,12.375,11.57,11.63,11.5763,3708400
"2022-04-25",11.5,12.09,11.29,12.06,12.0043,5055500
"2022-04-26",11.96,12.04,11.51,11.54,11.4867,4863400
"2022-04-27",12.755,13.22,12.39,12.87,12.8105,6304400
"2022-04-28",12.98,13.09,12.1,12.76,12.7011,4641000
"2022-04-29",12.66,13.13,12.47,12.53,12.4721,3632000
"2022-05-02",12.48,12.91,12.16,12.61,12.5518,3397600
"2022-05-03",12.48,12.925,12.415,12.75,12.6911,1929800
"2022-05-04",12.73,13.32,12.255,13.29,13.2286,2342300
"2022-05-05",13.13,13.13,12.21,12.51,12.4522,3199200
"2022-05-06",12.38,12.41,11.795,12.21,12.1536,2076300
"2022-05-09",11.85,11.91,11.14,11.16,11.1084,2664500
"2022-05-10",11.39,11.56,10.04,10.05,10.0036,6103500
"2022-05-11",9.89,10.42,9.61,10.17,10.123,5569900
"2022-05-12",9.88,10.68,9.88,10.44,10.3918,4539800
"2022-05-13",10.74,11.465,10.64,11.3,11.2478,3724800
"2022-05-16",11.22,11.31,10.72,10.79,10.7402,2216900
"2022-05-17",11.16,11.47,11.035,11.41,11.3573,2745800
"2022-05-18",11.21,11.58,10.85,10.92,10.8696,2734300
"2022-05-19",10.84,11.59,10.84,10.98,10.9293,4873700
"2022-05-20",11.12,11.18,10.6,10.84,10.7899,5960200
"2022-05-23",10.86,11,10.55,10.79,10.7402,3019000
"2022-05-24",10.69,10.69,9.845,10.25,10.2027,4667700
"2022-05-25",10.25,10.415,9.67,10.24,10.1927,7147600
"2022-05-26",10.34,11.26,10.27,10.86,10.8098,5967000
"2022-05-27",11.07,11.505,10.99,11.44,11.3872,5822300
"2022-05-31",11.49,11.49,10.94,10.99,10.9392,5310600
"2022-06-01",10.92,11.16,10,10.34,10.2922,9220400
"2022-06-02",10.4,11.05,10.315,10.86,10.8098,8995800
"2022-06-03",10.69,10.94,10.2,10.87,10.8198,14598500
"2022-06-06",11.19,11.37,10.85,11.02,10.9691,6891400
"2022-06-07",10.87,11.45,10.8,11.41,11.3573,5971600
"2022-06-08",11.21,11.33,10.73,10.95,10.8994,5353100
"2022-06-09",10.86,10.86,10.48,10.49,10.4415,4997600
"2022-06-10",10.21,10.33,10.02,10.09,10.0434,5388900
"2022-06-13",9.71,9.89,9.4,9.41,9.3665,6325300
"2022-06-14",9.46,9.61,9.17,9.36,9.3168,6433100
"2022-06-15",9.45,10.065,9.36,9.69,9.6452,5400000
"2022-06-16",9.33,9.45,8.915,9.04,8.9982,5474900
"2022-06-17",9.07,9.325,9,9.18,9.1376,4339700
"2022-06-21",9.35,9.35,9.03,9.19,9.1475,4084500
"2022-06-22",8.92,9.305,8.92,9.19,9.1475,4048000
"2022-06-23",9.21,9.43,9.02,9.42,9.3765,2701600
"2022-06-24",9.55,10.27,9.53,10.23,10.1827,9564700
"2022-06-27",10.32,10.4,9.89,10,9.9538,3144800
"2022-06-28",10.05,10.305,9.555,9.59,9.5457,2000700
"2022-06-29",9.52,9.555,8.92,8.94,8.8987,4448900
"2022-06-30",8.73,8.79,8.15,8.22,8.182,8105700
"2022-07-01",8.16,8.54,8.09,8.29,8.2517,5359500
"2022-07-05",8.12,8.61,7.76,8.6,8.5603,4408700
"2022-07-06",8.55,8.8,8.43,8.64,8.6001,8316100
"2022-07-07",8.75,9.24,8.65,9.17,9.1276,3638900
"2022-07-08",9.12,9.28,8.94,9.03,8.9883,1969900
"2022-07-11",8.88,9,8.61,8.68,8.6399,3211800
"2022-07-12",8.6,9.005,8.55,8.68,8.6399,3344200
"2022-07-13",8.45,8.64,8.26,8.39,8.3512,2941100
"2022-07-14",8.17,8.51,8.12,8.43,8.3911,2942800
"2022-07-15",8.63,9.03,8.39,8.94,8.8987,3447500
"2022-07-18",9.13,9.165,8.75,8.79,8.7494,2239100
"2022-07-19",9.02,9.53,8.93,9.51,9.4661,2674100
"2022-07-20",9.61,10.24,9.61,10.17,10.123,3432300
"2022-07-21",10.12,10.46,10.09,10.37,10.3221,2135500
"2022-07-22",10.44,10.79,10.345,10.61,10.561,3593600
"2022-07-25",10.56,10.695,10.28,10.46,10.4117,2204700
"2022-07-26",10.37,10.42,10.18,10.25,10.2027,1502300
"2022-07-27",10.44,10.52,10.28,10.5,10.4515,2043700
"2022-07-28",10.77,11.028,10.53,10.98,10.9293,2028700
"2022-07-29",10.94,11.43,10.88,11.42,11.3672,2963100
"2022-08-01",11.23,11.575,11.08,11.45,11.3971,2515200
"2022-08-02",11.29,12,11.29,11.77,11.7156,4071700
"2022-08-03",11.64,12.445,10.73,11.99,11.9346,9989300
"2022-08-04",12.2,13.43,12,13.17,13.1092,6395900
"2022-08-05",12.78,13,12.485,12.83,12.7707,4955400
"2022-08-08",13.02,13.46,12.91,12.97,12.9101,3033500
"2022-08-09",12.73,12.73,11.91,12.16,12.1038,5297800
"2022-08-10",12.67,12.97,12.19,12.96,12.9001,4786900
"2022-08-11",13.14,13.4,12.74,12.83,12.7707,3215200
"2022-08-12",13.06,13.54,12.88,13.52,13.4575,3879600
"2022-08-15",13.42,13.68,13.1,13.34,13.2784,3469700
"2022-08-16",13.15,13.65,13.07,13.39,13.3281,4084900
"2022-08-17",12.99,13.25,12.725,13.11,13.0494,3508300
"2022-08-18",13.11,13.25,12.91,13.06,12.9997,2982500
"2022-08-19",12.84,12.97,12.3,12.33,12.273,2441800
"2022-08-22",11.96,12.265,11.835,12.05,11.9943,4354400
"2022-08-23",12.05,12.19,11.94,12.05,11.9943,2899900
"2022-08-24",12.12,12.32,11.98,12.21,12.1536,1583300
"2022-08-25",12.39,12.65,12.24,12.51,12.4522,2570600
"2022-08-26",12.48,12.48,11.79,11.83,11.7754,2808500
"2022-08-29",11.55,12.1,11.521,11.88,11.8251,2213400
"2022-08-30",12.03,12.17,11.58,11.75,11.6957,1515300
"2022-08-31",11.81,11.87,11.305,11.53,11.4767,3630000
"2022-09-01",11.35,11.53,11,11.49,11.4369,4762200
"2022-09-02",11.72,11.72,11.15,11.21,11.1582,2851000
"2022-09-06",11.27,11.29,11.015,11.18,11.1284,1548100
"2022-09-07",11.14,11.84,11.1,11.71,11.6559,1378400
"2022-09-08",11.52,12.26,11.52,12.23,12.1735,2343000
"2022-09-09",12.38,13.45,12.38,13.37,13.3082,4838400
"2022-09-12",13.25,13.52,13.135,13.43,13.368,4121400
"2022-09-13",12.84,13.18,12.64,12.72,12.6612,3496900
"2022-09-14",12.67,13.1,12.22,13.06,12.9997,4740900
"2022-09-15",12.92,13.355,12.89,13.02,12.9599,2073900
"2022-09-16",12.66,12.69,12.115,12.33,12.273,3532400
"2022-09-19",12.1,12.555,12.06,12.51,12.4522,2385200
"2022-09-20",12.32,12.435,12.08,12.2,12.1436,2641800
"2022-09-21",12.3,12.42,11.7,11.75,11.6957,2627800
"2022-09-22",11.68,11.76,10.98,11.03,10.979,5368400
"2022-09-23",10.53,10.74,9.76,9.95,9.904,4132200
"2022-09-26",9.82,10.25,9.64,9.79,9.7448,5170900
"2022-09-27",9.98,10.2,9.595,9.68,9.6353,3914100
"2022-09-28",9.71,10.46,9.67,10.34,10.2922,2642400
"2022-09-29",9.99,10.09,9.48,9.69,9.6452,2322900
"2022-09-30",9.66,10.095,9.601,9.72,9.6751,2685600
"2022-10-03",9.93,11.645,9.89,11.25,11.198,7401600
"2022-10-04",11.66,12.32,11.57,11.96,11.9048,4771200
"2022-10-05",11.62,12.055,11.375,11.99,11.9346,3558000
"2022-10-06",11.98,12.22,11.77,11.86,11.8052,3685000
"2022-10-07",11.62,11.76,10.92,10.95,10.8994,2473300
"2022-10-10",11.01,11.36,10.985,11.24,11.1881,5607900
"2022-10-11",11.15,11.33,10.77,11.08,11.0288,6192100
"2022-10-12",11.11,11.23,10.83,10.91,10.8596,3354300
"2022-10-13",10.44,11.035,10.235,10.88,10.8297,9816700
"2022-10-14",10.92,11.145,10.21,10.22,10.1728,4166000
"2022-10-17",10.51,10.885,10.46,10.86,10.8098,5278400
"2022-10-18",11.35,11.58,11.23,11.48,11.427,16244000
"2022-10-19",11.33,11.47,11.1,11.4,11.3473,8678400
"2022-10-20",12.14,13.175,12.08,12.37,12.3129,11496700
"2022-10-21",12.31,13.385,12.17,13.21,13.149,5760900
"2022-10-24",13.26,13.89,12.99,13.78,13.7163,4174400
"2022-10-25",13.89,14.36,13.85,14.13,14.0647,5039100
"2022-10-26",14.22,14.75,13.69,14.6,14.5326,7201100
"2022-10-27",15.25,15.74,14.49,14.79,14.7217,6037500
"2022-10-28",14.78,15.01,14.155,14.96,14.8909,4651600
"2022-10-31",14.88,15.03,14.255,14.31,14.2439,4395200
"2022-11-01",14.65,14.93,14.2,14.84,14.7715,4321200
"2022-11-02",14.72,14.85,14.05,14.08,14.015,3673200
"2022-11-03",13.8,14.365,13.74,13.92,13.8557,5025900
"2022-11-04",14.31,14.405,13.64,14.18,14.1145,3230800
"2022-11-07",14.83,14.94,14.005,14.6,14.5326,3503300
"2022-11-08",14.63,14.815,14.28,14.66,14.5923,3478600
"2022-11-09",14.36,14.76,14.215,14.64,14.5724,3066500
"2022-11-10",15.6,16.065,15.15,15.28,15.2094,5087200
"2022-11-11",15.41,16.02,15.26,15.36,15.289,3802000
"2022-11-14",15.14,15.446,14.92,14.93,14.861,2306400
"2022-11-15",15.43,15.74,14.44,14.7,14.6321,5622600
"2022-11-16",14.44,14.59,13.385,13.88,13.8159,5325600
"2022-11-17",13.52,14.1,13.46,13.99,13.9254,3607900
"2022-11-18",14.19,14.24,13.57,13.84,13.7761,2389400
"2022-11-21",13.79,14.2,13.66,14.03,13.9652,2597400
"2022-11-22",14.07,14.19,13.575,13.81,13.7462,2076400
"2022-11-23",13.83,14.085,13.82,13.86,13.796,1497400
"2022-11-25",13.83,13.955,13.6,13.74,13.6765,1138800
"2022-11-28",13.49,14.06,13.025,13.1,13.0395,2479200
"2022-11-29",13.16,13.27,13.03,13.2,13.1491,1933700
"2022-11-30",13.26,13.91,13.08,13.85,13.7966,2282900
"2022-12-01",14.25,14.575,14.05,14.2,14.1452,2557100
"2022-12-02",13.88,14.92,13.82,14.76,14.703,3201300
"2022-12-05",14.49,14.615,14.16,14.35,14.2946,2045500
"2022-12-06",14.42,14.49,13.82,13.93,13.8762,3117100
"2022-12-07",13.87,14.035,13.49,13.66,13.6073,2911900
"2022-12-08",13.81,14.52,13.701,14.24,14.185,2774200
"2022-12-09",14.17,14.441,13.64,13.64,13.5874,2469000
"2022-12-12",13.58,13.66,13.335,13.62,13.5674,2398700
"2022-12-13",14.28,14.495,13.755,14.08,14.0257,2798900
"2022-12-14",14.01,14.255,13.77,13.91,13.8563,1893800
"2022-12-15",13.57,13.75,13.135,13.25,13.1989,1879200
"2022-12-16",13.08,13.27,12.89,13.14,13.0893,4501500
"2022-12-19",13.16,13.16,12.61,12.68,12.6311,2309400
"2022-12-20",12.55,12.98,12.33,12.85,12.8004,1624400
"2022-12-21",13,13.265,12.91,13.14,13.0893,1621200
"2022-12-22",12.92,13,12.53,12.78,12.7307,1663200
"2022-12-23",12.77,12.89,12.55,12.82,12.7705,1282300
"2022-12-27",12.85,13.01,12.56,12.58,12.5315,2087400
"2022-12-28",12.63,12.81,12.3,12.35,12.3023,1633200
"2022-12-29",12.58,13.765,12.58,13.53,13.4778,3452000
"2022-12-30",13.26,13.68,13.24,13.66,13.6073,2354000
"2023-01-03",13.86,14.11,13.21,13.3,13.2487,3458300
"2023-01-04",13.51,13.615,13.14,13.5,13.4479,2505300
"2023-01-05",13.35,13.57,13.14,13.53,13.4778,2951600
"2023-01-06",13.74,14.205,13.53,14.12,14.0655,2504700
"2023-01-09",14.26,15.1,14.2,14.82,14.7628,4388600
"2023-01-10",14.72,14.76,14.045,14.52,14.464,2425000
"2023-01-11",14.7,14.79,14.37,14.64,14.5835,1817900
"2023-01-12",14.71,15,14.48,14.98,14.9222,1886400
"2023-01-13",14.82,15,14.665,14.97,14.9122,1840500
"2023-01-17",14.95,15,14.76,14.96,14.9023,1798000
"2023-01-18",15.02,15.39,14.465,14.48,14.4241,2442900
"2023-01-19",14.22,14.38,13.912,13.94,13.8862,2197000
"2023-01-20",14.11,14.595,13.901,14.52,14.464,1491000
"2023-01-23",14.65,15.625,14.61,15.53,15.4701,4017500
"2023-01-24",15.54,15.57,15.115,15.25,15.1912,2496700
"2023-01-25",14.81,14.84,14.29,14.35,14.2946,3616400
"2023-01-26",14.61,14.67,13.645,14.05,13.9958,4217200
"2023-01-27",13.9,14.505,13.86,14.38,14.3245,3144100
"2023-01-30",14.09,14.19,13.775,13.96,13.9061,1808100
"2023-01-31",14.03,14.295,13.89,14.22,14.1651,2066500
"2023-02-01",14.18,14.895,13.98,14.7,14.6433,2065700
"2023-02-02",14.93,15.36,14.84,15.04,14.982,2340500
"2023-02-03",14.63,15.225,14.475,14.59,14.5337,3013600
"2023-02-06",14.32,14.47,14.08,14.2,14.1452,3748500
"2023-02-07",14.29,15.29,14.185,15.25,15.1912,4991300
"2023-02-08",15.09,15.85,14.98,15.73,15.6693,5075000
"2023-02-09",16.05,16.292,15.44,15.65,15.5896,3937700
"2023-02-10",15.56,15.67,14.36,14.46,14.4042,3260200
"2023-02-13",14.47,15.23,14.35,15.22,15.1613,2269400
"2023-02-14",15.05,15.7,14.905,15.63,15.5697,2557300
"2023-02-15",15.63,16.1,15.44,16.07,16.008,3354500
"2023-02-16",15.74,16.22,15.62,16.15,16.0877,2939900
"2023-02-17",15.82,16.08,15.67,16.06,15.998,3823900
"2023-02-21",15.83,16,15.2,15.26,15.2011,4883400
"2023-02-22",17.01,17.88,15.235,15.52,15.4601,11976700
"2023-02-23",15.9,16.49,15.54,16.46,16.3965,7040300
"2023-02-24",16.24,16.24,15.39,15.81,15.749,3492300
"2023-02-27",16.03,16.095,15.68,15.76,15.6992,2715300
"2023-02-28",15.66,16.34,15.625,16.25,16.1873,3105900
"2023-03-01",16.17,16.46,15.982,16.13,16.0678,3630400
"2023-03-02",15.78,15.92,15.6,15.83,15.7689,3145900
"2023-03-03",15.88,16.45,15.745,16.36,16.2969,3580800
"2023-03-06",16.39,16.61,16.02,16.19,16.1275,3333600
"2023-03-07",16.14,16.34,15.79,15.84,15.7789,1725800
"2023-03-08",15.87,15.97,15.68,15.74,15.6793,2076900
"2023-03-09",15.87,15.94,15.35,15.38,15.3206,2730100
"2023-03-10",15.39,15.39,14.06,14.24,14.185,4830100
"2023-03-13",13.94,14.09,13.49,13.83,13.7766,4944600
"2023-03-14",14.19,14.39,13.775,13.95,13.8962,3306200
"2023-03-15",13.43,13.56,12.905,13.32,13.2686,3688700
"2023-03-16",13.1,13.75,13.03,13.6,13.5475,2995000
"2023-03-17",13.48,13.66,13.09,13.12,13.0694,4399400
"2023-03-20",13.33,13.36,12.97,13.22,13.169,4987600
"2023-03-21",13.68,13.82,13.585,13.77,13.7169,2253100
"2023-03-22",13.79,14.045,13.44,13.45,13.3981,2532900
"2023-03-23",13.6,14.05,12.99,13.23,13.1789,2125000
"2023-03-24",13.04,13.17,12.695,13.09,13.0395,1880400
"2023-03-27",13.3,13.36,13.04,13.19,13.1391,2611300
"2023-03-28",13.19,13.348,13.04,13.21,13.159,1967800
"2023-03-29",13.53,13.805,13.39,13.71,13.6571,3241600
"2023-03-30",13.99,14.15,13.78,13.8,13.7467,2696500
"2023-03-31",13.96,14.44,13.89,14.31,14.2548,3137000
"2023-04-03",14.24,14.45,13.73,13.97,13.9161,2261300
"2023-04-04",13.98,14.099,12.95,13.1,13.0494,2943100
"2023-04-05",12.92,13.003,12.715,12.92,12.8701,3206800
"2023-04-06",12.85,12.885,12.26,12.38,12.3322,3482100
"2023-04-10",12.3,12.62,12.235,12.55,12.5016,3449700
"2023-04-11",12.6,12.746,12.47,12.55,12.5016,2925500
"2023-04-12",12.67,12.67,12.19,12.25,12.2027,2689300
"2023-04-13",12.28,12.48,12.05,12.43,12.382,4092600
"2023-04-14",12.36,12.63,12.19,12.43,12.382,2621000
"2023-04-17",12.44,12.72,12.34,12.57,12.5215,2362000
"2023-04-18",12.65,12.729,12.12,12.36,12.3123,3716200
"2023-04-19",12.14,12.51,12.015,12.49,12.4418,4485600
"2023-04-20",12.28,12.52,12.16,12.27,12.2227,1937500
"2023-04-21",12.23,12.34,11.95,12.18,12.133,2575300
"2023-04-24",12.26,12.77,12.198,12.73,12.6809,5059300
"2023-04-25",12.55,12.67,12.22,12.23,12.1828,6829700
"2023-04-26",14.33,15.15,13.06,13.59,13.5376,16760500
"2023-04-27",14,14.695,13.725,14.49,14.4341,6112600
"2023-04-28",14.51,15.09,14.4,14.92,14.8624,5048600
"2023-05-01",14.78,15.01,14.64,14.82,14.7628,3492900
"2023-05-02",14.84,14.99,14.495,14.92,14.8624,3744800
"2023-05-03",14.98,15.55,14.885,14.93,14.8724,5293100
"2023-05-04",14.9,14.92,14.275,14.31,14.2548,3302300
"2023-05-05",14.44,15.225,14.28,14.98,14.9222,4187300
"2023-05-08",15.18,15.216,14.68,15.08,15.0218,2130000
"2023-05-09",14.91,15.415,14.835,15.26,15.2011,3253100
"2023-05-10",15.48,15.575,15.05,15.29,15.231,2510000
"2023-05-11",15.23,15.415,15.07,15.33,15.2708,1672000
"2023-05-12",15.31,15.46,14.95,15.1,15.0417,1711300
"2023-05-15",15.1,15.505,15.07,15.32,15.2609,2162400
"2023-05-16",15.26,15.26,15,15.13,15.0716,1630200
"2023-05-17",15.31,15.68,15.175,15.63,15.5697,2741100
"2023-05-18",15.51,16.05,15.4,15.96,15.8984,4900300
"2023-05-19",16.07,16.09,15.5,15.56,15.5,3661200
"2023-05-22",15.77,16.765,15.64,16.51,16.4463,7543800
"2023-05-23",16.31,16.72,16.17,16.29,16.2271,5738800
"2023-05-24",16,16.39,15.75,16.24,16.1773,4048800
"2023-05-25",18.3,19.19,17.945,18.51,18.4386,29409700
"2023-05-26",18.72,20,18.49,19.74,19.6638,15999900
"2023-05-30",20.43,20.53,19.83,20.14,20.0623,9997500
"2023-05-31",19.87,19.906,18.74,19.3,19.2255,5854900
"2023-06-01",19.37,19.65,19.1,19.4,19.3251,4783200
"2023-06-02",19.84,19.96,19.375,19.8,19.7236,4021700
"2023-06-05",19.44,20.14,19.36,20.07,19.9925,4166700
"2023-06-06",19.83,20.39,19.82,20,19.9228,2966800
"2023-06-07",20,20.61,19.89,20.56,20.4807,5017800
"2023-06-08",20.39,20.675,20.06,20.58,20.5006,3695200
"2023-06-09",21.23,21.35,20.85,21.19,21.1082,3982700
"2023-06-12",21.3,21.54,21.02,21.11,21.0285,4766800
"2023-06-13",21.44,22.515,21.4,22.45,22.3634,6638700
"2023-06-14",22.5,22.8,22.24,22.55,22.463,4516600
"2023-06-15",22.42,22.775,22.15,22.6,22.5128,4453300
"2023-06-16",22.8,23.09,22.365,22.54,22.453,7713600
"2023-06-20",22.45,23.405,22.39,23.34,23.2499,5143100
"2023-06-21",23.01,23.18,22.31,22.97,22.8814,4860800
"2023-06-22",22.76,23.43,22.6,23.31,23.2201,4356900
"2023-06-23",22.84,23.73,22.815,23.64,23.5488,6516500
"2023-06-26",23.5,24.26,23.38,23.45,23.3595,7315200
"2023-06-27",23.51,24.015,23.27,23.8,23.7082,3704700
"2023-06-28",23.59,23.77,23.07,23.35,23.2599,5087900
"2023-06-29",23.96,24.329,23.785,24.13,24.0369,8865500
"2023-06-30",24.34,25.01,24.03,24.77,24.6744,5216200
"2023-07-03",24.8,24.91,24.44,24.87,24.774,1881900
"2023-07-05",24.725,24.78,24.29,24.3,24.2062,3535200
"2023-07-06",24.06,24.165,23.51,24.08,23.9871,3810100
"2023-07-07",24.57,25,24.46,24.65,24.5549,2532500
"2023-07-10",24.73,25.505,24.66,25.38,25.2821,2523000
"2023-07-11",25.31,25.59,25.19,25.31,25.2123,3047500
"2023-07-12",25.63,25.975,25.27,25.76,25.6606,3120000
"2023-07-13",25.94,27.03,25.77,26.51,26.4077,5184500
"2023-07-14",26.52,26.8,26.035,26.35,26.2483,3135200
"2023-07-17",26.3,26.72,26.11,26.35,26.2483,3027400
"2023-07-18",26.4,26.815,26.04,26.73,26.6269,4120600
"2023-07-19",26.52,26.78,26.28,26.69,26.587,6889800
"2023-07-20",26.4,26.7,26.07,26.17,26.069,6023900
"2023-07-21",26.43,26.47,25.34,25.68,25.5809,5709800
"2023-07-24",25.52,25.95,25.225,25.78,25.6805,3872100
"2023-07-25",25.67,26.275,25.575,25.99,25.8897,2741700
"2023-07-26",25.7,26.08,25.09,25.34,25.2422,5117700
"2023-07-27",25.85,26.03,25.09,25.32,25.2223,4690000
"2023-07-28",25.69,26.219,25.61,25.95,25.8499,4622600
"2023-07-31",25.77,26.105,25.41,26.01,25.9096,5874900
"2023-08-01",25.67,26.63,25.48,26.53,26.4276,9983200
"2023-08-02",33,35.38,31.57,34.29,34.1577,38471500
"2023-08-03",34.1,34.59,33.06,34.5,34.3669,12836000
"2023-08-04",34.96,36.595,34.76,35.71,35.5722,9938400
"2023-08-07",35,36.41,34.86,35.72,35.5822,14131800
"2023-08-08",35.55,36.47,34.96,36.22,36.0802,7777700
"2023-08-09",36.37,36.69,34.675,34.82,34.6856,7518900
"2023-08-10",34.71,34.95,32.74,33.87,33.7393,11382300
"2023-08-11",34.15,34.58,33.38,33.51,33.3807,6050400
"2023-08-14",33.57,34.86,33.25,34.58,34.4466,5947800
"2023-08-15",34.61,34.92,34.055,34.73,34.596,5592400
"2023-08-16",34.71,34.98,33.7,33.74,33.6098,5438200
"2023-08-17",33.79,33.96,32.885,32.99,32.8627,6342100
"2023-08-18",33,34.33,32.38,33.97,33.8389,7282700
"2023-08-21",34.2,35.24,33.65,35.07,34.9347,5952900
"2023-08-22",35.38,35.8,34.54,34.97,34.8351,4276100
"2023-08-23",35.13,36.2,34.89,35.68,35.5423,4733300
"2023-08-24",36.89,37.22,34.99,35.01,34.8749,10481000
"2023-08-25",35.22,37.95,35.11,37.5,37.3553,10429700
"2023-08-28",37.44,38.538,37.21,38.17,38.0227,6433300
"2023-08-29",37.7,39.16,37.4,38.72,38.5706,5746600
"2023-08-30",38.5,39.248,38.38,38.89,38.7399,3397000
"2023-08-31",39.08,39.5,38.775,39.39,39.238,3569300
"2023-09-01",39.62,40.41,39.19,39.87,39.7161,4614300
"2023-09-05",39.85,40.14,38.78,39.13,38.979,3719500
"2023-09-06",39.2,39.58,37.66,38.44,38.2917,7073700
"2023-09-07",38.16,39.77,37.81,39.6,39.4472,6757300
"2023-09-08",39.33,40.15,39.045,39.2,39.0487,3862500
"2023-09-11",38.18,39.23,37.85,39.2,39.0487,6528500
"2023-09-12",38.87,39.71,37.31,37.62,37.4748,5653700
"2023-09-13",37.43,37.79,36.22,37.03,36.8871,7073300
"2023-09-14",37.97,39.24,37.925,38.44,38.2917,6826000
"2023-09-15",37.75,38.47,37.5,38.17,38.0227,7132800
"2023-09-18",37.47,38.305,36.72,37.8,37.6541,4100100
"2023-09-19",37.97,38.42,37.32,38.06,37.9131,2445100
"2023-09-20",38.16,38.757,37.1,37.12,36.9768,3696100
"2023-09-21",36.7,36.84,35.8,36.32,36.1798,3685200
"2023-09-22",36.73,36.91,36.21,36.45,36.3093,2666200
"2023-09-25",36.44,37.54,36.2,36.77,36.6281,4134200
"2023-09-26",36.5,36.76,35.49,35.52,35.3829,4622500
"2023-09-27",35.96,36.56,35.72,36.18,36.0404,5577000
"2023-09-28",36.26,38.1,36.11,37,36.8572,4655800
"2023-09-29",37.42,38.71,37.121,37.2,37.0565,4526600
"2023-10-02",38.05,38.97,37.7,38.41,38.2618,6750200
"2023-10-03",37.87,39.23,36.4,36.84,36.6978,6541400
"2023-10-04",36.9,38.58,36.63,38.19,38.0426,5267500
"2023-10-05",37.57,38.52,37.3,38.18,38.0327,3903900
"2023-10-06",37.78,40.2,37.53,39.77,39.6165,7099400
"2023-10-09",39.29,40.14,38.28,40.13,39.9751,5777500
"2023-10-10",40.98,42.72,40.5,40.58,40.4234,8552300
"2023-10-11",40.7,42.53,40.541,41.73,41.569,8423300
"2023-10-12",41.81,43.13,41.21,41.81,41.6487,6449900
"2023-10-13",41.6,42.06,39.01,39.1,38.9491,6902800
"2023-10-16",39.47,40.923,39.2,40.65,40.4931,4355100
"2023-10-17",39.65,41.39,38.62,41.19,41.0311,5069000
"2023-10-18",40.49,40.78,38.46,38.75,38.6005,6822600
"2023-10-19",39.02,39.48,36.96,37.42,37.2756,8848700
"2023-10-20",37.19,37.94,35.65,36.74,36.5982,8789400
"2023-10-23",36.79,38.312,36.238,37.29,37.1461,6632100
"2023-10-24",37.72,39.2,37.57,39.03,38.8794,9674100
"2023-10-25",41.54,41.92,36,37.39,37.2457,17130500
"2023-10-26",37.57,38.1,34.6,34.86,34.7255,10790600
"2023-10-27",35.66,36.81,35.601,36.42,36.2795,7865300
"2023-10-30",36.92,38.5,36.4,38.28,38.1323,6218900
"2023-10-31",38.03,39.445,37.21,39.27,39.1185,5648500
"2023-11-01",39.35,40.26,39.07,40.23,40.0748,5920400
"2023-11-02",40.93,41.8,39.67,39.98,39.8257,5638600
"2023-11-03",40.59,41.215,39.82,40.44,40.284,6202500
"2023-11-06",40.53,40.68,38.68,39.75,39.5966,5246500
"2023-11-07",40.08,41.06,39.48,40.15,39.9951,4686000
"2023-11-08",40.67,40.93,39.8,40.07,39.9154,4825800
"2023-11-09",40.37,42.2,39.512,39.97,39.8158,6119900
"2023-11-10",40.01,42.25,40.01,41.83,41.6686,5791900
"2023-11-13",41.5,42.43,41.174,42.29,42.1268,4239600
"2023-11-14",43.21,44,42.82,43.59,43.4218,6316000
"2023-11-15",44.27,44.96,42.83,43.5,43.3321,8154000
"2023-11-16",43,43.62,42.34,42.84,42.6747,4630200
"2023-11-17",43.78,44.16,42.97,43.29,43.123,5138900
"2023-11-20",43.11,44.63,43.11,44.55,44.3781,4552700
"2023-11-21",44.23,45.15,42.12,42.63,42.4655,6832100
"2023-11-22",43.4,44.38,42.33,43.52,43.3521,6242700
"2023-11-24",43.72,43.87,42.54,42.68,42.5153,1531400
"2023-11-27",42.69,43.26,42.4,42.55,42.3858,5344300
"2023-11-28",42.52,42.865,41.33,42.25,42.087,7511300
"2023-11-29",44.01,44.92,41.01,42.29,42.1268,13346500
"2023-11-30",42.69,44.55,42.5,43.66,43.4915,26319000
"2023-12-01",43.5,45.94,43.27,45.14,44.9658,9447000
"2023-12-04",45.22,45.91,43.66,45.36,45.185,8054700
"2023-12-05",44.96,45.308,44.31,45.15,44.9758,4325000
"2023-12-06",45.49,45.99,44.03,44.16,43.9896,4325600
"2023-12-07",44.3,45.42,44.14,45.14,44.9658,4565600
"2023-12-08",44.84,47.25,44.83,47.14,46.9841,6951500
"2023-12-11",47.33,48.88,47.327,47.63,47.4725,7433900
"2023-12-12",47.5,49.86,47.39,49.43,49.2665,7006600
"2023-12-13",49.63,50.23,47.76,47.94,47.7815,7966800
"2023-12-14",48.35,48.99,45.75,47.24,47.0838,10176300
"2023-12-15",47.36,48.4,46.87,47.73,47.5722,5707600
"2023-12-18",47.73,48.6,47.452,47.8,47.6419,3012700
"2023-12-19",47.91,49.345,47.88,49.22,49.0572,3795300
"2023-12-20",48.86,49.15,47.2,47.25,47.0938,3611100
"2023-12-21",48.12,48.64,47.84,48.58,48.4194,2593900
"2023-12-22",48.57,49.16,48.2,48.78,48.6187,2421800
"2023-12-26",48.93,49.21,48.55,48.99,48.828,2078700
"2023-12-27",48.9,49.31,48.39,48.93,48.7682,2615700
"2023-12-28",48.97,49.33,48.34,48.96,48.7981,2134000
"2023-12-29",48.84,49.02,47.84,48.03,47.8712,3012600
"2024-01-02",47.48,47.5,45.192,45.64,45.4891,5770200
"2024-01-03",45,45.925,44.31,45.57,45.4193,5905000
"2024-01-04",45.59,47.31,45.59,45.8,45.6485,5274800
"2024-01-05",45.6,46.67,45.09,46.31,46.1569,4390700
"2024-01-08",46.75,48.62,46.62,48.54,48.3795,4179200
"2024-01-09",48.42,49.47,47.45,49.18,49.0174,3871400
"2024-01-10",49.19,49.68,48.45,48.79,48.6287,2870600
"2024-01-11",49,50.17,48.22,50.02,49.8546,3612700
"2024-01-12",49.88,50.25,48.42,49.52,49.3562,3465700
"2024-01-16",49.37,50.72,49.25,49.96,49.7948,3061700
"2024-01-17",49.43,49.89,48.86,49.26,49.0971,3208600
"2024-01-18",50.36,51.04,49.67,50.89,50.7217,4190200
"2024-01-19",52.5,53.67,51.67,53.67,53.4925,7499800
"2024-01-22",54.5,55.93,53.1,53.45,53.2733,7113800
"2024-01-23",53.69,54.2,52.825,53.67,53.4925,3453600
"2024-01-24",54.38,55.05,52.8,52.82,52.6453,8007700
"2024-01-25",53.5,53.79,52.61,53.31,53.1337,7383900
"2024-01-26",53.05,54.765,52.4,53.46,53.2832,5004700
"2024-01-29",53.4,54.93,53.3,54.9,54.7185,5323500
"2024-01-30",56.24,57.59,55.67,56.66,56.4726,9344800
"2024-01-31",55.46,57.6,55.228,56.33,56.1437,7562300
"2024-02-01",57.47,59.62,57.24,59.46,59.2634,10368900
"2024-02-02",60.07,62.26,60.07,61.47,61.2667,9915200
"2024-02-05",61.45,62.17,60.37,61.58,61.3764,6978700
"2024-02-06",61.9,62.26,57.83,59.12,58.9245,10174800
"2024-02-07",59.98,61.31,59.275,60.74,60.5391,6299400
"2024-02-08",60.93,63.43,60.885,61.67,61.4661,7401100
"2024-02-09",61.99,63.81,61.85,63.52,63.31,6139500
"2024-02-12",63.95,64.18,61.05,61.32,61.1172,7719100
"2024-02-13",58.91,63.12,57.127,62.53,62.3232,10345100
"2024-02-14",63.5,65.2,63.06,64.97,64.7551,7578000
"2024-02-15",65.02,65.56,61.98,62.84,62.6322,9598700
"2024-02-16",63.18,65,62.35,62.97,62.7618,8065900
"2024-02-20",61.96,62.55,60.08,62.02,61.8149,9540300
"2024-02-21",55.03,61.59,55,58.55,58.3564,21392500
"2024-02-22",62.86,64.5,61.69,62.9,62.692,11656200
"2024-02-23",63.42,64.51,61.25,62.7,62.4927,5905900
"2024-02-26",63.33,66.9,63.22,66.31,66.0907,7090900
"2024-02-27",67,68.8,66.25,66.27,66.0509,8558900
"2024-02-28",65.55,67.56,65.535,66.1,65.8814,5414400
"2024-02-29",66.8,68.22,66.45,67.62,67.3964,6756200
"2024-03-01",68.4,71.14,68.37,70.57,70.3366,7711100
"2024-03-04",72.8,73.5,71.69,71.69,71.4529,9063800
"2024-03-05",70.6,71.921,68.728,70.02,69.7885,6304000
"2024-03-06",72.16,73.58,70.743,71.99,71.752,5829700
"2024-03-07",72,72.57,70.75,72.09,71.8516,5393700
"2024-03-08",72.4,74.41,69,69.37,69.1406,7610700
"2024-03-11",68.25,68.32,65.89,67,66.7785,11753400
"2024-03-12",68.72,72.59,68.35,72.32,72.0808,7662700
"2024-03-13",71.78,74.64,71.541,73.37,73.1274,8822900
"2024-03-14",73.9,76.28,73.24,73.92,73.6756,9816100
"2024-03-15",73.81,75.455,72.67,74.16,73.9148,8130500
"2024-03-18",77.11,79.66,75.57,77.14,76.9108,12558000
"2024-03-19",75,77.28,72.91,77.06,76.8311,12532800
"2024-03-20",77.7,78.62,75.43,77.84,77.6088,6214900
"2024-03-21",82.02,84.75,81.13,82.11,81.8661,11019800
"2024-03-22",83.2,84.02,81.54,82.5,82.2549,6338800
"2024-03-25",82.4,83.23,80.92,81.95,81.7065,7094700
"2024-03-26",82.5,86.625,82.16,82.67,82.4244,8377100
"2024-03-27",82.67,83.28,78.52,81.01,80.7693,7800500
"2024-03-28",81.1,82.96,80.6,81.67,81.4274,5077400
"2024-04-01",82.08,82.84,79.568,80.4,80.1611,6376400
"2024-04-02",78.72,81.28,77.16,80.77,80.5301,6930200
"2024-04-03",80,85.83,79.8,85.35,85.0964,8018000
"2024-04-04",87.62,88.695,80.58,80.69,80.4503,11498400
"2024-04-05",82.6,85.41,81.8,85.34,85.0865,7984600
"2024-04-08",85.42,86,82.245,84.15,83.9,6525000
"2024-04-09",84.25,84.37,78.93,81.8,81.557,10232900
"2024-04-10",80.13,85.385,79.313,84.77,84.5182,8810800
"2024-04-11",85.74,88.25,84.94,86.34,86.0835,8896300
"2024-04-12",84.63,86.74,83.51,83.89,83.6408,5903600
"2024-04-15",85.5,86.45,80.34,80.67,80.4303,7638000
"2024-04-16",80.45,83.36,79.59,82.36,82.1153,6775600
"2024-04-17",83.16,85.13,80.1,81.88,81.6368,6168700
"2024-04-18",82.59,84.79,80.03,81.01,80.7693,6618400
"2024-04-19",79.91,80.15,74.57,75.01,74.7872,15942300
"2024-04-22",75.8,77.249,72.58,76.07,75.844,10949600
"2024-04-23",76.87,79.79,76.42,79.17,78.9348,7385700
"2024-04-24",89.79,94.39,81.84,84.57,84.3188,28787700
"2024-04-25",83,92.489,81.9,90.35,90.0816,20852400
"2024-04-26",92.87,95.32,92.56,93.49,93.2123,15253900
"2024-04-29",93.18,94.86,91.19,94.8,94.5184,11883700
"2024-04-30",93.75,95.701,91.33,93,92.7237,11015300
"2024-05-01",92.13,93,86.791,88.52,88.257,10953700
"2024-05-02",90.47,92.44,87.36,92.17,91.8962,6046500
"2024-05-03",94.18,94.88,92.56,93.01,92.7337,4749000
"2024-05-06",94.39,97.28,94.39,97.26,96.9711,5701300
"2024-05-07",95.9,97.49,94.85,94.91,94.628,5752100
"2024-05-08",94.72,98.08,94.1,97.68,97.3898,6006400
"2024-05-09",97.6,99.44,95.55,97.94,97.649,6894400
"2024-05-10",99.6,100.298,95.02,95.4,95.1166,8692800
"2024-05-13",95.42,96.63,93.74,94.8,94.5184,4466600
"2024-05-14",94.37,98.95,93.1,98.73,98.4367,4872000
"2024-05-15",101.02,104.76,101.01,104.6,104.2893,8483800
"2024-05-16",102.47,103.75,97.21,97.29,97.001,8234300
"2024-05-17",98.68,98.94,95.05,96.81,96.5224,8078400
"2024-05-20",97.62,101.3,97.62,99.32,99.025,6056000
"2024-05-21",97.04,100.18,96.5,99.13,98.8355,4538400
"2024-05-22",100,101.95,99.1,100.13,99.8325,5919700
"2024-05-23",105,105.64,101.09,101.24,100.9392,10831100
"2024-05-24",101.6,109.271,101.22,106.17,105.8546,10019600
"2024-05-28",108.11,109,103.3,105.16,104.8476,9810400
"2024-05-29",104.6,105.43,103.11,103.21,102.9034,7080700
"2024-05-30",102.85,104.47,101.64,102.28,101.9762,4799900
"2024-05-31",100.4,100.704,92.4,98.07,97.7787,17944400
"2024-06-03",98.2,98.39,92.65,96.11,95.8245,9698100
"2024-06-04",93.95,94.41,89.13,92.09,91.8164,13986400
"2024-06-05",93.57,98.36,93.34,97.08,96.7916,9545800
"2024-06-06",96.1,97.29,87.16,88,87.7386,20215600
"2024-06-07",87.87,90.8,85.14,87.68,87.4195,13592800
"2024-06-10",87.51,92.5,87.5,91.3,91.0288,7944400
"2024-06-11",90.75,91.1,88.6,89.3,89.0347,6583900
"2024-06-12",92.11,95.24,89.38,90.17,89.9021,9862600
"2024-06-13",91.43,95.92,90.52,95.31,95.0269,9510700
"2024-06-14",94.76,95.45,90.32,91.48,91.2082,8047200
"2024-06-17",91.89,92.1,86.88,89.55,89.3084,9299200
"2024-06-18",89.09,96.36,87.75,95.34,95.0828,11453500
"2024-06-20",95.13,97.504,89.658,90.49,90.2458,10777000
"2024-06-21",89.4,90.89,86.01,90.62,90.3755,12026100
"2024-06-24",89.5,90.15,87.04,89.14,88.8995,8392000
"2024-06-25",89.53,91.81,88.51,91.72,91.4725,6515200
"2024-06-26",90.2,90.99,85.675,87.01,86.7752,8985200
"2024-06-27",87,88.12,86.27,86.88,86.6456,6727000
"2024-06-28",87,89.33,84.78,86.57,86.3364,23351600
"2024-07-01",87.41,87.62,82.81,86.66,86.4262,8693900
"2024-07-02",86.11,89.07,85.665,88,87.7626,7714400
"2024-07-03",88.06,93.42,87.93,93.42,93.1679,7859600
"2024-07-05",93,94.6,91.11,91.78,91.5324,5903000
"2024-07-08",92.75,94.45,91.8,92.33,92.0809,4309200
"2024-07-09",92.96,95.48,92.66,92.76,92.5097,6111900
"2024-07-10",93.45,94.378,90.85,94.1,93.8461,4254900
"2024-07-11",94.99,95.36,90.76,92.86,92.6094,6257800
"2024-07-12",92,93.43,88.678,89.67,89.4281,10282400
"2024-07-15",89.9,90.93,87.4,87.89,87.6529,7589600
"2024-07-16",89.79,91.074,87.55,89.72,89.4779,6182000
"2024-07-17",86.59,88.2,81.78,81.78,81.5593,13005800
"2024-07-18",83.63,86.78,79.78,82.56,82.3372,13846400
"2024-07-19",82.94,86.47,82.35,85.31,85.0798,7387300
"2024-07-22",87.74,89.31,86.12,87.85,87.613,7697000
"2024-07-23",87.72,92.35,87.5,91,90.7545,10060900
"2024-07-24",88.38,88.86,78.29,78.59,78.3779,22908000
"2024-07-25",79.24,79.719,72,76.48,76.2737,17502800
"2024-07-26",79.75,80.5,76.82,77.12,76.9119,7834600
"2024-07-29",77.5,80,76.31,78,77.7895,8083800
"2024-07-30",78.39,79.8,71.89,73.03,72.8329,12157600
"2024-07-31",80.595,81.05,77.99,78.7,78.4877,16390300
"2024-08-01",79.75,80.9,73.635,74,73.8003,10460800
"2024-08-02",68.14,70.75,65.831,69.46,69.2726,16616300
"2024-08-05",62.4,68.92,62.4,67.73,67.5473,15898300
"2024-08-06",69.1,71.24,66.38,69.27,69.0831,11978600
"2024-08-07",71,72,66.2,67.22,67.0386,11165100
"2024-08-08",69.59,71.71,66.75,71.06,70.8683,9929400
"2024-08-09",70.95,72.09,69.86,71.46,71.2672,6669300
"2024-08-12",71.6,73.52,70.77,72.94,72.7432,6761500
"2024-08-13",73.53,76.76,73.07,76.24,76.0343,8043000
"2024-08-14",77.54,80.8,76.905,80.16,79.9437,11372200
"2024-08-15",81.5,83.05,80.3,82.96,82.7362,7604900
"2024-08-16",82,82,79.01,79.42,79.2057,6846400
"2024-08-19",79,79.07,75.84,78.88,78.6672,6791700
"2024-08-20",78.77,79.39,76.01,76.51,76.3036,5977800
"2024-08-21",76.32,78.6,75.412,77.99,77.7796,5735300
"2024-08-22",78.16,78.87,75.84,76.78,76.5728,4304800
"2024-08-23",77.33,78.84,76.32,78.55,78.3381,4990700
"2024-08-26",78.34,79.12,76.9,78.06,77.8494,4828700
"2024-08-27",77,81,76.35,80.21,79.9936,5431800
"2024-08-28",80.6,81.925,78.39,80.52,80.3027,6981700
"2024-08-29",81.21,83.75,78.94,79.92,79.7043,7012300
"2024-08-30",81.2,83.59,80.47,83.03,82.806,7101000
"2024-09-03",82.25,82.8,74.81,75.2,74.9971,9052500
"2024-09-04",74.08,76.87,73.27,75.06,74.8575,5232300
"2024-09-05",74.52,75.692,73.37,75.15,74.9472,3809900
"2024-09-06",75.4,76.05,71.124,71.77,71.5763,8197900
"2024-09-09",73,74.94,72.45,74.48,74.279,5446600
"2024-09-10",75.28,76.69,73.67,75.47,75.2664,4235500
"2024-09-11",75.95,82.62,75.495,82.39,82.1677,10119200
"2024-09-12",81.65,87.61,81.51,86.76,86.5259,11803600
"2024-09-13",88.52,89.22,85.41,85.76,85.5286,7264500
"2024-09-16",84.44,87.62,83.75,86.99,86.7553,6043800
"2024-09-17",88,88.716,86.1,87.29,87.0795,4287300
"2024-09-18",88.3,90.5,87.08,87.66,87.4486,8542000
"2024-09-19",91.92,93.66,90.03,92.06,91.838,9608800
"2024-09-20",92.8,95.12,92.3,94.54,94.312,13255800
"2024-09-23",95.33,96.7,95.02,96.07,95.8383,6964900
"2024-09-24",96.13,97.568,95.26,97.39,97.1552,5068300
"2024-09-25",98.2,101.5,98.085,100.74,100.4971,8452500
"2024-09-26",102.44,103.69,97.42,100.62,100.3774,9150700
"2024-09-27",100.13,100.34,96.02,98.41,98.1727,7032700
"2024-09-30",97.4,99.7,95.95,99.49,99.2501,4848300
"2024-10-01",99.62,99.845,96.16,97.62,97.3846,4428600
"2024-10-02",97.21,102.49,96.3,102.28,102.0334,6185500
"2024-10-03",102.62,105.25,101.65,102.69,102.4424,6036300
"2024-10-04",104.22,105.386,102.94,105.2,104.9463,5740300
"2024-10-07",105.2,107.67,104.397,106.73,106.4726,6403600
"2024-10-08",105.84,108.08,105.13,106.82,106.5624,4942600
"2024-10-09",107.31,109.38,107.06,108.12,107.8593,5512600
"2024-10-10",106.5,109.09,104.62,107.47,107.2108,4653900
"2024-10-11",107.54,112.065,107.31,111.84,111.5703,6545000
"2024-10-14",112.34,113.43,111.53,112.41,112.1389,5474300
"2024-10-15",111.8,111.96,106.29,107.47,107.2108,9795900
"2024-10-16",109.52,112.78,109.24,111.69,111.4207,6210100
"2024-10-17",113.87,116.19,113.04,114.28,114.0044,7672800
"2024-10-18",114.1,114.28,112.12,112.25,111.9793,4167800
"2024-10-21",111.48,113.175,110.455,112.11,111.8396,5974800
"2024-10-22",110.5,114.11,110.25,112.47,112.1988,9649700
"2024-10-23",107,116.41,104.52,108.36,108.0987,18855300
"2024-10-24",109.51,111.94,108.09,110.03,109.7647,8149800
"2024-10-25",110.885,114.87,110.57,112.17,111.8995,6257400
"2024-10-28",113.09,115.19,112.67,113.61,113.336,4765800
"2024-10-29",113,114.15,112.4,113.83,113.5555,4019800
"2024-10-30",113.31,114.13,110.611,112.45,112.1788,3529500
"2024-10-31",109.67,110.47,107.18,109.29,109.0265,5806500
"2024-11-01",109.91,110,106.65,106.9,106.6422,5008300
"2024-11-04",106.36,107.408,104.58,106.21,105.9539,4637700
"2024-11-05",107.49,112.57,107.05,112.44,112.1689,4133600
"2024-11-06",116.99,120.44,115.08,120.43,120.1396,7598500
"2024-11-07",122.89,124.855,120.94,122.17,121.8754,7696700
"2024-11-08",121.61,125.805,120.6,125.75,125.4468,4621500
"2024-11-11",130.15,130.3,123.845,126.8,126.4942,6556500
"2024-11-12",125.11,126.67,121.25,123.81,123.5114,6110700
"2024-11-13",125.99,128.71,124.29,124.53,124.2297,4591000
"2024-11-14",124.8,124.87,119.61,121.03,120.7381,5020200
"2024-11-15",119.02,123.25,118.64,120.87,120.5785,6155000
"2024-11-18",124.64,127.34,119.72,123.02,122.7233,7583700
"2024-11-19",123.63,141.12,123.63,140.94,140.6002,14850300
"2024-11-20",140.6,141.76,134.41,137.54,137.2083,10605600
"2024-11-21",138.98,145.67,137.28,141.49,141.1488,10137200
"2024-11-22",142.26,142.9,139.14,140.15,139.812,4944000
"2024-11-25",141.03,141.7,130.65,132.03,131.7116,10649700
"2024-11-26",133.56,135.46,130.24,131.74,131.4223,7680900
"2024-11-27",130.045,130.67,124.52,126.94,126.6339,7384600
"2024-11-29",129.94,130.98,127.3,127.6,127.2923,3018300
"2024-12-02",129,131.99,124.05,127.05,126.7436,5331900
"2024-12-03",127.84,131.68,126.33,128.16,127.8892,7607800
"2024-12-04",130.21,132.9,129.22,130.88,130.6034,5222800
"2024-12-05",133,137.06,130.55,134.58,134.2957,11214600
"2024-12-06",135,135.522,130.7,133.85,133.5672,4552300
"2024-12-09",133.55,133.55,121.84,126.17,125.9034,8959200
"2024-12-10",126.5,127.83,120.63,121.7,121.4428,6682900
"2024-12-11",124.1,127,122.33,125.84,125.5741,4269500
"2024-12-12",123.97,126.17,123.3,125.04,124.7758,3265000
"2024-12-13",127,129,121.8,125.78,125.5142,11623200
"2024-12-16",126.22,127.21,123.589,125.97,125.7038,4849100
"2024-12-17",123.5,124.38,119.2,120.69,120.435,5869200
"2024-12-18",121.88,122.5,112.795,114.12,113.8789,6554000
"2024-12-19",117.21,117.69,112.914,115.44,115.1961,6615500
"2024-12-20",114.2,121,112.58,120.04,119.7864,8720800
"2024-12-23",120.5,120.87,115.6,117.74,117.4912,4161500
"2024-12-24",118.53,119.565,117.96,118.74,118.4891,1725800
"2024-12-26",118,120.1,117.77,118.88,118.6288,2188900
"2024-12-27",117.07,118,113.48,115.11,114.8668,3813100
"2024-12-30",112.33,118.2,112.23,116.16,115.9146,3663200
"2024-12-31",116.39,116.5,113.39,113.61,113.3699,3431600
"2025-01-02",115.02,120.207,114.88,118.3,118.05,4808000
"2025-01-03",119.25,126.11,119.09,125.67,125.4045,7696700
"2025-01-06",131.3,135.09,131.1,134.08,133.7967,9688500
"2025-01-07",135,135.33,126.01,130.64,130.364,7258000
"2025-01-08",130.2,130.61,125.2,129.27,128.9968,4115800
"2025-01-10",128.08,129.23,122.14,128.93,128.6576,5205600
"2025-01-13",123.245,124.69,118.7,124.01,123.748,6856600
"2025-01-14",126.13,130.88,125.71,128.95,128.6775,6231600
"2025-01-15",132.46,133.49,128.87,132,131.7211,4268100
"2025-01-16",133.86,136.22,131.617,132.59,132.3098,4427700
"2025-01-17",134.495,137.3,132.6,135.88,135.5929,4915100
"2025-01-21",141.14,143.48,135.55,143.13,142.8276,7427400
"2025-01-22",150.08,154.79,147.68,148.59,148.276,9963900
"2025-01-23",147.46,155.26,146.55,153.49,153.1657,7579300
"2025-01-24",154.26,155.84,145.41,146.32,146.0108,8530300
"2025-01-27",117.05,121.48,99.11,102.6,102.3832,47118800
"2025-01-28",104.18,107,97.5,106.55,106.3249,24199200
"2025-01-29",108.94,112.665,106.04,110.46,110.2266,17317300
"2025-01-30",115.95,119.74,111.44,114.6,114.3578,13358600
"2025-01-31",118.05,121.187,113.7,117.02,116.7727,11188000
"2025-02-03",105.75,114.352,105,112.6,112.3621,10950400
"2025-02-04",113,113.74,109.55,111.25,111.0149,7636300
"2025-02-05",114.27,119.399,113.54,119.04,118.7885,8100300
"2025-02-06",119.66,121.34,117.55,119.56,119.3074,5610600
"2025-02-07",121,124.03,119.47,121.38,121.1235,6041100
"2025-02-10",120.78,126.525,120.78,125.76,125.4943,7773300
"2025-02-11",123.585,124.86,120.21,123.25,122.9896,9012300
"2025-02-12",111.08,116,110.745,111.24,111.005,21298100
"2025-02-13",113,114.5,105.82,109.28,109.0491,14407500
"2025-02-14",109.3,109.3,105.86,108.05,107.8217,7157300
"2025-02-18",111.01,113.37,108.98,109.96,109.7277,6717700
"2025-02-19",109.86,110.38,106.67,107.84,107.6121,5945000
"2025-02-20",109,110.605,102.67,104.83,104.6085,9035800
"2025-02-21",105,105,94.57,95.99,95.7872,15635300
"2025-02-24",97,97,88.74,91.02,90.8277,17153500
"2025-02-25",89,94.25,84.69,91.9,91.7058,20420600
"2025-02-26",100.66,101.8,97.03,98.61,98.4016,15843700
"2025-02-27",103.7,104.207,91.94,92.41,92.2148,12551000
"2025-02-28",91.51,96.08,91,95.17,94.9689,9527600
"2025-03-03",93.66,94.9,84.1,85.41,85.2295,15779700
"2025-03-04",82.11,88.96,79,86.39,86.2075,17251800
"2025-03-05",86.21,89.26,83.79,87.89,87.7043,8103200
"2025-03-06",82.65,85.48,80.6,82.04,81.8667,10284400
"2025-03-07",82.04,85.5,79.79,85.04,84.8603,9677300
"2025-03-10",81.255,82.47,76.1,78.02,77.8551,14742900
"2025-03-11",78.95,85.35,78.12,83.12,82.9444,10287600
"2025-03-12",88.9,89.52,82.85,85.38,85.1996,9870900
"2025-03-13",84.25,85.13,79.912,83.09,82.9144,8079800
"2025-03-14",86.82,87.86,83.6,87.45,87.2652,7348500
"2025-03-17",86.82,90.72,86.58,89.08,88.8918,7248000
"2025-03-18",87.86,88.165,84.06,84.66,84.5172,6148800
"2025-03-19",85.79,91.19,84.66,89.17,89.0196,7165400
"2025-03-20",86.88,90.806,86.518,89.08,88.9297,5474100
"2025-03-21",87.06,89.11,85.75,88.63,88.4805,5240900
"2025-03-24",92,94.2,90.56,93.69,93.5319,6225200
"2025-03-25",92.95,94.02,89.51,91.58,91.4255,6850800
"2025-03-26",85.7,86.58,80.1,81.62,81.4823,18957000
"2025-03-27",78.57,79.46,75.93,76.32,76.1912,17175000
"2025-03-28",75.65,76.5,72.49,74.25,74.1247,13147200
"2025-03-31",70,72.49,68.25,72.2,72.0782,13779500
"2025-04-01",71.91,75.67,70.37,75.27,75.143,10133200
"2025-04-02",72.5,77.68,72.43,77.11,76.9799,8254100
"2025-04-03",69.6,71.52,66.62,67.47,67.3562,14045300
"2025-04-04",60.04,61.79,55.32,59.41,59.3098,27351300
"2025-04-07",53.61,67.85,53.6,63.82,63.7123,20280000
"2025-04-08",70.2,70.35,60.67,62.9,62.7939,17171900
"2025-04-09",61.855,76.49,61.28,72.82,72.6971,18896600
"2025-04-10",69.19,70.78,65.92,67.73,67.6157,11791000
"2025-04-11",67.3,69.71,65.682,69.61,69.4926,8185500
"2025-04-14",73.22,73.42,70.13,71.57,71.4492,7879500
"2025-04-15",71.37,73.47,71.37,72.71,72.5873,6190300
"2025-04-16",69.18,72.21,68.326,71.65,71.5291,14543000
"2025-04-17",72.5,73.74,70.85,73.21,73.0865,9296500
"2025-04-21",70.845,71.5,65.93,67.57,67.456,8511100
"2025-04-22",69.21,72.6,69,71.82,71.6988,10428000
"2025-04-23",85.475,86.93,77.24,78,77.8684,24253700
"2025-04-24",80.25,84.84,80,83.88,83.7385,13734200
"2025-04-25",84.97,89.27,84.55,86.95,86.8033,14315000
"2025-04-28",86.95,88,84.334,86.15,86.0046,8872000
"2025-04-29",87,87.5,84.67,86.19,86.0446,6317500
"2025-04-30",81.78,85.41,80.51,85.38,85.236,8979700
"2025-05-01",91.64,94.93,91.165,92.55,92.3939,16440700
"2025-05-02",94.11,96.99,93,95,94.8397,9145600
"2025-05-05",93.11,95.79,92.95,94.83,94.67,6240200
"2025-05-06",91.94,93.95,91.81,93.48,93.3223,6740400
"2025-05-07",92.9,95.65,91.84,95.52,95.3588,10037400
"2025-05-08",96.95,97.28,94.87,95.74,95.5785,7275900
"2025-05-09",96.06,96.94,92.13,94.06,93.9013,6369800
"2025-05-12",101.1,101.75,99.44,101.05,100.8795,8952200
"2025-05-13",101.07,107.69,100.9,105.58,105.4019,8987200
"2025-05-14",108.55,109.95,106.82,109.48,109.2953,9603500
"2025-05-15",105.8,108.18,105.19,105.38,105.2022,6667500
"2025-05-16",106.155,106.34,103.96,106.04,105.8611,5170000
"2025-05-19",103,106.75,102.56,106.4,106.2205,4593500
"2025-05-20",105.37,106.84,105.02,106.39,106.2105,4030700
"2025-05-21",104.29,107,102.57,103.61,103.4352,5354900
"2025-05-22",102.7,105.29,101.11,104.2,104.0242,3800000
"2025-05-23",101.36,105.15,101,104.14,103.9643,3967400
"2025-05-27",107.52,110.18,106.3,109.79,109.6048,6457200
"2025-05-28",108.8,109.52,107.05,109.22,109.0357,5920500
"2025-05-29",113.81,114.34,107.05,108.47,108.287,5908200
"2025-05-30",107.305,107.97,104.71,107.93,107.7479,6935600
"2025-06-02",108,109.38,105.68,109.23,109.0457,4001800
"2025-06-03",111.2,115.35,110.62,112.34,112.1505,8438200
"2025-06-04",113.32,115.65,112.7,112.85,112.6596,5005700
"2025-06-05",113.97,114.176,110.956,112.22,112.0307,4812000
"2025-06-06",115,116.62,114.252,115.36,115.1654,5377100
"2025-06-09",115.17,115.5,111.5,112,111.811,5820400
"2025-06-10",113,113.01,107.38,108.47,108.287,7573000
"2025-06-11",108.4,111.89,107.38,110.59,110.4034,5560400
"2025-06-12",109.4,114.59,108.81,114.5,114.3068,6778700
"2025-06-13",111.08,113.708,110.323,110.97,110.7828,5900600
"2025-06-16",114.3,117.18,113.39,116.45,116.2934,7553800
"2025-06-17",117.02,120.33,115.5,116.61,116.4531,6102900
"2025-06-18",116.57,120.74,115.67,119.08,118.9198,6331700
"2025-06-20",119.65,120.4,117.2,118.54,118.3805,6689600
"2025-06-23",117.5,118.55,112.715,116.54,116.3832,9121400
"2025-06-24",118.05,122.92,117.49,122.32,122.1555,7544700
"2025-06-25",123,124.619,121.25,121.64,121.4764,5324500
"2025-06-26",122.01,125.45,121.47,123.8,123.6335,5398100
"2025-06-27",127,128.582,124.8,127.16,126.989,9337700
"2025-06-30",128.08,129.31,125.88,128.41,128.2373,5349800
"2025-07-01",127,127.87,120.28,122.54,122.3752,8974300
"2025-07-02",124.12,126.47,123.1,124.33,124.1628,5761600
"2025-07-03",124.6,129.43,124.55,127.84,127.668,4003600
"2025-07-07",127.84,129,124.785,126.26,126.0902,4427000
"2025-07-08",129.88,131.38,124.9,125.89,125.7206,6641600
"2025-07-09",127.03,129.48,125.91,128.37,128.1973,4936300
"2025-07-10",128,128.82,110.06,120.72,120.5576,24686000
"2025-07-11",120.11,124.64,118.7,123.3,123.1341,7222200
"2025-07-14",122,125.56,122,124.72,124.5522,6560400
"2025-07-15",127.94,129.44,125.5,127.37,127.1987,7079600
"2025-07-16",127.35,128.45,122.51,125.4,125.2313,6036900
"2025-07-17",128.25,133.52,127.435,131.12,130.9436,7989200
"2025-07-18",131.515,133.2,128.44,129.06,128.8864,5781900
"2025-07-21",129.2,129.75,125.4,126.21,126.0402,4821200
"2025-07-22",125.86,125.92,119.1,125.29,125.1215,6335800
"2025-07-23",127.91,131.44,127.37,130.19,130.0149,6072900
"2025-07-24",131.98,132.95,129.39,130.87,130.694,4504500
"2025-07-25",132.13,137.66,132.13,137.47,137.2851,8556100
"2025-07-28",139.13,143.1,138.02,142.55,142.3582,10607100
"2025-07-29",143.08,146.32,140.38,142.7,142.508,15169700
"2025-07-30",147.075,153.5,140.36,144.17,143.9761,18502400
"2025-07-31",148.75,152.59,145.43,145.6,145.4042,10875600
"2025-08-01",137.28,143.14,136,141.59,141.3995,11015000
"2025-08-04",144.265,144.265,139.55,140.2,140.0114,6744800
"2025-08-05",140.83,141.4,135.354,138.76,138.5733,5091100
"2025-08-06",137.59,140.21,136.25,139.75,139.562,4079300
"2025-08-07",141,141.04,137.42,139.39,139.2025,5302500
"2025-08-08",141.18,141.58,138.4,139.93,139.7417,3734000
"2025-08-11",139.17,141.44,138.5,139.83,139.6419,4109500
"2025-08-12",141.3,145.6,139.8,143.72,143.5267,6185600
"2025-08-13",145,145.12,133.95,137.4,137.2152,9976000
"2025-08-14",134.21,135.93,131.53,132.52,132.3418,8129200
"2025-08-15",132.52,133.35,129.22,133.07,132.891,6207700
"2025-08-18",132.37,135.78,132.25,135.69,135.5075,3251400
"2025-08-19",133.01,133.97,127.34,129.05,128.8764,7307700
"2025-08-20",126.43,127.64,121.41,127.54,127.3684,8282300
"2025-08-21",127.77,128.63,125.785,126.58,126.4097,3744300
"2025-08-22",127,131.239,125.72,125.97,125.8006,5622100
"2025-08-25",126.46,126.85,123.93,125.02,124.8518,4610800
"2025-08-26",125.51,129.275,124.91,127.93,127.7579,5947500
"2025-08-27",127.43,131.17,126.563,129.31,129.1361,6412800
"2025-08-28",133.01,134.933,131.17,134.23,134.0495,6817500
"2025-08-29",133.13,133.34,126.23,127.55,127.3784,6367600
"2025-09-02",123.7,124.49,119.665,124.01,123.8432,8130500
"2025-09-03",124.8,125.735,123.07,125.59,125.4211,4081900
"2025-09-04",125.9,127.09,124.47,125.7,125.5309,4607300
"2025-09-05",127.81,128.577,118.7,124,123.8332,7719600
"2025-09-08",125.71,125.72,120.97,121.82,121.6561,10222700
"2025-09-09",124.08,125.98,120.83,125.58,125.4111,7608500
"2025-09-10",134.24,141.22,134.24,136.74,136.556,12971100
"2025-09-11",138.42,138.42,133.95,135.71,135.5275,6779700
"2025-09-12",135.5,137.092,133.56,134.84,134.6586,4065400
"2025-09-15",135.92,142.06,134.4,138.26,138.1129,7643900
"2025-09-16",140.25,141.215,135.13,136.65,136.5047,5449900
"2025-09-17",135.64,137.565,132.685,136.83,136.6845,5123300
"2025-09-18",139,142.62,136.97,141.96,141.809,5295000
"2025-09-19",142.63,144.49,139.38,143.6,143.4473,6682800
"2025-09-22",143.05,152.45,142.25,151.96,151.7984,8731700
"2025-09-23",151.32,152.1,139.15,142.61,142.4583,16541300
"2025-09-24",143.48,146.1,140.85,141.62,141.4694,5978100
"2025-09-25",137.01,141.185,133.85,139.77,139.6213,6197600
"2025-09-26",139,140.98,137.08,138.62,138.4725,3607600
"2025-09-29",142,145.61,141.4,143.31,143.1576,5876700
"2025-09-30",144,150.93,144,150.86,150.6995,6822300
"2025-10-01",149.12,162.225,147.35,161.59,161.4181,12844000
"2025-10-02",164.3,168.99,157.31,161.64,161.4681,8936100
"2025-10-03",161.64,163.88,157.83,160.2,160.0296,5728500
"2025-10-06",168.845,169.83,162.34,162.8,162.6268,7203300
"2025-10-07",164.75,165,154.77,158.87,158.701,6899100
"2025-10-08",160.525,167.55,159.272,167.38,167.202,4889900
"2025-10-09",168.38,170.889,164.75,168.88,168.7004,4972800
"2025-10-10",178.43,183.105,168.65,169.01,168.8302,16066600
"2025-10-13",175.01,184.44,172,179,178.8096,11056200
"2025-10-14",171.69,181.84,168.2,175.15,174.9637,7427500
"2025-10-15",180,182.99,175.6,180.51,180.318,5642900
"2025-10-16",182.51,183,175.21,177.82,177.6309,5000100
"2025-10-17",175,178,170.3,174,173.8149,5880700
"2025-10-20",178,179.79,173.95,175.73,175.5431,6692000
"2025-10-21",175.08,177.19,170.56,174.8,174.6141,8130700
"2025-10-22",182.6,184.5,162.68,171.59,171.4075,22483700
"2025-10-23",174.53,184.04,174,183.2,183.0051,9679400
"2025-10-24",186.85,188.89,184.9,186.06,185.8621,7188500
"2025-10-27",189.99,194,188.914,192.9,192.6948,6673000
"2025-10-28",192.77,195.705,186.02,190.57,190.3673,6044100
"2025-10-29",193.7,199.5,193.13,199.27,199.0581,6298900
"2025-10-30",193.86,202.45,192.39,193.76,193.5539,5693500
"2025-10-31",196.95,199.87,188.58,192.86,192.6548,7726600
"2025-11-03",196.15,197.6,189.57,191.4,191.1964,6065100
"2025-11-04",183.3,186.9,177.5,180.82,180.6277,8984800
"2025-11-05",182.075,193.4,181,190.71,190.5072,6534700
"2025-11-06",191.005,191.005,180.51,183.02,182.8253,5907100
"2025-11-07",177,179.8,169.61,179.8,179.6088,9143000
"2025-11-10",188.02,191.41,184.76,187.84,187.6402,5590100
"2025-11-11",184,187.48,178.04,179.05,178.8596,5625700
"2025-11-12",182.11,182.57,173.01,173.37,173.1856,6131700
"2025-11-13",169.975,170.65,160.67,163.64,163.466,11389900
"2025-11-14",162,175.88,159.66,170.97,170.7882,10018700
"2025-11-17",168.39,174.85,164.56,166.65,166.4727,5249900
"2025-11-18",163.31,169.126,158,164.86,164.6846,7586300
"2025-11-19",166.06,174.66,165.91,170.65,170.4685,6070500
"2025-11-20",176.92,180.875,158.08,159.61,159.4402,10076100
"2025-11-21",160,161.29,149.11,159.83,159.66,10577700
"2025-11-24",162.43,171.8,162.43,168.91,168.7303,8208200
"2025-11-25",167.55,169.66,158.89,169.57,169.4528,8573200
"2025-11-26",172.205,174.87,170.55,172.02,171.9012,5264800
"2025-11-28",173.52,179.8,172.66,179.73,179.6058,4059600
"2025-12-01",175.9,182.645,173.2,179.22,179.0962,6501500
"2025-12-02",182.82,186.37,179.62,180.91,180.785,5304500
"2025-12-03",179.02,180.93,172.7,178.88,178.7564,5374500
"2025-12-04",179.34,185.34,177.16,182.54,182.4139,4962300
"2025-12-05",182.17,189.66,180.1,189.02,188.8894,7445800
"2025-12-08",186.17,188.5,182,185.61,185.4818,5556300
"2025-12-09",181.18,182.5,176.54,178.38,178.2568,6414700
"2025-12-10",179.38,185.405,175.55,181.82,181.6944,5301300
"2025-12-11",177.5,179,167.18,178.66,178.5366,11321100
"2025-12-12",173.3,174.15,159.82,161.27,161.1586,12512200
"2025-12-15",163.41,166.55,160,161.74,161.6283,8861400
"2025-12-16",158.35,162.47,154.65,160.66,160.549,7808700
"2025-12-17",161.01,161.01,147.82,149.83,149.7265,11959800
"2025-12-18",156.43,158.755,151.5,154.39,154.2833,7773800
"2025-12-19",156,162.37,155.27,159.82,159.7096,9716400
"2025-12-22",166.13,167,162.95,166.25,166.1351,5688100
"2025-12-23",165.53,167.96,161.83,166.26,166.1451,3220400
"2025-12-24",166,167.5,164.62,166.87,166.7547,1335200
"2025-12-26",167.26,168.44,165.85,167.58,167.4642,2532800
"2025-12-29",165.8,168.99,163.79,165.62,165.5056,3075200
"2025-12-30",165.99,166.4,163.88,164.34,164.2265,3764300
"2025-12-31",164.69,165.758,161.91,162.01,161.8981,2575500
"2026-01-02",169.465,177.25,169.13,175.61,175.4887,7348200
"2026-01-05",182.63,183.25,170.44,173.95,173.8298,5860200
"2026-01-06",169.36,175.21,162.21,174.95,174.8291,7813700
"2026-01-07",169,174.21,168.53,171.54,171.4215,5205600
"2026-01-08",170.75,171.26,158.77,160.78,160.6689,7684900
"2026-01-09",162.4,164.77,161.19,163.58,163.467,5665300
"2026-01-12",164.18,171.33,164.16,170.03,169.9125,4181100
"2026-01-13",170.1,175.21,169.74,172.72,172.6007,3648000
"2026-01-14",172.2,175.56,167.6,170.86,170.742,3780800
"2026-01-15",176,179.67,172.35,172.54,172.4208,4104000
"2026-01-16",174.63,180.37,173.5,176.93,176.8078,4502300
"2026-01-20",170.85,177.97,170.006,175.18,175.059,4690500
"2026-01-21",176.69,182.496,173,181.47,181.3446,5587300
"2026-01-22",186.92,189.9,179.2,181.12,180.9949,5508700
"2026-01-23",182.22,183.72,175.73,182.49,182.3639,3496300
"2026-01-26",181.02,185.32,180.08,181.23,181.1048,3020100
"2026-01-27",182.4,189.3,178.26,189.21,189.0793,4390300
"2026-01-28",189.8,194,188.07,193.76,193.6261,4935700
"2026-01-29",196.98,199.191,186.18,195.1,194.9652,5662000
"2026-01-30",194.91,200.395,185.6,186.18,186.0513,4502700
"2026-02-02",182.65,191.9,182,190.01,189.8787,4112100
"2026-02-03",190.01,195,183.01,190.15,190.0186,4433000
"2026-02-04",190.7,194.881,172.6,182.56,182.4339,8287200
"2026-02-05",176.29,183.335,172.35,177.75,177.6272,6144600
"2026-02-06",180.92,195.81,180.92,195.58,195.4449,7197300
"2026-02-09",196.78,208.43,195.835,202,201.8604,7638400
"2026-02-10",203,206.35,197.38,199.62,199.4821,6707800
"2026-02-11",233.25,249.95,233,248.51,248.3383,19793500
"2026-02-12",243.95,255.54,234.51,236.51,236.3466,12438800
"2026-02-13",238.22,239.51,227.05,234.53,234.368,6785200
"2026-02-17",234.58,245.405,232.12,243.53,243.3617,6449600
"2026-02-18",247,254.05,240.38,243.21,243.042,5350700
"2026-02-19",241.03,247.71,239.524,243.06,242.8921,3929800
"2026-02-20",240.99,246.8,238.19,243.75,243.5816,3879200
"2026-02-23",242.6,245.77,240,245.42,245.2504,4026100
"2026-02-24",246.5,253.48,241.27,253.15,252.9751,5458200
"2026-02-25",255.46,264.86,255,262.19,262.0089,6580300
"2026-02-26",260.15,260.15,241.69,259.23,259.0509,8566400
"2026-02-27",251.5,257.8,245.67,254.89,254.7139,6967900
"2026-03-02",249.44,258.9,244.22,257.75,257.5719,5382300
"2026-03-03",245.53,248.22,234.72,244.44,244.2711,6866600
"2026-03-04",249.4,255.3,245.34,251.28,251.1064,4298500
"2026-03-05",247.49,258.32,238.74,249.75,249.5774,5291500
"2026-03-06",241,251.47,238.65,241.78,241.6129,8772600
"2026-03-09",251.49,266.67,251,264.35,264.1674,20427900
"2026-03-10",265.55,274.85,264.5,270.06,269.8734,11306800
"2026-03-11",272.11,276.78,266.57,268.26,268.0747,7103200
"2026-03-12",263.65,271.44,257.255,265.38,265.1967,7465400
"2026-03-13",265.2,269.22,256.073,258.88,258.7011,6981200
"2026-03-16",261.68,270.91,261.68,264.74,264.5571,7386700
"2026-03-17",260.66,270.87,259.51,268.41,268.2884,5121300
"2026-03-18",271.63,274.73,264.54,264.71,264.5901,6673800
"2026-03-19",258.44,271.101,256.04,269.17,269.0481,7084600
"2026-03-20",268.62,272.84,255.51,255.88,255.7641,87826600
"2026-03-23",258.995,271.88,255.12,256,255.884,8888100
"2026-03-24",256,270.91,251.15,270.89,270.7673,6843000
"2026-03-25",276.8,282.05,274,276.16,276.0349,5929000
"2026-03-26",273.81,274.16,252.4,252.4,252.2856,6621700
"2026-03-27",249.96,256.84,248.5,251.07,250.9563,5444500
"2026-03-30",253.71,255.45,231.7,234.22,234.1139,6930400
"2026-03-31",233,251,233,250.58,250.4665,6686100
"2026-04-01",257,265.55,257,259.37,259.2525,5112600
"2026-04-02",249.12,267,247.915,261.29,261.1716,3965500
"2026-04-06",262.93,266.525,258.59,258.73,258.6128,3305700
"2026-04-07",256.97,262.48,252.01,262.3,262.1811,2937200
"2026-04-08",279.87,285.6,273.38,281.03,280.9027,5696700
"2026-04-09",280.99,291,280.97,287.64,287.5097,5166400
"2026-04-10",289.75,297.56,289.3,295.11,294.9763,4644800
"2026-04-13",294.98,300.68,294.98,299.96,299.8241,4733900
"2026-04-14",307,312.46,299.01,310.51,310.3693,4993800
"2026-04-15",309.5,311,296.64,301.16,301.0236,5353600
"2026-04-16",303,303.31,292.67,294.13,293.9968,4832600
"2026-04-17",298.7,308.54,298.22,307.34,307.2008,5805500
"2026-04-20",307.005,315.66,305.11,314.41,314.2675,4672300
"2026-04-21",316.1,323.038,310.84,312.44,312.2985,7285400
"2026-04-22",305.32,312.98,296.8,305.14,305.0018,9835900
"2026-04-23",304.2,325.25,304.2,321.75,321.6042,7067000
"2026-04-24",328,330.295,316.4,323.46,323.3134,5281500
"2026-04-27",325.99,328.05,307.071,322.43,322.2839,5442500
"2026-04-28",307.195,314.51,293.88,305.03,304.8918,8217600
"2026-04-29",307.05,309.97,299.8,306.18,306.0413,4536300
"2026-04-30",313.75,330,312.34,328.49,328.3412,6268700
"2026-05-01",330.65,331.97,324.23,328.31,328.1613,4408600
"2026-05-04",329.58,332.95,321.45,330.97,330.8201,4927400
"2026-05-05",334.07,341.12,330.6,341.02,340.8655,5456200
"2026-05-06",351.56,359.84,343.65,358.92,358.7574,5583200
"2026-05-07",358.575,359,336.18,340.01,339.856,5458100
"2026-05-08",349.785,350.99,339.71,339.97,339.816,4081000
"2026-05-11",342.013,371.995,342.013,367.92,367.7533,7279200
"2026-05-12",361.32,370.265,349.02,367.13,366.9637,6556200
"2026-05-13",375.7,377.77,360.91,369.99,369.8224,4461000
"2026-05-14",370.24,379.935,365.15,376.23,376.0595,3611300
"2026-05-15",364.31,373.91,356.27,370.94,370.7719,4871200
"2026-05-18",370.295,370.295,330.72,339.73,339.5761,8086700
"2026-05-19",329.68,334.625,314.34,322.63,322.4838,9039500
"2026-05-20",325,329.43,314.25,315.67,315.527,6014000
"2026-05-21",322.3,330.33,319,323.4,323.2535,5221300
"2026-05-22",333.96,334.89,324,327.46,327.3116,4801800
"2026-05-26",341.06,343.31,323.26,323.91,323.7633,6523700
"2026-05-27",326.01,326.163,310.1,319.78,319.6351,5293000
"2026-05-28",316.4,320.675,307.3,314.18,314.0377,5384100
"2026-05-29",315.2,319.58,308,315.71,315.567,7218800
"2026-06-01",317.99,328.58,313.13,323.39,323.2435,6162100
"2026-06-02",335.15,345.18,331.23,334.49,334.3385,5077300
"2026-06-03",340.865,343.63,326.79,331.44,331.2898,3927700
"2026-06-04",321.095,326.86,306,323.92,323.7733,6075900
"2026-06-05",313.755,315,294.395,300.51,300.3739,7330000
"2026-06-08",309.25,310.607,300.22,300.57,300.4338,4790000
"2026-06-09",300.43,307.13,276.5,289.52,289.3888,11117700
"2026-06-10",284.52,294.35,275.18,280.98,280.8527,6904200
"2026-06-11",284.25,298.66,283.4,297.88,297.7451,5408800
"2026-06-12",303.48,305.19,295.1,302.87,302.7328,4958100
"2026-06-15",316,319.839,310.371,311.93,311.8535,5346400
"2026-06-16",314.2,316.371,299.09,299.6,299.5266,4581900
"2026-06-17",304.72,329.7,303.2,317.58,317.5021,6181400
"2026-06-18",331.23,337.79,326.5,333.05,332.9684,7262600
"2026-06-22",338.88,358.54,338,357.96,357.8723,7284300
"2026-06-23",337.96,337.97,316.51,318.32,318.242,10277700
"2026-06-24",323.73,323.74,308.28,316.43,316.3524,6106100
"2026-06-25",338.92,340,321.34,325.57,325.4902,6305000
"2026-06-26",314,316,300.19,303.95,303.8755,21988200
"2026-06-29",304.65,309.2,294.3,306.97,306.8948,6708600
"2026-06-30",310,337.23,310,334.82,334.7379,7742500
"2026-07-01",325.8,327.215,309.51,311.42,311.3437,6259800
"2026-07-02",309.81,316.99,296.45,300.53,300.4563,5898700
"2026-07-06",311.99,329.38,308.02,318.47,318.3919,6428200
"2026-07-07",304.745,306.23,287.11,305.58,305.5051,5986600
"2026-07-08",301.64,319.65,300.6,317.81,317.7321,4425200
"2026-07-09",333.55,338.88,322.38,323.92,323.8406,3946300
"2026-07-10",320.31,323.81,315.68,318.86,318.7818,3001200
"2026-07-13",311.94,316.08,302.07,305.87,305.795,3720300
"2026-07-14",315.53,317.18,300.19,303.58,303.5056,3560900
"2026-07-15",306.25,309.435,289.78,304.57,304.4954,3873700
"2026-07-16",297,301.28,287.53,294.11,294.0379,5017800
"2026-07-17",279.21,297.325,272.93,289.56,289.489,6068200
"2026-07-20",295,301.66,290.96,291.67,291.5985,3770300
"2026-07-21",303.05,306.45,297.15,304.5,304.4254,3485200
"2026-07-22",294.255,303.885,293.55,301.16,301.0862,2935100
"2026-07-23",300,313.61,300,304.04,303.9655,3098500
"2026-07-24",300.5,302.49,288.55,290.36,290.2888,3405200
"2026-07-27",293.03,296.71,272.53,287.6,287.5295,5017300
"2026-07-28",272.58,274.66,259.19,269.56,269.4939,8157500
"2026-07-29",245.99,248.8,220.92,223.04,222.9853,21265700
"2026-07-30",237.2,241.32,224.6,227.5,227.4442,14508000
"2026-07-31",246.87,251.709,233.17,241.57,241.5108,10849600
"2026-08-03",236.98,264.14,234.96,263.05,262.9855,9517100
"2026-08-04",275.21,276.52,268.12,269.93,269.8638,5802700
"2026-08-05",270.45,282.5,270,277.94,277.8719,5933200
"2026-08-06",271.13,286.36,270.063,275.17,275.1026,5084700
"2026-08-07",284.92,285.904,269.19,272.4,272.3332,3909500
"2026-08-10",277.28,278.68,267.52,270.1,270.0338,2859500
"2026-08-11",275.5,284.68,273.9,281.81,281.7409,3686900
"2026-08-12",298.29,298.29,286.011,288.36,288.2893,4034300
"2026-08-13",287.945,293.51,286.88,287.07,286.9996,3120100
"2026-08-14",287.07,295.47,285.25,293.84,293.768,3153600
"2026-08-17",297.88,300.3,290.578,292.43,292.3583,3575900
"2026-08-18",281,281.669,270.31,272.54,272.4732,5584100
"2026-08-19",273,275.55,256.11,261,260.936,6206500
"2026-08-20",258.585,264.95,252.16,264.63,264.5652,5219700
"2026-08-21",268.2,268.2,257.485,261.95,261.8858,3207800
"2026-08-24",257,258.3,249.97,254.97,254.9075,3982100
"2026-08-25",263.09,267.045,255.03,255.75,255.6873,3921600
"2026-08-26",256.61,265.78,255.34,263.81,263.7453,3930900
"2026-08-27",273,274.76,262.23,269.28,269.214,4604800
"2026-08-28",269.06,270,255.57,257.08,257.017,3840500
"2026-08-31",258.24,261.79,254.909,258.72,258.6566,4082600
"2026-09-01",255.22,257.89,248.75,255.97,255.9073,4279200
"2026-09-02",254.97,260.05,251.5,256.7,256.6371,3011200
"2026-09-03",256.49,270.99,254.5,268.83,268.7641,4241000
"2026-09-04",273.945,280.99,271.2,280.53,280.4612,3318600
"2026-09-08",285,295.34,282,290.83,290.7587,4751000
"2026-09-09",288.69,290.23,260,262.89,262.8256,9798800
"2026-09-10",259.1,262,244.77,248.13,248.0692,10055200
"2026-09-11",252.5,258.78,251.84,257.06,256.997,4767600
"2026-09-14",228,241.3,226.94,237.39,237.39,10905000
"2026-09-15",243.02,245.41,233.9,234.61,234.61,5728200
"2026-09-16",240,244.76,237.64,239.41,239.41,5514600
"2026-09-17",249.75,252.34,241.25,241.49,241.49,4967200
"2026-09-18",246.19,250.15,242.43,249.39,249.39,7837100
"2026-09-21",254.67,254.876,247.606,250.86,250.86,4867500
"2026-09-22",250.3,255.4,249.14,253.46,253.46,3518200
"2026-09-23",253.675,255.02,248.505,248.78,248.78,3549000
"2026-09-24",240.47,246.9,239,245.3,245.3,4122500
"2026-09-25",249.18,254.48,248,,,4104743
