open_time_utc,open,high,low,close,volume,quote_volume,trades,taker_buy_base,taker_buy_quote
2019-04-29,4.75500000,4.75500000,3.66100000,3.77700000,1579303.10100000,6385624.01168100,15098,576148.88900000,2310786.39142000
2019-04-30,3.77700000,4.07500000,3.75000000,3.91700000,638430.33900000,2497699.91233100,9183,313331.20700000,1226633.43359900
2019-05-01,3.91300000,4.65000000,3.87600000,4.39200000,1702261.31500000,7428961.20910800,29530,759667.93600000,3308771.65443200
2019-05-02,4.39100000,4.66100000,4.17400000,4.61000000,1133146.03300000,5041541.35490500,19905,500237.89700000,2231370.08090100
2019-05-03,4.60800000,5.38000000,4.55000000,5.33300000,2774683.23600000,13822797.78728500,51121,1265318.22000000,6297378.71883500
2019-05-04,5.34100000,5.66000000,4.70600000,5.24300000,3500511.25100000,18198056.24708700,61475,1625908.37600000,8473875.92225800
2019-05-05,5.23800000,5.23800000,4.77400000,4.83700000,1544214.97400000,7652043.95189900,26346,716968.65700000,3557359.51068300
2019-05-06,4.83800000,4.94000000,4.50200000,4.76300000,1395933.41200000,6558220.97053300,23059,614375.48000000,2890164.64614300
2019-05-07,4.76300000,5.07100000,4.59000000,4.59600000,1104548.01000000,5326560.00607300,21032,469349.79600000,2269594.34784700
2019-05-08,4.60100000,4.63500000,4.24200000,4.31300000,1025911.94700000,4565487.34664000,17438,440755.37300000,1963246.85602000
2019-05-09,4.34200000,4.49100000,3.41500000,3.88000000,1848165.51300000,7171406.38795700,37773,824087.83800000,3195651.28749900
2019-05-10,3.88400000,4.11400000,3.61100000,3.79700000,1403065.55600000,5404000.98868400,28532,659442.89100000,2545963.86892200
2019-05-11,3.80400000,4.17500000,3.70000000,3.90200000,1421951.65000000,5652623.79188800,21412,640101.20000000,2550004.77173600
2019-05-12,3.90400000,4.04000000,3.60400000,3.75000000,828353.86300000,3187735.94164200,13504,371027.76500000,1430033.67496300
2019-05-13,3.75000000,4.17300000,3.73400000,3.89700000,1023379.11700000,4070693.87309800,16524,523050.57700000,2085387.33181400
2019-05-14,3.89700000,4.08700000,3.77900000,4.00000000,1214232.75700000,4765340.49381300,18457,494953.08700000,1943764.80245100
2019-05-15,4.00000000,4.80000000,3.98600000,4.54700000,1592045.38800000,6934141.16783300,26490,814376.40700000,3543986.92560600
2019-05-16,4.54600000,4.78000000,4.00000000,4.27800000,1678626.34000000,7287284.96583400,31666,818676.36000000,3559744.28896900
2019-05-17,4.26800000,4.79200000,3.95000000,4.41300000,2800485.78500000,12422339.76376100,54951,1295488.81900000,5761131.35014300
2019-05-18,4.41300000,5.00000000,4.33000000,4.68400000,1869590.99900000,8791708.71698000,36732,858776.36600000,4033116.93928300
2019-05-19,4.68400000,5.17100000,4.63600000,4.85200000,1758978.66500000,8654246.08324200,39128,799557.77800000,3937168.62184900
2019-05-20,4.85200000,4.86300000,4.43200000,4.67300000,1532786.28600000,7173289.53378300,35161,683935.41900000,3204048.50836300
2019-05-21,4.66800000,4.86400000,4.48000000,4.74300000,1172703.70400000,5441442.09737500,26601,543300.18200000,2523867.48707600
2019-05-22,4.74000000,4.82100000,4.30000000,4.30600000,997542.19100000,4502530.39254600,22162,401134.08200000,1814012.05220700
2019-05-23,4.30900000,4.36300000,4.11500000,4.33700000,976154.05100000,4121770.88286500,19374,435246.20100000,1839471.99176700
2019-05-24,4.33500000,4.77000000,4.25800000,4.45400000,2054989.88300000,9307135.12471600,39368,815914.38200000,3699866.18226800
2019-05-25,4.44700000,4.60000000,4.28700000,4.38500000,606239.44300000,2711262.27439700,12111,277499.71800000,1244909.25927600
2019-05-26,4.38500000,4.54300000,4.23800000,4.48100000,549918.06100000,2405739.01927400,12660,240810.34600000,1053798.80137300
2019-05-27,4.47800000,4.69900000,4.47000000,4.65500000,660167.30100000,3021798.99036100,14063,308025.91700000,1409317.30233400
2019-05-28,4.66500000,4.86300000,4.47400000,4.77800000,650998.40000000,3026974.88480300,14676,332494.67600000,1550119.54829500
2019-05-29,4.79400000,4.87300000,4.50000000,4.69600000,598479.75500000,2796012.97168500,13479,242997.19500000,1135005.54336100
2019-05-30,4.68200000,6.60300000,4.66800000,5.92600000,5953590.29300000,34435758.01749500,105213,2820583.08900000,16303611.21921300
2019-05-31,5.92800000,5.93000000,5.21100000,5.78200000,3477721.86600000,19427539.04242900,47748,1583808.42500000,8855780.94975700
2019-06-01,5.78200000,6.32500000,5.60000000,5.77100000,2589194.83600000,15565352.43513500,39034,1200867.23400000,7216977.67599300
2019-06-02,5.77300000,6.42000000,5.57200000,6.38800000,1467150.22900000,8810730.73041000,24551,729990.16500000,4393328.07060900
2019-06-03,6.39300000,7.24900000,5.97500000,6.50600000,4684919.33100000,31103810.85632900,95338,2318741.66800000,15407597.40295300
2019-06-04,6.50600000,6.85000000,5.74400000,5.93000000,3360461.82400000,21202786.91773600,62396,1469645.56300000,9319141.73123300
2019-06-05,5.93100000,6.28000000,5.62000000,6.14000000,2180411.46700000,13071905.69162400,39856,1084248.31800000,6501163.39190000
2019-06-06,6.14100000,6.14700000,5.62100000,5.98700000,1767183.83200000,10480803.46617900,31965,871672.57700000,5149457.98160300
2019-06-07,5.99500000,6.57600000,5.87700000,6.27900000,1848141.27600000,11597347.99047000,31648,898016.37900000,5644786.01431100
2019-06-08,6.27900000,6.31600000,5.93800000,6.09600000,731554.53500000,4467665.47580500,17168,355875.06600000,2174117.91167500
2019-06-09,6.09700000,6.18500000,5.70000000,5.82600000,649287.69700000,3831694.89508300,17875,276897.05900000,1636824.43959400
2019-06-10,5.82500000,6.08800000,5.73300000,6.08100000,831823.18200000,4922402.81872600,22076,428906.30600000,2537973.92699600
2019-06-11,6.07600000,6.17600000,5.75300000,5.94300000,561299.08700000,3320519.14584800,15702,266656.54500000,1581718.68576700
2019-06-12,5.94900000,6.26400000,5.85200000,6.12400000,801399.89800000,4883600.61721000,21942,371062.68500000,2263831.27111900
2019-06-13,6.12500000,6.50600000,6.02300000,6.26600000,785068.49800000,4926071.38940400,21717,406769.12700000,2556865.00796700
2019-06-14,6.26400000,6.28100000,5.87400000,6.22200000,586553.43700000,3570364.79792600,16527,241653.15100000,1472073.91468600
2019-06-15,6.22400000,6.26500000,6.10200000,6.16700000,373041.20900000,2305681.50881000,10672,180603.39900000,1116559.34912800
2019-06-16,6.16400000,6.73700000,6.11800000,6.69200000,609802.27400000,3877982.85898700,15101,332795.79100000,2117636.29344700
2019-06-17,6.68900000,7.10000000,6.45400000,7.00900000,945538.15100000,6407062.73358500,25224,515329.63100000,3492567.40519200
2019-06-18,7.01100000,7.04000000,6.47000000,6.57100000,509203.32000000,3400367.63616800,12814,241811.21900000,1615349.32863700
2019-06-19,6.58600000,6.84900000,6.55000000,6.62800000,388212.32600000,2586622.32868800,9589,198186.67500000,1320891.17391000
2019-06-20,6.62100000,6.63700000,6.28500000,6.47800000,406246.33400000,2613424.52476100,10683,181303.04800000,1166217.26333000
2019-06-21,6.47600000,6.58900000,6.33400000,6.52300000,380848.04000000,2465425.92059100,9910,160972.01200000,1042672.83179500
2019-06-22,6.51300000,6.91400000,6.41400000,6.75800000,666888.52200000,4484512.91941100,18261,319364.16300000,2146428.47364400
2019-06-23,6.76400000,7.19300000,6.71600000,6.83800000,639871.83000000,4470395.15328900,17742,317888.96500000,2222499.20287500
2019-06-24,6.83000000,6.84600000,6.54200000,6.66500000,385615.30400000,2578050.90027000,10594,170345.98300000,1138306.26536100
2019-06-25,6.67500000,6.74700000,6.47400000,6.58100000,467755.35100000,3082539.86931900,11859,216782.85100000,1427914.24094500
2019-06-26,6.57900000,6.84900000,6.15100000,6.35000000,740796.31500000,4891708.26037600,22815,332512.43400000,2194431.78036300
2019-06-27,6.35000000,6.41600000,5.36000000,5.55800000,1043714.48400000,6130384.32570000,29564,486810.22300000,2871248.77732400
2019-06-28,5.55200000,5.97000000,5.46400000,5.92800000,350835.39300000,1997965.40323600,11075,159931.09500000,914095.34454200
2019-06-29,5.92800000,6.19800000,5.62600000,6.05800000,425212.71300000,2543698.53890400,12228,185197.67200000,1108306.85420400
2019-06-30,6.04700000,6.11700000,5.39500000,5.44300000,626818.11900000,3600353.49196000,15553,237895.25100000,1371415.54141300
2019-07-01,5.44300000,5.72000000,5.14300000,5.47500000,524258.53600000,2815214.23227800,12732,229983.64600000,1240458.88881800
2019-07-02,5.49300000,5.66600000,5.12300000,5.33700000,486100.50700000,2605001.24801900,12959,233050.25700000,1248872.88270300
2019-07-03,5.34100000,5.62000000,5.28800000,5.57400000,366656.84000000,1994449.77787600,9102,188254.94400000,1026483.91272500
2019-07-04,5.58400000,5.76600000,5.46500000,5.47800000,334401.17800000,1866330.39918800,8873,176116.83700000,981923.53677600
2019-07-05,5.47800000,5.50100000,5.33000000,5.35300000,184141.25900000,995808.17488300,5516,87781.46700000,475305.84550900
2019-07-06,5.36800000,5.49000000,5.23500000,5.28800000,152778.18900000,819375.43288400,4972,77626.72000000,416968.79945800
2019-07-07,5.29900000,5.41300000,5.20000000,5.39800000,149143.97500000,787648.14258900,4753,75261.95100000,397551.85457700
2019-07-08,5.39900000,5.43500000,5.10000000,5.17500000,271671.93900000,1432949.63908800,6818,119207.11700000,628725.66265100
2019-07-09,5.18500000,5.19600000,4.87000000,4.98400000,437356.72300000,2193362.47303800,10595,196682.44000000,984374.59054200
2019-07-10,4.98400000,4.98500000,4.17500000,4.48300000,1167219.72900000,5195418.85205500,18432,607032.93900000,2665737.59947800
2019-07-11,4.48000000,4.65200000,4.05300000,4.35400000,537174.61200000,2327545.88434100,11956,241957.09100000,1050965.61429800
2019-07-12,4.34900000,4.60700000,4.26400000,4.52600000,446742.70100000,1996441.68299600,8521,214703.41000000,960122.29556400
2019-07-13,4.52700000,4.53400000,4.12500000,4.26800000,267827.62700000,1163307.82812800,6088,118300.53700000,514193.12477500
2019-07-14,4.27100000,4.28100000,3.80000000,3.80500000,310744.04600000,1248084.17506300,7360,130133.78700000,524480.73830800
2019-07-15,3.82000000,4.47100000,3.56100000,4.13200000,819923.27800000,3273124.29157400,16265,401646.95800000,1602841.05468600
2019-07-16,4.13100000,4.25500000,3.47500000,3.64900000,827553.46200000,3223114.95687500,14258,326823.58900000,1283993.36462400
2019-07-17,3.65400000,4.03700000,3.55600000,3.82500000,595132.38200000,2263573.19012200,12161,313678.01100000,1195261.39557700
2019-07-18,3.82400000,4.18000000,3.67500000,4.08500000,512421.57100000,2010888.35454500,10904,258937.20600000,1016909.05072100
2019-07-19,4.07800000,4.15800000,3.79700000,3.92800000,238222.77500000,936232.06828100,5876,111777.52600000,439548.16332200
2019-07-20,3.93800000,4.18000000,3.91300000,4.04400000,386501.83400000,1559759.21313000,8227,152134.07800000,614364.81874200
2019-07-21,4.04400000,4.31500000,3.98200000,4.21800000,332643.24100000,1384819.24363400,8350,163042.22300000,678726.59397400
2019-07-22,4.22000000,4.34500000,3.88600000,3.99100000,336360.88500000,1378014.15491900,8352,136394.48500000,557079.61844700
2019-07-23,3.98400000,3.98600000,3.68400000,3.71900000,292876.63500000,1119032.25901900,7374,118567.65900000,454578.09492100
2019-07-24,3.71100000,4.07700000,3.61600000,3.89200000,259367.68700000,983997.59918900,7380,111712.49600000,425005.03374700
2019-07-25,3.89200000,4.03400000,3.78100000,3.78900000,199824.25900000,777675.01302200,5711,91016.84900000,354658.44142700
2019-07-26,3.79000000,3.91700000,3.70000000,3.88800000,180883.53600000,691297.69290700,5635,82548.78500000,315730.38726700
2019-07-27,3.88800000,3.99900000,3.55000000,3.61700000,441935.70700000,1645017.61003000,8528,158195.45700000,591998.31441100
2019-07-28,3.61400000,3.67300000,3.48900000,3.61200000,189150.48500000,680931.34472900,4079,88418.55700000,318680.90527900
2019-07-29,3.61300000,3.69000000,3.52900000,3.59300000,158741.46600000,572605.28324700,4019,70051.68400000,252678.39701700
2019-07-30,3.59400000,3.65800000,3.50000000,3.59400000,177254.41800000,632268.61039700,4253,67728.56200000,242241.76125200
2019-07-31,3.59000000,3.74800000,3.58000000,3.64900000,197309.66600000,725105.96384400,4817,89413.96800000,328310.10174400
2019-08-01,3.64900000,3.66100000,3.42400000,3.53800000,292155.24000000,1030123.82291600,6003,126704.11100000,447193.51890700
2019-08-02,3.53500000,3.90900000,3.50100000,3.64700000,727368.52200000,2697325.94663600,12865,315857.49500000,1170521.24647700
2019-08-03,3.65200000,3.76600000,3.62300000,3.69000000,202962.51600000,752363.75994200,4906,85522.09900000,317598.69461700
2019-08-04,3.69300000,3.76300000,3.57800000,3.59200000,182618.37200000,664532.20659900,3962,89267.42100000,325494.07108800
2019-08-05,3.59200000,3.86800000,3.59200000,3.76700000,358957.19100000,1337688.38890500,7222,166794.55700000,622475.73920000
2019-08-06,3.77300000,3.78300000,3.51800000,3.57000000,364451.05200000,1329179.86181500,7401,139283.41600000,507252.80276700
2019-08-07,3.57200000,3.68800000,3.46800000,3.49800000,489769.64900000,1739340.94609700,6745,210056.48200000,746818.90223100
2019-08-08,3.49400000,3.50600000,2.98900000,3.27100000,863957.16100000,2829520.49521000,11433,411734.15500000,1345527.72293700
2019-08-09,3.27000000,3.32100000,3.07600000,3.14600000,370056.73500000,1172465.68264500,5976,167533.90800000,530128.23704300
2019-08-10,3.14700000,3.38200000,3.14300000,3.34900000,407703.27700000,1325424.38949400,6130,161320.54000000,525275.44829900
2019-08-11,3.34300000,3.55200000,3.27100000,3.55200000,350929.74100000,1183286.31474800,4583,117126.59900000,396764.00771100
2019-08-12,3.55400000,3.65600000,3.33100000,3.34100000,521422.49500000,1804833.39781600,8319,242497.47000000,838628.95468000
2019-08-13,3.34100000,3.34900000,3.14900000,3.25800000,327533.11400000,1067716.03026100,5464,144719.50400000,472342.90035900
2019-08-14,3.25300000,3.29700000,2.84800000,2.86100000,460308.58800000,1426760.50193600,7403,177696.41800000,552203.32876000
2019-08-15,2.86500000,3.00000000,2.80400000,2.89800000,348738.29800000,1012420.52875400,5106,163764.46200000,476441.28626400
2019-08-16,2.89500000,3.02400000,2.80800000,2.88200000,478707.44000000,1403811.56667900,7694,220659.47700000,647076.98856100
2019-08-17,2.89000000,2.91000000,2.82800000,2.91000000,161440.15700000,462692.36670600,2978,68590.93800000,196707.85545300
2019-08-18,2.91000000,2.98400000,2.86200000,2.97100000,159039.40600000,466213.96585200,2618,84952.15200000,249206.88086900
2019-08-19,2.97200000,2.97200000,2.75200000,2.89200000,653174.41300000,1883804.16015800,7953,306096.70500000,884225.83530300
2019-08-20,2.89100000,2.92500000,2.75300000,2.86600000,252452.79000000,715010.22475700,4069,133487.45500000,376856.21713800
2019-08-21,2.87600000,2.87600000,2.58700000,2.66700000,258212.62200000,696055.42038900,4431,105720.23000000,284150.96525500
2019-08-22,2.67200000,2.74700000,2.56900000,2.71500000,262016.37200000,695188.02334800,4440,122669.61500000,326141.50030300
2019-08-23,2.71200000,2.77000000,2.64800000,2.71500000,284884.54200000,771841.16092800,3778,152034.09100000,412358.02038000
2019-08-24,2.71100000,2.72600000,2.60100000,2.69400000,219303.99700000,584410.50216400,2533,105066.17600000,280264.78314900
2019-08-25,2.69400000,2.73800000,2.60900000,2.61700000,205841.68900000,549384.83070600,2428,82721.37800000,221026.64278600
2019-08-26,2.62000000,2.70100000,2.58600000,2.61600000,158808.88200000,419927.58281300,2267,67449.79100000,178604.96407100
2019-08-27,2.62200000,2.64200000,2.50000000,2.56700000,201099.81300000,513618.53946200,2371,96217.87700000,245848.44087300
2019-08-28,2.56800000,2.61700000,2.31300000,2.32200000,632663.23200000,1555654.95026000,6426,305397.46900000,749360.46763100
2019-08-29,2.32600000,2.33300000,2.13700000,2.16100000,613059.03000000,1357259.90980000,6572,246818.30000000,548126.20870000
2019-08-30,2.16000000,2.23000000,2.08600000,2.15300000,324275.44300000,705285.70066000,3934,156270.94900000,339625.23985100
2019-08-31,2.15200000,2.16100000,1.97800000,2.01700000,705224.73000000,1446187.57171900,6048,279661.09200000,575960.84920500
2019-09-01,2.01800000,2.23900000,2.00200000,2.12900000,600314.67500000,1265989.74974500,6254,284806.35600000,601917.89519900
2019-09-02,2.12300000,2.17400000,2.06000000,2.12200000,420123.79400000,888748.17908000,3808,169996.62900000,360027.75146200
2019-09-03,2.12200000,2.22200000,2.12000000,2.15600000,321033.16400000,699503.64972000,3157,151665.58000000,330836.80157000
2019-09-04,2.14900000,2.14900000,2.00500000,2.03700000,322310.47600000,667361.04784200,3068,138529.79200000,286572.55520000
2019-09-05,2.04100000,2.04100000,1.83000000,1.94400000,669121.41500000,1296612.31979000,6202,279756.51700000,542136.87076500
2019-09-06,1.94400000,2.24900000,1.94400000,2.03500000,951631.26400000,1977185.98236300,8882,398546.75100000,829920.40853900
2019-09-07,2.03200000,2.28400000,2.02700000,2.16000000,817654.42400000,1774258.69211100,7686,342453.31800000,742004.54059400
2019-09-08,2.16200000,2.94300000,2.15200000,2.72700000,1666774.30100000,4205876.43275700,16638,772992.59700000,1950702.80579300
2019-09-09,2.72200000,2.96000000,2.42900000,2.73600000,2142025.09600000,5838856.34273400,19927,978201.89900000,2676901.59724500
2019-09-10,2.73500000,2.95000000,2.49700000,2.58400000,1160254.36600000,3159808.10777900,12164,558396.94100000,1527494.17893700
2019-09-11,2.58100000,2.70800000,2.39600000,2.56500000,778901.53400000,1969530.38078200,7365,370531.36900000,937492.74906000
2019-09-12,2.57500000,3.20900000,2.49800000,3.06900000,2170480.70400000,6235796.85304100,22305,1050899.04900000,3019767.91886600
2019-09-13,3.07800000,3.30100000,2.98500000,3.17100000,1757007.84700000,5532417.21212800,18250,802977.09700000,2532745.22365800
2019-09-14,3.17100000,3.24000000,2.97900000,3.10300000,877189.78000000,2728588.36187500,9438,451960.19700000,1411629.70984100
2019-09-15,3.10300000,3.56500000,3.09600000,3.43300000,1237806.44900000,4210376.39054900,12994,609417.95700000,2067376.65859800
2019-09-16,3.43000000,3.56400000,3.14700000,3.32900000,1479502.04400000,4915748.54052000,15698,701492.30900000,2334460.81314600
2019-09-17,3.32900000,3.45000000,3.18800000,3.29000000,1000708.83600000,3317367.74425600,11842,469720.89200000,1559341.68028700
2019-09-18,3.28800000,3.40000000,3.23300000,3.28900000,710355.46300000,2362258.05605200,8835,367163.03600000,1222865.19068600
2019-09-19,3.28900000,3.29100000,2.91700000,3.12800000,1165356.18900000,3585027.91894900,12969,551904.99400000,1699758.87861800
2019-09-20,3.12800000,3.25400000,3.04800000,3.19100000,568572.73900000,1800710.67145500,6213,288340.17000000,913536.88112000
2019-09-21,3.19000000,3.29400000,3.01500000,3.06500000,545915.59400000,1709279.24395800,6075,232723.45300000,730500.86892600
2019-09-22,3.07100000,3.07200000,2.75000000,2.91100000,992622.27400000,2866548.20308200,9505,438110.19200000,1262242.15596500
2019-09-23,2.90100000,2.91000000,2.56500000,2.56500000,734629.07700000,2004094.05287700,7954,343042.63400000,937771.08362000
2019-09-24,2.56500000,2.66400000,1.93000000,2.22000000,1427400.11200000,3388331.52804300,14948,607548.86500000,1453472.25216800
2019-09-25,2.21500000,2.42200000,2.12200000,2.28100000,1182299.40400000,2687987.65447800,10397,536640.42600000,1218548.58990700
2019-09-26,2.28200000,2.34800000,2.04600000,2.21400000,1004503.50400000,2237493.16576500,8733,451217.54900000,1006791.62642600
2019-09-27,2.21400000,2.29400000,2.14200000,2.27600000,508818.09900000,1126613.03490000,4496,247285.63800000,547847.56348100
2019-09-28,2.28100000,2.30300000,2.17200000,2.27100000,435654.65900000,978641.46255500,3841,209655.08300000,470891.42750200
2019-09-29,2.27300000,2.28600000,2.08700000,2.19500000,391191.20600000,849509.48135400,3360,174853.22000000,379171.73897800
2019-09-30,2.19500000,2.67600000,2.16400000,2.65300000,1365373.88700000,3308222.70563000,12758,689586.90700000,1673227.55392400
2019-10-01,2.65300000,2.66100000,2.48000000,2.53300000,878221.32500000,2249093.35908200,9396,400225.23600000,1026060.50072500
2019-10-02,2.53300000,2.63300000,2.41200000,2.60100000,647874.85600000,1630178.80599000,7966,273558.18300000,689537.52477100
2019-10-03,2.60400000,2.67500000,2.48300000,2.58500000,693800.24200000,1784841.19004000,7420,334548.31100000,861023.70992000
2019-10-04,2.58300000,2.61600000,2.45200000,2.56800000,470515.47900000,1195027.75887100,4879,217310.34500000,552134.07453300
2019-10-05,2.56500000,2.81000000,2.53900000,2.76700000,942610.37400000,2513029.66099000,8606,419070.94800000,1117326.99075000
2019-10-06,2.77100000,2.78900000,2.56800000,2.64200000,970444.43000000,2566987.56092600,9037,432292.78300000,1142294.17673400
2019-10-07,2.63600000,2.95500000,2.53300000,2.89100000,1433831.40700000,3941855.84731700,12423,703610.94800000,1935295.11374300
2019-10-08,2.89400000,3.07100000,2.81000000,2.89200000,1976678.56000000,5787560.91399100,15262,1000557.26500000,2932233.56978000
2019-10-09,2.88900000,3.01400000,2.81200000,2.90300000,1435567.02100000,4198499.60668000,12682,682224.17500000,1995504.27882500
2019-10-10,2.90200000,3.00000000,2.68200000,2.88900000,1323762.32100000,3771259.33335400,11586,663017.98200000,1887489.62370600
2019-10-11,2.89100000,2.92300000,2.72000000,2.80900000,649326.37900000,1835708.60838300,6683,304247.21200000,860840.41916300
2019-10-12,2.81500000,2.85900000,2.76300000,2.82200000,306994.64800000,865334.34752500,3429,143762.45100000,405554.73604200
2019-10-13,2.82200000,2.91400000,2.78400000,2.86500000,742017.93400000,2119662.75204900,6580,365187.39500000,1044557.90750900
2019-10-14,2.87000000,3.12100000,2.86700000,3.09100000,991827.88100000,2976609.60157800,9099,506165.55900000,1519180.59261800
2019-10-15,3.08600000,3.15900000,2.88700000,2.93800000,809743.38600000,2467937.37316600,7812,376743.08800000,1151662.13053800
2019-10-16,2.92800000,2.95100000,2.67800000,2.84200000,805083.51300000,2281061.14866400,7187,392450.73200000,1113945.17608800
2019-10-17,2.83100000,2.94800000,2.73800000,2.90700000,461193.01300000,1313499.93379500,4765,220816.81200000,629352.71116100
2019-10-18,2.91700000,2.92600000,2.68500000,2.74700000,460287.47300000,1284183.22170800,4661,207398.88400000,578786.27879900
2019-10-19,2.74800000,2.79900000,2.69200000,2.73500000,313879.00100000,862071.56567900,3224,146737.40400000,403738.08161300
2019-10-20,2.74500000,2.93200000,2.68100000,2.90200000,387670.06600000,1093411.22968700,3210,193600.65100000,545891.56814600
2019-10-21,2.90200000,3.00700000,2.83100000,2.98000000,596424.53800000,1741532.72681600,5014,275117.19700000,804911.43708800
2019-10-22,2.97400000,3.01400000,2.84500000,2.86400000,429439.08000000,1266960.96588600,3823,200312.35600000,591873.49529500
2019-10-23,2.86700000,2.89500000,2.54700000,2.69000000,821387.27600000,2238214.12008100,6406,431196.10100000,1176135.58377700
2019-10-24,2.68200000,2.98500000,2.62500000,2.81800000,384218.92000000,1059292.54303300,4079,193282.92600000,533213.25262900
2019-10-25,2.81900000,3.12700000,2.76500000,3.04800000,987880.84200000,2910460.88221700,9144,508561.29800000,1500050.54210300
2019-10-26,3.04500000,3.26400000,2.97900000,3.07800000,1146126.81800000,3584996.99784200,9892,539086.03400000,1689650.83708000
2019-10-27,3.08800000,3.30000000,2.96000000,3.19600000,974339.12400000,3066719.80722200,8962,438980.07400000,1386023.35986700
2019-10-28,3.19600000,3.33700000,3.06700000,3.10000000,955153.78700000,3051743.75360800,8571,433953.85700000,1383890.51648800
2019-10-29,3.11100000,3.19700000,3.05000000,3.15100000,527571.57400000,1650892.99074000,5203,247060.89600000,773666.43362200
2019-10-30,3.14900000,3.20000000,2.95000000,3.01600000,482189.17100000,1477403.16267500,4990,232929.54400000,716457.32871900
2019-10-31,3.01600000,3.32000000,3.00800000,3.26300000,777162.90100000,2478063.28051900,7892,349714.09800000,1117260.63421500
2019-11-01,3.26300000,3.29500000,3.16500000,3.25700000,488312.92700000,1571273.40617600,4844,243587.84300000,784701.76274400
2019-11-02,3.26400000,3.46200000,3.24300000,3.41900000,478995.02700000,1613111.79427000,5389,269598.37100000,908810.64178800
2019-11-03,3.41900000,3.44500000,3.28500000,3.38300000,497974.61200000,1669919.75494200,4455,202892.10400000,680695.80346500
2019-11-04,3.37800000,3.65000000,3.32800000,3.61300000,981888.32200000,3458402.32057700,8795,454678.01700000,1602953.81593400
2019-11-05,3.61400000,3.82400000,3.49900000,3.75600000,1488590.19100000,5456791.68153100,13820,700957.60800000,2573890.95946100
2019-11-06,3.75700000,3.89400000,3.70000000,3.83500000,867448.18300000,3314535.95098100,10351,431757.54300000,1649184.81130300
2019-11-07,3.83600000,3.88700000,3.63900000,3.88000000,845413.04500000,3167541.72038900,9719,390456.35000000,1465570.22226800
2019-11-08,3.87700000,4.05500000,3.65000000,3.80600000,1432501.49900000,5481159.96706700,14338,675549.76900000,2581927.38603900
2019-11-09,3.81000000,3.98100000,3.79300000,3.96500000,787846.71300000,3065582.32161600,8473,370426.39500000,1440841.87157600
2019-11-10,3.95900000,4.27900000,3.88300000,4.19200000,1302961.67400000,5352447.99131700,13480,666510.04300000,2744663.04947800
2019-11-11,4.18900000,4.38100000,4.05000000,4.35300000,1535812.86700000,6468958.83119800,16079,662246.66200000,2789084.19289500
2019-11-12,4.35400000,4.35400000,4.01100000,4.22800000,1438063.20900000,6001561.29852600,16099,675005.16300000,2815412.02548400
2019-11-13,4.23000000,4.24000000,3.94000000,3.98600000,845228.01900000,3424288.83379200,10174,382338.35800000,1549637.17364700
2019-11-14,3.97700000,4.00700000,3.77700000,4.00600000,1050997.14400000,4081119.12645500,9939,449357.12900000,1747713.85379400
2019-11-15,4.00600000,4.14000000,3.80000000,3.92600000,953092.83800000,3789472.87656900,11696,461286.41900000,1835049.80160400
2019-11-16,3.92600000,3.97500000,3.82500000,3.96400000,381499.30700000,1485599.17915400,4377,188464.94100000,735067.55061600
2019-11-17,3.96700000,3.97700000,3.80000000,3.89500000,367735.32200000,1432692.38403800,4641,193793.34400000,755563.20268700
2019-11-18,3.88800000,3.89600000,3.51100000,3.60600000,1019141.40800000,3761414.00348100,9789,446583.59500000,1650311.77989000
2019-11-19,3.60600000,3.61600000,3.33500000,3.51900000,1012009.08500000,3498379.09456600,9751,442703.83600000,1530679.46293000
2019-11-20,3.51900000,3.59000000,3.28600000,3.33400000,1108533.78000000,3791811.91901800,10272,472518.72800000,1617254.42945400
2019-11-21,3.33400000,3.43200000,3.10000000,3.18900000,882746.14600000,2882309.87847300,9534,418893.14000000,1370174.66381600
2019-11-22,3.19600000,3.30000000,2.60800000,2.94100000,1729042.03700000,5174072.79063700,15710,835596.69900000,2509477.31809700
2019-11-23,2.94000000,3.23800000,2.85500000,3.21900000,983732.75100000,3003501.86024100,9236,512471.03900000,1564457.14334100
2019-11-24,3.21900000,3.27700000,2.98000000,3.08300000,1605636.60700000,5080558.82089600,14147,793538.90200000,2512240.01335000
2019-11-25,3.09400000,3.53700000,2.98300000,3.39000000,2205486.63500000,7248022.36972700,19598,1082894.52500000,3559718.40575400
2019-11-26,3.39000000,3.66900000,3.37000000,3.47300000,1430494.23300000,5065258.43206000,13864,682948.40900000,2421597.12966700
2019-11-27,3.47100000,3.77800000,3.24700000,3.56700000,1980542.91200000,6953633.42754500,17370,999089.95600000,3513966.52323400
2019-11-28,3.57300000,3.75900000,3.48000000,3.68000000,796521.06700000,2894252.99097400,9098,419841.04800000,1525497.70692100
2019-11-29,3.68000000,4.11000000,3.66700000,4.01200000,1424071.40800000,5563648.75494300,14263,769467.50600000,3007317.12054800
2019-11-30,4.00700000,4.09400000,3.81000000,3.92100000,1054703.82400000,4155203.50533600,11461,553584.64200000,2180598.16507300
2019-12-01,3.92500000,3.93200000,3.57000000,3.81300000,1096360.08600000,4127768.93350200,11069,543122.29000000,2045588.42176300
2019-12-02,3.82400000,3.90400000,3.59000000,3.66500000,861710.40300000,3217083.48827100,9958,416365.56000000,1554414.01348000
2019-12-03,3.66400000,3.82100000,3.61500000,3.63600000,809492.42400000,3000293.59822000,8650,358917.03600000,1331199.62903600
2019-12-04,3.63600000,3.78800000,3.41400000,3.55500000,1423739.36000000,5118065.16546300,14366,755063.20300000,2719639.73809300
2019-12-05,3.55500000,3.62400000,3.44500000,3.49000000,841916.31300000,2981649.98554500,8021,465303.63900000,1648013.13154200
2019-12-06,3.48900000,3.70000000,3.45200000,3.65200000,677154.35600000,2412511.18463200,7339,380336.05500000,1354548.78854000
2019-12-07,3.66000000,3.86900000,3.63800000,3.76400000,809222.64900000,3070498.84178700,8744,377696.58200000,1432555.31662300
2019-12-08,3.75400000,3.99700000,3.68400000,3.92100000,969936.39200000,3753617.22617300,9998,514847.45400000,1993556.34776600
2019-12-09,3.92100000,3.94600000,3.63600000,3.66600000,1071098.99500000,4073599.43083800,10239,529885.63300000,2016957.62910000
2019-12-10,3.67200000,3.75500000,3.50600000,3.58000000,1216499.43000000,4428116.53513700,10352,647973.35000000,2358441.16280700
2019-12-11,3.58700000,3.88000000,3.56700000,3.82300000,836801.00800000,3088617.62910100,7935,470996.06900000,1737519.37192800
2019-12-12,3.83700000,4.19900000,3.75500000,4.10200000,2381634.71600000,9477211.84983700,22393,1170226.62300000,4653334.79224000
2019-12-13,4.10900000,4.28200000,3.95000000,3.96700000,1448165.63800000,5941158.38682300,13467,664632.96900000,2732251.24565100
2019-12-14,3.96700000,4.32300000,3.95700000,4.25900000,1418807.47200000,5892434.52925100,15779,735906.45400000,3057487.99345400
2019-12-15,4.25100000,4.66800000,4.15600000,4.49400000,2399198.24000000,10716609.31723900,27293,1292366.98800000,5776495.17250700
2019-12-16,4.49500000,4.50000000,4.00800000,4.05300000,2568146.78200000,10833196.36215000,25802,1291468.67000000,5449812.69867900
2019-12-17,4.05700000,4.14300000,3.53600000,3.64000000,2458454.05800000,9362969.19792900,23691,1050439.14500000,3999697.93520400
2019-12-18,3.64100000,4.55500000,3.59100000,4.26500000,3701581.47800000,14931045.05625800,35468,2022409.90500000,8179250.35605300
2019-12-19,4.26600000,4.37000000,4.07400000,4.26600000,1787189.48100000,7576410.31147200,19579,869481.76400000,3688179.63523300
2019-12-20,4.26600000,4.39500000,4.12700000,4.31000000,950137.46200000,4039075.81505400,11005,494898.34100000,2103825.35291200
2019-12-21,4.30500000,4.34300000,4.01900000,4.05700000,773211.63800000,3214007.29525700,9611,381999.31600000,1587470.79924300
2019-12-22,4.05800000,4.27900000,4.04300000,4.25700000,760476.39300000,3154117.59966000,9500,416465.76600000,1727439.46141700
2019-12-23,4.25800000,4.36900000,4.14100000,4.29800000,941262.84600000,4010096.05334200,11949,485083.39200000,2068385.78133200
2019-12-24,4.30600000,4.41900000,4.25000000,4.38900000,1055552.62500000,4592898.03480500,15341,458435.29800000,1994854.99020100
2019-12-25,4.38700000,4.39500000,4.16100000,4.25500000,840723.15200000,3577478.49965800,10655,405063.53200000,1724652.19904000
2019-12-26,4.26500000,4.63400000,4.25800000,4.56400000,1393754.39400000,6233491.98932900,17073,716818.56800000,3202519.20471600
2019-12-27,4.56300000,4.79000000,4.44600000,4.50600000,1370201.15800000,6317049.25769100,17977,680255.86500000,3139718.33204800
2019-12-28,4.50700000,4.71300000,4.38900000,4.39800000,918395.56500000,4186327.50765900,11666,406312.23800000,1855536.20986900
2019-12-29,4.39300000,4.45900000,4.21500000,4.25300000,1161832.38500000,5038464.05064400,12863,522850.42700000,2265918.51352100
2019-12-30,4.25300000,4.40300000,4.11500000,4.16600000,893064.01000000,3798012.03104300,10025,382929.85400000,1631527.37222100
2019-12-31,4.16000000,4.31100000,4.10200000,4.22700000,588807.07300000,2487598.65773100,7953,285385.67500000,1206576.52892100
2020-01-01,4.21700000,4.49000000,4.20800000,4.38000000,501427.61600000,2188267.49281100,7431,232845.82900000,1017165.00926600
2020-01-02,4.38200000,4.39700000,4.07300000,4.09600000,763249.83800000,3214862.59283700,8629,344331.44500000,1450074.74215600
2020-01-03,4.09100000,4.38000000,3.99000000,4.23700000,1190980.39100000,5009040.25213700,13308,624286.75700000,2632208.86181000
2020-01-04,4.23800000,4.38000000,4.22100000,4.25000000,394394.64800000,1694078.79887800,5819,215287.44700000,925724.12144600
2020-01-05,4.24800000,4.36500000,4.16200000,4.20000000,794842.35500000,3386876.75936900,11026,375268.39600000,1603147.42481500
2020-01-06,4.20700000,4.24700000,4.00700000,4.11100000,1218709.65700000,5013170.90974000,16211,503776.86400000,2072624.67950300
2020-01-07,4.11100000,4.24300000,4.05400000,4.07500000,875085.46900000,3625502.81117700,11645,406282.77600000,1683947.69429100
2020-01-08,4.08700000,4.17600000,3.94600000,3.99500000,752638.15700000,3065182.33188900,9466,333001.03300000,1358841.51494700
2020-01-09,3.99500000,4.25700000,3.95000000,4.24500000,1177416.11600000,4826865.89434600,14063,640706.48400000,2629331.67849700
2020-01-10,4.24400000,4.43500000,4.18000000,4.27000000,1806180.48000000,7768807.65223200,20878,891996.82300000,3839226.16031400
2020-01-11,4.27300000,4.43200000,4.26000000,4.26400000,839017.10300000,3651894.19044100,9616,387324.76200000,1687211.08132700
2020-01-12,4.26400000,4.34000000,4.21500000,4.25300000,521825.23300000,2227143.15383900,6207,274382.77500000,1171525.93808000
2020-01-13,4.25500000,4.32200000,4.10200000,4.24500000,605591.48500000,2545085.37852000,7514,283914.94700000,1193682.59618500
2020-01-14,4.24800000,4.66500000,4.20500000,4.53000000,1581389.96300000,6944052.56862700,22661,762038.42000000,3351266.82784300
2020-01-15,4.52600000,4.96900000,4.40300000,4.57300000,1843134.27500000,8573288.31942700,22086,787650.73300000,3665011.59988400
2020-01-16,4.56800000,5.42300000,4.15200000,5.09700000,3358644.39700000,15914690.71071800,45892,1773161.89300000,8406609.22423000
2020-01-17,5.09800000,5.32000000,4.68000000,5.01500000,2280631.71600000,11361957.20521400,33469,1059796.24900000,5286614.03775500
2020-01-18,5.00000000,5.03300000,4.60000000,4.62500000,925077.23900000,4387739.08492600,12355,383101.90800000,1818665.47961100
2020-01-19,4.62500000,4.77400000,4.36000000,4.51600000,781280.07400000,3552693.29719100,11230,324161.40500000,1477377.99984700
2020-01-20,4.51600000,4.67000000,4.40400000,4.50500000,557480.15700000,2526305.58143100,9384,241099.15400000,1094393.24419800
2020-01-21,4.50200000,4.74900000,4.45200000,4.64000000,682574.99300000,3150038.51696100,16984,314059.69200000,1449099.26131400
2020-01-22,4.64000000,4.70200000,4.55100000,4.65700000,414095.57600000,1913191.33067700,9607,194854.66300000,900586.09973100
2020-01-23,4.66200000,4.69000000,4.36400000,4.46300000,757090.74000000,3380590.96648800,16169,331471.21800000,1477800.80642600
2020-01-24,4.46400000,4.53000000,4.34400000,4.48800000,419911.86000000,1865091.56742400,10390,195988.67500000,869893.04566000
2020-01-25,4.48500000,4.49200000,4.35200000,4.39000000,324254.07400000,1427992.53147700,6585,125798.18400000,554443.90337500
2020-01-26,4.38000000,4.50500000,4.35800000,4.47800000,355851.88200000,1585257.76832600,8268,165074.04000000,734822.24064700
2020-01-27,4.48000000,4.67200000,4.40000000,4.51500000,1081736.08500000,4892473.12890500,15346,540262.38600000,2446352.52351500
2020-01-28,4.51500000,4.61100000,4.46900000,4.57700000,576281.41700000,2612835.17132700,9147,268754.38400000,1219631.12818900
2020-01-29,4.59600000,4.59700000,4.35000000,4.40100000,1070511.02700000,4768520.64767800,16497,486959.13900000,2172094.97405300
2020-01-30,4.40100000,4.48000000,4.30400000,4.41000000,903258.84200000,3968967.61338700,14713,398136.39600000,1751208.68558000
2020-01-31,4.41500000,4.61500000,4.30000000,4.39700000,972975.22600000,4335924.60001800,16718,427119.54000000,1908497.81054600
2020-02-01,4.39800000,4.45100000,4.27100000,4.38800000,618078.76500000,2684754.97682900,10250,294264.57700000,1278440.61265300
2020-02-02,4.37900000,4.48100000,4.23500000,4.40300000,698546.72800000,3066849.23163800,10716,365188.40700000,1602697.29196700
2020-02-03,4.40300000,4.50000000,4.24000000,4.26300000,674636.36500000,2925076.92069300,12694,339747.95700000,1473722.45837400
2020-02-04,4.26400000,4.27500000,4.00000000,4.22000000,2260117.39100000,9339985.34039000,27519,1020681.64000000,4232514.22832200
2020-02-05,4.22000000,4.35000000,4.13900000,4.33000000,1654584.90200000,7020460.77236400,21510,794346.82600000,3372361.90424000
2020-02-06,4.33000000,4.60200000,4.25200000,4.58900000,2127883.20400000,9530918.25384500,22222,1051049.90800000,4710020.41836800
2020-02-07,4.58600000,4.93800000,4.51900000,4.82500000,2317793.99200000,10927822.49168100,37409,1182358.96500000,5581818.30873200
2020-02-08,4.81200000,4.83400000,4.50000000,4.62900000,1484562.60400000,6963440.61128200,25586,764761.31400000,3588149.87747300
2020-02-09,4.62900000,4.78800000,4.60400000,4.75700000,921880.65500000,4335801.08178000,16824,441058.16400000,2074607.48159700
2020-02-10,4.75700000,4.81000000,4.43300000,4.77300000,1401458.98700000,6557216.17936300,21428,611476.44200000,2863613.45315900
2020-02-11,4.77300000,5.21600000,4.69300000,5.10500000,2090562.97100000,10354694.88810400,33940,1032223.01500000,5118807.11108300
2020-02-12,5.10800000,5.32700000,5.02200000,5.10900000,2136199.29700000,11098773.20572700,32943,1040932.99600000,5410978.41990800
2020-02-13,5.10000000,5.24400000,4.82800000,4.90600000,1966479.65800000,9828978.79050600,32742,955983.12400000,4777523.20378800
2020-02-14,4.91200000,5.14100000,4.85600000,5.11100000,834755.36600000,4170374.81897800,17529,429416.47600000,2147000.75132800
2020-02-15,5.11900000,5.13600000,4.40000000,4.60800000,1444434.84000000,6867638.28998100,24675,615845.74000000,2943523.67715900
2020-02-16,4.60800000,4.75800000,3.95500000,4.38200000,1491309.08600000,6603597.71218700,28698,714245.96000000,3171080.84099400
2020-02-17,4.38200000,4.42600000,3.89000000,4.27000000,2273235.57500000,9358606.54761500,34904,1120504.49900000,4615350.22053200
2020-02-18,4.28000000,4.50400000,3.96300000,4.44100000,2051909.77200000,8653987.20568700,28897,1029768.31300000,4342575.35702000
2020-02-19,4.44100000,4.69500000,4.10000000,4.14600000,1485928.72900000,6540866.61206900,23274,716518.25000000,3156450.20431400
2020-02-20,4.14600000,4.55300000,4.11100000,4.46100000,2188510.71500000,9396836.48915000,35068,1137231.45800000,4884362.95754400
2020-02-21,4.46100000,4.99000000,4.41000000,4.95300000,3601454.59900000,17009726.05334500,51996,1778881.81800000,8410564.56196000
2020-02-22,4.95300000,5.10500000,4.65300000,5.01100000,3102087.40900000,15236499.29214100,47398,1461940.77100000,7184903.24175100
2020-02-23,5.01700000,5.09200000,4.72800000,4.79400000,1817769.16900000,8879960.15128200,27021,798427.97300000,3902500.11311900
2020-02-24,4.80200000,4.93800000,4.19000000,4.39300000,2902837.39100000,13220055.47056800,41396,1242781.99100000,5680710.59754300
2020-02-25,4.38700000,4.41300000,3.98800000,4.05100000,2120377.12200000,8916586.75292200,28511,986088.31000000,4152289.78494200
2020-02-26,4.05100000,4.07900000,3.43500000,3.64100000,2695245.07800000,10148125.30059500,32113,1231044.81600000,4637779.85841000
2020-02-27,3.64100000,3.86200000,3.34600000,3.69200000,2570082.58200000,9335450.52555000,33210,1235885.05100000,4503506.50082900
2020-02-28,3.69600000,3.75900000,3.42100000,3.54800000,2596805.24300000,9268452.80982900,26762,1332825.03400000,4767928.16528700
2020-02-29,3.54900000,3.68500000,3.43200000,3.44300000,1052886.27800000,3754725.84677000,15203,474254.99500000,1691894.08748700
2020-03-01,3.44300000,3.55200000,3.25100000,3.34700000,1577659.05500000,5374689.76624500,22281,798836.90700000,2720338.87788100
2020-03-02,3.34300000,3.80600000,3.33200000,3.70900000,1965621.10000000,7084120.71777200,28822,1013522.79900000,3651849.83042700
2020-03-03,3.70900000,3.71000000,3.48900000,3.62300000,1587477.42800000,5710693.05612400,21602,789406.12000000,2838235.09922000
2020-03-04,3.62300000,3.89400000,3.62100000,3.74300000,2018098.55400000,7602149.35999100,24199,1009393.39100000,3799628.16244000
2020-03-05,3.74700000,3.93600000,3.73500000,3.75600000,1550365.38500000,5986415.65403600,21836,719764.54000000,2780013.06775600
2020-03-06,3.75900000,3.88200000,3.69800000,3.85400000,1271218.15300000,4811420.11047900,18054,655848.38000000,2483132.34556800
2020-03-07,3.85900000,3.86900000,3.56700000,3.61800000,966077.64500000,3590738.60779900,12571,431354.11100000,1604245.74617900
2020-03-08,3.61800000,3.61800000,3.04400000,3.08100000,2461550.39600000,8186608.62100600,24810,1113967.87200000,3713812.32362800
2020-03-09,3.08300000,3.16600000,2.82500000,3.02600000,2893167.34900000,8726705.81774000,27103,1235395.09100000,3732710.78124900
2020-03-10,3.02600000,3.20000000,2.88000000,3.06200000,2662690.20400000,8078800.30148800,24986,1360488.25000000,4122219.12960200
2020-03-11,3.06500000,3.10600000,2.69000000,2.99400000,2172632.30300000,6355511.11951300,27959,1021933.78700000,3001771.16810100
2020-03-12,2.99600000,3.02600000,1.46400000,1.61500000,6447358.29900000,14120111.93304300,74690,3243187.22900000,7087349.66914000
2020-03-13,1.61600000,1.95100000,1.06100000,1.80400000,4843944.69300000,7993364.30463900,79496,2531879.22600000,4197771.65591300
2020-03-14,1.80400000,1.99200000,1.68400000,1.83700000,3075153.82800000,5612864.46083400,40913,1663111.14300000,3039716.97728700
2020-03-15,1.83700000,2.08900000,1.81600000,1.92100000,2652197.56000000,5072048.66849700,36152,1439889.44800000,2756439.09138100
2020-03-16,1.92400000,1.92400000,1.50000000,1.67100000,2595020.04500000,4373717.37303400,33039,1317941.82600000,2221956.41714400
2020-03-17,1.67200000,1.88000000,1.63400000,1.76300000,1488467.01300000,2645694.51102400,19912,747661.91300000,1328698.11580400
2020-03-18,1.76300000,1.84300000,1.65000000,1.81100000,1605197.95900000,2783436.94644300,18072,825743.22600000,1433964.61143100
2020-03-19,1.81400000,2.14900000,1.76800000,2.06700000,2154372.06900000,4173766.44894700,26102,1117670.69400000,2166366.30828900
2020-03-20,2.06800000,2.48500000,1.80100000,2.16500000,3840381.91200000,8474072.16009500,52580,1857955.42400000,4086140.74780400
2020-03-21,2.17000000,2.24700000,1.99400000,2.16800000,1695858.76500000,3596930.30791200,23746,823906.59400000,1749008.32503000
2020-03-22,2.16900000,2.23400000,1.91000000,1.91700000,1021028.04200000,2111307.23507000,15870,471218.13900000,972315.47080900
2020-03-23,1.91600000,2.15000000,1.88600000,2.11100000,1423716.94300000,2875016.26167300,20004,661960.53400000,1342056.12631700
2020-03-24,2.10800000,2.23300000,2.07500000,2.14300000,1509990.00400000,3233392.38914900,22007,764949.38200000,1638855.02722000
2020-03-25,2.14400000,2.18800000,2.04000000,2.07900000,1086513.74400000,2273585.72937400,15562,527735.92800000,1104704.17554400
2020-03-26,2.08200000,2.17900000,2.05700000,2.17300000,729890.49700000,1537458.27185100,10298,385920.88400000,813089.71762300
2020-03-27,2.17300000,2.20900000,1.94600000,1.99200000,796205.08300000,1671471.72656200,10859,357870.64700000,752224.70910900
2020-03-28,1.98900000,1.99100000,1.86900000,1.97100000,1401296.58500000,2703843.41651400,17028,652001.17800000,1259204.22932900
2020-03-29,1.97300000,1.98300000,1.84400000,1.85000000,834784.00000000,1604487.04099100,8654,398245.21400000,766134.32150300
2020-03-30,1.85200000,2.03600000,1.84500000,1.95700000,957777.22300000,1887559.59265200,12779,493383.00400000,972704.36750700
2020-03-31,1.95500000,1.99200000,1.93300000,1.95000000,684896.59800000,1341466.28035000,9113,346216.80100000,678526.71539900
2020-04-01,1.95000000,1.98500000,1.88400000,1.96900000,686188.83300000,1326535.08979700,7655,327474.00400000,633396.96201200
2020-04-02,1.97100000,2.11000000,1.95000000,1.98200000,1227460.05300000,2460876.18810400,11259,591282.73400000,1186795.19045700
2020-04-03,1.98000000,2.06100000,1.95300000,1.97800000,872477.73800000,1756831.54911000,10144,443203.04700000,892230.24708400
2020-04-04,1.97800000,2.05500000,1.96400000,2.02200000,590549.82700000,1182500.99193800,8908,312269.06500000,625383.97756300
2020-04-05,2.02300000,2.09700000,2.01200000,2.06400000,712201.67400000,1460674.08020900,9878,336313.84200000,689943.02922700
2020-04-06,2.06500000,2.41800000,2.06400000,2.40700000,2667448.09300000,6044826.88205100,30817,1309023.54000000,2962391.81373700
2020-04-07,2.40600000,2.49600000,2.30400000,2.34600000,2656699.46700000,6378449.90077700,28741,1323361.15000000,3178598.44322500
2020-04-08,2.34500000,2.50000000,2.29900000,2.49300000,2403680.07200000,5726250.97487900,23081,1174185.19200000,2797880.79378400
2020-04-09,2.49300000,2.62600000,2.37300000,2.57300000,2599056.25300000,6530269.69348400,28166,1266149.99200000,3185694.42414000
2020-04-10,2.57100000,2.59200000,2.19400000,2.30700000,2614113.18700000,6111098.48576800,28354,1233418.12700000,2884696.58732700
2020-04-11,2.30800000,2.38300000,2.23100000,2.30600000,1237900.99000000,2861088.10138200,17112,574930.38700000,1329208.24136100
2020-04-12,2.30300000,2.40100000,2.24700000,2.29900000,969889.46200000,2253913.23927000,12894,487212.93400000,1132350.78948200
2020-04-13,2.29600000,2.29600000,2.17100000,2.25900000,1120169.30900000,2490824.06815800,13976,559729.25000000,1245769.81402200
2020-04-14,2.26000000,2.44600000,2.22000000,2.36100000,2021415.00000000,4739599.12355000,25954,879241.37800000,2058973.28039200
2020-04-15,2.35800000,2.43500000,2.26500000,2.27000000,1237217.26200000,2913616.60717600,18352,559308.48300000,1317715.22903500
2020-04-16,2.27000000,2.45000000,2.19000000,2.42200000,1364579.86800000,3215113.28016800,17709,717170.94900000,1692379.44190200
2020-04-17,2.41900000,2.43100000,2.35100000,2.36700000,699747.21900000,1670105.28832500,8777,337091.01600000,804921.63224800
2020-04-18,2.36900000,2.52300000,2.36700000,2.50900000,979325.05100000,2396858.02227200,12317,458357.41200000,1121123.37451800
2020-04-19,2.51000000,2.54300000,2.37300000,2.38200000,1245748.83600000,3048351.41434200,14052,611849.93000000,1497947.56540800
2020-04-20,2.38100000,2.44300000,2.25900000,2.27100000,1743734.57500000,4122597.60419000,19131,834399.03100000,1971737.57789800
2020-04-21,2.27100000,2.32500000,2.25400000,2.27100000,867054.99700000,1979294.11389900,9736,465557.72900000,1062876.13953100
2020-04-22,2.27000000,2.41300000,2.26000000,2.38800000,628679.01900000,1478312.80112600,8313,312541.83000000,735129.68185300
2020-04-23,2.39000000,2.49800000,2.33000000,2.42700000,1216592.33500000,2945971.10689700,13415,617171.45400000,1496231.07036200
2020-04-24,2.42400000,2.80500000,2.42000000,2.74800000,3714015.16700000,9801294.72866100,38538,1810983.22800000,4769762.90734100
2020-04-25,2.74800000,2.96200000,2.66800000,2.87100000,3190424.06500000,9038832.22882200,44654,1539186.53600000,4361992.97693700
2020-04-26,2.86900000,2.90200000,2.75700000,2.80800000,1513843.94800000,4274132.15645400,21340,791296.23200000,2234308.71990800
2020-04-27,2.80800000,2.83400000,2.65100000,2.76700000,962849.63100000,2644684.55311800,16034,465554.34900000,1278775.55561200
2020-04-28,2.76700000,2.85000000,2.70600000,2.79300000,1155468.96000000,3220402.14505800,16300,561185.30700000,1563683.57751000
2020-04-29,2.79500000,2.98600000,2.78300000,2.92900000,1832404.18400000,5271040.19474400,22628,890879.43300000,2564312.19468700
2020-04-30,2.93000000,3.07700000,2.69500000,2.73400000,2694763.70700000,7760682.43206000,29810,1252438.66400000,3615120.72672300
2020-05-01,2.73300000,2.93300000,2.73200000,2.82800000,1182842.25300000,3380063.63355100,14504,563230.97600000,1609102.36159500
2020-05-02,2.82800000,2.89700000,2.79700000,2.87300000,612877.75100000,1747515.48443000,9524,273864.57800000,781080.68483600
2020-05-03,2.87300000,2.90900000,2.73000000,2.77400000,849094.58700000,2406066.84112900,12567,401145.02800000,1137736.39792500
2020-05-04,2.77700000,2.80300000,2.57000000,2.76100000,1413991.78500000,3795147.31424400,19279,745777.98100000,2003519.92205300
2020-05-05,2.76100000,2.78700000,2.65500000,2.70700000,1111698.38800000,3024656.88268000,15042,526073.29200000,1430526.48524700
2020-05-06,2.70800000,2.76400000,2.61400000,2.61900000,1136978.73500000,3084373.13589700,17017,542789.08600000,1473930.80243200
2020-05-07,2.62700000,2.80000000,2.60000000,2.72500000,1564125.16600000,4213879.84767100,16782,764513.61200000,2064242.83729800
2020-05-08,2.72800000,2.85500000,2.67500000,2.80600000,1439678.06600000,3999398.73888400,19014,698022.77900000,1941237.01546600
2020-05-09,2.80500000,2.85500000,2.71500000,2.75000000,1435602.66700000,4022877.75034800,18153,662189.28200000,1857399.13402200
2020-05-10,2.75000000,2.75000000,2.32400000,2.51400000,1734408.86200000,4343568.39786200,24989,830400.28500000,2078881.61868500
2020-05-11,2.50800000,2.55800000,2.26700000,2.39400000,1617563.41000000,3918227.90738800,17603,824758.79000000,1998574.35387500
2020-05-12,2.39300000,2.52900000,2.38100000,2.48600000,991948.00400000,2453764.44675100,10177,477092.93700000,1180358.35094400
2020-05-13,2.48500000,2.58700000,2.43700000,2.54000000,784589.71900000,1973079.07547400,9322,409787.78600000,1031083.30829300
2020-05-14,2.54000000,2.56900000,2.45700000,2.52800000,1600397.86100000,4013947.87809400,14505,862471.64400000,2164406.36642200
2020-05-15,2.53100000,2.57800000,2.42100000,2.47300000,941081.97700000,2361871.56726400,11455,452516.31400000,1135932.98724500
2020-05-16,2.47300000,2.57300000,2.44700000,2.55500000,622360.82000000,1572276.75817500,6878,311089.34200000,786039.55744400
2020-05-17,2.55500000,2.64000000,2.53200000,2.54400000,650551.64500000,1677741.36646100,7828,298415.87100000,770573.05080800
2020-05-18,2.54400000,2.66200000,2.54000000,2.60000000,805416.45800000,2103140.88240400,9839,384232.40900000,1003076.19090600
2020-05-19,2.60000000,2.62500000,2.52300000,2.61700000,1100180.16300000,2833264.56118000,12548,518551.52400000,1335100.72509800
2020-05-20,2.61700000,2.71000000,2.52000000,2.70500000,2142782.55400000,5671066.94891200,20465,1025037.10100000,2709760.92407200
2020-05-21,2.70500000,2.73400000,2.44600000,2.51300000,1984287.40600000,5198464.18955100,21300,984651.71600000,2581895.06302400
2020-05-22,2.51300000,2.68400000,2.48700000,2.65000000,951768.61600000,2475634.99893700,11578,467832.76700000,1217247.07456300
2020-05-23,2.65000000,2.67300000,2.57300000,2.59200000,692468.15700000,1815255.46050300,7425,328776.44400000,862758.32041100
2020-05-24,2.59200000,2.65100000,2.49000000,2.49500000,627848.61100000,1626593.25578800,8072,312865.40500000,811188.55031400
2020-05-25,2.49200000,2.64000000,2.45800000,2.61200000,989497.24300000,2527952.27710800,12612,500315.79300000,1280212.56282100
2020-05-26,2.61200000,2.62900000,2.53700000,2.58300000,1084247.57600000,2805607.76470700,11653,511038.22400000,1321872.61360700
2020-05-27,2.58300000,2.70500000,2.57300000,2.60100000,1236695.08800000,3243837.78637800,12449,608396.64100000,1596070.75392600
2020-05-28,2.60600000,2.67800000,2.56800000,2.67100000,907546.42100000,2366853.93733500,10223,441250.58600000,1151044.80083100
2020-05-29,2.67100000,2.70000000,2.62400000,2.67700000,880704.85700000,2353008.65092600,9116,392868.33500000,1049944.92551900
2020-05-30,2.67800000,2.83400000,2.64300000,2.81700000,1221691.36400000,3369742.87209400,14501,636597.85700000,1754953.87036000
2020-05-31,2.81700000,2.88800000,2.70000000,2.72800000,1482193.03600000,4159420.75305600,15883,730785.94300000,2052333.08889700
2020-06-01,2.72800000,2.86500000,2.71200000,2.86200000,1159916.32000000,3233509.90744900,14219,574797.33300000,1603977.07661100
2020-06-02,2.86200000,2.96300000,2.64000000,2.76100000,2015909.06600000,5688317.11199800,19269,901069.58700000,2544882.91265500
2020-06-03,2.75800000,2.91700000,2.73300000,2.90600000,1149177.32700000,3255834.16322600,12582,565032.19900000,1599964.91158600
2020-06-04,2.90800000,3.15900000,2.89200000,3.11000000,2661551.41300000,8096655.32722500,30145,1319707.42500000,4012212.41465300
2020-06-05,3.10900000,3.20000000,3.03700000,3.09300000,2036787.03000000,6370124.77165200,24817,914101.43600000,2859095.72714400
2020-06-06,3.09200000,3.15500000,3.03900000,3.05600000,923471.78600000,2859645.73887700,13001,452560.97900000,1400848.39021400
2020-06-07,3.05600000,3.11100000,2.86500000,3.02000000,1278663.14500000,3828160.07167100,15387,658479.70100000,1968873.03498500
2020-06-08,3.02200000,3.16300000,2.99400000,3.15500000,890067.44400000,2733107.01113900,12892,439547.71300000,1349854.39198100
2020-06-09,3.15700000,3.18600000,3.07400000,3.11700000,973545.69000000,3053935.75886400,14705,468547.47800000,1469710.27537100
2020-06-10,3.11700000,3.13000000,2.95500000,3.11400000,1154464.74900000,3551219.47867000,17289,580805.92700000,1787515.04345100
2020-06-11,3.11700000,3.13800000,2.72000000,2.76300000,1755330.37100000,5177732.82435400,22234,789096.20200000,2335954.78357800
2020-06-12,2.76500000,2.92500000,2.73500000,2.86200000,746692.22000000,2130635.67364100,11271,386345.87600000,1102798.13701500
2020-06-13,2.86200000,2.90100000,2.81600000,2.87300000,656336.14200000,1875903.23670700,8658,336467.90200000,961909.44199800
2020-06-14,2.87400000,2.87800000,2.71800000,2.75600000,694350.26000000,1951533.47068600,8878,300259.99700000,844950.24018900
2020-06-15,2.75600000,2.78100000,2.54000000,2.70500000,1211364.99800000,3216578.60443800,17651,574174.03000000,1524352.20224700
2020-06-16,2.70500000,2.76500000,2.67400000,2.72900000,731936.87500000,1993278.40528900,12072,391096.24900000,1065312.38331600
2020-06-17,2.72900000,2.74300000,2.64800000,2.70300000,730865.88400000,1972580.55567500,10970,384708.14800000,1038485.76425400
2020-06-18,2.70300000,2.70300000,2.61100000,2.64300000,660869.12200000,1763899.28168400,7152,350565.81500000,935671.20580600
2020-06-19,2.64200000,2.65300000,2.57400000,2.59700000,633416.80700000,1658057.36968500,8470,324362.67700000,849677.46408500
2020-06-20,2.60000000,2.62600000,2.54200000,2.62000000,610034.68600000,1582451.36655500,6944,301054.13000000,781300.84444600
2020-06-21,2.62300000,2.63600000,2.57800000,2.59900000,657318.51500000,1713409.91262500,6146,345728.79100000,901285.35976100
2020-06-22,2.59900000,2.72000000,2.59900000,2.68800000,1008443.21700000,2702131.91445000,10313,506491.11000000,1357187.74846900
2020-06-23,2.68800000,2.84300000,2.65600000,2.77400000,2033665.05600000,5612061.78670900,18106,1041129.37200000,2872754.04705400
2020-06-24,2.77600000,2.88100000,2.64000000,2.68500000,2540884.31200000,7041334.40161300,23042,1225347.13900000,3397025.60551800
2020-06-25,2.68400000,2.69400000,2.55000000,2.62400000,1034585.14200000,2723528.17033700,11277,509852.98800000,1343253.14562300
2020-06-26,2.62400000,2.65500000,2.51500000,2.62200000,1446848.92800000,3732223.33600300,13935,686971.48500000,1771927.29033700
2020-06-27,2.62300000,2.71800000,2.28800000,2.42900000,3296009.93000000,8184336.58014300,31558,1889634.62900000,4658142.53457500
2020-06-28,2.42900000,2.55700000,2.39100000,2.50400000,966662.61600000,2397832.45160900,8328,437151.87300000,1084846.60531900
2020-06-29,2.50700000,2.68100000,2.47200000,2.64600000,2523948.55000000,6503794.58961700,21194,1082874.14400000,2794251.77167700
2020-06-30,2.64400000,2.67500000,2.57300000,2.59500000,791009.63300000,2071672.15805300,7320,417135.96400000,1092076.22414100
2020-07-01,2.59200000,2.68000000,2.57300000,2.65900000,869063.74200000,2285302.25623400,8108,463650.63600000,1218801.55491100
2020-07-02,2.65900000,2.79000000,2.60000000,2.65900000,1831861.13300000,4930526.74997300,18054,926511.42600000,2495735.35681800
2020-07-03,2.66100000,2.80900000,2.64200000,2.69000000,2003578.04500000,5478519.98344200,17705,997292.18200000,2726868.03076700
2020-07-04,2.68800000,2.78900000,2.68000000,2.77900000,1307381.19500000,3581363.70100500,12789,627700.44900000,1720542.49980700
2020-07-05,2.78100000,2.98800000,2.74600000,2.93000000,3219511.27100000,9201486.51580700,31094,1556558.05500000,4450582.33062400
2020-07-06,2.93300000,3.13000000,2.92100000,3.02100000,2923038.09900000,8842214.42092100,30221,1524997.65600000,4614172.37810000
2020-07-07,3.01800000,3.28000000,2.96300000,3.24900000,3309462.00700000,10369042.29954400,31874,1572939.52900000,4933839.87946200
2020-07-08,3.24400000,3.57800000,3.15700000,3.55400000,4704970.61900000,16038121.07103200,42330,2223393.03500000,7587035.74825200
2020-07-09,3.54900000,3.80000000,3.37600000,3.78800000,4083579.22300000,14613932.47564900,44942,1798389.36400000,6462293.36155500
2020-07-10,3.79200000,4.18200000,3.55500000,4.05300000,4544778.11700000,17513854.17778800,57534,2217635.97600000,8561385.83914100
2020-07-11,4.05300000,4.46600000,3.88000000,3.92100000,6518320.65800000,27335858.34052300,91708,3295651.50600000,13813800.88065800
2020-07-12,3.92100000,4.19700000,3.90000000,4.02300000,3059138.47100000,12362888.73445800,36435,1559459.08800000,6302925.87010000
2020-07-13,4.02800000,4.33900000,3.71500000,3.87200000,5164293.62800000,21099055.77083300,58599,2630057.19100000,10749089.91934500
2020-07-14,3.87300000,4.04000000,3.80100000,3.95900000,3443607.81600000,13511128.16353100,38788,1652438.14100000,6482411.65775900
2020-07-15,3.95400000,4.14800000,3.86200000,4.04700000,2564641.64400000,10208152.20499600,28896,1261045.13100000,5015776.78803300
2020-07-16,4.05200000,4.30000000,3.75000000,4.07700000,4802846.51800000,19111725.71200000,50884,2406471.93600000,9564383.56387900
2020-07-17,4.08100000,4.26000000,3.94300000,4.14500000,3329642.58400000,13668069.96713200,37729,1538806.69700000,6320658.41391600
2020-07-18,4.14000000,4.51600000,4.10800000,4.36000000,4297253.16100000,18645220.63167900,48834,2171768.51200000,9423345.07849300
2020-07-19,4.36200000,4.52000000,3.97100000,4.20200000,5515699.07400000,23294224.14540900,54617,3147540.32400000,13240500.67691300
2020-07-20,4.20200000,4.25900000,3.86100000,3.88100000,2348189.52200000,9569665.19320700,26430,1133687.70100000,4627469.96653800
2020-07-21,3.88100000,4.06000000,3.77400000,4.01000000,3054468.19600000,11984787.50944800,30480,1634824.50100000,6413953.40622000
2020-07-22,4.00400000,4.08800000,3.89200000,4.01200000,1251377.77900000,4962962.13681300,15057,614541.56000000,2438906.12992600
2020-07-23,4.00800000,4.10000000,3.91800000,3.96300000,1500467.27900000,6040659.32857300,17208,765174.48100000,3082113.45791000
2020-07-24,3.96700000,3.96900000,3.78600000,3.82500000,1819680.81000000,7082596.78769200,17408,938276.43900000,3651466.84854700
2020-07-25,3.82400000,3.96000000,3.77400000,3.91700000,2792026.12600000,10731027.06586600,21700,1647799.99700000,6326263.57262100
2020-07-26,3.92000000,3.92000000,3.68900000,3.81000000,2002982.73900000,7654146.18812900,21026,958955.55600000,3666779.53031900
2020-07-27,3.81100000,3.92000000,3.28800000,3.59300000,5436412.59600000,19822353.64058500,52447,2659916.35400000,9625113.46489500
2020-07-28,3.59300000,3.79200000,3.55200000,3.75100000,2011812.48800000,7388280.42821200,23361,990842.67800000,3639653.01848200
2020-07-29,3.74800000,3.86000000,3.60900000,3.63400000,1882282.89300000,7082444.41205200,25369,976530.72900000,3676360.52315800
2020-07-30,3.63400000,3.76300000,3.58000000,3.70300000,1385427.94500000,5125046.04758400,18940,681585.36100000,2520139.83422500
2020-07-31,3.71100000,3.84000000,3.69600000,3.79300000,1286324.00700000,4860444.13047200,13344,623116.92900000,2354852.52614500
2020-08-01,3.79500000,4.13700000,3.79100000,4.08400000,3787834.66300000,15240085.75218500,39400,1674173.17400000,6729698.01430600
2020-08-02,4.08400000,4.23500000,3.40000000,3.91200000,3191640.23400000,12485395.15542600,48381,1571526.08200000,6152011.55195900
2020-08-03,3.90600000,4.07800000,3.79200000,3.82000000,3620416.91100000,14255869.07942600,32107,2045763.07000000,8037969.80961900
2020-08-04,3.82000000,4.05500000,3.81700000,4.02100000,2285392.49100000,8987545.36727200,22139,1184040.92900000,4648791.84630500
2020-08-05,4.01900000,4.21400000,3.94500000,4.14400000,2658420.92600000,10886449.07120700,28537,1295936.09500000,5307708.74820100
2020-08-06,4.15000000,4.25600000,4.11200000,4.17200000,2204768.89900000,9232389.12217100,24323,1103868.82900000,4624006.11621000
2020-08-07,4.18100000,4.20100000,3.86400000,4.01500000,2746768.35300000,11168012.83916500,27863,1331643.48100000,5420059.78988200
2020-08-08,4.01400000,4.44200000,3.97300000,4.42600000,2038615.68500000,8507890.15185200,24742,1052156.95500000,4395063.51108500
2020-08-09,4.43200000,5.44000000,4.30000000,5.27300000,8204217.02000000,40536680.28213300,121034,4078408.16800000,20148927.15182000
2020-08-10,5.27300000,5.87400000,5.09200000,5.47400000,7062869.37100000,38429813.51093300,107056,3317597.09900000,18032616.31010600
2020-08-11,5.47000000,5.57600000,4.68900000,4.91600000,4216164.85800000,21410822.87138500,64089,1950195.79100000,9919837.09309500
2020-08-12,4.91600000,6.04000000,4.85800000,5.90200000,6106299.18100000,33310049.37168900,94755,2958026.83300000,16161074.02322500
2020-08-13,5.90500000,6.57000000,5.45800000,6.08500000,7731574.48100000,46339478.67847400,132142,3845954.08800000,23090425.09941300
2020-08-14,6.08300000,6.60400000,5.91600000,6.09600000,5881838.18200000,36740200.52980000,88634,2907640.30200000,18163318.92846600
2020-08-15,6.10100000,6.35000000,5.89500000,6.07700000,2639329.38800000,16132919.29286000,37919,1287068.08800000,7869591.12225000
2020-08-16,6.07700000,6.39100000,5.78100000,6.24300000,3149876.46700000,19163703.90284400,50754,1545540.59100000,9404850.58598200
2020-08-17,6.24600000,6.31800000,5.86000000,5.90700000,2725418.99400000,16600046.14388000,44306,1181079.73800000,7207707.21277900
2020-08-18,5.90100000,6.16000000,5.51500000,5.82600000,2805280.73100000,16419054.42226700,48233,1350859.93600000,7910671.96793600
2020-08-19,5.82500000,5.93400000,5.30000000,5.65000000,2780331.33200000,15601510.06013700,48090,1277208.92700000,7167941.80496900
2020-08-20,5.64900000,6.37300000,5.53900000,6.29700000,3608691.05900000,21844836.06619000,58203,1746988.86600000,10576486.08047000
2020-08-21,6.29900000,6.60000000,5.59600000,5.60600000,4055827.98300000,24720120.38267400,71664,1856581.71600000,11320243.12026900
2020-08-22,5.61100000,6.50000000,5.39800000,6.41100000,4798512.51800000,29098450.33272800,80438,2340326.11900000,14204714.94263000
2020-08-23,6.41100000,8.60200000,6.34000000,8.53200000,15687286.54300000,117264420.13039600,265124,7757204.91300000,57999930.10930900
2020-08-24,8.53500000,8.56000000,7.66800000,8.21100000,8474992.65500000,68084507.14088300,140717,4047408.21600000,32525486.80378700
2020-08-25,8.21100000,8.87700000,7.78600000,8.37800000,10852903.90100000,89831223.19930600,181649,5180788.71900000,42867160.26605200
2020-08-26,8.37700000,8.65300000,7.64200000,7.70800000,6473787.68900000,52090762.61965000,98138,3246816.49200000,26119145.27368900
2020-08-27,7.70700000,7.92300000,6.89400000,7.29100000,5919743.61500000,43787657.45218800,84749,2789562.77800000,20641177.13308300
2020-08-28,7.29100000,7.84400000,7.12300000,7.55900000,3227902.22300000,24187365.58886500,49891,1540199.45400000,11546760.08594500
2020-08-29,7.56300000,7.61900000,7.26800000,7.27000000,1977735.17200000,14749536.02225800,33789,1005840.39900000,7502805.58718200
2020-08-30,7.27000000,7.92500000,7.23100000,7.62100000,2993408.25300000,22807082.80344400,50790,1525725.11400000,11614194.71221300
2020-08-31,7.62200000,7.81900000,7.14000000,7.20500000,2041474.47800000,15273066.68009200,37437,1062534.39300000,7954938.58403700
2020-09-01,7.20500000,7.64200000,6.97800000,7.21800000,3142893.74800000,22985367.39867800,53823,1545110.03300000,11300920.05093100
2020-09-02,7.22400000,7.31000000,6.36800000,6.64300000,3068338.22000000,20729395.23961100,53015,1466608.69500000,9908138.66310500
2020-09-03,6.64200000,6.74000000,4.50000000,4.89900000,5449700.43600000,31849823.87350600,87030,2495769.52600000,14583573.43865400
2020-09-04,4.90100000,5.65600000,4.69500000,5.46300000,6457804.79900000,33634194.00023300,95014,3135363.78700000,16353470.35663800
2020-09-05,5.46800000,5.67500000,4.56000000,4.91800000,5638140.87200000,29040852.50405000,103129,2714061.85600000,13992174.71212700
2020-09-06,4.91000000,5.35000000,4.45500000,5.17800000,3823014.30400000,19000969.59662400,53673,1858562.24500000,9248977.00151500
2020-09-07,5.17700000,5.25800000,4.57100000,5.05300000,3239401.40100000,15922237.23115200,45308,1597319.01800000,7850794.00748400
2020-09-08,5.05400000,5.16200000,4.74500000,4.95200000,2731561.81300000,13580097.94656900,38649,1284771.41100000,6392008.56357600
2020-09-09,4.95400000,5.49300000,4.88800000,5.32000000,2075425.32300000,10798521.80463900,29458,975435.52100000,5082775.67080400
2020-09-10,5.31700000,5.56400000,5.17200000,5.32400000,2294705.71200000,12312200.62823700,30276,1183979.81200000,6353880.89383900
2020-09-11,5.32500000,5.53500000,5.04800000,5.34200000,2585374.75400000,13598568.44645700,38524,1275728.59600000,6707574.56979500
2020-09-12,5.34500000,5.71900000,5.18000000,5.60300000,2630471.21700000,14281090.65948500,36095,1291049.96000000,7012580.36713600
2020-09-13,5.60300000,5.85700000,5.10500000,5.32000000,2992263.91100000,16335043.10978300,43449,1474787.91700000,8056102.63941200
2020-09-14,5.31700000,5.53900000,5.12000000,5.38100000,1894291.25100000,10105315.02735600,27577,916198.44100000,4886864.88747300
2020-09-15,5.37700000,5.45300000,4.77600000,4.86600000,3684936.44200000,18677399.89524100,44228,2080148.13700000,10519522.93448800
2020-09-16,4.86400000,5.18900000,4.68200000,5.12200000,1426210.04100000,7026272.77726200,23666,697199.10200000,3436714.66691900
2020-09-17,5.11900000,5.22400000,4.86800000,5.06200000,1733021.68500000,8728194.94337200,25921,808107.83600000,4070280.03708300
2020-09-18,5.06700000,5.21400000,4.77300000,4.96600000,1799590.91000000,9016418.41765200,27968,831619.17100000,4164768.69494900
2020-09-19,4.96100000,5.04000000,4.85900000,4.94300000,1270243.54800000,6281385.45882800,18071,610051.43600000,3017219.10918900
2020-09-20,4.94200000,5.09400000,4.53500000,4.66400000,1391035.37400000,6727385.50972400,24596,626037.14500000,3027795.91491000
2020-09-21,4.66300000,4.73400000,3.95100000,4.08100000,2886545.23100000,12261145.00456300,40326,1338608.55800000,5704246.41890500
2020-09-22,4.08400000,4.27500000,4.02200000,4.21000000,1791101.08700000,7471200.74237000,22902,852796.19700000,3561176.70714500
2020-09-23,4.20500000,4.30400000,3.79000000,3.83900000,2035120.83400000,8319246.44904800,31033,959775.79800000,3926250.06469600
2020-09-24,3.84400000,4.55000000,3.78000000,4.48300000,2652985.93300000,11126428.16054900,40164,1398652.78900000,5875809.78010400
2020-09-25,4.48300000,4.80200000,4.35300000,4.79100000,2384387.50400000,10846712.95758400,37214,1189095.27100000,5411573.20541200
2020-09-26,4.79100000,4.81900000,4.46600000,4.60700000,1273965.13400000,5899683.29922200,24677,595155.54300000,2757188.08842200
2020-09-27,4.60300000,4.80300000,4.52300000,4.72700000,1629074.94700000,7643426.74849800,26311,783557.34900000,3673582.62583100
2020-09-28,4.72700000,5.20100000,4.72000000,4.82600000,3934619.99000000,19584990.38570800,53092,2124507.32800000,10579572.66424300
2020-09-29,4.82600000,5.37600000,4.80000000,5.30900000,2797378.51800000,14130751.77030700,45218,1327266.39000000,6694576.50288000
2020-09-30,5.30400000,5.57000000,5.19200000,5.37200000,3374662.71400000,18243219.27822600,50790,1657725.36100000,8968438.59821800
2020-10-01,5.37400000,5.59600000,4.96200000,5.13500000,2508968.59100000,13285478.23733100,41129,1284673.22800000,6805544.24139100
2020-10-02,5.13200000,5.27300000,4.63700000,4.90600000,2939264.13400000,14461096.11910300,41196,1487232.83400000,7327399.07852500
2020-10-03,4.90700000,5.13500000,4.86700000,5.01000000,1136760.15500000,5707190.69142000,19051,580291.62600000,2914617.88292700
2020-10-04,5.00800000,5.38000000,4.84600000,5.31400000,1819836.14100000,9454976.96072200,30208,915797.91700000,4757891.96046700
2020-10-05,5.31900000,5.40000000,5.17200000,5.36600000,1476051.70300000,7805755.66080900,22109,751159.89400000,3973623.30164300
2020-10-06,5.36900000,5.40000000,4.67900000,4.73600000,2397701.99300000,12068497.30275500,36621,1170682.40900000,5900004.02715900
2020-10-07,4.73400000,4.94300000,4.54900000,4.87300000,1997788.54400000,9549023.71138900,29113,959242.95000000,4592419.13692800
2020-10-08,4.87400000,5.12600000,4.62000000,5.03400000,1984684.06600000,9691433.96497500,28251,970741.83500000,4734311.64996100
2020-10-09,5.04200000,5.30200000,4.92800000,5.15500000,1837045.60800000,9410721.91680500,26820,921728.90400000,4727704.15154800
2020-10-10,5.15200000,5.70700000,5.14700000,5.53400000,2323359.51300000,12548843.58069600,34955,1197394.12400000,6477920.76703900
2020-10-11,5.54100000,6.26900000,5.41900000,6.07200000,5269281.02100000,30959370.40401100,78650,2537891.27800000,14916080.15485800
2020-10-12,6.07900000,6.24000000,5.78600000,5.97000000,3877974.83200000,23397553.50193700,59501,1858834.22300000,11218577.54764100
2020-10-13,5.97100000,6.20000000,5.80300000,6.01200000,3643479.62900000,21792019.33081500,75706,1886885.35700000,11289996.59915000
2020-10-14,6.01200000,6.13600000,5.63000000,5.72700000,3182235.47400000,18614878.57719500,50888,1484473.73800000,8694545.01119100
2020-10-15,5.72700000,5.91400000,5.50000000,5.76900000,2649459.61600000,15002672.48530800,47185,1308494.60000000,7409701.27468600
2020-10-16,5.76800000,5.84100000,5.31100000,5.40300000,2617584.34900000,14395547.40518900,38075,1304975.13000000,7174139.35729200
2020-10-17,5.40500000,5.52300000,5.28600000,5.46600000,1142381.36500000,6189665.11316700,19167,547249.30800000,2966186.49877400
2020-10-18,5.46200000,5.78400000,5.41400000,5.76200000,1224474.14700000,6888270.69583100,21674,600531.23000000,3378456.43046700
2020-10-19,5.76300000,5.77800000,5.45300000,5.50200000,2068689.37400000,11613579.77238900,38133,1011795.06100000,5680574.80366600
2020-10-20,5.50400000,5.50800000,4.98900000,5.02400000,2436688.74500000,12806387.32606900,40875,1208539.66200000,6365522.48255900
2020-10-21,5.02700000,5.49400000,4.98800000,5.24100000,1830855.26100000,9709381.35080500,34288,913442.40700000,4843153.13134500
2020-10-22,5.23300000,5.57300000,5.21600000,5.44400000,1866936.12600000,10122254.97542800,32283,897348.96500000,4863235.03505200
2020-10-23,5.44900000,5.50000000,5.16000000,5.36400000,2142401.16000000,11507570.13664000,31501,1131747.76500000,6086444.02896100
2020-10-24,5.36500000,5.59300000,5.25300000,5.54300000,1498599.65500000,8140894.32953800,28804,778922.11100000,4230664.34398000
2020-10-25,5.54300000,5.65000000,5.23800000,5.29200000,1635766.08200000,8945144.76105500,36810,727776.65600000,3982992.55119100
2020-10-26,5.28900000,5.37000000,4.96300000,5.14500000,1753121.43100000,9079705.86616900,33033,821933.37700000,4263980.67207600
2020-10-27,5.14000000,5.32400000,5.06600000,5.13800000,1624434.05300000,8445668.02988900,30971,682893.06500000,3548178.76217500
2020-10-28,5.13600000,5.15100000,4.72000000,4.80300000,1803422.97400000,8904938.20720900,29871,889575.08500000,4397490.34038400
2020-10-29,4.80100000,4.86300000,4.52100000,4.63300000,1448427.31600000,6806546.81845800,22668,698811.07600000,3285898.58909400
2020-10-30,4.63100000,4.71000000,4.34300000,4.62000000,1837126.53900000,8279229.05476400,33067,930970.10500000,4193002.28303500
2020-10-31,4.61900000,4.81100000,4.59100000,4.61600000,1254670.26900000,5926627.25364800,39810,654799.50700000,3095377.61311300
2020-11-01,4.61300000,4.85000000,4.54200000,4.74300000,1776045.27500000,8351098.76067300,41077,993116.61000000,4661820.16811800
2020-11-02,4.74100000,4.87300000,4.55100000,4.60300000,1652207.36700000,7798257.14240700,35242,844366.35600000,3989983.84968100
2020-11-03,4.59900000,4.60700000,4.30100000,4.48000000,1642928.34900000,7289057.71765600,24194,760077.69800000,3371961.74554200
2020-11-04,4.47900000,4.48100000,4.20600000,4.38700000,1314586.41200000,5715755.81672500,31784,678915.09900000,2952680.63616900
2020-11-05,4.39100000,4.58700000,4.27600000,4.50400000,2364763.39100000,10525084.80622400,60561,1100279.39000000,4881361.42341500
2020-11-06,4.50300000,4.95600000,4.46900000,4.88000000,3325831.63100000,15830146.60240500,70416,1747864.49000000,8317969.85504400
2020-11-07,4.87900000,5.16200000,4.49200000,4.61900000,4014575.51100000,19514738.84847400,88343,1964757.70000000,9546527.35776600
2020-11-08,4.62000000,4.90800000,4.55700000,4.80900000,1450522.23800000,6927965.40765100,54148,739605.56000000,3529032.45848700
2020-11-09,4.80500000,5.20000000,4.66200000,5.15500000,2965481.93500000,14703267.97728200,57337,1423324.62800000,7039206.15255800
2020-11-10,5.15900000,5.28300000,4.89600000,5.08400000,2812970.60800000,14297768.38858200,51630,1246335.23800000,6339210.98334200
2020-11-11,5.08800000,5.28100000,5.01000000,5.03300000,1838287.30900000,9421856.45883900,37404,855017.45800000,4384017.81942900
2020-11-12,5.03000000,5.30300000,4.93100000,5.03000000,3097396.75800000,15924958.26963300,47095,1521167.48500000,7829407.87056700
2020-11-13,5.02900000,5.26000000,5.01500000,5.21300000,1359622.17500000,7025807.58128000,23143,692809.83700000,3582744.52584100
2020-11-14,5.21500000,5.23700000,4.98700000,5.04500000,1461553.56500000,7426049.30514600,23588,746464.75400000,3789093.51466000
2020-11-15,5.04400000,5.12000000,4.85600000,4.97900000,1298343.15000000,6505957.11910500,22270,663841.70800000,3329334.22868500
2020-11-16,4.97100000,5.18200000,4.92700000,5.08400000,1579654.81300000,8024546.37673400,20378,784820.67200000,3983441.33372800
2020-11-17,5.07900000,5.37000000,5.06600000,5.28500000,2413275.58700000,12589979.68900500,34409,1107640.08800000,5781946.83973700
2020-11-18,5.28400000,5.32200000,4.90900000,5.10500000,2543163.64400000,13012122.32325000,35415,1293353.88900000,6620943.24132700
2020-11-19,5.11000000,5.22100000,4.98500000,5.09700000,1336015.88300000,6824893.40900800,19122,689540.72300000,3521537.44103400
2020-11-20,5.09800000,5.45800000,5.07600000,5.26800000,3035769.71000000,16088941.52752000,37809,1503874.37500000,7971261.60685000
2020-11-21,5.26900000,5.94800000,5.26200000,5.92200000,4453353.87900000,24970140.44647600,64507,2100650.98100000,11785098.83336100
2020-11-22,5.92300000,5.97700000,5.24000000,5.48100000,2994332.91900000,16699173.49197400,47626,1527309.55500000,8521621.25307400
2020-11-23,5.48600000,5.91700000,5.38000000,5.81100000,3488084.83100000,19861401.48415700,48067,1804509.85400000,10288766.53895600
2020-11-24,5.81200000,6.40500000,5.65700000,5.96600000,6600917.01500000,39766068.49702700,103003,3316627.76700000,20007074.51889500
2020-11-25,5.96600000,6.47000000,5.68000000,5.90400000,6640532.48300000,41222930.18781400,101021,3278684.11400000,20385604.04663900
2020-11-26,5.90200000,6.33100000,5.00000000,5.33000000,9067599.82300000,50474141.15942600,141968,4442833.93400000,24732300.56724200
2020-11-27,5.33000000,5.44600000,5.08300000,5.36800000,2185074.87300000,11499769.18681200,35114,1043765.59500000,5490783.78264200
2020-11-28,5.36300000,5.54400000,5.22600000,5.43000000,1371677.40100000,7424301.50121300,20688,665476.93700000,3600203.39806400
2020-11-29,5.43800000,5.54400000,5.31200000,5.42900000,1366959.74100000,7411520.34448800,18899,653391.45000000,3543280.79576000
2020-11-30,5.43100000,5.68000000,5.34000000,5.57100000,2441588.22100000,13479615.90045500,32527,1178903.46900000,6510363.30930500
2020-12-01,5.56800000,5.71000000,5.10000000,5.25600000,3229622.36700000,17497945.43840300,50858,1567269.27000000,8475801.30646800
2020-12-02,5.25600000,5.54700000,5.19800000,5.51000000,1513509.19900000,8149764.91948200,22844,732335.22600000,3943497.01645300
2020-12-03,5.50500000,5.64500000,5.36500000,5.50000000,1555469.09600000,8545289.54828800,20990,711605.27200000,3910180.07168600
2020-12-04,5.50000000,5.53600000,5.00000000,5.04900000,1758854.16300000,9371727.53147300,26416,865377.75800000,4623608.93404900
2020-12-05,5.04600000,5.30000000,4.96600000,5.26100000,1268760.52200000,6512621.13527000,17670,633849.30300000,3257340.85052800
2020-12-06,5.26200000,5.28700000,5.08000000,5.21300000,765820.61300000,3963808.17567000,9953,413967.26100000,2142735.84059900
2020-12-07,5.21400000,5.22800000,5.07500000,5.10000000,539260.75700000,2781243.99765300,7884,249043.05900000,1284681.88972900
2020-12-08,5.10000000,5.13700000,4.63600000,4.73800000,1249935.18300000,6147567.53830700,17977,627454.15300000,3093368.24171000
2020-12-09,4.73500000,4.87900000,4.56200000,4.80400000,1601129.33200000,7600803.20122200,20499,901932.78900000,4288411.67897700
2020-12-10,4.80300000,4.82200000,4.65000000,4.65500000,969916.66400000,4592080.87944900,12335,496886.14900000,2349727.86072600
2020-12-11,4.65700000,4.86300000,4.48200000,4.70700000,1870924.22100000,8770125.90772700,25709,1011962.33200000,4749104.37970900
2020-12-12,4.71000000,5.11800000,4.69800000,5.06000000,1561574.82700000,7700051.99155400,21690,792219.32600000,3906185.17455600
2020-12-13,5.06000000,5.36900000,5.05100000,5.19500000,2200149.24200000,11524567.50442700,27993,1097958.67300000,5751990.25281500
2020-12-14,5.19800000,5.33000000,5.03200000,5.22700000,1607324.89400000,8287122.76428300,19316,786966.11400000,4058359.07214500
2020-12-15,5.22900000,5.36100000,5.05600000,5.29100000,1420975.42600000,7427815.34467900,18100,684307.22200000,3576118.01360100
2020-12-16,5.29100000,5.50500000,5.15000000,5.49400000,3269784.06900000,17642508.69969000,36804,1660383.84000000,8961224.79432100
2020-12-17,5.48700000,5.73000000,5.26500000,5.35400000,2726673.90500000,15023399.93304500,39006,1267886.06600000,6984272.07793500
2020-12-18,5.35400000,5.45000000,5.18700000,5.32900000,1477854.83900000,7877154.33966100,19001,757307.81600000,4034249.53855500
2020-12-19,5.33000000,5.43900000,5.25000000,5.28900000,1617579.59900000,8646367.95722200,19945,884465.19400000,4727822.24415600
2020-12-20,5.28600000,5.36000000,4.90100000,5.03600000,2014721.92600000,10389509.65121600,28690,1021026.54400000,5263789.63235100
2020-12-21,5.03100000,5.15700000,4.79300000,5.03100000,1325974.26900000,6613632.55208800,21558,628781.02800000,3140070.46070700
2020-12-22,5.03000000,5.10300000,4.72500000,4.94300000,1397845.86600000,6890901.77348500,20706,679288.50700000,3352146.59131300
2020-12-23,4.94400000,4.99700000,4.20000000,4.39500000,2614969.20300000,12112752.96111400,38259,1318851.77600000,6095308.98545300
2020-12-24,4.39500000,4.99900000,4.22400000,4.95900000,2068214.00600000,9579559.58981100,30028,1004016.36000000,4641181.21581400
2020-12-25,4.96100000,5.05300000,4.74500000,4.90900000,1364368.66300000,6683987.42824500,23040,663222.00200000,3248749.31662800
2020-12-26,4.90800000,4.96700000,4.73100000,4.81000000,1262506.13500000,6127328.69480100,17897,628097.19100000,3050026.81655300
2020-12-27,4.81100000,5.02400000,4.57100000,4.84200000,2404495.90700000,11626809.23243600,33482,1243183.46900000,6010033.49817900
2020-12-28,4.84300000,5.61000000,4.79100000,5.39100000,3967006.05700000,20764999.20914800,51005,1690618.53500000,8808427.48608900
2020-12-29,5.38700000,5.69000000,5.03400000,5.62200000,4829608.50400000,25850003.25701000,61712,2173480.93800000,11661418.06042000
2020-12-30,5.62400000,5.84000000,5.39100000,5.42400000,3895574.75000000,21765999.77923200,50510,1758561.47000000,9826493.99257000
2020-12-31,5.42400000,6.49500000,5.24000000,6.46500000,5306477.46700000,31279336.15780100,84261,2642163.01400000,15591005.68817400
2021-01-01,6.46800000,6.50000000,5.58800000,5.86100000,6358513.64000000,38204292.91394800,81983,3586396.28100000,21575977.78084000
2021-01-02,5.85900000,5.88100000,5.18000000,5.42000000,8825384.81800000,48552820.66699400,91277,4967127.22400000,27282579.21123900
2021-01-03,5.41600000,5.91100000,5.27900000,5.82900000,4949867.18300000,27686117.96093200,67491,2453618.52900000,13717015.65837800
2021-01-04,5.83100000,6.26900000,5.25900000,6.04400000,6927475.07800000,40470542.80112700,108945,3070730.16500000,17947939.21661100
2021-01-05,6.04400000,6.38300000,5.64000000,6.19600000,5022610.98400000,30410544.07483700,81230,2620910.43300000,15861374.22402500
2021-01-06,6.20100000,6.95400000,5.86000000,6.68200000,6774124.33100000,43339788.27743500,107782,3494335.60700000,22337444.12600300
2021-01-07,6.68900000,6.84300000,6.00000000,6.26400000,5038404.63200000,32799227.81883900,98092,2541852.54800000,16564399.50885100
2021-01-08,6.26600000,6.34300000,5.66000000,5.93100000,5120149.69100000,30622178.76807300,83615,2658410.72600000,15894466.20016100
2021-01-09,5.92900000,6.74800000,5.81100000,6.54000000,5824097.92400000,37304160.20640300,92471,2921324.80000000,18716148.78212700
2021-01-10,6.54400000,7.14200000,5.97200000,6.40900000,7826922.19200000,51560901.72404000,131576,4047090.08800000,26647250.76741100
2021-01-11,6.41100000,6.45300000,5.00000000,5.72600000,8444310.08100000,47074484.17701600,134418,4358505.57200000,24305144.83898300
2021-01-12,5.71700000,6.15000000,5.50000000,5.71100000,4231481.07400000,24584169.64261700,66539,1998782.57600000,11600034.00273200
2021-01-13,5.71100000,6.26000000,5.54300000,6.24200000,2968674.68900000,17719513.11262800,49306,1609262.21000000,9601089.45880700
2021-01-14,6.24300000,6.59000000,6.13700000,6.47600000,5545983.06300000,35342337.04664500,67422,3153015.22200000,20106011.15735100
2021-01-15,6.48200000,8.50000000,6.44900000,7.89600000,21196989.98200000,162961724.70397600,342310,10851347.66700000,83494890.19527500
2021-01-16,7.88800000,9.60000000,7.53700000,9.03000000,14794069.54600000,127455081.48105900,271727,7472500.07300000,64422489.15636400
2021-01-17,9.03200000,9.20200000,8.00900000,8.54400000,7624184.56400000,64944799.08557000,141437,3927763.57600000,33438201.96657400
2021-01-18,8.54500000,9.86600000,8.48700000,9.53900000,9182788.84600000,84017536.21815700,174757,4286044.64200000,39233384.09975700
2021-01-19,9.54600000,10.20000000,8.82600000,8.89100000,5433238.13600000,51350824.90987500,106770,2779947.00500000,26259570.01936200
2021-01-20,8.90000000,9.47900000,7.95000000,8.90900000,6129562.75400000,52918880.66789300,121222,2988512.23600000,25796957.22345200
2021-01-21,8.90300000,8.96000000,7.03500000,7.17700000,5782656.95100000,46079275.38495000,115205,2770686.81100000,22109965.93693400
2021-01-22,7.17800000,8.46400000,6.60300000,7.98500000,5929008.69800000,45204843.40692700,116234,2832469.14200000,21629718.21981600
2021-01-23,7.98300000,8.68000000,7.84900000,8.32900000,4169853.01600000,34711872.59234700,81759,2036262.13900000,16948263.25599500
2021-01-24,8.33800000,8.79200000,7.70000000,8.24000000,4075946.97400000,33823054.12426900,74255,2064426.45100000,17128025.00829500
2021-01-25,8.24600000,8.55000000,7.66900000,7.73800000,3481469.67000000,28496369.31104300,63579,1763688.59200000,14438503.30044000
2021-01-26,7.74000000,7.96000000,7.36600000,7.73200000,2865384.98600000,22020054.49215900,53388,1280784.06500000,9839393.67196500
2021-01-27,7.72600000,7.97000000,6.76300000,6.95300000,5157639.11800000,37305544.93783300,87132,2382267.03200000,17243436.23658000
2021-01-28,6.96000000,8.55000000,6.80400000,8.04100000,7824119.58200000,61801982.70775600,135517,3827358.34400000,30293541.44256700
2021-01-29,8.04400000,8.54200000,7.67800000,7.97500000,4995228.54500000,40048154.31542900,100961,2429780.69800000,19496975.02617000
2021-01-30,7.97800000,8.30800000,7.75400000,8.04800000,2714072.10800000,21824796.52118800,57328,1301264.91200000,10462573.90166100
2021-01-31,8.05200000,8.90000000,7.69100000,8.14500000,5688232.39500000,47018208.68210500,109936,2612313.43600000,21658464.78504500
2021-02-01,8.14500000,9.29600000,7.82800000,9.29000000,5908698.59900000,50394383.16560200,119131,2824498.51800000,24066986.51051200
2021-02-02,9.29000000,9.34000000,8.70000000,8.89300000,3897416.89000000,34991132.01608300,77568,1857236.98300000,16678064.66093000
2021-02-03,8.89300000,9.41900000,8.75000000,9.30300000,4436227.48600000,40096984.73724900,85574,1983209.06900000,17933543.45014100
2021-02-04,9.30300000,9.50000000,8.63600000,9.15200000,3885308.14400000,35358362.76781200,80676,1831552.84200000,16660471.05370800
2021-02-05,9.15800000,12.87800000,9.01000000,12.19000000,11798935.87000000,130919506.19286000,239652,6103494.41200000,67611917.60266300
2021-02-06,12.19100000,13.70000000,11.26500000,12.08700000,9331824.84800000,113829098.27764900,231695,4611978.96100000,56322204.45962800
2021-02-07,12.08700000,14.12600000,11.39400000,13.84100000,10002469.74200000,129137173.76337500,234260,4876433.03600000,62940669.23198900
2021-02-08,13.82200000,15.01000000,13.23300000,14.16900000,8350155.34700000,119148242.24889500,199115,4251093.63200000,60714029.62409700
2021-02-09,14.16900000,15.48300000,13.79200000,15.05700000,5191355.30800000,75684002.77597700,152138,2729295.96800000,39780463.17917500
2021-02-10,15.05200000,15.58000000,13.55000000,14.96500000,5850558.98500000,86015218.69052900,161600,3018261.64200000,44409544.64590200
2021-02-11,14.97000000,18.47600000,14.77500000,17.65200000,7631682.56800000,127985224.64587600,205925,3957938.66800000,66418204.49389300
2021-02-12,17.63000000,22.15700000,17.27000000,21.07600000,10531076.95500000,212895795.36885800,302864,5536654.79800000,111857311.34838000
2021-02-13,21.07100000,22.05800000,19.10100000,20.24800000,5139992.02900000,105175575.56821100,171583,2713211.54300000,55566451.21967600
2021-02-14,20.24400000,20.69700000,18.46600000,19.08400000,3417639.72100000,67195421.30867000,114379,1751114.61900000,34466627.34462700
2021-02-15,19.11700000,24.97800000,14.81600000,22.48900000,11993255.48900000,249126519.39283200,395763,5974778.08700000,124397792.41007700
2021-02-16,22.51100000,26.55000000,22.20000000,25.06700000,11617759.86800000,288268788.89669800,383670,5799496.65500000,143888970.33072100
2021-02-17,25.09600000,25.85000000,22.47900000,23.83000000,7249730.22600000,173617430.74070500,245306,3693660.65000000,88523297.84720800
2021-02-18,23.83000000,25.13300000,22.78500000,23.09200000,4452399.81400000,106301212.32806600,170365,2196376.63000000,52468331.03894500
2021-02-19,23.08700000,23.55000000,21.50200000,22.89800000,3335648.14700000,75323208.36878000,135174,1649243.48900000,37277545.09112400
2021-02-20,22.89800000,24.49800000,20.43900000,21.64800000,4723070.28800000,109944639.41078200,186653,2342111.56500000,54558988.29450100
2021-02-21,21.63200000,22.65600000,20.69900000,21.56900000,4717961.38400000,101619189.73413600,150620,2638136.83900000,56670020.32587100
2021-02-22,21.57300000,21.67800000,16.62400000,21.15200000,6198930.09300000,121984524.51287800,208166,3012389.78800000,59316868.58077900
2021-02-23,21.11000000,23.40000000,15.10000000,20.08000000,11510910.38800000,224609943.80934500,333299,5741376.41400000,112103723.92071100
2021-02-24,20.08000000,21.39000000,18.65500000,19.42000000,4706945.90200000,94510652.08930300,154997,2479620.42000000,49803952.57215100
2021-02-25,19.44100000,20.66700000,17.55000000,17.68600000,4192660.74000000,80218745.02031500,124982,2054593.24800000,39347384.99431200
2021-02-26,17.77500000,18.95900000,16.05100000,18.86000000,5283512.50000000,93016961.20942600,144450,2586903.49300000,45485375.84714700
2021-02-27,18.85200000,20.97300000,18.61600000,19.12100000,4394853.31700000,86552629.19024500,142239,2257195.81400000,44474921.33734000
2021-02-28,19.14100000,19.24000000,16.44800000,17.64900000,3437709.60000000,60495657.47238300,117007,1624703.32400000,28591274.17295300
2021-03-01,17.63200000,18.85600000,17.49700000,18.70100000,2760782.85900000,50423586.89370500,90537,1393513.42000000,25458379.74422700
2021-03-02,18.68200000,20.51600000,17.98900000,18.85100000,4702324.77100000,91423276.84427800,147820,2318194.04200000,45100039.67255200
2021-03-03,18.83700000,22.00000000,18.49900000,21.43100000,5083660.54000000,102356397.60457000,164949,2544468.92600000,51343888.79816100
2021-03-04,21.43100000,21.84500000,18.13600000,18.85500000,5225998.34600000,105259872.83113800,176095,2593068.13500000,52238866.23405400
2021-03-05,18.85500000,19.50000000,17.72500000,18.67100000,3100659.91200000,58003035.53407100,104106,1518127.88700000,28454031.18430800
2021-03-06,18.66500000,19.06900000,18.21100000,18.91000000,1581719.95700000,29663395.66572400,53583,788225.20600000,14780462.27303900
2021-03-07,18.91000000,19.49500000,18.58000000,19.45800000,1704303.27200000,32565265.55285600,60096,828742.03100000,15839938.87412200
2021-03-08,19.47100000,19.85300000,18.56500000,19.39200000,2126841.66300000,40672020.11475100,71055,1107574.58100000,21185586.48623700
2021-03-09,19.38000000,21.20000000,19.01600000,21.10700000,3501908.88700000,70492564.67194700,125556,1825517.98700000,36767930.15604700
2021-03-10,21.10000000,21.37800000,19.08800000,19.61000000,3124839.25500000,62698223.24136400,114667,1523512.75100000,30583877.36155900
2021-03-11,19.61000000,19.74700000,18.60000000,19.33300000,1886132.71000000,36338631.05710700,70676,903058.75900000,17407450.06806600
2021-03-12,19.33300000,19.49600000,17.68000000,18.55200000,2278852.54800000,42477202.60704500,82059,1102638.38100000,20573885.23600800
2021-03-13,18.54900000,19.86100000,17.82800000,19.36300000,2273913.36100000,43394400.93241600,84347,1144701.51700000,21850781.04290600
2021-03-14,19.36800000,19.53100000,18.41800000,18.44400000,1618064.77700000,30642512.33134900,60505,753676.66300000,14280780.17927100
2021-03-15,18.44300000,21.10000000,17.90100000,19.83800000,4941682.31800000,96570080.24252000,174249,2520416.89800000,49296241.75858400
2021-03-16,19.83900000,22.10200000,18.68900000,21.00800000,5013444.23900000,102831631.68557800,186641,2447283.64000000,50229107.38131700
2021-03-17,21.01400000,21.67400000,19.55000000,20.89600000,3501413.85700000,71996004.08692000,135649,1847809.96500000,38040655.09289800
2021-03-18,20.90000000,24.52300000,20.52400000,22.10600000,7231433.00000000,164452048.62607400,270750,3602221.54300000,81825685.45851400
2021-03-19,22.10800000,23.18500000,21.50000000,22.19000000,3678794.89900000,82514121.17615000,124720,1815970.10200000,40744349.98537900
2021-03-20,22.18600000,22.72600000,20.71600000,20.91500000,1897841.59500000,41908958.39123800,80369,943820.72700000,20853441.01672200
2021-03-21,20.91100000,21.25800000,19.92400000,20.52000000,1997519.74800000,41228307.88763000,78852,959100.50000000,19802788.09914900
2021-03-22,20.50800000,21.16600000,18.88800000,19.17900000,2450994.08300000,49450517.41686200,99282,1212854.07600000,24482101.40243700
2021-03-23,19.19800000,19.86300000,18.67900000,18.72400000,1844435.11400000,35582617.94574500,70972,927476.99300000,17895489.33763800
2021-03-24,18.70800000,19.79000000,16.44400000,17.42400000,2856121.35700000,53186913.90114200,102115,1401766.39900000,26148828.81639200
2021-03-25,17.42300000,18.01900000,16.62900000,17.10000000,2646905.57900000,45863279.58792200,85352,1391157.55200000,24103384.21454300
2021-03-26,17.09500000,18.99000000,17.05900000,18.94000000,1948543.94600000,35312699.46843600,72891,967042.41300000,17505446.95680700
2021-03-27,18.92900000,19.21100000,18.01400000,18.70400000,1428525.97400000,26649606.72865500,58790,690572.52100000,12888319.91234600
2021-03-28,18.70600000,20.00000000,18.41900000,19.33100000,2040178.70100000,39226283.12824400,83122,963412.69700000,18531597.62180500
2021-03-29,19.32900000,20.98900000,19.06000000,20.27300000,2862825.71900000,57403306.37899600,111423,1532983.63700000,30721260.48263300
2021-03-30,20.27000000,20.69100000,19.47100000,19.96800000,2133154.25900000,42747843.61303000,80970,1076888.16500000,21586208.06480600
2021-03-31,19.96800000,20.08800000,18.16800000,19.08100000,2780289.21900000,53137679.17694000,104602,1376991.30500000,26341902.49503800
2021-04-01,19.08100000,20.20000000,18.90200000,19.47300000,2557080.38900000,49444587.38423500,92273,1442010.01600000,27883027.13062500
2021-04-02,19.48200000,20.42200000,19.13400000,20.31500000,2149364.98400000,42513126.79863400,89820,1083424.97500000,21424811.28221200
2021-04-03,20.31200000,22.56400000,19.84300000,20.03300000,6902501.96100000,148125502.12646000,236757,3672067.82500000,79048887.41084800
2021-04-04,20.03400000,21.93300000,19.53500000,21.52500000,3141300.17300000,65299169.35594100,121977,1574052.73700000,32698783.55551100
2021-04-05,21.53000000,22.22000000,20.00000000,21.43100000,3326701.62200000,70641424.41858000,144239,1712608.00400000,36405530.73238900
2021-04-06,21.45000000,23.21100000,21.03800000,21.65600000,4716570.33100000,103712809.34621400,212410,2410996.92900000,53019296.48552000
2021-04-07,21.64300000,22.10000000,18.65100000,19.55800000,4977703.34100000,101196138.75941900,215082,2360394.68100000,48013312.53504300
2021-04-08,19.56600000,20.63900000,19.47200000,20.54300000,2374446.44000000,47887590.19130300,95585,1292659.54600000,26087924.85410500
2021-04-09,20.54300000,21.53900000,20.48600000,21.39300000,2358215.44000000,49614669.93216200,108037,1171839.83900000,24652019.00979500
2021-04-10,21.39600000,22.66600000,20.55100000,21.02500000,3770878.77000000,82166123.01046300,165427,1869648.59200000,40723416.04985300
2021-04-11,21.00600000,23.50000000,20.73400000,23.36500000,3149692.24500000,68577900.95784900,147952,1615392.87600000,35233346.27157200
2021-04-12,23.37200000,23.78500000,21.22200000,22.01200000,4561710.86100000,103167479.53305700,212224,2210580.00500000,50024122.44241000
2021-04-13,22.00200000,24.89900000,21.33300000,23.82900000,5066787.46600000,117690492.19659800,248494,2538194.17800000,58996656.41625400
2021-04-14,23.82200000,27.13800000,22.77700000,27.06800000,8374149.50400000,205765224.78572600,392758,4398743.81900000,108235071.17453400
2021-04-15,27.07800000,28.53000000,25.93900000,27.78600000,6595956.72000000,178739276.12242700,340893,3372023.97100000,91438244.91316900
2021-04-16,27.79900000,28.17200000,24.02800000,25.46000000,5006504.13100000,129330609.76362200,240108,2452721.41100000,63377261.96658200
2021-04-17,25.46000000,27.50500000,24.28200000,24.34200000,3883290.27400000,100796932.89973000,218223,1955045.62600000,50716988.58456000
2021-04-18,24.32000000,24.84900000,17.10000000,21.40300000,7560554.18400000,158817923.98761500,374578,3724367.91300000,78454654.44468300
2021-04-19,21.38800000,22.24800000,18.84100000,19.19900000,4797811.06200000,98704015.06113800,228418,2334101.59000000,48129500.15660000
2021-04-20,19.19600000,21.60000000,17.64400000,21.25400000,5530702.47600000,108172046.89199800,264082,2764949.77800000,54120495.81776400
2021-04-21,21.25100000,21.50000000,19.34700000,19.55100000,3958949.46600000,80915478.48210000,193491,1967526.78500000,40241818.47448600
2021-04-22,19.57000000,21.56000000,18.50000000,18.72500000,4796116.93000000,95920974.18995100,222780,2333382.93500000,46686237.90375700
2021-04-23,18.72500000,20.55000000,16.56000000,20.51500000,6581721.24300000,120679034.45652400,303499,3192578.95600000,58592821.93238300
2021-04-24,20.49700000,20.54900000,18.30400000,18.45800000,2545421.46700000,48918690.78496000,121538,1226847.59500000,23576189.92187500
2021-04-25,18.46200000,19.80000000,17.60100000,18.68700000,2283076.80100000,42824834.37269900,99220,1107011.16100000,20777112.11083700
2021-04-26,18.69000000,23.50000000,18.47700000,22.05800000,4310853.39700000,91346049.68480600,210733,2202873.81600000,46673870.63020200
2021-04-27,22.07900000,23.43800000,21.24400000,23.03800000,3075761.73300000,69394305.34937200,158580,1499034.86300000,33822703.13229600
2021-04-28,23.05800000,24.16300000,21.78500000,22.92700000,3548729.48000000,81401566.31421900,158869,1701239.27000000,39047815.68754800
2021-04-29,22.92900000,23.02100000,21.12900000,22.22200000,2771407.79400000,61462826.16392300,114888,1375479.70700000,30512548.41164200
2021-04-30,22.22200000,23.46800000,21.68400000,22.70400000,2758486.24700000,62961167.99919000,122182,1357602.40400000,30979570.34329400
2021-05-01,22.70000000,24.48800000,22.43200000,23.80100000,3120143.31000000,73520812.94324000,160628,1650525.34200000,38906172.22027200
2021-05-02,23.79800000,23.93600000,22.15500000,23.08800000,2276512.06400000,52345187.23765200,108561,1080515.51700000,24843207.73871700
2021-05-03,23.08600000,23.78700000,22.41400000,22.93800000,2302562.39500000,53365845.01380000,103380,1179812.69200000,27341310.97619100
2021-05-04,22.96700000,23.40000000,20.80900000,20.96300000,3649407.58200000,80637916.90382600,167137,1836750.00500000,40605365.60093400
2021-05-05,20.97500000,24.88100000,20.58200000,24.87700000,3992867.76900000,91542179.53577900,184301,2052350.13500000,47080983.18632800
2021-05-06,24.87600000,27.11900000,24.09100000,25.54200000,6880841.62500000,175986601.03411600,351453,3588819.00700000,91901203.64642300
2021-05-07,25.53300000,32.32400000,24.99900000,28.64100000,12153118.69200000,347255147.81688600,602676,6148982.08700000,175625939.40272300
2021-05-08,28.65100000,31.45200000,26.87100000,29.52400000,6832430.56200000,197189103.81147900,354006,3315967.75400000,95787213.78026500
2021-05-09,29.49300000,29.99000000,26.10000000,28.71200000,4651058.50200000,129817443.83712600,252756,2358626.95500000,65906116.40812600
2021-05-10,28.71200000,29.90000000,23.60000000,25.35700000,5304505.16600000,143977622.34130100,276423,2556907.74000000,69412624.87797500
2021-05-11,25.35700000,27.06500000,23.83400000,26.90200000,3648487.69700000,92547820.71818600,172641,1889845.04500000,47963518.73628200
2021-05-12,26.89800000,27.77800000,22.30000000,23.01200000,4686306.76100000,121651828.98531300,235530,2355787.59500000,61203038.11899700
2021-05-13,22.94700000,25.30500000,21.81400000,23.49400000,4650901.43800000,109232799.36001900,229911,2294354.66500000,53909552.36320700
2021-05-14,23.49400000,25.87200000,23.40200000,25.85600000,2573798.36700000,63206119.81343400,148889,1251481.49100000,30752415.66154700
2021-05-15,25.86000000,28.74900000,24.33700000,24.49500000,7364754.85900000,197633618.74702400,406886,3725788.23400000,100035465.68471400
2021-05-16,24.49500000,26.75000000,22.63100000,24.26400000,3652274.28800000,90559676.33787100,193461,1868689.15100000,46421923.84594400
2021-05-17,24.24900000,24.26400000,20.64800000,21.09100000,4203544.09600000,94182402.30584600,207893,2131349.49100000,47723858.07875200
2021-05-18,21.07200000,23.41600000,20.80000000,22.84000000,3742855.94800000,83453390.89448200,180856,1893134.44300000,42198468.36875400
2021-05-19,22.84000000,23.50000000,9.55100000,13.75700000,12337466.09300000,200060887.59348300,472534,5914997.41600000,96301783.50885500
2021-05-20,13.79500000,17.36300000,12.13300000,16.91600000,7632586.62100000,116141338.45249100,267939,3746945.97000000,57243331.96350500
2021-05-21,16.91800000,17.56100000,11.35300000,13.57200000,7099077.19600000,102363360.54035300,244235,3469061.97700000,50061298.22038700
2021-05-22,13.57000000,13.69900000,11.35400000,12.23700000,5064275.57400000,63460787.39736000,165727,2507336.14000000,31447144.39887300
2021-05-23,12.24600000,13.09700000,8.51000000,11.64800000,9013012.31500000,95355759.54119700,277129,4380335.42800000,46448222.24961300
2021-05-24,11.64900000,14.58000000,11.05600000,14.54100000,6313675.18600000,80772090.15253300,209721,3272960.57100000,41852992.87044900
2021-05-25,14.54100000,14.95000000,12.35700000,13.93400000,5195073.90300000,70800258.64155400,192383,2650134.03900000,36150459.76780200
2021-05-26,13.91600000,15.66700000,13.60000000,15.27800000,3954342.67900000,58313892.10956400,159614,2008336.65000000,29641520.64367600
2021-05-27,15.27700000,15.31500000,13.54300000,14.52500000,2763054.13000000,39954672.77337900,106097,1401268.95300000,20266437.78220300
2021-05-28,14.53600000,14.62700000,11.97900000,12.70100000,3520379.26300000,45667088.36495200,124544,1701386.99000000,22074691.49399100
2021-05-29,12.70200000,14.40500000,11.38000000,12.05900000,3206676.69100000,41145613.68135600,118923,1577340.06300000,20269024.30197600
2021-05-30,12.06400000,13.12400000,11.26400000,12.55100000,1903649.57800000,23737884.95982500,74637,951061.36100000,11864302.27831500
2021-05-31,12.54800000,14.00000000,11.89000000,13.96200000,2331698.68200000,30535904.77530700,97338,1218342.84200000,15954884.09251200
2021-06-01,13.94700000,14.53200000,13.31000000,13.75700000,2095119.60500000,29029612.27979500,81032,1042737.31300000,14454791.64666700
2021-06-02,13.74400000,15.33800000,13.58200000,14.86000000,2468156.55400000,35973167.41934100,94807,1236669.83600000,18015386.15988500
2021-06-03,14.87300000,17.20000000,14.65100000,16.66500000,3679544.75200000,59765931.84025100,162485,1871384.83600000,30393907.74195600
2021-06-04,16.66700000,17.11000000,14.01400000,15.06700000,3172651.88700000,48315446.82009900,115482,1551686.98800000,23601152.05557600
2021-06-05,15.07100000,16.34300000,14.23300000,14.85800000,2399738.81300000,36839548.67555300,96818,1176925.14900000,18079723.31448200
2021-06-06,14.85100000,15.41400000,14.47200000,15.12500000,1227547.95100000,18327672.97619200,50879,627348.56600000,9368780.15341300
2021-06-07,15.13100000,15.78000000,13.27500000,13.46000000,2055342.95100000,30514359.48198400,84142,989741.18200000,14721120.01220900
2021-06-08,13.46000000,13.80400000,12.01500000,13.56000000,3066134.72200000,39931034.35410300,106530,1497220.40900000,19489244.45779100
2021-06-09,13.57300000,14.00500000,12.60300000,13.93200000,2542304.68200000,34256481.94619200,102006,1252933.33000000,16876701.11897100
2021-06-10,13.94000000,14.05500000,12.55900000,12.82900000,2364548.24700000,31471795.87192800,87117,1201950.96300000,16014479.28139200
2021-06-11,12.83300000,12.95300000,11.55700000,11.95000000,1957376.41800000,24312733.52072800,82988,982642.00800000,12213182.87629600
2021-06-12,11.94100000,12.05700000,10.91400000,11.61600000,1753079.41800000,20127838.68848600,74320,849878.17400000,9764713.08368500
2021-06-13,11.62500000,12.53400000,11.28800000,12.53000000,1668229.28100000,19793493.59533100,62597,835680.52400000,9922041.90113400
2021-06-14,12.53100000,13.39000000,12.21600000,13.30100000,1834397.84700000,23361133.37769100,76919,890937.27200000,11351172.63872300
2021-06-15,13.31500000,13.57500000,12.64100000,12.95100000,1505914.74100000,19772077.58285000,63806,750877.59800000,9857935.27381400
2021-06-16,12.95100000,13.47700000,12.31300000,13.42500000,1932702.64600000,24871110.49162500,80805,946592.41000000,12198350.01756900
2021-06-17,13.41900000,14.68300000,13.29200000,13.61800000,3732653.49300000,52267470.68698700,145917,1847624.89500000,25881654.96462900
2021-06-18,13.62300000,13.62300000,11.92700000,12.47200000,2237575.35600000,28428442.43669600,72259,1109298.99500000,14105607.03353700
2021-06-19,12.46000000,12.72100000,11.80900000,11.85000000,1311810.65200000,16190188.35414400,43221,668349.82100000,8255183.43713800
2021-06-20,11.85400000,12.47700000,11.04000000,11.97700000,2215875.59800000,26118098.97518400,66570,1119396.26300000,13196334.40796900
2021-06-21,11.98300000,12.10900000,9.47300000,9.51900000,4060092.91700000,42846562.36124100,114103,2000171.39900000,21169715.29633500
2021-06-22,9.51700000,10.57000000,7.83000000,9.00200000,6291115.05700000,57254466.29794200,150413,3143292.82500000,28652782.50094600
2021-06-23,8.99200000,10.48900000,8.56500000,9.61300000,3272473.73900000,31988385.93774000,92953,1659424.15700000,16210474.73778200
2021-06-24,9.60500000,10.71300000,9.01000000,10.38600000,2896156.00600000,28566288.46602700,73211,1437770.73000000,14177718.53881200
2021-06-25,10.38600000,10.70300000,8.85000000,9.06600000,3817236.09100000,36933298.15875700,94983,1815121.98200000,17503609.42167500
2021-06-26,9.06600000,9.60000000,8.64700000,9.59600000,2216941.42000000,20089078.09864300,58739,1133534.28800000,10272997.69898100
2021-06-27,9.59000000,10.08700000,9.41700000,10.08700000,2119873.71400000,20552438.84151400,59971,1039846.87600000,10085208.37037700
2021-06-28,10.08000000,10.90000000,9.91700000,10.89000000,1884182.90900000,19356791.39735500,55010,940971.04400000,9669529.18903600
2021-06-29,10.89900000,12.87500000,10.82500000,11.65000000,4117510.11500000,48770697.58853500,131360,1932472.55500000,22884049.23772700
2021-06-30,11.63800000,12.05200000,11.03400000,12.04500000,2470921.74900000,28639567.73861700,68252,1221758.18800000,14167545.63745300
2021-07-01,12.04500000,12.07800000,10.71300000,11.03300000,1862697.84900000,20969951.40440000,52006,950231.19600000,10700484.84219300
2021-07-02,11.03600000,11.81000000,10.52200000,11.79500000,2147051.23800000,23851097.25299500,61733,1059911.67700000,11781168.78633100
2021-07-03,11.79500000,12.20000000,11.52600000,11.80000000,1803444.07600000,21395816.14514200,55839,866315.14500000,10277630.86736600
2021-07-04,11.80400000,12.45200000,11.51500000,12.30700000,1476353.21500000,17997394.06201000,48496,698661.35200000,8514855.85120100
2021-07-05,12.31200000,13.96600000,11.92700000,13.53100000,5547395.97500000,72157032.96916700,167853,2648559.56100000,34463762.55763900
2021-07-06,13.54100000,14.04900000,12.81200000,13.13600000,2631196.47600000,35106475.37255400,84076,1279506.22200000,17105148.37206600
2021-07-07,13.14300000,13.51000000,12.82000000,12.93900000,1637466.77000000,21632263.22052400,57513,772100.64800000,10201220.58479400
2021-07-08,12.94500000,12.97400000,11.66100000,11.91600000,2076085.47700000,25246723.73556000,62350,981205.37100000,11934020.72872500
2021-07-09,11.92000000,13.69900000,11.41100000,13.18100000,4075187.05300000,51903229.50054200,122084,1930180.49500000,24628669.44197100
2021-07-10,13.18300000,14.54100000,12.95800000,14.42500000,3111063.54600000,42375642.83066800,111882,1477440.98500000,20133269.43873900
2021-07-11,14.42900000,14.80000000,13.87100000,14.07700000,2766943.33800000,39796684.77659900,96694,1299784.62100000,18705405.67708100
2021-07-12,14.07800000,14.12900000,12.75200000,12.98100000,2138171.78700000,28804061.03471200,65475,1058155.16200000,14261212.39083400
2021-07-13,12.98200000,13.72900000,11.80700000,12.09200000,3131096.24600000,40001709.24940500,86305,1678692.40800000,21406453.26628600
2021-07-14,12.08700000,12.23100000,11.01900000,11.74700000,3729554.93900000,43454788.35603200,90878,2023408.65200000,23589424.51716900
2021-07-15,11.74900000,12.06500000,10.65300000,11.47400000,2879500.50300000,32360266.78517400,75480,1429741.49600000,16059085.49239900
2021-07-16,11.46800000,13.19000000,10.97600000,11.14900000,7049125.75700000,85246288.76961500,196243,3380161.20600000,40769879.23519700
2021-07-17,11.14900000,11.50800000,10.71300000,11.02200000,4463621.21800000,49496771.98438400,95958,2229382.01000000,24724853.03358000
2021-07-18,11.02000000,11.55700000,10.73700000,10.97200000,2459958.63900000,27407174.22837500,58938,1209601.26100000,13476078.26848700
2021-07-19,10.98100000,11.07000000,9.92300000,9.98000000,2460342.98100000,25486496.01399500,58594,1200516.79000000,12437379.35111900
2021-07-20,9.98400000,10.16600000,8.93000000,9.44300000,3334771.52700000,31444143.50853600,66814,1621874.03500000,15289736.19113300
2021-07-21,9.44900000,10.70100000,9.13500000,10.48100000,3144385.97700000,31818620.69760800,67306,1552631.56200000,15711044.93197900
2021-07-22,10.47600000,11.62000000,10.17800000,11.37700000,3075216.58300000,33719309.85730500,78147,1481032.17800000,16225837.75792300
2021-07-23,11.37800000,11.54900000,10.67700000,11.44200000,2593122.75400000,28936241.47636800,65118,1283835.57900000,14331985.88809600
2021-07-24,11.44900000,11.76700000,11.05900000,11.42600000,2445170.27700000,27927477.83089200,66225,1150766.56700000,13133437.49564000
2021-07-25,11.42800000,11.62100000,10.96700000,11.44600000,1487311.25000000,16771257.43114400,41233,750813.12900000,8465626.03437200
2021-07-26,11.44200000,12.44900000,11.31000000,11.38600000,4237240.53300000,50577995.96706600,120978,2127643.33500000,25391872.88890000
2021-07-27,11.38000000,11.80600000,11.02000000,11.70200000,2540028.78500000,28921935.62120300,72273,1287897.33500000,14670235.88413700
2021-07-28,11.69700000,11.96900000,11.37400000,11.58900000,2338200.37400000,27267658.56955800,62298,1146773.72000000,13374542.02248400
2021-07-29,11.59100000,11.89800000,11.31100000,11.79900000,2331117.27400000,27002178.27318400,59006,1155206.35400000,13379749.82848800
2021-07-30,11.79900000,12.18800000,11.42800000,12.14000000,2536788.40800000,29931745.12543400,74760,1264528.81500000,14904772.77001300
2021-07-31,12.12300000,12.93500000,11.87800000,12.59800000,2699186.75200000,33507888.70629000,86540,1326135.24700000,16470925.73140400
2021-08-01,12.60000000,13.44400000,12.12000000,12.31200000,2910237.41500000,37587289.97529300,93117,1409260.85300000,18204169.39151800
2021-08-02,12.31900000,12.76100000,12.09800000,12.47600000,1609394.97100000,20019220.22230900,47712,800745.31700000,9966568.88623600
2021-08-03,12.47600000,12.65800000,11.73100000,12.12000000,1690276.52400000,20436296.93703700,47672,830586.40900000,10042363.91674600
2021-08-04,12.12800000,12.91600000,11.95500000,12.80800000,1588393.44000000,19788547.73406600,60469,790896.90800000,9860504.65648800
2021-08-05,12.81300000,13.23600000,12.40500000,13.03200000,1861784.29500000,23933541.35110600,65717,887089.66500000,11400811.95663100
2021-08-06,13.03400000,14.03100000,12.72400000,13.58900000,2506091.69300000,33655989.79601500,90205,1247165.81500000,16760570.64524800
2021-08-07,13.60300000,14.35600000,13.44300000,14.00600000,2793759.66100000,38880553.04157900,104993,1329159.93300000,18501244.60374400
2021-08-08,14.01200000,14.24000000,13.01000000,13.13900000,1977499.62700000,27003418.31285300,73287,952721.91200000,13011278.13107100
2021-08-09,13.14000000,14.10000000,12.65300000,13.65100000,2347469.52300000,31756382.04323400,85598,1173342.18700000,15888780.70008200
2021-08-10,13.64500000,14.40000000,13.39800000,14.10500000,2270345.59100000,31671463.16595600,91740,1140573.85700000,15916275.41266300
2021-08-11,14.10100000,15.45600000,14.08600000,14.55800000,3354231.06800000,49990017.03456900,150501,1649890.46300000,24602209.73833300
2021-08-12,14.55200000,15.19600000,13.54700000,14.06000000,2350142.18000000,33548743.68576700,91828,1178947.55500000,16833118.08762200
2021-08-13,14.06300000,15.33900000,13.85900000,15.21200000,2024505.16400000,29886210.81824400,82367,1052603.30300000,15546550.78349100
2021-08-14,15.21000000,15.77400000,14.68600000,15.56000000,2858273.76000000,43562360.50802700,114580,1447580.84600000,22059706.82199900
2021-08-15,15.56000000,15.95500000,14.87400000,15.91000000,2206784.93200000,33984210.98573100,96223,1083217.45800000,16687655.45724900
2021-08-16,15.91200000,16.68800000,15.49000000,15.78400000,3248584.61500000,52156996.98612000,156030,1621827.53000000,26063769.20281400
2021-08-17,15.78600000,17.50000000,15.04900000,16.00300000,5723341.25300000,94450281.74009900,263156,2771192.82100000,45803984.25795700
2021-08-18,16.00700000,18.57500000,14.98500000,17.94800000,6260641.82800000,103599396.07169000,280547,3058710.66700000,50740003.40279400
2021-08-19,17.93200000,20.43500000,17.77300000,18.68800000,10416119.71400000,198407510.45001600,435076,5069954.44100000,96676063.97247500
2021-08-20,18.71000000,20.00000000,18.36200000,18.92800000,4908239.48500000,94605649.26414000,229783,2399487.05000000,46235088.09033800
2021-08-21,18.92300000,23.90000000,18.53100000,22.14000000,10579242.29400000,231724670.26959400,635047,5410314.87300000,118310617.34938100
2021-08-22,22.15200000,24.74300000,20.97200000,21.86200000,6802878.25200000,154083381.51645000,374755,3331751.39600000,75461915.89592700
2021-08-23,21.85000000,23.11100000,21.28200000,21.80800000,4567211.33900000,100800396.73115200,236314,2275317.47200000,50218679.23096700
2021-08-24,21.81100000,22.03600000,19.20000000,19.53800000,4193781.63700000,86501534.58644300,195336,2116390.50100000,43749901.73640700
2021-08-25,19.53800000,20.87500000,18.60300000,20.05600000,3609455.60600000,71024665.36247200,160164,1691101.39000000,33324900.18509700
2021-08-26,20.04800000,20.33000000,17.66600000,17.90000000,2770346.73800000,51633954.58376600,109521,1362015.52800000,25395909.36139100
2021-08-27,17.92000000,20.56000000,17.25000000,20.42000000,3514088.20200000,67169585.89846600,160654,1709646.70800000,32665071.48795100
2021-08-28,20.43000000,21.43000000,19.50000000,21.31000000,3015611.50200000,61534934.88400600,163810,1512140.27900000,30856734.24971600
2021-08-29,21.33000000,22.42000000,20.32000000,21.20000000,3896525.35800000,83708091.74045300,220617,1868023.17800000,40170619.36142300
2021-08-30,21.20000000,23.92000000,19.48000000,22.14000000,5880341.67900000,127274361.04203500,321039,2746013.00700000,59278331.64743500
2021-08-31,22.16000000,26.30000000,21.56000000,22.89000000,11248726.65100000,271832351.10445600,679969,5381151.16100000,130069522.44103600
2021-09-01,22.90000000,25.98000000,22.09000000,25.44000000,7232749.12000000,171862504.98510000,432086,3701891.41000000,87831036.60850000
2021-09-02,25.42000000,25.77000000,23.44000000,24.14000000,3166096.74000000,77208142.63540000,171629,1655950.46000000,40351418.53880000
2021-09-03,24.16000000,24.96000000,23.15000000,24.11000000,3590142.79000000,86673269.96160000,210323,1774902.27000000,42833170.60740000
2021-09-04,24.10000000,25.50000000,23.71000000,24.40000000,2824441.48000000,69043841.24010000,193159,1391369.44000000,34046232.68150000
2021-09-05,24.40000000,26.21000000,23.80000000,25.73000000,3419680.11000000,85192986.39180000,271973,1686661.94000000,42074976.06590000
2021-09-06,25.71000000,27.10000000,23.68000000,25.08000000,4266255.60900000,110052271.21995400,352590,2086691.12200000,53900896.71747400
2021-09-07,25.09000000,27.45000000,17.55000000,21.08000000,8464550.99300000,195225311.90736700,588395,4105282.20200000,94988936.71947700
2021-09-08,21.09000000,21.88000000,18.45000000,20.69000000,4710868.45000000,95846649.78680000,209299,2314574.52000000,47140542.27850000
2021-09-09,20.71000000,28.45000000,20.43000000,26.85000000,13224862.20800000,332573104.74841600,1036276,6857930.91700000,172732107.39676600
2021-09-10,26.82000000,30.48000000,24.56000000,29.41000000,18339923.92200000,505787616.40379600,1546936,9287891.72200000,256322509.03710600
2021-09-11,29.40000000,30.98000000,26.72000000,27.33000000,8344764.74900000,239850830.91122700,556430,4172469.18600000,119938162.41457700
2021-09-12,27.33000000,35.26000000,25.96000000,34.89000000,12340293.88700000,387362538.55979500,1239041,6223255.09200000,195577394.74458500
2021-09-13,34.91000000,38.95000000,30.25000000,35.82000000,22213603.10700000,772525175.26286500,1858049,11022196.37100000,383715683.29675500
2021-09-14,35.80000000,37.90000000,32.80000000,34.20000000,10305593.95000000,361021827.89000000,725530,5046414.71000000,177013758.56450000
2021-09-15,34.19000000,35.35000000,32.61000000,34.12000000,5652348.15000000,190496641.35820000,415923,2835803.21000000,95603341.56950000
2021-09-16,34.12000000,37.25000000,31.20000000,37.07000000,8867462.73000000,303269982.36740000,816931,4429572.09000000,151626787.65150000
2021-09-17,37.07000000,38.09000000,32.41000000,33.46000000,7570169.81000000,266867511.47100000,623071,3612418.48000000,127484601.70270000
2021-09-18,33.46000000,41.50000000,32.68000000,40.76000000,10505409.50500000,399353041.43837200,1034135,5469812.50700000,208193425.87474200
2021-09-19,40.78000000,44.65000000,37.72000000,44.27000000,10151943.18700000,418432638.35131800,1051675,5102532.65900000,210621151.53170800
2021-09-20,44.28000000,44.80000000,33.34000000,34.01000000,17489487.91000000,676330740.65636700,1170401,8468410.79700000,328025276.86546700
2021-09-21,33.98000000,37.20000000,28.83000000,30.45000000,15209690.85000000,514287364.07320000,807984,7459546.04000000,252704387.19180000
2021-09-22,30.42000000,40.00000000,29.36000000,39.71000000,11901572.40000000,414690357.03100000,764376,5912462.22000000,206069197.76130000
2021-09-23,39.71000000,43.33000000,38.82000000,41.51000000,11044307.84000000,450134100.12230000,814447,5527582.12000000,225324798.41090000
2021-09-24,41.52000000,44.30000000,35.89000000,42.58000000,13102005.51000000,521181680.00730000,1007490,6571741.11000000,261678640.01060000
2021-09-25,42.56000000,43.10000000,38.81000000,39.45000000,5906770.49000000,241545174.18200000,419493,2945087.58000000,120440288.54690000
2021-09-26,39.45000000,41.70000000,35.43000000,39.80000000,7577505.87000000,292435405.04920000,517652,3730280.90000000,144096659.20360000
2021-09-27,39.81000000,40.75000000,36.60000000,37.21000000,4368605.52000000,168819886.74080000,316091,2046141.56000000,79210013.14620000
2021-09-28,37.20000000,37.90000000,33.36000000,33.70000000,4548726.66000000,162414047.34450000,327643,2180612.71000000,77902425.07450000
2021-09-29,33.70000000,36.65000000,32.74000000,33.88000000,4012215.28000000,139328270.07560000,269529,1972921.29000000,68536280.68270000
2021-09-30,33.88000000,36.27000000,33.47000000,36.23000000,3830234.57000000,133044656.39400000,272163,1880368.40000000,65322230.56310000
2021-10-01,36.21000000,38.56000000,34.81000000,37.85000000,4640402.38000000,171554216.46460000,374229,2287461.14000000,84595755.30930000
2021-10-02,37.86000000,41.64000000,37.17000000,38.62000000,4190103.21000000,164716540.29750000,485337,2080592.13000000,81781759.46070000
2021-10-03,38.63000000,40.80000000,37.78000000,38.74000000,3383386.93000000,132655176.11420000,310311,1720482.10000000,67438016.34780000
2021-10-04,38.76000000,38.80000000,36.00000000,36.80000000,4183818.40000000,156345054.71180000,344173,2109376.11000000,78856866.80830000
2021-10-05,36.79000000,38.34000000,35.32000000,36.75000000,3976563.71000000,146762599.02680000,338141,1989485.93000000,73360708.28390000
2021-10-06,36.76000000,36.86000000,33.00000000,35.15000000,4948305.51000000,173832782.59510000,445080,2466125.37000000,86650599.29870000
2021-10-07,35.15000000,38.00000000,33.78000000,36.67000000,4300927.05000000,154837233.71450000,447974,2106858.02000000,75857333.87580000
2021-10-08,36.69000000,36.95000000,34.78000000,35.04000000,3091199.37000000,111316404.51050000,243714,1558469.46000000,56148931.30730000
2021-10-09,35.03000000,36.13000000,34.60000000,35.16000000,2147543.83000000,76037738.28420000,143617,1122352.05000000,39736019.88310000
2021-10-10,35.16000000,35.18000000,32.10000000,32.42000000,2984474.44000000,101255115.89560000,237534,1642484.40000000,55798821.40760000
2021-10-11,32.40000000,34.40000000,31.00000000,32.01000000,2401211.56000000,78476870.37750000,189570,1177515.63000000,38521401.59170000
2021-10-12,32.02000000,34.35000000,29.90000000,33.48000000,4340225.50000000,140192301.37520000,375321,2152823.61000000,69557058.01480000
2021-10-13,33.49000000,34.93000000,31.64000000,34.53000000,4628953.23000000,153013628.68390000,362706,2247650.56000000,74282379.17010000
2021-10-14,34.55000000,35.75000000,33.46000000,33.82000000,3264365.97000000,113011222.54710000,258626,1631696.06000000,56520130.36400000
2021-10-15,33.83000000,34.16000000,32.18000000,33.08000000,2697044.10000000,89718987.46350000,195356,1289659.36000000,42884089.43030000
2021-10-16,33.09000000,34.65000000,32.90000000,33.13000000,1821137.96000000,61354508.00620000,182213,925971.73000000,31187838.39850000
2021-10-17,33.14000000,34.28000000,31.00000000,32.44000000,1594144.56000000,52285446.16550000,161932,786233.60000000,25797214.47130000
2021-10-18,32.45000000,32.68000000,31.02000000,31.88000000,1488909.97000000,47426128.12470000,118687,743015.16000000,23669696.25650000
2021-10-19,31.87000000,35.32000000,31.45000000,35.00000000,3863734.07000000,130502268.56640000,382076,1967106.85000000,66458475.44270000
2021-10-20,34.99000000,36.90000000,33.50000000,35.95000000,3249027.20000000,113996811.95090000,345545,1581633.32000000,55483616.82990000
2021-10-21,35.94000000,36.83000000,33.84000000,34.34000000,3442719.97000000,121607450.85520000,326718,1721570.36000000,60791763.15840000
2021-10-22,34.33000000,36.16000000,33.62000000,34.06000000,3656905.26000000,127418909.02120000,312720,1810754.53000000,63150537.38560000
2021-10-23,34.06000000,37.20000000,33.77000000,35.69000000,3660767.57000000,130615679.56400000,363755,1804831.96000000,64357396.71520000
2021-10-24,35.70000000,36.03000000,33.49000000,34.26000000,2130677.99000000,73907536.45460000,174086,1040864.06000000,36114356.37080000
2021-10-25,34.27000000,35.57000000,34.15000000,35.31000000,2050578.58000000,71722427.77280000,149400,1063096.20000000,37193848.51190000
2021-10-26,35.31000000,43.26000000,35.06000000,42.99000000,9418595.19000000,370566743.01540000,1392674,4907287.32000000,193264775.39930000
2021-10-27,42.99000000,43.28000000,35.00000000,36.75000000,8365182.92000000,322580027.16140000,749258,4006450.99000000,154672469.73160000
2021-10-28,36.76000000,40.90000000,36.09000000,38.00000000,4846151.85000000,188252904.29320000,477001,2447292.10000000,95170804.48260000
2021-10-29,38.01000000,41.05000000,38.00000000,39.55000000,3527207.99000000,139339909.07750000,344206,1830646.84000000,72312985.99610000
2021-10-30,39.54000000,39.56000000,36.17000000,37.30000000,2102188.15000000,79614658.77810000,196609,995223.56000000,37719010.75710000
2021-10-31,37.28000000,37.74000000,35.22000000,37.24000000,2070914.75000000,75843580.18830000,214735,1000306.57000000,36645935.73100000
2021-11-01,37.26000000,38.18000000,34.70000000,37.31000000,2714531.07000000,100051205.62840000,301282,1325125.26000000,48852771.11170000
2021-11-02,37.30000000,38.44000000,36.28000000,37.10000000,2311230.35000000,86288397.29030000,252037,1154390.83000000,43104185.44130000
2021-11-03,37.10000000,38.88000000,35.48000000,38.49000000,3635483.67000000,134428798.14640000,468077,1829567.76000000,67784521.15900000
2021-11-04,38.49000000,39.22000000,36.10000000,37.51000000,3167404.39000000,119540979.94610000,441998,1499120.38000000,56665569.99910000
2021-11-05,37.51000000,38.98000000,36.35000000,36.77000000,2073111.75000000,78075574.07830000,293345,1039935.94000000,39214073.58920000
2021-11-06,36.77000000,37.05000000,34.17000000,36.22000000,2213328.09000000,79046160.00630000,239689,1101777.36000000,39382597.68090000
2021-11-07,36.22000000,36.48000000,35.46000000,35.73000000,1290327.12000000,46371671.22910000,124208,621495.44000000,22334242.47800000
2021-11-08,35.73000000,36.96000000,35.00000000,36.62000000,2513742.52000000,90991927.81340000,275220,1212286.20000000,43873910.09120000
2021-11-09,36.62000000,37.98000000,35.45000000,35.84000000,2772144.93000000,101783654.89590000,362716,1403753.03000000,51564658.22780000
2021-11-10,35.83000000,37.27000000,28.32000000,32.05000000,5991271.57000000,201238293.80480000,597464,2762579.08000000,92922231.37830000
2021-11-11,32.05000000,34.00000000,31.68000000,32.94000000,2683505.71000000,88625295.18730000,303653,1364556.34000000,45079865.41660000
2021-11-12,32.92000000,32.98000000,30.52000000,32.05000000,2487858.91000000,79467120.19850000,296907,1273753.03000000,40704904.07030000
2021-11-13,32.05000000,33.19000000,31.92000000,32.50000000,1248230.96000000,40603659.78690000,154759,646530.70000000,21040471.56080000
2021-11-14,32.51000000,33.27000000,31.11000000,31.93000000,1228520.47000000,39317631.21500000,141487,607552.57000000,19446489.80840000
2021-11-15,31.92000000,34.15000000,30.57000000,31.45000000,2713565.93000000,88526146.29900000,330717,1362405.10000000,44524386.32960000
2021-11-16,31.45000000,31.47000000,27.46000000,28.29000000,4956716.46000000,145226459.48410000,430806,2466671.22000000,72225812.90170000
2021-11-17,28.28000000,29.63000000,26.89000000,29.44000000,2838697.06000000,80159051.32740000,251028,1452366.45000000,41060146.51730000
2021-11-18,29.43000000,29.79000000,25.29000000,26.62000000,3425666.91000000,94245515.71290000,293548,1628231.72000000,44722598.78950000
2021-11-19,26.65000000,28.55000000,25.97000000,28.12000000,1710676.64000000,46963301.33960000,151585,862439.08000000,23686585.91150000
2021-11-20,28.12000000,29.85000000,27.80000000,29.43000000,1868248.84000000,53690867.65670000,190273,947071.99000000,27228653.90000000
2021-11-21,29.44000000,32.00000000,28.32000000,30.88000000,2672457.83000000,80421880.08450000,304502,1283157.62000000,38634062.65600000
2021-11-22,30.89000000,33.80000000,28.95000000,32.17000000,6616681.45000000,211318257.28000000,828779,3433256.92000000,109780283.16390000
2021-11-23,32.16000000,33.24000000,30.66000000,32.05000000,3269831.05000000,104398345.17820000,397767,1539298.58000000,49168004.81360000
2021-11-24,32.05000000,32.07000000,29.12000000,29.62000000,2750125.50000000,83373559.46550000,270089,1306829.03000000,39587781.36170000
2021-11-25,29.62000000,30.90000000,29.28000000,29.77000000,1978836.90000000,59779416.86610000,208447,976634.32000000,29508889.35640000
2021-11-26,29.77000000,30.30000000,25.15000000,27.07000000,4572169.22000000,123695061.53520000,414231,2151380.93000000,58149544.13590000
2021-11-27,27.06000000,28.06000000,26.44000000,26.73000000,1520440.98000000,41642963.15160000,140664,772618.96000000,21143138.45360000
2021-11-28,26.73000000,27.64000000,24.67000000,27.39000000,2040411.31000000,53271398.36910000,174046,1043257.54000000,27274249.29190000
2021-11-29,27.39000000,28.45000000,26.72000000,28.10000000,1741009.33000000,47862760.08040000,178959,903433.32000000,24835993.69670000
2021-11-30,28.09000000,29.35000000,26.96000000,27.51000000,2607674.30000000,73626531.37060000,287261,1295770.81000000,36595594.03890000
2021-12-01,27.52000000,28.27000000,26.28000000,26.67000000,2242689.37000000,61436371.62110000,193277,1171411.12000000,32136454.20290000
2021-12-02,26.66000000,28.64000000,25.62000000,28.37000000,2769132.13000000,74464254.97550000,258533,1438156.83000000,38622678.60100000
2021-12-03,28.37000000,33.60000000,27.72000000,32.79000000,10880287.79000000,339800623.56230000,1388564,5347050.11000000,167002897.79820000
2021-12-04,32.79000000,32.92000000,21.82000000,28.15000000,13245297.67000000,359637287.11420000,1078280,6564374.46000000,178092495.38980000
2021-12-05,28.15000000,29.31000000,23.55000000,24.57000000,5357241.77000000,139339788.32800000,360878,2684954.28000000,69924756.09290000
2021-12-06,24.57000000,24.82000000,22.02000000,24.33000000,5433208.53000000,126856077.55280000,332011,2769693.78000000,64719378.30580000
2021-12-07,24.33000000,25.44000000,23.80000000,24.30000000,3592275.22000000,88611602.34620000,233896,1812520.24000000,44733429.76150000
2021-12-08,24.30000000,26.00000000,22.82000000,25.32000000,3595411.70000000,88027432.26520000,262150,1810929.44000000,44398214.52380000
2021-12-09,25.32000000,25.60000000,22.42000000,22.45000000,2608257.69000000,62135117.59990000,172404,1232836.28000000,29366982.16620000
2021-12-10,22.46000000,23.88000000,21.85000000,22.54000000,3032236.80000000,69714415.78680000,207755,1545977.13000000,35561740.39950000
2021-12-11,22.54000000,24.78000000,21.97000000,24.40000000,3029572.76000000,71730576.04440000,202225,1545608.59000000,36611439.42730000
2021-12-12,24.41000000,25.22000000,23.48000000,24.49000000,2095901.47000000,51083369.61530000,163718,1057999.17000000,25793651.56440000
2021-12-13,24.50000000,24.94000000,21.06000000,21.74000000,3238082.65000000,73186286.22140000,192266,1573984.17000000,35581110.07410000
2021-12-14,21.74000000,22.14000000,20.96000000,21.80000000,2236400.50000000,48331312.63610000,132712,1079497.67000000,23341465.46830000
2021-12-15,21.81000000,22.87000000,20.18000000,22.34000000,3122273.86000000,67739756.95990000,191808,1522554.44000000,33084002.70540000
2021-12-16,22.34000000,23.50000000,21.66000000,21.83000000,1929143.31000000,43617984.23460000,143335,931596.85000000,21075353.22810000
2021-12-17,21.83000000,22.06000000,20.38000000,21.21000000,2167150.13000000,46378561.03650000,136302,1038827.79000000,22240314.48180000
2021-12-18,21.21000000,23.25000000,20.92000000,23.15000000,1545122.88000000,33886961.29070000,115883,808775.56000000,17749392.56630000
2021-12-19,23.16000000,23.72000000,22.00000000,22.16000000,1853460.54000000,42558172.73530000,136625,907281.34000000,20855025.97780000
2021-12-20,22.15000000,22.44000000,20.73000000,21.52000000,1909871.85000000,41081526.31150000,126986,952964.59000000,20519470.61590000
2021-12-21,21.53000000,23.70000000,21.48000000,23.63000000,1815863.06000000,41021869.34510000,128702,945554.66000000,21378093.60340000
2021-12-22,23.63000000,28.48000000,23.35000000,27.37000000,5192011.09000000,136744068.70420000,585005,2729601.74000000,71966310.39210000
2021-12-23,27.38000000,28.88000000,26.37000000,28.36000000,3828211.90000000,105874078.16050000,417570,1878608.54000000,51995431.75200000
2021-12-24,28.37000000,29.76000000,26.74000000,26.90000000,2256906.73000000,64258226.87910000,274176,1106959.66000000,31541215.63160000
2021-12-25,26.91000000,29.69000000,26.62000000,29.66000000,1939980.56000000,54034729.36170000,198147,990326.15000000,27595160.22810000
2021-12-26,29.67000000,32.25000000,28.56000000,32.12000000,3754692.90000000,115359119.40800000,546485,1939726.91000000,59617556.44940000
2021-12-27,32.13000000,32.70000000,29.56000000,29.71000000,2991812.87000000,93689386.27170000,333198,1469227.24000000,46048161.04820000
2021-12-28,29.71000000,29.72000000,26.16000000,26.59000000,3950148.91000000,110649344.83160000,371299,1874166.49000000,52543399.34170000
2021-12-29,26.62000000,28.16000000,25.10000000,27.94000000,3904467.29000000,104283651.27150000,323847,1871926.37000000,50073361.77740000
2021-12-30,27.94000000,30.55000000,26.38000000,30.16000000,4687249.81000000,134058237.56350000,420683,2304022.69000000,65916797.18900000
2021-12-31,30.16000000,33.30000000,30.11000000,32.39000000,5711050.20000000,181024360.46550000,764378,2826788.29000000,89654598.90580000
2022-01-01,32.41000000,37.00000000,32.34000000,36.36000000,6550862.33000000,228298411.78540000,856110,3349662.27000000,116706922.55480000
2022-01-02,36.35000000,36.88000000,34.22000000,35.53000000,3789318.41000000,134055789.66920000,396096,1824238.60000000,64567065.53210000
2022-01-03,35.53000000,39.80000000,34.23000000,39.25000000,6641236.34000000,248958389.28730000,995478,3232958.08000000,121247928.21460000
2022-01-04,39.23000000,43.95000000,37.51000000,42.10000000,8857791.90000000,363432731.48820000,1484413,4425775.06000000,181697746.92980000
2022-01-05,42.11000000,43.27000000,34.59000000,38.66000000,8727325.62000000,342400519.08460000,971446,4215246.20000000,165631043.73940000
2022-01-06,38.65000000,41.49000000,35.43000000,40.08000000,8519231.05000000,324549371.89630000,857565,4140969.18000000,157798592.42180000
2022-01-07,40.08000000,44.70000000,37.70000000,38.58000000,14929705.19000000,621843250.52750000,1741134,7293402.15000000,304199085.15110000
2022-01-08,38.57000000,40.34000000,34.05000000,35.87000000,8081145.77000000,299874673.23200000,636788,3853435.92000000,143222253.40330000
2022-01-09,35.85000000,38.08000000,34.11000000,34.98000000,6802033.90000000,245591075.21300000,496388,3260378.18000000,117773543.85850000
2022-01-10,34.97000000,38.16000000,32.90000000,37.86000000,9357081.51000000,336779576.59700000,743437,4608701.83000000,166055393.23840000
2022-01-11,37.87000000,40.05000000,36.10000000,38.70000000,6837475.31000000,260467332.88770000,654955,3399733.76000000,129640582.85760000
2022-01-12,38.68000000,42.33000000,38.59000000,40.22000000,6574167.87000000,268295391.92660000,707622,3341088.58000000,136417145.02060000
2022-01-13,40.21000000,41.28000000,37.41000000,37.60000000,5384612.42000000,213605061.03950000,455857,2669428.53000000,105951673.59180000
2022-01-14,37.60000000,40.83000000,36.66000000,40.42000000,4875250.55000000,186180977.62850000,398502,2407409.43000000,92080586.03700000
2022-01-15,40.42000000,40.96000000,39.11000000,39.12000000,2986012.69000000,119439401.78900000,251923,1502393.67000000,60096707.58320000
2022-01-16,39.10000000,43.82000000,38.81000000,43.65000000,4308173.16000000,181699677.01590000,574711,2212410.18000000,93350119.27050000
2022-01-17,43.66000000,44.56000000,37.94000000,39.13000000,5382563.68000000,222840484.17150000,631690,2466955.85000000,102061957.33570000
2022-01-18,39.13000000,40.08000000,36.25000000,38.24000000,4981888.76000000,189043225.20820000,456021,2306772.34000000,87622549.47260000
2022-01-19,38.24000000,38.84000000,35.24000000,37.02000000,3949933.95000000,145745937.02120000,347038,1870425.22000000,69080129.51840000
2022-01-20,37.02000000,42.10000000,36.93000000,38.98000000,7071681.37000000,281293374.45850000,647517,3151822.01000000,125330992.76830000
2022-01-21,38.98000000,41.14000000,32.10000000,34.61000000,12836299.21000000,473154293.48400000,1041393,6290000.27000000,232298047.13260000
2022-01-22,34.60000000,35.08000000,27.31000000,29.24000000,10072800.50000000,305988725.62670000,717759,4903752.92000000,148818505.63990000
2022-01-23,29.28000000,34.78000000,29.10000000,34.61000000,9192653.64000000,296995704.06620000,608283,4384805.18000000,141869373.32780000
2022-01-24,34.60000000,37.05000000,29.81000000,36.02000000,16048278.65000000,532196777.01250000,1058200,8068397.26000000,268313685.99720000
2022-01-25,36.03000000,37.19000000,34.76000000,35.87000000,8578220.37000000,308412838.78420000,610238,4211731.39000000,151566891.74260000
2022-01-26,35.88000000,36.39000000,31.25000000,32.36000000,10668026.15000000,363190927.68410000,652303,5653402.10000000,192424269.10920000
2022-01-27,32.37000000,32.94000000,28.57000000,30.06000000,7091565.16000000,218325651.16360000,420389,3608677.44000000,111096933.14280000
2022-01-28,30.08000000,30.35000000,27.71000000,29.47000000,5483321.17000000,158527788.27670000,346060,2719240.42000000,78620746.53790000
2022-01-29,29.47000000,30.23000000,28.29000000,29.08000000,3591186.09000000,105266679.46000000,208492,1749361.88000000,51298335.47220000
2022-01-30,29.08000000,29.19000000,26.37000000,27.19000000,3479587.23000000,96901632.18670000,194676,1655556.67000000,46108500.34030000
2022-01-31,27.18000000,28.95000000,25.50000000,28.05000000,4062598.02000000,110673964.59370000,234160,2083526.27000000,56826188.43070000
2022-02-01,28.06000000,29.84000000,27.78000000,28.84000000,3989190.90000000,115954320.45120000,241773,1920380.42000000,55796744.48500000
2022-02-02,28.84000000,29.00000000,26.10000000,26.31000000,3246345.66000000,89560778.01610000,182785,1460915.65000000,40371830.31800000
2022-02-03,26.33000000,29.75000000,25.58000000,29.67000000,4784476.97000000,132890345.47870000,307844,2368140.88000000,65846619.74910000
2022-02-04,29.67000000,31.80000000,28.45000000,31.10000000,6047132.17000000,180759627.12620000,337135,2887866.52000000,86374863.23790000
2022-02-05,31.09000000,32.29000000,29.91000000,30.73000000,3650254.21000000,113737831.61470000,231537,1744627.05000000,54373632.71930000
2022-02-06,30.73000000,31.96000000,30.09000000,31.26000000,3043310.45000000,94298265.03480000,200506,1517674.37000000,46995115.76710000
2022-02-07,31.27000000,33.19000000,30.48000000,31.63000000,4605010.13000000,147766224.97830000,319720,2409924.36000000,77385303.59250000
2022-02-08,31.64000000,32.65000000,29.73000000,30.39000000,4038845.56000000,125073607.95690000,254784,2022912.47000000,62675370.73710000
2022-02-09,30.39000000,31.47000000,29.53000000,30.93000000,2602197.68000000,79735700.38910000,143270,1343957.51000000,41163171.66380000
2022-02-10,30.91000000,31.30000000,28.69000000,29.08000000,4064774.47000000,121957293.18640000,249997,1972485.02000000,59239695.47600000
2022-02-11,29.10000000,29.35000000,26.17000000,26.57000000,2846917.14000000,80412934.68800000,164745,1405973.77000000,39782901.30970000
2022-02-12,26.57000000,28.35000000,26.00000000,27.05000000,2895000.21000000,78950700.07240000,177824,1447946.26000000,39510192.03670000
2022-02-13,27.06000000,27.63000000,25.90000000,26.18000000,1721880.63000000,46216458.23050000,108980,837325.86000000,22510370.98420000
2022-02-14,26.19000000,27.44000000,25.36000000,27.14000000,2465734.25000000,65156942.88500000,142310,1233016.45000000,32652589.77970000
2022-02-15,27.14000000,29.22000000,27.13000000,28.97000000,2676771.51000000,75841272.99210000,166482,1295800.74000000,36732793.42960000
2022-02-16,28.97000000,29.24000000,27.59000000,28.50000000,1942375.77000000,55140910.26190000,120899,879254.18000000,24992273.84840000
2022-02-17,28.50000000,30.86000000,27.50000000,28.06000000,5880717.92000000,172371030.84710000,359161,2858951.77000000,83899182.34880000
2022-02-18,28.06000000,29.07000000,26.71000000,26.86000000,3678713.42000000,102685768.77600000,189609,1780615.38000000,49738636.57200000
2022-02-19,26.84000000,27.42000000,26.05000000,26.68000000,1431147.39000000,38301433.66100000,76705,667657.67000000,17876518.15740000
2022-02-20,26.67000000,26.87000000,25.42000000,26.08000000,2534220.89000000,65967821.71700000,124714,1170943.57000000,30512377.16260000
2022-02-21,26.08000000,27.30000000,23.61000000,23.82000000,4887966.14000000,125893477.04790000,225119,2335610.57000000,60318676.31580000
2022-02-22,23.82000000,24.98000000,22.98000000,24.81000000,3482075.90000000,83663075.38810000,137796,1708633.91000000,41104948.09610000
2022-02-23,24.81000000,26.92000000,24.58000000,25.18000000,3561042.43000000,92009215.91780000,176735,1716546.30000000,44384986.39100000
2022-02-24,25.18000000,25.54000000,21.40000000,24.85000000,7602449.33000000,176113805.34840000,337676,3770757.25000000,87237682.11020000
2022-02-25,24.86000000,27.49000000,24.25000000,27.27000000,3641903.32000000,93158700.99440000,185381,1854477.25000000,47439104.52370000
2022-02-26,27.27000000,30.32000000,27.13000000,29.88000000,4434981.61000000,127497217.76450000,314240,2210747.01000000,63544240.85040000
2022-02-27,29.88000000,29.92000000,26.28000000,26.77000000,4268923.53000000,120692293.63100000,254337,2018780.76000000,57171321.89480000
2022-02-28,26.77000000,31.76000000,26.38000000,31.36000000,5928232.67000000,170060218.87110000,388366,3028007.77000000,86820393.32120000
2022-03-01,31.36000000,33.05000000,30.21000000,31.14000000,5547547.52000000,175150446.04410000,376492,2742520.85000000,86601806.63420000
2022-03-02,31.14000000,32.80000000,29.83000000,32.24000000,5888331.44000000,183660281.75450000,367685,3085809.61000000,96324208.23770000
2022-03-03,32.23000000,34.46000000,31.14000000,34.04000000,7288309.24000000,239701147.45100000,516467,3608004.84000000,118844636.60140000
2022-03-04,34.03000000,34.69000000,30.28000000,30.48000000,6337384.58000000,210153085.78390000,431304,3019102.84000000,100249036.99120000
2022-03-05,30.48000000,31.68000000,29.50000000,30.87000000,3867115.02000000,117339798.65190000,217228,1921610.59000000,58311527.30520000
2022-03-06,30.86000000,30.95000000,27.90000000,28.15000000,3070215.77000000,89616032.92170000,188774,1431663.48000000,41839916.10480000
2022-03-07,28.14000000,29.56000000,27.12000000,28.29000000,4923046.17000000,138947553.53770000,288288,2355430.69000000,66492001.41970000
2022-03-08,28.29000000,29.30000000,27.35000000,27.87000000,4025685.79000000,114014977.22600000,221141,2003749.70000000,56768324.80800000
2022-03-09,27.86000000,31.32000000,27.77000000,30.05000000,4471056.97000000,134495848.01270000,261576,2302640.71000000,69241413.86170000
2022-03-10,30.04000000,30.34000000,27.40000000,28.03000000,3852713.65000000,109312381.89160000,205071,1816154.83000000,51516298.94590000
2022-03-11,28.02000000,28.50000000,26.89000000,27.47000000,2619352.76000000,72504816.00990000,152689,1215551.07000000,33664425.74650000
2022-03-12,27.47000000,28.27000000,27.15000000,27.22000000,1062563.31000000,29382195.76040000,59126,497726.40000000,13764901.19660000
2022-03-13,27.23000000,27.54000000,25.97000000,26.24000000,1948027.68000000,52499586.98590000,89049,922526.59000000,24862760.72910000
2022-03-14,26.23000000,27.17000000,25.76000000,26.83000000,2238651.00000000,59340786.42380000,111314,1075394.01000000,28533526.25700000
2022-03-15,26.82000000,27.76000000,26.18000000,26.91000000,3057168.26000000,82674995.50670000,158985,1537360.77000000,41571508.47350000
2022-03-16,26.90000000,29.11000000,26.52000000,28.96000000,4103430.29000000,114140976.29180000,205973,2145892.39000000,59699509.00980000
2022-03-17,28.95000000,29.01000000,28.09000000,28.16000000,2238758.93000000,63715524.63420000,100246,1107586.62000000,31529351.18020000
2022-03-18,28.16000000,28.77000000,27.18000000,28.61000000,2922204.59000000,81369675.04500000,139181,1341271.63000000,37401674.89020000
2022-03-19,28.61000000,29.42000000,28.33000000,28.65000000,2551299.30000000,73541522.51070000,131112,1148806.41000000,33147096.52870000
2022-03-20,28.65000000,28.83000000,27.47000000,27.84000000,1542345.09000000,43368184.67120000,75365,741617.03000000,20850332.22580000
2022-03-21,27.84000000,28.39000000,27.55000000,27.93000000,1781458.41000000,49821605.78730000,77123,884590.52000000,24741616.59560000
2022-03-22,27.93000000,28.95000000,27.64000000,28.02000000,3172376.28000000,89791209.70710000,135732,1562327.45000000,44175652.64820000
2022-03-23,28.02000000,28.38000000,27.16000000,28.25000000,2843254.89000000,78793989.05640000,115467,1277632.51000000,35448804.51650000
2022-03-24,28.25000000,29.45000000,27.95000000,29.27000000,3698308.81000000,105957902.42120000,172151,1803992.81000000,51727450.95030000
2022-03-25,29.27000000,30.00000000,27.65000000,28.12000000,3570842.04000000,103603933.02330000,195672,1700920.08000000,49401229.37120000
2022-03-26,28.12000000,28.96000000,28.00000000,28.78000000,1351012.52000000,38585641.62620000,62721,619519.26000000,17693062.54180000
2022-03-27,28.78000000,29.98000000,28.10000000,29.96000000,1843418.60000000,53406297.33140000,109621,920077.10000000,26674651.46480000
2022-03-28,29.95000000,31.48000000,29.14000000,29.38000000,4380434.05000000,133706550.33450000,269027,2247360.65000000,68614418.75340000
2022-03-29,29.37000000,31.70000000,29.32000000,30.23000000,4907154.61000000,150396541.24020000,259766,2275478.07000000,69742182.81420000
2022-03-30,30.23000000,31.32000000,29.29000000,30.05000000,3943475.42000000,119715066.81430000,211008,1861084.56000000,56528521.78520000
2022-03-31,30.05000000,31.32000000,28.39000000,28.89000000,4851385.05000000,144973005.20740000,277782,2214804.45000000,66275487.04860000
2022-04-01,28.89000000,29.67000000,27.70000000,29.41000000,2798462.12000000,80374274.12290000,161916,1358150.50000000,39031667.51730000
2022-04-02,29.41000000,32.80000000,29.23000000,31.30000000,5852775.95000000,180917622.27230000,428530,3017359.29000000,93327530.55500000
2022-04-03,31.31000000,33.29000000,30.50000000,31.97000000,5782442.17000000,186467797.56340000,366759,2904516.51000000,93747969.73210000
2022-04-04,31.96000000,32.54000000,30.06000000,30.85000000,3866259.28000000,121025650.98550000,203203,1817136.47000000,56938818.20700000
2022-04-05,30.86000000,31.23000000,29.14000000,29.29000000,3726106.90000000,112949671.05600000,195469,1897252.86000000,57545643.38080000
2022-04-06,29.30000000,29.50000000,26.66000000,26.89000000,3950455.09000000,110984023.22720000,255156,1850314.64000000,52002712.95000000
2022-04-07,26.89000000,27.90000000,26.26000000,27.66000000,2260878.12000000,61564714.14640000,122495,1101030.69000000,29973329.93530000
2022-04-08,27.65000000,28.95000000,26.62000000,26.88000000,3193093.21000000,88872293.55700000,164391,1546246.84000000,43054795.69310000
2022-04-09,26.88000000,27.47000000,26.59000000,27.27000000,1350205.98000000,36497834.18730000,63743,628822.19000000,17006168.43420000
2022-04-10,27.27000000,27.43000000,26.40000000,26.50000000,1088109.32000000,29294805.87270000,60086,532160.04000000,14328526.40760000
2022-04-11,26.50000000,26.59000000,23.30000000,23.85000000,3263662.71000000,82092098.61410000,156846,1592246.11000000,40023793.91650000
2022-04-12,23.86000000,25.47000000,23.67000000,24.64000000,2565153.45000000,62943454.37650000,134389,1284489.41000000,31512830.35020000
2022-04-13,24.63000000,25.21000000,24.10000000,24.70000000,1746511.48000000,43123086.63470000,80663,886786.34000000,21903665.40570000
2022-04-14,24.70000000,25.16000000,23.75000000,23.96000000,2132342.41000000,52171974.36280000,88197,1091858.98000000,26733435.71420000
2022-04-15,23.96000000,24.38000000,23.76000000,24.08000000,1219538.61000000,29366464.29020000,52451,611096.65000000,14720640.10820000
2022-04-16,24.10000000,24.48000000,23.79000000,24.18000000,829846.26000000,20049957.72170000,32240,416400.50000000,10064229.40910000
2022-04-17,24.18000000,24.48000000,23.09000000,23.21000000,1089963.31000000,26072061.29450000,50113,519851.88000000,12438527.90020000
2022-04-18,23.22000000,24.14000000,22.44000000,24.07000000,2671557.19000000,62002050.14400000,125417,1325338.33000000,30804411.37510000
2022-04-19,24.07000000,24.72000000,23.76000000,24.67000000,1812325.78000000,43876629.76640000,78151,908991.52000000,22016971.06280000
2022-04-20,24.66000000,25.09000000,24.02000000,24.27000000,1763209.67000000,43344874.84480000,78675,854831.07000000,21027722.41930000
2022-04-21,24.27000000,24.97000000,22.88000000,23.30000000,2218922.22000000,53640242.57920000,95288,1063195.08000000,25701708.90310000
2022-04-22,23.31000000,23.87000000,22.87000000,23.10000000,1832236.56000000,42828924.01420000,78918,812943.64000000,19018607.77200000
2022-04-23,23.10000000,23.49000000,22.75000000,23.21000000,1008185.92000000,23311823.28430000,50066,512703.77000000,11852436.16600000
2022-04-24,23.22000000,23.30000000,22.28000000,22.29000000,1246058.34000000,28354005.11230000,60682,572932.07000000,13042501.24570000
2022-04-25,22.29000000,22.38000000,20.78000000,22.13000000,3019641.82000000,65004932.34460000,129555,1431529.08000000,30800629.09920000
2022-04-26,22.12000000,22.30000000,19.97000000,20.30000000,2694053.47000000,56968045.40070000,119088,1307821.54000000,27611845.81880000
2022-04-27,20.31000000,21.88000000,20.12000000,21.43000000,3260860.77000000,69177618.28030000,136872,1625215.36000000,34484177.78880000
2022-04-28,21.44000000,21.47000000,20.42000000,20.75000000,2804058.05000000,58816771.79040000,124659,1463865.10000000,30706773.45070000
2022-04-29,20.74000000,20.88000000,19.23000000,19.44000000,2868730.59000000,57598480.78620000,115328,1405685.49000000,28195836.71260000
2022-04-30,19.44000000,19.58000000,17.24000000,17.84000000,3225931.13000000,59792991.83960000,114314,1595197.24000000,29577393.09800000
2022-05-01,17.85000000,18.68000000,17.57000000,18.00000000,2985270.67000000,54114377.33120000,107236,1452926.35000000,26323922.51980000
2022-05-02,18.00000000,18.36000000,17.22000000,17.80000000,3433845.42000000,61125095.63020000,107701,1748348.88000000,31128976.50560000
2022-05-03,17.80000000,18.99000000,17.45000000,17.57000000,3156832.49000000,57560927.28790000,101795,1519279.84000000,27672686.98340000
2022-05-04,17.58000000,20.05000000,17.47000000,19.92000000,3554712.41000000,66516535.82360000,118859,1800834.36000000,33714443.73740000
2022-05-05,19.92000000,20.34000000,17.17000000,17.84000000,4950115.50000000,91826217.80500000,166093,2411174.48000000,44713545.72370000
2022-05-06,17.84000000,17.99000000,17.10000000,17.67000000,3188607.11000000,56162425.79230000,108830,1571968.04000000,27681835.37030000
2022-05-07,17.67000000,17.70000000,16.03000000,16.43000000,2751121.64000000,46330069.22565600,100497,1298910.94000000,21831977.32930000
2022-05-08,16.44000000,16.54000000,15.56000000,15.70000000,2905269.29000000,46481636.39270000,102275,1439652.65000000,23023299.65150000
2022-05-09,15.71000000,15.99000000,12.36000000,12.51000000,8248097.75200000,118218869.63932800,277309,3781949.73000000,54291353.25370000
2022-05-10,12.50000000,15.32000000,11.98000000,13.58000000,12251465.87300000,167808727.55944200,399944,6064141.11000000,83146564.15510000
2022-05-11,13.59000000,14.00000000,9.23000000,10.79000000,18707340.75700000,220420480.65759100,580301,9037094.75000000,106743750.28180000
2022-05-12,10.81000000,11.57000000,8.55000000,9.66000000,16915460.83000000,162314292.00040000,444579,8060852.45900000,77346852.68867000
2022-05-13,9.67000000,11.66000000,9.00000000,10.32000000,10824819.48000000,113654511.94420000,268427,5123258.37000000,53826565.82040000
2022-05-14,10.32000000,11.07000000,9.55000000,10.79000000,4317443.60000000,44631171.09850000,133074,2163119.42000000,22367901.08660000
2022-05-15,10.78000000,12.49000000,10.32000000,12.38000000,4661452.77000000,52978545.82810000,152259,2368481.72000000,26931410.19890000
2022-05-16,12.38000000,12.48000000,10.94000000,11.07000000,6604772.77000000,76164994.63400000,198920,3199004.21000000,36890068.21590000
2022-05-17,11.07000000,11.93000000,10.76000000,11.46000000,3473872.73000000,39593420.47950000,106298,1807131.22000000,20609206.94330000
2022-05-18,11.46000000,11.78000000,9.99000000,10.11000000,4066076.28000000,43609019.64290000,113162,1869014.42000000,20019452.66640000
2022-05-19,10.12000000,10.97000000,9.81000000,10.84000000,2766839.33000000,28831453.91010000,87561,1386905.33000000,14457500.02850000
2022-05-20,10.83000000,12.22000000,10.76000000,11.20000000,10024126.28000000,114760743.93630000,260704,5010690.05000000,57345305.89680000
2022-05-21,11.19000000,11.50000000,10.78000000,11.05000000,3221737.33000000,35763492.17090000,89986,1602749.15000000,17784481.34300000
2022-05-22,11.05000000,11.60000000,10.93000000,11.41000000,2571023.00000000,28966127.36600000,72637,1285287.01000000,14479819.89780000
2022-05-23,11.40000000,12.34000000,10.96000000,11.14000000,4666963.38000000,54875948.39140000,129984,2313018.30000000,27224530.66320000
2022-05-24,11.15000000,11.38000000,10.44000000,11.10000000,4131401.22000000,45150441.93860000,98652,2001645.82000000,21877841.84920000
2022-05-25,11.10000000,11.39000000,10.61000000,10.74000000,3142136.96000000,34287710.35230000,70400,1533499.67000000,16733443.74000000
2022-05-26,10.75000000,10.91000000,9.20000000,9.61000000,7152035.39000000,70255002.12160000,143787,3577426.96000000,35104557.84440000
2022-05-27,9.61000000,9.91000000,9.05000000,9.27000000,5056280.22000000,47775386.46780000,121543,2419222.89000000,22857276.56620000
2022-05-28,9.28000000,9.69000000,9.17000000,9.42000000,2662242.72000000,25170858.05460000,58342,1273042.43000000,12035062.48660000
2022-05-29,9.42000000,9.68000000,9.15000000,9.59000000,2270978.77000000,21447139.27530000,47206,1137007.76000000,10738348.12260000
2022-05-30,9.60000000,10.61000000,9.50000000,10.50000000,3994852.07000000,40674253.22580000,84612,1988713.90000000,20263104.20480000
2022-05-31,10.50000000,10.84000000,10.06000000,10.33000000,3957638.97000000,41229679.87070000,89517,1955587.11000000,20378657.83230000
2022-06-01,10.34000000,10.50000000,9.12000000,9.34000000,4124132.71000000,40860497.12570000,93110,2036024.57000000,20172786.56930000
2022-06-02,9.34000000,9.70000000,9.18000000,9.63000000,2839730.20000000,26732986.40610000,68048,1460807.56000000,13752554.29070000
2022-06-03,9.63000000,9.69000000,8.94000000,9.19000000,2582512.62000000,23860585.08660000,58534,1178094.74000000,10890180.63860000
2022-06-04,9.19000000,9.28000000,8.90000000,9.24000000,1545316.77000000,14105451.18820000,36262,777992.50000000,7100967.36170000
2022-06-05,9.25000000,9.40000000,9.04000000,9.17000000,1276221.49000000,11745426.95010000,29645,643287.62000000,5921737.90010000
2022-06-06,9.18000000,9.76000000,9.15000000,9.46000000,2631391.98000000,24964823.20210000,51851,1316112.42000000,12490473.22440000
2022-06-07,9.47000000,9.48000000,8.56000000,9.20000000,4917894.87000000,44269005.65660000,90962,2652479.68000000,23895551.33940000
2022-06-08,9.20000000,9.44000000,8.68000000,8.76000000,3137257.78000000,28039488.52430000,69704,1525444.47000000,13648501.95920000
2022-06-09,8.76000000,9.20000000,8.65000000,8.79000000,2502064.59000000,22158248.23130000,50359,1139030.44000000,10096193.96290000
2022-06-10,8.79000000,9.00000000,8.01000000,8.11000000,3674371.71100000,31115647.94612500,76322,1754494.60000000,14851296.95440000
2022-06-11,8.11000000,8.35000000,7.36000000,7.55000000,3146890.41700000,24534906.63857600,68207,1552320.52000000,12091742.32390000
2022-06-12,7.55000000,7.74000000,6.92000000,7.07000000,5206759.01200000,38115996.99212600,105874,2499500.47000000,18322284.39490000
2022-06-13,7.07000000,7.21000000,5.87000000,6.51000000,9782771.37300000,62187716.06425000,163669,4669328.99000000,29672511.66160000
2022-06-14,6.50000000,6.80000000,5.94000000,6.36000000,6138488.07000000,39556663.50320000,106120,3057768.32000000,19703511.39660000
2022-06-15,6.36000000,7.35000000,5.93000000,7.33000000,9507943.95000000,62635538.78760000,170306,4556227.32000000,30104469.92100000
2022-06-16,7.32000000,7.50000000,6.18000000,6.35000000,4608258.83000000,30983246.99620000,83330,2263300.80000000,15220982.54200000
2022-06-17,6.34000000,6.61000000,6.25000000,6.39000000,2868930.64000000,18477686.92610000,50504,1389220.56000000,8951927.62200000
2022-06-18,6.39000000,6.52000000,5.55000000,6.08000000,5133574.09000000,30598078.46385500,86218,2377637.10000000,14173037.69040000
2022-06-19,6.07000000,6.87000000,5.85000000,6.77000000,4610308.03000000,29055783.54730000,73465,2362186.16000000,14886640.34140000
2022-06-20,6.78000000,6.97000000,6.48000000,6.82000000,2960669.78000000,19945101.85660000,56626,1469066.69000000,9900289.28720000
2022-06-21,6.81000000,7.20000000,6.66000000,6.95000000,3386025.26000000,23544521.97450000,62587,1657079.46000000,11524134.61810000
2022-06-22,6.96000000,7.62000000,6.57000000,7.05000000,6279298.99000000,44405740.37540000,103678,3055108.59000000,21638490.89780000
2022-06-23,7.06000000,8.19000000,7.06000000,8.13000000,6004593.03000000,46320989.69750000,109319,2974924.03000000,22950861.96980000
2022-06-24,8.14000000,8.59000000,7.95000000,8.26000000,4923026.34000000,40746427.76220000,86739,2434072.50000000,20150000.77440000
2022-06-25,8.25000000,8.72000000,7.98000000,8.67000000,3243447.22000000,27057377.82310000,70467,1635450.31000000,13664588.12580000
2022-06-26,8.67000000,8.75000000,8.01000000,8.06000000,3245899.81000000,27396313.79630000,64542,1555191.85000000,13124014.54370000
2022-06-27,8.06000000,8.61000000,7.75000000,7.78000000,3364049.91000000,27545370.72730000,67536,1609947.12000000,13194671.04100000
2022-06-28,7.79000000,8.03000000,7.27000000,7.34000000,4548732.47000000,35021746.29300000,69282,2344385.77000000,18085540.44030000
2022-06-29,7.34000000,7.51000000,7.02000000,7.40000000,4239887.38000000,30693709.02230000,68119,2085740.76000000,15098322.31830000
2022-06-30,7.40000000,7.65000000,6.89000000,7.57000000,5310749.95000000,38340386.52450000,92433,2592035.71000000,18742701.43440000
2022-07-01,7.57000000,8.38000000,7.18000000,8.09000000,7398448.74000000,57529298.25360000,122693,3833137.86000000,29815066.34760000
2022-07-02,8.10000000,8.36000000,7.93000000,8.07000000,3864245.59000000,31430959.29160000,62440,1851482.57000000,15073109.33730000
2022-07-03,8.07000000,8.31000000,7.78000000,8.09000000,3447745.24000000,27596296.92720000,55006,1544979.11000000,12379277.02540000
2022-07-04,8.08000000,8.94000000,7.86000000,8.75000000,3791246.48000000,31772183.55830000,70408,1977273.14000000,16566379.08960000
2022-07-05,8.75000000,9.32000000,8.38000000,8.92000000,5892244.40000000,52438275.63850000,118247,2980532.31000000,26556189.65490000
2022-07-06,8.91000000,9.45000000,8.77000000,8.90000000,5519943.81000000,49996224.89140000,114393,2748120.63000000,24917963.25240000
2022-07-07,8.89000000,9.57000000,8.69000000,9.36000000,3994017.12000000,36429097.93960000,87570,2084893.15000000,19050136.51950000
2022-07-08,9.37000000,9.72000000,8.90000000,8.98000000,3378262.08000000,31139257.60250000,78616,1660656.83000000,15318159.50600000
2022-07-09,8.98000000,9.37000000,8.95000000,8.98000000,1763893.54000000,16146848.44500000,41653,896709.15000000,8214615.86600000
2022-07-10,8.98000000,9.01000000,8.50000000,8.79000000,2105007.97000000,18369387.05400000,45720,1022981.72000000,8932776.06520000
2022-07-11,8.78000000,9.11000000,8.16000000,8.18000000,3444217.33000000,30169188.15800000,74699,1662457.42000000,14588418.41550000
2022-07-12,8.18000000,8.42000000,7.72000000,7.81000000,3414641.98000000,27603993.96620000,67684,1723560.08000000,13940623.44660000
2022-07-13,7.82000000,8.24600000,7.42000000,8.21100000,4170980.51000000,32599921.93540000,91102,2124072.39000000,16607727.76172000
2022-07-14,8.21200000,9.06300000,8.08900000,8.99000000,5907099.63000000,49874690.92850000,170496,3018482.68000000,25480261.56158000
2022-07-15,8.98700000,9.49800000,8.87600000,9.05800000,6293245.66000000,57645067.57955000,152845,3158217.83000000,28940358.97752000
2022-07-16,9.06000000,9.39500000,8.79600000,9.23700000,4013187.12000000,36411247.24495000,99111,2018028.39000000,18310577.50365000
2022-07-17,9.23700000,9.36400000,8.86000000,8.92100000,3378089.90000000,30764114.63929000,85370,1683775.69000000,15330540.57166000
2022-07-18,8.92000000,9.87700000,8.87100000,9.57700000,5986911.43000000,56885151.66028000,165251,3018441.23000000,28677715.82052000
2022-07-19,9.57600000,10.78000000,9.23600000,10.51900000,8469037.25000000,84932225.96984000,249073,4248170.12000000,42594617.60061000
2022-07-20,10.52100000,10.63600000,9.58200000,9.68000000,5346162.56000000,54336228.66324000,158815,2694534.71000000,27404039.79452000
2022-07-21,9.67800000,11.26000000,9.61100000,11.05100000,9747916.94000000,102689785.63274000,291197,4740516.32000000,49936846.77514000
2022-07-22,11.05100000,11.35000000,10.32100000,10.64200000,4942009.88000000,53428148.40977000,161515,2422896.71000000,26203577.84156000
2022-07-23,10.63500000,11.21000000,9.75200000,10.11800000,5939756.95000000,61379094.44192000,165008,3104034.84000000,32005427.50318000
2022-07-24,10.12100000,10.30000000,9.88900000,9.97600000,3311516.48000000,33520784.13737000,98751,1594486.88000000,16147149.18274000
2022-07-25,9.97600000,10.00000000,8.96400000,8.98000000,5108508.45000000,47763150.26410000,118780,2668465.01000000,24955908.49898000
2022-07-26,8.98200000,9.70400000,8.58700000,9.22200000,6721031.88000000,61828021.16590000,175486,3336960.68000000,30687528.81295000
2022-07-27,9.22300000,10.31700000,9.02800000,10.31000000,5555189.19000000,53150192.88556000,149330,2771832.17000000,26557621.98965000
2022-07-28,10.31000000,11.16500000,10.08000000,10.86500000,5475660.31000000,57988456.75669000,170830,2801487.88000000,29689889.03539000
2022-07-29,10.86500000,11.49500000,10.35000000,11.16900000,4210393.71000000,45537016.30415000,150995,2074903.32000000,22437253.54869000
2022-07-30,11.16800000,11.36400000,10.51400000,10.70500000,3536041.94000000,38454792.60708000,123173,1793005.02000000,19486806.62545000
2022-07-31,10.70500000,11.07600000,10.28200000,10.35100000,2425268.80000000,25997842.55098000,93375,1198461.64000000,12841377.92072000
2022-08-01,10.35100000,10.79200000,10.04500000,10.39600000,2403372.78000000,24914769.17782000,89928,1237408.24000000,12821826.76307000
2022-08-02,10.39700000,10.47100000,9.76100000,9.91400000,2610861.85000000,26197271.06260000,96896,1276392.34000000,12799045.83927000
2022-08-03,9.91500000,10.53600000,9.64200000,10.15900000,2085160.59000000,21278054.94411000,85348,1053862.10000000,10755851.58824000
2022-08-04,10.15900000,10.61800000,10.12000000,10.35600000,2204290.06000000,22848138.12881000,87339,1012710.40000000,10489538.99520000
2022-08-05,10.36000000,10.99300000,10.29700000,10.96700000,2308323.22000000,24748265.49155000,88583,1134864.67000000,12162118.50639000
2022-08-06,10.96800000,11.01300000,10.56600000,10.63100000,1188162.82000000,12847649.65048000,51847,584486.75000000,6319348.59899000
2022-08-07,10.63100000,11.61000000,10.46100000,11.36000000,2996333.46000000,33501078.67904000,110464,1473471.53000000,16483152.06674000
2022-08-08,11.35800000,12.16400000,11.21400000,11.81300000,3469354.72000000,40643958.46524000,130097,1736810.81000000,20345169.42396000
2022-08-09,11.81200000,12.24800000,11.07400000,11.38600000,3497220.33000000,40674424.63987000,116073,1756200.67000000,20447068.45436000
2022-08-10,11.38100000,12.04300000,10.49000000,11.97300000,6263928.04000000,70393689.25804000,188795,2791445.16000000,31522274.25903000
2022-08-11,11.97400000,12.31400000,11.67700000,11.75400000,2874371.45000000,34515492.61659000,108107,1400018.78000000,16818548.14339000
2022-08-12,11.75500000,12.09100000,11.42000000,12.05000000,1845628.54000000,21643979.80584000,74453,957503.48000000,11228811.37072000
2022-08-13,12.04900000,12.41000000,11.83700000,11.90200000,1623058.21000000,19674777.21887000,80054,775340.09000000,9398501.17127000
2022-08-14,11.90500000,12.18500000,11.45000000,11.58300000,1615903.33000000,19147942.21936000,75340,797477.85000000,9450140.33150000
2022-08-15,11.58400000,11.95000000,11.17200000,11.40000000,1610496.47000000,18502180.36438000,69523,812005.13000000,9330631.47110000
2022-08-16,11.39700000,11.66600000,11.17400000,11.39900000,1993872.34000000,22819015.35703000,76706,978523.95000000,11203264.54655000
2022-08-17,11.39700000,11.92700000,11.18400000,11.74500000,3013153.23000000,34981003.31179000,120726,1473550.97000000,17107779.47403000
2022-08-18,11.74900000,12.28400000,11.39800000,11.44200000,4101092.76000000,48740632.47522000,150853,2075932.63000000,24683154.42523000
2022-08-19,11.44300000,11.44900000,10.15700000,10.75300000,4620009.09000000,49605700.30149000,157811,2296997.54000000,24656742.20743000
2022-08-20,10.75300000,10.97300000,9.96900000,10.23300000,2965583.95000000,31349073.04685000,102504,1493440.96000000,15793204.57027000
2022-08-21,10.23300000,10.78700000,10.21300000,10.64200000,1910254.41000000,20096883.40343000,66633,978348.60000000,10294081.31489000
2022-08-22,10.64700000,11.15000000,10.04300000,11.09000000,2698589.34000000,28670280.70456000,91718,1333321.05000000,14171719.67033000
2022-08-23,11.08900000,12.39000000,10.96700000,12.12200000,5930993.11000000,69771729.13394000,217130,2986731.36000000,35140688.78383000
2022-08-24,12.13000000,13.45000000,11.59500000,13.01900000,8558648.46000000,107838364.56966000,279013,4394167.20000000,55485235.41433000
2022-08-25,13.02100000,13.43200000,12.56000000,12.85900000,6263226.91000000,80690981.09334000,207784,3300404.51000000,42566483.95529000
2022-08-26,12.85300000,13.12900000,11.33900000,11.54900000,7256116.83000000,89846264.39011000,261844,3589711.73000000,44425802.37143000
2022-08-27,11.54900000,11.54900000,10.68700000,11.17100000,4763181.19000000,52485870.39771000,173977,2394310.10000000,26359196.31321000
2022-08-28,11.17000000,11.37600000,10.45200000,10.56700000,2751168.28000000,30319328.80670000,101013,1357620.27000000,14980494.77484000
2022-08-29,10.56500000,11.72900000,10.17300000,11.43500000,3934061.85000000,42741806.48551000,132761,1970773.04000000,21401283.86638000
2022-08-30,11.43400000,12.17000000,11.11500000,11.92700000,5160873.78000000,59999972.81177000,174950,2565354.42000000,29819914.38834000
2022-08-31,11.93000000,12.34900000,11.54600000,11.81600000,3841325.73000000,46039475.04626000,137382,1967724.77000000,23585415.41828000
2022-09-01,11.81600000,12.85200000,11.45600000,12.73300000,4031565.01000000,48677009.66822000,162697,2000613.70000000,24183128.08513000
2022-09-02,12.73400000,13.07800000,12.32700000,12.61100000,3522484.26000000,44477395.45524000,138299,1767502.25000000,22319874.57891000
2022-09-03,12.60900000,12.88000000,12.12600000,12.62300000,2290920.45000000,28575269.48033000,95487,1148560.40000000,14328140.45043000
2022-09-04,12.62200000,13.05000000,12.40100000,13.04500000,2124599.68000000,27124501.88889000,98214,1129338.46000000,14421405.56978000
2022-09-05,13.04600000,13.35900000,12.47400000,12.63300000,2229818.62000000,28570377.63871000,98069,1122470.34000000,14376147.92647000
2022-09-06,12.63000000,12.98900000,11.75000000,11.77900000,3928619.99000000,48290305.17436000,151773,2012178.27000000,24761826.85064000
2022-09-07,11.77500000,13.24900000,11.53600000,12.92900000,3791678.48000000,46427949.84714000,158737,1936338.67000000,23699772.35409000
2022-09-08,12.93000000,14.14900000,12.62600000,13.88300000,5941151.54000000,79808270.71741000,256275,3088616.24000000,41510488.25940000
2022-09-09,13.88700000,17.19800000,13.75300000,16.12800000,10412714.56000000,163329422.90461000,480177,5272847.47000000,82648682.26737000
2022-09-10,16.13100000,16.41400000,15.45700000,15.99200000,5142716.66000000,82151475.96805000,228924,2611638.26000000,41724483.06992000
2022-09-11,15.99100000,16.31300000,15.22800000,15.69300000,3269962.88000000,51630083.85198000,160891,1631604.17000000,25773222.38908000
2022-09-12,15.69300000,16.52400000,14.96900000,15.52800000,4991276.55000000,78398450.07193000,241320,2493817.08000000,39192152.23361000
2022-09-13,15.52800000,16.21300000,13.70800000,13.90000000,6344349.57000000,94947630.71112000,277711,3102504.01000000,46473846.70060000
2022-09-14,13.89800000,14.44500000,13.38000000,13.96900000,3590401.19000000,50287609.97002000,152535,1825772.47000000,25584643.78530000
2022-09-15,13.97300000,15.56800000,13.22400000,14.89700000,7365285.50000000,107238156.47613000,334896,3702634.07000000,53965871.73340000
2022-09-16,14.89900000,16.80000000,14.60000000,16.60500000,7752475.36000000,121830384.99673000,361047,3969510.38000000,62404371.97614000
2022-09-17,16.60000000,16.96400000,16.03800000,16.40500000,4971229.88000000,81918590.60872000,224372,2410679.08000000,39753875.95752000
2022-09-18,16.40600000,16.41200000,14.57000000,14.69300000,4769368.36000000,73862682.90121000,207580,2261114.40000000,35005049.08873000
2022-09-19,14.70100000,16.06100000,14.60400000,15.62000000,8070915.79000000,123856823.18102000,349543,4106040.15000000,62967858.15289000
2022-09-20,15.61800000,15.88900000,13.81700000,13.91900000,5485331.03000000,80605191.91113000,231630,2712481.58000000,39869374.16633000
2022-09-21,13.91700000,15.10000000,12.95500000,13.39000000,8587280.12000000,120906481.69467000,326202,4120526.91000000,58037466.18067000
2022-09-22,13.38600000,14.99600000,13.26300000,14.63300000,6252663.72000000,89279418.74040000,242125,2988639.25000000,42680883.10791000
2022-09-23,14.62900000,15.26900000,13.44100000,14.22300000,6977954.12000000,99099098.09440000,259641,3355906.42000000,47691518.50259000
2022-09-24,14.22200000,14.29200000,13.55600000,13.63500000,3080741.04000000,43081225.75388000,134360,1425483.91000000,19941060.01991000
2022-09-25,13.63500000,14.83500000,13.59300000,13.97600000,4663322.79000000,66120567.79869000,210680,2298042.88000000,32588854.45807000
2022-09-26,13.97200000,14.89900000,13.74800000,13.91300000,6599448.30000000,93640838.91535000,254489,3098959.67000000,43984795.41963000
2022-09-27,13.90900000,14.74000000,13.15900000,13.49100000,6010058.33000000,84136684.51805000,234504,2870238.56000000,40189911.02327000
2022-09-28,13.48900000,13.58400000,12.62600000,12.99700000,5182644.36000000,67444327.60777000,182744,2481267.18000000,32311090.45965000
2022-09-29,12.99700000,13.07600000,12.42100000,12.77100000,3951949.99000000,50431706.02660000,142146,1807093.42000000,23057589.83801000
2022-09-30,12.77300000,13.24700000,12.61000000,13.02400000,3787146.69000000,49107840.61443000,132918,1798198.77000000,23331106.73553000
2022-10-01,13.02300000,13.09900000,12.49000000,12.68200000,1589711.08000000,20400999.70518000,71172,725468.10000000,9319207.14922000
2022-10-02,12.68300000,12.89600000,11.95400000,11.99200000,2297392.21000000,28712605.54710000,88885,1081877.85000000,13535652.84122000
2022-10-03,11.99100000,12.95700000,11.82500000,12.85500000,3540214.85000000,44217480.99552000,124419,1764150.94000000,22052300.48859000
2022-10-04,12.85600000,13.28600000,12.74600000,13.01900000,2938301.46000000,38345592.89672000,117692,1366199.95000000,17828761.94063000
2022-10-05,13.02000000,13.13600000,12.61500000,13.00500000,2120541.33000000,27290405.90833000,76586,931566.85000000,11996543.13867000
2022-10-06,13.00500000,13.46100000,12.87100000,13.01600000,3442348.10000000,45278238.20495000,124819,1654263.77000000,21774845.99424000
2022-10-07,13.01600000,13.09100000,12.64800000,13.05600000,2444568.20000000,31506459.03407000,91248,1050809.62000000,13543445.38481000
2022-10-08,13.05600000,13.35000000,12.94400000,13.14800000,2054083.23000000,27021063.43638000,80346,901411.45000000,11858661.81201000
2022-10-09,13.14700000,13.27500000,13.03300000,13.19400000,1173539.93000000,15427845.03234000,53833,537560.56000000,7068095.25102000
2022-10-10,13.19100000,13.27000000,12.34000000,12.43600000,1854551.91000000,23791343.42213000,75796,759003.65000000,9746172.06577000
2022-10-11,12.43500000,12.53800000,12.09700000,12.17300000,2037518.63000000,25135642.44419000,84019,891314.42000000,10997576.52435000
2022-10-12,12.17300000,12.21500000,11.65500000,11.74200000,1884472.33000000,22538860.79024000,84611,831030.61000000,9945312.69432000
2022-10-13,11.73900000,11.81200000,10.55200000,11.33900000,3945132.39000000,44126032.16925000,155068,1810955.94000000,20254818.86617000
2022-10-14,11.33700000,12.27400000,11.29700000,11.64300000,2987570.57000000,35563418.50439000,108740,1488038.01000000,17723392.45735000
2022-10-15,11.64500000,11.76700000,11.43600000,11.51500000,1079044.64000000,12503299.26980000,48519,491577.59000000,5696308.40854000
2022-10-16,11.51400000,11.85100000,11.50200000,11.69900000,1059351.57000000,12349420.40157000,43091,502043.17000000,5853562.52731000
2022-10-17,11.69800000,12.49900000,11.63500000,12.43000000,2165607.50000000,26365563.50039000,86294,1126715.76000000,13728127.76764000
2022-10-18,12.43000000,12.77500000,12.11000000,12.52200000,2384578.05000000,29769544.60566000,104494,1168366.98000000,14599844.69289000
2022-10-19,12.52200000,12.64300000,11.69200000,11.75300000,2288684.96000000,28023019.44632000,91129,1089288.00000000,13355963.39414000
2022-10-20,11.75300000,12.00000000,11.23200000,11.37800000,1983252.05000000,23119107.65749000,87389,938275.00000000,10954378.58553000
2022-10-21,11.37800000,11.78400000,10.91700000,11.73600000,2134147.66000000,24133221.50870000,87190,1012808.71000000,11460256.09581000
2022-10-22,11.73700000,11.89200000,11.46300000,11.71500000,1240901.74000000,14482542.01709000,50374,543737.55000000,6350658.98503000
2022-10-23,11.71400000,12.13800000,11.43400000,12.11400000,1389978.72000000,16314612.32875000,55978,623098.30000000,7327525.99016000
2022-10-24,12.11400000,12.17400000,11.58200000,11.65000000,1575244.74000000,18570054.63918000,59207,716087.53000000,8442624.22131000
2022-10-25,11.65000000,12.36800000,11.54300000,11.99900000,2267545.92000000,27151384.16815000,84286,1108104.20000000,13280439.52744000
2022-10-26,12.00000000,12.54300000,11.91700000,12.27800000,2699503.74000000,33157853.99726000,102724,1298479.39000000,15957534.75789000
2022-10-27,12.27900000,13.23800000,12.26100000,12.65500000,4256958.26000000,54757609.46964000,163783,2052605.31000000,26420755.87309000
2022-10-28,12.65800000,13.84000000,12.59500000,13.53000000,7136921.82000000,95075421.56269000,239459,3349225.61000000,44612438.41182000
2022-10-29,13.53700000,13.97000000,13.34000000,13.47200000,3346514.02000000,45475784.24375000,133351,1578973.33000000,21474811.73756000
2022-10-30,13.47300000,14.13000000,13.30400000,13.92000000,3031314.96000000,41565908.64560000,135782,1441045.76000000,19770996.39851000
2022-10-31,13.92000000,14.50000000,13.78300000,14.31900000,3570806.46000000,50540841.48218000,171750,1714805.54000000,24276306.93245000
2022-11-01,14.32100000,14.46200000,13.85000000,14.07400000,2059461.11000000,29078265.00041000,95242,895668.59000000,12648488.57853000
2022-11-02,14.08000000,14.23200000,13.01600000,13.29500000,3043015.49000000,41440826.49730000,145208,1431931.97000000,19514324.71076000
2022-11-03,13.29500000,13.90000000,13.25200000,13.51000000,2254464.64000000,30775763.70842000,101102,1063459.93000000,14521825.94696000
2022-11-04,13.51000000,15.19800000,13.40900000,15.03500000,4580906.20000000,67162504.75932000,237319,2253503.00000000,33031722.19197000
2022-11-05,15.02900000,15.81400000,14.95500000,15.38000000,3293656.22000000,50730414.64219000,171533,1565847.99000000,24127014.87392000
2022-11-06,15.38400000,15.41000000,14.43100000,14.44300000,2368996.29000000,35484848.71400000,120930,1144955.64000000,17164330.07000000
2022-11-07,14.44400000,14.80500000,13.86000000,14.27500000,3498112.75000000,50257250.99779000,157762,1609222.78000000,23135684.96491000
2022-11-08,14.27600000,14.44400000,11.23200000,12.14600000,8341297.23000000,108009569.35161000,388483,4016206.49000000,52009621.21707000
2022-11-09,12.15200000,12.32600000,9.37000000,9.79100000,7516810.93000000,83321009.52684000,372992,3575296.44000000,39717753.29886000
2022-11-10,9.78600000,12.51100000,9.56700000,12.17000000,8009015.99000000,90268917.45719000,325414,4028052.34000000,45372993.81112000
2022-11-11,12.16200000,12.42000000,11.17700000,11.67200000,4023675.08000000,47316968.24843000,171323,1875802.84000000,22055449.85256000
2022-11-12,11.67600000,11.70300000,10.84000000,10.95100000,1882811.30000000,20940253.46036000,98687,937159.17000000,10430078.45563000
2022-11-13,10.95300000,11.10700000,10.05000000,10.19000000,3084666.25000000,32541877.98958000,143030,1444300.67000000,15248844.94403000
2022-11-14,10.18600000,10.70500000,9.61600000,10.32900000,4049126.02000000,41345026.12347000,210198,1980790.65000000,20231053.19190000
2022-11-15,10.32900000,10.89000000,10.18600000,10.55600000,2465695.24000000,26036598.20773000,135955,1247195.89000000,13171498.20596000
2022-11-16,10.55700000,10.63700000,9.96200000,10.15200000,2048566.23000000,21031978.45339000,99033,1032023.56000000,10599147.38906000
2022-11-17,10.15200000,10.20100000,9.85300000,9.91800000,1645943.20000000,16505628.36847000,78680,854027.44000000,8566679.03276000
2022-11-18,9.92000000,10.24600000,9.78600000,9.97200000,1708787.37000000,17154752.72582000,72057,869708.53000000,8728855.85448000
2022-11-19,9.97200000,10.05800000,9.73700000,9.99500000,1002202.20000000,9906824.24244000,49408,507279.54000000,5016160.72233000
2022-11-20,9.99600000,10.04700000,9.30600000,9.35400000,1304000.89000000,12712262.16587000,67460,612875.27000000,5980995.38857000
2022-11-21,9.35300000,9.36000000,8.77700000,9.01100000,2299786.83000000,20852414.73655000,121526,1100525.82000000,9981154.71126000
2022-11-22,9.01200000,9.56500000,8.72800000,9.54700000,2779501.34000000,25388660.92321000,129927,1365386.51000000,12497253.02252000
2022-11-23,9.54800000,9.97900000,9.53500000,9.93300000,2090457.37000000,20449671.88141000,93241,1079249.85000000,10560080.75449000
2022-11-24,9.93300000,10.22800000,9.78300000,10.15300000,1703495.30000000,17064096.01333000,83574,847899.44000000,8494043.37516000
2022-11-25,10.15300000,10.18100000,9.76200000,10.02500000,1100769.64000000,10977433.07815000,62839,538077.25000000,5367112.18687000
2022-11-26,10.02600000,10.44900000,9.99800000,10.11100000,1467833.33000000,14991314.95794000,76228,743519.28000000,7594204.32811000
2022-11-27,10.10900000,10.33500000,9.89500000,9.92500000,934305.85000000,9479396.94457000,51147,433684.96000000,4403132.27955000
2022-11-28,9.92700000,9.97100000,9.44000000,9.86200000,1672950.06000000,16251948.03827000,81765,807465.75000000,7838141.22032000
2022-11-29,9.86100000,10.30000000,9.83300000,10.18100000,1705131.62000000,17216292.06756000,79328,934512.89000000,9443195.03643000
2022-11-30,10.18400000,10.64000000,10.18300000,10.49400000,1848980.88000000,19274826.87744000,97707,1004389.97000000,10470652.30653000
2022-12-01,10.49400000,10.58000000,10.13100000,10.26800000,1555215.31000000,16090147.16650000,80310,789751.84000000,8175234.77286000
2022-12-02,10.26900000,10.40000000,10.11800000,10.36600000,1363031.57000000,13989902.18513000,60273,679013.48000000,6973427.61193000
2022-12-03,10.36700000,10.41400000,9.97800000,10.02100000,1003730.91000000,10253171.86017000,43442,476791.79000000,4872484.64521000
2022-12-04,10.02200000,10.28700000,10.01800000,10.25500000,891823.05000000,9051002.44201000,35141,470735.05000000,4778424.77122000
2022-12-05,10.25600000,10.57400000,10.14500000,10.26400000,2046082.72000000,21252165.52643000,68457,1067282.53000000,11085457.06537000
2022-12-06,10.26600000,10.38100000,9.99400000,10.16600000,1875786.89000000,19047852.73811000,58614,898738.98000000,9127010.09029000
2022-12-07,10.16600000,10.18800000,9.49200000,9.61700000,2666263.16000000,26100469.49940000,78839,1311934.37000000,12841072.03464000
2022-12-08,9.61800000,9.85900000,9.46800000,9.83300000,1259720.93000000,12183423.06096000,49234,605037.48000000,5853796.52045000
2022-12-09,9.83500000,9.90300000,9.62700000,9.75800000,1187305.00000000,11604753.07352000,40939,506476.72000000,4950398.81450000
2022-12-10,9.76000000,10.45000000,9.63700000,9.94500000,3403555.49000000,33925545.89496000,94837,1611134.11000000,16056764.23375000
2022-12-11,9.94500000,9.98600000,9.50900000,9.53400000,1180031.06000000,11559815.37380000,44300,508529.02000000,4981370.97406000
2022-12-12,9.53500000,9.67200000,9.41400000,9.62200000,1514529.24000000,14450931.60754000,53385,678119.88000000,6473254.96377000
2022-12-13,9.62300000,9.88800000,9.13000000,9.75400000,2584818.63000000,24667077.15149000,88610,1161869.76000000,11090977.51435000
2022-12-14,9.75500000,10.01800000,9.51000000,9.59100000,1868175.23000000,18311062.02427000,64511,886563.91000000,8696628.31172000
2022-12-15,9.59600000,9.66900000,9.37000000,9.42600000,1249265.34000000,11915045.82848000,42604,557499.81000000,5320299.73591000
2022-12-16,9.43000000,9.52200000,8.43700000,8.58700000,2067982.16000000,18635763.02548000,82739,930034.75000000,8383129.03504000
2022-12-17,8.58500000,8.81100000,8.46900000,8.80300000,1069959.72000000,9286274.62858000,42052,493790.79000000,4286932.66412000
2022-12-18,8.80400000,8.95000000,8.75200000,8.85700000,905122.01000000,8006585.58255000,32818,425368.54000000,3764276.92850000
2022-12-19,8.85800000,8.94500000,8.56300000,8.64400000,1256913.62000000,11057212.74492000,47830,561852.80000000,4940594.06543000
2022-12-20,8.64200000,9.04800000,8.54500000,8.95100000,1488982.31000000,13238063.79341000,49972,720484.97000000,6408336.01807000
2022-12-21,8.95200000,9.05400000,8.76300000,8.86400000,1385151.08000000,12371872.93479000,43071,586515.26000000,5238378.57761000
2022-12-22,8.86400000,9.01000000,8.66900000,8.99000000,1308518.62000000,11598220.06387000,43497,614529.97000000,5449961.77522000
2022-12-23,8.99000000,9.05000000,8.88300000,8.91300000,1004144.93000000,9009127.51559000,34496,466848.19000000,4189430.76148000
2022-12-24,8.91300000,9.05000000,8.88200000,8.96200000,982387.34000000,8826249.63627000,28270,470964.13000000,4230215.61886000
2022-12-25,8.96200000,9.12700000,8.82300000,9.01000000,925842.16000000,8293404.01992000,31168,436309.69000000,3909108.78904000
2022-12-26,9.01200000,9.19700000,9.00600000,9.18300000,1057109.05000000,9613463.25199000,29785,514496.07000000,4679108.40431000
2022-12-27,9.18600000,9.44000000,9.13300000,9.21500000,1715598.95000000,15910348.67014000,49491,828254.88000000,7682691.57960000
2022-12-28,9.21500000,9.28000000,8.90600000,9.13400000,2127419.90000000,19406879.26169000,56177,962874.15000000,8783258.28541000
2022-12-29,9.13400000,9.39900000,9.02200000,9.33000000,1892003.40000000,17528656.49216000,48439,891625.17000000,8262767.37114000
2022-12-30,9.33000000,9.39900000,9.21400000,9.38200000,1570631.73000000,14657394.00032000,42264,746412.65000000,6966283.37708000
2022-12-31,9.38200000,9.47500000,9.26400000,9.35300000,881458.00000000,8262582.20216000,24190,397963.43000000,3732309.43826000
2023-01-01,9.35500000,9.47900000,9.30200000,9.46200000,770066.14000000,7238386.42978000,23090,364061.09000000,3422413.97918000
2023-01-02,9.46000000,10.05500000,9.38300000,9.81800000,2417260.38000000,23708070.03799000,66883,1189918.12000000,11666446.00271000
2023-01-03,9.81800000,10.45200000,9.75500000,10.15700000,3026088.93000000,30561337.59101000,75621,1408450.10000000,14221048.44664000
2023-01-04,10.15700000,10.48700000,10.04700000,10.19600000,2495644.89000000,25598568.02967000,72964,1199323.98000000,12302969.07440000
2023-01-05,10.19700000,10.23500000,9.98900000,10.08500000,1374921.87000000,13889427.92034000,50489,598171.41000000,6043274.15164000
2023-01-06,10.08600000,10.29500000,9.91000000,10.25100000,1609589.03000000,16189698.05582000,58473,761382.30000000,7659353.88247000
2023-01-07,10.25400000,10.37100000,10.13900000,10.19600000,792550.64000000,8116887.29229000,38178,360775.02000000,3695615.56607000
2023-01-08,10.19600000,10.60500000,9.98800000,10.54900000,1907691.90000000,19629305.45145000,62837,955101.55000000,9824563.86711000
2023-01-09,10.54900000,11.50800000,10.52000000,11.11200000,3837626.63000000,42722660.80419000,128118,1792494.16000000,19951000.98135000
2023-01-10,11.11100000,11.34800000,10.85100000,11.32700000,1590479.17000000,17728876.95674000,57044,739883.66000000,8248306.06396000
2023-01-11,11.32700000,11.90400000,11.05300000,11.85600000,1748292.60000000,19803798.94587000,68312,825707.12000000,9366104.58215000
2023-01-12,11.85300000,12.35700000,11.54000000,12.27300000,3013448.73000000,35863257.19269000,119169,1462703.67000000,17419789.08135000
2023-01-13,12.27100000,12.52200000,11.91300000,12.40600000,2059354.84000000,25056024.76108000,85272,938186.51000000,11420196.22898000
2023-01-14,12.40800000,13.43400000,12.06600000,12.87400000,4590987.91000000,58629533.24737000,185054,2270713.87000000,29025604.71565000
2023-01-15,12.87400000,13.35500000,12.37000000,12.77800000,1950223.32000000,24794925.16234000,86628,911994.08000000,11612198.02837000
2023-01-16,12.77600000,13.07200000,12.04100000,12.34200000,2632182.71000000,32914254.30237000,108358,1266586.81000000,15858768.97929000
2023-01-17,12.34400000,12.64000000,12.05000000,12.15500000,2002391.20000000,24830575.63813000,80199,1031743.90000000,12793306.81482000
2023-01-18,12.15600000,12.53700000,11.40100000,11.54200000,2427316.39000000,29088950.66377000,109074,1128977.30000000,13531784.77488000
2023-01-19,11.53500000,12.09700000,11.53100000,12.01200000,1183895.81000000,13996933.26749000,56960,583318.45000000,6903484.63519000
2023-01-20,12.01000000,13.39000000,11.92800000,13.14400000,2239008.05000000,28242386.92237000,114259,1137597.68000000,14346908.40032000
2023-01-21,13.14400000,13.62000000,12.86800000,13.08300000,2586327.49000000,34309579.11188000,118498,1275783.34000000,16920523.74114000
2023-01-22,13.08700000,13.79900000,12.80100000,13.32800000,2959555.52000000,39081832.43848000,124412,1523413.16000000,20098531.05509000
2023-01-23,13.32400000,13.57000000,12.79000000,13.06000000,1862884.32000000,24532491.78031000,86585,969324.66000000,12765747.87327000
2023-01-24,13.06800000,13.38000000,12.34000000,12.44500000,1474837.98000000,19153678.45852000,76834,696671.10000000,9054116.64637000
2023-01-25,12.44400000,13.76200000,12.13700000,13.56100000,2733851.97000000,35676374.60015000,133280,1359637.43000000,17763823.69979000
2023-01-26,13.56200000,13.72100000,12.80000000,13.11100000,2601521.50000000,34385515.77807000,116751,1236274.28000000,16346614.96573000
2023-01-27,13.10700000,13.63300000,12.61100000,13.53200000,2078289.13000000,27286663.27245000,96294,1013111.50000000,13309055.90644000
2023-01-28,13.53000000,13.89800000,13.03700000,13.22000000,1875738.51000000,25230006.88037000,87888,962633.20000000,12940736.91488000
2023-01-29,13.22000000,13.96000000,13.01900000,13.80300000,1890777.78000000,25740717.15547000,85393,989484.59000000,13480598.66013000
2023-01-30,13.80500000,14.00000000,12.75000000,13.07300000,2189288.86000000,29240273.82196000,106091,1064898.11000000,14228003.04060000
2023-01-31,13.06800000,13.48900000,13.02200000,13.36200000,1511153.22000000,20050301.46254000,76056,726378.72000000,9637523.38890000
2023-02-01,13.36300000,14.94000000,13.27100000,14.92500000,4944426.40000000,69793446.18205000,228782,2398381.47000000,33865681.75184000
2023-02-02,14.92800000,15.23000000,14.23100000,14.40700000,3484156.26000000,51443898.73309000,147694,1623038.67000000,23975477.33995000
2023-02-03,14.40900000,15.45000000,14.35600000,14.99200000,2746783.98000000,40974152.68080000,151988,1372029.14000000,20480746.90538000
2023-02-04,14.99100000,15.08600000,14.57300000,14.66500000,1358301.69000000,20193682.86001000,68965,641577.34000000,9538522.21999000
2023-02-05,14.66300000,14.80800000,14.07100000,14.73600000,2177134.11000000,31570954.69701000,108673,1014117.92000000,14708886.78161000
2023-02-06,14.73900000,14.89500000,14.00000000,14.14300000,1696770.06000000,24444091.43468000,88712,843075.35000000,12157667.65540000
2023-02-07,14.13900000,15.07100000,14.10000000,14.95700000,2542423.54000000,37092601.63731000,109465,1231826.44000000,17969828.93932000
2023-02-08,14.95200000,15.37600000,14.57000000,15.15100000,2811740.38000000,42253712.38255000,135525,1349037.81000000,20276650.26521000
2023-02-09,15.15300000,15.35200000,13.18000000,13.53000000,3372906.85000000,48517207.93482000,155313,1571345.73000000,22623120.04027000
2023-02-10,13.52900000,14.00000000,13.41400000,13.70500000,1991837.12000000,27385024.96035000,103340,1002565.87000000,13788458.83958000
2023-02-11,13.69500000,13.79500000,13.41600000,13.74900000,948742.70000000,12895695.49800000,49997,464966.63000000,6320954.06018000
2023-02-12,13.74800000,13.94800000,13.37600000,13.53900000,992527.46000000,13666423.75513000,48891,499275.28000000,6881214.58578000
2023-02-13,13.54300000,13.54500000,12.66700000,13.12900000,2010111.41000000,26354780.34284000,89876,869776.45000000,11395729.46682000
2023-02-14,13.13000000,13.57800000,12.70600000,13.39900000,2025045.53000000,26860232.06978000,105133,1011465.17000000,13428649.81374000
2023-02-15,13.39900000,14.30000000,13.22700000,14.29700000,1887845.86000000,25697468.68771000,104980,992252.61000000,13520853.20527000
2023-02-16,14.29700000,14.41000000,13.37200000,13.42700000,2689651.21000000,37731594.30355000,141235,1247022.41000000,17502747.55345000
2023-02-17,13.42700000,14.33600000,13.33800000,14.17000000,1856732.18000000,25823691.11144000,101910,912538.55000000,12699128.45700000
2023-02-18,14.17000000,14.49900000,13.92400000,14.28900000,1573416.25000000,22351462.10870000,78342,772982.43000000,10986158.49981000
2023-02-19,14.29000000,14.78400000,13.95000000,14.12600000,2752285.26000000,39854757.75625000,128442,1254899.67000000,18176246.45921000
2023-02-20,14.12600000,14.59500000,13.81000000,14.42300000,1841110.05000000,26351995.20540000,98074,905130.53000000,12957287.70309000
2023-02-21,14.42400000,14.62000000,13.61200000,13.86600000,1979920.65000000,27872556.17105000,100959,933071.53000000,13143904.35175000
2023-02-22,13.86700000,14.02100000,13.19000000,13.58700000,1722062.18000000,23340240.19820000,86547,845521.87000000,11459458.24298000
2023-02-23,13.58700000,13.95000000,13.45300000,13.73800000,1247193.25000000,17064058.62246000,67787,596109.90000000,8157108.80499000
2023-02-24,13.73400000,13.84800000,12.85000000,13.08000000,1698892.71000000,22584821.73367000,88786,829450.34000000,11019375.50208000
2023-02-25,13.07900000,13.21500000,12.46600000,12.84200000,1499663.67000000,19403455.66211000,76940,721977.05000000,9347075.46858000
2023-02-26,12.83800000,13.10000000,12.77000000,12.96100000,991142.45000000,12829542.36667000,52284,503185.11000000,6511910.82350000
2023-02-27,12.96000000,13.10000000,12.58200000,12.78600000,1142283.99000000,14645687.70468000,66717,576576.15000000,7397023.50052000
2023-02-28,12.78400000,12.80000000,12.11300000,12.27900000,1243928.23000000,15536364.15402000,66054,644861.37000000,8051096.88662000
2023-03-01,12.27900000,12.94600000,12.21300000,12.77800000,1453616.26000000,18379822.22251000,64759,756689.68000000,9554406.91627000
2023-03-02,12.77900000,12.86900000,12.15600000,12.46600000,1108793.07000000,13793253.32628000,53325,536226.30000000,6674797.38875000
2023-03-03,12.46500000,12.47500000,11.55400000,12.01600000,1423281.30000000,16939674.03128000,71445,692156.97000000,8235444.81571000
2023-03-04,12.01500000,12.08600000,11.60500000,11.84300000,553288.34000000,6578239.33873000,30822,271646.30000000,3229435.34332000
2023-03-05,11.84200000,12.26500000,11.83200000,12.01900000,986698.80000000,11969735.83631000,46701,489382.37000000,5938297.74153000
2023-03-06,12.01900000,12.22500000,11.84000000,11.97800000,701811.61000000,8440199.08722000,39352,350787.08000000,4220794.36213000
2023-03-07,11.97800000,12.08400000,11.42400000,11.75000000,1116207.11000000,13094845.10160000,54615,537869.66000000,6312189.38894000
2023-03-08,11.75300000,11.82100000,10.85000000,10.95800000,1337397.77000000,15101617.24977000,68304,633321.20000000,7151206.78338000
2023-03-09,10.95700000,11.06200000,10.42300000,11.03200000,3540605.22000000,38133985.67722000,146867,1821998.29000000,19608454.16889000
2023-03-10,11.03200000,11.40500000,10.29100000,11.14100000,4156792.30000000,45243925.15149000,181095,2039713.33000000,22207557.59838000
2023-03-11,11.14200000,11.37700000,10.55600000,11.01900000,2695664.13000000,29505534.22370000,120988,1351560.90000000,14788766.47359000
2023-03-12,11.02000000,11.73900000,10.87600000,11.69500000,2123379.29000000,23799074.92074000,98915,1124878.34000000,12622563.80657000
2023-03-13,11.69400000,12.23800000,11.28100000,11.98400000,2874750.29000000,33939390.65348000,139359,1452813.06000000,17163983.36128000
2023-03-14,11.98400000,13.48700000,11.87100000,13.04000000,4666632.78000000,59264200.82140000,223430,2318426.33000000,29422497.86037000
2023-03-15,13.03800000,13.34400000,11.59400000,12.41600000,4194228.38000000,52641061.70545000,204049,2117626.36000000,26598047.64045000
2023-03-16,12.40900000,12.97900000,12.27000000,12.81400000,2593318.01000000,32683177.60122000,143228,1331818.73000000,16789483.25202000
2023-03-17,12.81100000,13.25000000,12.61500000,13.16600000,2495770.73000000,32346680.50625000,142222,1302435.15000000,16880653.58246000
2023-03-18,13.16400000,13.41900000,12.05000000,12.21800000,3654000.88000000,46927611.79385000,196992,1738948.50000000,22317442.07535000
2023-03-19,12.22000000,13.06800000,12.05000000,12.30600000,2682551.98000000,33619734.04740000,150694,1332500.57000000,16698787.07642000
2023-03-20,12.30800000,12.44500000,11.47200000,11.54500000,2679318.66000000,31979071.67139000,146880,1344573.46000000,16045603.06085000
2023-03-21,11.54900000,12.17300000,11.25100000,11.91500000,2409510.45000000,28341341.01540000,124109,1217921.61000000,14334235.34733000
2023-03-22,11.91600000,11.99600000,10.91800000,11.32700000,3003953.70000000,34646106.14397000,169299,1469858.78000000,16983239.76909000
2023-03-23,11.32700000,12.38000000,11.22700000,11.68300000,1932059.48000000,22523286.92492000,98740,1015102.03000000,11848531.73768000
2023-03-24,11.68000000,11.72400000,10.98000000,11.19200000,1537028.73000000,17443291.89640000,88585,757176.75000000,8605433.09194000
2023-03-25,11.19300000,11.89800000,10.91700000,11.08500000,1248714.55000000,13925329.80466000,63942,671147.22000000,7493212.85336000
2023-03-26,11.08600000,11.46300000,11.02800000,11.32600000,904183.17000000,10191327.11663000,46410,455962.85000000,5140243.26452000
2023-03-27,11.32700000,11.35400000,10.61100000,10.83800000,1736664.43000000,19036585.72433000,73630,870334.20000000,9548539.70139000
2023-03-28,10.83700000,11.65000000,10.67500000,11.21200000,2078626.23000000,23129582.91892000,96982,1119166.21000000,12458934.24361000
2023-03-29,11.21300000,11.55400000,11.10000000,11.43000000,4197271.82000000,47424243.08670000,177887,2121320.88000000,23974195.08623000
2023-03-30,11.42900000,11.56700000,10.91800000,11.14900000,2554870.77000000,28523172.57765000,115732,1236136.06000000,13806047.29365000
2023-03-31,11.14900000,11.39000000,10.98000000,11.18800000,2122617.80000000,23710476.87005000,88595,1123896.64000000,12554234.82426000
2023-04-01,11.18800000,11.49900000,11.04200000,11.38300000,1766629.63000000,19840870.03702000,76232,877378.20000000,9855579.58793000
2023-04-02,11.38400000,11.59000000,10.96700000,11.12000000,1762619.27000000,19898139.44298000,86710,817501.10000000,9235685.60251000
2023-04-03,11.12100000,11.26300000,10.69200000,11.14700000,2437287.39000000,26860993.86170000,121886,1137374.01000000,12541653.80451000
2023-04-04,11.14700000,11.42700000,11.03000000,11.28500000,2293322.08000000,25843949.46210000,84673,1150729.84000000,12973320.88248000
2023-04-05,11.28300000,11.59700000,11.12600000,11.52300000,2313664.50000000,26392391.53528000,87147,1092249.43000000,12463790.56026000
2023-04-06,11.52300000,11.63400000,11.23300000,11.33400000,2088084.31000000,23855583.79079000,83250,1031985.33000000,11791136.00500000
2023-04-07,11.33400000,11.35600000,10.91900000,11.04600000,1999070.48000000,22121834.68743000,79737,911044.06000000,10081213.33422000
2023-04-08,11.04500000,11.19600000,10.86600000,10.95900000,1098295.31000000,12110449.69840000,50189,496725.97000000,5482615.59561000
2023-04-09,10.95900000,11.09300000,10.86200000,11.02800000,936338.61000000,10271093.79463000,39147,477928.42000000,5243314.30866000
2023-04-10,11.02800000,11.23000000,10.91000000,11.18000000,1399850.30000000,15489014.35387000,59758,691935.40000000,7661336.27948000
2023-04-11,11.18000000,11.40900000,11.11500000,11.26700000,1718610.86000000,19386693.17068000,78807,778215.91000000,8781498.05288000
2023-04-12,11.26700000,11.36200000,10.92100000,11.31800000,1846368.86000000,20659497.85847000,85859,884564.71000000,9900176.71583000
2023-04-13,11.31800000,11.99700000,11.24000000,11.80700000,2345843.40000000,27365299.70634000,101290,1224986.78000000,14282082.25188000
2023-04-14,11.80500000,12.46000000,11.79100000,12.25400000,3931691.17000000,47971119.11325000,173702,2000538.97000000,24414156.04600000
2023-04-15,12.25200000,12.48500000,12.03900000,12.37100000,1838098.61000000,22593286.86011000,82073,914872.83000000,11248856.31250000
2023-04-16,12.36900000,12.90000000,12.36700000,12.66200000,2646291.43000000,33583184.66598000,120667,1358771.38000000,17242027.21706000
2023-04-17,12.66200000,12.94000000,12.31000000,12.35200000,2187222.50000000,27532257.91433000,102118,1031626.55000000,12991429.87807000
2023-04-18,12.35200000,12.77300000,12.15400000,12.55500000,1888010.50000000,23650068.50508000,84979,920298.79000000,11531137.88136000
2023-04-19,12.55500000,12.58600000,11.47800000,11.70200000,3442606.38000000,40945118.39665000,161463,1628130.01000000,19357281.88439000
2023-04-20,11.69600000,12.12700000,11.27900000,11.39300000,2760386.06000000,32295086.12059000,133606,1411674.96000000,16524476.32804000
2023-04-21,11.39200000,11.49100000,10.63900000,10.80700000,2904058.12000000,32185570.67518000,126963,1503591.47000000,16678365.84879000
2023-04-22,10.80700000,11.05200000,10.70000000,11.03000000,1434226.76000000,15629089.95949000,65936,734884.51000000,8008649.60297000
2023-04-23,11.03500000,11.04500000,10.56900000,10.81600000,1165478.59000000,12628892.84452000,54785,538970.70000000,5839801.20759000
2023-04-24,10.81900000,10.98400000,10.65000000,10.90300000,1392230.10000000,15067219.76312000,63050,709164.16000000,7673824.45299000
2023-04-25,10.90300000,11.09000000,10.65700000,11.05000000,1269398.63000000,13760459.05776000,57013,645360.31000000,6997854.90643000
2023-04-26,11.04800000,11.39900000,10.20000000,10.93700000,2969497.98000000,32371238.25193000,132699,1469396.83000000,16031336.55199000
2023-04-27,10.94100000,11.78100000,10.88000000,11.51900000,2968922.76000000,33819445.13500000,142379,1530244.76000000,17439653.15828000
2023-04-28,11.51800000,11.76700000,11.27400000,11.71500000,1654062.88000000,19090780.87802000,75497,849762.22000000,9813710.27553000
2023-04-29,11.71500000,11.83200000,11.53200000,11.70700000,928025.25000000,10857452.92833000,45296,456908.08000000,5346780.44565000
2023-04-30,11.70800000,11.95800000,11.46000000,11.51500000,1334539.94000000,15678960.50313000,67320,689890.84000000,8107136.40976000
2023-05-01,11.51300000,11.56900000,10.83100000,11.00300000,1895490.75000000,21103968.41827000,93433,947489.87000000,10545388.61087000
2023-05-02,11.00000000,11.11000000,10.88400000,11.03000000,974178.79000000,10719713.54450000,45961,483518.93000000,5322189.68632000
2023-05-03,11.03200000,11.16100000,10.74800000,11.10200000,1436293.40000000,15701370.62413000,73419,703597.44000000,7692964.99714000
2023-05-04,11.10200000,11.14200000,10.88800000,10.98000000,941697.70000000,10363221.65654000,39291,486189.64000000,5352908.02915000
2023-05-05,10.97900000,11.30700000,10.94000000,11.21400000,1173260.80000000,13078500.94579000,52628,579869.03000000,6462664.89400000
2023-05-06,11.21400000,11.29500000,10.75600000,10.84100000,992886.54000000,10894693.67013000,45237,480345.49000000,5273397.18389000
2023-05-07,10.84100000,11.09700000,10.77400000,10.97400000,811361.93000000,8868897.21887000,34887,423276.71000000,4626879.01595000
2023-05-08,10.97000000,11.14400000,10.39300000,10.59100000,2932929.87000000,31605183.88266000,130260,1451759.87000000,15661050.10353000
2023-05-09,10.59000000,10.71600000,10.14800000,10.37500000,1909951.00000000,19941249.86556000,78011,909625.95000000,9510584.79380000
2023-05-10,10.37500000,11.20000000,10.20000000,10.98300000,3105538.77000000,33426855.53581000,139219,1510781.06000000,16254864.73349000
2023-05-11,10.98500000,11.07900000,10.51100000,11.02600000,2367306.81000000,25707133.56795000,112048,1160917.06000000,12602932.76550000
2023-05-12,11.02400000,11.27800000,10.72900000,11.15200000,2730596.50000000,30130233.36740000,126345,1388093.99000000,15316088.43421000
2023-05-13,11.15100000,11.17200000,10.81100000,10.88300000,1451623.75000000,15859979.45070000,56135,697619.56000000,7619194.64153000
2023-05-14,10.88200000,11.10400000,10.80400000,10.91800000,1695546.34000000,18516847.08124000,55003,856842.75000000,9352234.40704000
2023-05-15,10.91800000,11.10400000,10.72500000,10.79800000,1248831.16000000,13668779.17950000,49956,589389.64000000,6453008.23003000
2023-05-16,10.79500000,11.19100000,10.68400000,10.88800000,1084260.79000000,11750155.49944000,45651,548647.45000000,5950008.06126000
2023-05-17,10.88700000,11.07900000,10.72000000,10.93700000,1151106.20000000,12539738.53081000,50146,561569.48000000,6118256.04549000
2023-05-18,10.93800000,11.00400000,10.49300000,10.73600000,1584901.80000000,17128803.21326000,61601,787535.67000000,8523099.13268000
2023-05-19,10.73800000,10.74600000,10.40800000,10.61400000,1406031.03000000,14858200.21022000,50808,761102.82000000,8042205.28862000
2023-05-20,10.61400000,10.64200000,10.51900000,10.61000000,580547.14000000,6138128.58242000,21953,295643.82000000,3126019.15787000
2023-05-21,10.61200000,10.61900000,10.40300000,10.47400000,593938.69000000,6240877.58272000,25899,275381.28000000,2892638.98836000
2023-05-22,10.47000000,10.58400000,10.32500000,10.48800000,612776.11000000,6415609.03175000,25787,300911.78000000,3150636.36509000
2023-05-23,10.48800000,10.62300000,10.44500000,10.52700000,832620.67000000,8762389.09183000,32041,414887.84000000,4367042.32159000
2023-05-24,10.52700000,10.53500000,10.20000000,10.41300000,1037466.90000000,10732758.01381000,39811,480243.98000000,4967640.27329000
2023-05-25,10.41300000,10.55700000,10.22300000,10.47600000,935809.88000000,9783876.55751000,32532,480241.11000000,5021236.61284000
2023-05-26,10.47600000,10.61000000,10.41800000,10.53000000,739144.56000000,7769437.11857000,26074,359604.23000000,3779732.87898000
2023-05-27,10.53000000,10.59800000,10.45500000,10.54400000,536939.60000000,5653458.35393000,19130,274275.84000000,2888279.91311000
2023-05-28,10.54400000,10.95300000,10.50800000,10.93200000,993471.22000000,10634592.44061000,39483,517521.28000000,5540139.15243000
2023-05-29,10.93600000,10.96900000,10.70200000,10.75100000,732320.67000000,7924522.89017000,28069,319961.37000000,3463502.52495000
2023-05-30,10.75000000,10.90000000,10.72600000,10.83700000,678313.19000000,7341267.86506000,27867,344865.88000000,3732409.46241000
2023-05-31,10.83200000,10.88300000,10.41800000,10.45800000,959597.23000000,10166320.09397000,36899,416669.04000000,4414669.22963000
2023-06-01,10.45800000,10.49100000,10.19700000,10.33000000,1076434.71000000,11130172.55852000,41348,500506.04000000,5177393.38970000
2023-06-02,10.32900000,10.66900000,10.25200000,10.65300000,799611.13000000,8429909.26280000,32838,429620.98000000,4528920.07639000
2023-06-03,10.65600000,10.77000000,10.54400000,10.70000000,474508.87000000,5053200.66706000,19238,225585.95000000,2402790.48018000
2023-06-04,10.69900000,10.84900000,10.65600000,10.75000000,575227.56000000,6201682.39888000,24203,304063.73000000,3278120.56397000
2023-06-05,10.74900000,10.81500000,9.86500000,10.00500000,1969299.76000000,20177378.03997000,82079,888073.40000000,9110333.51604000
2023-06-06,10.00600000,10.28400000,9.80300000,10.14800000,1069914.36000000,10753023.38966000,42373,509377.58000000,5119908.98258000
2023-06-07,10.14700000,10.17200000,9.33900000,9.43400000,1244910.36000000,12122708.89548000,52672,582119.47000000,5663902.19107000
2023-06-08,9.43600000,9.62900000,9.33100000,9.43700000,912479.66000000,8654352.81250000,33134,447908.82000000,4248854.98410000
2023-06-09,9.43800000,9.47200000,9.14700000,9.17400000,1223755.94000000,11393900.40287000,39962,619151.34000000,5765207.73287000
2023-06-10,9.17600000,9.18000000,7.01000000,8.23700000,4232118.58000000,34076963.33663000,182404,2130609.10000000,17127128.92582000
2023-06-11,8.23700000,8.50800000,8.11600000,8.44400000,1254000.84000000,10381067.64776000,51802,595876.40000000,4939700.33507000
2023-06-12,8.44300000,8.84300000,8.25500000,8.73800000,1414412.60000000,12142936.60106000,58196,714895.15000000,6141520.04580000
2023-06-13,8.74000000,8.95100000,8.54200000,8.64900000,1106953.62000000,9651264.95338000,42587,549132.94000000,4788983.70307000
2023-06-14,8.65000000,8.84500000,8.37500000,8.50200000,1198259.74000000,10341165.11527000,44512,572071.55000000,4941719.72814000
2023-06-15,8.50300000,8.77100000,8.41100000,8.66500000,1519554.44000000,13028754.60675000,57222,695955.64000000,5970540.78366000
2023-06-16,8.66500000,8.94000000,8.55700000,8.76400000,978598.65000000,8532873.61988000,35637,470377.34000000,4101064.45578000
2023-06-17,8.76300000,8.98200000,8.68900000,8.90300000,645610.56000000,5726337.50179000,26418,319493.42000000,2834865.47240000
2023-06-18,8.90200000,8.93400000,8.47700000,8.56800000,897485.09000000,7838571.00356000,29976,447668.58000000,3909778.31825000
2023-06-19,8.56500000,8.63600000,8.34000000,8.59900000,879121.04000000,7487217.43516000,29979,436715.61000000,3718859.32604000
2023-06-20,8.60400000,8.79400000,8.26300000,8.77000000,1353659.52000000,11579700.22274000,42544,716684.24000000,6123802.87599000
2023-06-21,8.77100000,9.12700000,8.74600000,9.03800000,1678420.46000000,14977829.09838000,61634,865546.22000000,7723826.98512000
2023-06-22,9.03800000,9.41500000,8.98500000,9.00200000,1394446.55000000,12817823.63576000,53326,682933.88000000,6276185.33638000
2023-06-23,9.00200000,9.42800000,8.98900000,9.31000000,1035964.33000000,9552009.81326000,44078,534652.66000000,4932070.41167000
2023-06-24,9.31300000,9.48400000,9.09200000,9.38500000,922825.88000000,8603488.17569000,36063,446583.45000000,4163645.10498000
2023-06-25,9.38600000,9.74400000,9.35400000,9.45200000,1001075.30000000,9584797.15040000,41347,490742.64000000,4698464.50903000
2023-06-26,9.45200000,9.52400000,9.09800000,9.18500000,999578.12000000,9315569.77970000,44405,483922.26000000,4511107.09762000
2023-06-27,9.18400000,9.44700000,9.16500000,9.42800000,926043.43000000,8625996.60699000,38249,479812.05000000,4471457.76213000
2023-06-28,9.42700000,9.43900000,8.95000000,9.12600000,1177991.02000000,10834513.30528000,54625,670738.11000000,6171216.90683000
2023-06-29,9.12600000,9.70000000,8.97400000,8.97600000,1236995.08000000,11401476.33423000,45476,653526.45000000,6020518.10986000
2023-06-30,8.97700000,9.43600000,8.74100000,9.28900000,2175272.65000000,19972158.42021000,84695,1060161.11000000,9732647.15010000
2023-07-01,9.28900000,9.57900000,9.15500000,9.55900000,1255616.32000000,11793224.44638000,41974,631319.28000000,5932390.59129000
2023-07-02,9.55900000,9.60000000,9.33500000,9.59900000,930966.70000000,8815045.67925000,35298,451840.26000000,4279355.75170000
2023-07-03,9.59900000,10.10200000,9.56400000,9.94200000,1416709.12000000,13977383.47507000,57215,693158.38000000,6837392.34390000
2023-07-04,9.94400000,9.96300000,9.62200000,9.68400000,1085032.40000000,10627253.13510000,39931,513678.28000000,5030541.90412000
2023-07-05,9.68500000,9.87800000,9.25500000,9.39600000,1523001.39000000,14510822.94202000,58049,774911.42000000,7380045.42961000
2023-07-06,9.39500000,9.65000000,9.10000000,9.18100000,1330064.53000000,12477999.51723000,51779,648370.99000000,6083889.70564000
2023-07-07,9.17500000,9.37600000,9.10000000,9.16900000,811383.42000000,7502795.75330000,31447,370953.98000000,3432345.80930000
2023-07-08,9.16800000,9.30500000,9.08700000,9.20800000,638938.47000000,5870904.99461000,24307,312344.02000000,2870718.88377000
2023-07-09,9.20700000,9.61200000,9.18600000,9.42600000,885765.93000000,8342673.49970000,34537,435938.31000000,4105406.05809000
2023-07-10,9.42700000,9.43700000,9.17500000,9.24200000,1232530.99000000,11453403.41811000,44795,620616.72000000,5766013.39703000
2023-07-11,9.24100000,9.36300000,9.15300000,9.19800000,783490.58000000,7244312.44673000,32578,389510.22000000,3601801.65937000
2023-07-12,9.19700000,9.29100000,8.96500000,9.06900000,902211.22000000,8254191.23575000,32809,476104.98000000,4357010.45117000
2023-07-13,9.06900000,9.90500000,8.93800000,9.88900000,2451711.48000000,23265154.60643000,90822,1269930.13000000,12050903.93064000
2023-07-14,9.88900000,10.29100000,9.42700000,9.78700000,2988277.88000000,29659973.79820000,111314,1474078.19000000,14638497.46823000
2023-07-15,9.78700000,9.98500000,9.63400000,9.71200000,979835.37000000,9577388.19337000,42100,485317.47000000,4742934.01277000
2023-07-16,9.71100000,9.73000000,9.33300000,9.39500000,1041811.87000000,9943987.76954000,41001,518928.82000000,4954905.26466000
2023-07-17,9.39500000,9.60700000,9.16400000,9.43100000,1406646.27000000,13223429.30013000,57463,700948.20000000,6599724.12059000
2023-07-18,9.43000000,9.51700000,9.10000000,9.28800000,1028638.18000000,9553871.30533000,38940,506798.21000000,4713769.01063000
2023-07-19,9.28500000,9.41500000,9.12200000,9.18400000,1116609.81000000,10336862.35732000,37992,565138.61000000,5234181.01475000
2023-07-20,9.18300000,9.59600000,9.14800000,9.37200000,1497817.22000000,14045475.82925000,45848,693535.20000000,6504043.54853000
2023-07-21,9.37200000,9.53800000,9.29500000,9.42600000,1007217.48000000,9499498.99427000,31085,491280.46000000,4633702.04531000
2023-07-22,9.42200000,9.57000000,9.18300000,9.26500000,1038985.77000000,9767103.96122000,32096,482217.10000000,4533299.55434000
2023-07-23,9.26600000,9.36500000,9.22200000,9.27800000,590016.24000000,5482712.88267000,19828,292621.04000000,2719535.93349000
2023-07-24,9.27700000,9.29500000,8.84400000,9.00500000,1227388.55000000,11121635.90094000,37243,527388.33000000,4776945.97696000
2023-07-25,9.00500000,9.06500000,8.92100000,8.95500000,794756.22000000,7133987.63512000,21120,389839.79000000,3500033.48095000
2023-07-26,8.95500000,9.03900000,8.77700000,8.98800000,1101466.95000000,9817172.39238000,29942,564959.19000000,5039170.70714000
2023-07-27,8.98400000,9.10500000,8.85400000,8.91400000,672056.85000000,6041416.40366000,23169,349902.55000000,3145455.37535000
2023-07-28,8.91100000,9.06900000,8.85500000,9.02400000,587440.04000000,5274415.19545000,17422,284451.79000000,2553150.47198000
2023-07-29,9.02800000,9.09200000,8.98300000,9.07700000,404708.41000000,3660021.15665000,13577,189856.50000000,1716875.05368000
2023-07-30,9.07600000,9.09700000,8.84400000,9.00800000,654452.82000000,5900577.54077000,24118,293793.47000000,2648470.27045000
2023-07-31,9.00700000,9.11600000,8.75400000,8.86200000,856518.94000000,7668520.94777000,28267,392859.15000000,3514782.63992000
2023-08-01,8.86400000,8.99000000,8.59000000,8.98000000,1070119.06000000,9396108.56768000,33629,521457.20000000,4580540.31820000
2023-08-02,8.98100000,9.02500000,8.68200000,8.71700000,897845.49000000,7955142.46338000,28643,422423.03000000,3743950.60162000
2023-08-03,8.71400000,8.78100000,8.58500000,8.61600000,737076.59000000,6400483.07050000,22757,339263.52000000,2947984.11823000
2023-08-04,8.61600000,8.68200000,8.37100000,8.47900000,854731.43000000,7312638.62622000,27698,398655.99000000,3410627.22187000
2023-08-05,8.47900000,8.54100000,8.36800000,8.50700000,665698.51000000,5621417.92404000,18791,338180.73000000,2855119.91308000
2023-08-06,8.50800000,8.58400000,8.44900000,8.48600000,553919.77000000,4717599.97237000,17928,285357.17000000,2430230.71887000
2023-08-07,8.49000000,8.59200000,8.26500000,8.49900000,1095875.76000000,9255472.92815000,30262,541796.89000000,4577660.02018000
2023-08-08,8.50100000,8.66700000,8.44800000,8.52100000,978778.97000000,8368827.61051000,31950,480053.13000000,4106311.55823000
2023-08-09,8.52200000,8.67800000,8.43300000,8.54500000,738045.65000000,6307655.85102000,22635,364306.42000000,3115667.89120000
2023-08-10,8.54600000,8.56900000,8.40300000,8.41600000,689840.04000000,5844872.36599000,20396,321784.61000000,2726875.43863000
2023-08-11,8.41900000,8.46500000,8.31000000,8.34900000,752563.35000000,6306286.02149000,18534,365835.23000000,3066122.38550000
2023-08-12,8.34800000,8.44000000,8.33700000,8.42100000,678137.27000000,5686682.44672000,18759,318056.02000000,2668312.92875000
2023-08-13,8.42000000,8.50800000,8.34700000,8.37500000,592151.89000000,4989962.70095000,18779,296463.94000000,2499128.63380000
2023-08-14,8.37500000,8.57500000,8.32600000,8.51600000,699463.57000000,5923868.46880000,20799,356037.99000000,3016040.32369000
2023-08-15,8.51600000,8.55600000,7.81800000,8.10900000,1396214.64000000,11512598.20776000,41000,673407.40000000,5542534.55444000
2023-08-16,8.10500000,8.12900000,7.59100000,7.80200000,1397206.84000000,11010315.61995000,37428,637868.82000000,5024526.14418000
2023-08-17,7.80200000,8.25000000,7.12100000,7.38700000,6336247.47000000,50052751.56530000,210449,2985752.30000000,23569560.87182000
2023-08-18,7.38700000,7.69600000,7.36100000,7.57100000,2592940.39000000,19487446.06442000,72568,1323505.70000000,9949332.44281000
2023-08-19,7.57300000,7.73700000,7.50300000,7.70300000,812234.90000000,6173244.88199000,23448,400745.47000000,3047240.33662000
2023-08-20,7.70400000,7.90300000,7.68900000,7.86600000,865738.76000000,6750321.74700000,28795,462091.25000000,3603413.33245000
2023-08-21,7.86500000,7.89200000,7.40700000,7.54600000,1071781.92000000,8178751.84077000,32535,519332.58000000,3959220.00519000
2023-08-22,7.54400000,7.55800000,7.10500000,7.40100000,1420968.55000000,10447123.99271000,47988,694867.82000000,5105399.32445000
2023-08-23,7.40300000,7.52900000,7.30900000,7.42900000,1026253.75000000,7614254.05909000,38258,529707.93000000,3930161.29008000
2023-08-24,7.42900000,7.45400000,7.09300000,7.20600000,1254195.03000000,9131796.85849000,43381,625115.13000000,4557051.96317000
2023-08-25,7.20700000,7.27300000,7.03100000,7.24600000,1116174.31000000,8014789.18180000,33985,587000.49000000,4216452.17123000
2023-08-26,7.24600000,7.26200000,7.13500000,7.15400000,1199365.33000000,8639806.74525000,25132,581248.64000000,4190672.72835000
2023-08-27,7.15300000,7.21100000,7.09500000,7.18000000,536603.15000000,3835020.69964000,16419,242021.66000000,1730568.80010000
2023-08-28,7.18100000,7.28200000,7.05100000,7.26700000,860797.77000000,6167303.14368000,26479,399562.69000000,2863293.50312000
2023-08-29,7.26800000,7.51900000,7.11300000,7.44300000,1513116.42000000,11118332.14287000,53746,757219.77000000,5566465.76284000
2023-08-30,7.44300000,7.45800000,7.17200000,7.22100000,1016397.84000000,7416115.31249000,29638,515032.18000000,3757256.69647000
2023-08-31,7.22200000,7.26800000,6.80000000,6.92400000,1622862.21000000,11470421.83863000,51426,799908.54000000,5661301.43122000
2023-09-01,6.92400000,6.97800000,6.64100000,6.66500000,1341722.73000000,9128992.31087000,37118,751988.81000000,5110106.28059000
2023-09-02,6.66300000,6.83300000,6.62900000,6.82500000,792791.27000000,5326190.63913000,23115,484246.11000000,3251427.61653000
2023-09-03,6.82800000,6.88100000,6.75800000,6.80500000,678322.37000000,4627579.05171000,21045,345072.60000000,2353519.00771000
2023-09-04,6.80400000,6.92200000,6.66900000,6.72300000,1279860.09000000,8707003.37656000,32875,699622.47000000,4760951.65137000
2023-09-05,6.72100000,6.85600000,6.66400000,6.81300000,998006.81000000,6753856.67394000,28897,514211.68000000,3478770.30573000
2023-09-06,6.81500000,6.92700000,6.70100000,6.89500000,889485.91000000,6066632.80686000,27876,451982.27000000,3084570.13931000
2023-09-07,6.89400000,6.99100000,6.80800000,6.94800000,796780.92000000,5487775.34227000,25019,409513.32000000,2820296.22131000
2023-09-08,6.95000000,7.00000000,6.77100000,6.83700000,778978.15000000,5359936.90297000,23524,401163.25000000,2759244.80700000
2023-09-09,6.83600000,6.92900000,6.80700000,6.85100000,677434.15000000,4646152.45388000,17655,369700.91000000,2536145.73434000
2023-09-10,6.85100000,6.85300000,6.50100000,6.66000000,1163809.01000000,7797236.90126000,40426,571036.39000000,3825270.47470000
2023-09-11,6.66000000,6.68600000,6.28700000,6.37500000,2411023.10000000,15546686.89210000,61869,1187386.28000000,7650910.16147000
2023-09-12,6.37400000,6.56500000,6.33500000,6.38000000,1336356.14000000,8598175.41244000,40426,625406.27000000,4026919.68524000
2023-09-13,6.38000000,6.66200000,6.36000000,6.53900000,1171388.24000000,7606278.79055000,33517,603210.85000000,3915463.62054000
2023-09-14,6.53900000,6.92000000,6.50000000,6.83400000,1504448.04000000,10069693.13186000,45380,810697.52000000,5430132.92807000
2023-09-15,6.83500000,7.05200000,6.75700000,6.93300000,1333196.08000000,9149190.79727000,39570,619110.91000000,4251481.53611000
2023-09-16,6.93300000,7.17200000,6.93300000,7.14400000,936919.09000000,6639091.81121000,31737,485975.05000000,3443200.29591000
2023-09-17,7.14500000,7.17100000,6.90000000,6.94300000,1173770.19000000,8263792.25404000,42187,607884.80000000,4280998.63991000
2023-09-18,6.94300000,7.50000000,6.84000000,7.38400000,1949357.96000000,14170091.49088000,60651,1063042.01000000,7726060.35982000
2023-09-19,7.37900000,7.58700000,7.19700000,7.50300000,1494600.73000000,11080739.01862000,46316,797590.86000000,5917171.93981000
2023-09-20,7.50300000,7.51400000,7.17100000,7.29200000,1106490.50000000,8101279.22193000,35891,565623.86000000,4140324.89725000
2023-09-21,7.29400000,7.51200000,7.12700000,7.14800000,1777543.68000000,13140732.86909000,45946,730672.42000000,5397331.17266000
2023-09-22,7.14800000,7.23700000,7.03300000,7.13100000,931375.02000000,6653048.51011000,31279,465961.53000000,3329027.89965000
2023-09-23,7.13200000,7.25000000,7.05000000,7.08500000,849828.57000000,6040153.15155000,23839,472401.38000000,3358733.26889000
2023-09-24,7.08500000,7.14800000,6.95900000,6.98000000,589450.80000000,4155824.94148000,20474,267826.75000000,1889581.77793000
2023-09-25,6.98100000,7.08000000,6.90000000,7.03900000,1127854.82000000,7885049.02755000,34388,496733.11000000,3474367.74023000
2023-09-26,7.04000000,7.09300000,6.86600000,6.95800000,945195.13000000,6632535.46590000,25809,439195.86000000,3081497.88423000
2023-09-27,6.95800000,7.13500000,6.89300000,6.97000000,1004230.08000000,7024594.07902000,32582,484309.94000000,3388985.47456000
2023-09-28,6.97100000,7.19800000,6.93400000,7.10600000,1062320.43000000,7532162.00020000,35916,560431.07000000,3975159.75379000
2023-09-29,7.10700000,7.19600000,7.07200000,7.10200000,716936.11000000,5111931.15604000,26408,372356.62000000,2655677.41092000
2023-09-30,7.10100000,7.30000000,7.08900000,7.23500000,685659.23000000,4941998.45690000,27101,348497.03000000,2511699.89749000
2023-10-01,7.23700000,7.66600000,7.17600000,7.56500000,1366624.64000000,10101988.49333000,46836,721621.41000000,5339798.72330000
2023-10-02,7.56600000,7.58800000,7.08800000,7.14400000,1423670.07000000,10505858.71716000,52063,616751.30000000,4549378.94442000
2023-10-03,7.14400000,7.28000000,7.03100000,7.06300000,970450.83000000,6960716.26523000,37075,488207.14000000,3505590.57836000
2023-10-04,7.06200000,7.06700000,6.85200000,6.96300000,1121746.32000000,7822416.88433000,43547,573123.11000000,3998716.81771000
2023-10-05,6.96300000,6.99600000,6.76900000,6.83000000,916538.07000000,6317686.77494000,36230,410219.84000000,2828128.64537000
2023-10-06,6.83200000,6.97500000,6.80800000,6.90900000,686839.59000000,4733624.31664000,27293,362348.53000000,2498314.03460000
2023-10-07,6.91000000,6.99500000,6.86700000,6.96300000,601673.72000000,4173619.44475000,19682,294069.17000000,2040073.14789000
2023-10-08,6.96300000,7.00000000,6.84900000,6.94200000,618332.13000000,4276107.30935000,18322,312898.58000000,2164738.72306000
2023-10-09,6.94400000,6.96000000,6.57500000,6.83200000,1271434.54000000,8581586.39746000,38738,599247.45000000,4047612.02287000
2023-10-10,6.83200000,7.37000000,6.59400000,6.68000000,5459671.40000000,38177733.41515000,140440,2636064.10000000,18437883.06558000
2023-10-11,6.67900000,6.75400000,6.47900000,6.70600000,1463591.68000000,9707087.12251000,44935,695324.16000000,4612676.26897000
2023-10-12,6.70400000,6.73300000,6.37300000,6.58400000,1700233.87000000,11108843.35896000,46191,998260.23000000,6521444.39225000
2023-10-13,6.58500000,6.65000000,6.50100000,6.56500000,975899.90000000,6443170.46048000,31963,467969.56000000,3090167.62853000
2023-10-14,6.56500000,6.66100000,6.55900000,6.58100000,463422.86000000,3064117.82604000,14842,227055.75000000,1501254.67918000
2023-10-15,6.58100000,6.69000000,6.52300000,6.60000000,1000933.93000000,6607754.04972000,26717,501807.97000000,3310648.47921000
2023-10-16,6.60100000,6.80500000,6.55800000,6.62700000,1773544.72000000,11804767.18924000,49379,904467.66000000,6022663.29773000
2023-10-17,6.62800000,6.63200000,6.37700000,6.44300000,1058891.37000000,6862448.33852000,28067,492981.21000000,3194134.74042000
2023-10-18,6.44400000,6.48400000,6.28700000,6.29200000,1143198.31000000,7293391.93991000,26523,618978.65000000,3950084.03973000
2023-10-19,6.29300000,6.29300000,6.15800000,6.26300000,1409092.49000000,8774930.30778000,33628,701926.26000000,4371106.62901000
2023-10-20,6.26300000,6.48400000,6.24700000,6.40700000,1421213.89000000,9066533.98891000,35672,742043.95000000,4734051.32223000
2023-10-21,6.40700000,6.69900000,6.36100000,6.62900000,1520330.15000000,9932537.49634000,35925,906730.40000000,5915428.61289000
2023-10-22,6.62900000,6.76200000,6.50300000,6.75500000,1437084.46000000,9517970.25192000,36182,753474.27000000,4991950.82615000
2023-10-23,6.75400000,7.06200000,6.61400000,7.03200000,2972510.41000000,20142546.15088000,74546,1515320.62000000,10268893.33700000
2023-10-24,7.03300000,7.31300000,6.72000000,7.00200000,4853520.59000000,34279527.96993000,112506,2432351.52000000,17187618.22601000
2023-10-25,7.00200000,7.22300000,6.86000000,7.11600000,2408114.30000000,17006015.81049000,62249,1209510.21000000,8540304.89835000
2023-10-26,7.11800000,7.37900000,6.90200000,7.16800000,2979952.04000000,21294515.12707000,112185,1554706.97000000,11115084.26185000
2023-10-27,7.17000000,7.17900000,6.90000000,7.02700000,1484717.96000000,10458365.79916000,56114,784987.87000000,5529619.93616000
2023-10-28,7.02600000,7.22200000,7.01900000,7.18300000,1030981.31000000,7380054.96540000,40408,535884.19000000,3835835.12134000
2023-10-29,7.18100000,7.39000000,7.04000000,7.31400000,1287829.94000000,9313290.21766000,37570,672382.08000000,4865936.37530000
2023-10-30,7.31300000,8.14500000,7.19900000,8.10500000,4190291.27000000,32066627.06157000,120035,2199160.74000000,16820336.82165000
2023-10-31,8.10200000,8.24900000,7.65100000,7.92900000,5836059.21000000,46451474.17350000,170384,2816533.89000000,22426361.37540000
2023-11-01,7.92700000,8.03100000,7.53800000,7.88600000,4644560.82000000,36132083.31329000,126165,2397838.35000000,18669065.92509000
2023-11-02,7.88700000,8.09800000,7.52700000,7.83300000,4618140.27000000,36142420.53915000,118232,2254815.40000000,17645934.95424000
2023-11-03,7.83300000,7.83400000,7.51400000,7.75400000,3314326.61000000,25465976.95961000,107031,1565591.12000000,12030631.26614000
2023-11-04,7.75400000,8.22800000,7.70400000,8.09300000,3694014.76000000,29136344.83871000,89806,1814638.47000000,14319391.38183000
2023-11-05,8.09200000,8.55000000,8.04600000,8.35800000,4592113.06000000,38357071.11685000,140557,2218430.57000000,18556257.70682000
2023-11-06,8.35800000,8.76200000,8.30500000,8.73800000,3411600.26000000,29146967.24229000,130490,1756696.71000000,15016516.30669000
2023-11-07,8.73400000,8.74200000,8.15300000,8.46300000,3167265.87000000,26655512.76778000,119275,1553885.96000000,13068821.86738000
2023-11-08,8.46400000,8.75600000,8.36700000,8.65000000,2454465.66000000,21079233.12714000,86247,1174244.06000000,10082918.09770000
2023-11-09,8.65000000,9.06600000,8.13000000,9.02300000,5736471.69000000,50213348.80792000,198241,2709484.31000000,23732642.57871000
2023-11-10,9.02600000,9.54400000,8.93400000,9.17800000,5665848.60000000,52183873.92633000,200801,2768989.77000000,25526383.88270000
2023-11-11,9.17800000,9.44900000,8.85900000,9.23900000,3034301.61000000,27864188.47009000,126631,1521203.64000000,13969961.56626000
2023-11-12,9.24100000,9.70000000,8.87200000,9.52700000,3560214.76000000,33431860.82393000,137010,1843131.36000000,17313398.03014000
2023-11-13,9.52800000,10.57900000,9.16900000,9.17300000,7317236.91000000,72354763.71124000,311867,3688715.69000000,36468919.10124000
2023-11-14,9.17500000,9.41000000,8.62000000,9.11800000,6023952.47000000,55234079.18161000,205776,2999034.78000000,27523811.40844000
2023-11-15,9.11600000,9.79300000,8.95100000,9.64600000,5049213.80000000,47699746.56644000,171977,2617099.94000000,24711190.35359000
2023-11-16,9.64600000,10.19500000,9.42400000,9.59400000,5713053.52000000,56245429.38905000,246995,2772323.72000000,27297225.87519000
2023-11-17,9.59400000,10.22300000,9.03800000,9.39000000,4041826.86000000,38824162.03142000,171521,1945022.01000000,18715161.05070000
2023-11-18,9.38900000,9.42000000,8.86500000,9.23100000,3547210.02000000,32545707.28915000,120999,1690924.56000000,15515314.79106000
2023-11-19,9.23000000,9.39600000,8.96600000,9.36500000,2344474.39000000,21525576.55208000,84958,1142162.81000000,10489248.79087000
2023-11-20,9.36600000,9.54700000,8.87700000,8.96600000,3400076.82000000,31621651.64936000,115953,1671277.60000000,15553913.86664000
2023-11-21,8.96600000,9.07800000,8.18800000,8.20300000,4425541.53000000,38685399.47551000,182544,2143292.56000000,18740853.42872000
2023-11-22,8.19900000,8.92400000,8.17900000,8.80600000,2922591.38000000,25261636.77698000,88581,1410807.70000000,12201061.55963000
2023-11-23,8.80500000,9.07700000,8.65700000,8.74400000,1888757.11000000,16738324.78065000,74597,887004.72000000,7856481.04096000
2023-11-24,8.75200000,9.08900000,8.71200000,8.90800000,2643683.77000000,23542454.28210000,100470,1325225.89000000,11805863.75213000
2023-11-25,8.90800000,9.67500000,8.84100000,9.49100000,2648668.07000000,24475023.80696000,98262,1287775.01000000,11919666.65565000
2023-11-26,9.49100000,10.01300000,9.26700000,9.91200000,6272048.44000000,61016056.85545000,230882,3265160.01000000,31790302.97129000
2023-11-27,9.91200000,9.95100000,8.96000000,9.30700000,3895989.42000000,36554809.49400000,142186,1866841.90000000,17489716.19408000
2023-11-28,9.30700000,9.36100000,8.78600000,9.25600000,3333002.78000000,30325785.95030000,124014,1571842.79000000,14293077.36921000
2023-11-29,9.25400000,9.32600000,9.01000000,9.22200000,2472582.04000000,22747681.81391000,84965,1127008.74000000,10371097.90239000
2023-11-30,9.22500000,9.50000000,9.12300000,9.24900000,2456821.19000000,22807347.25114000,88757,1308607.22000000,12152371.68998000
2023-12-01,9.24900000,9.47200000,9.17900000,9.46600000,1851704.83000000,17371714.13022000,71712,944121.75000000,8860006.15267000
2023-12-02,9.46600000,9.70200000,9.39400000,9.63500000,1949092.36000000,18599624.59878000,85162,967949.75000000,9240572.23893000
2023-12-03,9.63500000,9.65600000,9.35000000,9.53900000,1811334.41000000,17211397.77449000,82888,836701.34000000,7951562.93920000
2023-12-04,9.54100000,9.87600000,9.20500000,9.77700000,5677618.72000000,54499527.08746000,220389,3110915.05000000,29859355.85046000
2023-12-05,9.77700000,9.93300000,9.48200000,9.89100000,3816600.51000000,37033299.14937000,166977,1986971.99000000,19300158.20844000
2023-12-06,9.89100000,10.29000000,9.70000000,9.74500000,6076391.93000000,60514179.65518000,267028,3111139.31000000,30988730.79588000
2023-12-07,9.74500000,10.03200000,9.54700000,9.90200000,3873663.22000000,38084523.64507000,168152,1912937.06000000,18806582.73603000
2023-12-08,9.90100000,10.68500000,9.82800000,10.40600000,4826866.69000000,49368447.27863000,191027,2447506.53000000,25022390.65680000
2023-12-09,10.41000000,11.35800000,10.38000000,10.46800000,6755392.31000000,73464260.50512000,326344,3437815.53000000,37383028.64232000
2023-12-10,10.46900000,10.70000000,10.10300000,10.69400000,2858327.15000000,29818787.64230000,139226,1431249.50000000,14933548.89664000
2023-12-11,10.69100000,10.70500000,9.45000000,9.86000000,5747794.74000000,57123517.12593000,277463,2873040.60000000,28542869.37918000
2023-12-12,9.86100000,12.41200000,9.82300000,11.74400000,13344301.03000000,151383422.92332000,667124,6615678.49000000,75073562.57064000
2023-12-13,11.74200000,11.92700000,10.73700000,11.65700000,9214603.53000000,103564629.22757000,472222,4679780.38000000,52613769.99713000
2023-12-14,11.66000000,11.93200000,11.01300000,11.53400000,6058054.56000000,69546191.92516000,264895,2991793.80000000,34342675.04816000
2023-12-15,11.53500000,11.54800000,10.82700000,10.88400000,4172905.39000000,46766263.42044000,181428,2028241.73000000,22739023.61040000
2023-12-16,10.88300000,12.10000000,10.69100000,12.05000000,4888833.60000000,56211571.18943000,215126,2494805.07000000,28686063.33708000
2023-12-17,12.04500000,12.08000000,11.06500000,11.10400000,4560084.23000000,52449665.98451000,213787,2229205.08000000,25637659.22877000
2023-12-18,11.10400000,11.15300000,10.20000000,10.90200000,4674443.36000000,49824029.86881000,194691,2305324.17000000,24564935.62207000
2023-12-19,10.90200000,11.02900000,10.28600000,10.42100000,3602473.22000000,38427063.95921000,144042,1718852.77000000,18345984.89759000
2023-12-20,10.42100000,10.90000000,10.23400000,10.66300000,4637987.25000000,49387530.14390000,161380,2332814.54000000,24849756.26638000
2023-12-21,10.66200000,11.70200000,10.48500000,11.40200000,6570770.65000000,71749812.52251000,212042,3484627.51000000,38061490.98504000
2023-12-22,11.40100000,11.75000000,10.96800000,11.39900000,5268763.21000000,59625141.58360000,213100,2579171.63000000,29194071.50136000
2023-12-23,11.39900000,11.41900000,11.04300000,11.33000000,3271338.98000000,36681628.64800000,122257,1626376.32000000,18232863.44197000
2023-12-24,11.33000000,11.75000000,11.05400000,11.23300000,5377444.69000000,61763503.13079000,232239,2659923.35000000,30558735.42884000
2023-12-25,11.22900000,12.05600000,11.00100000,11.89400000,4906600.46000000,56949371.26096000,230814,2431918.71000000,28251746.58520000
2023-12-26,11.89400000,12.60000000,11.06900000,11.63700000,9068321.44000000,108858495.20717000,446861,4446182.24000000,53412037.96756000
2023-12-27,11.63700000,12.10000000,11.15300000,11.96000000,3901854.62000000,45628943.93753000,205698,1944514.44000000,22754402.08519000
2023-12-28,11.96200000,12.21900000,11.29300000,11.40000000,4411529.23000000,51633374.68219000,213093,2122752.64000000,24841907.91733000
2023-12-29,11.39600000,11.54000000,10.70100000,10.98600000,4119385.67000000,46128625.34664000,181934,2029959.10000000,22744284.21517000
2023-12-30,10.98600000,11.03200000,10.56800000,10.75000000,2755027.24000000,29762123.58299000,106791,1320981.67000000,14270227.63134000
2023-12-31,10.75000000,10.99000000,10.33000000,10.60000000,2683841.16000000,29028564.52692000,104458,1335913.44000000,14454944.06750000
2024-01-01,10.60000000,11.20400000,10.45200000,11.20100000,2227784.22000000,24250114.15650000,88025,1114247.00000000,12127141.28873000
2024-01-02,11.20100000,11.42200000,10.92600000,10.96300000,3090508.99000000,34670475.82661000,119607,1468072.18000000,16468610.49201000
2024-01-03,10.96000000,11.38200000,9.12300000,9.92200000,7009719.63000000,72771291.92329000,285937,3425372.37000000,35520594.47663000
2024-01-04,9.92200000,10.35700000,9.73800000,10.26800000,4863069.88000000,49160431.68907000,163497,2746539.68000000,27780962.46708000
2024-01-05,10.26800000,10.80000000,9.73700000,10.32800000,6714398.32000000,68829661.89186000,257068,3308393.42000000,33936476.77060000
2024-01-06,10.32400000,10.41000000,9.51900000,9.82900000,4294855.09000000,42514843.04126000,171746,2142053.94000000,21210724.03088000
2024-01-07,9.82700000,9.91400000,9.31000000,9.41000000,3089679.48000000,30062524.11410000,127209,1417639.14000000,13802093.27756000
2024-01-08,9.41000000,9.98700000,8.88000000,9.95000000,4015397.82000000,37920481.08355000,156324,1955138.53000000,18476554.35941000
2024-01-09,9.94800000,10.07000000,9.37000000,9.66600000,4760005.68000000,46368382.92770000,202509,2365983.53000000,23062819.14577000
2024-01-10,9.66500000,10.64400000,9.34100000,10.38500000,4032696.59000000,39846469.67643000,168982,2032946.91000000,20110486.30016000
2024-01-11,10.39000000,10.89900000,10.20700000,10.65500000,4556173.34000000,48222618.48409000,188083,2216675.91000000,23475633.06924000
2024-01-12,10.65500000,10.94700000,9.60500000,9.96500000,5147343.63000000,53729041.96681000,208514,2318013.83000000,24202846.65182000
2024-01-13,9.96400000,10.34400000,9.65400000,10.20800000,2313015.11000000,23348834.19783000,97493,1135214.45000000,11463597.89327000
2024-01-14,10.20700000,10.57000000,9.95700000,9.99400000,2996046.10000000,30677458.43699000,114698,1450880.74000000,14857511.17411000
2024-01-15,9.99800000,10.40700000,9.96700000,10.18300000,3120614.92000000,31704178.52369000,108915,1580014.82000000,16054845.93857000
2024-01-16,10.18400000,10.59100000,10.05600000,10.28800000,2897613.39000000,29923786.62604000,108390,1397953.78000000,14437833.06340000
2024-01-17,10.28700000,10.35000000,10.03200000,10.15300000,2160975.84000000,21942088.93171000,79101,1006242.82000000,10217211.88298000
2024-01-18,10.15400000,10.26300000,9.54200000,9.70000000,2640214.97000000,26096536.98928000,91950,1270303.10000000,12564260.09488000
2024-01-19,9.70000000,9.89300000,9.27000000,9.71000000,2994846.61000000,28738213.48099000,106829,1470539.24000000,14113672.36471000
2024-01-20,9.71100000,9.85200000,9.59200000,9.84500000,1096706.67000000,10627619.21368000,42866,551180.26000000,5342263.56521000
2024-01-21,9.84300000,9.94400000,9.62400000,9.65100000,1282178.34000000,12537090.43686000,62667,558754.43000000,5466563.77764000
2024-01-22,9.64900000,9.68300000,9.04200000,9.18000000,2886509.38000000,26973547.14274000,99176,1343638.64000000,12551850.68840000
2024-01-23,9.17800000,9.34000000,8.70000000,9.23000000,2891628.93000000,26039881.16598000,104623,1409754.49000000,12698434.23541000
2024-01-24,9.22600000,9.37200000,9.14100000,9.34400000,1363197.30000000,12617001.82219000,52078,683698.30000000,6332034.06502000
2024-01-25,9.34400000,9.36000000,9.05100000,9.23400000,1372898.68000000,12635735.80903000,54427,640531.29000000,5896387.54715000
2024-01-26,9.23400000,9.75000000,9.16400000,9.63000000,1367523.54000000,13022973.23407000,55308,665982.28000000,6341807.44036000
2024-01-27,9.63000000,9.73300000,9.43300000,9.67100000,1204603.16000000,11538802.91315000,51811,605911.91000000,5805640.72408000
2024-01-28,9.67200000,9.77000000,9.34600000,9.42900000,1658925.92000000,15867482.25611000,57786,860816.30000000,8238598.80113000
2024-01-29,9.43100000,9.69500000,9.38200000,9.66400000,1568666.83000000,15015469.91928000,56980,844727.37000000,8089186.76834000
2024-01-30,9.66500000,9.72800000,9.31000000,9.40800000,1806814.14000000,17312033.40668000,62837,923822.86000000,8850032.73061000
2024-01-31,9.41000000,9.44900000,9.01300000,9.10800000,2775564.58000000,25706386.89357000,81950,1537903.67000000,14244340.13302000
2024-02-01,9.10800000,9.24500000,8.96300000,9.13600000,1770713.90000000,16130455.75221000,56265,957592.40000000,8729754.89257000
2024-02-02,9.13700000,9.28400000,9.09000000,9.16700000,1386186.96000000,12725717.71805000,43760,720594.15000000,6616548.13629000
2024-02-03,9.16800000,9.21700000,9.04300000,9.04800000,857448.01000000,7853784.89347000,29695,396341.40000000,3631233.93308000
2024-02-04,9.04900000,9.11000000,8.93700000,8.96600000,857646.42000000,7757577.49492000,32001,386263.19000000,3495033.99568000
2024-02-05,8.96300000,9.18000000,8.84300000,9.05800000,1228189.89000000,11114223.34673000,42401,549370.00000000,4973511.45084000
2024-02-06,9.06100000,9.23400000,9.03600000,9.13000000,1514585.93000000,13839257.49504000,50235,745429.78000000,6814011.09415000
2024-02-07,9.13000000,9.66800000,9.12000000,9.59700000,2311057.11000000,21656123.33281000,68939,1284746.29000000,12037805.00864000
2024-02-08,9.59700000,9.73900000,9.44000000,9.64100000,2163362.38000000,20709782.08409000,75622,1076099.78000000,10305119.99531000
2024-02-09,9.64200000,10.19900000,9.61200000,10.02000000,3095124.02000000,30802115.31720000,110729,1606971.83000000,15995008.52469000
2024-02-10,10.02100000,10.09400000,9.90400000,9.97100000,1453812.45000000,14555189.37304000,68199,726122.82000000,7271348.64766000
2024-02-11,9.97000000,10.26600000,9.63300000,9.74000000,4018120.61000000,39912689.57770000,133285,1992819.45000000,19805979.25333000
2024-02-12,9.74000000,10.03000000,9.50100000,9.91100000,3486068.51000000,34085804.75765000,115440,1754008.26000000,17131662.95726000
2024-02-13,9.91100000,10.38200000,9.86800000,10.29300000,4752142.61000000,47973901.12451000,163487,2403385.84000000,24284988.19895000
2024-02-14,10.29500000,10.42700000,10.05900000,10.24400000,3391888.05000000,34729887.25182000,127573,1480231.98000000,15161091.45407000
2024-02-15,10.24300000,10.45300000,10.08300000,10.32900000,3572996.19000000,36680781.73137000,130932,1846608.76000000,18965907.14430000
2024-02-16,10.33000000,10.47700000,9.99100000,10.23500000,2559775.31000000,26267517.09506000,106950,1290162.69000000,13246269.05834000
2024-02-17,10.23700000,10.33100000,9.87600000,10.27500000,2044705.30000000,20762482.23593000,75121,918276.00000000,9323570.02930000
2024-02-18,10.27500000,10.64400000,10.19700000,10.59400000,2293061.53000000,23923347.01898000,98485,1217824.84000000,12716053.10334000
2024-02-19,10.59300000,10.78800000,10.47800000,10.72900000,2702153.97000000,28724612.18174000,89851,1326161.50000000,14102227.89529000
2024-02-20,10.72900000,10.75200000,10.00000000,10.36900000,3453939.80000000,35917410.14184000,123974,1640090.75000000,17053147.47676000
2024-02-21,10.36800000,10.36900000,9.73400000,9.98300000,3081154.47000000,30704719.47106000,109546,1475958.73000000,14710796.67803000
2024-02-22,9.98400000,10.04700000,9.70800000,9.78600000,2790382.09000000,27616787.94452000,89028,1427631.00000000,14133103.34174000
2024-02-23,9.78700000,10.05900000,9.67600000,9.95700000,3076138.99000000,30390756.53409000,93529,1532525.89000000,15147788.45337000
2024-02-24,9.95900000,10.57900000,9.76400000,10.41800000,3423655.76000000,35280416.03525000,115807,1802958.92000000,18585827.00031000
2024-02-25,10.41800000,10.45100000,10.21300000,10.37500000,1578418.21000000,16285261.64396000,64866,750305.60000000,7742566.40055000
2024-02-26,10.37600000,11.17100000,10.26300000,11.13800000,4507482.24000000,48400263.04698000,180494,2420830.81000000,26033503.60061000
2024-02-27,11.13500000,11.49300000,10.83200000,11.21000000,5357462.53000000,60060405.92819000,198139,2479268.08000000,27809291.98984000
2024-02-28,11.21200000,11.71800000,10.66000000,11.39700000,5745137.63000000,65202333.69226000,236866,2943702.50000000,33439773.77366000
2024-02-29,11.39700000,12.23300000,11.00100000,11.28200000,6004179.92000000,70105116.34792000,253654,3037712.10000000,35542963.72004000
2024-03-01,11.27800000,11.64900000,11.20400000,11.64100000,3413532.85000000,38797105.25503000,133803,1840973.02000000,20932354.06057000
2024-03-02,11.64200000,12.20000000,11.59400000,12.19900000,4086507.42000000,48704007.39801000,164351,1994341.47000000,23778730.64014000
2024-03-03,12.19900000,12.28000000,11.20000000,12.15200000,3862964.14000000,46027973.35881000,181256,1920072.18000000,22901972.66838000
2024-03-04,12.15700000,12.84700000,12.07100000,12.48000000,6282955.27000000,78276570.59445000,261934,3129393.30000000,39000310.25749000
2024-03-05,12.48100000,12.88500000,10.71800000,12.00000000,10239003.83000000,125473281.81655000,513271,4941625.53000000,60611332.83535000
2024-03-06,12.00000000,14.30100000,11.53100000,14.22200000,7732011.16000000,99551400.77174000,349315,4052339.97000000,52224865.97650000
2024-03-07,14.22100000,14.58500000,13.53300000,13.89300000,5819880.70000000,80965199.96555000,252119,2930280.40000000,40801261.52470000
2024-03-08,13.89800000,14.00100000,12.90600000,13.40800000,4512796.02000000,60517367.57358000,208736,1978223.33000000,26477426.52827000
2024-03-09,13.40800000,13.89900000,13.29900000,13.34700000,3803136.90000000,51802868.16472000,150576,1830167.25000000,24934106.17474000
2024-03-10,13.34700000,13.55200000,12.86500000,13.17100000,4034257.57000000,53552371.65504000,155755,2035876.27000000,27029688.97043000
2024-03-11,13.16900000,13.86500000,12.61200000,13.70500000,5781455.71000000,77942485.36014000,224952,2956188.52000000,39894662.66632000
2024-03-12,13.70700000,13.82900000,12.65000000,13.41000000,5491243.58000000,73165380.05419000,249941,2811420.24000000,37420667.61304000
2024-03-13,13.41000000,14.13500000,13.25900000,14.11400000,4383579.57000000,59910643.03962000,200375,2314626.43000000,31650397.36377000
2024-03-14,14.11300000,14.27400000,12.91000000,13.68000000,7020397.90000000,95902440.29277000,301422,3539053.00000000,48373208.96222000
2024-03-15,13.68000000,13.84500000,11.81000000,12.63400000,7474377.89000000,94333067.78272000,314069,3743788.73000000,47222812.95480000
2024-03-16,12.63400000,12.90000000,11.60200000,11.93100000,5520599.22000000,68166586.55071000,235485,2586310.98000000,31950660.63080000
2024-03-17,11.93000000,12.39300000,11.48700000,12.27600000,3710951.48000000,44888891.35960000,145512,1773563.88000000,21465787.52182000
2024-03-18,12.26600000,12.44000000,11.53700000,11.72300000,3703431.22000000,44208649.62706000,137445,1806571.82000000,21578134.23190000
2024-03-19,11.72300000,11.83400000,10.63000000,10.89200000,6827540.33000000,75942625.95485000,238429,3436483.32000000,38239324.20148000
2024-03-20,10.89200000,11.78600000,10.69100000,11.75500000,4950241.56000000,55359388.60047000,170773,2654101.92000000,29694881.96440000
2024-03-21,11.75700000,11.98000000,11.51400000,11.63500000,2922343.76000000,34306576.44036000,103053,1461294.43000000,17160207.12213000
2024-03-22,11.63400000,11.83800000,11.09600000,11.41600000,2943359.71000000,33661824.67494000,104966,1431239.76000000,16372547.13284000
2024-03-23,11.41600000,11.63900000,11.23600000,11.33900000,1526883.75000000,17527790.67771000,58515,733205.05000000,8420336.76909000
2024-03-24,11.33700000,11.67800000,11.27500000,11.61100000,1332136.10000000,15265067.40461000,52438,641154.33000000,7348079.47061000
2024-03-25,11.61200000,12.29100000,11.53700000,12.18200000,2596388.72000000,31040108.87543000,90821,1404671.38000000,16804561.29520000
2024-03-26,12.18400000,12.37700000,11.92700000,12.21500000,2670963.65000000,32585142.07962000,100464,1406533.04000000,17166062.40466000
2024-03-27,12.21500000,13.04000000,11.82600000,12.62900000,6495547.33000000,81229442.51725000,230761,3310428.62000000,41415387.69920000
2024-03-28,12.63000000,12.66200000,12.16000000,12.29500000,3201435.97000000,39746478.42313000,123273,1605830.78000000,19940358.02871000
2024-03-29,12.29500000,12.62400000,12.04800000,12.51800000,3177814.36000000,39291186.62882000,123329,1558475.50000000,19275252.62749000
2024-03-30,12.51800000,12.84600000,12.22000000,12.25700000,2489403.72000000,31397811.85158000,93395,1267712.90000000,15998310.74572000
2024-03-31,12.25700000,12.40100000,12.14400000,12.29300000,1542263.18000000,18948936.54443000,74131,771977.08000000,9483709.08722000
2024-04-01,12.29300000,12.39000000,11.38200000,11.63000000,3805052.82000000,44849677.09484000,126622,1840711.86000000,21704750.11087000
2024-04-02,11.63000000,11.63900000,10.81900000,10.96700000,3843021.89000000,42703895.04046000,117919,1938687.65000000,21537612.73737000
2024-04-03,10.96800000,11.23600000,10.64700000,10.82500000,2920598.72000000,32050935.52180000,90621,1385224.94000000,15207523.91518000
2024-04-04,10.82600000,11.30100000,10.66100000,11.01200000,2622584.90000000,28964332.63744000,79972,1318430.95000000,14569588.77005000
2024-04-05,11.01300000,11.05800000,10.63400000,10.89300000,2177322.47000000,23617462.22359000,70028,1051408.92000000,11406376.82526000
2024-04-06,10.89300000,11.18100000,10.84200000,11.09900000,1001203.11000000,11029880.39260000,32549,488970.51000000,5386660.89339000
2024-04-07,11.09900000,11.23400000,10.93300000,11.08100000,1490999.54000000,16584729.15205000,52245,742969.43000000,8268904.48206000
2024-04-08,11.08000000,11.41700000,10.91800000,11.30500000,2666118.35000000,30031612.16526000,88406,1251784.55000000,14095076.83580000
2024-04-09,11.30400000,11.32400000,10.76900000,10.83700000,2684683.93000000,29581448.67213000,91361,1286370.61000000,14168924.41311000
2024-04-10,10.83500000,10.88800000,10.33200000,10.81400000,2947076.02000000,31465453.37238000,95869,1464998.77000000,15643062.37054000
2024-04-11,10.81400000,10.94700000,10.58300000,10.75800000,1830743.51000000,19701635.83592000,60135,880555.01000000,9477767.81531000
2024-04-12,10.75700000,10.90100000,8.77000000,9.37100000,6162510.94000000,59845374.97472000,196808,2926904.51000000,28451601.43517000
2024-04-13,9.37100000,9.37500000,7.24300000,8.07000000,11531760.29000000,95703251.72872000,322105,5751852.67000000,47803617.61736000
2024-04-14,8.06900000,8.53500000,7.76600000,8.33600000,6352957.94000000,52069681.56636000,192317,3112498.56000000,25513707.81012000
2024-04-15,8.33600000,8.73500000,7.86000000,8.13600000,5610585.51000000,46729693.41016000,137410,2765513.38000000,23033473.72291000
2024-04-16,8.13900000,8.24800000,7.77800000,8.16600000,3626766.78000000,29132098.39130000,95026,1774527.04000000,14253966.47973000
2024-04-17,8.16600000,8.28400000,7.78400000,8.04100000,2516746.19000000,20256807.80156000,66468,1260520.16000000,10146672.83481000
2024-04-18,8.04100000,8.32500000,7.88100000,8.19800000,2403610.91000000,19565084.88337000,65398,1218851.90000000,9928744.55168000
2024-04-19,8.19800000,8.38200000,7.60800000,8.15000000,3300468.04000000,26773177.18717000,86745,1630235.14000000,13238168.46727000
2024-04-20,8.14900000,8.69600000,8.09900000,8.67800000,1416798.60000000,11913465.15738000,40821,750260.92000000,6310289.76346000
2024-04-21,8.67700000,8.82300000,8.48900000,8.75600000,1576144.22000000,13656881.58853000,42038,797148.05000000,6910626.97772000
2024-04-22,8.75300000,9.02300000,8.66600000,8.91600000,2845350.87000000,25251515.31348000,69052,1502467.37000000,13336800.17738000
2024-04-23,8.91800000,9.24300000,8.66300000,8.70000000,4511757.84000000,39932511.79840000,98240,2207143.80000000,19521942.93407000
2024-04-24,8.70000000,8.88400000,8.32000000,8.40400000,2809699.41000000,24360189.36354000,67437,1357503.83000000,11776489.44851000
2024-04-25,8.40700000,8.50300000,8.20800000,8.32100000,1803804.20000000,15078803.84187000,47690,861217.27000000,7202918.35687000
2024-04-26,8.32100000,8.40000000,8.12800000,8.30100000,1512115.22000000,12508600.23368000,42650,736329.50000000,6092396.29566000
2024-04-27,8.30300000,8.47800000,8.00000000,8.39700000,1582145.86000000,13041748.46128000,43169,799561.86000000,6591259.65550000
2024-04-28,8.39700000,8.52400000,8.16200000,8.20000000,967511.23000000,8094290.63860000,31332,500070.79000000,4183459.06546000
2024-04-29,8.20200000,8.26000000,7.92800000,8.15100000,1604304.25000000,12947048.47069000,49272,791448.57000000,6388368.89741000
2024-04-30,8.15100000,8.58900000,7.63600000,8.44300000,3834613.12000000,31104630.36815000,108338,1911856.00000000,15528188.52233000
2024-05-01,8.44200000,8.80500000,8.02100000,8.74500000,7381291.74000000,61859451.10473000,187730,3738550.67000000,31367321.59560000
2024-05-02,8.74200000,9.10000000,8.55300000,8.64700000,3350261.26000000,29396695.24586000,97569,1679916.49000000,14740116.83726000
2024-05-03,8.64500000,8.91400000,8.53600000,8.76500000,1583013.12000000,13825455.49087000,56030,826459.41000000,7222492.37084000
2024-05-04,8.76400000,8.83700000,8.65000000,8.69300000,1074742.24000000,9396015.93517000,45982,514257.19000000,4497597.87555000
2024-05-05,8.69300000,9.40500000,8.61700000,9.33500000,2010054.43000000,18191509.26844000,87966,996670.72000000,9020450.04698000
2024-05-06,9.33400000,9.50700000,9.17900000,9.20900000,2563216.84000000,24015852.06563000,92381,1252340.21000000,11739177.82866000
2024-05-07,9.20600000,9.39200000,8.89900000,8.94000000,2173277.30000000,20001428.16394000,68256,1005792.84000000,9261725.99833000
2024-05-08,8.93800000,9.34200000,8.84900000,9.08600000,2538388.86000000,22987821.23155000,77980,1235160.14000000,11187126.64317000
2024-05-09,9.08500000,9.30200000,8.87500000,9.12300000,1880860.62000000,17085223.22485000,65664,936643.25000000,8514484.32679000
2024-05-10,9.12300000,9.17100000,8.61500000,8.64100000,1510834.47000000,13445908.01384000,59054,691611.05000000,6158227.56222000
2024-05-11,8.64100000,8.76000000,8.49100000,8.50300000,899468.89000000,7756481.67306000,42063,423825.72000000,3657169.85556000
2024-05-12,8.50500000,8.66700000,8.46000000,8.47600000,599377.73000000,5136682.05196000,24518,284153.91000000,2435324.55106000
2024-05-13,8.47900000,8.68100000,8.26200000,8.40000000,1289015.50000000,10933571.53675000,45494,623868.90000000,5292812.15611000
2024-05-14,8.40000000,8.44800000,8.11500000,8.13400000,1403381.30000000,11648136.15770000,48445,701513.97000000,5823005.51227000
2024-05-15,8.13500000,8.53000000,7.98700000,8.43400000,2275979.40000000,18742823.95975000,64252,1202811.18000000,9908227.82485000
2024-05-16,8.43400000,8.54400000,8.26400000,8.53300000,2000933.49000000,16861396.13880000,53257,1036831.10000000,8738855.63043000
2024-05-17,8.53400000,8.80000000,8.45200000,8.65500000,2000540.11000000,17279355.31584000,58498,1060924.83000000,9162226.93222000
2024-05-18,8.65600000,8.73700000,8.54600000,8.60300000,1176198.40000000,10172356.14352000,38135,571409.47000000,4942630.83912000
2024-05-19,8.60500000,8.60600000,8.15800000,8.20600000,1062725.84000000,8910834.60691000,38515,562075.15000000,4717609.41412000
2024-05-20,8.20500000,8.96200000,8.10700000,8.92000000,2924601.35000000,24835479.96455000,92233,1616256.00000000,13720859.85863000
2024-05-21,8.91900000,9.04100000,8.70000000,8.78500000,2822350.74000000,24959061.66123000,77004,1361920.33000000,12046668.30902000
2024-05-22,8.78500000,8.83000000,8.45200000,8.56100000,2279363.12000000,19701170.58566000,63907,1158289.48000000,10012034.85164000
2024-05-23,8.56100000,8.64100000,8.01100000,8.36100000,3224518.75000000,26926971.84854000,90542,1550213.16000000,12933087.24284000
2024-05-24,8.35800000,8.49200000,8.19600000,8.46000000,1268435.20000000,10630731.92636000,35770,620655.09000000,5202062.07464000
2024-05-25,8.46100000,8.54300000,8.41800000,8.49100000,755991.09000000,6410992.70792000,23241,368496.52000000,3125461.44958000
2024-05-26,8.49300000,8.51100000,8.27800000,8.40400000,1027230.76000000,8630355.79589000,29396,475707.14000000,3998259.38440000
2024-05-27,8.40400000,8.73400000,8.39000000,8.69500000,1421907.77000000,12200185.82220000,52925,695912.45000000,5971662.49057000
2024-05-28,8.69700000,8.83800000,8.45900000,8.72200000,2164630.22000000,18710387.66861000,82590,1080976.00000000,9344343.28631000
2024-05-29,8.72200000,8.91100000,8.61900000,8.63700000,2387217.26000000,20894458.01605000,84738,1138231.63000000,9964085.08813000
2024-05-30,8.63700000,8.72600000,8.39400000,8.54000000,1531035.37000000,13134634.91365000,64089,731412.18000000,6275026.42412000
2024-05-31,8.54100000,8.54200000,8.24200000,8.30000000,1116070.05000000,9369196.19130000,49915,536636.19000000,4505818.97740000
2024-06-01,8.29900000,8.37900000,8.25600000,8.32600000,637535.43000000,5302851.27502000,27030,308717.15000000,2568191.02235000
2024-06-02,8.32400000,8.40000000,8.17100000,8.29200000,942557.45000000,7828467.31606000,35766,449126.28000000,3731266.16567000
2024-06-03,8.29500000,8.49800000,8.24200000,8.33900000,1190069.19000000,10007022.00575000,49763,551252.07000000,4637110.84522000
2024-06-04,8.34000000,8.54500000,8.28800000,8.53800000,1120073.92000000,9430744.83676000,38162,537107.81000000,4525365.44656000
2024-06-05,8.53900000,8.73800000,8.49400000,8.69200000,1230124.64000000,10587118.39246000,45220,623437.62000000,5368534.74935000
2024-06-06,8.69300000,8.80900000,8.56900000,8.61700000,1514247.32000000,13130636.11926000,57437,698187.63000000,6054869.56793000
2024-06-07,8.61700000,8.70800000,7.50000000,8.10200000,3609416.11000000,29624705.44714000,135082,1806131.68000000,14819013.15184000
2024-06-08,8.10200000,8.12300000,7.71600000,7.75700000,1887973.15000000,14987731.26029000,76233,923667.89000000,7334295.49859000
2024-06-09,7.75700000,8.35000000,7.72600000,7.88000000,1419071.35000000,11142667.94764000,62567,762247.92000000,5986572.84410000
2024-06-10,7.88000000,7.92800000,7.71600000,7.85500000,1417401.44000000,11099909.10481000,52005,690212.58000000,5407518.53878000
2024-06-11,7.85500000,7.86400000,7.37300000,7.51700000,2381580.34000000,18122710.26927000,75118,1130968.61000000,8601330.50186000
2024-06-12,7.51700000,7.89200000,7.40500000,7.77500000,1682582.18000000,12991528.98936000,63196,836471.34000000,6455967.22864000
2024-06-13,7.77500000,7.79900000,7.34500000,7.44100000,1759285.69000000,13279934.86289000,55500,758008.77000000,5730882.01946000
2024-06-14,7.44200000,7.50500000,6.95100000,7.11500000,2287337.87000000,16523752.51867000,79308,1174379.80000000,8494661.53187000
2024-06-15,7.11300000,7.21500000,7.09100000,7.14200000,812946.35000000,5806886.98201000,30455,413489.10000000,2953520.58658000
2024-06-16,7.14400000,7.25200000,7.04900000,7.22200000,600233.45000000,4301566.46588000,29477,274933.99000000,1971101.15691000
2024-06-17,7.22300000,7.24400000,6.75000000,6.99700000,2073491.21000000,14615821.65746000,77167,973314.81000000,6862799.60584000
2024-06-18,6.99700000,7.02200000,6.20200000,6.68800000,4139698.27000000,26939842.22161000,132517,2048980.14000000,13337728.26500000
2024-06-19,6.68900000,6.96400000,6.63900000,6.89400000,1541986.51000000,10526041.63248000,49030,717481.02000000,4898167.42691000
2024-06-20,6.89500000,7.11700000,6.81700000,6.83700000,1513490.07000000,10515369.36883000,47779,736113.71000000,5115825.24274000
2024-06-21,6.83900000,6.93300000,6.75500000,6.78700000,1200186.36000000,8214978.98809000,43923,616551.22000000,4220303.85665000
2024-06-22,6.78800000,6.80800000,6.71500000,6.74400000,630433.80000000,4259926.11976000,28652,284830.11000000,1925706.75608000
2024-06-23,6.74400000,6.84600000,6.61500000,6.69500000,863945.62000000,5832305.72933000,36344,404662.37000000,2735950.84659000
2024-06-24,6.69400000,6.86300000,6.36400000,6.83800000,2064243.44000000,13703193.82987000,68854,1032545.59000000,6855185.66846000
2024-06-25,6.83900000,7.04600000,6.82700000,6.94000000,1375420.84000000,9573326.21223000,52656,803137.90000000,5590068.94795000
2024-06-26,6.94000000,6.98200000,6.73600000,6.79100000,1127984.98000000,7718134.70250000,46603,571349.96000000,3909586.86877000
2024-06-27,6.79200000,7.11200000,6.71900000,6.96500000,1287082.31000000,8867084.00734000,48471,679076.70000000,4676069.25441000
2024-06-28,6.96500000,7.02500000,6.72300000,6.72900000,1166253.17000000,8052833.72582000,48194,560012.50000000,3866720.66281000
2024-06-29,6.73000000,6.89100000,6.58700000,6.60700000,1049464.35000000,7091066.16654000,43868,562273.81000000,3803563.58594000
2024-06-30,6.60700000,6.74900000,6.55000000,6.73300000,991175.56000000,6590047.60093000,42404,493069.92000000,3278498.92430000
2024-07-01,6.73500000,6.84900000,6.69000000,6.81300000,933686.21000000,6322175.82875000,42639,442636.92000000,2998431.24915000
2024-07-02,6.81300000,6.97800000,6.78200000,6.81300000,1399794.38000000,9640838.79601000,47867,671501.93000000,4626562.47538000
2024-07-03,6.81400000,6.86400000,6.27800000,6.38200000,1926000.48000000,12576828.86249000,79086,817361.01000000,5340545.96862000
2024-07-04,6.38200000,6.39800000,5.95200000,5.99000000,2422551.18000000,14968337.84273000,81744,1126959.62000000,6970499.32334000
2024-07-05,5.99200000,5.99800000,5.05100000,5.70400000,5484691.60000000,30042092.84817900,195757,2619994.90000000,14346819.91455000
2024-07-06,5.70400000,6.16500000,5.67400000,6.07300000,1494212.55000000,8815457.43626000,45141,810614.12000000,4787628.56889000
2024-07-07,6.07300000,6.10100000,5.76400000,5.79500000,1180368.65000000,7051721.54430000,40991,586876.70000000,3507697.06960000
2024-07-08,5.79600000,6.22700000,5.58700000,5.82600000,2398442.64000000,14163584.37061000,84101,1239776.53000000,7315981.43721000
2024-07-09,5.82600000,5.97600000,5.77700000,5.93600000,1510441.45000000,8862520.58666000,52985,738371.80000000,4332258.46973000
2024-07-10,5.93800000,6.07700000,5.84100000,6.03800000,1003076.84000000,6009696.50249000,34436,507374.34000000,3040592.70412000
2024-07-11,6.03700000,6.17400000,5.91700000,5.93700000,1126102.44000000,6833701.98107000,39387,558264.50000000,3389506.25472000
2024-07-12,5.93800000,6.15600000,5.86700000,6.15300000,800904.43000000,4805039.33154000,40879,384187.25000000,2307047.48014000
2024-07-13,6.15300000,6.27000000,6.12100000,6.20700000,616415.64000000,3825655.69291000,33083,315946.00000000,1961440.59772000
2024-07-14,6.20800000,6.26900000,6.09600000,6.23100000,779949.39000000,4819288.33812000,41247,374552.98000000,2315141.36177000
2024-07-15,6.22900000,6.51300000,6.21700000,6.50100000,1369464.39000000,8668804.66644000,62509,699687.07000000,4431195.41579000
2024-07-16,6.50300000,6.65100000,6.25700000,6.61200000,1902901.11000000,12338893.63425000,89614,909415.89000000,5899429.99321000
2024-07-17,6.61200000,6.79900000,6.47700000,6.48300000,1345694.08000000,8950780.86158000,73573,625656.75000000,4160478.78809000
2024-07-18,6.48600000,6.58300000,6.23800000,6.31000000,1135752.44000000,7282863.16416000,50331,625076.19000000,4006061.65749000
2024-07-19,6.31000000,6.56000000,6.18400000,6.50100000,1419798.27000000,9026255.34751000,57851,778645.11000000,4945229.25116000
2024-07-20,6.50000000,6.58800000,6.43200000,6.52000000,820488.81000000,5347953.69991000,43994,388388.89000000,2532226.28902000
2024-07-21,6.52100000,6.55100000,6.21300000,6.53300000,1129463.28000000,7261462.63394000,51088,532689.25000000,3424420.28153000
2024-07-22,6.53300000,6.58100000,6.23500000,6.26700000,1807429.99000000,11565922.73066000,70771,869819.65000000,5563378.23745000
2024-07-23,6.26800000,6.32900000,6.06700000,6.17300000,1214087.56000000,7549187.84752000,47174,592977.22000000,3686864.42164000
2024-07-24,6.17300000,6.30200000,5.98200000,6.02600000,787085.86000000,4861623.79234000,29833,358227.20000000,2213544.47183000
2024-07-25,6.02600000,6.04400000,5.69600000,5.92500000,1785284.13000000,10434769.58350000,53014,909260.05000000,5315583.94165000
2024-07-26,5.92400000,6.19200000,5.91100000,6.16800000,1393312.24000000,8502117.94066000,37848,694186.42000000,4231808.15986000
2024-07-27,6.16700000,6.38700000,6.13000000,6.34400000,1120875.73000000,7033659.15811000,37100,583977.51000000,3663931.95015000
2024-07-28,6.34400000,6.39700000,6.18200000,6.21800000,762150.51000000,4804185.45209000,26947,356208.36000000,2246339.73607000
2024-07-29,6.21900000,6.37400000,6.10000000,6.10800000,1418465.70000000,8886623.33658000,45975,682659.36000000,4277827.34549000
2024-07-30,6.10800000,6.19500000,5.94700000,6.00300000,909849.77000000,5548687.62415000,30656,398983.73000000,2435514.73543000
2024-07-31,6.00400000,6.08300000,5.77800000,5.80700000,1164931.36000000,6930211.66190000,38986,558684.13000000,3324825.30225000
2024-08-01,5.80600000,5.87100000,5.48800000,5.78100000,1348651.78000000,7695694.08444000,51806,658785.12000000,3756418.37004000
2024-08-02,5.77900000,5.80900000,5.22000000,5.36000000,2554562.03000000,13991699.35102000,67297,1267775.59000000,6942050.34445000
2024-08-03,5.35900000,5.41700000,5.00900000,5.12500000,1870693.15000000,9742956.78276000,52814,920032.52000000,4789773.12946000
2024-08-04,5.12700000,5.21500000,4.80900000,5.04900000,2559737.31800000,12758365.69154400,57879,1045441.70000000,5218790.51655000
2024-08-05,5.04900000,5.10000000,4.02700000,4.64100000,7140755.93900000,31951945.58537300,192779,3372342.28000000,15074062.92488000
2024-08-06,4.64100000,4.97200000,4.63600000,4.90500000,1737287.37000000,8431596.21274000,51889,924290.12000000,4485422.33749000
2024-08-07,4.90400000,5.05300000,4.73400000,4.83900000,1530076.33000000,7516964.02656000,49113,720295.35000000,3534344.55005000
2024-08-08,4.84300000,5.17800000,4.74400000,5.15000000,2401038.98000000,12063260.42590000,71769,1180444.05000000,5927537.40648000
2024-08-09,5.14800000,5.14900000,4.93800000,5.08500000,1207400.45000000,6106920.88354000,59216,638181.33000000,3226148.68705000
2024-08-10,5.08500000,5.25000000,5.01700000,5.20400000,1028013.64000000,5280211.14938000,89139,451827.34000000,2324203.56697000
2024-08-11,5.20500000,5.24300000,4.86500000,4.89900000,1288379.96000000,6518753.40735000,97072,561834.57000000,2840837.44142000
2024-08-12,4.89900000,5.19800000,4.89700000,5.07500000,1344214.18000000,6778475.85694000,67956,694646.77000000,3506697.30312000
2024-08-13,5.07600000,5.08400000,4.88900000,5.00700000,1085943.81000000,5420032.99360000,49790,554766.15000000,2766468.33213000
2024-08-14,5.00800000,5.01100000,4.72500000,4.76900000,1579892.72000000,7688032.24336000,69654,774785.21000000,3769963.21789000
2024-08-15,4.76900000,4.81000000,4.46800000,4.51000000,2807918.96000000,13022994.28346000,166782,1279346.48000000,5927310.02205000
2024-08-16,4.51100000,4.61000000,4.42900000,4.55400000,1634017.40000000,7413554.61748000,48207,858732.27000000,3898171.71155000
2024-08-17,4.55500000,4.67000000,4.52400000,4.61400000,745414.37000000,3435324.36373000,25782,376090.04000000,1733367.49554000
2024-08-18,4.61300000,4.71500000,4.55800000,4.56700000,1196464.11000000,5542862.02414000,38181,584314.08000000,2709224.38138000
2024-08-19,4.56800000,4.64200000,4.50700000,4.63600000,1278582.97000000,5851558.23009000,41207,628773.77000000,2878695.14446000
2024-08-20,4.63600000,4.83400000,4.62400000,4.78700000,1894012.53000000,8968736.61801000,51032,979450.35000000,4636817.83300000
2024-08-21,4.78700000,4.82300000,4.61500000,4.74900000,1939195.94000000,9199144.52458000,84984,897098.72000000,4254287.15366000
2024-08-22,4.74900000,4.79800000,4.64900000,4.69100000,2425070.35000000,11466943.60843000,102086,1157474.31000000,5476988.88107000
2024-08-23,4.69100000,5.14200000,4.69000000,5.09700000,3524986.23000000,17247365.46403000,177988,1825510.97000000,8933829.66888000
2024-08-24,5.09700000,5.44400000,5.07500000,5.34800000,3452216.29000000,18190145.36805000,175632,1772472.55000000,9350028.36359000
2024-08-25,5.34800000,5.35000000,5.00200000,5.06300000,6430316.14000000,32987174.26359000,262574,3202996.13000000,16445218.46745000
2024-08-26,5.06300000,5.11800000,4.87200000,4.88800000,2813803.16000000,14055481.03496000,125930,1483653.39000000,7413631.63128000
2024-08-27,4.88900000,5.03100000,4.50000000,4.59200000,4023301.82000000,19406731.73659000,149981,1919796.28000000,9240249.49323000
2024-08-28,4.59300000,4.78900000,4.44700000,4.59900000,3046377.18000000,14056755.28390000,118367,1558465.25000000,7192478.58412000
2024-08-29,4.60000000,4.73900000,4.51700000,4.61000000,1253783.69000000,5817868.82284000,44122,561702.08000000,2606281.38729000
2024-08-30,4.60800000,4.67600000,4.44600000,4.64500000,1546926.08000000,7092303.07742000,45191,677500.02000000,3105765.85886000
2024-08-31,4.64600000,4.70200000,4.50800000,4.56000000,802413.89000000,3685169.75911000,22536,345458.25000000,1586560.46897000
2024-09-01,4.56100000,4.56400000,4.26300000,4.30000000,1349972.65000000,5992854.78934000,42055,624469.75000000,2774285.17151000
2024-09-02,4.29900000,4.48000000,4.28400000,4.43700000,1500512.01000000,6552959.00124000,43100,834343.20000000,3640651.98604000
2024-09-03,4.43700000,4.50900000,4.10100000,4.10900000,2313037.60000000,9906445.42716000,57486,1066821.75000000,4574034.52694000
2024-09-04,4.10900000,4.14100000,3.89100000,4.07100000,3932388.90000000,15864695.55314000,85672,1986694.96000000,8014047.93769000
2024-09-05,4.07200000,4.10000000,3.86000000,3.90800000,3849573.59000000,15331973.28577000,87517,1641706.95000000,6541990.73600000
2024-09-06,3.90800000,3.97600000,3.61500000,3.71600000,4208533.96000000,16131743.65474000,97553,2056022.10000000,7885035.46587000
2024-09-07,3.71600000,3.78300000,3.63600000,3.67100000,2663343.79000000,9908029.09030000,60935,1357621.90000000,5052605.54884000
2024-09-08,3.67100000,3.83600000,3.65800000,3.80800000,3171459.45000000,11779507.44662000,60051,1523060.35000000,5658461.01907000
2024-09-09,3.80800000,4.11100000,3.80500000,4.09100000,4029878.70000000,16016594.83012000,84516,2204196.54000000,8772758.63316000
2024-09-10,4.09200000,4.17400000,4.03900000,4.13200000,2540801.43000000,10457945.51866000,58284,1250446.18000000,5149473.66749000
2024-09-11,4.13200000,4.21300000,4.01200000,4.16000000,2783804.18000000,11463384.89133000,63304,1402527.74000000,5779232.42687000
2024-09-12,4.16000000,4.18800000,4.05600000,4.14500000,2010940.16000000,8262033.14766000,48389,1006164.38000000,4134028.80445000
2024-09-13,4.14600000,4.25800000,4.12200000,4.20800000,2659955.40000000,11209310.95502000,62391,1226908.71000000,5168342.43819000
2024-09-14,4.20800000,4.24900000,4.14400000,4.24100000,1282864.39000000,5382889.35386000,39041,575952.24000000,2416854.70276000
2024-09-15,4.24200000,4.25500000,4.02300000,4.06000000,1427310.52000000,5961077.02565000,45252,729951.12000000,3047359.39611000
2024-09-16,4.06000000,4.06400000,3.91600000,3.97000000,2041883.33000000,8145842.11537000,55500,1014867.20000000,4050104.35169000
2024-09-17,3.97100000,4.24000000,3.94000000,4.19100000,2284620.97000000,9408847.83223000,57172,1180368.25000000,4858931.86325000
2024-09-18,4.19200000,4.37800000,4.09800000,4.37600000,3445134.81000000,14495316.91345000,83398,1838198.08000000,7739780.98457000
2024-09-19,4.37500000,4.61600000,4.37300000,4.50700000,3203358.30000000,14362688.91007000,73954,1659605.28000000,7441898.04279000
2024-09-20,4.50700000,4.59000000,4.42600000,4.52700000,3328309.46000000,15047070.98121000,69456,1471409.62000000,6663131.26489000
2024-09-21,4.52700000,4.73100000,4.46200000,4.72200000,1731673.54000000,7937348.01331000,52249,821758.04000000,3770327.17469000
2024-09-22,4.72100000,4.72800000,4.48300000,4.59300000,2211142.45000000,10236618.18199000,57645,1038175.95000000,4807009.34107000
2024-09-23,4.59300000,4.71100000,4.50400000,4.58100000,2679658.49000000,12305713.23335000,64501,1301237.28000000,5977327.23555000
2024-09-24,4.58100000,4.84900000,4.49400000,4.81700000,3014481.27000000,14009658.93075000,72952,1490543.04000000,6930973.15179000
2024-09-25,4.81700000,4.96900000,4.74000000,4.78000000,2634936.60000000,12746148.31643000,63629,1278378.84000000,6192019.77249000
2024-09-26,4.78100000,5.09700000,4.69600000,5.00700000,3644760.91000000,17995043.44787000,70844,1750302.90000000,8643673.63690000
2024-09-27,5.00700000,5.19500000,5.00000000,5.14000000,2700905.47000000,13842740.57065000,62825,1289973.97000000,6611485.04606000
2024-09-28,5.14100000,5.16400000,4.93000000,5.01600000,1499899.56000000,7546575.86293000,49249,702040.99000000,3534528.42942000
2024-09-29,5.01600000,5.13400000,4.95100000,5.02600000,1847627.98000000,9316648.95771000,60505,953520.68000000,4808532.48457000
2024-09-30,5.02700000,5.06200000,4.68100000,4.72600000,2832893.48000000,13823847.68273000,84973,1383055.82000000,6751186.78150000
2024-10-01,4.72700000,4.90600000,4.24400000,4.44100000,3880632.50000000,17725965.46152000,112829,1981866.57000000,9048828.10714000
2024-10-02,4.43900000,4.58400000,4.34500000,4.43300000,2539226.67000000,11360838.90447000,74533,1234249.10000000,5526225.39477000
2024-10-03,4.43300000,4.50400000,4.22500000,4.38200000,2754788.76000000,12016305.21211000,70356,1175871.97000000,5131325.16109000
2024-10-04,4.38300000,4.63000000,4.35600000,4.61900000,1514060.83000000,6816942.57641000,49266,749283.75000000,3375291.92767000
2024-10-05,4.62000000,4.71500000,4.56300000,4.62800000,1086101.58000000,5044602.47418000,33680,458521.27000000,2129780.76500000
2024-10-06,4.62900000,4.65300000,4.55100000,4.64900000,913097.25000000,4196703.38330000,26795,473589.70000000,2176015.30044000
2024-10-07,4.65000000,4.84300000,4.41100000,4.42100000,3031652.52000000,14046483.80256000,70956,1533629.61000000,7109780.49831000
2024-10-08,4.42200000,4.47100000,4.30700000,4.34900000,1723105.95000000,7555899.83623000,43008,889374.44000000,3900827.84216000
2024-10-09,4.35000000,4.39100000,4.16400000,4.23000000,1907457.41000000,8217419.18755000,42263,911139.62000000,3925378.29367000
2024-10-10,4.22900000,4.29400000,4.04300000,4.13500000,2052514.11000000,8538774.41329000,47348,947614.84000000,3943412.57795000
2024-10-11,4.13500000,4.30000000,4.11100000,4.27800000,1432396.56000000,6064055.19791000,40030,842926.90000000,3569255.53090000
2024-10-12,4.27900000,4.39100000,4.27200000,4.34700000,1084709.50000000,4706206.44884000,35027,533220.35000000,2312683.99764000
2024-10-13,4.34700000,4.36800000,4.21600000,4.34000000,1337157.17000000,5761851.95199000,38244,634057.99000000,2732304.09121000
2024-10-14,4.34300000,4.53400000,4.29600000,4.51600000,1942813.96000000,8660764.30691000,55740,947251.30000000,4223400.35034000
2024-10-15,4.51600000,4.59000000,4.36600000,4.48600000,2687708.25000000,12089478.59296000,72805,1332378.68000000,5994201.14116000
2024-10-16,4.48600000,4.51800000,4.38700000,4.43700000,1617921.14000000,7205953.45921000,48788,743377.08000000,3311507.33103000
2024-10-17,4.43800000,4.46900000,4.23500000,4.30500000,1558407.51000000,6750998.39125000,44507,751060.66000000,3252915.90264000
2024-10-18,4.30500000,4.39700000,4.28500000,4.35200000,2588227.15000000,11252847.72628000,50097,1114358.24000000,4843236.18436000
2024-10-19,4.35400000,4.49300000,4.34800000,4.46600000,1387745.99000000,6138366.38600000,46797,678710.55000000,3001817.38706000
2024-10-20,4.46700000,4.69400000,4.39300000,4.69400000,2062749.01000000,9419520.47820000,57757,1092527.50000000,4989855.43827000
2024-10-21,4.69400000,5.18100000,4.68600000,4.89800000,7159353.06000000,35087162.72548000,160272,3441081.29000000,16867092.88698000
2024-10-22,4.89700000,4.97300000,4.70300000,4.78600000,2914554.69000000,14058131.49405000,63317,1346955.66000000,6496915.94336000
2024-10-23,4.78700000,4.85800000,4.55900000,4.62000000,2650152.57000000,12494674.31046000,65231,1232740.49000000,5813365.85655000
2024-10-24,4.62000000,4.86000000,4.56500000,4.85000000,1772728.97000000,8328024.87806000,43953,907461.71000000,4266138.18518000
2024-10-25,4.85000000,4.85800000,4.25800000,4.41500000,3070614.40000000,14265205.66544000,82582,1382062.94000000,6406527.68681000
2024-10-26,4.41400000,4.51200000,4.30200000,4.37200000,1841747.18000000,8097761.84354000,44480,968817.87000000,4261598.77536000
2024-10-27,4.37300000,4.47200000,4.32200000,4.45400000,1019191.69000000,4464699.79525000,28261,491184.11000000,2152130.93560000
2024-10-28,4.45500000,4.51000000,4.26700000,4.45700000,1934746.17000000,8499521.11294000,50298,952537.97000000,4183805.98772000
2024-10-29,4.45800000,4.61000000,4.43100000,4.53700000,3182791.70000000,14407566.70215000,87401,1470058.76000000,6652776.95135000
2024-10-30,4.53700000,4.53700000,4.37400000,4.45500000,1997526.68000000,8900225.62683000,43593,923543.85000000,4114337.66934000
2024-10-31,4.45600000,4.47300000,4.18500000,4.23700000,1895183.42000000,8167381.74537000,41250,877303.08000000,3781813.65248000
2024-11-01,4.23800000,4.30600000,4.10900000,4.17500000,1750222.82000000,7362795.50251000,37776,826179.78000000,3478269.47134000
2024-11-02,4.17600000,4.22100000,4.04800000,4.10100000,998664.71000000,4112812.21590000,23909,496527.04000000,2045233.16041000
2024-11-03,4.10200000,4.11800000,3.87200000,3.97700000,2181538.45000000,8693917.75525000,59456,986239.60000000,3928905.77685000
2024-11-04,3.97800000,4.02500000,3.82900000,3.91700000,1777939.66000000,7002057.62359000,33632,848851.49000000,3344724.65920000
2024-11-05,3.91700000,4.21500000,3.90900000,4.20200000,2203715.33000000,8987103.95014000,40586,1058859.63000000,4316685.28377000
2024-11-06,4.20300000,4.54300000,4.20300000,4.51000000,3978954.19000000,17566589.99752000,85236,2043988.70000000,9025777.62552000
2024-11-07,4.51100000,4.65500000,4.46200000,4.52900000,2596446.08000000,11806765.66959000,65286,1295191.36000000,5889465.73909000
2024-11-08,4.53000000,4.71900000,4.45800000,4.71800000,3328246.62000000,15272600.30657000,72739,1643034.50000000,7539590.84958000
2024-11-09,4.71700000,4.84100000,4.62700000,4.79400000,3714000.36000000,17644717.92444000,87635,1585909.08000000,7524471.92797000
2024-11-10,4.79300000,5.54100000,4.71000000,5.26800000,12009456.40000000,61842276.50521000,253398,5896066.13000000,30398343.65707000
2024-11-11,5.26900000,5.68500000,5.15900000,5.66300000,6455550.54000000,34603954.21383000,153117,3390730.06000000,18177573.21517000
2024-11-12,5.66400000,5.83300000,5.12000000,5.30600000,8961741.51000000,48559977.09583000,221853,4193139.14000000,22725833.70243000
2024-11-13,5.30600000,5.36300000,4.83400000,5.12100000,9129803.90000000,46366472.42715000,210908,4255191.68000000,21608623.67049000
2024-11-14,5.12200000,5.30800000,4.87000000,4.95300000,4700618.07000000,23798848.85357000,129927,2179959.29000000,11039508.65976000
2024-11-15,4.95300000,5.30200000,4.82400000,5.26100000,5390331.12000000,27488765.38587000,140089,2713641.21000000,13841939.51834000
2024-11-16,5.26200000,6.21700000,5.24300000,6.12200000,7076688.61000000,39959806.85488000,229766,3600958.50000000,20329590.97257000
2024-11-17,6.12400000,6.66100000,5.57600000,5.69100000,11732503.56000000,71776923.42794000,348020,5429766.24000000,33180374.35872000
2024-11-18,5.69100000,6.62300000,5.66300000,6.46900000,7500073.96000000,46703637.67740000,252462,3825119.27000000,23795973.87466000
2024-11-19,6.46900000,6.87400000,6.13400000,6.26000000,8854883.62000000,56883786.00219000,283862,4261339.72000000,27389990.84695000
2024-11-20,6.26300000,6.64200000,6.06800000,6.19700000,5506984.94000000,34973301.02460000,179924,2672134.40000000,16997863.97734000
2024-11-21,6.19800000,6.50300000,5.99600000,6.42100000,6732078.17000000,41980781.38185000,182767,3188514.75000000,19898110.07033000
2024-11-22,6.42000000,7.62800000,6.32800000,7.55000000,11728983.14000000,83067531.56400000,336978,6022137.68000000,42652430.67709000
2024-11-23,7.54900000,8.84200000,7.43300000,8.22300000,14057583.95000000,113461872.95019000,526183,6947981.84000000,56083969.36953000
2024-11-24,8.22500000,9.57600000,8.05800000,8.75700000,16704190.98000000,147273794.80256000,630437,8266481.01000000,72910641.24743000
2024-11-25,8.75700000,8.84000000,7.77100000,7.92200000,6702125.80000000,56151475.11847000,230468,3306472.18000000,27687605.94361000
2024-11-26,7.92100000,8.14300000,7.50000000,8.01100000,6416259.96000000,50526347.82044000,223371,3147262.21000000,24787714.67800000
2024-11-27,8.01000000,8.38800000,7.79200000,8.32300000,4478368.27000000,36348627.09594000,162896,2214966.63000000,17996816.96752000
2024-11-28,8.32300000,8.39900000,7.88000000,8.21900000,3233050.88000000,26218142.12983000,122405,1569759.22000000,12733805.95472000
2024-11-29,8.22200000,8.80300000,8.05100000,8.77400000,3601429.29000000,30399072.01002000,134679,1760975.48000000,14861138.04495000
2024-11-30,8.77300000,8.85000000,8.40200000,8.57300000,4212764.01000000,36366473.71020000,141540,2065596.00000000,17835743.68894000
2024-12-01,8.57300000,9.05000000,8.30200000,8.90700000,4748763.16000000,41080507.29942000,159678,2424174.00000000,20957009.29801000
2024-12-02,8.90800000,9.60100000,8.33500000,9.56800000,10662295.94000000,95728919.53804000,398911,5337994.54000000,47995737.65205000
2024-12-03,9.56700000,10.02800000,8.87000000,9.57600000,10388348.86000000,99147673.66268000,379898,5200647.12000000,49625616.50400000
2024-12-04,9.57700000,10.67800000,9.44100000,9.93100000,11035492.72000000,112067832.37286000,390171,5396353.37000000,54782044.75941000
2024-12-05,9.93100000,10.07800000,9.34000000,9.57100000,8173351.76000000,79944191.15793000,297828,4016247.07000000,39279196.02658000
2024-12-06,9.57500000,10.60000000,9.48800000,10.39300000,6372022.57000000,63670099.67854000,250939,3127585.56000000,31246897.67102000
2024-12-07,10.39300000,10.57000000,10.00500000,10.17500000,3186450.17000000,32830507.62620000,134020,1532364.75000000,15793691.56720000
2024-12-08,10.17500000,10.43700000,9.83800000,10.12700000,3204645.16000000,32417896.08138000,126527,1506597.12000000,15240472.27227000
2024-12-09,10.12700000,10.13400000,7.52000000,8.39500000,8615790.67000000,76659075.35385000,355748,4119689.08000000,36589484.65295000
2024-12-10,8.39300000,8.54800000,7.25000000,7.94100000,11861518.46000000,93921666.19013000,352802,5909733.51000000,46807821.94029000
2024-12-11,7.94300000,8.92400000,7.59300000,8.82300000,5590204.94000000,46279028.43909000,189183,2895166.90000000,23970878.34912000
2024-12-12,8.82400000,9.29300000,8.60500000,8.94800000,5866057.44000000,52658564.81819000,200009,2785305.17000000,25004496.87523000
2024-12-13,8.95000000,9.28100000,8.73600000,9.19900000,4805134.48000000,43437700.99443000,165724,2381790.55000000,21540294.26369000
2024-12-14,9.20000000,9.35000000,8.65100000,8.97100000,3382515.89000000,30488240.48051000,116801,1648703.88000000,14875872.67684000
2024-12-15,8.97200000,9.30800000,8.68300000,9.11000000,3405035.38000000,30650872.82374000,119504,1597910.48000000,14382191.11705000
2024-12-16,9.11100000,9.30800000,8.63900000,8.88700000,4517386.46000000,40286440.76346000,134793,2203890.29000000,19641607.43890000
2024-12-17,8.88700000,8.98500000,8.39500000,8.54600000,3424398.81000000,29867029.62701000,124923,1651179.28000000,14400627.28983000
2024-12-18,8.54700000,8.68200000,7.61200000,7.65500000,7191344.53000000,59234523.86643000,216307,3483951.71000000,28691114.10784000
2024-12-19,7.65300000,7.70500000,6.61600000,6.81600000,7870664.94000000,56847695.41259000,223859,3796382.59000000,27425947.17903000
2024-12-20,6.81800000,7.10000000,5.83000000,6.91600000,9107817.01000000,58680038.79604000,224645,4477808.42000000,28857227.06904000
2024-12-21,6.91600000,7.34900000,6.43500000,6.52400000,4621904.56000000,31445113.43850000,119150,2292522.87000000,15605036.12707000
2024-12-22,6.52700000,6.73800000,6.25200000,6.40400000,3186605.32000000,20736557.71036000,80863,1517602.06000000,9887223.73722000
2024-12-23,6.40400000,7.09200000,6.23400000,6.95500000,3635634.43000000,23942639.15757000,97325,1830604.04000000,12053643.90368000
2024-12-24,6.95500000,7.19500000,6.71800000,7.04800000,2635735.17000000,18304318.82624000,68452,1266325.55000000,8798793.49999000
2024-12-25,7.04800000,7.14400000,6.83000000,6.94400000,2008639.75000000,13971391.14889000,52166,1055615.24000000,7348186.01509000
2024-12-26,6.94500000,7.01900000,6.42500000,6.48600000,2106652.28000000,13932531.33775000,59908,955724.90000000,6324678.10032000
2024-12-27,6.48600000,6.80300000,6.41500000,6.47000000,1775564.34000000,11668312.67974000,61272,864863.81000000,5685211.71694000
2024-12-28,6.47000000,6.67900000,6.38700000,6.61500000,1445614.79000000,9396320.08502000,52933,646265.04000000,4202283.03509000
2024-12-29,6.61600000,6.66400000,6.23700000,6.29400000,1287196.91000000,8354808.81450000,44022,569771.79000000,3698270.02092000
2024-12-30,6.29400000,6.56700000,6.11700000,6.35100000,2108153.99000000,13404184.16123000,59500,990420.03000000,6298342.50057000
2024-12-31,6.35200000,6.52000000,6.17100000,6.19000000,2123246.85000000,13438391.88723000,53185,1033754.18000000,6552162.44131000
2025-01-01,6.19100000,6.65600000,6.04700000,6.54700000,2220875.74000000,14111483.29217000,59188,1094248.37000000,6940985.83772000
2025-01-02,6.54600000,6.81000000,6.54600000,6.70100000,2066458.94000000,13816881.89105000,56612,1024576.53000000,6850550.84738000
2025-01-03,6.70200000,7.46400000,6.67200000,7.42300000,3370382.87000000,23931977.54730000,88075,1701626.57000000,12091227.62231000
2025-01-04,7.42400000,7.47600000,7.23700000,7.29500000,2071919.72000000,15200357.57078000,59962,1036161.59000000,7605337.79983000
2025-01-05,7.29600000,7.42600000,7.14300000,7.34200000,1581102.84000000,11504124.07076000,43145,814862.26000000,5930741.67208000
2025-01-06,7.34500000,7.64200000,7.21400000,7.45300000,2938163.31000000,21961654.15975000,84529,1438030.36000000,10753591.60505000
2025-01-07,7.45200000,7.77100000,6.76500000,6.77200000,5165844.57000000,37656349.15952000,148104,2446196.01000000,17849853.71902000
2025-01-08,6.77100000,6.86900000,6.16600000,6.46100000,3828393.14000000,24958835.28390000,100862,1827865.48000000,11932355.08386000
2025-01-09,6.46100000,6.60200000,6.24400000,6.39700000,2744397.44000000,17652696.63918000,67367,1305803.24000000,8400609.75184000
2025-01-10,6.39800000,6.67400000,6.36800000,6.65100000,2472274.45000000,16131429.26830000,65524,1262487.49000000,8239466.64133000
2025-01-11,6.65300000,6.74100000,6.51600000,6.61600000,1168477.98000000,7717801.13059000,33554,536557.97000000,3544162.03986000
2025-01-12,6.62000000,6.69900000,6.36600000,6.45900000,1723577.04000000,11270773.10797000,48064,834245.74000000,5461129.16017000
2025-01-13,6.46300000,6.70500000,5.90000000,6.28500000,4857757.17000000,30037452.19518000,123255,2292267.94000000,14182004.92142000
2025-01-14,6.28600000,6.31800000,6.04900000,6.27200000,2386163.83000000,14806597.13578000,57383,1199687.85000000,7445947.16012000
2025-01-15,6.27200000,6.68900000,6.15200000,6.66500000,3760356.65000000,24249502.64751000,100172,1964725.47000000,12680007.23888000
2025-01-16,6.66500000,6.79600000,6.43600000,6.59400000,3191468.02000000,21140722.53547000,81243,1552010.15000000,10284584.82781000
2025-01-17,6.59500000,7.17600000,6.59500000,7.05500000,4256099.21000000,29317308.01913000,94833,2177192.47000000,14988031.20439000
2025-01-18,7.05600000,7.17200000,6.45000000,6.59500000,3316488.22000000,22177966.56442000,81062,1636874.79000000,10944716.13858000
2025-01-19,6.59400000,6.77200000,5.77900000,5.89200000,6003538.85000000,37567437.40519000,157966,2857296.62000000,17868823.91245000
2025-01-20,5.89400000,6.53600000,5.68900000,6.07200000,6793368.85000000,41522429.62862000,189324,3442116.72000000,21058144.92823000
2025-01-21,6.07200000,6.35500000,5.84000000,6.24000000,3605831.38000000,21885641.67809000,86382,2035650.31000000,12339053.24104000
2025-01-22,6.23900000,6.33200000,6.10600000,6.20100000,3123040.45000000,19495571.63133000,80453,1530620.73000000,9556520.87804000
2025-01-23,6.20100000,6.22200000,5.85900000,6.12200000,4211032.17000000,25304439.09951000,112257,1986008.08000000,11938565.99531000
2025-01-24,6.12000000,6.41600000,5.95500000,6.21500000,2627417.53000000,16431989.36308000,64169,1273816.70000000,7966114.42836000
2025-01-25,6.21400000,6.29400000,6.12900000,6.19400000,2353163.55000000,14621361.15975000,57817,1180720.57000000,7337725.64754000
2025-01-26,6.19500000,6.41800000,6.08500000,6.09800000,3292679.72000000,20513067.76861000,68524,1727954.30000000,10770034.55265000
2025-01-27,6.09500000,6.12700000,5.53000000,5.99400000,4508414.55000000,26106773.21952000,106743,2200801.91000000,12747409.13806000
2025-01-28,5.99500000,6.06700000,5.61100000,5.66800000,2177995.78000000,12803235.63943000,48720,1069877.98000000,6293953.07029000
2025-01-29,5.66500000,5.98100000,5.65300000,5.82300000,2705750.40000000,15761147.32429000,60888,1310168.15000000,7632103.62273000
2025-01-30,5.82200000,6.27500000,5.77000000,6.21300000,2177427.82000000,13266226.99542000,51965,1142235.95000000,6957810.47537000
2025-01-31,6.21300000,6.41600000,6.11700000,6.24200000,2506495.19000000,15661576.46944000,66782,1266379.68000000,7914148.37929000
2025-02-01,6.24200000,6.41600000,5.79300000,5.81800000,2108237.84000000,13022145.60270000,61472,1015134.79000000,6277591.74951000
2025-02-02,5.81700000,5.93700000,4.64400000,4.88200000,6597379.01000000,34872367.04874000,150484,2877612.71000000,15208960.55679000
2025-02-03,4.88200000,4.96900000,3.65000000,4.92700000,16554442.94000000,71826565.19979000,346030,7575984.00000000,32965118.69639000
2025-02-04,4.92600000,4.97800000,4.40300000,4.69000000,6303436.39000000,29342995.35359000,154532,2893751.62000000,13475414.71532000
2025-02-05,4.69000000,4.84400000,4.63000000,4.67600000,3798330.88000000,17981051.73325000,95823,1884039.69000000,8925925.82331000
2025-02-06,4.67600000,4.73500000,4.35800000,4.40800000,4581324.98000000,21003597.74669000,123101,2087553.04000000,9567356.66681000
2025-02-07,4.40800000,4.67500000,4.25500000,4.37300000,5433834.38000000,24423648.92357000,127483,2640058.91000000,11872586.29618000
2025-02-08,4.37300000,4.59200000,4.32300000,4.56900000,1820191.60000000,8045472.95136000,50173,875256.46000000,3869913.28091000
2025-02-09,4.56800000,4.78600000,4.38900000,4.57000000,3328971.61000000,15427501.83717000,78768,1687471.83000000,7822073.75069000
2025-02-10,4.56900000,4.84100000,4.43700000,4.81900000,2757888.67000000,12949566.18823000,71642,1370668.43000000,6433881.14644000
2025-02-11,4.81800000,4.98200000,4.63300000,4.70400000,3144781.53000000,15174337.29410000,73474,1601694.62000000,7730785.30609000
2025-02-12,4.70500000,5.10400000,4.53400000,5.06700000,4032672.25000000,19120307.10281000,96690,1971588.36000000,9345341.29625000
2025-02-13,5.07000000,5.14900000,4.92700000,4.99000000,2780490.05000000,13941367.85201000,72131,1328954.53000000,6661721.22046000
2025-02-14,4.99000000,5.09000000,4.86500000,4.91000000,4489244.02000000,22259700.40880000,97852,2245969.22000000,11140263.39973000
2025-02-15,4.91000000,5.04300000,4.79400000,4.83000000,2537131.86000000,12498109.52972000,56781,1351373.04000000,6663159.07201000
2025-02-16,4.83100000,4.87700000,4.73000000,4.76500000,1857019.39000000,8920819.05863000,47841,815209.13000000,3915115.85836000
2025-02-17,4.76600000,4.94700000,4.70800000,4.81500000,2897430.71000000,13967125.19475000,79269,1433470.62000000,6914961.00851000
2025-02-18,4.81500000,4.89700000,4.44400000,4.57300000,2768270.14000000,12825616.92552000,81207,1389165.53000000,6439076.48036000
2025-02-19,4.57300000,4.70700000,4.48900000,4.68900000,1833891.01000000,8491406.34418000,56696,895703.18000000,4148812.24956000
2025-02-20,4.68900000,4.97500000,4.66700000,4.92400000,2690196.24000000,13073384.77024000,68307,1346590.64000000,6541818.21736000
2025-02-21,4.92500000,5.08300000,4.67700000,4.77100000,3188662.36000000,15674557.27223000,86291,1577345.45000000,7761992.43353000
2025-02-22,4.77100000,5.02900000,4.74200000,4.96500000,2327977.46000000,11336888.82236000,60609,1139140.40000000,5546510.31551000
2025-02-23,4.96500000,5.01800000,4.82600000,4.87800000,1568120.38000000,7718680.92652000,49907,730128.39000000,3590290.25404000
2025-02-24,4.87800000,4.89900000,4.26500000,4.35800000,3487926.92000000,15965807.00038000,112233,1706162.94000000,7826759.67449000
2025-02-25,4.35800000,4.54900000,4.10700000,4.45700000,4887745.71000000,20947291.77865000,175849,2232157.79000000,9573873.12170000
2025-02-26,4.45600000,4.69500000,4.41500000,4.60900000,3379806.64000000,15361175.06014000,107566,1683479.53000000,7650383.38230000
2025-02-27,4.60900000,4.78100000,4.47500000,4.57200000,2152665.17000000,9966912.06140000,73985,1049115.31000000,4855707.38424000
2025-02-28,4.57300000,4.66800000,4.20800000,4.63500000,3910841.66000000,17261297.56718000,132152,1889815.43000000,8356164.11399000
2025-03-01,4.63600000,4.66200000,4.42300000,4.49400000,1311243.82000000,5950137.49284000,47462,664325.51000000,3013015.32366000
2025-03-02,4.49500000,4.92800000,4.40900000,4.90700000,3596759.64000000,16889330.16929000,121132,1817224.13000000,8528003.39662000
2025-03-03,4.90800000,4.95100000,4.14400000,4.22600000,3747829.67000000,16918218.42142000,141717,1819560.95000000,8207020.90682000
2025-03-04,4.22600000,4.25300000,3.88500000,4.16100000,5050037.85000000,20707678.77027000,161608,2296523.98000000,9425787.27642000
2025-03-05,4.16100000,4.35300000,4.09700000,4.32500000,2280152.25000000,9611247.39167000,54220,1083908.58000000,4571432.30732000
2025-03-06,4.32700000,4.43900000,4.23000000,4.25600000,1880055.79000000,8160791.02805000,46191,934435.97000000,4053132.95454000
2025-03-07,4.25600000,4.44400000,4.07100000,4.26300000,3123143.81000000,13419788.19855000,78461,1511477.76000000,6497143.86319000
2025-03-08,4.26300000,4.27600000,4.07300000,4.10900000,1359144.43000000,5652319.73943000,34161,728358.54000000,3029892.19614000
2025-03-09,4.10900000,4.13200000,3.74300000,3.80600000,2431830.70000000,9478250.89310000,59880,1068245.51000000,4166661.68365000
2025-03-10,3.80700000,4.04200000,3.57100000,3.58000000,4144834.79000000,15793475.44120000,89580,1808736.89000000,6884859.49427000
2025-03-11,3.58100000,3.99300000,3.38600000,3.88400000,5436350.38000000,19999401.70570000,103367,2839775.71000000,10464412.33968000
2025-03-12,3.88400000,3.97600000,3.75300000,3.88700000,2874819.57000000,11142492.76035000,58814,1472873.24000000,5706961.93034000
2025-03-13,3.88700000,3.96500000,3.78400000,3.91000000,2015845.03000000,7824292.02891000,31107,1045996.04000000,4059302.14103000
2025-03-14,3.90900000,4.31800000,3.89300000,4.29000000,2630229.81000000,10796021.05072000,45216,1515668.97000000,6224940.76459000
2025-03-15,4.28900000,4.72200000,4.23000000,4.64900000,3963997.80000000,17778970.43701000,81733,2111915.38000000,9463200.37929000
2025-03-16,4.64900000,4.76100000,4.50000000,4.61400000,3199837.70000000,14794832.12207000,59115,1671816.40000000,7735495.42563000
2025-03-17,4.61400000,4.73800000,4.52800000,4.63600000,2918218.05000000,13476864.98418000,57315,1534574.51000000,7094169.63642000
2025-03-18,4.63500000,4.83300000,4.52800000,4.72200000,4495935.60000000,21086628.39202000,79007,2234452.28000000,10480724.01051000
2025-03-19,4.72400000,4.76300000,4.57500000,4.75200000,2566528.90000000,12000876.81455000,51657,1226920.67000000,5738365.53550000
2025-03-20,4.75200000,4.84800000,4.60900000,4.68400000,2062242.01000000,9754627.05995000,40625,997117.99000000,4713521.57371000
2025-03-21,4.68400000,4.72300000,4.47400000,4.59400000,1559803.81000000,7171903.38137000,35332,803618.50000000,3696143.80168000
2025-03-22,4.59500000,5.04600000,4.58200000,4.88600000,2323077.36000000,11272259.86115000,51638,1123407.71000000,5455958.28758000
2025-03-23,4.88400000,4.89600000,4.68400000,4.80700000,1524023.42000000,7300343.53529000,36514,754973.24000000,3617343.06608000
2025-03-24,4.80500000,4.99700000,4.75800000,4.95600000,2175247.42000000,10620885.25858000,44659,1063876.85000000,5196947.92139000
2025-03-25,4.95500000,5.01600000,4.79000000,4.83600000,2236413.16000000,10908299.95092000,51332,968824.78000000,4730125.23592000
2025-03-26,4.83600000,4.98500000,4.77300000,4.87700000,2267637.17000000,11095954.07649000,45775,1128819.54000000,5525547.85391000
2025-03-27,4.87800000,4.96500000,4.73800000,4.80600000,1401638.95000000,6806075.99903000,33204,647736.79000000,3144606.91556000
2025-03-28,4.80600000,4.82700000,4.49500000,4.54900000,1673617.19000000,7718090.74081000,41873,762597.29000000,3515748.98346000
2025-03-29,4.54800000,4.56100000,4.17100000,4.24300000,2170199.73000000,9485055.93409000,47605,1207784.67000000,5266597.05143000
2025-03-30,4.24300000,4.39400000,4.18600000,4.31400000,1282942.79000000,5521914.86317000,30530,591023.05000000,2542246.42283000
2025-03-31,4.31500000,4.46600000,4.17800000,4.37500000,1642607.56000000,7122838.18811000,40077,780318.52000000,3388098.70586000
2025-04-01,4.37500000,4.54500000,4.34500000,4.37200000,1548011.34000000,6876270.61619000,33247,766076.46000000,3404069.40533000
2025-04-02,4.37500000,4.60800000,4.14300000,4.21300000,2423987.59000000,10649323.37807000,65619,1131319.67000000,4967421.18188000
2025-04-03,4.21200000,4.71500000,4.19700000,4.65000000,2617001.80000000,11636167.91052000,58081,1264603.91000000,5625013.95677000
2025-04-04,4.65100000,5.09200000,4.61500000,4.98900000,5627249.32000000,27475938.79089000,116307,2875791.16000000,14048082.28961000
2025-04-05,4.99000000,5.01600000,4.72500000,4.80400000,2200966.29000000,10771662.55818000,50218,1070467.60000000,5245312.16050000
2025-04-06,4.80400000,4.83400000,4.37800000,4.44100000,3327857.61000000,15354518.16754000,77094,1576938.30000000,7274015.27456000
2025-04-07,4.44100000,4.58300000,4.04100000,4.33000000,5570580.47000000,23976476.40624000,119288,2722224.54000000,11711465.82740000
2025-04-08,4.33200000,4.43300000,4.10100000,4.17100000,2398906.58000000,10254505.01001000,69968,1205766.95000000,5156369.44115000
2025-04-09,4.17000000,4.58500000,4.01300000,4.53700000,3337599.43000000,14502858.42309000,85761,1569315.86000000,6834498.79885000
2025-04-10,4.53600000,4.54200000,4.22700000,4.33600000,2018522.08000000,8845586.25674000,48758,973148.52000000,4260248.01994000
2025-04-11,4.33500000,4.41800000,4.20100000,4.24600000,2135484.31000000,9160749.80225000,51561,1114913.87000000,4779085.58338000
2025-04-12,4.24500000,4.39700000,4.16200000,4.35200000,2157480.46000000,9194267.04687000,47524,1087515.97000000,4632126.92391000
2025-04-13,4.35300000,4.39100000,4.05100000,4.14700000,2031150.96000000,8539343.06053000,53140,950739.28000000,4002905.84617000
2025-04-14,4.14800000,4.27800000,4.06300000,4.13300000,1839165.32000000,7656838.98410000,53088,899507.75000000,3744449.15231000
2025-04-15,4.13200000,4.18500000,3.97300000,3.98000000,1558242.75000000,6374751.49018000,42580,757305.21000000,3099229.82926000
2025-04-16,3.98000000,4.09600000,3.92400000,4.02200000,1640621.29000000,6589793.91871000,45133,796570.70000000,3201358.58121000
2025-04-17,4.02200000,4.20700000,3.99100000,4.11200000,1907209.35000000,7869000.12631000,47965,1021473.93000000,4216771.20393000
2025-04-18,4.11300000,4.22500000,4.07200000,4.12200000,949391.77000000,3948374.54300000,27821,471159.89000000,1956427.06236000
2025-04-19,4.12200000,4.25200000,4.12200000,4.21100000,937460.82000000,3924752.12750000,25558,469514.50000000,1965784.74524000
2025-04-20,4.21200000,4.26500000,4.10300000,4.14900000,1046446.27000000,4364051.00236000,30544,530355.15000000,2210770.21655000
2025-04-21,4.15000000,4.29500000,4.04800000,4.06200000,1948106.49000000,8205368.68053000,56590,920311.07000000,3876079.31009000
2025-04-22,4.06200000,4.34000000,3.97900000,4.31000000,3441661.69000000,14226124.14424000,91729,1545159.05000000,6390360.89184000
2025-04-23,4.31100000,4.44300000,4.27500000,4.40900000,2952141.89000000,12877015.11954000,110964,1393625.84000000,6089554.35832000
2025-04-24,4.40800000,4.61500000,4.28100000,4.55100000,2547601.26000000,11414173.83160000,84748,1336343.17000000,5986663.72073000
2025-04-25,4.55000000,4.63000000,4.42400000,4.54300000,1844605.41000000,8379250.97163000,58159,873874.12000000,3968904.67286000
2025-04-26,4.54400000,4.73400000,4.54400000,4.58700000,2273274.91000000,10504797.83052000,69940,1082097.26000000,5005806.28552000
2025-04-27,4.58800000,4.62600000,4.36300000,4.37800000,2947334.56000000,13143230.28483000,79491,1412007.84000000,6300612.69327000
2025-04-28,4.37900000,4.49600000,4.28200000,4.46100000,1747531.40000000,7725343.91687000,49043,871839.05000000,3857687.00971000
2025-04-29,4.46100000,4.53800000,4.33400000,4.37700000,1490765.46000000,6657491.33779000,41761,715094.92000000,3193848.32959000
2025-04-30,4.37600000,4.42800000,4.21600000,4.30100000,1493237.44000000,6458874.00610000,43993,771296.14000000,3336228.36315000
2025-05-01,4.30200000,4.48400000,4.29200000,4.43300000,1103217.91000000,4849807.08776000,32889,575393.88000000,2530829.67414000
2025-05-02,4.43300000,4.51300000,4.32900000,4.36800000,1210613.08000000,5360822.53441000,37625,609306.59000000,2697399.18882000
2025-05-03,4.36700000,4.36900000,4.16100000,4.21700000,954845.02000000,4075696.41482000,27069,442494.03000000,1888839.58000000
2025-05-04,4.21600000,4.24900000,4.06300000,4.09500000,1251772.20000000,5187051.96230000,38526,551298.84000000,2286297.37868000
2025-05-05,4.09500000,4.20300000,4.04700000,4.07400000,1473336.47000000,6053805.31317000,35941,707788.96000000,2907248.12180000
2025-05-06,4.07300000,4.12200000,3.98100000,4.10800000,1215771.55000000,4921993.26612000,32059,598480.10000000,2423515.97035000
2025-05-07,4.10900000,4.19100000,4.08400000,4.17000000,1975783.70000000,8171563.07874000,74589,1013217.31000000,4196093.05658000
2025-05-08,4.17000000,4.58700000,4.15500000,4.54100000,2180717.12000000,9564083.29010000,55886,1061304.26000000,4651384.69924000
2025-05-09,4.54100000,4.99900000,4.52300000,4.94600000,4619667.64000000,22194615.23138000,117673,2378121.94000000,11430240.84849000
2025-05-10,4.94600000,5.39200000,4.85600000,5.38400000,2997179.42000000,15213218.73889000,90644,1542948.68000000,7844935.06372000
2025-05-11,5.38300000,5.42000000,5.11600000,5.31000000,2348895.38000000,12401651.67780000,77947,1155056.90000000,6100108.43110000
2025-05-12,5.30900000,5.49900000,5.11500000,5.23500000,3038014.39000000,16172150.01494000,125630,1460316.50000000,7775599.86337000
2025-05-13,5.23500000,5.36700000,5.00000000,5.26200000,2413529.61000000,12458668.71501000,88389,1158122.05000000,5982724.43326000
2025-05-14,5.26200000,5.34900000,5.04100000,5.09100000,1591271.32000000,8234421.22998000,68373,775886.85000000,4015183.50974000
2025-05-15,5.09000000,5.12700000,4.76300000,4.86600000,2616526.35000000,12891148.36295000,83010,1255729.00000000,6186577.59695000
2025-05-16,4.86600000,4.98700000,4.78000000,4.81200000,1529985.97000000,7497666.78768000,51141,766760.34000000,3753880.09405000
2025-05-17,4.81200000,4.83600000,4.65400000,4.71800000,1167332.59000000,5531356.97035000,48660,561555.61000000,2660651.12606000
2025-05-18,4.71900000,5.13600000,4.63700000,4.96300000,3507807.40000000,16937200.68090000,113239,1634921.62000000,7899459.11912000
2025-05-19,4.96300000,5.00400000,4.58200000,4.77900000,1907581.00000000,9058801.55587000,68388,974940.22000000,4638307.49390000
2025-05-20,4.77900000,4.88500000,4.65600000,4.84800000,1385848.75000000,6613436.93030000,52132,699870.85000000,3338956.91398000
2025-05-21,4.84900000,5.06700000,4.77700000,4.97400000,1904545.97000000,9387477.93874000,74119,977430.62000000,4818899.83563000
2025-05-22,4.97500000,5.22900000,4.97000000,5.21900000,1756784.32000000,8983530.99810000,59844,858753.49000000,4393689.50227000
2025-05-23,5.21800000,5.34400000,4.76900000,4.79200000,2548882.38000000,13010235.45784000,93969,1218673.49000000,6226428.97326000
2025-05-24,4.79300000,4.86200000,4.69400000,4.71500000,1298084.57000000,6216916.48430000,48837,607201.27000000,2908161.54728000
2025-05-25,4.71600000,4.81900000,4.57300000,4.79000000,1594655.60000000,7473314.82641000,54066,715238.07000000,3353400.78380000
2025-05-26,4.79100000,4.95300000,4.74500000,4.77600000,1390779.89000000,6723292.13159000,41591,728601.55000000,3522805.74974000
2025-05-27,4.77800000,4.95900000,4.67800000,4.75400000,1979269.94000000,9582278.76757000,64724,813123.90000000,3932906.97944000
2025-05-28,4.75400000,4.85200000,4.64000000,4.84500000,1750358.15000000,8309319.95765000,47381,847040.11000000,4021252.32317000
2025-05-29,4.84500000,4.91700000,4.59600000,4.61400000,1586401.25000000,7581536.37307000,51531,714482.72000000,3414454.08107000
2025-05-30,4.61500000,4.63900000,4.23400000,4.29100000,2556011.58000000,11316781.93827000,77049,1330307.95000000,5888147.74276000
2025-05-31,4.29000000,4.39300000,4.17700000,4.34800000,1415558.66000000,6063739.02521000,49207,652613.01000000,2798147.90127000
2025-06-01,4.34900000,4.38500000,4.25500000,4.36600000,776675.71000000,3362942.29476000,26368,377609.37000000,1634722.31944000
2025-06-02,4.36700000,4.49200000,4.25700000,4.46800000,1065571.79000000,4624393.78428000,31689,521176.50000000,2262833.15706000
2025-06-03,4.46900000,4.53000000,4.37200000,4.41500000,1169489.03000000,5211950.90994000,31070,506265.39000000,2256787.01809000
2025-06-04,4.41600000,4.46900000,4.24100000,4.26700000,1180617.98000000,5144840.43848000,32583,549922.72000000,2396283.04659000
2025-06-05,4.26800000,4.36100000,4.02900000,4.08100000,1790420.40000000,7520484.70499000,54267,808504.84000000,3401381.29661000
2025-06-06,4.08100000,4.29400000,4.06600000,4.17400000,1219941.63000000,5118216.96877000,38118,530987.31000000,2227899.35337000
2025-06-07,4.17400000,4.33200000,4.17200000,4.30900000,660758.45000000,2833736.27094000,17733,328282.21000000,1407834.66626000
2025-06-08,4.30900000,4.32700000,4.20100000,4.26700000,1019401.25000000,4341310.10650000,28694,486219.86000000,2071775.34194000
2025-06-09,4.27000000,4.44600000,4.20800000,4.43300000,1180825.45000000,5107831.04099000,27754,592094.91000000,2561869.04306000
2025-06-10,4.43400000,4.62600000,4.38000000,4.60100000,1922630.94000000,8671355.70134000,43159,934213.86000000,4217018.91984000
2025-06-11,4.60200000,4.62900000,4.45400000,4.50900000,1745267.01000000,7955256.09438000,41064,837879.57000000,3820217.55298000
2025-06-12,4.51000000,4.51900000,4.21300000,4.21400000,1524166.99000000,6668353.28749000,38679,765618.99000000,3349147.47178000
2025-06-13,4.21500000,4.21600000,4.00100000,4.13100000,2528137.46000000,10311364.39626000,76917,1136781.02000000,4638622.51821000
2025-06-14,4.13000000,4.15900000,4.02000000,4.08700000,920527.91000000,3773420.61626000,23700,431341.55000000,1768777.94871000
2025-06-15,4.08700000,4.13300000,4.00800000,4.09300000,891381.76000000,3635727.41902000,20841,393988.76000000,1606873.11606000
2025-06-16,4.09400000,4.29700000,4.06200000,4.14100000,1232673.82000000,5195786.13812000,31626,608552.47000000,2565631.83114000
2025-06-17,4.14100000,4.19900000,3.97100000,4.02100000,1373051.61000000,5584884.96361000,41455,558916.37000000,2276904.94171000
2025-06-18,4.02200000,4.07800000,3.91900000,4.01400000,995518.62000000,3974651.89770000,35812,397000.00000000,1586896.73096000
2025-06-19,4.01500000,4.07500000,3.95900000,4.03800000,733174.76000000,2944835.10773000,20634,332651.72000000,1336043.96851000
2025-06-20,4.03900000,4.08400000,3.82700000,3.92800000,1277832.69000000,5073749.64446000,33931,580724.40000000,2308647.20092000
2025-06-21,3.92800000,3.99100000,3.69100000,3.79400000,1407692.36000000,5400533.80391000,35544,602317.44000000,2310588.50762000
2025-06-22,3.79400000,3.84600000,3.55000000,3.71900000,3572185.66000000,13141254.52136000,70858,1304204.19000000,4802503.49909000
2025-06-23,3.72000000,4.09800000,3.70600000,4.07300000,1651007.89000000,6408478.38694000,38435,809443.56000000,3147943.59288000
2025-06-24,4.07300000,4.14000000,3.99300000,4.07400000,1697405.77000000,6887485.11467000,31587,932333.68000000,3781285.56080000
2025-06-25,4.07600000,4.08200000,3.97700000,4.00000000,1464860.98000000,5907065.67051000,28223,687255.29000000,2772132.34160000
2025-06-26,4.00100000,4.06600000,3.88900000,3.89200000,1131090.62000000,4491319.47796000,31173,513424.93000000,2038382.83672000
2025-06-27,3.89200000,3.95000000,3.84600000,3.92600000,857112.73000000,3348999.42775000,22390,437451.79000000,1709300.74942000
2025-06-28,3.92700000,4.03000000,3.91700000,3.99400000,787235.57000000,3125894.28226000,20382,379286.20000000,1505684.70641000
2025-06-29,3.99500000,4.23300000,3.96400000,4.20400000,1010510.81000000,4111196.81280000,21692,531271.19000000,2161827.06947000
2025-06-30,4.20500000,4.23900000,4.05700000,4.09300000,1107615.08000000,4578916.84256000,28748,508211.08000000,2100831.20527000
2025-07-01,4.09400000,4.11100000,3.91200000,3.92900000,796696.90000000,3185012.99316000,23790,315258.13000000,1261243.92289000
2025-07-02,3.92900000,4.25100000,3.90200000,4.17500000,1435221.28000000,5920601.37872000,37319,700570.92000000,2888854.97929000
2025-07-03,4.17500000,4.26500000,4.15500000,4.18400000,1233026.85000000,5195341.21339000,31680,639553.16000000,2696259.90465000
2025-07-04,4.18400000,4.19900000,3.95300000,3.99900000,1075824.66000000,4362643.23306000,31406,481144.10000000,1953335.19809000
2025-07-05,4.00000000,4.03400000,3.94500000,4.01100000,569766.12000000,2274641.67328000,20888,246229.53000000,983390.67966000
2025-07-06,4.01200000,4.14100000,3.97700000,4.07900000,828304.09000000,3362591.10155000,20241,355606.60000000,1444188.74424000
2025-07-07,4.08000000,4.11500000,4.01300000,4.04700000,696084.55000000,2830802.49680000,21397,295556.82000000,1201914.22189000
2025-07-08,4.04800000,4.17700000,3.99700000,4.12500000,800024.46000000,3270175.39175000,25242,348194.10000000,1423912.10745000
2025-07-09,4.12600000,4.36500000,4.09200000,4.31300000,1812453.38000000,7684439.19028000,44218,899564.64000000,3811949.25590000
2025-07-10,4.31400000,4.62900000,4.28700000,4.61800000,1938668.75000000,8531551.07221000,50342,910766.48000000,4018732.01365000
2025-07-11,4.61800000,4.80500000,4.54900000,4.64000000,3455063.61000000,16183855.87843000,104471,1904171.32000000,8914807.66946000
2025-07-12,4.64100000,4.73100000,4.49400000,4.58000000,1322569.28000000,6111592.86465000,46820,606419.89000000,2802193.52472000
2025-07-13,4.58100000,4.75800000,4.56500000,4.67900000,1177149.48000000,5497066.83490000,44845,542669.48000000,2535402.98225000
2025-07-14,4.68000000,4.85400000,4.48800000,4.55500000,2244151.97000000,10514258.65814000,71220,1039143.15000000,4869616.44881000
2025-07-15,4.55500000,4.72100000,4.43200000,4.66800000,2201113.21000000,10014948.36108000,70786,972508.42000000,4426403.68703000
2025-07-16,4.66800000,4.88000000,4.60400000,4.74400000,2027791.46000000,9559509.21368000,63504,863101.12000000,4072396.64137000
2025-07-17,4.74500000,4.90100000,4.63600000,4.85500000,2449351.27000000,11704796.72020000,76498,1219487.49000000,5828651.79949000
2025-07-18,4.85600000,5.15600000,4.78200000,4.85500000,3665990.61000000,18355391.81365000,110031,1858568.59000000,9308782.95504000
2025-07-19,4.85500000,5.04800000,4.75300000,5.01600000,1806676.01000000,8831486.29372000,55654,914686.47000000,4474092.03338000
2025-07-20,5.01700000,5.28100000,4.98300000,5.17400000,2375883.39000000,12245547.76004000,72396,1190277.37000000,6133535.38698000
2025-07-21,5.17400000,5.31700000,5.06300000,5.18600000,2526531.84000000,13176444.60192000,72026,1210677.63000000,6314044.46834000
2025-07-22,5.18600000,5.20900000,4.92200000,5.11000000,2347534.27000000,11855832.31039000,83102,1167180.85000000,5893380.41208000
2025-07-23,5.11100000,5.13800000,4.55800000,4.70200000,3444856.97000000,16654731.77897000,112402,1682454.15000000,8135383.63231000
2025-07-24,4.70400000,4.80500000,4.46000000,4.62500000,2330171.81000000,10834546.54812000,86232,1165954.91000000,5423551.66516000
2025-07-25,4.62600000,4.73800000,4.49800000,4.70900000,2102166.36000000,9702751.50430000,71835,1038529.72000000,4790372.46012000
2025-07-26,4.71000000,4.83800000,4.66900000,4.76500000,942834.34000000,4468083.77054000,28052,480841.55000000,2278351.08162000
2025-07-27,4.76600000,4.89100000,4.73600000,4.87400000,952652.80000000,4578965.32980000,28487,455174.22000000,2187955.93092000
2025-07-28,4.87500000,4.95100000,4.60900000,4.64300000,2174853.83000000,10485728.07697000,71914,1011374.93000000,4874751.62644000
2025-07-29,4.64300000,4.77200000,4.52000000,4.61600000,2413134.71000000,11175351.89068000,66621,1056625.79000000,4891823.06613000
2025-07-30,4.61700000,4.61800000,4.24700000,4.41700000,3020984.58000000,13432713.91104000,80986,1423093.33000000,6323339.95552000
2025-07-31,4.41700000,4.51600000,4.18600000,4.21000000,2247401.93000000,9797279.50291000,59017,1035137.68000000,4514811.08797000
2025-08-01,4.20900000,4.26300000,4.03800000,4.14000000,3385162.22000000,14118451.01861000,99349,1486115.91000000,6201069.66461000
2025-08-02,4.14000000,4.20000000,4.00700000,4.09200000,1733932.51000000,7107722.60861000,49886,782328.18000000,3208592.98372000
2025-08-03,4.09200000,4.28600000,4.03500000,4.27300000,1219347.14000000,5118755.69863000,31745,572696.59000000,2404004.00045000
2025-08-04,4.27300000,4.33800000,4.23100000,4.31100000,1592055.18000000,6811803.10198000,35049,754798.13000000,3230146.69898000
2025-08-05,4.31100000,4.31800000,4.13700000,4.23000000,1942660.33000000,8225203.46873000,46059,925047.68000000,3916362.36028000
2025-08-06,4.23100000,4.34200000,4.13000000,4.32100000,1486079.71000000,6293358.83540000,39479,717090.17000000,3040568.03958000
2025-08-07,4.32100000,4.47600000,4.29000000,4.47100000,1374084.39000000,6005302.40083000,33300,704013.83000000,3077808.23950000
2025-08-08,4.47100000,4.66400000,4.39600000,4.60400000,3476692.94000000,15696957.11399000,86805,1739953.11000000,7856732.16612000
2025-08-09,4.60500000,4.79100000,4.60400000,4.73000000,1900044.85000000,8959900.81063000,46057,1025250.32000000,4833914.61970000
2025-08-10,4.72900000,4.80300000,4.57200000,4.66200000,1459138.85000000,6832467.55334000,44827,752881.30000000,3530431.50779000
2025-08-11,4.66200000,4.77600000,4.45000000,4.48700000,2152070.09000000,9924776.91042000,64250,1076010.83000000,4959968.86336000
2025-08-12,4.48600000,4.79500000,4.46400000,4.70600000,2041550.17000000,9415002.22545000,60225,1023814.08000000,4719707.15992000
2025-08-13,4.70600000,4.89200000,4.65600000,4.85300000,2625078.73000000,12608914.59686000,66376,1364880.89000000,6556543.78652000
2025-08-14,4.85400000,4.91600000,4.43200000,4.52100000,3326838.90000000,15468529.67425000,105045,1591176.65000000,7403098.65097000
2025-08-15,4.52100000,4.62800000,4.33100000,4.46100000,2161250.75000000,9648368.51931000,63591,1038816.76000000,4638957.25855000
2025-08-16,4.45900000,4.60300000,4.44700000,4.57100000,1067237.02000000,4820936.18303000,29978,526088.64000000,2374787.96100000
2025-08-17,4.57200000,4.75800000,4.54100000,4.62200000,1342636.54000000,6249040.23650000,34563,678687.69000000,3159447.06555000
2025-08-18,4.62100000,4.62800000,4.38000000,4.46300000,1850426.79000000,8269829.34549000,51514,925423.51000000,4134971.65097000
2025-08-19,4.46400000,4.51000000,4.27700000,4.29100000,1826507.78000000,7982018.50302000,54507,826630.64000000,3615170.73457000
2025-08-20,4.29100000,4.50700000,4.26700000,4.47200000,1276589.45000000,5604524.31251000,36435,637982.80000000,2802492.41927000
2025-08-21,4.47300000,4.51900000,4.40100000,4.42900000,1487376.29000000,6650811.33859000,37834,813478.57000000,3639761.11476000
2025-08-22,4.43000000,4.85400000,4.29600000,4.81900000,3788204.74000000,17346567.96917000,91737,2007525.49000000,9210792.55132000
2025-08-23,4.82000000,4.93400000,4.67300000,4.89000000,2630807.17000000,12714520.24908000,61403,1336768.07000000,6465856.58154000
2025-08-24,4.89000000,4.97100000,4.65400000,4.79100000,2567263.98000000,12279247.34320000,73477,1271492.40000000,6077876.28657000
2025-08-25,4.79100000,4.85000000,4.38900000,4.41400000,4065025.62000000,18625008.90117000,102147,1929695.17000000,8849430.64686000
2025-08-26,4.41400000,4.58300000,4.38800000,4.52600000,2141382.30000000,9580365.17345000,57619,1096320.54000000,4907804.83851000
2025-08-27,4.52600000,4.59900000,4.47300000,4.49100000,1402085.86000000,6357527.16001000,48435,664057.36000000,3012778.81732000
2025-08-28,4.49100000,4.80800000,4.46100000,4.78200000,1737576.67000000,8076910.45723000,46263,910176.57000000,4235165.03587000
2025-08-29,4.78200000,4.80900000,4.42500000,4.48300000,2299170.21000000,10570451.54547000,66888,1185641.98000000,5456198.12977000
2025-08-30,4.48300000,4.56000000,4.41800000,4.50500000,964652.69000000,4336339.21429000,25611,438264.54000000,1971829.16033000
2025-08-31,4.50400000,4.61800000,4.46200000,4.46700000,862657.87000000,3928539.80349000,23144,432845.75000000,1972252.94123000
2025-09-01,4.46500000,4.59800000,4.32100000,4.39500000,2018808.10000000,8956382.96685000,56625,929062.25000000,4123545.27955000
2025-09-02,4.39600000,4.47100000,4.35100000,4.43000000,1313954.85000000,5800961.28884000,35500,632254.20000000,2792661.55762000
2025-09-03,4.43100000,4.56400000,4.40300000,4.52100000,1198740.74000000,5373542.76748000,27287,562884.26000000,2522477.34554000
2025-09-04,4.52200000,4.53900000,4.33800000,4.38600000,1281181.05000000,5651660.47169000,29441,678810.79000000,2994630.94948000
2025-09-05,4.38600000,4.55500000,4.36500000,4.44100000,2031030.71000000,9039967.88343000,49124,991165.35000000,4409426.39794000
2025-09-06,4.44100000,4.45800000,4.36100000,4.40900000,695969.69000000,3062506.92489000,19059,375114.62000000,1650974.88943000
2025-09-07,4.41000000,4.51000000,4.40900000,4.48400000,942232.46000000,4201093.58924000,20790,510365.85000000,2275894.36105000
2025-09-08,4.48500000,4.59800000,4.47600000,4.53900000,1638384.69000000,7439493.33346000,45599,952997.05000000,4329393.64823000
2025-09-09,4.54100000,4.67900000,4.48900000,4.59100000,1925198.28000000,8834457.36266000,54942,980458.20000000,4495981.55124000
2025-09-10,4.59100000,4.71700000,4.55700000,4.68000000,1701670.40000000,7908164.64740000,49621,858724.39000000,3990553.79974000
2025-09-11,4.68100000,4.70500000,4.58700000,4.69200000,1108703.39000000,5165469.62757000,32793,552127.55000000,2573314.64506000
2025-09-12,4.69300000,4.75400000,4.60100000,4.74800000,1366646.95000000,6397079.56170000,31914,653435.08000000,3057521.96724000
2025-09-13,4.74900000,4.88700000,4.71100000,4.82300000,2274630.07000000,10930428.57299000,51929,1013226.06000000,4874886.78654000
2025-09-14,4.82200000,4.82800000,4.61200000,4.63500000,1201641.27000000,5659791.10305000,39574,577138.74000000,2717930.27528000
2025-09-15,4.63500000,4.67600000,4.45100000,4.51000000,1789895.83000000,8131244.02164000,52428,795676.41000000,3614018.12941000
2025-09-16,4.51000000,4.57300000,4.41800000,4.54700000,1699455.25000000,7627319.28494000,43148,871166.68000000,3909843.15984000
2025-09-17,4.54700000,4.63900000,4.45100000,4.61300000,1531271.52000000,6926877.43655000,48866,783261.96000000,3541833.23130000
2025-09-18,4.61400000,4.70400000,4.55500000,4.67200000,1348679.91000000,6249442.18033000,41077,697176.66000000,3233950.73848000
2025-09-19,4.67200000,4.75100000,4.45200000,4.47700000,1576905.06000000,7253386.74238000,44680,789835.59000000,3636041.47904000
2025-09-20,4.47600000,4.49900000,4.42000000,4.45300000,941034.06000000,4197718.91339000,24864,505948.78000000,2258310.43841000
2025-09-21,4.45200000,4.51100000,4.34900000,4.40000000,1451975.33000000,6464385.53086000,32093,669612.78000000,2983550.13742000
2025-09-22,4.40000000,4.42200000,4.03100000,4.16100000,3540931.19000000,14834325.36599000,105194,1519829.72000000,6369828.50288000
2025-09-23,4.16100000,4.22200000,4.09600000,4.12700000,1264377.24000000,5270730.10775000,39456,615864.76000000,2568655.50707000
2025-09-24,4.12800000,4.22800000,4.07000000,4.15300000,1276939.38000000,5333499.52502000,36825,642899.67000000,2686959.14846000
2025-09-25,4.15300000,4.16300000,3.94100000,4.01200000,2403411.17000000,9741993.60101000,67640,1061508.38000000,4305187.61456000
2025-09-26,4.01300000,4.18300000,3.96400000,4.11400000,1464358.06000000,5955695.21133000,42495,764634.11000000,3114354.74717000
2025-09-27,4.11600000,4.16200000,4.05500000,4.11100000,1028188.06000000,4211311.71625000,26314,498624.79000000,2043409.02332000
2025-09-28,4.11200000,4.18700000,4.02300000,4.18300000,1090247.65000000,4455072.24173000,27453,573213.67000000,2346898.59060000
2025-09-29,4.18300000,4.18400000,4.00800000,4.11300000,1510554.02000000,6196365.44833000,33290,759830.57000000,3119110.64480000
2025-09-30,4.11300000,4.11300000,3.97600000,4.10000000,1339371.08000000,5432702.17844000,31573,656712.35000000,2666015.39270000
2025-10-01,4.10100000,4.25700000,4.06200000,4.13600000,4430543.46000000,18428305.14134000,87304,1723184.67000000,7174547.90072000
2025-10-02,4.13700000,4.32100000,4.12900000,4.31500000,3016663.87000000,12796267.64477000,52281,1440257.00000000,6111274.17207000
2025-10-03,4.31400000,4.35300000,4.19500000,4.27800000,2220288.32000000,9465569.41745000,54176,1121131.62000000,4781819.20374000
2025-10-04,4.28000000,4.29300000,4.08800000,4.13600000,1358566.86000000,5650029.89459000,31992,675481.38000000,2808402.87516000
2025-10-05,4.13600000,4.30700000,4.11300000,4.14800000,2297041.96000000,9676437.72119000,46919,1148852.53000000,4841541.99063000
2025-10-06,4.14800000,4.30700000,4.10900000,4.27200000,2007604.00000000,8447677.47947000,46223,992513.78000000,4177698.83971000
2025-10-07,4.27200000,4.29600000,4.03400000,4.05600000,3137544.67000000,13002556.59463000,65763,1385344.01000000,5732918.34640000
2025-10-08,4.05500000,4.20400000,4.01000000,4.17300000,1473945.53000000,6062309.42680000,39037,802195.55000000,3305616.15080000
2025-10-09,4.17300000,4.18600000,3.98600000,4.05700000,1798146.10000000,7272128.77390000,41009,851991.08000000,3447228.66544000
2025-10-10,4.05700000,4.18800000,0.00100000,2.94600000,12048856.01000000,37601154.20140800,420107,5957194.40000000,18588502.71894000
2025-10-11,2.94200000,3.29600000,2.85600000,3.14300000,8685323.26000000,26688949.59649000,269852,3936447.23000000,12130613.37278000
2025-10-12,3.14200000,3.55000000,3.03600000,3.48300000,3856508.09000000,12746934.32115000,113415,1874478.40000000,6203711.56365000
2025-10-13,3.48200000,3.66900000,3.44400000,3.64500000,3483907.92000000,12361855.57295000,72763,1870849.09000000,6643791.65639000
2025-10-14,3.64500000,3.66700000,3.28700000,3.47100000,3811915.02000000,13084034.82237000,63815,1864811.08000000,6409764.62665000
2025-10-15,3.47100000,3.51900000,3.27900000,3.33400000,2138365.79000000,7264093.99797000,34841,1070324.28000000,3637607.97617000
2025-10-16,3.33500000,3.42000000,3.19600000,3.25600000,2296516.77000000,7626644.62761000,35607,1079626.94000000,3585613.60728000
2025-10-17,3.25600000,3.30600000,3.01600000,3.15200000,2585138.48000000,8141186.53797000,42613,1271966.58000000,4008751.06660000
2025-10-18,3.15200000,3.23400000,3.14300000,3.18500000,977986.52000000,3118495.08543000,17748,444431.91000000,1418122.39533000
2025-10-19,3.18600000,3.29300000,3.11600000,3.22800000,1655400.27000000,5306151.28782000,23225,839472.06000000,2691710.69004000
2025-10-20,3.22900000,3.32600000,3.17900000,3.27300000,1706414.88000000,5601739.73523000,24479,911507.08000000,2992920.95253000
2025-10-21,3.27300000,3.37300000,3.17000000,3.18800000,2397495.25000000,7838158.42939000,37350,1268363.94000000,4150627.26089000
2025-10-22,3.18800000,3.22600000,3.02800000,3.11400000,1983645.17000000,6238396.28467000,48369,913814.20000000,2871998.04979000
2025-10-23,3.11500000,3.23500000,3.10900000,3.18200000,1242261.40000000,3938681.74584000,21138,627222.31000000,1989722.15859000
2025-10-24,3.18300000,3.22600000,3.12700000,3.18600000,1742604.22000000,5527943.86698000,25047,907946.43000000,2880257.14935000
2025-10-25,3.18500000,3.19700000,3.13600000,3.15000000,752703.33000000,2378496.50064000,12155,386230.83000000,1220857.65252000
2025-10-26,3.15100000,3.28300000,3.11700000,3.25400000,1348242.77000000,4319529.64516000,19500,680456.96000000,2181382.51306000
2025-10-27,3.25500000,3.28600000,3.15900000,3.17800000,1363288.78000000,4392375.79734000,23080,636882.92000000,2053879.83809000
2025-10-28,3.17900000,3.21800000,3.03400000,3.09800000,1915460.79000000,6032057.23849000,24779,1002911.83000000,3160331.75824000
2025-10-29,3.09800000,3.17700000,3.03600000,3.09500000,1680198.62000000,5224430.23176000,32782,828411.32000000,2576336.19633000
2025-10-30,3.09600000,3.15400000,2.85400000,2.95100000,2460747.52000000,7342500.66632000,46178,1162420.71000000,3470155.80487000
2025-10-31,2.95100000,3.03300000,2.93600000,2.96200000,1958140.69000000,5853052.54568000,24672,1034333.46000000,3091106.99140000
2025-11-01,2.96300000,3.04700000,2.94600000,3.03000000,1250437.67000000,3758515.43600000,15703,713006.54000000,2142526.89506000
2025-11-02,3.02900000,3.07800000,2.95200000,3.05400000,1640359.90000000,4943979.42622000,21480,759113.73000000,2288537.23640000
2025-11-03,3.05500000,3.06400000,2.47100000,2.50600000,6968968.32000000,18669733.04437000,83223,3061164.34000000,8205965.69256000
2025-11-04,2.50700000,2.64100000,2.34600000,2.50700000,6563022.20000000,16408008.28373000,106720,3160724.82000000,7901826.69547000
2025-11-05,2.50700000,2.68500000,2.40700000,2.66700000,2875453.73000000,7423188.78415000,42115,1441433.83000000,3724710.45275000
2025-11-06,2.66700000,2.67900000,2.53400000,2.64800000,2334384.95000000,6093371.62920000,30273,1125215.29000000,2938487.19438000
2025-11-07,2.64900000,3.19900000,2.64600000,3.05100000,5985747.40000000,17276469.17643000,75936,3060447.14000000,8823779.51633000
2025-11-08,3.05000000,3.15700000,2.88900000,2.95300000,3263202.00000000,9817766.58377000,53312,1613892.19000000,4860907.69518000
2025-11-09,2.95400000,3.00200000,2.83500000,2.97200000,4223386.59000000,12254420.86318000,49024,1989682.36000000,5781263.21341000
2025-11-10,2.97200000,3.15500000,2.95000000,3.10800000,2448109.42000000,7465231.94485000,42328,1138501.80000000,3473121.10350000
2025-11-11,3.10900000,3.15600000,2.93600000,2.94200000,2261103.87000000,6876646.84982000,63297,1045516.89000000,3179898.41182000
2025-11-12,2.94200000,3.11400000,2.86100000,2.89100000,1987555.85000000,5938543.50506000,31552,957701.56000000,2867276.93626000
2025-11-13,2.89100000,3.01600000,2.76800000,2.86700000,1997335.07000000,5811119.09540000,36224,939947.89000000,2740570.57981000
2025-11-14,2.86700000,2.91400000,2.75000000,2.80000000,2521948.63000000,7164949.17980000,63846,1157959.49000000,3291783.38304000
2025-11-15,2.80100000,3.00000000,2.79800000,2.85400000,1646632.70000000,4791595.44665000,37479,851661.44000000,2478525.29550000
2025-11-16,2.85400000,2.88300000,2.69600000,2.76600000,1625065.42000000,4527529.36531000,39929,790938.58000000,2202651.79555000
2025-11-17,2.76700000,2.91400000,2.68600000,2.70800000,2486356.26000000,6958448.50695000,59761,1209679.21000000,3386664.20767000
2025-11-18,2.70700000,2.82200000,2.66700000,2.76000000,2500795.14000000,6842570.71619000,56048,1256530.03000000,3437907.98225000
2025-11-19,2.75900000,2.78900000,2.61900000,2.73300000,1686255.33000000,4567002.67029000,44504,826310.70000000,2241331.37743000
2025-11-20,2.73100000,3.14100000,2.71900000,2.73900000,7155653.47000000,21174368.68207000,129105,3683186.22000000,10881868.95857000
2025-11-21,2.73800000,2.82600000,2.44600000,2.51500000,3567957.85000000,9290578.12720000,84950,1607752.85000000,4195675.50728000
2025-11-22,2.51400000,2.53300000,2.43800000,2.51400000,1640766.93000000,4073856.72019000,37562,861097.28000000,2138978.38330000
2025-11-23,2.51500000,2.56900000,2.48300000,2.49700000,1827029.99000000,4624137.88477000,35110,824326.32000000,2086564.83903000
2025-11-24,2.49700000,2.54700000,2.38400000,2.50100000,2517664.77000000,6199290.61612000,35767,1200390.86000000,2956143.01406000
2025-11-25,2.50100000,2.53200000,2.41400000,2.46700000,1349609.29000000,3343272.19349000,21135,618348.37000000,1531652.30521000
2025-11-26,2.46900000,2.56100000,2.43400000,2.52400000,1565015.41000000,3894865.41330000,22038,777673.14000000,1936513.71040000
2025-11-27,2.52500000,2.55600000,2.50000000,2.52000000,1233291.16000000,3116425.85145000,18418,620867.38000000,1569660.55535000
2025-11-28,2.52000000,2.54400000,2.42700000,2.43900000,1157367.08000000,2870986.50943000,21133,494693.29000000,1228492.21863000
2025-11-29,2.43900000,2.45500000,2.38900000,2.42700000,946416.05000000,2290222.71323000,15238,447102.68000000,1082801.36379000
2025-11-30,2.42700000,2.45400000,2.37100000,2.37600000,903157.66000000,2186573.06585000,15012,422709.33000000,1024383.34331000
2025-12-01,2.37600000,2.38500000,2.14000000,2.26800000,3357509.11000000,7570862.14157000,50025,1493401.36000000,3367724.90702000
2025-12-02,2.26900000,2.43200000,2.24600000,2.36500000,1665201.61000000,3876698.00550000,24199,900823.97000000,2099950.06255000
2025-12-03,2.36600000,2.41700000,2.31100000,2.39300000,1907744.66000000,4520315.37831000,29701,928545.92000000,2202478.22953000
2025-12-04,2.39400000,2.40800000,2.28400000,2.31100000,1229459.71000000,2889536.30779000,18833,588216.07000000,1382238.85855000
2025-12-05,2.31100000,2.33800000,2.15000000,2.19700000,1530157.73000000,3429174.44222000,28255,654042.00000000,1463934.99194000
2025-12-06,2.19800000,2.28300000,2.18500000,2.23900000,1012086.74000000,2255069.47842000,15299,506979.73000000,1130940.08350000
2025-12-07,2.23800000,2.24900000,2.13400000,2.18000000,1110822.23000000,2435983.00239000,17306,565356.37000000,1239870.58563000
2025-12-08,2.18000000,2.27100000,2.17400000,2.24900000,1242134.03000000,2779436.41298000,19839,655744.89000000,1466862.75102000
2025-12-09,2.24900000,2.42100000,2.19500000,2.32500000,1879614.44000000,4369148.09527000,31429,959228.96000000,2236934.45746000
2025-12-10,2.32700000,2.37300000,2.24600000,2.26700000,2866499.63000000,6560145.95239000,35088,1441415.25000000,3298827.33613000
2025-12-11,2.26800000,2.27200000,2.16000000,2.18500000,2109669.24000000,4623343.39115000,25357,994785.16000000,2179696.50808000
2025-12-12,2.18500000,2.20600000,2.07100000,2.14000000,2111887.25000000,4515594.43841000,27184,769055.24000000,1648550.36252000
2025-12-13,2.14100000,2.19500000,2.13900000,2.18300000,775387.84000000,1686408.22492000,11827,414862.80000000,902823.18385000
2025-12-14,2.18400000,2.19100000,2.08200000,2.10300000,1282212.36000000,2742662.35220000,14707,542598.04000000,1160983.73131000
2025-12-15,2.10300000,2.16500000,2.00200000,2.05000000,1700469.80000000,3561614.62723000,24145,793857.23000000,1663143.00400000
2025-12-16,2.05100000,2.07100000,1.98900000,1.99900000,2450554.25000000,4977882.44414000,31434,1140438.91000000,2319185.46992000
2025-12-17,2.00100000,2.09400000,1.92300000,1.94400000,2741443.53000000,5481092.45159000,34699,1410157.09000000,2820260.18929000
2025-12-18,1.94400000,1.97400000,1.83200000,1.85200000,3785200.17000000,7210286.61453000,40375,1667271.15000000,3176485.19407000
2025-12-19,1.85300000,1.99100000,1.84600000,1.96500000,2522513.85000000,4803242.02975000,25261,1232810.26000000,2347750.60586000
2025-12-20,1.96600000,2.00400000,1.95900000,1.98300000,862183.82000000,1705287.62411000,12548,429839.83000000,850284.45260000
2025-12-21,1.98300000,1.99600000,1.90700000,1.94200000,830050.68000000,1612940.65222000,14186,436608.20000000,848369.99791000
2025-12-22,1.94300000,2.00000000,1.92300000,1.95000000,1353134.86000000,2655310.32813000,18893,677275.54000000,1328511.17638000
2025-12-23,1.95000000,2.00100000,1.91800000,1.97100000,1365990.62000000,2673403.59318000,20129,700036.30000000,1371160.84589000
2025-12-24,1.97100000,1.99400000,1.91600000,1.98200000,1263819.33000000,2463687.91069000,16650,599228.45000000,1168423.32250000
2025-12-25,1.98200000,2.02700000,1.95500000,1.95700000,1255280.30000000,2507274.84244000,15189,600865.14000000,1201108.63987000
2025-12-26,1.95700000,2.06000000,1.95100000,2.04800000,1108972.13000000,2244536.36928000,17271,588722.40000000,1192025.49663000
2025-12-27,2.04700000,2.09900000,2.02900000,2.08000000,1145541.13000000,2359500.21892000,12823,643655.67000000,1325654.86931000
2025-12-28,2.08000000,2.11200000,2.05500000,2.07400000,976612.96000000,2036392.10910000,14105,486632.37000000,1015693.48194000
2025-12-29,2.07500000,2.10300000,1.95900000,1.96500000,1893871.08000000,3843081.05629000,29253,840470.71000000,1706926.14219000
2025-12-30,1.96500000,2.00100000,1.95600000,1.96700000,1265741.86000000,2502211.93924000,19977,566027.21000000,1118841.44221000
2025-12-31,1.96700000,1.98500000,1.90700000,1.93000000,831184.17000000,1621069.87646000,14195,452703.63000000,882987.66908000
2026-01-01,1.93000000,2.07900000,1.92000000,2.06900000,1309209.82000000,2607691.96194000,15203,721262.81000000,1434557.40501000
2026-01-02,2.06900000,2.17000000,2.05900000,2.16800000,1496421.58000000,3172344.42168000,20197,740929.74000000,1571008.45980000
2026-01-03,2.16800000,2.26000000,2.16700000,2.23900000,1536274.01000000,3405602.86443000,21374,754230.75000000,1671926.32441000
2026-01-04,2.24000000,2.34800000,2.23000000,2.34000000,1987686.01000000,4570439.93089000,25764,1004477.11000000,2309478.81921000
2026-01-05,2.34100000,2.39100000,2.26400000,2.36900000,1800750.23000000,4200451.83771000,24337,882464.92000000,2060296.00313000
2026-01-06,2.37000000,2.55000000,2.35200000,2.53200000,2297088.48000000,5622664.29947000,37244,1091219.78000000,2676747.05701000
2026-01-07,2.53100000,2.53500000,2.39400000,2.43300000,2234064.05000000,5450522.85344000,33109,965080.14000000,2357512.20039000
2026-01-08,2.43400000,2.50700000,2.37800000,2.46100000,2503324.00000000,6114820.81552000,40483,1179463.63000000,2882405.13668000
2026-01-09,2.46300000,2.65400000,2.41100000,2.59200000,3177422.24000000,8011172.49938000,57445,1583557.05000000,4001202.71036000
2026-01-10,2.59200000,2.68200000,2.54500000,2.57000000,2409345.57000000,6280194.68454000,51188,1246277.34000000,3250446.01693000
2026-01-11,2.56900000,2.64200000,2.55600000,2.57400000,1411131.47000000,3673394.80090000,31900,643190.07000000,1674055.80073000
2026-01-12,2.57300000,2.65600000,2.47800000,2.48700000,1665083.44000000,4286425.99715000,43574,757905.29000000,1954844.87476000
2026-01-13,2.48600000,2.67800000,2.48500000,2.63600000,1662177.48000000,4304497.23603000,46744,840306.34000000,2175223.37496000
2026-01-14,2.63500000,2.69700000,2.56800000,2.58200000,1944437.61000000,5130092.07684000,35604,956198.84000000,2524647.81014000
2026-01-15,2.58300000,2.59900000,2.44300000,2.47700000,1396375.72000000,3514364.82857000,25174,588132.87000000,1479986.55871000
2026-01-16,2.47700000,2.50800000,2.42700000,2.49400000,1227538.35000000,3033899.69122000,19158,549656.81000000,1358494.51238000
2026-01-17,2.49300000,2.60100000,2.48900000,2.56700000,1071340.88000000,2738003.65300000,18956,526184.01000000,1344727.59950000
2026-01-18,2.56800000,2.59500000,2.42200000,2.42600000,1204661.12000000,3022850.47013000,20864,525599.80000000,1321095.17385000
2026-01-19,2.42600000,2.48500000,2.23100000,2.45600000,2539417.73000000,6025579.18481000,47636,1252798.15000000,2973262.69675000
2026-01-20,2.45700000,2.54700000,2.28500000,2.29500000,2488729.39000000,5998153.60413000,50198,1241275.36000000,2996621.74788000
2026-01-21,2.29500000,2.45300000,2.29300000,2.38200000,3264710.58000000,7786091.07946000,53238,1641907.89000000,3916607.80966000
2026-01-22,2.38200000,2.44000000,2.32700000,2.33500000,1011233.29000000,2403134.72635000,21683,501179.35000000,1191363.33433000
2026-01-23,2.33600000,2.41900000,2.33000000,2.36800000,1139393.52000000,2702605.61660000,23753,559550.73000000,1328016.63600000
2026-01-24,2.36800000,2.38700000,2.29300000,2.33400000,776424.72000000,1817609.41096000,14513,378645.76000000,886376.09572000
2026-01-25,2.33300000,2.33700000,2.20100000,2.23600000,1237802.86000000,2798942.74481000,22577,554312.18000000,1254223.09329000
2026-01-26,2.23700000,2.31400000,2.21000000,2.22200000,1523084.26000000,3429327.90623000,25134,743234.29000000,1673883.61329000
2026-01-27,2.22300000,2.27000000,2.18300000,2.24400000,1366942.63000000,3035766.90594000,19775,648752.78000000,1441567.48297000
2026-01-28,2.24400000,2.30300000,2.21900000,2.23700000,2112013.52000000,4763019.22425000,27817,1268893.05000000,2860409.82514000
2026-01-29,2.23800000,2.24200000,2.07700000,2.12800000,1586179.01000000,3403744.17299000,25569,737114.70000000,1581694.40421000
2026-01-30,2.12800000,2.13500000,2.05100000,2.11200000,1370453.56000000,2868496.16852000,25986,627296.87000000,1313495.32897000
2026-01-31,2.11300000,2.11600000,1.81000000,1.97100000,2472219.26000000,4862233.54857000,48688,1128635.30000000,2215765.74687000
2026-02-01,1.97200000,1.99300000,1.87400000,1.91000000,1626128.34000000,3156599.22315000,30539,751534.52000000,1459423.30148000
2026-02-02,1.91300000,2.00700000,1.86400000,1.98200000,1538111.29000000,2980166.18417000,30958,766089.29000000,1485455.98367000
2026-02-03,1.98200000,2.05300000,1.88900000,2.03600000,2205203.71000000,4379986.58213000,28735,1107197.03000000,2200663.50154000
2026-02-04,2.03400000,2.10600000,1.97600000,1.99500000,3134460.50000000,6407092.55239000,41785,1511901.56000000,3091536.91034000
2026-02-05,1.99500000,2.05700000,1.77000000,1.81900000,5771706.55000000,11106687.27145000,95441,2936869.25000000,5657026.86641000
2026-02-06,1.81900000,2.01600000,1.65400000,1.98700000,4164696.00000000,7662613.01812000,71713,2070490.60000000,3809202.44614000
2026-02-07,1.98700000,2.05000000,1.92900000,1.98900000,2213890.07000000,4424862.55824000,45176,1083968.87000000,2165984.07860000
2026-02-08,1.99000000,2.00100000,1.93100000,1.95000000,1110155.91000000,2189047.05577000,19422,509624.22000000,1004675.00132000
2026-02-09,1.95000000,1.98500000,1.90200000,1.96000000,1220117.12000000,2377314.48201000,23924,663266.35000000,1292713.08846000
2026-02-10,1.96000000,1.97400000,1.89500000,1.92200000,995814.08000000,1917763.04777000,20925,524141.88000000,1008684.00857000
2026-02-11,1.92300000,2.00900000,1.87400000,1.94500000,1786589.62000000,3436837.65064000,30996,894954.97000000,1721007.11849000
2026-02-12,1.94600000,2.01700000,1.92900000,1.96800000,1291115.88000000,2545194.63125000,24887,623742.42000000,1230800.24646000
2026-02-13,1.96800000,2.12900000,1.95300000,2.12200000,1446322.64000000,2946032.41572000,22694,776598.80000000,1581670.73773000
2026-02-14,2.12200000,2.22100000,2.11000000,2.18600000,749230.49000000,1617392.19394000,16952,392438.32000000,847110.76910000
2026-02-15,2.18600000,2.22500000,2.09600000,2.13700000,1282038.56000000,2756242.59317000,26793,630524.76000000,1357957.29933000
2026-02-16,2.13800000,2.32200000,2.11300000,2.29200000,2766288.69000000,6126603.48485000,44486,1385517.89000000,3070889.87190000
2026-02-17,2.29400000,2.33200000,2.22300000,2.24200000,2117552.03000000,4814048.10852000,40208,1029202.00000000,2339257.78087000
2026-02-18,2.24100000,2.51200000,2.21200000,2.34600000,3728704.61000000,8833440.00092000,71519,1834076.73000000,4344444.78165000
2026-02-19,2.34600000,2.36700000,2.26700000,2.29200000,1811232.89000000,4192939.51601000,37321,792148.15000000,1835933.54308000
2026-02-20,2.29100000,2.39200000,2.25800000,2.35800000,1847571.79000000,4315158.36621000,36746,939865.59000000,2193873.69895000
2026-02-21,2.35800000,2.41300000,2.30600000,2.31400000,1111050.32000000,2634161.41872000,21414,570382.24000000,1351933.91998000
2026-02-22,2.31400000,2.31900000,2.23000000,2.25000000,1016411.11000000,2309561.88071000,16595,440050.63000000,1001089.79588000
2026-02-23,2.25000000,2.25500000,2.11200000,2.12000000,2000572.46000000,4381927.61757000,34911,910224.97000000,1992205.70819000
2026-02-24,2.12000000,2.14800000,1.98000000,1.99200000,1628456.56000000,3337675.32727000,27429,757116.88000000,1552583.39884000
2026-02-25,1.99300000,2.12000000,1.92800000,1.94200000,4359402.37000000,8873822.83264000,68272,2427373.01000000,4943604.11481000
2026-02-26,1.94100000,1.98400000,1.82500000,1.87900000,4041871.07000000,7669372.02106000,52402,2233716.83000000,4228109.77904000
2026-02-27,1.88000000,1.94100000,1.81700000,1.84900000,2257799.19000000,4249393.50471000,29819,1225584.51000000,2307184.33118000
2026-02-28,1.85000000,1.86200000,1.76700000,1.84900000,2286622.78000000,4139042.52611000,31597,1102280.64000000,1998343.93791000
2026-03-01,1.84800000,1.88500000,1.76300000,1.79900000,1628549.29000000,2977479.32399000,21847,777924.85000000,1423640.94564000
2026-03-02,1.79900000,1.88100000,1.78300000,1.84300000,1971903.32000000,3607941.75121000,25443,1021668.08000000,1869473.77217000
2026-03-03,1.84300000,1.85600000,1.76500000,1.81400000,2451285.16000000,4428110.03177000,26072,1572848.34000000,2840135.82875000
2026-03-04,1.81500000,1.92700000,1.80600000,1.87900000,2116812.45000000,3961951.03970000,25772,1006667.39000000,1883806.44860000
2026-03-05,1.87900000,1.89400000,1.82400000,1.84000000,1338080.00000000,2496937.37080000,17281,602813.61000000,1125649.38248000
2026-03-06,1.83900000,1.85500000,1.77300000,1.80900000,1110325.18000000,2016503.90509000,14845,540961.47000000,982789.17556000
2026-03-07,1.81000000,1.83200000,1.77800000,1.78500000,958208.82000000,1732931.28790000,14187,430013.84000000,778420.29299000
2026-03-08,1.78600000,1.78700000,1.71600000,1.73800000,1071463.94000000,1875888.82239000,13727,520939.94000000,911884.56483000
2026-03-09,1.73800000,1.77800000,1.70600000,1.74300000,1411291.18000000,2461704.36370000,15017,730262.75000000,1274780.53676000
2026-03-10,1.74400000,1.84400000,1.74300000,1.78800000,1540286.50000000,2763166.28278000,15188,737548.54000000,1323497.95396000
2026-03-11,1.78900000,1.85600000,1.78500000,1.84000000,1138571.21000000,2075755.23215000,16227,564157.95000000,1029247.26942000
2026-03-12,1.84100000,1.84600000,1.80700000,1.83800000,1019499.61000000,1863572.90015000,14647,531773.44000000,972617.51645000
2026-03-13,1.83800000,1.89800000,1.83300000,1.86200000,1595669.94000000,2975956.92492000,17490,745756.47000000,1392728.12112000
2026-03-14,1.86100000,1.89300000,1.85100000,1.87000000,849985.15000000,1591165.09767000,11475,457092.62000000,855892.40843000
2026-03-15,1.86900000,1.87300000,1.84200000,1.86100000,686685.94000000,1275584.72150000,8160,327324.67000000,608279.33250000
2026-03-16,1.86100000,2.00600000,1.85600000,1.97800000,2020095.37000000,3909272.37061000,25158,1040604.46000000,2013753.01703000
2026-03-17,1.97800000,1.98500000,1.92600000,1.96100000,1200005.03000000,2343074.28180000,13590,563886.80000000,1101023.30481000
2026-03-18,1.96100000,2.03500000,1.86800000,1.90900000,1959248.70000000,3844158.49304000,23536,1015130.55000000,1995216.64100000
2026-03-19,1.90900000,1.92900000,1.79900000,1.81100000,1673215.64000000,3086420.39365000,17509,939352.26000000,1730142.90365000
2026-03-20,1.81200000,1.84100000,1.78500000,1.83400000,1822920.31000000,3306137.95876000,21216,1045370.96000000,1896336.22291000
2026-03-21,1.83400000,1.86000000,1.78700000,1.79300000,664908.75000000,1220923.02385000,11865,322199.28000000,591760.09462000
2026-03-22,1.79300000,1.80700000,1.75300000,1.76900000,910719.54000000,1621878.45648000,11887,460766.38000000,820812.48374000
2026-03-23,1.77000000,1.84300000,1.75000000,1.78600000,2095644.14000000,3741152.32729000,27904,912583.77000000,1629862.24750000
2026-03-24,1.78600000,1.79700000,1.76200000,1.78700000,1349592.94000000,2402436.48394000,15384,632763.15000000,1127096.92397000
2026-03-25,1.78800000,1.80600000,1.75800000,1.76500000,1225226.69000000,2185412.80328000,14467,561645.74000000,1002843.09250000
2026-03-26,1.76500000,1.76700000,1.67300000,1.69900000,1456631.98000000,2494961.37448000,14471,693478.84000000,1188698.88932000
2026-03-27,1.69800000,1.73100000,1.65500000,1.67600000,1209660.16000000,2040204.26465000,14044,618323.26000000,1043463.66631000
2026-03-28,1.67600000,1.70200000,1.65700000,1.66600000,913233.21000000,1534663.33304000,8613,453856.24000000,762587.63565000
2026-03-29,1.66700000,1.67200000,1.60700000,1.64600000,931092.50000000,1530846.07917000,11494,545597.24000000,896602.75145000
2026-03-30,1.64700000,1.70100000,1.64100000,1.66500000,1181191.93000000,1975680.38530000,10331,484212.27000000,811561.81831000
2026-03-31,1.66700000,1.71300000,1.66400000,1.70700000,1085332.95000000,1832152.15098000,11393,506841.12000000,856910.49210000
2026-04-01,1.70700000,1.74100000,1.67100000,1.67600000,1199671.61000000,2048860.68033000,15945,592328.12000000,1010905.66092000
2026-04-02,1.67700000,1.68900000,1.61400000,1.66800000,804945.99000000,1321310.39307000,10064,418935.06000000,687579.01126000
2026-04-03,1.66800000,1.72900000,1.66500000,1.68800000,846322.78000000,1441815.17472000,12207,368360.88000000,627796.33090000
2026-04-04,1.68800000,1.72100000,1.68100000,1.71300000,486184.61000000,827267.99154000,6115,266878.36000000,454309.16509000
2026-04-05,1.71300000,1.72500000,1.66600000,1.69800000,677521.31000000,1144687.33158000,7491,323888.04000000,547173.47919000
2026-04-06,1.69800000,1.75800000,1.69200000,1.70300000,1674122.34000000,2888761.65855000,15270,694353.82000000,1198890.42850000
2026-04-07,1.70200000,1.80900000,1.67400000,1.80700000,1421880.08000000,2432074.26772000,15218,736757.20000000,1263806.49984000
2026-04-08,1.80600000,1.80900000,1.75100000,1.77900000,1173007.94000000,2097669.02331000,14932,627820.95000000,1123008.86166000
2026-04-09,1.78000000,1.82800000,1.76200000,1.80100000,1372816.23000000,2465789.35460000,16517,733696.47000000,1318034.49652000
2026-04-10,1.80200000,1.84500000,1.79300000,1.80600000,1170514.96000000,2134470.72809000,16479,669080.13000000,1220208.09206000
2026-04-11,1.80700000,1.80800000,1.76600000,1.77800000,605131.45000000,1078854.36612000,9438,332938.51000000,593544.78487000
2026-04-12,1.77800000,1.78700000,1.71900000,1.72300000,593280.08000000,1033164.42990000,9014,338636.32000000,589456.81866000
2026-04-13,1.72300000,1.78800000,1.70900000,1.77900000,1260133.58000000,2191866.07543000,14047,620162.18000000,1078973.29134000
2026-04-14,1.77900000,1.78400000,1.73600000,1.74400000,1058928.80000000,1866306.68439000,11478,548395.08000000,966911.60949000
2026-04-15,1.74500000,1.77700000,1.72800000,1.76700000,803021.23000000,1406308.18748000,9819,415582.70000000,728111.58935000
2026-04-16,1.76700000,1.82400000,1.75600000,1.81000000,1396455.01000000,2506732.05218000,17104,755806.47000000,1356783.81621000
2026-04-17,1.80900000,1.86700000,1.78500000,1.83300000,1371725.16000000,2504099.39933000,15362,678884.54000000,1240504.03290000
2026-04-18,1.83200000,1.85000000,1.77500000,1.78300000,651759.53000000,1181062.28002000,8308,282730.06000000,512104.51058000
2026-04-19,1.78300000,1.80100000,1.75400000,1.75800000,945300.29000000,1680027.93064000,11140,430626.80000000,765911.14410000
2026-04-20,1.75900000,1.81800000,1.75800000,1.80000000,710917.44000000,1272427.04276000,9901,308989.17000000,553215.81594000
2026-04-21,1.80000000,1.84600000,1.76300000,1.84500000,1342341.84000000,2424084.32264000,20206,647739.66000000,1169979.49375000
2026-04-22,1.84500000,1.91900000,1.84500000,1.86200000,1486034.71000000,2803842.83988000,19853,753401.23000000,1422059.78554000
2026-04-23,1.86200000,1.91600000,1.83700000,1.91200000,979283.51000000,1830512.44411000,12015,469321.23000000,877940.33808000
2026-04-24,1.91200000,1.99800000,1.90900000,1.99300000,1428674.27000000,2795260.65207000,20047,762475.64000000,1492736.16454000
2026-04-25,1.99300000,2.05800000,1.99100000,2.03000000,1184838.20000000,2403149.72713000,19269,665571.51000000,1350354.88680000
2026-04-26,2.02900000,2.03600000,1.99600000,2.00000000,726471.71000000,1464121.92254000,11121,343514.52000000,692524.72905000
2026-04-27,2.00000000,2.02600000,1.94600000,1.98400000,989455.28000000,1955867.65300000,14230,537955.51000000,1063443.13414000
2026-04-28,1.98400000,1.99100000,1.93200000,1.95300000,809928.62000000,1589917.15956000,10884,383287.93000000,753517.16229000
2026-04-29,1.95200000,1.99000000,1.89600000,1.92900000,624363.49000000,1217519.54994000,10664,310954.86000000,606707.50542000
2026-04-30,1.92900000,1.93900000,1.87600000,1.88800000,853189.89000000,1626350.94986000,12133,444746.37000000,848084.09026000
2026-05-01,1.88800000,1.91800000,1.87100000,1.89700000,533601.81000000,1010230.57852000,7900,242258.68000000,458794.42569000
2026-05-02,1.89700000,1.90900000,1.86400000,1.88400000,450571.60000000,851969.11676000,7505,216780.83000000,410397.16354000
2026-05-03,1.88400000,1.89700000,1.85400000,1.87400000,533842.22000000,1004274.58409000,7349,258269.06000000,486077.55363000
2026-05-04,1.87400000,1.92600000,1.86100000,1.88900000,984295.83000000,1862701.93146000,11383,473090.44000000,895987.19992000
2026-05-05,1.89000000,1.92300000,1.83800000,1.88200000,1207343.68000000,2278638.28845000,15047,597929.42000000,1128063.35269000
2026-05-06,1.88200000,1.97500000,1.87900000,1.90200000,1860900.16000000,3595222.20766000,23077,966008.93000000,1867808.67929000
2026-05-07,1.90200000,1.94700000,1.87000000,1.88600000,1183505.93000000,2254192.71237000,16205,588846.88000000,1121564.30701000
2026-05-08,1.88600000,1.96100000,1.85400000,1.95000000,1464737.92000000,2782808.60402000,18490,741243.26000000,1408418.56126000
2026-05-09,1.95100000,1.99400000,1.92900000,1.93700000,858451.80000000,1687101.58437000,12668,384438.95000000,755903.14617000
2026-05-10,1.93700000,2.05200000,1.89600000,2.01300000,2310975.61000000,4605667.26502000,37486,1201892.52000000,2391932.49765000
2026-05-11,2.01300000,2.10900000,1.97500000,2.04300000,3807616.68000000,7739483.09348000,68627,1988383.06000000,4046525.04976000
2026-05-12,2.04300000,2.18200000,1.98100000,2.10500000,4401025.09000000,9137089.27665000,54929,2163889.17000000,4496947.04943000
2026-05-13,2.10600000,2.23500000,2.03000000,2.04000000,4865780.38000000,10362722.11266000,68621,2342005.25000000,4988435.16858000
2026-05-14,2.03900000,2.07300000,1.99700000,2.04300000,1734833.07000000,3523513.03609000,32234,869373.90000000,1765179.14532000
2026-05-15,2.04500000,2.05400000,1.92300000,1.92900000,1511395.08000000,3001626.86151000,24055,697434.55000000,1387053.43869000
2026-05-16,1.92900000,2.05800000,1.91000000,2.03900000,2560248.09000000,5083479.09925000,48307,1272611.95000000,2526928.05303000
2026-05-17,2.03900000,2.14000000,1.99000000,2.03500000,3052324.40000000,6297351.06652000,48458,1563189.08000000,3226831.97344000
2026-05-18,2.03400000,2.08900000,1.98600000,2.07600000,2081577.73000000,4250552.54747000,32638,1024220.12000000,2092946.51133000
2026-05-19,2.07600000,2.09300000,2.01700000,2.04100000,1483833.20000000,3055554.48705000,23074,755083.21000000,1554878.53528000
2026-05-20,2.04000000,2.04000000,1.97900000,1.99200000,819189.17000000,1645984.94326000,16381,373898.71000000,751612.86387000
2026-05-21,1.99200000,2.08400000,1.99100000,2.05200000,1615000.63000000,3300935.39122000,33305,789446.67000000,1612264.99190000
2026-05-22,2.05200000,2.19000000,2.03900000,2.07000000,2406933.60000000,5116939.97787000,50935,1252550.54000000,2660501.57411000
2026-05-23,2.07000000,2.15000000,2.00800000,2.11000000,1510693.22000000,3146054.54229000,29485,773292.16000000,1612695.53370000
2026-05-24,2.11000000,2.13200000,1.99800000,2.05400000,1078481.06000000,2238213.12093000,20281,490237.25000000,1019255.03121000
2026-05-25,2.05500000,2.18900000,2.05000000,2.13600000,1655237.25000000,3534008.08777000,29690,757777.48000000,1617005.12754000
2026-05-26,2.13600000,2.29800000,2.11800000,2.21800000,3157990.97000000,6936201.24993000,58111,1588912.76000000,3492846.23739000
2026-05-27,2.21800000,2.26300000,2.11300000,2.13200000,1990094.71000000,4390797.28782000,39135,930342.56000000,2056359.19266000
2026-05-28,2.13200000,2.13800000,2.00500000,2.06100000,1558515.36000000,3209739.40503000,27327,743307.98000000,1531728.50605000
2026-05-29,2.06100000,2.11100000,1.97100000,2.01700000,1504283.10000000,3062940.49469000,24863,639977.14000000,1304011.14173000
2026-05-30,2.01600000,2.07000000,2.00500000,2.02000000,748935.75000000,1524060.72041000,12745,333103.87000000,678403.08732000
2026-05-31,2.02000000,2.02500000,1.92300000,1.95800000,1842206.81000000,3656671.52480000,20813,877192.65000000,1739606.56872000
2026-06-01,1.95800000,1.97800000,1.88800000,1.90600000,989232.53000000,1911180.16274000,15807,428288.05000000,827664.38688000
2026-06-02,1.90700000,1.91000000,1.78600000,1.82100000,1399572.26000000,2589767.41883000,23191,668369.82000000,1238141.02753000
2026-06-03,1.82300000,1.92000000,1.81200000,1.85600000,1557736.60000000,2910946.68906000,25819,682787.67000000,1278466.72945000
2026-06-04,1.85500000,1.86700000,1.73300000,1.81000000,1541533.40000000,2775693.40729000,31974,687818.66000000,1240295.42308000
2026-06-05,1.80800000,1.81700000,1.60100000,1.65800000,2168726.17000000,3699932.60634000,46198,972362.68000000,1662527.95300000
2026-06-06,1.65800000,1.68300000,1.55900000,1.62800000,980496.59000000,1591147.84329000,23983,410991.89000000,668814.20909000
2026-06-07,1.62900000,1.74400000,1.62400000,1.71500000,1136274.31000000,1920015.98741000,32962,564432.91000000,953456.96603000
2026-06-08,1.71500000,1.80700000,1.69800000,1.76600000,963126.24000000,1690111.03625000,19618,487831.55000000,855811.58512000
2026-06-09,1.76500000,1.80200000,1.71800000,1.78000000,1278213.17000000,2250500.83643000,22310,634739.89000000,1118423.60473000
2026-06-10,1.78000000,1.86200000,1.73700000,1.76300000,1853030.31000000,3333069.87955000,29962,1012621.02000000,1821178.92612000
2026-06-11,1.76400000,2.03500000,1.76400000,2.03400000,4148441.67000000,7905894.99585000,55681,2152844.19000000,4106838.22581000
2026-06-12,2.03500000,2.03700000,1.93200000,1.98100000,1714520.62000000,3400776.42731000,28345,864854.42000000,1715819.66646000
2026-06-13,1.98000000,2.02400000,1.94000000,1.94900000,979402.03000000,1944923.17198000,15411,451700.33000000,897604.69726000
2026-06-14,1.94900000,2.01600000,1.92300000,2.00800000,1463504.54000000,2872446.96315000,20710,743208.16000000,1459102.51895000
2026-06-15,2.00700000,2.02400000,1.94700000,1.96500000,1426344.83000000,2829287.04137000,19239,679951.13000000,1350773.44960000
2026-06-16,1.96400000,2.01600000,1.94000000,1.99200000,1002652.99000000,1987844.08969000,14856,523157.70000000,1038390.63654000
2026-06-17,1.99300000,2.02300000,1.87500000,1.90000000,1437924.96000000,2822637.14929000,24546,755456.42000000,1485068.77699000
2026-06-18,1.90100000,1.90800000,1.77900000,1.81300000,1560223.33000000,2857880.56522000,20853,763284.19000000,1397635.28739000
2026-06-19,1.81400000,1.85400000,1.79500000,1.81000000,564189.13000000,1024485.70779000,11963,300220.48000000,545186.84200000
2026-06-20,1.81100000,1.81800000,1.76200000,1.80300000,518449.53000000,929450.24061000,8856,262618.41000000,470799.73145000
2026-06-21,1.80300000,1.81100000,1.75000000,1.75600000,378786.22000000,672686.96328000,6308,188708.14000000,335216.43029000
2026-06-22,1.75800000,1.83800000,1.75300000,1.79900000,833124.08000000,1503581.80074000,12034,450409.64000000,813134.74123000
2026-06-23,1.79900000,1.80600000,1.71500000,1.71900000,1055000.58000000,1849449.48435000,14668,513307.65000000,900761.24460000
2026-06-24,1.71900000,1.73400000,1.60300000,1.65100000,1894381.84000000,3141930.19090000,21645,1109192.59000000,1837609.26723000
2026-06-25,1.65100000,1.67900000,1.54800000,1.61300000,1416537.30000000,2290912.47335000,21193,703036.20000000,1135969.87892000
2026-06-26,1.61300000,1.64900000,1.57300000,1.59500000,1410452.27000000,2267032.35622000,21240,789348.30000000,1268623.74918000
2026-06-27,1.59600000,1.61700000,1.55900000,1.58300000,1132431.95000000,1801038.38056000,13299,698417.20000000,1110884.41210000
2026-06-28,1.58100000,1.58500000,1.55400000,1.57300000,959942.84000000,1508437.09344000,11695,411610.41000000,647158.29611000
2026-06-29,1.57300000,1.59500000,1.51900000,1.53500000,1803164.20000000,2794235.24893000,18009,1048965.44000000,1623841.13128000
2026-06-30,1.53600000,1.54200000,1.50000000,1.51300000,1563762.14000000,2370967.73067000,21040,810751.84000000,1229806.42932000
2026-07-01,1.51400000,1.57200000,1.48200000,1.53900000,1119638.58000000,1714344.87938000,13398,569093.94000000,872353.33607000
2026-07-02,1.54000000,1.58000000,1.53700000,1.56000000,1256381.41000000,1953286.65650000,11908,541746.48000000,842819.72873000
2026-07-03,1.56000000,1.61300000,1.55200000,1.59700000,854834.14000000,1356805.35465000,10529,408524.38000000,649156.96580000
2026-07-04,1.59700000,1.61200000,1.58000000,1.59300000,467739.56000000,746437.38706000,6993,211399.72000000,337750.78646000
2026-07-05,1.59300000,1.60000000,1.54300000,1.59800000,656600.00000000,1028940.64966000,9058,278099.87000000,436424.37778000
2026-07-06,1.59900000,1.63000000,1.54500000,1.60300000,1158774.11000000,1840998.25297000,11194,535791.34000000,851003.48356000
2026-07-07,1.60200000,1.61200000,1.56200000,1.57500000,919382.46000000,1463519.64545000,8805,428150.42000000,681711.38077000
2026-07-08,1.57500000,1.58400000,1.52900000,1.56600000,1199869.34000000,1868966.67159000,10585,596752.01000000,929576.09218000
2026-07-09,1.56600000,1.58400000,1.54600000,1.55200000,684727.90000000,1070364.79644000,7029,339771.63000000,531363.67543000
2026-07-10,1.55200000,1.59500000,1.54400000,1.58800000,627893.69000000,989430.97606000,7836,324064.53000000,510354.08634000
2026-07-11,1.58900000,1.61300000,1.57900000,1.58100000,716780.03000000,1144657.19274000,8003,345026.94000000,551426.55350000
2026-07-12,1.58100000,1.59100000,1.55400000,1.56800000,771444.74000000,1212481.65694000,8079,316647.69000000,498379.37392000
2026-07-13,1.56800000,1.58400000,1.52200000,1.53800000,770635.20000000,1190767.40900000,10704,345218.29000000,533871.58148000
2026-07-14,1.53900000,1.56700000,1.51700000,1.56400000,807087.02000000,1244655.34309000,13380,491673.81000000,759443.97721000
2026-07-15,1.56400000,1.59400000,1.55200000,1.55600000,1205739.35000000,1889694.82888000,15834,715395.67000000,1121646.24198000
2026-07-16,1.55600000,1.56900000,1.50400000,1.51200000,1213093.54000000,1865556.66842000,18823,677573.29000000,1042589.44368000
2026-07-17,1.51300000,1.53000000,1.48900000,1.51100000,1147910.59000000,1729491.09403000,18017,625545.66000000,942791.07353000
2026-07-18,1.51000000,1.51400000,1.48400000,1.49800000,734495.92000000,1100026.60662000,11872,423519.50000000,634291.85333000
2026-07-19,1.49800000,1.50500000,1.47200000,1.47700000,845945.19000000,1259474.25070000,11178,520001.64000000,774001.73904000
2026-07-20,1.47700000,1.50900000,1.44500000,1.49600000,1480779.33000000,2187679.37286000,19845,886713.87000000,1310233.19106000
2026-07-21,1.49500000,1.51100000,1.47800000,1.48600000,975576.94000000,1460184.68412000,13404,569599.57000000,852674.18081000
2026-07-22,1.48500000,1.49300000,1.45800000,1.46900000,934570.60000000,1375257.53959000,13293,625131.81000000,920110.74712000
2026-07-23,1.46900000,1.48000000,1.41800000,1.42000000,1124943.41000000,1635508.87727000,14557,546617.71000000,794390.54917000
2026-07-24,1.42100000,1.43100000,1.37300000,1.39400000,898454.97000000,1259604.32336000,14161,492295.82000000,689872.45783000
2026-07-25,1.39400000,1.40200000,1.37000000,1.38300000,594606.79000000,823224.14938000,11028,344607.34000000,477083.76843000
2026-07-26,1.38300000,1.40500000,1.38100000,1.39900000,802521.23000000,1117647.46447000,11860,478875.56000000,667099.82209000
2026-07-27,1.39900000,1.40000000,1.29500000,1.29900000,1546372.34000000,2093610.80894000,16019,772171.03000000,1046709.44926000
2026-07-28,1.30000000,1.31600000,1.28500000,1.30800000,1792595.63000000,2333871.22132000,18774,1007684.51000000,1312364.44212000
2026-07-29,1.30800000,1.31200000,1.26500000,1.28300000,1138700.82000000,1465510.06520000,12226,641030.14000000,825165.91326000
2026-07-30,1.28300000,1.30800000,1.27100000,1.28200000,524599.85000000,676498.45743000,6557,316579.69000000,408227.05814000
2026-07-31,1.28100000,1.29000000,1.21900000,1.22900000,1793439.65000000,2226037.30722000,13499,838264.55000000,1039238.15556000
2026-08-01,1.22800000,1.24000000,1.21200000,1.22400000,485339.41000000,596363.66736000,5805,255437.86000000,313988.05508000
2026-08-02,1.22400000,1.27300000,1.22200000,1.26600000,1222811.03000000,1530558.81538000,10424,665053.92000000,832704.29672000
2026-08-03,1.26700000,1.39300000,1.25400000,1.36600000,2923448.98000000,3897735.17602000,24241,1623522.34000000,2167354.01191000
2026-08-04,1.36500000,1.39500000,1.35400000,1.37600000,1652098.28000000,2270248.12222000,14374,900483.24000000,1237852.76559000
2026-08-05,1.37500000,1.38400000,1.33800000,1.35500000,1100546.90000000,1493979.33301000,11738,493460.90000000,669490.36804000
2026-08-06,1.35500000,1.39700000,1.32700000,1.35400000,985247.06000000,1339558.47076000,10155,530866.10000000,722241.95158000
2026-08-07,1.35400000,1.36700000,1.33600000,1.36400000,788005.80000000,1066010.37229000,7717,395623.96000000,534982.31991000
2026-08-08,1.36400000,1.40300000,1.36200000,1.38800000,590028.91000000,817151.47244000,6503,320207.68000000,443483.20470000
2026-08-09,1.38800000,1.39600000,1.37000000,1.37500000,501562.91000000,693342.65685000,7965,270550.08000000,374131.52796000
2026-08-10,1.37500000,1.43100000,1.36900000,1.40000000,954302.23000000,1336242.25563000,9099,438600.98000000,613676.92906000
2026-08-11,1.40000000,1.44600000,1.38900000,1.43600000,1079200.90000000,1537068.03595000,10767,498125.47000000,708363.77496000
2026-08-12,1.43600000,1.44800000,1.39300000,1.40000000,681227.74000000,966038.66723000,9710,332262.37000000,471601.58570000
2026-08-13,1.40000000,1.53200000,1.39300000,1.50200000,1884011.85000000,2788638.66739000,23534,954861.30000000,1410875.34067000
2026-08-14,1.50200000,1.57300000,1.47700000,1.51200000,2109271.00000000,3236763.26061000,24994,1074743.01000000,1650407.19917000
2026-08-15,1.51300000,1.51400000,1.46400000,1.47500000,831941.73000000,1234703.20274000,8301,429192.54000000,637314.67966000
2026-08-16,1.47500000,1.50500000,1.45000000,1.45500000,794243.28000000,1176819.66594000,8163,424167.70000000,628737.98344000
2026-08-17,1.45500000,1.46500000,1.40000000,1.41500000,1183664.60000000,1697750.68494000,11539,611734.00000000,877248.30280000
2026-08-18,1.41500000,1.45600000,1.37900000,1.41300000,1591705.39000000,2244837.55609000,18092,795766.27000000,1123471.28827000
2026-08-19,1.41400000,1.51400000,1.39600000,1.49400000,2248726.39000000,3240972.59403000,21408,1113121.92000000,1604542.26391000
2026-08-20,1.49400000,1.52300000,1.46500000,1.51400000,1285491.70000000,1920396.12809000,17733,676349.69000000,1010772.56095000
2026-08-21,1.51400000,1.62300000,1.50900000,1.60300000,2614615.19000000,4084738.76892000,32952,1331981.33000000,2081084.20339000
2026-08-22,1.60200000,1.72100000,1.51300000,1.57800000,3170799.00000000,5114482.69722000,43084,1557446.87000000,2514347.07438000
2026-08-23,1.57900000,1.62300000,1.51900000,1.60200000,1217366.76000000,1917243.99033000,16757,601820.49000000,947743.51898000
2026-08-24,1.60300000,1.60700000,1.51400000,1.52300000,1514509.17000000,2364105.49562000,18001,799340.14000000,1248741.59735000
2026-08-25,1.52300000,1.56500000,1.49300000,1.52300000,1997586.31000000,3068065.57907000,23928,1015076.27000000,1559897.34834000
2026-08-26,1.52400000,1.56600000,1.48300000,1.51300000,1493422.67000000,2283204.68258000,16828,798511.85000000,1220768.44057000
2026-08-27,1.51300000,1.56400000,1.47500000,1.56200000,1481698.72000000,2250524.16160000,17583,814763.15000000,1236705.74965000
2026-08-28,1.56300000,1.58000000,1.45400000,1.48200000,1671326.72000000,2520594.57685000,18359,812825.62000000,1226391.13064000
2026-08-29,1.48300000,1.51700000,1.48200000,1.50200000,586672.63000000,881439.96274000,8981,256003.78000000,384585.27008000
2026-08-30,1.50200000,1.50200000,1.43600000,1.45800000,881827.45000000,1301775.30813000,12163,392728.37000000,580925.28202000
2026-08-31,1.45700000,1.49500000,1.45000000,1.47000000,831385.40000000,1223617.93266000,11332,371863.73000000,547442.92289000
2026-09-01,1.47000000,1.51300000,1.45300000,1.46300000,1100396.43000000,1633921.02327000,14688,542290.97000000,805964.43121000
2026-09-02,1.46300000,1.47100000,1.44000000,1.45500000,1034650.35000000,1506357.05727000,13601,610205.84000000,889277.54520000
2026-09-03,1.45500000,1.53000000,1.44900000,1.50600000,954200.74000000,1433746.55307000,12410,449377.90000000,675769.79340000
2026-09-04,1.50700000,1.53700000,1.47000000,1.49300000,766762.85000000,1154095.88617000,10476,353998.05000000,533105.98460000
2026-09-05,1.49500000,1.56400000,1.49100000,1.55700000,805899.63000000,1243996.42028000,8916,408196.54000000,630344.98640000
2026-09-06,1.55600000,1.61100000,1.55500000,1.59700000,801960.08000000,1269020.53984000,11019,436304.92000000,690228.58199000
2026-09-07,1.59700000,1.69800000,1.57700000,1.63100000,1497816.32000000,2445440.84045000,21307,733641.69000000,1197877.43052000
2026-09-08,1.62800000,1.87400000,1.62500000,1.85900000,3061801.92000000,5397449.22106000,36803,1593741.95000000,2804977.23674000
2026-09-09,1.85800000,2.03100000,1.79900000,1.85700000,4458637.73000000,8542374.39469000,63884,2260860.86000000,4333641.28169000
2026-09-10,1.85700000,1.89800000,1.74700000,1.79000000,2325044.28000000,4216023.09846000,39103,1217843.93000000,2207528.58191000
2026-09-11,1.79100000,1.82400000,1.62300000,1.64200000,2397923.94000000,4144907.89123000,35677,1268187.09000000,2191236.82326000
2026-09-12,1.64100000,1.65900000,1.59300000,1.60600000,1139585.99000000,1860178.92512000,12834,650598.53000000,1062865.36847000
2026-09-13,1.60400000,1.61800000,1.57100000,1.58100000,991497.66000000,1584081.62981000,10686,512380.10000000,818849.68860000
2026-09-14,1.58000000,1.62600000,1.53000000,1.58400000,1671914.81000000,2650341.17500000,22214,855829.21000000,1357804.57683000
2026-09-15,1.58400000,1.61000000,1.50200000,1.51800000,1760844.83000000,2751050.81597000,20719,838498.67000000,1310031.64432000
2026-09-16,1.51800000,1.52500000,1.46800000,1.52100000,1046938.03000000,1567403.71183000,13278,549912.48000000,823821.07785000
2026-09-17,1.52200000,1.58300000,1.50200000,1.57600000,1026931.97000000,1585173.90464000,11352,534906.75000000,825281.82461000
2026-09-18,1.57700000,1.74000000,1.57100000,1.72000000,2398823.89000000,3986808.37050000,24485,1288954.23000000,2145339.79459000
2026-09-19,1.72000000,1.78100000,1.67100000,1.74600000,2115890.64000000,3659813.10207000,32374,1051281.31000000,1819540.49803000
2026-09-20,1.74600000,1.78500000,1.67000000,1.76700000,1764556.07000000,3062818.26537000,21989,914109.99000000,1586312.70581000
2026-09-21,1.76600000,1.82600000,1.72200000,1.81300000,2562423.15000000,4572821.12825000,32223,1291874.78000000,2306950.09922000
2026-09-22,1.81200000,1.86400000,1.72800000,1.84600000,2438619.91000000,4341275.08373000,32733,1221079.56000000,2172403.30925000
2026-09-23,1.84500000,1.86300000,1.68200000,1.69800000,2020121.78000000,3571178.86895000,29214,944848.47000000,1672398.60375000
