open_time_ms,open,high,low,close,volume,quote_volume
1647475200000,9.2510,9.2510,7.1700,8.5310,74927788,599952082.4410
1647561600000,8.5300,17.2980,8.5160,13.0670,492575757,6683767983.7190
1647648000000,13.0680,14.6550,11.4200,11.7360,171212188,2286521776.6580
1647734400000,11.7370,11.9580,9.5050,9.6340,156238531,1711103021.1920
1647820800000,9.6370,10.9980,9.5790,10.5210,141974599,1457802361.5320
1647907200000,10.5180,12.5820,10.2190,12.2090,148180818,1689686069.7070
1647993600000,12.2120,13.5000,11.5000,13.3050,134815379,1696289122.0890
1648080000000,13.3070,14.4440,12.7260,12.9000,118091815,1615808992.0900
1648166400000,12.9000,13.7060,12.2050,12.3880,70963685,921625795.5640
1648252800000,12.3900,14.2500,12.3600,13.8270,74035467,992201229.2990
1648339200000,13.8240,14.3570,13.2900,14.2670,59400977,825815714.6920
1648425600000,14.2670,15.5620,13.7790,14.0200,72793518,1088378778.6740
1648512000000,14.0200,14.5690,13.3130,13.6030,47326795,663631337.9340
1648598400000,13.6030,14.5920,13.0330,14.2030,53814349,751221980.3340
1648684800000,14.2030,14.3940,12.3740,12.7010,44762025,602474510.2980
1648771200000,12.7030,13.6000,12.2350,12.8280,35700674,460632387.3000
1648857600000,12.8280,13.8330,12.3500,12.4270,41330794,541771100.1630
1648944000000,12.4270,12.9260,11.8520,12.3890,33474499,416129392.6370
1649030400000,12.3900,12.4510,11.1140,11.9300,32920019,390487849.0170
1649116800000,11.9300,12.8000,11.5100,11.6320,39910220,487479310.1630
1649203200000,11.6340,12.0400,10.5010,10.6580,41860432,470903132.9870
1649289600000,10.6570,11.2990,10.6150,11.1700,29605665,326347404.0580
1649376000000,11.1710,11.6100,10.6600,10.7740,31881482,356355549.3720
1649462400000,10.7760,11.0490,10.5860,10.9690,14046789,152202151.4800
1649548800000,10.9700,12.4100,10.8180,12.0660,63450249,750448342.7980
1649635200000,12.0670,12.2220,10.6610,10.9380,76937331,861828048.3500
1649721600000,10.9410,12.1120,10.6880,11.5820,55615298,638233527.6490
1649808000000,11.5830,13.4770,11.4490,13.2410,95305952,1186961428.2910
1649894400000,13.2410,13.6000,11.9220,12.2600,69049035,882664628.9480
1649980800000,12.2590,12.6140,11.9620,12.2340,35920981,440265704.6780
1650067200000,12.2350,12.2890,11.2750,11.6600,27391714,321876690.9050
1650153600000,11.6590,12.1000,11.4500,11.6940,26127381,307501426.8760
1650240000000,11.6930,11.9090,10.8800,11.8590,34239909,390040522.5840
1650326400000,11.8590,13.5270,11.6600,13.3690,62273523,791318212.0370
1650412800000,13.3680,17.5830,12.9520,16.7130,248074362,3974725045.6810
1650499200000,16.7130,16.7870,14.0500,14.2850,134219197,2048462029.9680
1650585600000,14.2860,15.4500,13.6860,15.3570,100370877,1454217293.6150
1650672000000,15.3560,18.4470,15.1600,16.6740,250308381,4215498329.0080
1650758400000,16.6740,17.8700,15.8800,16.8100,164509294,2759282045.7480
1650844800000,16.8110,19.5800,16.1690,19.3240,242849691,4235775287.9610
1650931200000,19.3230,19.5600,17.3980,18.0740,167011000,3044868629.8450
1651017600000,18.0750,19.9350,17.8340,19.4070,151340999,2880617708.6270
1651104000000,19.4080,27.8000,19.0800,23.7160,306363691,6923676848.4400
1651190400000,23.7170,24.4400,18.3910,19.1170,402646974,8754556198.2190
1651276800000,19.1160,25.0960,19.0750,19.8890,389271725,8597423947.6730
1651363200000,19.8830,20.0900,15.5000,15.8570,307644937,5361859407.2980
1651449600000,15.8550,17.3500,14.2000,15.0410,253420153,3937583880.5590
1651536000000,15.0410,15.7940,13.8500,14.1520,178354421,2658684179.5000
1651622400000,14.1540,17.6300,14.0000,15.5540,294758253,4641699742.0700
1651708800000,15.5540,16.7640,12.8560,13.6870,206632790,3051086687.8890
1651795200000,13.6850,13.9000,12.6240,13.2580,134663993,1791889154.6790
1651881600000,13.2580,13.3250,12.1000,12.3500,101779830,1288237931.4840
1651968000000,12.3490,12.5040,11.0640,11.2320,104052828,1219603424.9280
1652054400000,11.2310,11.6380,7.9000,7.9850,245336838,2448920517.3490
1652140800000,7.9850,10.1980,7.7710,9.0230,251728486,2258072877.2540
1652227200000,9.0240,9.4380,5.1360,5.7250,284018012,1991640301.1990
1652313600000,5.7250,9.0520,5.3980,7.8130,384132167,2708593948.1620
1652400000000,7.8130,9.8000,7.6600,8.5400,279803677,2492150985.9810
1652486400000,8.5390,9.1620,7.2070,8.6540,167750256,1354364172.6040
1652572800000,8.6560,9.2020,8.0560,9.1240,138566981,1180115775.7610
1652659200000,9.1250,9.1290,7.8180,8.0700,135565889,1112687497.4960
1652745600000,8.0700,9.2780,8.0510,8.8730,177004962,1528594296.3240
1652832000000,8.8740,9.0760,7.6090,7.9790,144252418,1192868217.6330
1652918400000,7.9790,8.2750,7.4180,8.0660,144239282,1135005000.0960
1653004800000,8.0660,8.3680,7.5150,7.7540,113555723,899663964.0500
1653091200000,7.7530,8.2360,7.5570,8.0260,70228401,554519961.7260
1653177600000,8.0260,8.2280,7.7600,8.0220,63108267,504814641.5480
1653264000000,8.0220,8.4970,7.5800,7.7500,104344579,848090054.3430
1653350400000,7.7510,7.8890,7.0000,7.5010,90667327,671833466.2500
1653436800000,7.5000,7.7220,7.2500,7.3340,71386396,530932552.2950
1653523200000,7.3340,7.4420,6.2040,6.3730,115207766,778250843.7980
1653609600000,6.3710,6.4700,5.7870,6.0800,139440724,854560503.9420
1653696000000,6.0790,6.4000,6.0350,6.2290,62105204,387185466.3630
1653782400000,6.2280,6.3600,5.9660,6.2310,53860303,331660033.2920
1653868800000,6.2310,7.4730,6.1490,7.2200,95076098,654510315.9050
1653955200000,7.2200,7.3400,6.5320,6.7780,69229276,478620649.3690
1654041600000,6.7770,7.0280,5.9350,6.1060,77898498,508039975.1800
1654128000000,6.1060,6.4930,5.9690,6.3950,61643861,381362446.7120
1654214400000,6.3960,6.4940,5.9870,6.1260,50784200,313439715.0680
1654300800000,6.1260,6.2290,6.0000,6.1930,34247604,210129583.6000
1654387200000,6.1930,6.2670,6.0420,6.0950,32816402,200853897.7900
1654473600000,6.0940,6.4420,6.0750,6.3860,44678929,281678024.4740
1654560000000,6.3850,6.3950,5.8350,6.0280,66327149,401294504.1880
1654646400000,6.0290,6.1220,5.6500,5.7010,37682495,223312989.1160
1654732800000,5.7030,5.9190,5.6450,5.7210,27424005,158507351.0670
1654819200000,5.7200,5.7400,5.1140,5.1720,45418748,245521324.9780
1654905600000,5.1710,5.5970,4.6730,4.7420,71870654,363765763.7230
1654992000000,4.7430,4.7960,3.8710,3.8850,94049102,403899840.4160
1655078400000,3.8850,3.9890,3.2060,3.4840,161999808,577067994.0180
1655164800000,3.4830,3.9510,3.2450,3.6140,110384113,397126947.4850
1655251200000,3.6140,4.2810,3.0620,4.1600,148144479,511664137.0310
1655337600000,4.1590,4.3070,3.2940,3.3730,115897842,425288925.5200
1655424000000,3.3740,3.8470,3.3400,3.7400,98535564,353810184.7800
1655510400000,3.7410,3.8650,3.1130,3.6170,124503500,427553194.7040
1655596800000,3.6170,4.5210,3.4040,4.1270,151914918,589634562.6090
1655683200000,4.1270,4.8360,3.8510,4.4900,159055345,695562935.2300
1655769600000,4.4890,4.8610,4.3170,4.3960,108762653,500329681.1680
1655856000000,4.3960,4.4030,3.9470,3.9760,89541844,372847679.9680
1655942400000,3.9750,4.4840,3.9570,4.3900,77531194,331398718.7590
1656028800000,4.3890,4.6200,4.3460,4.4840,61750086,276518409.5120
1656115200000,4.4840,4.6790,4.2820,4.5540,57016768,255047632.7240
1656201600000,4.5530,5.3080,4.5090,4.6920,173740893,877513687.9510
1656288000000,4.6920,5.2620,4.6500,5.1160,111779836,548724700.1250
1656374400000,5.1170,5.5750,4.7900,4.8990,209294973,1094347336.4800
1656460800000,4.8990,5.1330,4.6060,4.6930,129888137,624339206.4960
1656547200000,4.6940,4.7550,4.2090,4.6320,113856487,500660318.6600
1656633600000,4.6330,4.8300,4.3490,4.5310,91324336,414228818.0010
1656720000000,4.5310,4.6330,4.3570,4.5180,52317062,234036109.5490
1656806400000,4.5190,4.7090,4.4660,4.5690,57616387,264159980.3320
1656892800000,4.5670,4.9480,4.4070,4.9200,63447929,293327238.9750
1656979200000,4.9200,5.0990,4.6130,4.9140,93795292,457748181.2290
1657065600000,4.9140,5.1630,4.7530,5.0200,86336109,428492953.8940
1657152000000,5.0190,5.2440,4.8820,5.1060,59573300,301884871.5520
1657238400000,5.1060,5.2980,4.9080,4.9410,58052297,293118555.5620
1657324800000,4.9410,5.0960,4.9380,5.0090,28798364,144553398.6230
1657411200000,5.0090,5.0450,4.7000,4.7840,35943177,174386567.6130
1657497600000,4.7840,4.7840,4.2760,4.3330,42647684,194180802.7370
1657584000000,4.3330,4.3920,4.1720,4.2400,41813145,179362249.1250
1657670400000,4.2400,4.5970,4.1820,4.5770,96337335,423743003.3900
1657756800000,4.5770,4.7570,4.3300,4.6840,59162784,268156718.7330
1657843200000,4.6840,4.7950,4.5220,4.5990,47127309,219980106.6500
1657929600000,4.5990,4.8850,4.4460,4.7670,46834041,217598630.0920
1658016000000,4.7670,5.1700,4.6350,4.9710,80116620,397794322.0460
1658102400000,4.9710,6.2650,4.9700,5.9870,158446880,914979679.5520
1658188800000,5.9850,6.3500,5.6220,6.0750,106776465,638621382.6640
1658275200000,6.0740,6.5060,5.8070,5.8720,91945160,568472159.7020
1658361600000,5.8690,6.5500,5.6330,6.4180,76776516,458640301.7700
1658448000000,6.4180,6.9450,6.1700,6.1910,114441676,760954739.2730
1658534400000,6.1900,6.8900,6.1240,6.6370,78584188,507956707.6410
1658620800000,6.6370,6.9390,6.4210,6.4420,54335233,358587574.8420
1658707200000,6.4420,6.6560,5.9710,5.9950,75904396,480323558.2480
1658793600000,5.9960,6.0540,5.4220,5.7510,75242322,431275767.5980
1658880000000,5.7510,6.9150,5.6310,6.8190,85704451,520643752.8810
1658966400000,6.8190,7.2100,6.3220,6.9210,98513091,667334624.7170
1659052800000,6.9210,7.1680,6.5180,6.6650,65022792,444322965.6210
1659139200000,6.6660,7.1250,6.5800,6.6910,51333997,349541438.9760
1659225600000,6.6920,7.3060,6.6000,6.7130,46173742,319202467.3610
1659312000000,6.7140,7.2700,6.4560,6.6370,72806380,500688426.2930
1659398400000,6.6360,6.9930,6.2030,6.6350,86996800,573176169.4540
1659484800000,6.6350,7.5000,6.5570,7.1650,118002135,850993898.4050
1659571200000,7.1650,7.7300,7.1100,7.4320,86754808,643166038.8520
1659657600000,7.4320,7.7080,7.3270,7.5690,50664354,380075777.8540
1659744000000,7.5690,7.5860,7.2100,7.2620,28189792,209188830.4300
1659830400000,7.2610,7.3700,7.0990,7.2020,27423954,198961076.3510
1659916800000,7.2030,7.5640,7.1710,7.3070,34453752,253400864.9200
1660003200000,7.3060,7.4810,6.8030,7.0160,41078515,293276662.9580
1660089600000,7.0170,7.3200,6.6480,7.1120,65232376,454363105.4370
1660176000000,7.1100,7.2800,6.7890,6.9150,45992817,324080238.1890
1660262400000,6.9160,7.1030,6.7280,7.0260,36394111,250857262.9790
1660348800000,7.0250,7.1500,6.5740,6.6510,33573471,231910763.0530
1660435200000,6.6500,6.8930,6.3380,6.3640,42740732,283660227.1960
1660521600000,6.3640,6.7980,6.0600,6.2090,55979862,358932477.2260
1660608000000,6.2090,6.3580,6.1000,6.1920,34489073,214690926.3310
1660694400000,6.1920,6.4340,5.9370,6.1060,45444012,280674430.5110
1660780800000,6.1070,6.4230,5.5100,5.7650,56549490,347946664.4280
1660867200000,5.7650,5.7970,5.0550,5.1030,74044409,397118891.6490
1660953600000,5.1030,5.3330,4.8370,5.0290,51080968,261819899.9260
1661040000000,5.0300,5.3310,4.8580,5.1880,52937828,271759372.3600
1661126400000,5.1880,5.2150,4.8960,5.2000,52139429,263887876.6080
1661212800000,5.2020,5.3000,5.0030,5.2470,38373394,199085703.4170
1661299200000,5.2470,5.5860,5.0590,5.3060,60130821,322458477.7800
1661385600000,5.3080,5.4940,5.1740,5.3710,34678012,185327393.3640
1661472000000,5.3700,5.3770,4.7160,4.7720,54572811,277884256.8060
1661558400000,4.7720,4.8360,4.6500,4.7510,36527855,173661255.5370
1661644800000,4.7510,5.0670,4.6080,4.6450,44099337,213044846.0470
1661731200000,4.6440,5.0260,4.5850,4.9800,44533378,214728646.2420
1661817600000,4.9800,5.0820,4.6680,4.8080,43045751,209982277.8690
1661904000000,4.8080,4.9970,4.7190,4.7550,30439699,148246712.6740
1661990400000,4.7560,4.8070,4.5910,4.7640,29384502,138310565.6990
1662076800000,4.7670,4.8650,4.6360,4.6980,30375978,144592122.5500
1662163200000,4.6980,4.7880,4.6660,4.7570,20307806,95941745.5430
1662249600000,4.7580,4.8140,4.7050,4.7960,23040424,109724841.2370
1662336000000,4.7950,4.8420,4.6220,4.7470,23990549,113126140.6330
1662422400000,4.7470,4.8130,4.2720,4.3010,45525591,208451098.0880
1662508800000,4.3000,4.4720,4.1570,4.4180,28769291,124252926.6890
1662595200000,4.4190,4.5450,4.3480,4.4970,33092560,147488884.7630
1662681600000,4.4970,5.3040,4.4890,5.0450,87546351,443838533.1630
1662768000000,5.0460,5.1210,4.9120,5.0460,34863974,174910255.6180
1662854400000,5.0470,5.8250,4.9500,5.6720,128062253,706106645.0240
1662940800000,5.6720,5.6730,5.2230,5.4860,78998195,432138718.6320
1663027200000,5.4860,5.8920,5.0190,5.1330,108745981,597280449.9050
1663113600000,5.1330,5.2590,4.8190,5.0980,52453358,265343399.5750
1663200000000,5.0990,5.3630,4.8510,4.9080,61420315,311443013.6160
1663286400000,4.9080,4.9770,4.5550,4.6590,45156569,214593868.1830
1663372800000,4.6600,5.8180,4.6550,5.6280,82551999,435687676.1690
1663459200000,5.6290,5.7250,5.0110,5.0810,151647334,825225169.9400
1663545600000,5.0810,6.1940,4.9260,5.8660,175096045,970309241.6090
1663632000000,5.8660,6.0310,5.5460,5.7260,126547410,728579044.6960
1663718400000,5.7250,6.4000,5.4870,5.7850,151333847,892218078.2330
1663804800000,5.7840,6.0330,5.5860,5.9050,89496314,520837761.0340
1663891200000,5.9040,6.1000,5.4330,5.6740,79512356,452956788.7790
1663977600000,5.6750,5.7080,5.3630,5.4170,35154126,196013709.9460
1664064000000,5.4170,5.7580,5.3350,5.7170,48824240,270105901.8560
1664150400000,5.7160,5.8200,5.3550,5.5080,51738335,287496104.7210
1664236800000,5.5090,5.7940,5.2800,5.4090,59471650,332452637.9930
1664323200000,5.4100,5.4670,5.2110,5.3760,35271555,188560432.4440
1664409600000,5.3760,5.4950,5.2710,5.4350,30820696,165676131.3120
1664496000000,5.4350,5.5750,5.3470,5.4050,33992078,185247828.9960
1664582400000,5.4060,5.4360,5.1570,5.2470,19134003,101811704.8040
1664668800000,5.2470,5.3170,4.9610,5.0070,24640448,126792376.6420
1664755200000,5.0070,5.2180,4.9450,5.1760,30716126,156226127.7920
1664841600000,5.1750,5.3590,5.1630,5.2600,24261169,127555230.6530
1664928000000,5.2590,5.2740,5.0670,5.2000,24493277,126727114.5690
1665014400000,5.2010,5.4170,5.1080,5.1620,36502328,192116118.9140
1665100800000,5.1600,5.2470,5.0590,5.1780,22717306,117231909.9370
1665187200000,5.1780,5.2330,5.1050,5.1640,11437581,59204628.6120
1665273600000,5.1640,5.3120,5.1340,5.2610,16651336,86987885.1790
1665360000000,5.2620,5.3520,5.1110,5.1310,24953997,130137559.6870
1665446400000,5.1310,5.1680,4.6050,4.6900,86060936,417764099.2730
1665532800000,4.6900,4.7750,4.6220,4.7120,44709967,210381381.3280
1665619200000,4.7130,4.7370,4.1600,4.5490,75594535,335537153.9430
1665705600000,4.5480,4.7580,4.4310,4.5090,39622714,182505045.9240
1665792000000,4.5090,4.5530,4.4050,4.4370,19165924,86169365.8900
1665878400000,4.4360,4.5810,4.4230,4.5080,18204801,81998792.2230
1665964800000,4.5080,4.5860,4.4730,4.5590,21388600,96798790.9980
1666051200000,4.5590,4.6300,4.3120,4.4150,31387829,140012740.1730
1666137600000,4.4140,4.4240,4.2260,4.2540,28533252,123999654.7090
1666224000000,4.2530,4.3680,4.1310,4.2010,30169678,128245926.9760
1666310400000,4.2010,4.5400,3.9740,4.4520,71322443,306718388.6520
1666396800000,4.4530,4.6000,4.4070,4.4720,45178232,202919975.1060
1666483200000,4.4720,4.6860,4.4320,4.6350,33232283,151283332.4530
1666569600000,4.6350,4.6970,4.4760,4.5040,28819758,131672135.2820
1666656000000,4.5050,4.9970,4.4300,4.7340,57787591,272355152.7900
1666742400000,4.7340,4.8130,4.6170,4.6920,34907317,164824968.5200
1666828800000,4.6910,5.0480,4.5660,4.6060,50833431,244203792.3800
1666915200000,4.6060,5.1060,4.5350,4.9700,50643246,243523570.4070
1667001600000,4.9700,5.1270,4.8330,4.9210,45582800,228632597.5060
1667088000000,4.9210,5.1420,4.7040,4.7910,32903386,161640117.9120
1667174400000,4.7900,4.8820,4.6320,4.7250,28593089,135885795.0590
1667260800000,4.7240,4.7800,4.4400,4.5010,27118690,125650737.9110
1667347200000,4.5010,4.5270,4.1440,4.2240,44284793,192188349.7440
1667433600000,4.2250,4.5720,4.2090,4.3520,36724419,161468648.6980
1667520000000,4.3520,4.7690,4.3040,4.7240,42963564,197173685.2110
1667606400000,4.7240,5.2540,4.6950,5.1200,71330694,355352542.1730
1667692800000,5.1190,5.2400,4.7210,4.7340,59151071,297917371.0230
1667779200000,4.7340,4.8350,4.5210,4.6000,43703984,203586640.5000
1667865600000,4.6000,4.6500,3.1600,3.9150,87330296,358988365.8330
1667952000000,3.9140,3.9310,2.7880,2.8870,93150485,321796018.3400
1668038400000,2.8870,3.6560,2.8240,3.5210,69091563,231690787.2040
1668124800000,3.5210,3.5300,2.9070,3.2080,67409540,213784826.9320
1668211200000,3.2090,3.2120,2.8390,2.8880,45614305,135992551.3010
1668297600000,2.8880,3.0420,2.8040,2.8850,44462345,129683667.1090
1668384000000,2.8850,3.0740,2.6140,2.9970,63435595,179580544.9240
1668470400000,2.9970,3.0890,2.8870,2.9370,42523925,126531307.3880
1668556800000,2.9370,3.0780,2.8150,2.9780,40139806,118502888.2710
1668643200000,2.9770,3.0350,2.8210,2.8760,25829389,75152817.7240
1668729600000,2.8770,3.2380,2.8720,3.1650,87565145,272059939.3420
1668816000000,3.1660,3.4000,3.0340,3.3140,87811599,278630657.9690
1668902400000,3.3150,3.3580,2.9360,3.0340,57363929,182146690.8620
1668988800000,3.0340,3.2000,2.9020,3.1560,88144171,269930923.3550
1669075200000,3.1560,3.2810,2.8420,3.2680,88779979,275169392.7550
1669161600000,3.2690,3.5000,3.1410,3.4500,65969007,218887746.6520
1669248000000,3.4510,3.4720,3.2370,3.3220,44981579,151122406.7140
1669334400000,3.3230,3.3360,3.1750,3.2290,26704888,86473507.8090
1669420800000,3.2300,3.6470,3.2160,3.5640,79690054,278079540.0680
1669507200000,3.5640,3.9700,3.5300,3.8330,120932916,461285348.1480
1669593600000,3.8330,4.2700,3.5170,4.0590,170008130,667721234.3730
1669680000000,4.0570,4.2260,4.0120,4.0740,91760998,376646590.5530
1669766400000,4.0740,4.4800,3.9190,4.0920,116623048,479688338.5490
1669852800000,4.0910,4.0990,3.8500,3.8920,52428886,206727394.3580
1669939200000,3.8910,4.0510,3.7700,3.9640,49271368,193322673.7740
1670025600000,3.9630,4.0430,3.8600,3.8680,36740419,145552744.3130
1670112000000,3.8670,4.0270,3.8650,3.9860,30776593,122096628.5780
1670198400000,3.9850,4.2580,3.8900,3.9450,65746133,268512952.4330
1670284800000,3.9440,4.3460,3.9110,4.1810,80320759,330769006.2550
1670371200000,4.1820,4.1960,3.8380,3.9010,61127202,242794394.1960
1670457600000,3.9010,3.9650,3.7410,3.9530,41822087,161576237.3380
1670544000000,3.9520,4.0320,3.8650,3.9060,34199092,135181247.0130
1670630400000,3.9060,4.1390,3.8880,4.0800,49372265,200005879.6440
1670716800000,4.0800,4.4960,4.0250,4.2930,167705235,714596086.2040
1670803200000,4.2920,4.4450,4.1460,4.3940,164087979,705330430.8380
1670889600000,4.3930,4.3930,3.9100,4.0770,147724275,604218082.4830
1670976000000,4.0780,4.1330,3.9060,4.0210,89143810,361075100.7230
1671062400000,4.0220,4.0750,3.9110,3.9680,60680088,242417715.4100
1671148800000,3.9680,4.0520,3.3740,3.4370,86995741,327628586.4380
1671235200000,3.4370,3.5650,3.2410,3.5490,58278656,198654127.7600
1671321600000,3.5480,3.5560,3.4180,3.4720,41826534,145579932.7390
1671408000000,3.4720,3.5880,3.3090,3.4100,51514564,178519998.3690
1671494400000,3.4100,3.5850,3.3720,3.5210,50042490,176157599.3440
1671580800000,3.5210,3.5790,3.4450,3.5650,38923307,137371851.2090
1671667200000,3.5650,3.6600,3.4780,3.6000,49796908,178645154.6620
1671753600000,3.6000,3.7070,3.5220,3.5660,34928863,126353985.3100
1671840000000,3.5650,3.6400,3.5390,3.6060,24609106,88494226.3230
1671926400000,3.6050,3.6100,3.5280,3.5870,23235251,82944263.8310
1672012800000,3.5860,3.6080,3.5510,3.5890,13580401,48656534.8600
1672099200000,3.5890,3.6460,3.5650,3.6460,27411495,98905675.5650
1672185600000,3.6450,3.6740,3.5330,3.6130,44154842,159234372.5760
1672272000000,3.6120,3.6520,3.5580,3.6140,26074648,94137104.5570
1672358400000,3.6130,3.6420,3.5560,3.6010,24614085,88551483.2790
1672444800000,3.6010,3.6450,3.5840,3.6320,12159497,43983558.9300
1672531200000,3.6320,4.0700,3.6110,3.8640,51886227,196714418.1230
1672617600000,3.8630,3.9820,3.7890,3.9500,43847606,170196921.3110
1672704000000,3.9490,4.0400,3.8610,3.9980,35642977,141155243.7250
1672790400000,3.9980,4.1960,3.9810,4.0490,52278738,214779115.9960
1672876800000,4.0480,4.1040,3.9580,4.0010,28994764,116824978.8690
1672963200000,4.0000,4.0600,3.8760,4.0340,25560914,101441370.6230
1673049600000,4.0340,4.2460,4.0070,4.1610,34619013,143112401.4110
1673136000000,4.1600,4.4950,4.0660,4.4460,44756350,190183808.9010
1673222400000,4.4450,4.9990,4.3640,4.6010,91536455,429525087.7630
1673308800000,4.6010,5.0750,4.4620,4.9050,84642632,409586101.5400
1673395200000,4.9050,5.1860,4.7000,4.9740,74149222,362999644.1120
1673481600000,4.9720,5.0780,4.4900,4.8380,95761175,456605105.0340
1673568000000,4.8370,5.0000,4.6720,4.9470,65088721,314336304.9320
1673654400000,4.9470,5.5490,4.9000,5.1870,77244245,399741334.1100
1673740800000,5.1870,5.3040,4.9110,5.1350,40773205,208328136.7420
1673827200000,5.1350,5.3160,4.7680,4.9730,44401926,223574822.1520
1673913600000,4.9730,5.1340,4.8390,4.8920,31245883,155779250.4970
1674000000000,4.8920,4.9260,4.4260,4.5020,44281918,208775890.5030
1674086400000,4.5020,4.8350,4.4960,4.8280,30273147,140777048.9920
1674172800000,4.8280,5.2480,4.7850,5.1830,66121889,329902420.7880
1674259200000,5.1820,6.0000,4.9970,5.5090,86918538,478327781.7090
1674345600000,5.5090,5.8590,5.3690,5.5410,66409636,370650548.9830
1674432000000,5.5400,5.9510,5.5280,5.5970,50300451,288349220.2530
1674518400000,5.5970,5.9420,5.2400,5.4510,53346750,304989351.5950
1674604800000,5.4490,6.2330,5.2540,6.0320,87251401,508197530.2450
1674691200000,6.0320,6.3900,5.9180,6.0880,61702509,376158421.6740
1674777600000,6.0900,6.4160,5.8510,6.2820,54295525,338479987.0030
1674864000000,6.2810,6.3670,5.9300,6.0410,35122117,216001633.6940
1674950400000,6.0410,6.2960,5.9360,6.2320,28939319,177590929.6730
1675036800000,6.2310,6.3070,5.6500,5.8020,45622515,273952322.0270
1675123200000,5.8010,5.9550,5.7310,5.8620,27358640,159642169.6800
1675209600000,5.8620,6.0900,5.4970,6.0470,39944034,232282908.3700
1675296000000,6.0480,6.2730,5.8210,5.8760,36071641,220720823.0980
1675382400000,5.8770,6.0080,5.7870,5.9560,25757565,151948933.1800
1675468800000,5.9560,5.9980,5.8290,5.8800,20010124,118866042.1300
1675555200000,5.8800,5.9170,5.5550,5.7850,23571758,135299296.5220
1675641600000,5.7850,5.7980,5.5550,5.5950,21278770,121107319.5560
1675728000000,5.5960,5.9710,5.5630,5.9570,30412612,174299658.7940
1675814400000,5.9570,6.1430,5.6170,5.7480,34264307,201875033.9900
1675900800000,5.7470,5.7910,4.8800,5.0630,43660158,237114843.4650
1675987200000,5.0630,5.1240,4.9160,5.0610,29331920,147997441.6470
1676073600000,5.0600,5.3740,5.0070,5.3400,23156806,120302547.2090
1676160000000,5.3380,5.3900,5.0750,5.2240,25267776,133136434.8090
1676246400000,5.2230,5.3100,4.7470,4.9950,42345258,213753416.0940
1676332800000,4.9960,5.2520,4.9380,5.2390,31324284,159511706.1850
1676419200000,5.2390,5.6780,5.1700,5.6190,30702695,166036957.4940
1676505600000,5.6200,5.7440,5.1440,5.1590,40066013,223451713.5700
1676592000000,5.1590,5.5790,5.1470,5.5070,32184906,173966080.9210
1676678400000,5.5060,5.7590,5.5040,5.6480,18486267,103997566.7790
1676764800000,5.6490,5.7840,5.4700,5.5840,22682433,128141612.6850
1676851200000,5.5840,5.9540,5.4300,5.8680,29076926,168522619.7360
1676937600000,5.8690,5.9230,5.4300,5.5540,25895406,148157823.1160
1677024000000,5.5550,5.6040,5.2340,5.5170,29391443,159736456.1260
1677110400000,5.5180,5.6430,5.3930,5.4460,20117167,111425441.7100
1677196800000,5.4460,5.5300,5.0000,5.1740,25567746,135632317.0120
1677283200000,5.1730,5.1830,4.8320,5.0280,21246319,106513414.3570
1677369600000,5.0280,5.3050,4.9940,5.2520,14517189,74712770.2320
1677456000000,5.2520,5.2820,4.9670,5.0570,19975289,102262656.6320
1677542400000,5.0560,5.1800,4.9090,5.0030,23494828,118572916.4680
1677628800000,5.0020,5.2080,4.9610,5.0710,18433408,94198506.5890
1677715200000,5.0720,5.1080,4.9060,4.9900,17835951,88837012.5320
1677801600000,4.9900,4.9970,4.5300,4.7980,35553399,170285963.6220
1677888000000,4.7980,4.8490,4.5640,4.7400,16688617,79236117.2990
1677974400000,4.7400,4.9070,4.6820,4.7600,17242632,83101520.4030
1678060800000,4.7600,4.8760,4.7280,4.8030,14234662,68416885.1140
1678147200000,4.8020,4.8720,4.5370,4.7350,21422507,100482533.6610
1678233600000,4.7350,4.7440,4.2930,4.3520,23432841,106319367.6100
1678320000000,4.3520,4.5050,3.8000,3.9810,43730177,182722297.8290
1678406400000,3.9810,4.0780,3.7830,4.0290,40590300,160629989.4520
1678492800000,4.0280,4.1310,3.5870,3.7710,39051499,148095226.3490
1678579200000,3.7700,4.5320,3.7270,4.5170,46563431,187438315.1350
1678665600000,4.5170,4.7000,4.1940,4.4600,54936481,243131626.2080
1678752000000,4.4600,4.6700,4.1280,4.2670,55072177,243974794.2190
1678838400000,4.2660,4.4380,3.9870,4.0950,59782999,251713660.1350
1678924800000,4.0940,4.3740,4.0100,4.1050,46852312,195312596.2910
1679011200000,4.1040,4.4750,4.0630,4.4370,50883502,216534983.5550
1679097600000,4.4370,4.6290,4.2030,4.2470,50907574,225899072.3190
1679184000000,4.2470,4.4300,4.2160,4.2760,32995847,142902058.6170
1679270400000,4.2760,4.3770,4.0100,4.0540,44065237,183113725.9080
1679356800000,4.0530,4.2170,3.9050,4.1280,33213600,135370067.7860
1679443200000,4.1270,4.1350,3.8020,3.9860,40993631,164759856.7050
1679529600000,3.9860,4.1720,3.9710,4.1570,25938625,105697462.9160
1679616000000,4.1570,4.2160,3.9220,4.0890,29508597,120170229.9290
1679702400000,4.0900,4.2480,3.9240,3.9980,33294382,136856156.7260
1679788800000,3.9970,4.1980,3.9700,4.1070,21378718,88123634.3550
1679875200000,4.1070,4.1170,3.8100,3.9110,34422620,136078712.7330
1679961600000,3.9110,4.1510,3.8680,4.0710,41344642,167636794.2950
1680048000000,4.0700,4.2240,4.0530,4.1040,27304840,112860502.8300
1680134400000,4.1040,4.1990,3.9730,4.0530,23668786,96451093.8350
1680220800000,4.0530,4.2050,4.0340,4.1760,23280267,96092506.3530
1680307200000,4.1760,4.2830,4.1580,4.2540,15783350,66578530.4590
1680393600000,4.2540,4.3870,4.0560,4.1850,34086813,143987241.1070
1680480000000,4.1850,4.3870,4.0230,4.2630,55622266,234702875.1470
1680566400000,4.2630,4.3560,4.1440,4.2310,32490446,138714819.3320
1680652800000,4.2310,4.3700,4.1530,4.2260,28414384,121183049.2360
1680739200000,4.2260,4.2350,4.1350,4.2230,15465311,64759989.9150
1680825600000,4.2230,4.3460,4.1230,4.1970,39964809,169262950.0060
1680912000000,4.1960,4.3240,4.1690,4.1930,23869869,100937812.8290
1680998400000,4.1930,4.2200,4.1300,4.1840,12860014,53762591.2110
1681084800000,4.1850,4.3370,4.1540,4.3260,18465264,78307956.6120
1681171200000,4.3270,4.3990,4.2880,4.3370,21170150,91912263.4620
1681257600000,4.3370,4.7350,4.1550,4.4960,141155823,626373292.0430
1681344000000,4.4950,4.5430,4.4080,4.4700,42335968,189329093.1880
1681430400000,4.4710,4.6710,4.3600,4.5630,44635976,202015347.2800
1681516800000,4.5630,4.5640,4.4590,4.5410,15743751,71141827.3470
1681603200000,4.5400,4.5600,4.4390,4.5260,15868408,71434053.6820
1681689600000,4.5260,4.5960,4.3550,4.4860,35125279,157627007.5860
1681776000000,4.4870,4.5650,4.4080,4.5040,21305325,95926301.2820
1681862400000,4.5050,4.5060,4.0590,4.1430,32180460,137085657.3800
1681948800000,4.1430,4.2200,4.0000,4.0710,22980602,94619937.7900
1682035200000,4.0720,4.1000,3.8400,3.8890,25160793,100264556.4820
1682121600000,3.8890,3.9800,3.8510,3.9600,13519343,52772982.3540
1682208000000,3.9600,4.0350,3.8870,3.9610,21090256,83603704.0910
1682294400000,3.9610,4.0280,3.8810,3.9520,20830449,82591882.5010
1682380800000,3.9520,4.0100,3.8320,4.0000,23017561,90024239.5070
1682467200000,4.0010,4.1390,3.7600,3.9150,37990118,151630675.8880
1682553600000,3.9150,4.1630,3.9000,4.0870,36125335,146651513.4780
1682640000000,4.0880,4.0930,3.9560,4.0280,14914041,60104347.1290
1682726400000,4.0290,4.1090,4.0150,4.0720,10762966,43804248.7420
1682812800000,4.0720,4.0860,3.8710,3.8800,19006671,75790756.7950
1682899200000,3.8800,3.9190,3.7800,3.8570,20720233,79652165.9710
1682985600000,3.8580,3.8790,3.8050,3.8250,11721761,44991833.5740
1683072000000,3.8250,3.8760,3.7460,3.8630,17421912,66307139.6000
1683158400000,3.8630,3.8920,3.7600,3.7760,15163799,58019217.0930
1683244800000,3.7750,3.8350,3.6640,3.7900,16160031,61100027.3530
1683331200000,3.7900,3.8160,3.4980,3.5730,21356557,77687940.1390
1683417600000,3.5740,3.6310,3.5170,3.5430,11020227,39467789.3880
1683504000000,3.5430,3.5760,3.2090,3.3630,40019208,136496767.7930
1683590400000,3.3640,3.3840,3.2910,3.3380,13952069,46553530.7360
1683676800000,3.3390,3.3900,3.1510,3.3350,34886646,115626274.4320
1683763200000,3.3360,3.3410,3.0960,3.2130,33083282,106860948.7230
1683849600000,3.2140,3.3310,3.1180,3.3120,23187692,74611821.4950
1683936000000,3.3110,3.3580,3.2170,3.2520,19678247,64620631.2150
1684022400000,3.2530,3.3890,3.2160,3.3020,22369862,74183164.6770
1684108800000,3.3010,3.4170,3.2710,3.3610,24808089,83201467.2320
1684195200000,3.3600,3.4510,3.3200,3.4220,26781901,91239479.7870
1684281600000,3.4210,3.4830,3.3280,3.4170,36375184,123826502.0440
1684368000000,3.4170,3.4490,3.3150,3.3900,22736420,77128450.2040
1684454400000,3.3890,3.4660,3.3700,3.4210,15889783,54415575.3030
1684540800000,3.4220,3.4540,3.3970,3.4420,9929467,34033106.6440
1684627200000,3.4430,3.5180,3.4250,3.4600,21871687,75967883.4120
1684713600000,3.4600,3.4940,3.4060,3.4290,19619945,67467799.2450
1684800000000,3.4290,3.5250,3.4150,3.4970,15930544,55536097.6270
1684886400000,3.4970,3.5220,3.3000,3.3300,30546588,104160619.6770
1684972800000,3.3300,3.3390,3.1900,3.2310,25637138,83048326.7280
1685059200000,3.2310,3.2540,3.1910,3.2250,15228179,49068369.0520
1685145600000,3.2260,3.2490,3.1580,3.2360,11929584,38325943.0600
1685232000000,3.2360,3.3410,3.2170,3.3040,17199425,56143069.9470
1685318400000,3.3040,3.3300,3.1790,3.1950,19569421,63553393.9220
1685404800000,3.1960,3.2320,3.1660,3.1860,16196368,51813869.8820
1685491200000,3.1860,3.2030,3.0900,3.1440,21143001,66192797.1750
1685577600000,3.1450,3.1690,3.0480,3.0630,19770171,61459479.9050
1685664000000,3.0630,3.1800,3.0000,3.1370,26194347,81266502.8260
1685750400000,3.1380,3.1570,3.1010,3.1170,12140885,37961426.1810
1685836800000,3.1160,3.3730,3.1040,3.3090,34022535,110675442.1640
1685923200000,3.3080,3.3350,2.7630,2.8350,83901654,253017699.3500
1686009600000,2.8350,3.2630,2.8290,3.1210,123373324,385110335.7520
1686096000000,3.1220,3.1220,2.8510,2.8940,74227300,219287849.6370
1686182400000,2.8940,2.9470,2.8430,2.9130,32084511,93159998.9300
1686268800000,2.9120,2.9260,2.8000,2.8120,26183155,75262251.6810
1686355200000,2.8120,2.8120,2.0850,2.2830,126487192,298028096.8610
1686441600000,2.2840,2.4190,2.2300,2.3550,46206736,107660982.6130
1686528000000,2.3550,2.3560,2.1740,2.2490,57264696,130311050.1570
1686614400000,2.2500,2.3260,2.1890,2.2300,55750671,125568813.4120
1686700800000,2.2310,2.2920,1.9880,2.0610,115383629,248904162.7240
1686787200000,2.0610,2.1500,2.0510,2.0890,69176420,145247170.5800
1686873600000,2.0880,2.1270,2.0000,2.0980,62347560,129464860.3180
1686960000000,2.0970,2.1650,2.0800,2.1060,49510127,105153065.1580
1687046400000,2.1060,2.1440,2.0000,2.0460,48758019,102108854.2800
1687132800000,2.0470,2.0930,1.9460,2.0630,107552021,218111400.2220
1687219200000,2.0630,2.1630,1.9980,2.1500,82733903,170425363.7090
1687305600000,2.1510,2.2570,2.1320,2.2220,88214085,193493148.1780
1687392000000,2.2230,2.3920,2.1710,2.1790,100713829,230314296.4460
1687478400000,2.1790,2.3460,2.1280,2.2740,97777004,216473799.9330
1687564800000,2.2740,2.3310,2.1320,2.1830,72740468,162889077.5610
1687651200000,2.1820,2.4830,2.1660,2.3030,122251318,284704626.5220
1687737600000,2.3040,2.5240,2.2680,2.3220,225274941,538390045.1090
1687824000000,2.3210,2.3800,2.2620,2.3150,74337546,172867643.8170
1687910400000,2.3150,2.3170,2.1100,2.1970,80416317,179364219.1230
1687996800000,2.1980,2.2600,2.1660,2.2340,52202850,115790641.5170
1688083200000,2.2330,2.3310,2.0430,2.2240,102347432,228787073.5730
1688169600000,2.2240,2.2890,2.1700,2.2650,40339352,90148031.4040
1688256000000,2.2660,2.2820,2.1460,2.1740,68228771,149831107.0490
1688342400000,2.1750,2.2460,2.1680,2.2080,58031077,127952537.0590
1688428800000,2.2070,2.2290,2.1000,2.1470,68097740,148221757.9360
1688515200000,2.1480,2.1670,2.0360,2.0770,69444660,145565362.5080
1688601600000,2.0760,2.1320,1.9080,1.9160,94191656,190893847.9090
1688688000000,1.9160,1.9270,1.8280,1.9040,134304451,253696118.0870
1688774400000,1.9040,2.0500,1.8950,1.9930,170352632,336776974.3060
1688860800000,1.9940,2.0400,1.9530,1.9970,91432503,181975038.2660
1688947200000,1.9980,2.0090,1.8420,1.9310,146134942,280652930.9240
1689033600000,1.9310,1.9330,1.8880,1.9210,59282481,113503764.9310
1689120000000,1.9210,1.9370,1.8440,1.8790,90116806,170964365.4160
1689206400000,1.8790,2.0310,1.8040,2.0180,169128434,324516622.8200
1689292800000,2.0180,2.3310,1.9650,2.0400,274239736,586855936.0600
1689379200000,2.0400,2.1170,2.0040,2.0670,62807439,129547142.6940
1689465600000,2.0670,2.0880,1.9530,1.9790,56634238,114448160.7690
1689552000000,1.9800,2.0310,1.9100,1.9780,86275085,169806806.6660
1689638400000,1.9780,2.0950,1.9720,2.0390,161959568,330582966.0870
1689724800000,2.0390,2.1510,2.0320,2.0440,99653680,207291818.7410
1689811200000,2.0430,2.1760,2.0110,2.1280,112425069,236073948.4980
1689897600000,2.1270,2.2060,2.0940,2.1550,93774002,201132325.7410
1689984000000,2.1550,2.1840,2.0390,2.0690,66359828,140068557.9850
1690070400000,2.0680,2.1270,2.0560,2.0920,45041892,94492530.2340
1690156800000,2.0920,2.1570,2.0120,2.0310,144247374,300811195.4900
1690243200000,2.0310,2.0520,1.9690,1.9910,75129720,151666077.3590
1690329600000,1.9920,2.0190,1.9520,1.9920,66530131,132197141.0700
1690416000000,1.9920,2.0240,1.9650,1.9710,45213867,90190159.4860
1690502400000,1.9720,1.9970,1.9520,1.9700,40451087,79773279.0110
1690588800000,1.9690,1.9860,1.9600,1.9710,20958858,41306168.9250
1690675200000,1.9710,1.9870,1.8500,1.8980,59219795,113990432.3280
1690761600000,1.8980,1.9190,1.8100,1.8570,62112526,116569262.4130
1690848000000,1.8560,1.8670,1.7170,1.8470,86450685,155382258.2490
1690934400000,1.8460,1.8570,1.7500,1.7860,58247913,104882774.5840
1691020800000,1.7860,1.8360,1.7710,1.8040,57497585,103690236.4550
1691107200000,1.8030,1.8320,1.7540,1.8000,46358551,83500294.6350
1691193600000,1.8000,1.8680,1.7750,1.8450,43399187,78737378.3610
1691280000000,1.8450,2.0430,1.8350,1.8580,172115631,331772439.8190
1691366400000,1.8590,1.9570,1.7500,1.8210,110761009,205330976.0970
1691452800000,1.8200,1.8860,1.7960,1.8580,67854512,124731131.1200
1691539200000,1.8590,1.8730,1.8100,1.8350,50569722,93033998.0190
1691625600000,1.8350,1.8800,1.8220,1.8700,42712442,78949245.5860
1691712000000,1.8710,1.9080,1.8360,1.9060,50511208,94361568.0390
1691798400000,1.9050,2.0400,1.8970,2.0130,208633995,415209449.6400
1691884800000,2.0130,2.0680,1.9600,2.0010,113183187,226337441.8550
1691971200000,2.0010,2.1250,1.9960,2.0570,167783677,348615264.6110
1692057600000,2.0570,2.0850,1.7680,1.8450,141589795,276660331.0350
1692144000000,1.8450,1.8470,1.6530,1.7290,138108248,245412874.6340
1692230400000,1.7290,1.8360,1.3410,1.5440,256382165,440909186.7310
1692316800000,1.5440,1.5940,1.4840,1.5580,136820983,211858576.8480
1692403200000,1.5590,1.6270,1.5430,1.6040,67196268,106191047.5120
1692489600000,1.6040,1.6360,1.5770,1.5900,57193046,91844031.9140
1692576000000,1.5900,1.5960,1.4830,1.5350,93595899,144462839.4270
1692662400000,1.5350,1.5640,1.4320,1.5010,146464086,219064606.5360
1692748800000,1.5010,1.5410,1.4740,1.4980,95131445,143515672.2260
1692835200000,1.4970,1.5090,1.4090,1.4380,82085908,120406640.8460
1692921600000,1.4370,1.4470,1.3850,1.4460,97583955,137882868.6430
1693008000000,1.4450,1.4800,1.4010,1.4160,77075486,110888507.5490
1693094400000,1.4150,1.4340,1.4030,1.4250,39878271,56553989.6650
1693180800000,1.4250,1.5070,1.3730,1.4520,168549052,243243204.5100
1693267200000,1.4520,1.5090,1.4010,1.4860,160766051,234127916.2110
1693353600000,1.4860,1.4930,1.4400,1.4740,65997044,96789630.7970
1693440000000,1.4730,1.5000,1.4010,1.4270,101327356,147781269.0420
1693526400000,1.4270,1.4390,1.3660,1.3900,74015347,104086107.6000
1693612800000,1.3890,1.4080,1.3660,1.3840,36997251,51486127.4160
1693699200000,1.3830,1.3860,1.3120,1.3540,73404043,99463605.3740
1693785600000,1.3550,1.3870,1.3110,1.3440,73377812,98813510.4170
1693872000000,1.3440,1.3580,1.3230,1.3480,55135046,73978551.7510
1693958400000,1.3480,1.3570,1.2750,1.3310,86684278,114940638.4030
1694044800000,1.3320,1.3690,1.3290,1.3620,63996821,86671785.4560
1694131200000,1.3610,1.3740,1.3000,1.3290,54822708,72971940.7750
1694217600000,1.3290,1.3400,1.3180,1.3200,33160642,44023020.5180
1694304000000,1.3200,1.3210,1.2040,1.2250,110954730,139324031.4620
1694390400000,1.2260,1.2330,1.1220,1.1430,162030786,189939211.6230
1694476800000,1.1440,1.1830,1.1230,1.1310,122305135,140673665.7560
1694563200000,1.1320,1.1680,1.1030,1.1480,127288086,144625669.4760
1694649600000,1.1470,1.1930,1.1060,1.1140,140531653,161860086.9870
1694736000000,1.1150,1.1200,1.0740,1.1110,189678853,208761523.3620
1694822400000,1.1110,1.1710,1.0890,1.1060,153895383,173415514.1370
1694908800000,1.1070,1.1520,1.0560,1.1110,216650048,239336698.2070
1694995200000,1.1100,1.1710,1.1080,1.1350,277048331,316411149.1580
1695081600000,1.1350,1.1700,1.1230,1.1410,139892915,160057005.2450
1695168000000,1.1420,1.1510,1.0920,1.1280,130181620,145818253.1380
1695254400000,1.1270,1.1330,1.0850,1.1090,117270784,130049375.6620
1695340800000,1.1080,1.1420,1.0950,1.1260,74315542,83528084.7340
1695427200000,1.1270,1.1370,1.1110,1.1250,64425002,72413243.6810
1695513600000,1.1240,1.1250,1.0840,1.1040,58006207,64518673.8650
1695600000000,1.1040,1.1280,1.0810,1.1200,75190906,83837684.1160
1695686400000,1.1200,1.1560,1.0890,1.1120,94381419,106019847.6980
1695772800000,1.1120,1.1300,1.0980,1.1140,85478972,95228119.0640
1695859200000,1.1130,1.2100,1.1110,1.2020,186760438,216791387.9390
1695945600000,1.2010,1.2830,1.1880,1.2070,225208985,278449996.4270
1696032000000,1.2060,1.2630,1.2010,1.2420,96643007,119657785.3780
1696118400000,1.2420,1.2910,1.2210,1.2820,116164977,145407090.7910
1696204800000,1.2810,1.3000,1.1310,1.1770,164459137,202916479.6000
1696291200000,1.1780,1.1910,1.1400,1.1460,78662573,91250449.2430
1696377600000,1.1450,1.1470,1.0840,1.1380,93986738,105890444.8280
1696464000000,1.1380,1.1520,1.0710,1.0780,79995613,88821403.5290
1696550400000,1.0780,1.1310,1.0620,1.0910,163887738,180872434.0870
1696636800000,1.0900,1.1080,1.0830,1.0950,46285862,50727273.7130
1696723200000,1.0950,1.1030,1.0760,1.0870,45188804,49263422.0690
1696809600000,1.0870,1.0960,0.9870,1.0250,127567371,132520027.5170
1696896000000,1.0260,1.0390,1,1.0250,89085320,91193681.2000
1696982400000,1.0250,1.0420,1.0020,1.0410,87060451,89279283.7550
1697068800000,1.0410,1.0580,1.0220,1.0470,91782288,95854889.7270
1697155200000,1.0470,1.0660,1.0310,1.0470,67734977,71156123.7760
1697241600000,1.0470,1.0560,1.0430,1.0530,31452675,33004056.3870
1697328000000,1.0530,1.0780,1.0480,1.0670,50149520,53490932.7020
1697414400000,1.0660,1.1050,1.0540,1.0720,99281224,106726691.0780
1697500800000,1.0710,1.1360,1.0640,1.0890,181996644,201454157.4630
1697587200000,1.0890,1.1430,1.0730,1.1100,136541350,151765540.5050
1697673600000,1.1090,1.1280,1.0300,1.0450,117754713,126706344.4150
1697760000000,1.0440,1.1010,1.0320,1.0890,102308335,109858737.0200
1697846400000,1.0890,1.1380,1.0820,1.1210,103812992,115735865.2580
1697932800000,1.1210,1.1570,1.0850,1.1440,125869275,141653516.9920
1698019200000,1.1440,1.2200,1.0940,1.1900,175523425,200329175.5790
1698105600000,1.1900,1.2770,1.1780,1.2320,216498952,265140442.1220
1698192000000,1.2320,1.3850,1.2110,1.3200,258435841,335849227.1280
1698278400000,1.3200,1.3840,1.2460,1.3230,203943036,268596183.5440
1698364800000,1.3230,1.3280,1.2530,1.3010,110504789,143443200.9160
1698451200000,1.3020,1.3940,1.2990,1.3680,97739475,133255873.0850
1698537600000,1.3680,1.4350,1.3400,1.4010,95808426,132835833.2800
1698624000000,1.4010,1.4070,1.3300,1.3810,80586193,110893224.5370
1698710400000,1.3820,1.4000,1.2640,1.3270,99886902,133281686.9710
1698796800000,1.3260,1.3750,1.2740,1.3590,139776865,184627170.6380
1698883200000,1.3580,1.3910,1.2900,1.3820,112933189,151719967.8430
1698969600000,1.3820,1.4360,1.3240,1.3550,134996051,186304196.6480
1699056000000,1.3560,1.4130,1.3410,1.3990,57752981,79519036.2970
1699142400000,1.3990,1.4850,1.3880,1.4530,113891459,164611814.7710
1699228800000,1.4520,1.5170,1.4070,1.5000,105354648,154641833.6880
1699315200000,1.5000,1.5010,1.3750,1.4200,103185125,148495412.1690
1699401600000,1.4200,1.4890,1.4040,1.4670,67464116,97658538.7160
1699488000000,1.4680,1.5370,1.1320,1.3870,183849583,260114312.6310
1699574400000,1.3870,1.4420,1.3360,1.4380,108096225,150459957.4320
1699660800000,1.4380,1.4760,1.3800,1.4330,101650911,146213285.6830
1699747200000,1.4340,1.4890,1.3590,1.4870,90133501,130093964.2950
1699833600000,1.4870,1.5780,1.4120,1.4620,169799993,253882493.6530
1699920000000,1.4620,1.4980,1.3040,1.3910,145945239,206977923.0660
1700006400000,1.3900,1.4820,1.3840,1.4690,104097110,149565727.7310
1700092800000,1.4690,1.5020,1.3640,1.3890,131316645,189010725.5930
1700179200000,1.3890,1.4440,1.2940,1.3670,101476619,138402901.9990
1700265600000,1.3660,1.3670,1.2620,1.3400,72630839,95925736.0860
1700352000000,1.3410,1.3890,1.3050,1.3820,52551125,70929573.9000
1700438400000,1.3820,1.5330,1.3710,1.5100,142451560,208122233.2160
1700524800000,1.5090,1.5590,1.3130,1.3280,188201710,271975367.8480
1700611200000,1.3280,1.4650,1.3230,1.4450,88855257,124345856.5410
1700697600000,1.4450,1.5100,1.4050,1.4220,75615561,110121566.1530
1700784000000,1.4230,1.5020,1.3940,1.4850,89736388,130183332.2240
1700870400000,1.4860,1.7450,1.4750,1.6920,266022647,443084410.3800
1700956800000,1.6910,1.7750,1.6170,1.6390,181940710,309684623.5240
1701043200000,1.6380,1.6670,1.5710,1.6280,147832294,238982605.5590
1701129600000,1.6280,1.6760,1.5480,1.5800,113076259,181038808.0150
1701216000000,1.5800,1.6240,1.5120,1.5790,104225136,163287727.8240
1701302400000,1.5780,1.6360,1.5590,1.5730,82077595,131451733.7330
1701388800000,1.5720,1.6270,1.5570,1.6020,65839672,104985917.1970
1701475200000,1.6010,1.6510,1.5820,1.6370,55836599,90412258.6560
1701561600000,1.6370,1.6460,1.5670,1.5900,61970601,99359215.2080
1701648000000,1.5900,1.6900,1.5050,1.6170,128523753,206598204.6020
1701734400000,1.6170,1.7200,1.5840,1.7000,125992327,206104398.3170
1701820800000,1.7000,1.7310,1.5790,1.6210,110361939,181137963.6460
1701907200000,1.6210,1.7040,1.5640,1.6660,93541149,152949270.0020
1701993600000,1.6650,1.7720,1.6420,1.7600,80189565,135765192.9980
1702080000000,1.7590,1.8620,1.7590,1.7780,117593466,212453145.2920
1702166400000,1.7780,1.8870,1.7650,1.7900,86761396,157829625.9300
1702252800000,1.7900,1.8110,1.5290,1.6290,128789863,213375286.5530
1702339200000,1.6280,1.6810,1.5910,1.6410,75096343,123268111.1830
1702425600000,1.6400,1.8310,1.5500,1.8180,119682079,200676045.2330
1702512000000,1.8180,1.8540,1.7470,1.7960,105087081,189100375.6090
1702598400000,1.7960,1.8020,1.6550,1.6740,77348345,134016423.5100
1702684800000,1.6740,1.7870,1.6560,1.7490,57679233,100816987.3490
1702771200000,1.7490,1.7540,1.6640,1.6800,59964513,102645738.1770
1702857600000,1.6810,1.6960,1.5460,1.6510,81146577,131086826.2610
1702944000000,1.6510,1.6770,1.5700,1.5870,56827083,92263600.8430
1703030400000,1.5870,1.6650,1.5760,1.6250,62306846,101323284.6310
1703116800000,1.6240,1.6830,1.6100,1.6770,57616286,94683880.2400
1703203200000,1.6770,1.7280,1.6400,1.7220,70937336,119646512.0140
1703289600000,1.7220,1.7360,1.6560,1.7090,54631586,92691776.5390
1703376000000,1.7100,1.7410,1.6500,1.7050,84238427,143139924.8960
1703462400000,1.7050,1.8390,1.6920,1.8000,91310830,161887240.2000
1703548800000,1.8000,1.8290,1.5720,1.7130,111707372,193136111.0950
1703635200000,1.7120,1.7810,1.6550,1.7740,92868236,161255526.6360
1703721600000,1.7740,1.8160,1.6770,1.6950,84071539,146477645.6450
1703808000000,1.6960,1.7680,1.6310,1.6690,72379450,123177410.6520
1703894400000,1.6700,1.6830,1.6270,1.6530,40245281,66494011.0750
1703980800000,1.6530,1.6740,1.5830,1.6230,47321860,77903681.3910
1704067200000,1.6230,1.7030,1.5810,1.7010,47697440,78474712.0950
1704153600000,1.7020,1.7630,1.6580,1.6920,68539816,117703672.7320
1704240000000,1.6920,1.7580,1.2420,1.4580,137681086,213557865.4820
1704326400000,1.4570,1.5330,1.4250,1.5160,71068033,105922547.6610
1704412800000,1.5160,1.5300,1.3600,1.4380,75890311,109430577.2520
1704499200000,1.4390,1.4420,1.3340,1.4030,63483936,88149153.6250
1704585600000,1.4030,1.4840,1.3470,1.3670,72703702,103413884.0990
1704672000000,1.3680,1.4100,1.2500,1.4070,100724996,134994527.4760
1704758400000,1.4080,1.4140,1.2580,1.3190,100072986,132248890.2230
1704844800000,1.3190,1.4420,1.2760,1.4200,105195534,141538071.5470
1704931200000,1.4190,1.4950,1.4000,1.4550,94858246,137693124.8250
1705017600000,1.4540,1.5310,1.3760,1.4420,116882167,172204048.1610
1705104000000,1.4410,1.4700,1.3930,1.4550,62190965,89148529.0370
1705190400000,1.4560,1.4610,1.3690,1.3780,59593988,84782879.7930
1705276800000,1.3780,1.4580,1.3750,1.4400,57551399,81876387.2900
1705363200000,1.4400,1.4700,1.4070,1.4560,50528443,72969533.2370
1705449600000,1.4560,1.6670,1.4410,1.5440,206420706,325027562.2390
1705536000000,1.5430,1.5490,1.3580,1.3870,150224561,216927048.3210
1705622400000,1.3860,1.4040,1.3080,1.3890,98664358,134573058.5490
1705708800000,1.3900,1.4200,1.3710,1.3980,55606643,77416567.2690
1705795200000,1.3970,1.4320,1.3830,1.4000,43952150,61958841.0180
1705881600000,1.4000,1.4140,1.3000,1.3150,92563303,125081078.6030
1705968000000,1.3160,1.3410,1.2320,1.3020,102576155,131578161.5430
1706054400000,1.3030,1.3320,1.2830,1.3280,58651068,76616698.6160
1706140800000,1.3290,1.3410,1.2750,1.3150,52312076,68506316.2560
1706227200000,1.3150,1.3970,1.2980,1.3960,46633051,63087320.2280
1706313600000,1.3960,1.4600,1.3930,1.4120,61297926,87317670.1490
1706400000000,1.4110,1.4520,1.3650,1.3850,59444883,83947097.6590
1706486400000,1.3860,1.4710,1.3770,1.4300,61283459,87016865.0550
1706572800000,1.4300,1.4470,1.3930,1.4300,60773580,86520329.6500
1706659200000,1.4290,1.4470,1.3650,1.3930,83562959,117482854.6700
1706745600000,1.3920,1.5380,1.3720,1.5050,212770310,315358608.6230
1706832000000,1.5050,1.5230,1.4020,1.4230,104437399,150934759.0660
1706918400000,1.4230,1.4390,1.3920,1.3970,55608862,78714798.7130
1707004800000,1.3960,1.3970,1.3410,1.3580,60536090,83122672.7480
1707091200000,1.3570,1.3860,1.3280,1.3751,65714615,89881439.4994
1707177600000,1.3751,1.3914,1.3541,1.3556,54339622,74547781.4206
1707264000000,1.3556,1.3985,1.3349,1.3954,58615274,79746093.7279
1707350400000,1.3954,1.4080,1.3767,1.4002,41366718,57721996.4143
1707436800000,1.4002,1.4469,1.3880,1.4236,75347021,106824628.1422
1707523200000,1.4235,1.4492,1.4042,1.4322,39948203,57124666.0209
1707609600000,1.4323,1.4725,1.4128,1.4295,37657135,54444693.2821
1707696000000,1.4295,1.4943,1.4105,1.4784,49053853,71240963.8533
1707782400000,1.4784,1.5335,1.4366,1.5286,61741351,92045217.3477
1707868800000,1.5285,1.5995,1.5038,1.5662,63968459,99371021.6528
1707955200000,1.5662,1.6826,1.5312,1.6054,78698739,126409110.5587
1708041600000,1.6054,1.6997,1.5810,1.6994,77195618,126164898.0362
1708128000000,1.6992,1.6999,1.5567,1.6490,64292011,104614119.1578
1708214400000,1.6492,1.7506,1.6175,1.7338,57333513,97219940.4454
1708300800000,1.7339,1.7768,1.6806,1.7258,55924904,96824084.6948
1708387200000,1.7259,1.9148,1.6839,1.8479,119661751,215497696.5012
1708473600000,1.8480,1.8573,1.6304,1.7169,69316166,119024084.7098
1708560000000,1.7169,1.7537,1.6452,1.6913,54317212,92597401.0689
1708646400000,1.6914,1.7086,1.6124,1.6643,50087155,83140500.9213
1708732800000,1.6643,1.7736,1.6351,1.7659,50315196,87214776.8396
1708819200000,1.7660,1.8504,1.7507,1.8445,51191226,92460904.3393
1708905600000,1.8446,2.0883,1.8080,1.9881,110542995,216971573.8942
1708992000000,1.9880,2.0597,1.9048,1.9449,66444972,130498058.5156
1709078400000,1.9450,2.0096,1.6289,1.8592,84495248,160916551.0635
1709164800000,1.8591,2.0488,1.8286,1.9101,81210853,158343965.9681
1709251200000,1.9104,2.1350,1.9101,2.1291,61720254,122691901.6218
1709337600000,2.1291,2.5083,2.0618,2.2910,105213391,238904331.8634
1709424000000,2.2911,2.3938,1.9936,2.2382,72557497,163003237.7193
1709510400000,2.2382,2.5104,2.1333,2.3630,108912881,250312011.5214
1709596800000,2.3629,2.3824,1.7976,2.0852,126806445,278071868.3601
1709683200000,2.0853,2.2198,1.9741,2.2100,65681512,138761512.1746
1709769600000,2.2100,2.2494,2.1381,2.2109,47979492,105801056.4910
1709856000000,2.2108,2.2607,2.0086,2.1840,55707784,120442365.0078
1709942400000,2.1842,2.3718,2.1530,2.2735,55410158,126810353.1960
1710028800000,2.2735,2.4556,2.1801,2.2921,67757436,156310209.0604
1710115200000,2.2921,2.3580,2.1004,2.3352,57811660,131879545.4489
1710201600000,2.3352,2.3618,2.0907,2.2916,70387237,157966825.6279
1710288000000,2.2916,2.6800,2.2711,2.4268,94087689,233345750.7032
1710374400000,2.4268,2.4317,2.1850,2.3252,76861734,177664472.4494
1710460800000,2.3251,2.3520,2.0000,2.1999,88137843,189962843.6267
1710547200000,2.2000,2.2486,2.0100,2.0711,66466579,142383454.1977
1710633600000,2.0712,2.1311,1.9350,2.1090,52142259,107503039.0955
1710720000000,2.1090,2.1575,1.9514,1.9952,55648788,113790010.5758
1710806400000,1.9947,2.0272,1.7301,1.7946,105428046,194064798.7439
1710892800000,1.7945,1.9528,1.7010,1.9244,80566763,146955911.8129
1710979200000,1.9244,1.9546,1.8510,1.9075,52325466,100030236.3660
1711065600000,1.9074,1.9495,1.8022,1.8718,54118470,101284727.1262
1711152000000,1.8719,1.9457,1.8521,1.8901,32867431,62649124.0776
1711238400000,1.8900,1.9944,1.8688,1.9885,35693285,69025507.0636
1711324800000,1.9886,2.0839,1.9714,2.0625,39840972,81038992.5016
1711411200000,2.0625,2.1431,2.0212,2.0717,39357516,81883087.5230
1711497600000,2.0717,2.1139,1.9560,1.9968,43184498,87486442.6087
1711584000000,1.9968,2.0647,1.9603,2.0507,31924937,64522513.1439
1711670400000,2.0507,2.0789,1.9769,2.0127,34159140,69166929.9213
1711756800000,2.0127,2.0234,1.9628,1.9763,23125893,46187810.6094
1711843200000,1.9763,2.0319,1.9658,2.0130,20084927,40217029.8659
1711929600000,2.0131,2.0150,1.8290,1.8824,48475848,92217088.1972
1712016000000,1.8828,1.8829,1.7034,1.7217,50697625,89367392.6275
1712102400000,1.7216,1.7874,1.6492,1.6796,47166992,81145730.1360
1712188800000,1.6794,1.7544,1.6444,1.6991,36485471,62198551.2450
1712275200000,1.6992,1.7058,1.6003,1.6636,41867356,69112690.1503
1712361600000,1.6637,1.7264,1.6522,1.7069,22590552,38370699.1168
1712448000000,1.7069,1.7420,1.6920,1.7240,22324512,38373492.0570
1712534400000,1.7239,1.8201,1.6753,1.8027,44226050,77572455.1741
1712620800000,1.8027,1.8084,1.6736,1.6867,44887918,78017763.4370
1712707200000,1.6866,1.6995,1.5715,1.6622,44720199,73619611.3837
1712793600000,1.6623,1.6884,1.6061,1.6249,35973643,59007409.6961
1712880000000,1.6250,1.6560,1.0500,1.3056,110583859,154675381.9189
1712966400000,1.3056,1.3200,0.9630,1.1455,147254654,174303967.1971
1713052800000,1.1452,1.2450,1.0926,1.2252,82973593,97074283.4206
1713139200000,1.2253,1.2673,1.1420,1.1833,76817315,92678664.6010
1713225600000,1.1834,1.2181,1.1189,1.1992,70260583,81892084.0536
1713312000000,1.1991,1.2239,1.1319,1.1849,72065042,84932145.9285
1713398400000,1.1850,1.2658,1.1559,1.2503,67865842,83006922.3045
1713484800000,1.2502,1.2733,1.1500,1.2211,68951295,84147149.7468
1713571200000,1.2212,1.3220,1.2039,1.3153,38371066,48503360.7651
1713657600000,1.3153,1.3252,1.2561,1.2849,34075259,44187626.5321
1713744000000,1.2849,1.3583,1.2727,1.3430,45012306,59468426.3511
1713830400000,1.3429,1.3613,1.3027,1.3156,33386167,44305081.7013
1713916800000,1.3155,1.3595,1.2261,1.2433,50668664,65808680.5226
1714003200000,1.2433,1.2877,1.2038,1.2679,42585126,53034252.7714
1714089600000,1.2679,1.4490,1.2328,1.3838,121765622,163123470.5878
1714176000000,1.3836,1.3842,1.2196,1.2725,110965086,142134759.5047
1714262400000,1.2725,1.3471,1.2671,1.2773,51226739,67041960.8210
1714348800000,1.2773,1.2945,1.2029,1.2329,51340506,63780066.3588
1714435200000,1.2329,1.2535,1.1309,1.1684,73958160,86978515.0047
1714521600000,1.1684,1.2159,1.0893,1.1725,69672131,80454280.6433
1714608000000,1.1728,1.2135,1.1415,1.2031,38362529,45350269.7086
1714694400000,1.2032,1.2548,1.1938,1.2427,36095566,44165501.1843
1714780800000,1.2427,1.2659,1.2328,1.2379,24339971,30344387.3666
1714867200000,1.2379,1.2800,1.2079,1.2626,29947556,37167730.0153
1714953600000,1.2626,1.3205,1.2381,1.2520,46882543,59726453.1669
1715040000000,1.2522,1.3137,1.2297,1.2339,40630666,51393325.0187
1715126400000,1.2339,1.2430,1.1900,1.2110,39976145,48501616.1961
1715212800000,1.2110,1.2874,1.2086,1.2823,33372536,41443562.9106
1715299200000,1.2822,1.2998,1.2001,1.2146,43109978,54088307.9500
1715385600000,1.2146,1.2348,1.2014,1.2126,21327741,26014027.1018
1715472000000,1.2125,1.2309,1.1829,1.1972,20382097,24652204.1926
1715558400000,1.1971,1.2152,1.1384,1.1742,36132343,42611945.6303
1715644800000,1.1741,1.1803,1.1302,1.1418,30695062,35429980.0057
1715731200000,1.1417,1.2274,1.1257,1.2154,34255699,40081437.1975
1715817600000,1.2154,1.2400,1.1638,1.2114,27856808,33652883.4648
1715904000000,1.2113,1.2732,1.1898,1.2518,26995040,33309972.1090
1715990400000,1.2519,1.2665,1.2242,1.2553,18803571,23515311.7519
1716076800000,1.2552,1.2670,1.1760,1.1894,25500305,30997867.3839
1716163200000,1.1894,1.3021,1.1700,1.2981,39519161,48896375.9033
1716249600000,1.2982,1.3338,1.2820,1.2985,42830212,56054207.7569
1716336000000,1.2984,1.3268,1.2621,1.2768,39693595,51263233.9118
1716422400000,1.2765,1.3101,1.1790,1.2661,47646721,59863712.8565
1716508800000,1.2661,1.3287,1.2622,1.3219,44730603,58235928.7185
1716595200000,1.3219,1.3472,1.2976,1.3180,23089182,30436547.5917
1716681600000,1.3179,1.3201,1.2630,1.2805,20146782,26053874.9030
1716768000000,1.2806,1.3508,1.2700,1.3448,26494616,34855683.9758
1716854400000,1.3448,1.3531,1.2751,1.3148,38495176,50410611.0947
1716940800000,1.3150,1.3505,1.2963,1.3001,30133709,39907194.5596
1717027200000,1.3000,1.3209,1.2550,1.2792,25541511,32916185.6431
1717113600000,1.2792,1.2824,1.2342,1.2500,27617130,34720560.8535
1717200000000,1.2499,1.3014,1.2371,1.2928,17757725,22502226.2235
1717286400000,1.2929,1.3221,1.2729,1.2790,22937903,29795247.7904
1717372800000,1.2790,1.3340,1.2617,1.3028,31575303,41174744.4635
1717459200000,1.3029,1.3346,1.2832,1.3199,27140094,35546299.1387
1717545600000,1.3199,1.3680,1.3153,1.3627,22956192,30619012.5185
1717632000000,1.3627,1.3662,1.3024,1.3294,25045494,33462850.2047
1717718400000,1.3295,1.3355,1.0945,1.1943,53698158,66507166.8768
1717804800000,1.1943,1.1969,1.1124,1.1205,33569005,38683798.5580
1717891200000,1.1205,1.1683,1.1002,1.1542,22709991,25793021.8335
1717977600000,1.1542,1.1639,1.1086,1.1305,31725268,36149433.7489
1718064000000,1.1305,1.1414,1.0336,1.0786,49226223,53750689.4179
1718150400000,1.0786,1.1426,1.0548,1.1184,35689689,39615610.5346
1718236800000,1.1183,1.1240,1.0521,1.0714,27772254,30074438.3514
1718323200000,1.0714,1.0928,0.9890,1.0135,44960221,46602849.8949
1718409600000,1.0135,1.0679,1.0075,1.0462,24112311,25207908.3398
1718496000000,1.0466,1.0847,1.0302,1.0844,19512691,20654210.1950
1718582400000,1.0841,1.0897,0.9885,1.0146,39104602,40437534.0734
1718668800000,1.0146,1.0193,0.8663,0.9140,78323074,71506769.2330
1718755200000,0.9139,0.9426,0.8990,0.9155,36113400,33387515.0069
1718841600000,0.9155,0.9709,0.9022,0.9147,42712021,39794212.1361
1718928000000,0.9146,0.9437,0.8976,0.9416,42562980,39329945.7486
1719014400000,0.9416,0.9435,0.9181,0.9220,20907937,19455567.6782
1719100800000,0.9221,0.9488,0.8881,0.9026,30348207,28096554.1706
1719187200000,0.9026,0.9560,0.8400,0.9536,63011371,56883704.3982
1719273600000,0.9536,0.9861,0.9519,0.9701,30163372,29292047.2433
1719360000000,0.9701,0.9845,0.9400,0.9709,28120516,27073099.2796
1719446400000,0.9710,0.9974,0.9465,0.9728,26974962,26231671.8024
1719532800000,0.9727,0.9933,0.9571,0.9574,28534943,27811380.4306
1719619200000,0.9574,0.9785,0.9373,0.9407,18137244,17399211.2140
1719705600000,0.9408,0.9940,0.9336,0.9850,25305619,24545756.6270
1719792000000,0.9852,1.0008,0.9054,0.9056,42556069,40642558.6196
1719878400000,0.9057,0.9459,0.8925,0.9312,36664098,33828098.8593
1719964800000,0.9312,0.9375,0.8750,0.8906,40363513,36375834.2362
1720051200000,0.8904,0.8966,0.7600,0.7692,72447787,59621014.3360
1720137600000,0.7692,0.7697,0.6478,0.7073,120573037,84739501.6547
1720224000000,0.7073,0.7676,0.7017,0.7621,44662061,32839577.2895
1720310400000,0.7621,0.7623,0.6936,0.6991,44082408,32318551.6342
1720396800000,0.6991,0.7474,0.6626,0.7184,74210898,52516106.9985
1720483200000,0.7183,0.7350,0.6991,0.7235,45181203,32435500.7065
1720569600000,0.7237,0.7476,0.7121,0.7277,37350601,27244343.0529
1720656000000,0.7278,0.7565,0.7080,0.7137,51394657,37636529.2516
1720742400000,0.7139,0.7396,0.7056,0.7237,36850369,26641000.1426
1720828800000,0.7237,0.7476,0.7187,0.7378,36516251,26696048.0787
1720915200000,0.7379,0.7622,0.7249,0.7566,34012083,25189276.0368
1721001600000,0.7566,0.8092,0.7483,0.8034,50609709,38984010.0482
1721088000000,0.8036,0.8254,0.7658,0.8109,71853025,57508528.9654
1721174400000,0.8107,0.8461,0.8085,0.8135,55230557,45739919.5804
1721260800000,0.8135,0.8599,0.7821,0.8061,58724829,48104988.8737
1721347200000,0.8061,0.8364,0.7855,0.8278,35638491,29000600.3368
1721433600000,0.8278,0.8441,0.8152,0.8403,32582123,27056729.2139
1721520000000,0.8405,0.8676,0.8040,0.8623,46157211,38721472.0160
1721606400000,0.8623,0.8723,0.8039,0.8092,46763390,39091554.7184
1721692800000,0.8091,0.8310,0.7744,0.7939,58029412,46663441.2398
1721779200000,0.7938,0.8260,0.7715,0.7782,46160806,37105962.8082
1721865600000,0.7779,0.7835,0.7135,0.7451,74084913,55231284.3324
1721952000000,0.7450,0.7939,0.7427,0.7880,37380530,28856319.3696
1722038400000,0.7878,0.8060,0.7724,0.7910,31977936,25265333.8094
1722124800000,0.7910,0.7953,0.7612,0.7700,22384599,17372196.5393
1722211200000,0.7701,0.8033,0.7685,0.7725,48995147,38614715.9083
1722297600000,0.7727,0.8093,0.7639,0.7751,66308057,52297934.6425
1722384000000,0.7750,0.7963,0.7404,0.7487,76871492,59346382.9692
1722470400000,0.7486,0.7604,0.6665,0.7189,107529181,76714238.8092
1722556800000,0.7188,0.7255,0.6541,0.6667,80949832,55246339.2878
1722643200000,0.6669,0.6901,0.6096,0.6279,86723084,56076644.1727
1722729600000,0.6278,0.6483,0.5802,0.6072,69053899,42562673.1652
1722816000000,0.6072,0.6138,0.4727,0.5461,284745077,150068371.7988
1722902400000,0.5462,0.5867,0.5451,0.5768,80246039,45757301.1959
1722988800000,0.5768,0.6004,0.5501,0.5587,77325532,44395445.0588
1723075200000,0.5588,0.6208,0.5487,0.6185,63778166,37604297.1253
1723161600000,0.6184,0.6185,0.5944,0.6140,47975903,29164483.9220
1723248000000,0.6140,0.6271,0.6049,0.6199,27662150,17014152.7943
1723334400000,0.6200,0.6287,0.5701,0.5740,42624824,25547745.0135
1723420800000,0.5740,0.6221,0.5705,0.6141,61013750,36606200.7248
1723507200000,0.6141,0.6172,0.5936,0.6044,38555930,23375766.5632
1723593600000,0.6043,0.6111,0.5753,0.5884,41969705,24948520.4444
1723680000000,0.5885,0.6044,0.5616,0.5720,42221384,24603044.4579
1723766400000,0.5720,0.5846,0.5470,0.5604,51126168,28928217.3025
1723852800000,0.5603,0.5854,0.5545,0.5848,32558375,18457683.4453
1723939200000,0.5848,0.6130,0.5758,0.5841,41163693,24389603.4371
1724025600000,0.5840,0.6113,0.5784,0.5957,68403381,40640398.1632
1724112000000,0.5956,0.6101,0.5789,0.6043,45455620,27143698.7772
1724198400000,0.6043,0.6441,0.6000,0.6329,63820869,39709703.8243
1724284800000,0.6330,0.6531,0.6283,0.6349,46836809,29840766.7313
1724371200000,0.6350,0.7160,0.6344,0.7142,49377681,33165970.7045
1724457600000,0.7144,0.7992,0.7019,0.7587,85293016,63880617.2827
1724544000000,0.7587,0.7598,0.7130,0.7297,51911053,38044226.3539
1724630400000,0.7299,0.7374,0.6829,0.6868,42299888,30069309.5547
1724716800000,0.6869,0.7215,0.6425,0.6626,47685523,32738814.3573
1724803200000,0.6627,0.6925,0.6325,0.6390,57836049,38122595.9382
1724889600000,0.6390,0.6564,0.6123,0.6259,47105002,30050112.6429
1724976000000,0.6258,0.6390,0.6018,0.6341,45887672,28679600.3967
1725062400000,0.6341,0.6421,0.6028,0.6062,27419791,17040524.6216
1725148800000,0.6062,0.6100,0.5631,0.5683,44624718,26389726.8989
1725235200000,0.5681,0.6052,0.5636,0.6012,39726311,23146708.8959
1725321600000,0.6012,0.6128,0.5873,0.5883,35376141,21199614.0654
1725408000000,0.5883,0.6146,0.5635,0.6061,54683282,32413704.5150
1725494400000,0.6060,0.6668,0.6013,0.6483,172687551,111024582.8897
1725580800000,0.6482,0.6551,0.6097,0.6371,132006289,83667721.4261
1725667200000,0.6372,0.7486,0.6334,0.7333,299326064,213514484.2925
1725753600000,0.7333,0.7626,0.7109,0.7444,234137288,171925007.4523
1725840000000,0.7443,0.8924,0.7218,0.8513,303661690,239856267.4355
1725926400000,0.8513,0.8620,0.8075,0.8283,193173190,161205342.7460
1726012800000,0.8283,0.8297,0.7503,0.7537,151927735,119166264.4093
1726099200000,0.7537,0.7647,0.7361,0.7488,97943385,73344007.1194
1726185600000,0.7488,0.7540,0.7207,0.7423,86007924,63468045.2006
1726272000000,0.7424,0.7689,0.7302,0.7335,71210790,53137622.1665
1726358400000,0.7334,0.7601,0.7140,0.7271,74307936,54982160.0282
1726444800000,0.7272,0.7296,0.7029,0.7208,70426590,50226142.2962
1726531200000,0.7210,0.7576,0.7107,0.7430,76444125,56532053.0767
1726617600000,0.7431,0.7867,0.7228,0.7849,86089693,64711263.1742
1726704000000,0.7850,0.8030,0.7688,0.7950,83844784,65827023.9048
1726790400000,0.7949,0.8159,0.7737,0.8062,78103190,62056713.1291
1726876800000,0.8061,0.8184,0.7811,0.8119,51273985,41106706.6901
1726963200000,0.8119,0.8127,0.7568,0.7775,59853312,46916686.2900
1727049600000,0.7776,0.8064,0.7564,0.8062,54848575,43436030.0993
1727136000000,0.8062,0.8264,0.7904,0.8195,53277043,43171898.9047
1727222400000,0.8195,0.8481,0.8139,0.8303,50141315,41672082.7469
1727308800000,0.8302,0.8600,0.8137,0.8349,58742929,49026452.7844
1727395200000,0.8347,0.8578,0.8217,0.8491,51975544,43907784.6237
1727481600000,0.8491,0.8747,0.7940,0.8240,63242175,52393126.8940
1727568000000,0.8241,0.8490,0.7928,0.8363,52702585,43366991.8500
1727654400000,0.8363,0.8470,0.7505,0.7604,70542106,56740192.2138
1727740800000,0.7603,0.8247,0.6754,0.6803,109478747,81128284.6430
1727827200000,0.6802,0.7126,0.6530,0.6888,94703339,64936233.3694
1727913600000,0.6889,0.7132,0.6537,0.6822,84998369,57983751.5973
1728000000000,0.6823,0.7154,0.6771,0.7095,42555220,29699381.5849
1728086400000,0.7095,0.7244,0.6906,0.7030,29837362,21155629.4992
1728172800000,0.7031,0.7359,0.6969,0.7353,31360376,22497175.8029
1728259200000,0.7355,0.7688,0.7300,0.7366,45158962,33829745.6394
1728345600000,0.7366,0.7487,0.7024,0.7139,39491176,28639345.0470
1728432000000,0.7139,0.7456,0.6932,0.7048,47997098,34675694.7284
1728518400000,0.7047,0.7205,0.6714,0.6996,48334865,33652773.3619
1728604800000,0.6997,0.7280,0.6887,0.7202,30597051,21684007.0521
1728691200000,0.7203,0.7379,0.7069,0.7217,27363774,19819176.6828
1728777600000,0.7217,0.7310,0.6922,0.7261,33688393,24100634.9355
1728864000000,0.7261,0.7789,0.7145,0.7761,46663859,35078217.0348
1728950400000,0.7760,0.7873,0.7303,0.7484,59789459,45308383.1119
1729036800000,0.7484,0.7521,0.7128,0.7193,41680266,30333961.0433
1729123200000,0.7194,0.7259,0.6869,0.7096,39489949,27882209.7847
1729209600000,0.7097,0.7386,0.7075,0.7365,41674860,30265974.0126
1729296000000,0.7366,0.9269,0.7326,0.8709,239320562,206033675.1237
1729382400000,0.8711,1.6801,0.8607,1.4895,3245934159,4469659393.6970
1729468800000,1.4896,1.7577,1.3966,1.5685,2130482456,3303615566.7275
1729555200000,1.5683,1.6475,1.2539,1.3539,1239804184,1784907900.6829
1729641600000,1.3539,1.3548,1.1176,1.1292,870696483,1069621282.9200
1729728000000,1.1292,1.2043,1.0818,1.1392,692357708,791712021.7474
1729814400000,1.1393,1.3098,1.0223,1.0594,1096572366,1282870206.7389
1729900800000,1.0594,1.0866,1.0093,1.0632,514533483,539319560.3422
1729987200000,1.0631,1.1977,1.0090,1.1296,541668595,584000626.0874
1730073600000,1.1297,1.1297,0.9896,1.0443,488313814,513578350.2507
1730160000000,1.0444,1.1144,1.0338,1.0876,368378656,394507119.8702
1730246400000,1.0875,1.1328,1.0640,1.0893,379816959,417499406.4193
1730332800000,1.0893,1.1048,0.9905,1.0013,253123109,262744774.2926
1730419200000,1.0013,1.0334,0.9630,1.0150,330638560,330432724.9566
1730505600000,1.0149,1.0259,0.9653,1.0039,258291697,257672150.9532
1730592000000,1.0040,1.0278,0.8750,0.9234,588560326,559906653.1196
1730678400000,0.9234,0.9515,0.8661,0.9116,326832493,298197933.5290
1730764800000,0.9117,1.0480,0.9059,0.9775,446996034,438126807.0501
1730851200000,0.9775,1.0853,0.9713,1.0743,384450055,391342702.7249
1730937600000,1.0743,1.1434,1.0410,1.0632,270559371,292378577.0639
1731024000000,1.0632,1.0774,0.9963,1.0474,215820996,223072910.2169
1731110400000,1.0475,1.1163,1.0143,1.1114,193890262,207270813.1728
1731196800000,1.1114,1.1916,1.0560,1.1155,319777902,361524787.9142
1731283200000,1.1156,1.1829,1.0690,1.1779,269169916,301005097.4118
1731369600000,1.1778,1.2437,1.0365,1.1242,360836476,408630995.3194
1731456000000,1.1243,1.1746,1.0097,1.1429,302301730,329055175.7962
1731542400000,1.1430,1.1924,1.0376,1.0519,287759357,326034639.6557
1731628800000,1.0519,1.0955,1.0058,1.0894,158409725,166096140.1458
1731715200000,1.0894,1.3193,1.0836,1.1550,299053894,353385548.3821
1731801600000,1.1551,1.1599,1.0623,1.0782,155589204,171449039.2813
1731888000000,1.0782,1.1629,1.0716,1.1549,158363990,178093676.6402
1731974400000,1.1550,1.1674,1.0858,1.1344,111001587,125258206.2390
1732060800000,1.1344,1.1615,1.0530,1.1402,146000525,160344143.9953
1732147200000,1.1403,1.1882,1.0855,1.1656,161133889,184345858.8377
1732233600000,1.1656,1.2243,1.1231,1.2182,138380208,161060438.4526
1732320000000,1.2182,1.3228,1.1962,1.3089,170940859,215186692.6388
1732406400000,1.3089,1.4443,1.2304,1.3777,185654573,245704316.8469
1732492800000,1.3778,1.3944,1.2722,1.3163,128819044,172299382.1839
1732579200000,1.3162,1.3878,1.2124,1.2808,125250151,160675992.9625
1732665600000,1.2808,1.3244,1.2480,1.3174,86127482,110917298.7543
1732752000000,1.3176,1.4333,1.2858,1.3886,118099075,158942334.7677
1732838400000,1.3888,1.4335,1.3232,1.4185,88964679,122672094.5282
1732924800000,1.4185,1.5693,1.3813,1.5015,110412919,160319092.6028
1733011200000,1.5016,1.6374,1.4336,1.5227,161888176,248247038.7173
1733097600000,1.5227,1.6126,1.4301,1.5924,205850855,312212850.2539
1733184000000,1.5922,2.0783,1.4986,1.8967,276992967,483954576.8898
1733270400000,1.8968,2.1702,1.8433,1.9473,268595490,531740592.0556
1733356800000,1.9474,1.9778,1.7632,1.8360,150725353,287333132.7911
1733443200000,1.8361,1.9356,1.7976,1.8548,91364598,170870969.4062
1733529600000,1.8548,1.9253,1.8177,1.8959,66902803,125394946.4482
1733616000000,1.8959,1.9307,1.8052,1.8907,62327236,116092372.4049
1733702400000,1.8907,1.9097,1.2087,1.4880,226120145,362160731.3796
1733788800000,1.4880,1.5258,1.2955,1.4277,175026578,247178676.4834
1733875200000,1.4278,1.5534,1.3769,1.5312,81730352,120075107.5932
1733961600000,1.5312,1.6595,1.5099,1.5860,107710634,172244034.0367
1734048000000,1.5857,1.6633,1.5424,1.6336,113947196,182912298.0525
1734134400000,1.6337,1.6502,1.4917,1.5317,90906271,142070329.7304
1734220800000,1.5317,1.6186,1.4893,1.6094,65341889,101701167.1678
1734307200000,1.6095,1.6520,1.5129,1.5462,85021024,134141415.5244
1734393600000,1.5463,1.6265,1.4507,1.4838,110883798,170567547.9477
1734480000000,1.4839,1.4996,1.2914,1.3138,127391637,179845939.3827
1734566400000,1.3139,1.3303,1.1302,1.1606,160582067,198234359.1960
1734652800000,1.1607,1.2242,0.9980,1.2102,185482500,205649530.1436
1734739200000,1.2102,1.2832,1.1101,1.1312,108138244,127894673.3113
1734825600000,1.1313,1.1817,1.0952,1.1339,107031265,122010576.0725
1734912000000,1.1339,1.2660,1.0990,1.2402,105025369,123077243.3252
1734998400000,1.2401,1.2848,1.2024,1.2622,68202391,84778930.6533
1735084800000,1.2619,1.2989,1.2315,1.2497,60824900,76592470.9656
1735171200000,1.2496,1.2649,1.1544,1.1752,64827435,77387359.9169
1735257600000,1.1752,1.2967,1.1681,1.2281,84573005,104793712.9495
1735344000000,1.2282,1.2611,1.1829,1.2480,52248731,63585389.2562
1735430400000,1.2481,1.2805,1.1900,1.1995,56582255,69958795.7719
1735516800000,1.1994,1.2711,1.1643,1.2253,87482507,106923772.8790
1735603200000,1.2254,1.2637,1.1827,1.2041,59229530,72468926.7686
1735689600000,1.2038,1.2490,1.1714,1.2451,46801903,56649962.0048
1735776000000,1.2452,1.2910,1.2354,1.2588,50907850,64252461.2473
1735862400000,1.2589,1.3940,1.2432,1.3746,72925994,95749552.2777
1735948800000,1.3744,1.3816,1.3280,1.3485,44620713,60418913.8234
1736035200000,1.3485,1.3631,1.3093,1.3507,41419574,55258550.9125
1736121600000,1.3508,1.3972,1.3261,1.3603,59177397,80550435.9515
1736208000000,1.3603,1.3668,1.1864,1.1884,86446975,110505865.3378
1736294400000,1.1884,1.2085,1.0612,1.1252,99289165,112767503.9156
1736380800000,1.1251,1.1453,1.0546,1.0883,86523674,95242487.7965
1736467200000,1.0883,1.1356,1.0835,1.1274,67008102,74472997.3530
1736553600000,1.1273,1.1464,1.1005,1.1212,36999308,41443923.8769
1736640000000,1.1213,1.1276,1.0801,1.0922,31969197,35464278.9140
1736726400000,1.0922,1.1247,0.9601,1.0334,110728822,113141918.4963
1736812800000,1.0334,1.0883,1.0153,1.0761,58519075,61086726.5598
1736899200000,1.0762,1.1488,1.0349,1.1439,79765927,86778233.3645
1736985600000,1.1439,1.1495,1.0855,1.1066,81375635,91028030.5346
1737072000000,1.1066,1.2098,1.1066,1.1964,60512600,70785715.0720
1737158400000,1.1965,1.2135,1.0757,1.1034,75900602,84758415.5136
1737244800000,1.1033,1.1385,0.9617,0.9860,151282258,158952587.8603
1737331200000,0.9857,1.0716,0.9146,0.9990,175829068,173834455.2997
1737417600000,0.9991,1.0500,0.9448,1.0255,88195217,87457886.2856
1737504000000,1.0255,1.0634,1.0099,1.0220,57998102,59993067.2061
1737590400000,1.0221,1.0329,0.9709,1.0146,82855894,82625121.9959
1737676800000,1.0148,1.0553,0.9771,0.9907,56130084,57199345.1754
1737763200000,0.9907,1.0208,0.9671,0.9889,46458903,46266899.1573
1737849600000,0.9889,1.0232,0.9747,0.9769,55747962,55770069.1922
1737936000000,0.9770,0.9817,0.8627,0.9431,112934070,103010166.9395
1738022400000,0.9431,0.9604,0.8539,0.8613,63689874,58380522.7892
1738108800000,0.8613,0.9524,0.8526,0.9179,90748711,82773634.7926
1738195200000,0.9179,0.9863,0.9072,0.9707,52171896,50080987.2906
1738281600000,0.9707,1.0248,0.9436,0.9978,84375936,82749266.3334
1738368000000,0.9979,1.0449,0.8983,0.9062,72965086,71302433.2554
1738454400000,0.9060,0.9273,0.6975,0.7522,139019164,113804800.1291
1738540800000,0.7524,0.7682,0.5382,0.7540,264278180,173638606.2640
1738627200000,0.7540,0.7617,0.6586,0.7054,142005012,99459539.7000
1738713600000,0.7055,0.7255,0.6754,0.6868,85599669,60247075.4492
1738800000000,0.6867,0.7066,0.6297,0.6377,92949076,61799368.1288
1738886400000,0.6378,0.7085,0.6254,0.6486,86660325,57887653.6094
1738972800000,0.6486,0.6936,0.6442,0.6851,56479645,37468320.2823
1739059200000,0.6852,0.7043,0.6470,0.6867,62073878,42443142.4593
1739145600000,0.6867,0.7289,0.6621,0.7193,68091845,47620563.5661
1739232000000,0.7192,0.7723,0.6946,0.7071,64203175,46805511.2886
1739318400000,0.7071,0.7643,0.6845,0.7538,78892221,56655020.4707
1739404800000,0.7539,0.7696,0.7178,0.7325,60296445,44513035.5503
1739491200000,0.7325,0.7864,0.7262,0.7483,65399076,48955616.0097
1739577600000,0.7484,0.7485,0.7094,0.7171,45858036,33359934.8748
1739664000000,0.7171,0.7319,0.7002,0.7188,58437640,41884943.6781
1739750400000,0.7189,0.7499,0.6938,0.7154,82345962,59411467.5098
1739836800000,0.7153,0.7184,0.6487,0.6745,92022487,62552315.7146
1739923200000,0.6744,0.6874,0.6552,0.6700,74835244,50305627.9777
1740009600000,0.6700,0.7137,0.6662,0.7083,76051331,51988593.8681
1740096000000,0.7083,0.7635,0.6734,0.6852,104382289,75440993.3673
1740182400000,0.6853,0.7359,0.6813,0.7318,63180702,44912491.6619
1740268800000,0.7319,0.7364,0.6937,0.7034,43000954,30774223.7455
1740355200000,0.7034,0.7071,0.5669,0.5892,108472925,69784199.3610
1740441600000,0.5891,0.6280,0.5447,0.6172,158934096,92758911.4747
1740528000000,0.6171,0.6471,0.6024,0.6326,104386794,65548823.1094
1740614400000,0.6327,0.6690,0.6203,0.6452,78999901,50992742.0016
1740700800000,0.6453,0.6529,0.5824,0.6412,96913623,59372564.0972
1740787200000,0.6413,0.6442,0.6012,0.6271,53821990,33309002.2161
1740873600000,0.6271,0.6886,0.6082,0.6875,77106505,49766450.6498
1740960000000,0.6876,0.6896,0.5545,0.5697,140354690,84720311.6321
1741046400000,0.5696,0.5759,0.4981,0.5502,165699352,90095808.1417
1741132800000,0.5502,0.5800,0.5434,0.5751,80971253,45351724.5344
1741219200000,0.5750,0.5922,0.5535,0.5608,84363156,48423015.2860
1741305600000,0.5610,0.5866,0.5285,0.5576,88784852,49791737.0046
1741392000000,0.5575,0.5622,0.5235,0.5370,41634150,22587911.1746
1741478400000,0.5370,0.5419,0.4609,0.4725,90002093,44721583.2856
1741564800000,0.4726,0.5291,0.4494,0.4612,108663489,53343503.8506
1741651200000,0.4612,0.5061,0.4193,0.4907,110649372,51918574.4224
1741737600000,0.4908,0.5423,0.4819,0.5139,84593762,43228043.4394
1741824000000,0.5138,0.5179,0.4812,0.5013,61871183,31080896.0093
1741910400000,0.5014,0.5336,0.4995,0.5219,53239837,27566694.7038
1741996800000,0.5219,0.5431,0.5110,0.5314,47234555,24723679.0851
1742083200000,0.5314,0.5374,0.4956,0.5019,58946089,30293953.6453
1742169600000,0.5019,0.5719,0.5012,0.5386,93711502,50214742.0042
1742256000000,0.5387,0.5485,0.5099,0.5257,93291333,49215127.2351
1742342400000,0.5259,0.5411,0.5138,0.5401,81391349,43070868.5073
1742428800000,0.5401,0.5433,0.5122,0.5218,62541618,32838080.0159
1742515200000,0.5217,0.5353,0.5032,0.5065,56604504,29241971.1210
1742601600000,0.5067,0.5427,0.5066,0.5307,53491288,28409980.6369
1742688000000,0.5307,0.5552,0.5261,0.5398,67437535,36367944.7045
1742774400000,0.5398,0.5626,0.5340,0.5571,69291230,38176063.6186
1742860800000,0.5571,0.5750,0.5483,0.5631,62580761,35153692.6164
1742947200000,0.5632,0.5846,0.5407,0.5543,62064700,34753320.8530
1743033600000,0.5542,0.5709,0.5431,0.5527,39667123,22098674.3751
1743120000000,0.5528,0.5567,0.4855,0.5005,76534438,39000031.9736
1743206400000,0.5006,0.5037,0.4609,0.4695,59080829,28306164.9459
1743292800000,0.4696,0.4831,0.4634,0.4737,38608779,18314453.5221
1743379200000,0.4737,0.4815,0.4589,0.4696,56211928,26473882.2299
1743465600000,0.4697,0.4969,0.4688,0.4769,52655997,25432758.8281
1743552000000,0.4770,0.4784,0.4239,0.4319,80706001,36928196.0190
1743638400000,0.4320,0.4540,0.4194,0.4400,44016290,19202508.3150
1743724800000,0.4401,0.4503,0.4276,0.4444,42228740,18608110.6485
1743811200000,0.4443,0.4485,0.4344,0.4417,21753888,9602442.5813
1743897600000,0.4416,0.4419,0.3782,0.3879,72020454,29553691.7273
1743984000000,0.3879,0.4171,0.3482,0.3986,118247709,45730251.8464
1744070400000,0.3987,0.4115,0.3767,0.3814,42030541,16578073.0196
1744156800000,0.3814,0.4275,0.3636,0.4213,67466644,26849496.4739
1744243200000,0.4212,0.4215,0.3955,0.4069,36371768,14854362.6369
1744329600000,0.4068,0.4294,0.4056,0.4234,36052472,15110901.7344
1744416000000,0.4233,0.4484,0.4188,0.4419,34178676,14832487.7739
1744502400000,0.4418,0.4430,0.4158,0.4225,38489229,16573842.7729
1744588800000,0.4226,0.4385,0.4121,0.4182,41839692,17769187.6879
1744675200000,0.4182,0.4277,0.4062,0.4088,38021314,15872320.4352
1744761600000,0.4088,0.4203,0.3993,0.4092,43674674,17968345.5022
1744848000000,0.4093,0.4231,0.4042,0.4131,53498284,22204223.2314
1744934400000,0.4131,0.4353,0.4092,0.4344,32933629,14031861.5191
1745020800000,0.4344,0.4695,0.4324,0.4588,40681960,18379612.1753
1745107200000,0.4588,0.4895,0.4538,0.4695,49377737,23093855.7990
1745193600000,0.4694,0.4850,0.4593,0.4625,44055823,20837946.6138
1745280000000,0.4625,0.4945,0.4534,0.4929,32427693,15288175.2259
1745366400000,0.4930,0.5181,0.4905,0.5136,35417159,17961922.0802
1745452800000,0.5135,0.5245,0.5001,0.5200,33449985,17119585.9779
1745539200000,0.5199,0.5431,0.5139,0.5270,29878017,15831823.8736
1745625600000,0.5271,0.5634,0.5271,0.5533,28950218,15947451.0310
1745712000000,0.5533,0.5558,0.5133,0.5147,22689640,11991173.4957
1745798400000,0.5148,0.5510,0.5055,0.5437,29767269,15890330.4108
1745884800000,0.5438,0.5635,0.5185,0.5238,25564284,13930953.1300
1745971200000,0.5239,0.5436,0.5159,0.5310,23762833,12611834.0745
1746057600000,0.5311,0.5467,0.5284,0.5377,20623723,11120715.7374
1746144000000,0.5376,0.5526,0.5303,0.5459,33540257,18180357.0855
1746230400000,0.5459,0.5476,0.4941,0.5011,25148239,12977955.6566
1746316800000,0.5011,0.5039,0.4812,0.4874,21748181,10717511.5434
1746403200000,0.4874,0.5012,0.4774,0.4849,26221152,12855297.3887
1746489600000,0.4849,0.4973,0.4608,0.4779,28701022,13744266.9653
1746576000000,0.4779,0.4966,0.4751,0.4871,23798162,11530269.2858
1746662400000,0.4870,0.5737,0.4866,0.5654,48373604,25537750.5144
1746748800000,0.5654,0.6462,0.5654,0.6410,64588727,39464123.0584
1746835200000,0.6412,0.6864,0.6367,0.6830,44208687,28907924.4451
1746921600000,0.6829,0.6885,0.6415,0.6618,41297710,27387704.6911
1747008000000,0.6619,0.7162,0.6440,0.6743,60769352,41298583.7831
1747094400000,0.6742,0.7145,0.6354,0.7023,61007499,41023843.3628
1747180800000,0.7022,0.7261,0.6584,0.6643,74589234,51227192.8232
1747267200000,0.6642,0.6735,0.6081,0.6225,53996608,34538573.5199
1747353600000,0.6226,0.6435,0.6021,0.6099,33518192,21115730.4693
1747440000000,0.6099,0.6426,0.5866,0.6150,55893967,34567540.2428
1747526400000,0.6149,0.6806,0.6092,0.6797,57706336,37329393.6534
1747612800000,0.6798,0.6860,0.6220,0.6493,73300202,47887001.5322
1747699200000,0.6494,0.6691,0.6256,0.6605,47703813,30831351.6051
1747785600000,0.6604,0.6904,0.6491,0.6802,57499252,38531062.5165
1747872000000,0.6802,0.7097,0.6793,0.7067,39393528,27494840.2041
1747958400000,0.7068,0.7195,0.6382,0.6414,54159689,36861449.8001
1748044800000,0.6414,0.6577,0.6341,0.6385,31334389,20288937.3706
1748131200000,0.6386,0.6499,0.6216,0.6483,36393762,23090159.5104
1748217600000,0.6483,0.6770,0.6438,0.6581,33648590,22253102.4726
1748304000000,0.6582,0.7049,0.6392,0.6996,49646697,33925069.2265
1748390400000,0.6997,0.7165,0.6863,0.7148,51866446,36311978.0269
1748476800000,0.7147,0.7359,0.6893,0.6925,53382456,38231035.0080
1748563200000,0.6924,0.6982,0.6358,0.6382,59626582,40313693.6035
1748649600000,0.6383,0.6396,0.5925,0.6148,59396369,36024704.8386
1748736000000,0.6149,0.6467,0.5991,0.6467,51858942,32456176.3684
1748822400000,0.6467,0.7120,0.6252,0.7042,74526376,49533689.6495
1748908800000,0.7042,0.7142,0.6755,0.6828,54852278,38029479.5394
1748995200000,0.6828,0.7856,0.6819,0.7262,153423946,114206326.6271
1749081600000,0.7263,0.7372,0.6606,0.6640,83767498,58527402.3248
1749168000000,0.6641,0.7472,0.6581,0.6812,111877272,79833562.6859
1749254400000,0.6812,0.7195,0.6799,0.6956,56388238,39316316.2668
1749340800000,0.6956,0.7154,0.6924,0.7073,47862503,33662871.1624
1749427200000,0.7073,0.7310,0.6782,0.7265,75738514,53553514.7615
1749513600000,0.7266,0.7418,0.7111,0.7399,59610136,43358542.4969
1749600000000,0.7399,0.7405,0.7034,0.7118,42621109,30934699.1492
1749686400000,0.7118,0.7277,0.6851,0.6885,49686636,35123213.0357
1749772800000,0.6886,0.6889,0.6274,0.6724,82124038,54160901.1552
1749859200000,0.6725,0.6980,0.6685,0.6798,37787322,25826307.6911
1749945600000,0.6798,0.6826,0.6512,0.6637,31172965,20806581.7139
1750032000000,0.6637,0.6895,0.6603,0.6624,57161173,38549728.7181
1750118400000,0.6626,0.6745,0.6433,0.6503,35212471,23227971.4050
1750204800000,0.6504,0.6581,0.6053,0.6279,41605031,26100417.9630
1750291200000,0.6279,0.6404,0.6225,0.6304,23684538,14933902.2938
1750377600000,0.6304,0.6381,0.6034,0.6144,27034069,16812164.4794
1750464000000,0.6145,0.6267,0.5679,0.5797,32125235,19263136.4765
1750550400000,0.5798,0.5868,0.5277,0.5590,59683717,33334930.3242
1750636800000,0.5590,0.6129,0.5562,0.6110,37736122,21729991.6423
1750723200000,0.6111,0.6285,0.6107,0.6270,26478417,16418933.5041
1750809600000,0.6270,0.6326,0.6056,0.6117,32384124,20030924.3770
1750896000000,0.6117,0.6351,0.5806,0.6015,58770435,35632199.8027
1750982400000,0.6015,0.6106,0.5899,0.6039,27074893,16262026.5655
1751068800000,0.6039,0.6082,0.5927,0.6074,20212641,12118743.7696
1751155200000,0.6073,0.6370,0.5976,0.6265,38357683,23469712.9451
1751241600000,0.6266,0.6313,0.6062,0.6107,21468962,13235041.2758
1751328000000,0.6106,0.6137,0.5796,0.5836,20505577,12185645.8417
1751414400000,0.5836,0.6376,0.5662,0.6331,53483477,32130787.9621
1751500800000,0.6330,0.6439,0.6231,0.6297,24670926,15642954.9896
1751587200000,0.6298,0.6316,0.5875,0.5947,31438747,18978836.7015
1751673600000,0.5947,0.6077,0.5868,0.5941,21767221,12971335.8301
1751760000000,0.5942,0.6177,0.5790,0.6113,43742020,26138096.1629
1751846400000,0.6113,0.6168,0.5991,0.6035,16036977,9761226.1236
1751932800000,0.6034,0.6133,0.5917,0.6114,20088852,12079754.2075
1752019200000,0.6114,0.6367,0.6027,0.6318,29795868,18396976.2098
1752105600000,0.6319,0.6637,0.6267,0.6607,29843186,19129078.3093
1752192000000,0.6608,0.6880,0.6518,0.6654,53881916,36260263.1905
1752278400000,0.6655,0.6766,0.6339,0.6441,37743825,24646816.2868
1752364800000,0.6442,0.6767,0.6420,0.6600,25986314,17204000.0546
1752451200000,0.6600,0.6861,0.6361,0.6403,42005123,27897557.7792
1752537600000,0.6403,0.6661,0.6193,0.6630,46438560,29551583.0168
1752624000000,0.6630,0.6834,0.6542,0.6677,44029836,29419092.1577
1752710400000,0.6676,0.6827,0.6507,0.6759,45860059,30625641.0840
1752796800000,0.6759,0.7739,0.6563,0.6703,84029977,58509212.8342
1752883200000,0.6703,0.6873,0.6501,0.6787,34376068,23004066.0150
1752969600000,0.6788,0.7152,0.6755,0.7006,60402806,42303027.5576
1753056000000,0.7007,0.7756,0.6852,0.7260,124278282,91728142.6317
1753142400000,0.7260,0.7355,0.6939,0.7236,68714896,49065175.5309
1753228800000,0.7236,0.7344,0.6583,0.6773,81229734,56828205.3732
1753315200000,0.6774,0.6882,0.6133,0.6425,68928576,44731790.0367
1753401600000,0.6425,0.6574,0.6280,0.6557,40138278,25783720.3418
1753488000000,0.6556,0.6589,0.6217,0.6360,56837244,36164167.0820
1753574400000,0.6361,0.6513,0.6349,0.6466,30332548,19519710.3710
1753660800000,0.6467,0.6695,0.6052,0.6114,80317649,50656451.5473
1753747200000,0.6114,0.6291,0.6011,0.6155,43916283,27010599.4418
1753833600000,0.6156,0.6163,0.5624,0.5957,43068968,25610218.5559
1753920000000,0.5956,0.6114,0.5690,0.5717,38194209,22708526.3274
1754006400000,0.5715,0.5748,0.5362,0.5524,54038661,30214123.7919
1754092800000,0.5524,0.5595,0.5259,0.5397,32050921,17438035.3068
1754179200000,0.5397,0.5592,0.5324,0.5559,21139696,11646303.8219
1754265600000,0.5559,0.5778,0.5547,0.5764,38367412,21722847.9932
1754352000000,0.5764,0.5782,0.5459,0.5558,35458055,19935659.9655
1754438400000,0.5558,0.5712,0.5383,0.5683,40655271,22539973.1878
1754524800000,0.5683,0.5982,0.5658,0.5975,29249856,17062636.5843
1754611200000,0.5976,0.6290,0.5820,0.6260,87489805,52936330.5211
1754697600000,0.6261,0.6498,0.6249,0.6413,30850811,19730171.5073
1754784000000,0.6413,0.6526,0.6207,0.6353,32369545,20529463.3887
1754870400000,0.6354,0.6496,0.6004,0.6078,43714145,27302791.2749
1754956800000,0.6078,0.6447,0.6006,0.6391,30784001,19143469.9216
1755043200000,0.6391,0.6631,0.6332,0.6596,38238094,24780399.7575
1755129600000,0.6596,0.6660,0.5924,0.6045,59689292,37357632.5014
1755216000000,0.6045,0.6157,0.5815,0.5999,35255406,21174091.8877
1755302400000,0.5999,0.6287,0.5985,0.6287,21120134,12951112.7011
1755388800000,0.6286,0.6496,0.6234,0.6262,28563146,18156093.4905
1755475200000,0.6261,0.6280,0.5984,0.6050,33653427,20474994.9791
1755561600000,0.6050,0.6308,0.5764,0.5871,62262202,37591541.4817
1755648000000,0.5872,0.6154,0.5857,0.6094,44204262,26535345.9475
1755734400000,0.6095,0.6133,0.5866,0.5903,25416510,15211703.4930
1755820800000,0.5902,0.6430,0.5644,0.6417,60782997,36720843.1955
1755907200000,0.6418,0.6452,0.6183,0.6370,29899155,18887081.0573
1755993600000,0.6370,0.6394,0.6075,0.6157,40288727,24970142.3997
1756080000000,0.6155,0.6244,0.5519,0.5590,51062552,29819009.5364
1756166400000,0.5591,0.5910,0.5557,0.5841,27701329,15869929.3256
1756252800000,0.5842,0.5948,0.5731,0.5770,29344809,17070824.1049
1756339200000,0.5770,0.5992,0.5726,0.5991,28660504,16747241.9078
1756425600000,0.5990,0.6002,0.5504,0.5599,45221374,25805782.7712
1756512000000,0.5599,0.5726,0.5487,0.5709,20719586,11699463.9111
1756598400000,0.5710,0.5891,0.5614,0.5618,31154689,17969001.2188
1756684800000,0.5618,0.5772,0.5357,0.5502,37013404,20579346.6463
1756771200000,0.5503,0.5757,0.5484,0.5756,31536270,17762116.0221
1756857600000,0.5756,0.5833,0.5671,0.5762,17821012,10250450.5143
1756944000000,0.5763,0.5797,0.5556,0.5615,19459353,10998514.0930
1757030400000,0.5615,0.5845,0.5609,0.5806,26051060,14988658.7095
1757116800000,0.5807,0.5833,0.5691,0.5714,15224212,8745558.4200
1757203200000,0.5715,0.5876,0.5711,0.5840,17741192,10327058.9703
1757289600000,0.5839,0.6015,0.5811,0.5950,24160903,14288585.8913
1757376000000,0.5951,0.6240,0.5915,0.6044,34750529,21083968.5658
1757462400000,0.6045,0.6189,0.6002,0.6118,23168492,14175602.7704
1757548800000,0.6117,0.6163,0.5960,0.6150,29504670,17885856.5103
1757635200000,0.6150,0.6256,0.6021,0.6231,25922016,15894395.3259
1757721600000,0.6230,0.6368,0.6145,0.6273,26945890,16878874.9428
1757808000000,0.6273,0.6285,0.5981,0.6010,31202450,19060479.9176
1757894400000,0.6010,0.6082,0.5689,0.5779,41563871,24298203.6936
1757980800000,0.5779,0.5902,0.5697,0.5873,21312123,12386547.3364
1758067200000,0.5874,0.6062,0.5730,0.6026,27630442,16165281.8519
1758153600000,0.6026,0.6126,0.5981,0.6073,24127687,14587343.6017
1758240000000,0.6074,0.6141,0.5822,0.5856,27391377,16393812.3041
1758326400000,0.5855,0.6024,0.5811,0.5966,16165351,9577071.1748
1758412800000,0.5965,0.6116,0.5886,0.5910,26171004,15673466.7746
1758499200000,0.5910,0.5936,0.5010,0.5339,64490025,35009347.4995
1758585600000,0.5339,0.5518,0.5197,0.5321,36910458,19774231.7385
1758672000000,0.5321,0.5511,0.5221,0.5373,29008023,15650103.4996
1758758400000,0.5373,0.5388,0.4934,0.5066,47336938,24478429.6971
1758844800000,0.5063,0.5289,0.5014,0.5253,30920985,15882557.1548
1758931200000,0.5254,0.5264,0.5133,0.5200,18913290,9833945.7468
1759017600000,0.5201,0.5283,0.5057,0.5258,19677684,10158616.3443
1759104000000,0.5258,0.5356,0.5143,0.5298,59263826,30968227.4481
1759190400000,0.5298,0.5372,0.5206,0.5326,38469854,20347017.9820
1759276800000,0.5326,0.5592,0.5276,0.5588,34580612,18825101.0421
1759363200000,0.5589,0.5685,0.5466,0.5651,33976079,18936378.9256
1759449600000,0.5651,0.5811,0.5513,0.5777,43476348,24485976.9342
1759536000000,0.5778,0.5797,0.5555,0.5636,27462786,15531571.7017
1759622400000,0.5636,0.5804,0.5556,0.5594,22707211,12917708.8486
1759708800000,0.5595,0.5837,0.5562,0.5743,24710889,14067907.1346
1759795200000,0.5743,0.5773,0.5444,0.5538,32177353,18026759.5361
1759881600000,0.5538,0.5923,0.5472,0.5792,33254942,18924036.1218
1759968000000,0.5791,0.5807,0.5463,0.5646,36071622,20190532.1703
1760054400000,0.5647,0.5837,0.1503,0.3830,209304990,80527724.4054
1760140800000,0.3829,0.3981,0.3417,0.3647,129944060,47654698.5519
1760227200000,0.3647,0.4372,0.3632,0.4283,97276650,38489133.4137
1760313600000,0.4282,0.4499,0.4236,0.4487,83970708,36486243.1085
1760400000000,0.4486,0.4505,0.3960,0.4241,92335309,38235324.2764
1760486400000,0.4241,0.4360,0.3941,0.4026,62828579,26039236.8034
1760572800000,0.4027,0.4177,0.3841,0.3911,60205217,24257827.0123
1760659200000,0.3912,0.4105,0.3692,0.3842,96806704,37741234.5073
1760745600000,0.3842,0.3934,0.3775,0.3860,29626182,11457509.3918
1760832000000,0.3860,0.4075,0.3816,0.3996,29120976,11514234.4374
1760918400000,0.3997,0.4194,0.3915,0.4064,43643807,17945049.1872
1761004800000,0.4064,0.4219,0.3879,0.3945,92810653,37156850.3704
1761091200000,0.3945,0.4016,0.3746,0.3862,52605798,20531893.6904
1761177600000,0.3863,0.4333,0.3851,0.4325,49725114,20259344.8188
1761264000000,0.4325,0.4974,0.4324,0.4799,188924603,88509971.2571
1761350400000,0.4799,0.4812,0.4369,0.4476,75955096,34448882.0120
1761436800000,0.4476,0.4549,0.4350,0.4461,49693886,22045623.6518
1761523200000,0.4461,0.4633,0.4293,0.4433,66665580,29574240.5384
1761609600000,0.4433,0.4564,0.4079,0.4210,97075635,42218566.3468
1761696000000,0.4211,0.4406,0.4070,0.4280,49443884,21019127.1185
1761782400000,0.4279,0.4320,0.3795,0.3938,65367888,26279514.5325
1761868800000,0.3938,0.4069,0.3905,0.3973,41630904,16569902.0957
1761955200000,0.3973,0.4125,0.3923,0.4110,32741797,13197765.8749
1762041600000,0.4111,0.4173,0.3945,0.4115,28507003,11590040.3337
1762128000000,0.4115,0.4130,0.3460,0.3666,74739967,28199283.9330
1762214400000,0.3667,0.3758,0.3309,0.3527,86748282,30846394.5756
1762300800000,0.3528,0.3828,0.3355,0.3802,56870253,20764395.7633
1762387200000,0.3802,0.3815,0.3511,0.3654,52339945,19052513.1203
1762473600000,0.3653,0.4220,0.3638,0.4136,72220592,28075830.3483
1762560000000,0.4136,0.4219,0.3889,0.3954,41936030,16850106.1313
1762646400000,0.3955,0.4049,0.3772,0.3939,31791504,12482699.8929
1762732800000,0.3940,0.4172,0.3841,0.4086,48562816,19276853.2187
1762819200000,0.4087,0.4111,0.3727,0.3742,47334612,18497083.2274
1762905600000,0.3743,0.3957,0.3642,0.3725,36028513,13646247.8841
1762992000000,0.3725,0.3837,0.3474,0.3597,42511113,15686907.3389
1763078400000,0.3596,0.3648,0.3371,0.3482,48375266,17137580.7172
1763164800000,0.3483,0.3618,0.3479,0.3526,23173704,8216101.2779
1763251200000,0.3527,0.3568,0.3317,0.3436,35198432,12114041.1886
1763337600000,0.3435,0.3556,0.3260,0.3276,46706615,15939991.4936
1763424000000,0.3277,0.3445,0.3195,0.3368,47341938,15722003.0932
1763510400000,0.3368,0.3390,0.3129,0.3318,43144393,14059010.0460
1763596800000,0.3317,0.3405,0.3050,0.3146,51097288,16574726.7973
1763683200000,0.3145,0.3210,0.2580,0.2856,91532020,26460897.5524
1763769600000,0.2856,0.2865,0.2727,0.2791,30476195,8531499.2729
1763856000000,0.2791,0.2883,0.2768,0.2834,28480008,8080480.3697
1763942400000,0.2834,0.2918,0.2783,0.2864,49473344,14133330.1679
1764028800000,0.2863,0.2889,0.2685,0.2878,55091302,15285300.5119
1764115200000,0.2879,0.2886,0.2688,0.2801,50161458,13978687.7776
1764201600000,0.2800,0.2855,0.2716,0.2783,41613987,11564657.8471
1764288000000,0.2782,0.2825,0.2656,0.2708,46629864,12821881.5194
1764374400000,0.2709,0.2750,0.2644,0.2669,27669107,7459217.2616
1764460800000,0.2670,0.2680,0.2547,0.2553,48112522,12673845.2595
1764547200000,0.2553,0.2572,0.2317,0.2365,109306411,26079315.2876
1764633600000,0.2364,0.2597,0.2332,0.2456,61690700,15110454.3512
1764720000000,0.2456,0.2543,0.2326,0.2515,86919768,21196451.4160
1764806400000,0.2515,0.2529,0.2334,0.2367,53218312,12986187.0812
1764892800000,0.2367,0.2413,0.2195,0.2317,77711340,17886640.6341
1764979200000,0.2317,0.2447,0.2305,0.2364,57199195,13587618.4343
1765065600000,0.2363,0.2378,0.2218,0.2259,57292691,13174039.7823
1765152000000,0.2259,0.2449,0.2252,0.2372,59950365,14231572.6122
1765238400000,0.2372,0.2692,0.2291,0.2464,93990948,23489532.0805
1765324800000,0.2464,0.2500,0.2333,0.2360,68795617,16535455.4851
1765411200000,0.2359,0.2387,0.2231,0.2329,58945350,13506150.7268
1765497600000,0.2329,0.2392,0.2192,0.2304,54374833,12399702.7904
1765584000000,0.2304,0.2354,0.2284,0.2318,30860804,7135432.2737
1765670400000,0.2318,0.2337,0.2161,0.2187,31914364,7175059.5382
1765756800000,0.2188,0.2281,0.2040,0.2120,61390149,13245366.7404
1765843200000,0.2121,0.2163,0.2074,0.2126,42402352,8986086.6019
1765929600000,0.2126,0.2170,0.1984,0.1997,59628357,12373903.5012
1766016000000,0.1996,0.2110,0.1886,0.1953,75332330,14966378.5770
1766102400000,0.1953,0.2085,0.1928,0.2067,51632954,10458120.9801
1766188800000,0.2067,0.2084,0.2023,0.2064,25159616,5185810.9189
1766275200000,0.2063,0.2079,0.1950,0.2001,32198954,6468119.3193
1766361600000,0.2001,0.2050,0.1948,0.1981,42917959,8577818.9255
1766448000000,0.1981,0.2013,0.1920,0.1981,35998117,7100041.2550
1766534400000,0.1981,0.2024,0.1922,0.2016,30790742,6046742.9504
1766620800000,0.2017,0.2127,0.1971,0.1978,70645940,14523621.0793
1766707200000,0.1978,0.2059,0.1971,0.2039,39101982,7915482.4810
1766793600000,0.2039,0.2095,0.2015,0.2088,24088035,4933958.5140
1766880000000,0.2088,0.2145,0.2059,0.2086,37048627,7792837.5832
1766966400000,0.2086,0.2136,0.1992,0.1998,36905699,7598561.6805
1767052800000,0.1997,0.2052,0.1965,0.2002,31552033,6329527.4672
1767139200000,0.2002,0.2011,0.1908,0.1964,37220784,7320314.8472
1767225600000,0.1964,0.2135,0.1960,0.2135,34950136,7133269.9622
1767312000000,0.2135,0.2192,0.2079,0.2172,56155860,11973750.1634
1767398400000,0.2172,0.2199,0.2110,0.2172,34573682,7433092.1177
1767484800000,0.2171,0.2250,0.2166,0.2213,40456792,8916323.9059
1767571200000,0.2212,0.2315,0.2168,0.2289,60469927,13536660.0134
1767657600000,0.2290,0.2366,0.2164,0.2274,61729076,13993291.6223
1767744000000,0.2273,0.2276,0.2162,0.2192,38851275,8567138.1093
1767830400000,0.2192,0.2219,0.2092,0.2142,41746675,8988785.0655
1767916800000,0.2142,0.2196,0.2099,0.2153,40232135,8624185.3502
1768003200000,0.2153,0.2158,0.2096,0.2105,21338268,4544083.3848
1768089600000,0.2106,0.2137,0.2047,0.2080,25326505,5328127.8027
1768176000000,0.2080,0.2127,0.2012,0.2032,46485269,9588829.2117
1768262400000,0.2031,0.2530,0.2021,0.2366,90354475,20439355.9419
1768348800000,0.2367,0.2396,0.2208,0.2235,74155367,16979867.1683
1768435200000,0.2236,0.2265,0.2107,0.2136,52538752,11517088.5668
1768521600000,0.2136,0.2186,0.2077,0.2176,33850920,7238785.9670
1768608000000,0.2176,0.2495,0.2163,0.2262,117083608,27433558.3705
1768694400000,0.2262,0.2304,0.2114,0.2117,61508959,13725549.3967
1768780800000,0.2117,0.2117,0.1822,0.1996,94767727,18756985.8698
1768867200000,0.1996,0.2019,0.1857,0.1879,75703860,14674618.7720
1768953600000,0.1879,0.1961,0.1810,0.1898,60910985,11533660.8894
1769040000000,0.1899,0.1953,0.1848,0.1883,57894286,11029455.4366
1769126400000,0.1884,0.1961,0.1863,0.1897,54079738,10299191.3414
1769212800000,0.1897,0.1907,0.1855,0.1875,22608665,4256802.8081
1769299200000,0.1876,0.1877,0.1670,0.1741,54309436,9693892.1464
1769385600000,0.1742,0.1840,0.1739,0.1829,38111806,6875902.0198
1769472000000,0.1829,0.1856,0.1787,0.1842,34082820,6207081.6823
1769558400000,0.1843,0.1851,0.1772,0.1822,31454527,5687908.6262
1769644800000,0.1823,0.1829,0.1627,0.1672,67343968,11518753.7704
1769731200000,0.1672,0.1708,0.1549,0.1653,63510933,10455735.5086
1769817600000,0.1653,0.1657,0.1300,0.1499,118359980,17538484.9657
1769904000000,0.1500,0.1533,0.1406,0.1443,63064307,9294187.1559
1769990400000,0.1444,0.1507,0.1392,0.1475,72297066,10519809.8560
1770076800000,0.1476,0.1525,0.1368,0.1458,85132984,12350813.9286
1770163200000,0.1457,0.1504,0.1399,0.1438,73892648,10684482.7734
1770249600000,0.1439,0.1457,0.1180,0.1192,147692366,19328056.2616
1770336000000,0.1191,0.1360,0.1045,0.1323,268719561,32661023.4672
1770422400000,0.1324,0.1357,0.1265,0.1314,66235063,8732203.1585
1770508800000,0.1315,0.1316,0.1257,0.1275,35105699,4519393.7692
1770595200000,0.1275,0.1304,0.1229,0.1282,46394630,5903487.2841
1770681600000,0.1282,0.1287,0.1222,0.1247,45691511,5686310.1653
1770768000000,0.1247,0.1284,0.1196,0.1226,59588403,7319442.8996
1770854400000,0.1225,0.1301,0.1225,0.1277,48577964,6142766.9322
1770940800000,0.1276,0.1319,0.1242,0.1308,43099046,5517622.7434
1771027200000,0.1309,0.1365,0.1293,0.1347,43013707,5719309.3023
1771113600000,0.1347,0.1376,0.1269,0.1305,53733552,7110958.3835
1771200000000,0.1305,0.1328,0.1266,0.1300,42887241,5559618.8281
1771286400000,0.1301,0.1308,0.1235,0.1265,46725470,5941131.7702
1771372800000,0.1265,0.1281,0.1151,0.1162,74949306,9167961.7719
1771459200000,0.1163,0.1166,0.1066,0.1107,170422263,18745716.7715
1771545600000,0.1108,0.1141,0.1050,0.1104,120429831,13175899.2525
1771632000000,0.1105,0.1144,0.1083,0.1084,60854372,6780361.9485
1771718400000,0.1083,0.1098,0.1046,0.1072,68805975,7371814.7112
1771804800000,0.1072,0.1076,0.0998,0.1030,105652809,10934048.2919
1771891200000,0.1029,0.1046,0.1001,0.1015,65075292,6639842.6374
1771977600000,0.1016,0.1145,0.1011,0.1098,104619341,11336226.7402
1772064000000,0.1099,0.1104,0.1030,0.1058,98998069,10568941.1882
1772150400000,0.1058,0.1107,0.0999,0.1024,89596803,9520516.5854
1772236800000,0.1023,0.1039,0.0933,0.1033,134613971,13187402.3954
1772323200000,0.1033,0.1075,0.0977,0.1007,94761357,9712133.8604
1772409600000,0.1007,0.1092,0.0993,0.1032,131371889,13611801.8613
1772496000000,0.1032,0.1049,0.0974,0.0997,121421041,12259190.5406
1772582400000,0.0997,0.1071,0.0988,0.1040,89404291,9227829.9434
1772668800000,0.1040,0.1040,0.0988,0.1002,93488173,9522878.7232
1772755200000,0.1002,0.1027,0.0963,0.0993,74858821,7429411.5027
1772841600000,0.0993,0.1000,0.0935,0.0945,56778179,5441854.9328
1772928000000,0.0946,0.0951,0.0917,0.0930,61291133,5725455.9812
1773014400000,0.0931,0.0972,0.0927,0.0936,80122280,7593905.2922
1773100800000,0.0936,0.0978,0.0930,0.0938,71123258,6762488.6083
1773187200000,0.0938,0.0979,0.0927,0.0964,78742618,7516316.7877
1773273600000,0.0964,0.0982,0.0929,0.0975,83751548,7965294.4939
1773360000000,0.0975,0.1016,0.0953,0.0968,98580551,9802553.0134
1773446400000,0.0967,0.0977,0.0948,0.0959,54935402,5278444.4993
1773532800000,0.0959,0.0994,0.0952,0.0989,65055435,6321219.1374
1773619200000,0.0990,0.1046,0.0982,0.1041,80453478,8192700.8870
1773705600000,0.1040,0.1045,0.1011,0.1024,57208344,5869348.9803
1773792000000,0.1024,0.1037,0.0939,0.0951,84449091,8296941.7422
1773878400000,0.0952,0.0953,0.0917,0.0946,73957432,6905608.9702
1773964800000,0.0947,0.0968,0.0926,0.0939,71167928,6730448.7777
1774051200000,0.0939,0.0952,0.0877,0.0898,63644188,5903948.3602
1774137600000,0.0898,0.0919,0.0864,0.0879,93859453,8375936.2659
1774224000000,0.0880,0.0928,0.0874,0.0909,96907171,8751725.4914
1774310400000,0.0910,0.0913,0.0882,0.0898,61011743,5485014.5626
1774396800000,0.0899,0.0920,0.0885,0.0900,63853116,5769779.6556
1774483200000,0.0899,0.0901,0.0863,0.0876,82411612,7242632.6490
1774569600000,0.0875,0.0918,0.0853,0.0871,117331898,10322158.2904
1774656000000,0.0870,0.0880,0.0852,0.0861,55050851,4763355.7978
1774742400000,0.0860,0.0869,0.0804,0.0833,87941134,7430947.6499
1774828800000,0.0833,0.0869,0.0830,0.0838,68264889,5818208.6801
1774915200000,0.0839,0.0874,0.0821,0.0862,97438356,8222523.0187
1775001600000,0.0862,0.0967,0.0850,0.0888,180006444,16271041.2888
1775088000000,0.0888,0.0897,0.0812,0.0826,132632166,11205523.0631
1775174400000,0.0827,0.0942,0.0824,0.0878,179817666,15920166.9056
1775260800000,0.0878,0.0881,0.0847,0.0859,81598612,7016280.6523
1775347200000,0.0859,0.0865,0.0824,0.0857,72887542,6120720.1994
1775433600000,0.0857,0.0872,0.0825,0.0832,93407210,7984522.7552
1775520000000,0.0831,0.0920,0.0815,0.0907,136236465,11567505.0656
1775606400000,0.0907,0.0922,0.0875,0.0880,93965867,8458509.6682
1775692800000,0.0879,0.0910,0.0868,0.0891,82106582,7302987.1972
1775779200000,0.0891,0.0908,0.0878,0.0898,76746010,6866416.9885
1775865600000,0.0898,0.0899,0.0875,0.0884,59142949,5242582.7478
1775952000000,0.0884,0.0890,0.0841,0.0844,71084274,6107596.1886
1776038400000,0.0843,0.0906,0.0841,0.0906,76806549,6641144.4262
1776124800000,0.0906,0.0908,0.0864,0.0879,50037919,4417120.1038
1776211200000,0.0879,0.0949,0.0878,0.0943,104393051,9571897.0498
1776297600000,0.0943,0.1047,0.0935,0.1025,161584276,15973326.9477
1776384000000,0.1025,0.1077,0.0992,0.1061,141539660,14634050.5386
1776470400000,0.1061,0.1196,0.1015,0.1057,335921200,36184597.9215
1776556800000,0.1057,0.1083,0.0988,0.1005,156424903,16194125.2684
1776643200000,0.1006,0.1061,0.1002,0.1034,78564396,8072792.3886
1776729600000,0.1034,0.1045,0.0999,0.1016,74190628,7587485.4998
1776816000000,0.1016,0.1075,0.1002,0.1004,147479109,15402043.5719
1776902400000,0.1004,0.1034,0.0979,0.1019,80539412,8072497.6421
1776988800000,0.1019,0.2777,0.1012,0.1804,6275528865,1139437997.2375
1777075200000,0.1804,0.2229,0.1521,0.1550,4066173261,745713591.1066
1777161600000,0.1549,0.1596,0.1444,0.1451,715381643,108645788.3034
1777248000000,0.1450,0.1530,0.1378,0.1435,340437451,48969350.3470
1777334400000,0.1435,0.1915,0.1399,0.1572,1715136097,292592049.8900
1777420800000,0.1572,0.1590,0.1408,0.1465,440082664,65808915.8913
1777507200000,0.1465,0.1651,0.1449,0.1595,571756678,89540517.4230
1777593600000,0.1596,0.1838,0.1554,0.1792,595535285,101228023.2176
1777680000000,0.1791,0.1885,0.1694,0.1770,369239148,65961361.8019
1777766400000,0.1770,0.1808,0.1635,0.1660,167097077,28680220.3897
1777852800000,0.1660,0.1730,0.1598,0.1614,160978501,26812801.7713
1777939200000,0.1614,0.1741,0.1574,0.1593,176860327,29050448.2140
1778025600000,0.1592,0.1664,0.1559,0.1601,130450387,20943307.2542
1778112000000,0.1601,0.1634,0.1530,0.1609,125792962,19935030.0562
1778198400000,0.1610,0.1687,0.1608,0.1647,143734360,23669234.3242
1778284800000,0.1646,0.1680,0.1591,0.1615,93853288,15340322.2182
1778371200000,0.1616,0.1629,0.1515,0.1570,98253355,15468160.0586
1778457600000,0.1571,0.1576,0.1518,0.1559,74449836,11513485.7679
1778544000000,0.1559,0.1624,0.1503,0.1562,195785527,30789461.1719
1778630400000,0.1562,0.1600,0.1460,0.1484,129893305,19812396.0242
1778716800000,0.1485,0.1563,0.1474,0.1532,67038515,10188353.5993
1778803200000,0.1532,0.1554,0.1400,0.1438,81043735,11832953.7890
1778889600000,0.1438,0.1479,0.1385,0.1459,91727307,13128916.9340
1778976000000,0.1459,0.1596,0.1394,0.1435,208455526,31309022.8075
1779062400000,0.1434,0.1470,0.1366,0.1430,87573863,12432034.4301
1779148800000,0.1430,0.1458,0.1385,0.1417,65441515,9338131.9835
1779235200000,0.1417,0.1479,0.1406,0.1427,64088934,9280867.2292
1779321600000,0.1427,0.1467,0.1395,0.1447,64505408,9244553.4295
1779408000000,0.1449,0.1485,0.1356,0.1364,89002145,12767962.0979
1779494400000,0.1365,0.1449,0.1307,0.1405,79346242,10807189.3830
1779580800000,0.1406,0.1418,0.1318,0.1343,48127042,6603522.9218
1779667200000,0.1344,0.1399,0.1343,0.1363,43171117,5914385.8557
1779753600000,0.1362,0.1402,0.1324,0.1370,85032698,11584334.1189
1779840000000,0.1371,0.1388,0.1298,0.1317,92561311,12532028.7705
1779926400000,0.1317,0.1326,0.1216,0.1275,94503201,11944425.8568
1780012800000,0.1276,0.1421,0.1267,0.1410,101552598,13528770.8254
1780099200000,0.1411,0.1462,0.1366,0.1387,87897959,12368525.9853
1780185600000,0.1387,0.1415,0.1345,0.1392,49909522,6908783.3545
1780272000000,0.1391,0.1539,0.1388,0.1473,171947371,24995382.4319
1780358400000,0.1473,0.1579,0.1406,0.1491,152812709,22794387.8557
1780444800000,0.1491,0.1550,0.1434,0.1475,101458360,15196126.9017
1780531200000,0.1474,0.1489,0.1291,0.1369,131470917,18017728.4598
1780617600000,0.1369,0.1370,0.1164,0.1255,161967923,20308741.9706
1780704000000,0.1256,0.1268,0.1134,0.1215,72676512,8743688.6822
1780790400000,0.1215,0.1282,0.1188,0.1212,59207856,7300030.7159
1780876800000,0.1212,0.1303,0.1188,0.1253,81218174,10171863.8265
1780963200000,0.1254,0.1261,0.1181,0.1205,71327047,8724949.8273
1781049600000,0.1205,0.1222,0.1142,0.1167,65006260,7689374.0870
1781136000000,0.1166,0.1325,0.1166,0.1312,79284078,9991140.9807
1781222400000,0.1313,0.1318,0.1268,0.1286,46936718,6063440.3644
1781308800000,0.1285,0.1307,0.1264,0.1283,33644481,4327635.1059
1781395200000,0.1283,0.1309,0.1218,0.1304,41022800,5167100.8157
1781481600000,0.1303,0.1354,0.1261,0.1280,54157796,7130066.4546
1781568000000,0.1281,0.1310,0.1246,0.1269,37302797,4776851.7549
1781654400000,0.1270,0.1344,0.1264,0.1321,74648559,9725841.0751
1781740800000,0.1320,0.1367,0.1253,0.1333,74564539,9797948.3694
1781827200000,0.1332,0.1362,0.1261,0.1309,59979367,7832014.0655
1781913600000,0.1309,0.1405,0.1305,0.1363,77768410,10651677.3589
1782000000000,0.1363,0.1430,0.1333,0.1350,49436832,6799475.0467
1782086400000,0.1350,0.1431,0.1348,0.1399,43919099,6124997.8293
1782172800000,0.1398,0.1413,0.1313,0.1317,59393298,8011217.0834
1782259200000,0.1317,0.1384,0.1247,0.1300,77279586,10202333.0116
1782345600000,0.1301,0.1430,0.1250,0.1415,95503859,12738622.3727
1782432000000,0.1416,0.1561,0.1393,0.1477,223619114,33054026.5938
1782518400000,0.1478,0.1505,0.1362,0.1374,58144579,8269168.9432
1782604800000,0.1374,0.1413,0.1341,0.1355,41042924,5672806.0552
1782691200000,0.1355,0.1485,0.1335,0.1457,48649492,6827190.9307
1782777600000,0.1457,0.1507,0.1418,0.1455,43391874,6334252.3716
1782864000000,0.1454,0.1494,0.1372,0.1398,45631973,6531632.9279
1782950400000,0.1398,0.1470,0.1393,0.1409,37624029,5393296.2316
1783036800000,0.1410,0.1480,0.1403,0.1456,33485893,4864831.3734
1783123200000,0.1456,0.1494,0.1426,0.1461,29099423,4234192.0038
1783209600000,0.1460,0.1488,0.1414,0.1424,25174116,3627963.7956
1783296000000,0.1424,0.1429,0.1333,0.1379,43555784,5986630.9645
1783382400000,0.1379,0.1460,0.1329,0.1410,50944105,7112700.4147
1783468800000,0.1411,0.1640,0.1409,0.1623,262566926,40263773.7289
1783555200000,0.1622,0.1697,0.1576,0.1680,213156205,34856313.1708
1783641600000,0.1680,0.1704,0.1572,0.1601,72872854,11896824.3825
1783728000000,0.1602,0.1644,0.1533,0.1557,41360269,6505988.7706
1783814400000,0.1556,0.1602,0.1515,0.1534,30431992,4732922.3814
1783900800000,0.1534,0.1565,0.1461,0.1479,34854135,5235044.9577
1783987200000,0.1478,0.1487,0.1413,0.1468,45794488,6619843.8110
1784073600000,0.1469,0.1578,0.1457,0.1531,94683862,14378389.7498
1784160000000,0.1531,0.1557,0.1482,0.1503,40373783,6119985.1436
1784246400000,0.1503,0.1519,0.1443,0.1472,34283221,5073945.4502
1784332800000,0.1471,0.1478,0.1412,0.1425,20701337,2981678.3389
1784419200000,0.1424,0.1476,0.1415,0.1440,24773958,3594085.9967
1784505600000,0.1440,0.1453,0.1370,0.1435,41309815,5846915.5253
1784592000000,0.1435,0.1528,0.1420,0.1507,32797640,4812910.3497
1784678400000,0.1507,0.1517,0.1441,0.1455,34830764,5150698.1058
1784764800000,0.1454,0.1541,0.1424,0.1485,45314171,6729584.2605
1784851200000,0.1485,0.1517,0.1415,0.1429,29199944,4260312.0394
1784937600000,0.1429,0.1487,0.1427,0.1437,20924603,3034207.5822
1785024000000,0.1436,0.1470,0.1419,0.1437,20433654,2944573.4456
1785110400000,0.1437,0.1637,0.1423,0.1488,95265171,14764576.3176
1785196800000,0.1488,0.1560,0.1463,0.1523,50248383,7639573.8529
1785283200000,0.1523,0.1537,0.1374,0.1389,43744492,6312971.3873
1785369600000,0.1390,0.1404,0.1332,0.1334,39353791,5372925.5494
1785456000000,0.1333,0.1352,0.1281,0.1352,41438598,5476596.8752
1785542400000,0.1353,0.1371,0.1297,0.1303,17082271,2270649.7178
1785628800000,0.1303,0.1327,0.1298,0.1304,18216143,2388242.1970
1785715200000,0.1303,0.1339,0.1287,0.1318,22585676,2959205.1070
1785801600000,0.1317,0.1346,0.1290,0.1309,21881014,2895064.2305
1785888000000,0.1309,0.1368,0.1304,0.1354,21900457,2917286.5091
1785974400000,0.1354,0.1377,0.1321,0.1364,28065203,3770226.5472
1786060800000,0.1363,0.1385,0.1313,0.1316,20038074,2697169.5849
1786147200000,0.1316,0.1336,0.1307,0.1335,11206047,1484022.2683
1786233600000,0.1334,0.1345,0.1308,0.1310,13226336,1759001.7073
1786320000000,0.1309,0.1333,0.1288,0.1297,25204117,3301599.4469
1786406400000,0.1298,0.1324,0.1254,0.1292,29631429,3817976.4757
1786492800000,0.1291,0.1298,0.1227,0.1249,26066928,3307334.1563
1786579200000,0.1249,0.1261,0.1224,0.1238,20833149,2587215.4603
1786665600000,0.1238,0.1241,0.1206,0.1233,20492495,2502488.9130
1786752000000,0.1234,0.1244,0.1223,0.1228,12220501,1508853.0024
1786838400000,0.1229,0.1249,0.1215,0.1236,12445713,1533881.2993
1786924800000,0.1235,0.1266,0.1231,0.1242,17543485,2188850.9636
1787011200000,0.1243,0.1245,0.1212,0.1230,14695680,1809961.5241
1787097600000,0.1230,0.1295,0.1201,0.1276,30510772,3808887.2188
1787184000000,0.1276,0.1323,0.1266,0.1318,27712905,3590040.3566
1787270400000,0.1318,0.1450,0.1316,0.1442,55392900,7624999.9128
1787356800000,0.1442,0.1593,0.1331,0.1460,87788531,12953614.2506
1787443200000,0.1460,0.1515,0.1400,0.1492,36638210,5353390.5455
1787529600000,0.1491,0.1495,0.1430,0.1468,30075507,4412552.7116
1787616000000,0.1467,0.1491,0.1369,0.1403,26540301,3825176.3916
1787702400000,0.1403,0.1434,0.1373,0.1417,20821379,2929417.5123
1787788800000,0.1417,0.1464,0.1386,0.1433,22905238,3252032.4881
1787875200000,0.1434,0.1457,0.1336,0.1373,27639022,3833475.5987
1787961600000,0.1372,0.1444,0.1370,0.1395,25813201,3632232.8493
1788048000000,0.1395,0.1406,0.1295,0.1322,29705061,4049259.4909
1788134400000,0.1321,0.1381,0.1316,0.1367,29357595,3983564.9335
