open_time_ms,open,high,low,close,volume,quote_volume
1676592000000,79.320000,83.860000,78.120000,82.220000,112822.39,9103985.69710000
1676678400000,82.220000,85.570000,78.400000,80.590000,213292.98,17580515.28740000
1676764800000,80.590000,82.000000,76.660000,77.630000,139653.22,11145831.65430000
1676851200000,77.610000,79.770000,74.360000,78.660000,168740.72,13170495.18650000
1676937600000,78.680000,82.690000,74.680000,76.940000,216777.71,16970245.57950000
1677024000000,76.960000,77.770000,71.200000,74.680000,206261.46,15219302.81520000
1677110400000,74.690000,80.290000,73.840000,75.130000,266534.33,20437015.65910000
1677196800000,75.070000,78.380000,71.300000,74.020000,186195.35,13908546.16280000
1677283200000,74.010000,74.020000,69.570000,72.250000,105003.35,7538899.25380000
1677369600000,72.240000,76.310000,71.450000,75.740000,104650.39,7680756.61040000
1677456000000,75.740000,77.060000,73.290000,74.760000,143924.34,10797615.52430000
1677542400000,74.770000,75.360000,71.530000,71.670000,85811.31,6322306.86580000
1677628800000,71.700000,77.110000,71.330000,76.800000,187920.44,14021482.98180000
1677715200000,76.820000,78.110000,70.610000,72.820000,197931.98,14703966.31900000
1677801600000,72.800000,72.880000,66.300000,67.920000,154505.19,10654450.32860000
1677888000000,67.880000,69.550000,64.460000,65.770000,128806.90,8679609.30650000
1677974400000,65.790000,68.920000,65.180000,68.060000,112108.86,7581630.90990000
1678060800000,68.010000,72.230000,66.780000,71.380000,476852.23,33628179.65210000
1678147200000,71.380000,73.350000,69.010000,71.650000,427332.97,30447273.27610000
1678233600000,71.650000,72.420000,67.510000,67.690000,364508.14,25594392.29110000
1678320000000,67.690000,68.830000,62.100000,64.510000,290230.59,19158583.99110000
1678406400000,64.490000,64.610000,59.630000,63.540000,336572.88,21064786.56940000
1678492800000,63.490000,64.960000,52.810000,61.060000,909680.34,52933820.18930000
1678579200000,61.050000,68.430000,59.150000,68.100000,482804.83,29897629.70390000
1678665600000,68.100000,76.060000,64.880000,74.720000,517621.61,35971483.39080000
1678752000000,74.710000,80.630000,72.540000,75.350000,500406.46,37974133.86180000
1678838400000,75.340000,82.170000,69.320000,79.240000,1086759.69,82931527.55600000
1678924800000,79.210000,85.330000,74.450000,76.140000,2941439.97,234307920.61810000
1679011200000,76.120000,83.230000,75.060000,83.030000,892248.96,70772794.59620000
1679097600000,83.050000,86.910000,78.220000,79.000000,551316.36,45418606.52980000
1679184000000,79.000000,84.000000,78.780000,81.140000,421641.98,34150914.14980000
1679270400000,81.170000,84.300000,78.800000,80.020000,603217.91,49210648.34200000
1679356800000,80.010000,84.750000,75.600000,81.550000,664251.83,53711639.57540000
1679443200000,81.570000,82.000000,75.000000,77.400000,610170.34,48115892.12410000
1679529600000,77.400000,79.030000,74.190000,75.240000,379564.60,28999658.69600000
1679616000000,75.240000,75.380000,69.440000,70.230000,426158.59,30711102.56580000
1679702400000,70.250000,71.590000,67.870000,69.320000,263184.74,18351047.58820000
1679788800000,69.310000,71.350000,68.360000,69.170000,222123.76,15463709.07260000
1679875200000,69.150000,72.490000,64.480000,71.620000,686054.69,47778655.33630000
1679961600000,71.640000,78.640000,71.250000,78.120000,1261447.09,93252657.13840000
1680048000000,78.120000,79.620000,74.770000,75.140000,522545.52,40350324.12550000
1680134400000,75.140000,77.790000,73.540000,75.380000,410703.13,30920665.67750000
1680220800000,75.380000,76.750000,73.280000,76.080000,278742.04,20956110.04600000
1680307200000,76.080000,76.700000,74.630000,75.440000,116834.69,8843961.74380000
1680393600000,75.440000,76.050000,73.080000,74.160000,100582.42,7515756.20830000
1680480000000,74.160000,74.360000,70.210000,72.430000,219487.01,15934190.71460000
1680566400000,72.410000,75.150000,71.950000,74.720000,158411.32,11718397.94480000
1680652800000,74.730000,82.070000,74.600000,80.090000,563253.98,44998478.41680000
1680739200000,80.090000,80.270000,77.660000,79.360000,262430.46,20776436.27870000
1680825600000,79.360000,79.520000,76.660000,78.230000,141940.48,11076361.73600000
1680912000000,78.240000,79.790000,77.240000,77.890000,115533.47,9086316.67340000
1680998400000,77.900000,78.370000,75.640000,77.240000,118071.68,9069762.88220000
1681084800000,77.250000,80.180000,76.660000,79.910000,131467.67,10313355.00060000
1681171200000,79.910000,79.960000,76.540000,77.070000,195322.71,15318409.54230000
1681257600000,77.080000,78.280000,74.000000,77.750000,213400.08,16312306.20490000
1681344000000,77.740000,81.950000,77.290000,80.920000,223555.28,17928544.29320000
1681430400000,80.900000,86.910000,80.620000,86.070000,517856.59,43524539.12050000
1681516800000,86.070000,90.320000,83.510000,87.430000,722108.61,63200749.92810000
1681603200000,87.440000,89.490000,84.790000,88.110000,440002.75,38361521.98100000
1681689600000,88.070000,88.400000,83.700000,86.170000,331077.16,28509028.10160000
1681776000000,86.180000,91.660000,85.290000,89.270000,399659.57,35552705.64320000
1681862400000,89.260000,89.560000,77.290000,80.350000,473285.12,39474903.04600000
1681948800000,80.350000,82.200000,77.360000,78.410000,379320.19,30249701.70240000
1682035200000,78.400000,78.890000,71.770000,72.950000,472779.12,35552369.56930000
1682121600000,72.950000,75.000000,72.370000,74.390000,214788.76,15855830.88580000
1682208000000,74.400000,75.340000,70.800000,72.250000,255859.25,18734385.19630000
1682294400000,72.240000,73.290000,70.150000,71.950000,305490.11,21917434.60090000
1682380800000,71.950000,74.080000,70.060000,73.170000,340307.76,24405864.64430000
1682467200000,73.160000,77.670000,69.340000,72.870000,582054.41,43111762.54760000
1682553600000,72.880000,75.660000,72.310000,73.810000,298526.93,22056384.35660000
1682640000000,73.820000,74.250000,71.420000,72.400000,213591.82,15584539.36900000
1682726400000,72.410000,73.280000,71.950000,72.290000,120374.86,8723736.75010000
1682812800000,72.300000,74.290000,71.490000,71.580000,149996.43,10923763.45380000
1682899200000,71.610000,72.060000,68.230000,69.390000,188781.54,13271637.45130000
1682985600000,69.380000,70.740000,68.750000,70.010000,138811.51,9672158.21880000
1683072000000,70.020000,70.090000,67.100000,69.570000,209693.53,14381267.17890000
1683158400000,69.580000,69.890000,68.150000,68.220000,182898.16,12606004.40880000
1683244800000,68.230000,72.100000,67.970000,71.680000,261563.32,18297763.93750000
1683331200000,71.680000,72.230000,67.220000,68.640000,210862.64,14642022.80280000
1683417600000,68.640000,69.640000,67.640000,67.920000,162871.02,11190706.38770000
1683504000000,67.910000,68.230000,60.960000,63.350000,282999.99,18268509.33940000
1683590400000,63.350000,63.540000,60.630000,60.890000,176062.43,10963114.58280000
1683676800000,60.900000,62.580000,58.900000,62.390000,354058.07,21528244.27150000
1683763200000,62.370000,62.380000,57.670000,59.750000,216879.21,13017297.03610000
1683849600000,59.760000,61.480000,58.290000,61.320000,258640.31,15452125.66500000
1683936000000,61.340000,61.640000,60.330000,61.180000,99505.23,6078744.10600000
1684022400000,61.170000,62.360000,60.310000,61.280000,100553.73,6173959.25310000
1684108800000,61.270000,63.550000,60.440000,62.960000,123914.17,7741388.43220000
1684195200000,62.970000,63.520000,61.410000,62.190000,145373.97,9064659.88640000
1684281600000,62.190000,64.350000,60.550000,64.140000,204600.57,12783565.17910000
1684368000000,64.140000,64.690000,60.780000,61.680000,153752.23,9671598.44170000
1684454400000,61.710000,63.220000,61.670000,63.080000,130604.47,8146595.63820000
1684540800000,63.070000,63.550000,62.330000,62.960000,81395.87,5119740.26670000
1684627200000,62.950000,63.250000,59.370000,59.530000,135030.61,8258873.07180000
1684713600000,59.540000,60.600000,58.630000,59.570000,150690.50,8995463.54380000
1684800000000,59.580000,61.120000,58.060000,58.150000,178673.28,10627236.99980000
1684886400000,58.150000,58.160000,53.200000,53.910000,376232.92,20732998.13430000
1684972800000,53.910000,54.080000,52.300000,52.730000,239729.80,12696281.46720000
1685059200000,52.740000,54.770000,52.410000,54.460000,267742.52,14412278.38870000
1685145600000,54.450000,54.840000,53.760000,54.770000,116351.79,6325199.95650000
1685232000000,54.760000,58.510000,54.450000,57.510000,208519.44,11726277.44090000
1685318400000,57.520000,57.830000,54.600000,55.970000,207019.32,11606046.69790000
1685404800000,55.960000,57.390000,55.420000,56.260000,148891.61,8408696.68640000
1685491200000,56.250000,56.700000,53.440000,53.920000,157175.77,8577241.22800000
1685577600000,53.930000,54.140000,52.680000,53.240000,119687.94,6391359.49710000
1685664000000,53.250000,56.480000,52.900000,56.020000,179243.18,9885442.13650000
1685750400000,56.020000,56.750000,55.100000,55.230000,118004.39,6603691.13530000
1685836800000,55.240000,56.710000,54.790000,55.540000,154211.74,8611933.66080000
1685923200000,55.540000,55.850000,47.600000,52.040000,658644.78,34669468.62830000
1686009600000,52.050000,54.440000,51.160000,53.890000,364617.45,19197515.01250000
1686096000000,53.900000,53.920000,51.010000,51.410000,214382.53,11214603.61600000
1686182400000,51.430000,51.910000,50.010000,51.310000,128038.73,6554431.90920000
1686268800000,51.290000,52.020000,50.420000,51.130000,119747.42,6147843.98110000
1686355200000,51.130000,51.220000,40.680000,44.970000,513441.41,23262352.85130000
1686441600000,44.970000,45.770000,43.380000,43.500000,357408.12,15926674.79310000
1686528000000,43.510000,44.910000,41.310000,44.570000,444370.49,19075251.01650000
1686614400000,44.580000,46.450000,44.200000,45.770000,350766.30,15981893.93290000
1686700800000,45.810000,46.220000,42.880000,43.910000,237741.85,10672680.48990000
1686787200000,43.910000,45.870000,43.410000,45.480000,227202.24,10093792.37110000
1686873600000,45.480000,49.190000,45.280000,48.930000,492018.91,23373048.47250000
1686960000000,48.940000,51.350000,48.810000,50.150000,342770.71,17288049.16890000
1687046400000,50.150000,50.350000,48.480000,49.720000,229231.93,11420983.63700000
1687132800000,49.720000,50.090000,48.340000,49.280000,205819.86,10134290.97000000
1687219200000,49.280000,51.610000,49.150000,51.540000,310202.46,15552304.66690000
1687305600000,51.530000,54.840000,51.340000,54.530000,363028.36,19275959.64830000
1687392000000,54.530000,56.900000,53.290000,53.410000,261409.09,14375948.97510000
1687478400000,53.410000,55.810000,53.400000,54.030000,204191.75,11140156.32660000
1687564800000,54.040000,54.590000,51.830000,53.000000,151133.01,8056452.72400000
1687651200000,53.010000,55.530000,52.820000,54.470000,176155.56,9579912.46890000
1687737600000,54.460000,55.340000,51.240000,53.150000,250443.85,13498546.67600000
1687824000000,53.150000,55.070000,53.080000,54.580000,162233.67,8803036.95950000
1687910400000,54.590000,54.640000,51.080000,51.860000,193881.53,10265825.85250000
1687996800000,51.850000,53.600000,51.370000,52.860000,150189.22,7886020.48090000
1688083200000,52.880000,57.780000,50.200000,55.740000,386242.14,20823466.50150000
1688169600000,55.740000,57.410000,54.530000,57.290000,152808.19,8564368.45390000
1688256000000,57.290000,57.370000,54.860000,56.430000,165096.88,9254451.04700000
1688342400000,56.440000,58.300000,56.170000,58.300000,171116.72,9797116.88820000
1688428800000,58.300000,59.160000,56.820000,57.330000,177433.03,10285605.75290000
1688515200000,57.330000,57.950000,55.100000,55.680000,142515.61,8031282.16680000
1688601600000,55.680000,58.340000,53.710000,53.760000,216528.46,12072539.51280000
1688688000000,53.770000,55.550000,53.230000,55.510000,122464.78,6691291.04990000
1688774400000,55.520000,56.120000,54.690000,55.650000,78581.70,4365386.39330000
1688860800000,55.650000,56.590000,54.800000,55.050000,99572.23,5553397.57010000
1688947200000,55.060000,56.460000,54.120000,55.400000,125083.33,6882693.10190000
1689033600000,55.400000,55.870000,54.940000,55.510000,72382.05,4012217.29570000
1689120000000,55.540000,56.250000,54.530000,55.230000,78990.82,4388873.84500000
1689206400000,55.240000,59.410000,54.760000,59.300000,175705.59,10116464.53760000
1689292800000,59.310000,61.850000,56.400000,57.880000,301096.97,17941011.32970000
1689379200000,57.880000,58.420000,56.720000,56.970000,102241.19,5881753.93220000
1689465600000,56.970000,57.680000,55.860000,56.320000,99329.57,5643066.89530000
1689552000000,56.320000,57.440000,54.860000,56.310000,160884.57,9038360.56710000
1689638400000,56.320000,57.170000,54.630000,55.080000,141923.96,7923365.03880000
1689724800000,55.090000,55.870000,54.640000,55.090000,99866.06,5519125.29080000
1689811200000,55.090000,56.360000,53.830000,54.250000,130204.13,7171534.94370000
1689897600000,54.260000,54.750000,50.330000,50.790000,466267.47,24063812.70920000
1689984000000,50.790000,51.320000,49.650000,50.580000,397460.41,20043789.66020000
1690070400000,50.580000,52.810000,50.180000,51.960000,362211.06,18749501.97340000
1690156800000,51.960000,53.000000,49.120000,52.770000,369673.95,19138127.62380000
1690243200000,52.770000,54.370000,52.560000,53.440000,468579.37,25157735.97940000
1690329600000,53.440000,55.520000,53.190000,55.330000,265890.72,14468703.96760000
1690416000000,55.330000,56.230000,54.840000,55.900000,222883.28,12400862.98170000
1690502400000,55.910000,57.420000,55.650000,56.690000,172184.30,9724435.17980000
1690588800000,56.680000,57.280000,56.230000,56.440000,95742.67,5434009.25180000
1690675200000,56.440000,56.500000,54.680000,55.670000,118544.48,6610782.20820000
1690761600000,55.680000,56.230000,54.240000,54.350000,147955.63,8141440.52140000
1690848000000,54.340000,54.400000,51.160000,52.390000,330811.06,17302861.10800000
1690934400000,52.400000,52.700000,49.760000,49.940000,314397.19,16047039.80280000
1691020800000,49.950000,51.630000,48.770000,51.040000,586007.21,29492521.04830000
1691107200000,51.050000,52.260000,50.860000,52.190000,657224.02,34009776.32300000
1691193600000,52.190000,53.260000,51.990000,52.800000,276600.43,14552426.60030000
1691280000000,52.810000,55.000000,52.790000,53.140000,275767.96,14862972.69010000
1691366400000,53.140000,54.130000,51.470000,52.150000,202542.62,10702241.22830000
1691452800000,52.150000,52.450000,49.360000,49.670000,343915.86,17395802.73130000
1691539200000,49.670000,50.730000,49.540000,50.010000,186711.70,9367490.16000000
1691625600000,50.010000,50.180000,47.740000,47.790000,276663.93,13578685.02220000
1691712000000,47.790000,47.810000,43.860000,45.260000,1076364.13,48755762.41520000
1691798400000,45.270000,46.680000,44.920000,46.530000,479840.43,22007233.01370000
1691884800000,46.530000,47.190000,46.110000,46.240000,349037.21,16265826.04830000
1691971200000,46.230000,47.770000,46.110000,47.430000,253692.31,11942688.04000000
1692057600000,47.430000,47.710000,40.480000,43.660000,727862.56,32438371.19250000
1692144000000,43.650000,43.810000,38.150000,39.700000,1106269.32,45385057.03950000
1692230400000,39.710000,40.330000,28.240000,35.340000,1041892.07,38281257.44240000
1692316800000,35.350000,37.420000,35.260000,37.060000,612874.68,22460282.78180000
1692403200000,37.070000,38.970000,36.980000,38.290000,261524.89,9943055.67940000
1692489600000,38.290000,38.510000,37.400000,37.870000,133675.31,5081847.04380000
1692576000000,37.870000,37.990000,36.030000,37.070000,183448.42,6818637.15840000
1692662400000,37.060000,37.130000,34.630000,36.210000,240729.09,8656694.85220000
1692748800000,36.220000,37.610000,36.100000,37.250000,217569.10,7989084.97370000
1692835200000,37.250000,37.370000,36.390000,37.250000,280897.49,10363966.60460000
1692921600000,37.250000,37.320000,36.080000,36.750000,240502.37,8821440.06140000
1693008000000,36.750000,37.410000,36.530000,36.970000,95547.69,3542685.76210000
1693094400000,36.970000,37.250000,36.610000,36.830000,86334.47,3182791.84360000
1693180800000,36.830000,37.190000,36.080000,37.010000,110200.70,4046151.06540000
1693267200000,37.010000,39.320000,36.350000,38.660000,209955.34,8010069.72220000
1693353600000,38.660000,38.770000,37.150000,37.420000,176892.11,6715934.04700000
1693440000000,37.400000,37.430000,34.500000,34.960000,423874.09,15170157.99700000
1693526400000,34.960000,35.220000,33.300000,33.530000,222471.91,7625976.12520000
1693612800000,33.540000,33.890000,32.610000,32.910000,142895.78,4764660.69230000
1693699200000,32.900000,33.230000,31.960000,32.490000,147087.23,4804094.06910000
1693785600000,32.490000,32.880000,31.500000,31.980000,274231.79,8819540.43460000
1693872000000,31.980000,32.840000,31.390000,32.540000,199531.20,6422245.94220000
1693958400000,32.550000,34.150000,32.450000,33.740000,321060.11,10674799.75130000
1694044800000,33.740000,34.900000,33.610000,34.520000,371166.28,12706053.31700000
1694131200000,34.530000,34.830000,33.160000,33.510000,189906.60,6421784.64530000
1694217600000,33.510000,33.540000,32.820000,32.960000,126109.73,4183211.58610000
1694304000000,32.960000,32.980000,30.460000,30.560000,273918.15,8664747.30220000
1694390400000,30.560000,31.400000,30.000000,30.760000,292200.88,8956480.29750000
1694476800000,30.760000,32.510000,30.750000,31.330000,261441.61,8257307.84030000
1694563200000,31.320000,32.070000,31.050000,31.620000,203360.03,6415311.95250000
1694649600000,31.630000,32.370000,31.480000,31.540000,166691.59,5301598.64600000
1694736000000,31.540000,32.080000,30.840000,31.640000,206456.42,6480724.09150000
1694822400000,31.650000,32.950000,31.650000,32.630000,227619.08,7388203.21930000
1694908800000,32.640000,32.950000,31.700000,32.110000,217183.72,7018898.36980000
1694995200000,32.120000,35.060000,31.890000,34.360000,691364.38,23490086.05300000
1695081600000,34.340000,36.530000,34.010000,36.120000,522258.42,18548067.00790000
1695168000000,36.120000,36.500000,35.130000,36.290000,281400.45,10082525.41020000
1695254400000,36.300000,36.940000,34.610000,34.920000,275611.24,9847672.44910000
1695340800000,34.930000,35.240000,34.360000,34.660000,158946.22,5521175.50930000
1695427200000,34.680000,34.980000,33.840000,34.110000,127548.07,4378510.85060000
1695513600000,34.110000,34.250000,33.220000,33.480000,108451.51,3673981.85620000
1695600000000,33.480000,35,32.960000,34.700000,173424.26,5936489.81250000
1695686400000,34.700000,35.500000,34.530000,35.460000,181210.45,6346846.02430000
1695772800000,35.460000,36.440000,35,35.780000,222307.25,7937524.52060000
1695859200000,35.790000,37.890000,35.740000,37.860000,294260.77,10856578.33910000
1695945600000,37.860000,38.630000,37.220000,38.590000,292835.81,11108319.24510000
1696032000000,38.590000,40.840000,38.400000,40.590000,424445.29,16852983.73650000
1696118400000,40.590000,43.200000,40.440000,42.400000,611612.96,25725037.01100000
1696204800000,42.410000,42.910000,37.700000,39.700000,663307.24,27001152.20920000
1696291200000,39.700000,40.290000,38.540000,38.820000,358672.81,14145612.48470000
1696377600000,38.830000,39.130000,37.010000,38.260000,547659.86,20775117.63810000
1696464000000,38.260000,38.600000,37.200000,37.960000,263891.48,10041597.71750000
1696550400000,37.970000,39.990000,37.880000,39.680000,294857.73,11477408.42940000
1696636800000,39.690000,40.250000,38.190000,38.490000,316404.19,12441516.81390000
1696723200000,38.490000,38.930000,37.140000,37.710000,313961.78,11894646.39380000
1696809600000,37.710000,37.950000,34.820000,35.790000,424722.87,15465248.49590000
1696896000000,35.780000,36.520000,35.280000,35.980000,211185.12,7595065.77850000
1696982400000,35.970000,36.780000,35.080000,36.190000,286101.32,10305747.53810000
1697068800000,36.190000,36.240000,34.290000,34.580000,254962.27,8952102.70770000
1697155200000,34.590000,36.030000,34.420000,35.400000,450981.64,15885517.48580000
1697241600000,35.400000,35.960000,35.320000,35.520000,200359.01,7139906.34400000
1697328000000,35.520000,35.890000,35.050000,35.450000,226405.68,8033531.41170000
1697414400000,35.460000,37.950000,35.400000,36.320000,348219.45,12688195.72040000
1697500800000,36.320000,36.390000,34.450000,35.290000,198379.68,7031273.95750000
1697587200000,35.290000,36.240000,34.980000,35.080000,231298.57,8229876.39560000
1697673600000,35.070000,35.310000,34.240000,35.060000,243730.36,8477321.80950000
1697760000000,35.070000,37.530000,34.860000,37.130000,584906.33,21449439.54970000
1697846400000,37.140000,39.680000,36.730000,38.710000,252615.09,9615641.23510000
1697932800000,38.700000,39.470000,37.860000,38.790000,199788.50,7707517.29130000
1698019200000,38.800000,42.410000,38.150000,41.740000,796814.51,32143344.15310000
1698105600000,41.740000,43.530000,39.300000,40.680000,563908.85,23275719.86620000
1698192000000,40.680000,43.330000,39.500000,42.700000,385112.73,15949416.70320000
1698278400000,42.700000,46.320000,41.130000,43.600000,713743.20,31455458.00860000
1698364800000,43.600000,44.350000,42.290000,43.850000,304216,13200770.75750000
1698451200000,43.840000,47.010000,43.810000,45.610000,272503.04,12474085.60470000
1698537600000,45.610000,46.460000,45.110000,45.670000,152670.79,6983537.40800000
1698624000000,45.670000,46.950000,44.500000,45.140000,221148.93,10103219.78980000
1698710400000,45.140000,45.810000,43.220000,44.960000,215733.89,9629104.27330000
1698796800000,44.950000,48.160000,43.750000,47.340000,254672.47,11665984.65360000
1698883200000,47.340000,48.280000,44.100000,45.620000,263811.95,12192435.23240000
1698969600000,45.630000,47.940000,44.330000,47.630000,258149.92,11972494.48960000
1699056000000,47.620000,48.260000,46.840000,47.510000,264383.46,12586899.54930000
1699142400000,47.510000,48.750000,46.070000,47.340000,276611.50,13184966.91150000
1699228800000,47.350000,48.790000,46.340000,48.430000,312502.63,14921195.82310000
1699315200000,48.430000,48.490000,45.850000,47.850000,338461.08,16036382.89290000
1699401600000,47.850000,50.200000,47.480000,49.800000,321144.74,15786651.57960000
1699488000000,49.820000,53.990000,45.680000,53.730000,643725.20,32739447.46530000
1699574400000,53.730000,54.420000,52.170000,53.610000,390858.54,20935292.27460000
1699660800000,53.630000,55.870000,51.940000,54.850000,350837.85,18846796.18050000
1699747200000,54.860000,55.620000,52.700000,54.290000,253607.56,13785106.78990000
1699833600000,54.300000,55.250000,52.520000,52.550000,331407.72,17862247.38680000
1699920000000,52.570000,53.600000,49.050000,51.170000,312521.30,16251830.83230000
1700006400000,51.170000,54.600000,51.060000,54.250000,358913.42,18998210.06480000
1700092800000,54.240000,55.120000,50.380000,51.270000,375003.42,19938131.81060000
1700179200000,51.270000,52.550000,48.510000,50.830000,310108.27,15671962.72320000
1700265600000,50.850000,51.080000,48.710000,50.930000,177635.24,8900215.92220000
1700352000000,50.930000,52.070000,50.090000,51.910000,146269.25,7443915.09700000
1700438400000,51.910000,53.090000,51.130000,51.520000,228558.14,11911885.68920000
1700524800000,51.520000,52.160000,47.670000,47.690000,441769.64,21975354.71420000
1700611200000,47.690000,52.140000,47.600000,51.590000,237557.86,11980752.31280000
1700697600000,51.580000,52.310000,50.690000,51.520000,142197.44,7324829.56230000
1700784000000,51.510000,53.720000,51.430000,52.360000,204595.41,10769058.05640000
1700870400000,52.370000,52.960000,51.700000,52,130482.23,6831062.36500000
1700956800000,51.990000,52.500000,50.200000,51.130000,170356.33,8782782.43040000
1701043200000,51.120000,51.350000,47.770000,48.760000,187867.50,9244599.39590000
1701129600000,48.760000,50.350000,48.080000,49.750000,253408.97,12490634.38450000
1701216000000,49.750000,50.240000,48.030000,48.500000,211180.29,10385425.12610000
1701302400000,48.490000,49.150000,48.150000,48.980000,168599.86,8213461.17960000
1701388800000,48.980000,51.210000,48.890000,50.900000,276847.95,14003425.73750000
1701475200000,50.890000,52.950000,50.770000,52.520000,169063.51,8757946.28350000
1701561600000,52.520000,52.780000,50.960000,51.980000,137526.26,7127815.90370000
1701648000000,51.980000,54.100000,50.610000,51.560000,277263.73,14560091.46030000
1701734400000,51.570000,52.860000,49.360000,52.790000,420956.14,21572459.79960000
1701820800000,52.800000,53.470000,49.960000,50.100000,294191.52,15261301.07020000
1701907200000,50.110000,53.560000,49.340000,53.400000,340594.17,17616611.75960000
1701993600000,53.390000,54.630000,52.730000,54.090000,296567.32,15938085.46670000
1702080000000,54.080000,56.310000,52.780000,53.480000,408099.45,22281163.31320000
1702166400000,53.490000,54.960000,52.400000,54.240000,227821.71,12258266.71870000
1702252800000,54.240000,54.380000,44.620000,49.440000,483854,24071251.84980000
1702339200000,49.440000,50.320000,47.230000,48.520000,291682.94,14219333.02740000
1702425600000,48.540000,49.380000,45.710000,48.640000,383507.97,18166924.07210000
1702512000000,48.640000,49.970000,46.180000,49.490000,285032.34,13877503.83060000
1702598400000,49.500000,49.540000,46.630000,46.810000,244427.34,11768596.90510000
1702684800000,46.810000,48.140000,46.120000,46.430000,248523.64,11729766.70140000
1702771200000,46.420000,46.610000,44.740000,44.960000,239603.78,10925398.08330000
1702857600000,44.950000,45.210000,42.070000,44.910000,319222.25,13940636.85970000
1702944000000,44.910000,45.450000,42.250000,43.160000,283395.13,12431218.21900000
1703030400000,43.170000,45.240000,42.660000,43.480000,332141.61,14579298.85890000
1703116800000,43.490000,44.020000,42.120000,43.810000,302910.52,13061311.98430000
1703203200000,43.820000,47.810000,43.500000,47.710000,818136.42,37663716.46030000
1703289600000,47.720000,47.880000,45.520000,46.370000,339075.91,15745971.05470000
1703376000000,46.370000,47.620000,44.620000,46.130000,451079.80,20934858.14560000
1703462400000,46.120000,48.820000,45.740000,47.480000,432283.72,20606613.82360000
1703548800000,47.490000,47.990000,42.550000,45.960000,525012.27,24319719.72150000
1703635200000,45.960000,52.070000,44.830000,51.760000,767541.90,37675596.58490000
1703721600000,51.760000,53.180000,49.820000,50.220000,598671.57,30832476.12830000
1703808000000,50.220000,54.480000,49.280000,51.730000,696492.54,36152629.51590000
1703894400000,51.730000,59.450000,50.500000,56.990000,1439037.26,81330106.88720000
1703980800000,56.990000,57.960000,53.750000,55.140000,692992.75,39137513.03390000
1704067200000,55.150000,59.060000,54.890000,57.760000,441182.69,25175305.07620000
1704153600000,57.760000,64.590000,57.460000,60.620000,1072625.98,65825174.03370000
1704240000000,60.630000,64.590000,43.000000,57.500000,1478628.50,85644876.66170000
1704326400000,57.490000,59.130000,56.070000,57.810000,484517.54,28016691.08080000
1704412800000,57.840000,58.280000,51.870000,53.840000,451516.77,24743958.14400000
1704499200000,53.850000,53.960000,50.430000,51.200000,246558.95,12710780.24740000
1704585600000,51.190000,52.240000,49.040000,49.600000,336829.82,17171703.41360000
1704672000000,49.610000,52.310000,46.750000,51.980000,356757.78,17684276.68350000
1704758400000,51.970000,52.130000,47.900000,50.320000,383605.51,19116800.58670000
1704844800000,50.310000,56.440000,50.050000,55.490000,570145.96,30076901.38480000
1704931200000,55.500000,58.060000,54.500000,55.880000,421338.43,23724692.67760000
1705017600000,55.870000,59.530000,51.890000,54.510000,559480.34,31520531.33190000
1705104000000,54.510000,55.540000,53.110000,55.120000,202689.68,11094041.39270000
1705190400000,55.130000,55.290000,51.940000,52.060000,205807.70,11027792.40940000
1705276800000,52.070000,53.300000,51.190000,51.740000,184083.05,9648151.66270000
1705363200000,51.750000,54.190000,51.270000,53.690000,224656.64,11847905.48620000
1705449600000,53.690000,54.110000,51.670000,52.460000,191980.56,10099008.18930000
1705536000000,52.470000,52.790000,49.260000,49.980000,254020.85,13033321.00790000
1705622400000,50.000000,50.050000,45.070000,47.040000,489204.03,23358543.20070000
1705708800000,47.030000,47.310000,46.310000,47.080000,178491.76,8371633.01470000
1705795200000,47.070000,47.280000,45.940000,46.070000,150926.24,7056607.03210000
1705881600000,46.080000,46.550000,42.520000,42.870000,266686.83,11855069.95970000
1705968000000,42.850000,44.330000,39.170000,40.750000,550061.13,22650573.35860000
1706054400000,40.750000,42.080000,40.090000,41.970000,258717.55,10638952.63540000
1706140800000,41.980000,42.690000,41.190000,42.560000,187564.67,7842007.90650000
1706227200000,42.560000,44.100000,42.040000,43.800000,164125.60,7110312.79360000
1706313600000,43.800000,44.040000,43.080000,43.710000,117095.88,5111803.03040000
1706400000000,43.720000,44.510000,42.860000,43.260000,141274.12,6177114.50880000
1706486400000,43.260000,44.640000,42.570000,44.450000,124161.03,5414763.82900000
1706572800000,44.450000,45.470000,43.700000,44.510000,174048.05,7751748.78150000
1706659200000,44.500000,44.730000,42.240000,42.720000,196682.47,8591242.11380000
1706745600000,42.720000,43.030000,41.530000,42.920000,158756.23,6705931.93560000
1706832000000,42.930000,43.950000,42.760000,43.490000,142337.91,6166796.80580000
1706918400000,43.500000,43.960000,42.990000,43.140000,127873.40,5565566.38650000
1707004800000,43.130000,43.270000,42.060000,42.300000,102768.30,4387818.16910000
1707091200000,42.300000,43.410000,41.770000,42.800000,117941.28,5041730.55520000
1707177600000,42.810000,43.870000,42.650000,43.440000,166944.85,7216686.29260000
1707264000000,43.450000,45.100000,43.030000,44.730000,104527.15,4599906.49220000
1707350400000,44.730000,45.620000,44.540000,44.760000,162126.19,7295860.25630000
1707436800000,44.770000,45.980000,44.730000,45.470000,135122.63,6117375.61120000
1707523200000,45.470000,45.910000,43.230000,43.470000,199877.32,8905015.88110000
1707609600000,43.480000,44.020000,41.230000,41.680000,464873.51,19918808.67920000
1707696000000,41.680000,44.080000,41.080000,43.800000,402886.27,17117714.43220000
1707782400000,43.810000,44.040000,41.200000,42.050000,418606.61,17742022.38280000
1707868800000,42.040000,43.930000,41.650000,43.680000,370484.45,15988802.33090000
1707955200000,43.680000,45.180000,43.370000,44.660000,309061.77,13685141.86830000
1708041600000,44.660000,46.240000,43.680000,44.800000,350838.09,15786668.20490000
1708128000000,44.800000,44.980000,43.150000,44.450000,280402.27,12407545.85250000
1708214400000,44.450000,48.680000,43.930000,48.420000,532032.48,24442265.48340000
1708300800000,48.410000,49.930000,47.760000,49.110000,744842.30,36293238.64780000
1708387200000,49.110000,49.820000,45.550000,47.950000,706022.15,33655146.90590000
1708473600000,47.950000,48.100000,44.200000,46.200000,349476.12,15978059.91600000
1708560000000,46.210000,47.410000,44.970000,46.300000,371874.81,17237761.83490000
1708646400000,46.310000,47.530000,44.850000,46.670000,976821.87,45012251.15600000
1708732800000,46.660000,51.130000,45.850000,50.640000,903103.10,44662896.15380000
1708819200000,50.640000,51.960000,49.650000,51.760000,439547.86,22351831.91580000
1708905600000,51.770000,52.840000,49.810000,51.790000,483321.97,24877177.13900000
1708992000000,51.790000,53.950000,51.110000,52.040000,466196.57,24469684.98890000
1709078400000,52.040000,53.630000,46.100000,51.320000,858166.86,43779098.16400000
1709164800000,51.320000,53.550000,49.330000,50.890000,690597.60,35710465.99280000
1709251200000,50.900000,57.550000,50.880000,55.940000,884463.82,48598744.24720000
1709337600000,55.950000,58.510000,55.000000,58.490000,465325.84,26386617.84160000
1709424000000,58.490000,59.340000,53.970000,58.930000,551510.51,31909276.91760000
1709510400000,58.940000,59.990000,54.930000,56.480000,577928.09,33110856.54940000
1709596800000,56.480000,58.810000,40.100000,50.750000,1123448.56,59636210.57790000
1709683200000,50.740000,54.660000,49.150000,53.340000,607324.19,31887556.06380000
1709769600000,53.340000,58.700000,51.790000,57.070000,585386.72,31996391.67360000
1709856000000,57.080000,58.490000,55.180000,56.190000,506497.94,28856495.71720000
1709942400000,56.190000,57.380000,55.250000,55.890000,218144.64,12292374.41570000
1710028800000,55.900000,57.020000,52.940000,54.500000,343442.31,18987778.13060000
1710115200000,54.510000,59.010000,52.090000,58.770000,470471.49,26476985.99320000
1710201600000,58.780000,59.300000,54.070000,58.080000,584059.90,33470552.69360000
1710288000000,58.080000,62.940000,57.930000,61.180000,614370.43,37172295.99290000
1710374400000,61.180000,61.360000,53.550000,56.700000,648078.62,37367637.61740000
1710460800000,56.700000,57.400000,49.690000,53.200000,761608.70,40193856.94820000
1710547200000,53.200000,53.820000,47.830000,48.900000,515153.18,26452521.08300000
1710633600000,48.910000,51.490000,47.040000,50.640000,406320.42,20169191.91730000
1710720000000,50.630000,51.130000,47.310000,48.370000,310535.54,15288825.89470000
1710806400000,48.370000,49.050000,42.000000,42.770000,672773.24,30003216.39890000
1710892800000,42.760000,48.100000,41.330000,47.890000,583903.73,26057295.42800000
1710979200000,47.890000,48.570000,45.230000,46.640000,511387.08,23927644.76840000
1711065600000,46.640000,47.250000,43.270000,44.620000,364749.81,16465129.12320000
1711152000000,44.630000,46.170000,43.940000,44.850000,206724.10,9345006.97990000
1711238400000,44.850000,46.530000,44.310000,46.350000,221919.79,10091027.00980000
1711324800000,46.350000,49.010000,45.980000,47.360000,338977.68,16050855.35320000
1711411200000,47.360000,48.970000,45.940000,47.040000,347022.41,16452776.53720000
1711497600000,47.050000,47.610000,44.620000,45.290000,470571.92,21664182.99280000
1711584000000,45.300000,45.940000,44.570000,45.320000,221290.69,10046772.88590000
1711670400000,45.330000,45.750000,44.330000,44.860000,288399.63,13002458.87330000
1711756800000,44.870000,45.630000,44.650000,44.850000,183780.21,8287069.75600000
1711843200000,44.850000,46.500000,44.760000,45.830000,181800.68,8323314.20800000
1711929600000,45.820000,45.940000,41.990000,43.670000,525157.85,22793506.98870000
1712016000000,43.680000,43.810000,38.750000,39.770000,650384.78,26381717.07820000
1712102400000,39.780000,41.040000,38.410000,40.260000,328765.72,13172163.48890000
1712188800000,40.240000,41.800000,39.460000,40.720000,240537.56,9768774.41440000
1712275200000,40.720000,40.850000,38.730000,39.910000,302347.28,12018242.02720000
1712361600000,39.910000,40.990000,39.730000,40.460000,156771.10,6323858.79790000
1712448000000,40.470000,41.450000,40.400000,41.350000,154807.60,6323798.22670000
1712534400000,41.350000,41.900000,36.940000,41.470000,1145768.90,44862103.57830000
1712620800000,41.470000,41.870000,38.330000,38.430000,459067.50,18265543.34580000
1712707200000,38.430000,38.770000,36.190000,37.970000,434228.96,16397422.64240000
1712793600000,37.970000,37.980000,35.755000,36.050000,405024.43,14842203.38214000
1712880000000,36.055000,36.708000,23.058000,28.595000,1719078.71,51369316.58644000
1712966400000,28.593000,29.629000,21.558000,24.110000,1524218.40,39895587.79291000
1713052800000,24.111000,27.259000,22.942000,26.931000,1166610.67,29267542.85967000
1713139200000,26.933000,29.158000,26.147000,27.824000,823394.47,22863506.19359000
1713225600000,27.826000,30.071000,26.477000,28.360000,1670481.85,47631476.42469000
1713312000000,28.365000,29.142000,26.752000,28.054000,583711.07,16388068.87312000
1713398400000,28.034000,29.462000,27.487000,29.197000,487332.82,13894430.39103000
1713484800000,29.196000,29.997000,26.859000,28.544000,573312.07,16393274.16717000
1713571200000,28.544000,30.518000,27.956000,30.172000,374080.32,10857504.24868000
1713657600000,30.166000,30.600000,28.901000,29.702000,342145.48,10196306.16666000
1713744000000,29.701000,30.964000,29.372000,30.112000,320235.50,9672778.00875000
1713830400000,30.111000,30.348000,28.609000,28.896000,327543.81,9661485.75149000
1713916800000,28.893000,29.497000,26.431000,26.746000,469430.93,13037900.72901000
1714003200000,26.744000,27.776000,26.320000,27.237000,367871.72,9952002.57829000
1714089600000,27.237000,27.480000,26.254000,26.775000,260126.03,6988842.30400000
1714176000000,26.783000,27.988000,25.600000,27.619000,299207.07,8061878.93084000
1714262400000,27.621000,28.060000,26.675000,26.824000,222441.05,6105100.30464000
1714348800000,26.810000,27.098000,25.635000,26.395000,290595.44,7609762.63650000
1714435200000,26.396000,26.692000,24.065000,25.217000,337847.69,8458582.45272000
1714521600000,25.215000,25.528000,23.009000,24.989000,425334.78,10393391.34245000
1714608000000,24.984000,25.162000,23.858000,24.740000,390669.63,9556736.34565000
1714694400000,24.744000,26.264000,24.473000,26.036000,330552.14,8365688.12867000
1714780800000,26.036000,26.282000,25.572000,25.789000,237986.72,6149243.78757000
1714867200000,25.792000,26.084000,25.150000,25.894000,229099.67,5864291.57522000
1714953600000,25.895000,26.912000,25.042000,25.115000,449940.24,11664536.44293000
1715040000000,25.122000,25.718000,24.659000,24.674000,279442.22,7054146.03566000
1715126400000,24.672000,25.588000,24.200000,25.164000,355509.46,8833736.99491000
1715212800000,25.164000,27.507000,24.860000,27.342000,432001.58,11221597.63621000
1715299200000,27.338000,34.377000,27.060000,28.083000,9804659.00,299934488.29266000
1715385600000,28.081000,29.350000,27.233000,28.891000,1960461.65,55104215.67035000
1715472000000,28.891000,32.462000,28.267000,29.787000,3374116.67,102390035.73743000
1715558400000,29.785000,30.247000,27.205000,28.226000,1765013.28,49930460.38596000
1715644800000,28.226000,29.478000,26.527000,27.334000,1561350.15,43917201.54089000
1715731200000,27.336000,32.409000,27.075000,31.943000,1249374.73,37673068.77878000
1715817600000,31.943000,32.097000,29.676000,30.276000,622195.50,19263929.60608000
1715904000000,30.271000,31.017000,29.770000,29.868000,659304.90,19943675.51497000
1715990400000,29.859000,30.354000,29.357000,29.425000,388508.81,11584910.19642000
1716076800000,29.428000,30.683000,28.568000,28.804000,585151.08,17308942.36340000
1716163200000,28.799000,34.202000,28.491000,33.851000,808792.07,25191524.14261000
1716249600000,33.850000,34.635000,32.569000,33.225000,651599.69,21959417.24031000
1716336000000,33.211000,33.321000,30.654000,31.020000,420582.60,13377742.71202000
1716422400000,31.021000,31.853000,28.100000,30.804000,710782.84,21771175.09406000
1716508800000,30.787000,33.086000,29.975000,32.868000,482238.57,15271024.54335000
1716595200000,32.869000,33.910000,31.923000,32.175000,306322.76,10092551.26250000
1716681600000,32.180000,32.206000,31.300000,31.661000,317121.50,10049717.73891000
1716768000000,31.660000,33.761000,31.537000,31.744000,451980.93,14744762.60169000
1716854400000,31.754000,36.000000,30.784000,34.437000,1433918.97,48631118.79036000
1716940800000,34.443000,34.950000,33.767000,34.504000,436858.17,14997300.73877000
1717027200000,34.507000,38.291000,33.520000,36.917000,1072309.75,38849143.74985000
1717113600000,36.911000,39.455000,36.699000,37.774000,1039714.46,39616085.44472000
1717200000000,37.771000,39.836000,36.690000,36.919000,564780.96,21585121.18854000
1717286400000,36.924000,38.419000,35.810000,37.913000,453893.64,16745756.13602000
1717372800000,37.919000,38.484000,34.758000,35.442000,484249.16,17775111.42767000
1717459200000,35.449000,39.002000,35.331000,37.812000,565060.95,21172573.63037000
1717545600000,37.815000,43.147000,36.431000,42.662000,1379560.52,55589414.56966000
1717632000000,42.666000,46.228000,42.044000,43.318000,3465605.13,153207949.77404000
1717718400000,43.317000,45.828000,39.135000,41.542000,2054150.46,89717291.46220000
1717804800000,41.545000,44.308000,39.465000,40.007000,863513.12,36439570.80446000
1717891200000,40.013000,40.273000,38.380000,39.258000,485067.51,19102283.87490000
1717977600000,39.260000,39.586000,37.366000,37.436000,364406.76,14059708.13474000
1718064000000,37.436000,37.588000,33.958000,34.552000,425315.23,15189325.30225000
1718150400000,34.552000,36.794000,33.800000,34.632000,434757.00,15308463.09933000
1718236800000,34.630000,34.636000,32.078000,32.879000,348455.92,11532800.91763000
1718323200000,32.880000,34.500000,31.350000,32.244000,421356.43,13890686.61599000
1718409600000,32.246000,33.295000,31.980000,32.635000,162544.80,5304861.92411000
1718496000000,32.635000,32.954000,31.908000,32.718000,142715.63,4619581.84440000
1718582400000,32.713000,32.935000,29.617000,30.566000,466169.42,14483455.04818000
1718668800000,30.568000,30.687000,25.211000,28.880000,677367.40,19082726.59248000
1718755200000,28.867000,30.444000,27.455000,27.739000,411489.24,11879025.61410000
1718841600000,27.740000,29.753000,27.427000,27.941000,419004.91,11939340.90410000
1718928000000,27.940000,28.350000,27.090000,27.783000,278635.03,7752736.51225000
1719014400000,27.775000,28.194000,26.904000,27.861000,164932.47,4551058.85315000
1719100800000,27.870000,30.177000,27.211000,27.370000,877752.79,25350118.95587000
1719187200000,27.365000,29.478000,26.330000,28.476000,1194828.67,33540705.20753000
1719273600000,28.480000,29.204000,27.994000,28.740000,365022.53,10439139.18159000
1719360000000,28.740000,29.583000,27.601000,28.185000,306781.45,8766872.03120000
1719446400000,28.186000,29.297000,27.728000,28.854000,190587.81,5432858.38291000
1719532800000,28.853000,29.436000,27.316000,27.348000,352561.79,10055799.76903000
1719619200000,27.352000,28.286000,27.134000,27.727000,227370.17,6303455.18654000
1719705600000,27.732000,29.299000,27.278000,28.999000,198491.10,5596434.01942000
1719792000000,28.998000,29.773000,28.534000,28.714000,164181.65,4778660.00309000
1719878400000,28.715000,29.448000,28.314000,29.322000,159274.95,4584526.22661000
1719964800000,29.318000,29.503000,27.389000,27.809000,215168.96,6095927.02628000
1720051200000,27.813000,28.069000,25.170000,25.257000,371896.59,9899620.32563000
1720137600000,25.258000,25.296000,22.100000,24.340000,696433.87,16314239.19438000
1720224000000,24.343000,26.842000,24.175000,26.349000,209247.72,5323592.20973000
1720310400000,26.360000,26.451000,24.053000,24.151000,199205.43,5059800.90947000
1720396800000,24.147000,25.813000,23.013000,24.844000,437707.39,10679738.28413000
1720483200000,24.844000,26.369000,24.654000,25.981000,275325.15,7072068.00373000
1720569600000,25.981000,26.507000,25.539000,25.959000,190008.63,4950550.96964000
1720656000000,25.953000,26.562000,25.190000,25.325000,221102.35,5730603.37606000
1720742400000,25.328000,26.243000,24.931000,26.070000,217312.20,5568944.60179000
1720828800000,26.074000,26.316000,25.499000,26.034000,142316.83,3675558.26638000
1720915200000,26.038000,26.346000,24.786000,25.767000,325559.72,8340490.16882000
1721001600000,25.758000,28.182000,25.655000,27.927000,282155.41,7572978.78495000
1721088000000,27.927000,28.138000,26.175000,27.767000,320481.14,8763072.92135000
1721174400000,27.765000,28.522000,26.931000,27.267000,197010.88,5462095.12875000
1721260800000,27.281000,28.516000,27.146000,27.998000,216029.41,6005736.82535000
1721347200000,27.997000,29.120000,27.278000,29.077000,221088.81,6227591.72314000
1721433600000,29.071000,32.175000,28.621000,31.933000,1446127.83,45278121.55757000
1721520000000,31.928000,33.781000,31.543000,33.462000,1108935.12,36253256.18131000
1721606400000,33.464000,33.880000,32.468000,33.126000,337458.62,11194025.76792000
1721692800000,33.126000,33.721000,30.730000,31.424000,449043.75,14388540.76942000
1721779200000,31.421000,31.812000,29.236000,29.465000,345818.05,10682722.72712000
1721865600000,29.480000,29.759000,27.522000,28.580000,469962.57,13349082.55555000
1721952000000,28.579000,31.297000,28.532000,29.516000,484328.09,14521504.86419000
1722038400000,29.518000,29.822000,28.207000,28.705000,230236.58,6699107.22488000
1722124800000,28.704000,28.832000,27.751000,27.950000,149021.69,4215497.45815000
1722211200000,27.954000,29.026000,27.639000,27.786000,271928.65,7717301.45414000
1722297600000,27.787000,28.028000,26.601000,26.949000,174892.27,4805051.04633000
1722384000000,26.950000,28.673000,26.748000,26.810000,348630.49,9694983.73454000
1722470400000,26.810000,27.412000,25.502000,26.849000,340999.94,9052921.19528000
1722556800000,26.852000,27.025000,24.047000,24.288000,310436.77,7901832.30260000
1722643200000,24.288000,24.411000,23.066000,23.669000,371359.16,8811637.80438000
1722729600000,23.666000,24.126000,21.622000,21.939000,456696.39,10527850.88188000
1722816000000,21.937000,22.035000,17.200000,20.035000,1203168.11,23048513.29075000
1722902400000,20.036000,21.643000,20.000000,20.644000,381264.05,8021844.38258000
1722988800000,20.641000,21.632000,19.654000,19.923000,298489.80,6181645.67263000
1723075200000,19.930000,23.013000,19.751000,22.734000,367731.71,7952945.62324000
1723161600000,22.725000,22.985000,22.069000,22.774000,234659.07,5305307.25411000
1723248000000,22.778000,23.918000,22.599000,23.912000,162436.24,3766473.68470000
1723334400000,23.904000,25.845000,23.541000,23.819000,676632.32,16746301.22007000
1723420800000,23.819000,27.048000,23.527000,26.858000,638128.44,16285517.61070000
1723507200000,26.859000,29.842000,25.045000,28.578000,1537106.03,43368004.80410000
1723593600000,28.576000,29.396000,27.910000,28.623000,1484072.55,42567287.86896000
1723680000000,28.618000,28.750000,25.667000,25.828000,966970.71,26412346.94601000
1723766400000,25.819000,27.060000,24.328000,24.862000,537354.63,13671049.35226000
1723852800000,24.866000,25.190000,24.586000,24.862000,240449.14,5981910.59047000
1723939200000,24.863000,25.908000,24.501000,24.818000,267041.99,6713544.58337000
1724025600000,24.828000,25.515000,24.108000,25.510000,242364.56,5977575.53522000
1724112000000,25.508000,25.976000,24.416000,24.881000,191339.41,4836119.14580000
1724198400000,24.889000,25.764000,24.357000,25.585000,163948.11,4114830.88746000
1724284800000,25.590000,25.719000,24.926000,25.399000,169992.20,4311023.53617000
1724371200000,25.418000,27.876000,25.317000,27.560000,269641.24,7119440.42021000
1724457600000,27.559000,36.777000,26.826000,30.278000,3780581.45,123519362.05075000
1724544000000,30.278000,30.298000,28.180000,28.331000,938566.04,27110400.32341000
1724630400000,28.330000,30.158000,27.274000,28.138000,1608938.68,45667725.31087000
1724716800000,28.147000,29.246000,25.697000,26.566000,1019184.91,28482632.37135000
1724803200000,26.569000,28.594000,25.344000,25.784000,1337097.38,35749803.75373000
1724889600000,25.789000,26.833000,25.200000,25.693000,475155.03,12357934.32402000
1724976000000,25.692000,26.246000,24.222000,25.502000,344330.02,8754027.75587000
1725062400000,25.500000,26.052000,24.893000,25.260000,194161.00,4946539.27945000
1725148800000,25.260000,25.637000,24.336000,24.580000,308955.05,7746758.17160000
1725235200000,24.578000,26.212000,24.458000,26.037000,249120.01,6309231.29452000
1725321600000,26.035000,26.373000,24.931000,24.991000,303722.89,7809836.50532000
1725408000000,24.986000,25.832000,23.479000,25.396000,289785.33,7197768.20019000
1725494400000,25.398000,25.564000,23.884000,24.189000,191755.90,4729763.64088000
1725580800000,24.193000,24.661000,21.644000,22.259000,384361.56,8916355.24135000
1725667200000,22.252000,23.105000,22.019000,22.671000,237292.38,5370083.50845000
1725753600000,22.677000,23.366000,22.342000,22.982000,233305.05,5320678.63131000
1725840000000,22.994000,24.435000,22.785000,24.126000,283090.78,6644119.95756000
1725926400000,24.124000,24.517000,23.753000,24.316000,179242.20,4321402.80255000
1726012800000,24.320000,24.334000,22.882000,23.543000,199321.42,4701583.11743000
1726099200000,23.546000,24.322000,23.524000,24.302000,191944.36,4598591.78766000
1726185600000,24.299000,24.862000,23.621000,24.747000,217065.80,5245901.47647000
1726272000000,24.747000,24.781000,23.750000,24.075000,170328.37,4129076.31199000
1726358400000,24.078000,24.331000,22.492000,22.799000,166721.24,3924986.39277000
1726444800000,22.797000,23.095000,22.075000,22.357000,217908.77,4905869.43197000
1726531200000,22.353000,23.528000,22.078000,22.839000,166320.18,3813844.08772000
1726617600000,22.836000,23.846000,22.200000,23.819000,382747.12,8798484.63696000
1726704000000,23.823000,25.147000,23.822000,24.502000,394061.73,9677444.44777000
1726790400000,24.507000,25.875000,24.171000,25.153000,234852.33,5907777.42784000
1726876800000,25.155000,26.062000,24.706000,25.970000,176902.30,4484579.17851000
1726963200000,25.962000,26.052000,24.483000,25.126000,183904.22,4634621.68128000
1727049600000,25.134000,26.084000,24.615000,24.956000,263104.05,6647460.03717000
1727136000000,24.956000,25.911000,24.549000,25.672000,254909.93,6413351.03025000
1727222400000,25.680000,26.182000,24.880000,24.990000,243031.53,6235285.03355000
1727308800000,24.986000,26.412000,24.771000,26.092000,279931.63,7226720.70358000
1727395200000,26.085000,26.905000,25.793000,26.650000,291805.76,7707882.57986000
1727481600000,26.662000,26.984000,25.573000,26.299000,196023.64,5152360.15993000
1727568000000,26.298000,26.412000,25.392000,25.788000,163265.85,4223040.06525000
1727654400000,25.796000,25.851000,24.016000,24.275000,321958.52,8059523.47337000
1727740800000,24.270000,25.401000,21.624000,22.112000,490759.12,11472889.56425000
1727827200000,22.106000,22.687000,20.854000,21.339000,354480.89,7737361.45760000
1727913600000,21.336000,21.769000,20.201000,20.784000,315020.47,6599423.09839000
1728000000000,20.786000,21.781000,20.724000,21.642000,237656.46,5056781.25586000
1728086400000,21.642000,21.803000,20.789000,21.223000,129641.64,2763352.16103000
1728172800000,21.225000,21.784000,21.046000,21.775000,125462.33,2691818.97100000
1728259200000,21.781000,22.748000,21.653000,21.696000,272077.14,6053315.98631000
1728345600000,21.701000,22.037000,21.305000,21.417000,191208.13,4139075.13623000
1728432000000,21.424000,21.855000,20.506000,20.622000,223409.39,4760926.96330000
1728518400000,20.625000,21.211000,20.127000,20.477000,245607.74,5080214.60873000
1728604800000,20.477000,21.749000,20.377000,21.488000,247340.09,5229803.13364000
1728691200000,21.488000,21.885000,21.374000,21.455000,144167.03,3120659.52179000
1728777600000,21.456000,21.640000,20.971000,21.526000,211182.33,4500284.44916000
1728864000000,21.529000,23.403000,21.197000,23.134000,469457.82,10556722.55903000
1728950400000,23.142000,23.862000,22.301000,23.520000,518389.91,12058174.23105000
1729036800000,23.528000,23.621000,22.645000,23.147000,269423.76,6233784.64554000
1729123200000,23.154000,23.367000,22.325000,22.792000,294782.65,6724298.21949000
1729209600000,22.792000,23.734000,22.687000,23.469000,354510.99,8249395.31857000
1729296000000,23.469000,23.669000,22.949000,23.259000,203847.96,4755683.70407000
1729382400000,23.255000,24.832000,22.890000,24.633000,384928.16,9235364.40098000
1729468800000,24.633000,24.936000,22.914000,23.522000,278405.77,6651008.57185000
1729555200000,23.515000,23.730000,22.804000,23.249000,228981.49,5320310.03659000
1729641600000,23.257000,23.334000,21.267000,22.104000,321904.76,7144985.74287000
1729728000000,22.105000,22.909000,21.899000,22.780000,231102.74,5184896.13439000
1729814400000,22.790000,22.927000,20.083000,20.950000,376940.45,8220872.58423000
1729900800000,20.944000,21.440000,20.676000,21.100000,226744.63,4793772.39806000
1729987200000,21.101000,21.600000,20.873000,21.393000,132613.26,2812074.96429000
1730073600000,21.401000,23.664000,20.587000,23.544000,677735.50,14870611.86103000
1730160000000,23.532000,25.133000,23.199000,24.493000,1028550.26,24920617.74606000
1730246400000,24.499000,25.025000,24.006000,24.242000,320446.71,7833321.07533000
1730332800000,24.242000,24.401000,22.807000,23.059000,298269.41,7055821.48026000
1730419200000,23.059000,23.252000,20.571000,21.598000,425149.68,9428245.74735000
1730505600000,21.598000,21.907000,21.188000,21.377000,334166.48,7182326.07793000
1730592000000,21.380000,21.463000,20.120000,20.817000,326505.89,6754935.02150000
1730678400000,20.823000,21.131000,19.700000,20.017000,304270.76,6220606.51497000
1730764800000,20.017000,21.004000,19.874000,20.726000,270404.20,5537009.93957000
1730851200000,20.728000,23.749000,20.696000,23.464000,514558.83,11487640.88498000
1730937600000,23.465000,24.960000,23.282000,24.666000,349803.01,8440402.86028000
1731024000000,24.669000,25.278000,24.259000,24.816000,405434.49,10094263.23138000
1731110400000,24.818000,27.685000,24.674000,27.192000,593155.67,15740521.82822000
1731196800000,27.200000,29.226000,26.415000,27.750000,506318.55,14197095.18101000
1731283200000,27.749000,28.446000,26.722000,28.216000,495727.15,13766133.92864000
1731369600000,28.208000,29.019000,25.574000,26.708000,512017.96,13890284.79345000
1731456000000,26.706000,30.430000,24.735000,27.711000,1008287.26,28011442.37890000
1731542400000,27.713000,28.668000,26.465000,26.916000,482600.40,13295673.59567000
1731628800000,26.919000,27.747000,26.214000,27.453000,280218.28,7565795.06643000
1731715200000,27.454000,28.872000,27.242000,28.230000,385914.59,10784980.92930000
1731801600000,28.231000,28.462000,26.779000,27.191000,297829.71,8262572.09447000
1731888000000,27.196000,29.721000,26.741000,29.492000,447854.76,12645540.84316000
1731974400000,29.494000,29.643000,27.365000,28.121000,356313.90,10184926.24114000
1732060800000,28.135000,29.027000,26.980000,27.606000,330545.04,9279079.69780000
1732147200000,27.601000,32.741000,26.878000,29.985000,581890.99,16936819.68909000
1732233600000,29.985000,30.199000,27.946000,30.188000,319698.85,9316477.33800000
1732320000000,30.191000,32.403000,29.841000,31.401000,444048.76,13849629.53009000
1732406400000,31.418000,32.622000,29.220000,32.008000,496911.03,15433836.96736000
1732492800000,32.020000,35.390000,30.992000,31.880000,926251.65,30634667.97161000
1732579200000,31.874000,32.840000,29.646000,31.035000,493860.82,15316685.28459000
1732665600000,31.036000,33.359000,28.472000,30.087000,1411432.03,43191125.15693000
1732752000000,30.084000,30.817000,27.328000,29.160000,1348492.91,39263767.69042000
1732838400000,29.163000,30.471000,28.529000,30.265000,564949.11,16592684.67073000
1732924800000,30.265000,32.072000,30.059000,31.643000,491255.69,15319838.49150000
1733011200000,31.655000,32.114000,30.768000,31.491000,377298.13,11806329.71333000
1733097600000,31.489000,32.428000,29.413000,31.841000,999687.76,31015771.72812000
1733184000000,31.842000,34.839000,30.682000,34.244000,1036821.68,33889304.92639000
1733270400000,34.246000,39.888000,34.065000,37.289000,1151780.61,43115672.73487000
1733356800000,37.292000,38.800000,34.943000,35.930000,785500.45,29079877.91232000
1733443200000,35.930000,40.576000,35.692000,40.304000,939165.86,36214763.21116000
1733529600000,40.294000,44.140000,40.054000,41.598000,1049782.11,44302591.40515000
1733616000000,41.609000,46.461000,40.307000,44.220000,1041845.23,45530651.95314000
1733702400000,44.217000,44.570000,30.752000,36.508000,1325510.30,51866367.13656000
1733788800000,36.511000,37.606000,33.360000,36.538000,916293.83,32853640.52712000
1733875200000,36.547000,39.524000,35.413000,39.455000,585277.65,22018290.33409000
1733961600000,39.455000,43.885000,39.098000,41.529000,814511.78,34274248.56698000
1734048000000,41.522000,42.445000,39.675000,40.398000,485137.84,19794180.33661000
1734134400000,40.397000,41.176000,36.226000,37.154000,528391.27,20303925.10332000
1734220800000,37.153000,38.230000,36.280000,38.154000,391056.05,14575033.25498000
1734307200000,38.154000,39.408000,36.192000,37.212000,485633.36,18360123.11950000
1734393600000,37.212000,37.312000,34.369000,34.787000,451353.74,16283682.73164000
1734480000000,34.793000,35.056000,30.120000,31.059000,750128.75,24692198.12140000
1734566400000,31.061000,31.288000,27.008000,27.717000,945088.53,27630542.80983000
1734652800000,27.706000,29.898000,24.420000,29.704000,999535.73,27210779.27702000
1734739200000,29.705000,31.338000,27.518000,28.026000,489052.52,14304022.95014000
1734825600000,28.026000,28.618000,26.621000,27.354000,477947.29,13240481.95965000
1734912000000,27.354000,29.886000,26.678000,29.426000,434249.22,12154628.41291000
1734998400000,29.421000,30.472000,28.676000,30.041000,291795.57,8627956.64511000
1735084800000,30.040000,30.800000,29.291000,29.847000,233326.00,6998138.09537000
1735171200000,29.852000,30.158000,27.272000,27.904000,290562.81,8216667.94960000
1735257600000,27.906000,29.939000,27.707000,28.446000,428776.26,12309634.82476000
1735344000000,28.455000,29.064000,27.664000,28.642000,276568.85,7813589.21288000
1735430400000,28.650000,29.117000,27.553000,27.840000,169703.17,4815603.48889000
1735516800000,27.841000,28.788000,26.825000,27.460000,252979.01,7033775.74895000
1735603200000,27.460000,28.489000,26.901000,27.171000,197281.22,5440932.27476000
1735689600000,27.172000,27.533000,26.519000,27.393000,166583.22,4508270.89223000
1735776000000,27.393000,29.024000,27.322000,28.242000,218906.00,6187502.47924000
1735862400000,28.246000,30.007000,27.550000,29.950000,245599.28,7043215.12593000
1735948800000,29.944000,30.082000,29.105000,29.997000,237962.59,7047094.60733000
1736035200000,29.998000,30.093000,29.036000,29.627000,201849.55,5976445.77042000
1736121600000,29.629000,30.302000,28.629000,28.810000,325877.26,9640285.39558000
1736208000000,28.811000,28.980000,25.674000,25.798000,479424.10,13120160.05939000
1736294400000,25.803000,26.213000,23.726000,24.492000,658516.76,16424938.86562000
1736380800000,24.490000,25.104000,23.053000,23.661000,377624.68,9084407.00468000
1736467200000,23.667000,25.420000,23.463000,24.997000,378146.51,9302100.44824000
1736553600000,24.995000,25.226000,24.333000,24.712000,198178.86,4892022.43129000
1736640000000,24.709000,24.923000,24.010000,24.309000,199034.74,4900120.57612000
1736726400000,24.315000,24.996000,22.091000,23.754000,507809.25,11785927.06707000
1736812800000,23.754000,24.460000,23.278000,23.646000,319347.36,7581650.28676000
1736899200000,23.653000,25.212000,22.729000,25.064000,464252.46,11117105.10324000
1736985600000,25.061000,25.230000,23.639000,24.597000,578865.68,14055550.37178000
1737072000000,24.597000,26.856000,24.571000,26.558000,360926.88,9292604.91565000
1737158400000,26.553000,26.859000,23.745000,24.147000,498758.62,12247216.69784000
1737244800000,24.151000,24.991000,22.284000,23.282000,769936.86,18203942.18331000
1737331200000,23.279000,25.031000,21.787000,22.586000,669564.79,15552299.39137000
1737417600000,22.585000,23.851000,21.772000,23.462000,296525.33,6726815.69048000
1737504000000,23.458000,23.736000,22.380000,22.570000,172752.88,3996529.26930000
1737590400000,22.575000,22.923000,21.812000,22.649000,261999.21,5851987.09029000
1737676800000,22.646000,23.173000,21.814000,22.071000,247515.99,5596118.40713000
1737763200000,22.069000,22.506000,21.684000,22.185000,136535.65,3024931.05455000
1737849600000,22.189000,23.138000,21.916000,21.951000,466386.25,10445783.61351000
1737936000000,21.943000,22.063000,19.547000,21.174000,488976.80,10213098.30797000
1738022400000,21.180000,21.541000,19.552000,19.733000,254032.72,5242359.25295000
1738108800000,19.730000,21.180000,19.616000,20.422000,202200.80,4130561.21812000
1738195200000,20.423000,21.746000,20.223000,21.323000,153771.12,3256304.80156000
1738281600000,21.320000,22.396000,20.845000,20.973000,253032.39,5438683.67994000
1738368000000,20.975000,21.695000,18.305000,18.618000,374307.27,7472987.94192000
1738454400000,18.620000,19.195000,16.749000,18.166000,1118268.09,19917998.82538000
1738540800000,18.167000,19.094000,13.809000,18.782000,1684474.63,27945891.36889000
1738627200000,18.781000,18.848000,16.258000,16.635000,1492337.28,26142551.94634000
1738713600000,16.634000,17.265000,16.208000,17.060000,567155.00,9511578.40891000
1738800000000,17.058000,17.493000,16.394000,16.504000,635038.56,10791818.56026000
1738886400000,16.508000,17.717000,16.177000,16.642000,478373.04,8134376.54909000
1738972800000,16.642000,20.769000,16.572000,20.047000,1723448.54,33010421.49330000
1739059200000,20.049000,25.745000,19.822000,23.030000,3867593.28,88957761.34485000
1739145600000,23.031000,24.760000,22.472000,24.229000,1902979.30,45037414.33714000
1739232000000,24.227000,26.082000,22.752000,23.150000,1122422.24,27402702.01753000
1739318400000,23.150000,24.368000,18.439000,19.954000,2388608.23,51528568.30512000
1739404800000,19.951000,20.487000,19.244000,19.565000,1489750.08,29487585.86568000
1739491200000,19.567000,21.188000,19.507000,20.450000,771218.68,15534544.44375000
1739577600000,20.451000,20.544000,19.677000,20.163000,453270.42,9077777.81020000
1739664000000,20.162000,20.834000,19.863000,20.487000,417280.05,8466306.47083000
1739750400000,20.486000,21.356000,19.578000,19.925000,453542.41,9274236.80633000
1739836800000,19.925000,20.081000,18.897000,19.667000,380960.71,7398950.35089000
1739923200000,19.664000,19.898000,19.412000,19.668000,212606.15,4177947.46293000
1740009600000,19.673000,19.980000,19.050000,19.562000,425864.50,8317801.34850000
1740096000000,19.562000,20.663000,19.030000,19.347000,460348.31,9107784.15030000
1740182400000,19.347000,19.856000,19.143000,19.812000,212098.25,4140665.46637000
1740268800000,19.812000,20.217000,19.404000,19.733000,171042.24,3374795.15035000
1740355200000,19.736000,20.069000,17.931000,18.282000,351589.75,6673000.76522000
1740441600000,18.281000,18.530000,16.714000,18.163000,660014.89,11612575.86725000
1740528000000,18.168000,18.730000,17.501000,18.266000,407241.23,7419987.61123000
1740614400000,18.265000,18.722000,17.784000,18.264000,204003.95,3745573.41743000
1740700800000,18.263000,18.287000,16.626000,18.250000,470174.25,8155349.50630000
1740787200000,18.255000,18.415000,16.892000,17.422000,305282.62,5366481.50136000
1740873600000,17.423000,19.452000,17.276000,19.239000,393077.78,7183687.91742000
1740960000000,19.241000,19.302000,15.544000,15.894000,598403.78,10284030.84586000
1741046400000,15.891000,16.355000,14.522000,15.984000,646298.45,9832053.68779000
1741132800000,15.980000,16.479000,15.605000,16.238000,272213.15,4353788.34204000
1741219200000,16.240000,16.573000,15.644000,15.916000,269949.32,4368239.60798000
1741305600000,15.914000,16.153000,15.108000,15.405000,362738.87,5689734.83069000
1741392000000,15.403000,15.577000,15.029000,15.366000,138768.98,2123237.72516000
1741478400000,15.369000,15.470000,13.692000,13.926000,299224.20,4286338.73911000
1741564800000,13.932000,14.882000,12.377000,13.541000,519278.70,7098713.55001000
1741651200000,13.539000,14.245000,12.679000,13.974000,483888.66,6580321.38453000
1741737600000,13.979000,14.283000,13.371000,14.212000,372424.76,5176813.16726000
1741824000000,14.215000,14.935000,13.474000,13.992000,999304.20,14275053.28544000
1741910400000,13.996000,15.658000,13.960000,15.382000,705584.09,10508748.38611000
1741996800000,15.381000,17.724000,15.103000,16.742000,2489209.66,41471628.62779000
1742083200000,16.744000,16.811000,14.369000,14.458000,1188064.63,18406963.55387000
1742169600000,14.460000,14.968000,14.402000,14.800000,748704.70,11007110.95703000
1742256000000,14.800000,14.801000,14.006000,14.469000,413036.49,5955249.42900000
1742342400000,14.466000,14.982000,14.352000,14.872000,475012.33,6977560.03799000
1742428800000,14.871000,15.007000,14.092000,14.294000,349543.89,5084946.61242000
1742515200000,14.291000,14.555000,14.077000,14.341000,360109.54,5157006.88812000
1742601600000,14.341000,14.653000,14.252000,14.479000,559458.23,8096734.25789000
1742688000000,14.478000,14.727000,14.286000,14.476000,188912.07,2743452.92651000
1742774400000,14.479000,15.089000,14.358000,14.771000,303796.94,4485631.07524000
1742860800000,14.768000,14.923000,13.143000,14.146000,2252867.75,31655951.88143000
1742947200000,14.152000,14.675000,13.889000,14.102000,639552.16,9090987.21355000
1743033600000,14.104000,14.590000,14.002000,14.124000,275155.22,3935538.15500000
1743120000000,14.126000,14.167000,13.029000,13.329000,350948.21,4715020.46375000
1743206400000,13.329000,13.465000,12.072000,12.277000,352396.98,4490478.85924000
1743292800000,12.277000,12.411000,11.790000,12.090000,313586.34,3822016.50306000
1743379200000,12.091000,12.213000,11.561000,11.982000,309513.73,3700711.66908000
1743465600000,11.982000,12.533000,11.916000,12.067000,231712.38,2823828.72335000
1743552000000,12.068000,12.089000,10.943000,10.992000,410382.89,4761710.13017000
1743638400000,10.991000,11.471000,10.507000,11.103000,277218.46,3032439.32098000
1743724800000,11.103000,11.542000,10.835000,11.288000,304913.25,3410035.84916000
1743811200000,11.287000,11.492000,10.964000,11.149000,227434.35,2543041.66542000
1743897600000,11.149000,11.182000,9.569000,10.341000,665361.83,6870591.82259000
1743984000000,10.343000,12.145000,9.940000,11.950000,3932151.42,44348848.98516000
1744070400000,11.948000,12.916000,11.896000,12.593000,3079676.91,38365474.32904000
1744156800000,12.592000,14.477000,11.411000,13.703000,2352650.49,29457432.61547000
1744243200000,13.706000,14.030000,13.234000,13.858000,713270.54,9716906.89045000
1744329600000,13.861000,14.393000,13.653000,14.210000,540013.59,7560067.42884000
1744416000000,14.210000,15.376000,13.921000,14.647000,615032.49,9044089.29694000
1744502400000,14.649000,14.873000,14.311000,14.592000,431632.34,6306255.14975000
1744588800000,14.594000,15.441000,14.527000,15.386000,610609.60,9164199.62027000
1744675200000,15.385000,16.066000,15.110000,15.472000,1546035.93,24079838.84689000
1744761600000,15.476000,16.126000,14.991000,15.900000,980804.96,15363765.06930000
1744848000000,15.899000,16.837000,14.126000,15.111000,1538712.94,23960498.07658000
1744934400000,15.111000,16.109000,15.038000,15.437000,529673.45,8206460.09311000
1745020800000,15.441000,15.656000,15.300000,15.423000,181220.56,2802982.18739000
1745107200000,15.427000,15.509000,14.405000,14.525000,273695.10,4092180.11769000
1745193600000,14.525000,15.055000,13.605000,13.689000,510445.81,7329824.45717000
1745280000000,13.688000,14.647000,13.346000,14.583000,548753.95,7632666.22101000
1745366400000,14.590000,15.294000,14.523000,15.033000,368464.85,5510786.70786000
1745452800000,15.034000,15.312000,14.570000,15.252000,285833.32,4271095.17032000
1745539200000,15.254000,15.654000,14.990000,15.440000,246358.04,3797705.73776000
1745625600000,15.455000,16.044000,15.455000,15.901000,173879.12,2746085.29287000
1745712000000,15.904000,16.025000,15.147000,15.607000,244609.04,3787792.18367000
1745798400000,15.606000,15.975000,14.910000,15.574000,368648.83,5689880.42198000
1745884800000,15.579000,15.895000,14.889000,15.020000,248922.15,3860845.43224000
1745971200000,15.020000,15.155000,13.825000,14.297000,442342.65,6389691.43336000
1746057600000,14.297000,14.523000,14.023000,14.072000,302341.49,4325388.35283000
1746144000000,14.070000,14.245000,13.778000,14.187000,231202.80,3244736.48936000
1746230400000,14.188000,14.267000,13.379000,13.436000,197252.89,2704391.90415000
1746316800000,13.436000,13.635000,13.175000,13.379000,150465.22,2010800.32917000
1746403200000,13.382000,13.523000,12.814000,13.002000,149874.96,1972882.19972000
1746489600000,13.002000,13.196000,12.501000,13.176000,240394.26,3091689.74989000
1746576000000,13.180000,13.414000,12.749000,13.110000,205493.81,2702428.44179000
1746662400000,13.113000,15.117000,13.075000,15.079000,279445.78,3935826.40747000
1746748800000,15.078000,16.174000,14.862000,15.296000,466837.16,7168465.88406000
1746835200000,15.294000,16.906000,15.145000,16.758000,327135.08,5165919.62539000
1746921600000,16.756000,17.034000,15.780000,16.098000,359755.72,5911366.02615000
1747008000000,16.100000,16.870000,15.186000,15.964000,465165.78,7502938.17123000
1747094400000,15.969000,16.803000,15.112000,16.546000,343592.91,5476505.75949000
1747180800000,16.547000,17.749000,16.296000,16.679000,865412.12,14604719.59123000
1747267200000,16.677000,16.811000,14.867000,15.305000,401427.75,6262606.26161000
1747353600000,15.304000,15.628000,14.726000,14.890000,232021.50,3549418.43952000
1747440000000,14.893000,14.912000,14.286000,14.516000,197274.74,2867090.92637000
1747526400000,14.518000,15.594000,14.359000,15.293000,270173.02,4030495.53326000
1747612800000,15.298000,15.389000,14.121000,14.950000,223762.13,3259724.84504000
1747699200000,14.956000,15.590000,14.802000,15.292000,225041.28,3411799.03961000
1747785600000,15.296000,15.884000,14.919000,15.463000,272452.09,4177436.59729000
1747872000000,15.467000,16.441000,15.451000,16.356000,292689.58,4713752.24927000
1747958400000,16.364000,16.734000,15.050000,15.165000,448153.47,7180028.97206000
1748044800000,15.162000,15.536000,15.057000,15.205000,113619.79,1740820.63134000
1748131200000,15.210000,15.355000,14.589000,15.334000,160143.54,2395114.23042000
1748217600000,15.340000,15.547000,15.073000,15.282000,134246.17,2058613.35917000
1748304000000,15.282000,16.726000,15.066000,16.366000,555374.15,9017175.41399000
1748390400000,16.373000,16.454000,15.695000,16.186000,172990.37,2782560.16674000
1748476800000,16.178000,16.695000,15.691000,15.900000,257740.20,4173090.02095000
1748563200000,15.901000,16.015000,14.285000,14.410000,330868.56,5003474.63022000
1748649600000,14.407000,14.837000,13.883000,14.677000,232295.47,3338209.48653000
1748736000000,14.676000,15.009000,14.283000,14.925000,145801.03,2131488.76522000
1748822400000,14.925000,15.879000,14.555000,15.805000,444335.28,6781444.60308000
1748908800000,15.810000,16.386000,15.738000,15.991000,301200.61,4834277.25631000
1748995200000,15.991000,16.300000,15.770000,15.925000,215382.34,3449647.31982000
1749081600000,15.935000,16.131000,14.519000,15.021000,351703.28,5408272.77230000
1749168000000,15.026000,15.408000,14.800000,15.071000,138153.95,2085293.57445000
1749254400000,15.071000,16.333000,15.033000,16.069000,781102.45,12564335.42598000
1749340800000,16.070000,16.205000,15.593000,15.792000,398131.23,6331202.31628000
1749427200000,15.794000,17.263000,15.508000,17.157000,598430.14,9845533.78862000
1749513600000,17.161000,18.132000,16.802000,17.999000,729389.35,12728172.38794000
1749600000000,17.998000,18.185000,16.615000,16.752000,354320.45,6203515.72757000
1749686400000,16.756000,16.768000,15.362000,15.566000,306980.29,4919895.27449000
1749772800000,15.559000,15.560000,14.466000,15.198000,274619.95,4107051.41883000
1749859200000,15.193000,15.200000,14.555000,15.117000,191163.80,2837930.75020000
1749945600000,15.117000,15.339000,14.883000,15.146000,191431.65,2891295.89044000
1750032000000,15.147000,16.243000,15.066000,15.507000,229248.20,3631970.40296000
1750118400000,15.508000,16.039000,14.656000,14.864000,219871.00,3361143.89492000
1750204800000,14.865000,15.022000,14.229000,14.672000,189305.88,2773348.55933000
1750291200000,14.670000,14.906000,14.416000,14.545000,110381.64,1620227.70956000
1750377600000,14.547000,14.932000,13.798000,14.067000,145306.87,2089963.38187000
1750464000000,14.069000,14.276000,12.947000,13.286000,188186.48,2558015.63370000
1750550400000,13.286000,13.445000,12.224000,12.886000,316031.19,4050053.88622000
1750636800000,12.885000,14.212000,12.793000,14.025000,246353.50,3294613.04676000
1750723200000,14.027000,14.514000,13.971000,14.353000,155969.56,2216653.10673000
1750809600000,14.353000,14.414000,13.708000,13.853000,146537.41,2053692.63806000
1750896000000,13.854000,14.342000,13.569000,13.643000,177961.98,2472692.57688000
1750982400000,13.643000,13.836000,13.308000,13.675000,124131.16,1686826.55886000
1751068800000,13.676000,14.056000,13.600000,13.973000,83818.41,1155665.30842000
1751155200000,13.976000,14.325000,13.528000,14.270000,173645.10,2407949.95677000
1751241600000,14.270000,14.627000,13.711000,13.915000,284083.37,3987825.89292000
1751328000000,13.910000,13.939000,12.977000,13.167000,240343.40,3212108.78064000
1751414400000,13.169000,14.769000,13.100000,14.529000,277856.77,3903551.16188000
1751500800000,14.529000,15.006000,14.406000,14.905000,238500.20,3505489.81849000
1751587200000,14.910000,15.032000,13.677000,13.817000,334128.80,4779498.32321000
1751673600000,13.817000,14.068000,13.528000,13.846000,133481.75,1841647.53252000
1751760000000,13.848000,14.270000,13.586000,13.875000,130228.08,1810581.58919000
1751846400000,13.876000,14.172000,13.673000,13.833000,114278.58,1589249.75112000
1751932800000,13.838000,14.275000,13.730000,14.108000,147496.12,2063039.85486000
1752019200000,14.111000,14.856000,10.172000,12.058000,12289729.02,143104951.27686000
1752105600000,12.057000,12.687000,11.175000,11.689000,4566330.49,53024957.34624000
1752192000000,11.687000,13.869000,11.610000,12.968000,4886038.01,63379963.57242000
1752278400000,12.969000,13.146000,12.397000,12.763000,851871.59,10894792.95446000
1752364800000,12.764000,13.300000,12.613000,12.810000,536481.37,6970121.21686000
1752451200000,12.810000,13.245000,12.365000,12.542000,619642.53,7955911.72838000
1752537600000,12.541000,13.076000,11.909000,13.040000,632791.86,7839061.49790000
1752624000000,13.041000,13.556000,12.794000,13.242000,513076.81,6761775.06460000
1752710400000,13.241000,13.583000,13.007000,13.516000,525320.48,7007812.70905000
1752796800000,13.516000,14.220000,13.177000,13.623000,513513.84,7076958.13289000
1752883200000,13.627000,13.973000,13.309000,13.844000,224006.37,3060951.16504000
1752969600000,13.844000,14.151000,13.464000,13.781000,412967.18,5714872.97828000
1753056000000,13.785000,14.158000,13.659000,13.989000,459296.33,6392834.66691000
1753142400000,13.987000,14.075000,13.248000,13.946000,521477.23,7132010.03048000
1753228800000,13.950000,14.024000,12.544000,13.112000,512089.65,6837603.95675000
1753315200000,13.114000,13.364000,12.289000,12.933000,483240.97,6247653.22637000
1753401600000,12.937000,13.276000,12.600000,13.257000,244098.59,3151334.79126000
1753488000000,13.258000,13.671000,13.136000,13.262000,201736.33,2688839.54591000
1753574400000,13.264000,13.914000,13.264000,13.874000,214094.49,2907453.62324000
1753660800000,13.869000,14.121000,13.072000,13.192000,250824.03,3424544.15127000
1753747200000,13.187000,13.533000,12.725000,13.070000,250918.57,3279046.42165000
1753833600000,13.070000,13.654000,12.343000,12.888000,508372.83,6582286.15263000
1753920000000,12.888000,13.462000,12.467000,12.561000,364545.90,4760521.11811000
1754006400000,12.557000,12.559000,11.849000,12.091000,385004.73,4732903.86399000
1754092800000,12.091000,12.279000,11.827000,12.155000,304942.12,3680006.14695000
1754179200000,12.157000,12.629000,11.942000,12.511000,194736.29,2411173.59290000
1754265600000,12.511000,13.852000,12.499000,13.724000,398944.44,5293866.84852000
1754352000000,13.725000,13.939000,12.993000,13.280000,519774.23,7022026.73503000
1754438400000,13.280000,13.995000,12.956000,13.817000,398129.79,5411315.34066000
1754524800000,13.818000,14.512000,13.577000,14.472000,309347.42,4363254.67742000
1754611200000,14.478000,14.771000,14.251000,14.423000,444215.00,6434759.03870000
1754697600000,14.423000,30.938000,14.423000,19.645000,10569585.78,200316434.30068000
1754784000000,19.645000,23.585000,17.375000,18.078000,12712311.67,253337979.33803000
1754870400000,18.078000,18.499000,16.251000,16.880000,2824128.65,48801117.17128000
1754956800000,16.879000,17.293000,16.459000,17.011000,1250077.31,21093268.76203000
1755043200000,17.011000,17.941000,16.857000,17.360000,1518812.96,26366366.04031000
1755129600000,17.360000,17.685000,14.891000,15.387000,1291683.91,20968204.71238000
1755216000000,15.387000,15.941000,14.680000,15.208000,639378.59,9813416.45164000
1755302400000,15.206000,15.453000,14.954000,15.339000,347087.67,5291019.23865000
1755388800000,15.337000,16.969000,15.236000,15.753000,814980.24,13050371.67139000
1755475200000,15.751000,15.807000,14.852000,15.074000,635476.58,9682522.95269000
1755561600000,15.076000,15.504000,14.300000,14.489000,665719.41,9944598.57502000
1755648000000,14.493000,15.483000,14.405000,15.364000,443953.62,6671413.03376000
1755734400000,15.361000,15.373000,14.747000,14.990000,348184.96,5235348.16457000
1755820800000,14.995000,16.004000,14.308000,15.848000,520401.22,7954408.94293000
1755907200000,15.843000,16.229000,15.366000,15.657000,541053.89,8479876.61634000
1755993600000,15.656000,15.837000,14.984000,15.355000,421742.09,6484290.67237000
1756080000000,15.349000,15.500000,14.345000,14.564000,489353.78,7370098.92754000
1756166400000,14.568000,15.267000,14.455000,15.138000,322039.10,4812167.26679000
1756252800000,15.143000,15.629000,14.969000,15.232000,322717.47,4930883.39003000
1756339200000,15.233000,15.655000,15.119000,15.518000,221599.21,3423811.01421000
1756425600000,15.520000,15.578000,14.356000,14.657000,464957.05,6862345.28143000
1756512000000,14.657000,14.978000,14.297000,14.851000,218524.56,3221311.03608000
1756598400000,14.851000,15.236000,14.588000,14.605000,143508.10,2147623.89817000
1756684800000,14.605000,14.957000,13.887000,14.191000,401640.54,5817713.07128000
1756771200000,14.195000,14.862000,14.175000,14.744000,241365.93,3519611.72264000
1756857600000,14.744000,14.903000,14.463000,14.745000,169772.63,2494846.60988000
1756944000000,14.746000,14.891000,13.810000,14.068000,285105.69,4048304.52891000
1757030400000,14.067000,14.503000,13.894000,14.135000,257095.21,3658910.25495000
1757116800000,14.134000,14.249000,13.953000,14.088000,151223.86,2131084.31999000
1757203200000,14.088000,14.409000,14.075000,14.304000,142231.75,2024831.80698000
1757289600000,14.305000,14.673000,14.081000,14.322000,278020.25,3982898.78009000
1757376000000,14.327000,14.923000,14.194000,14.468000,279037.90,4073007.77660000
1757462400000,14.468000,15.089000,14.380000,14.812000,212971.73,3148843.78227000
1757548800000,14.812000,15.123000,14.651000,14.972000,321831.21,4779202.93024000
1757635200000,14.980000,15.374000,14.830000,15.368000,206291.42,3105819.48732000
1757721600000,15.369000,15.680000,15.186000,15.535000,233382.16,3614800.24387000
1757808000000,15.531000,15.573000,14.964000,15.125000,170387.36,2605559.39645000
1757894400000,15.125000,15.595000,14.706000,14.940000,277882.04,4185034.09720000
1757980800000,14.940000,15.396000,14.734000,15.227000,174787.81,2635174.68182000
1758067200000,15.228000,15.615000,14.917000,15.561000,242690.58,3694769.12244000
1758153600000,15.569000,16.728000,15.515000,15.934000,754584.19,12209730.90133000
1758240000000,15.935000,16.100000,14.972000,15.271000,403895.58,6223847.42010000
1758326400000,15.270000,16.355000,15.183000,15.958000,610277.33,9639998.79265000
1758412800000,15.958000,17.336000,15.379000,15.598000,1389607.64,22707616.01187000
1758499200000,15.597000,15.662000,13.123000,14.796000,804424.96,11695058.88662000
1758585600000,14.797000,17.148000,14.141000,16.910000,1962671.73,31842446.49832000
1758672000000,16.910000,18.383000,16.484000,17.881000,3075449.96,53585771.72886000
1758758400000,17.880000,17.899000,15.879000,16.127000,1084258.76,18184584.00011000
1758844800000,16.122000,16.806000,15.903000,16.376000,661814.19,10777624.37555000
1758931200000,16.375000,18.082000,16.155000,17.044000,1074598.82,18579747.03483000
1759017600000,17.045000,17.083000,15.767000,16.306000,500995.52,8121136.95080000
1759104000000,16.306000,16.866000,15.840000,16.373000,475081.93,7773255.29208000
1759190400000,16.371000,16.514000,14.962000,15.132000,427853.93,6662007.72457000
1759276800000,15.134000,15.923000,14.809000,15.763000,459351.84,7090842.15469000
1759363200000,15.765000,16.261000,15.331000,15.684000,512884.94,8122387.77257000
1759449600000,15.686000,15.762000,15.079000,15.329000,455176.73,6999977.69146000
1759536000000,15.333000,15.656000,15.082000,15.468000,332259.59,5123120.37560000
1759622400000,15.469000,15.715000,14.491000,14.747000,384056.77,5817861.99496000
1759708800000,14.750000,15.077000,14.418000,15.017000,448897.60,6612054.83652000
1759795200000,15.012000,15.238000,14.118000,14.328000,599169.44,8733767.42029000
1759881600000,14.330000,14.684000,14.179000,14.532000,400007.46,5769364.96778000
1759968000000,14.532000,14.565000,13.490000,13.739000,513524.48,7116633.03276000
1760054400000,13.737000,14.214000,2.979000,9.685000,2140115.07,21948333.86666000
1760140800000,9.685000,10.790000,9.123000,10.411000,1490460.99,15058581.57177000
1760227200000,10.410000,11.787000,10.188000,11.501000,775137.78,8418665.71345000
1760313600000,11.499000,12.051000,11.294000,11.864000,643763.09,7524082.86096000
1760400000000,11.868000,11.941000,10.579000,11.337000,516754.49,5762979.59193000
1760486400000,11.333000,11.508000,10.692000,10.843000,332866.97,3721481.56276000
1760572800000,10.838000,11.039000,10.250000,10.362000,320532.08,3413166.84243000
1760659200000,10.364000,10.536000,9.541000,10.284000,612947.85,6129099.18834000
1760745600000,10.284000,10.507000,10.170000,10.276000,349153.10,3603013.26498000
1760832000000,10.274000,10.720000,10.089000,10.503000,346561.06,3611584.64569000
1760918400000,10.503000,10.752000,10.321000,10.461000,278767.36,2939514.70748000
1761004800000,10.455000,10.864000,10.098000,10.135000,348172.22,3635935.58037000
1761091200000,10.134000,10.328000,9.632000,10.110000,357735.79,3601539.71953000
1761177600000,10.113000,10.572000,10.110000,10.410000,313801.29,3247764.57572000
1761264000000,10.417000,10.832000,10.316000,10.704000,250281.37,2647339.53701000
1761350400000,10.702000,10.706000,10.322000,10.387000,261541.36,2733701.34231000
1761436800000,10.385000,10.667000,10.255000,10.595000,273270.59,2864356.71644000
1761523200000,10.594000,10.806000,10.296000,10.332000,289498.03,3067861.93533000
1761609600000,10.328000,10.574000,9.960000,10.167000,327865.39,3395903.90914000
1761696000000,10.170000,10.309000,9.833000,10.021000,347543.86,3512106.71951000
1761782400000,10.020000,11.848000,9.328000,9.641000,1662056.37,16620488.65479000
1761868800000,9.641000,9.941000,9.521000,9.660000,432456.34,4232394.76457000
1761955200000,9.661000,9.907000,9.595000,9.818000,225014.86,2196280.01079000
1762041600000,9.817000,9.881000,9.557000,9.770000,279705.10,2728905.78188000
1762128000000,9.772000,9.812000,8.281000,8.852000,671404.95,6089189.40218000
1762214400000,8.856000,9.039000,7.848000,8.479000,711050.57,6030671.24874000
1762300800000,8.480000,9.167000,8.109000,8.948000,604208.07,5333821.39368000
1762387200000,8.947000,9.105000,8.702000,8.970000,360892.39,3221595.99199000
1762473600000,8.969000,9.945000,8.720000,9.662000,437065.74,4058378.78217000
1762560000000,9.661000,9.812000,9.224000,9.614000,247091.05,2353148.19277000
1762646400000,9.614000,10.362000,9.192000,10.202000,287770.92,2790666.71349000
1762732800000,10.202000,10.554000,9.776000,10.217000,316300.10,3221823.18827000
1762819200000,10.217000,10.491000,9.554000,9.578000,284502.61,2854919.15478000
1762905600000,9.579000,10.055000,9.377000,9.559000,180031.76,1746196.62889000
1762992000000,9.558000,9.852000,8.924000,9.171000,208690.37,1978420.96325000
1763078400000,9.167000,9.254000,8.477000,8.590000,339955.63,3014475.20133000
1763164800000,8.591000,8.882000,8.578000,8.690000,180748.80,1579989.66014000
1763251200000,8.694000,8.810000,8.194000,8.422000,182702.48,1558422.54568000
1763337600000,8.422000,8.672000,8.188000,8.411000,259758.36,2192696.40110000
1763424000000,8.414000,9.020000,8.300000,8.853000,503521.25,4349365.91518000
1763510400000,8.854000,9.100000,8.172000,8.652000,405883.73,3534933.76677000
1763596800000,8.654000,8.860000,8.174000,8.261000,483962.14,4120498.35601000
1763683200000,8.262000,8.466000,7.398000,7.958000,477936.39,3814098.15065000
1763769600000,7.958000,8.278000,7.782000,8.158000,228762.65,1827827.82694000
1763856000000,8.158000,8.618000,8.123000,8.437000,190951.42,1597093.52015000
1763942400000,8.437000,8.908000,8.340000,8.799000,282260.63,2420708.89738000
1764028800000,8.796000,8.984000,8.572000,8.889000,222608.27,1948732.19940000
1764115200000,8.890000,9.134000,8.647000,9.086000,201782.11,1791705.09829000
1764201600000,9.087000,9.234000,9.059000,9.118000,150633.60,1375930.40054000
1764288000000,9.118000,9.222000,8.873000,9.035000,127108.16,1151071.69650000
1764374400000,9.036000,9.090000,8.804000,8.820000,90921.20,813479.06409000
1764460800000,8.818000,8.858000,8.503000,8.513000,118895.96,1037661.00388000
1764547200000,8.514000,8.544000,7.998000,8.184000,263714.02,2152051.11764000
1764633600000,8.185000,8.772000,8.035000,8.617000,191133.61,1601099.24550000
1764720000000,8.620000,9.194000,8.575000,9.109000,153303.99,1359881.65160000
1764806400000,9.112000,9.221000,8.600000,8.677000,140718.90,1255429.94371000
1764892800000,8.678000,8.814000,8.379000,8.492000,181181.76,1561912.82864000
1764979200000,8.495000,8.704000,8.450000,8.620000,126517.64,1088799.35794000
1765065600000,8.623000,9.014000,8.481000,8.743000,212948.97,1867315.24375000
1765152000000,8.738000,9.137000,8.681000,8.739000,325908.48,2904583.93146000
1765238400000,8.739000,9.346000,8.541000,9.112000,260209.22,2300933.26321000
1765324800000,9.111000,9.341000,8.867000,8.884000,308416.02,2786505.36289000
1765411200000,8.892000,8.912000,8.376000,8.650000,318574.99,2738110.43388000
1765497600000,8.651000,8.713000,8.277000,8.448000,237656.82,2024620.11890000
1765584000000,8.448000,8.645000,8.414000,8.545000,136897.80,1166968.86537000
1765670400000,8.542000,8.681000,8.222000,8.316000,188118.01,1594535.07960000
1765756800000,8.320000,8.664000,8.069000,8.159000,266813.94,2240724.96331000
1765843200000,8.165000,8.240000,7.942000,8.096000,130696.41,1059305.03318000
1765929600000,8.095000,8.263000,7.716000,7.766000,134075.84,1071144.12744000
1766016000000,7.766000,8.156000,7.561000,7.762000,201297.29,1575172.34246000
1766102400000,7.762000,8.177000,7.692000,8.093000,271740.15,2150900.08092000
1766188800000,8.087000,8.157000,7.996000,8.114000,101509.40,820155.19179000
1766275200000,8.114000,8.200000,7.923000,8.102000,119785.37,967157.94756000
1766361600000,8.107000,8.460000,8.028000,8.241000,160870.60,1331169.41695000
1766448000000,8.243000,8.355000,8.014000,8.202000,133052.72,1087098.51441000
1766534400000,8.199000,8.298000,8.017000,8.261000,99490.92,810660.58809000
1766620800000,8.261000,8.776000,8.185000,8.437000,213881.01,1818426.17905000
1766707200000,8.436000,8.831000,8.435000,8.564000,200567.35,1730881.02813000
1766793600000,8.564000,8.688000,8.511000,8.650000,91905.32,791498.88625000
1766880000000,8.649000,8.668000,8.168000,8.273000,134285.65,1127718.91561000
1766966400000,8.275000,8.500000,8.020000,8.130000,202754.67,1664820.05335000
1767052800000,8.128000,8.284000,7.907000,8.001000,191467.49,1544863.43667000
1767139200000,8.001000,8.132000,7.636000,7.706000,198288.49,1571629.90396000
1767225600000,7.709000,7.948000,7.603000,7.916000,230698.06,1782155.99273000
1767312000000,7.917000,8.046000,7.769000,8.033000,178876.28,1409047.82458000
1767398400000,8.033000,8.115000,7.832000,8.022000,118278.51,945567.28673000
1767484800000,8.020000,8.255000,7.975000,8.129000,148496.17,1203823.99304000
1767571200000,8.127000,8.463000,7.982000,8.322000,240328.07,1968826.64722000
1767657600000,8.324000,8.663000,8.228000,8.629000,219891.41,1855744.90772000
1767744000000,8.623000,8.873000,8.404000,8.520000,310476.89,2676195.42264000
1767830400000,8.522000,8.905000,8.255000,8.405000,426584.04,3660239.63823000
1767916800000,8.406000,8.472000,8.061000,8.180000,228043.20,1886342.83711000
1768003200000,8.180000,8.299000,7.926000,7.991000,185009.95,1497037.52596000
1768089600000,7.991000,8.072000,7.811000,7.938000,152718.85,1215946.36376000
1768176000000,7.939000,8.322000,7.764000,7.835000,382621.04,3077353.02423000
1768262400000,7.833000,8.638000,7.798000,8.465000,434595.16,3528025.82923000
1768348800000,8.463000,8.589000,8.127000,8.181000,275825.44,2308128.67156000
1768435200000,8.178000,8.199000,7.745000,7.862000,278784.71,2220334.00824000
1768521600000,7.863000,8.071000,7.827000,7.989000,168857.52,1345183.58155000
1768608000000,7.990000,8.108000,7.940000,7.976000,156623.74,1256927.51882000
1768694400000,7.973000,8.063000,7.680000,7.685000,130701.84,1039665.71516000
1768780800000,7.685000,7.690000,6.793000,7.308000,330710.44,2414772.80876000
1768867200000,7.310000,7.340000,7.006000,7.111000,230124.25,1644194.35690000
1768953600000,7.109000,7.518000,7.069000,7.337000,239800.17,1742524.51508000
1769040000000,7.337000,7.445000,7.123000,7.203000,114477.23,835812.42052000
1769126400000,7.206000,7.451000,7.191000,7.361000,166634.93,1218103.47026000
1769212800000,7.356000,7.371000,7.135000,7.226000,159097.07,1156573.31142000
1769299200000,7.226000,7.285000,6.686000,6.832000,194705.98,1362882.32462000
1769385600000,6.831000,7.334000,6.826000,7.309000,267993.71,1909877.01343000
1769472000000,7.306000,7.560000,7.207000,7.543000,212707.32,1565061.30616000
1769558400000,7.545000,7.678000,7.465000,7.586000,162349.07,1230219.49882000
1769644800000,7.589000,7.598000,6.819000,6.998000,258937.26,1838856.95270000
1769731200000,6.997000,7.267000,6.731000,7.098000,232831.35,1630638.98864000
1769817600000,7.090000,7.092000,5.840000,6.367000,507612.56,3284793.60323000
1769904000000,6.367000,6.448000,5.879000,6.009000,298607.98,1849906.67541000
1769990400000,6.015000,6.562000,5.835000,6.419000,411454.08,2546585.39101000
1770076800000,6.420000,6.557000,5.989000,6.293000,317578.48,2010788.11416000
1770163200000,6.292000,6.529000,6.108000,6.285000,343203.09,2166980.39187000
1770249600000,6.285000,6.555000,5.581000,5.645000,585603.25,3551192.88693000
1770336000000,5.642000,6.392000,5.245000,6.245000,539834.56,3170289.98970000
1770422400000,6.247000,6.333000,5.949000,6.249000,283853.53,1751423.33581000
1770508800000,6.253000,6.333000,6.110000,6.199000,142181.53,886512.12230000
1770595200000,6.194000,6.383000,5.952000,6.208000,200739.99,1244459.02804000
1770681600000,6.210000,6.219000,5.959000,6.068000,164374.52,996163.04435000
1770768000000,6.071000,6.136000,5.803000,5.921000,238119.60,1417709.35564000
1770854400000,5.922000,6.288000,5.902000,6.040000,269804.34,1642509.39884000
1770940800000,6.038000,6.570000,6.002000,6.369000,248800.26,1558316.46352000
1771027200000,6.370000,6.716000,6.320000,6.638000,174898.56,1137976.75464000
1771113600000,6.634000,6.715000,6.221000,6.348000,172671.53,1120253.72438000
1771200000000,6.347000,6.566000,6.285000,6.536000,130364.79,836184.19818000
1771286400000,6.539000,6.584000,6.409000,6.499000,119808.16,777729.43144000
1771372800000,6.502000,6.612000,6.289000,6.358000,221663.39,1426470.04826000
1771459200000,6.360000,6.691000,6.172000,6.581000,348126.22,2245978.27310000
1771545600000,6.584000,6.923000,6.549000,6.863000,358646.31,2422623.45476000
1771632000000,6.865000,6.908000,6.617000,6.648000,147439.73,1004150.95784000
1771718400000,6.647000,6.699000,6.260000,6.346000,265227.32,1702516.39237000
1771804800000,6.346000,6.437000,6.042000,6.244000,268496.66,1670395.29106000
1771891200000,6.244000,6.508000,6.057000,6.410000,239767.09,1507998.63716000
1771977600000,6.410000,7.189000,6.407000,6.962000,345340.49,2347028.74856000
1772064000000,6.961000,7.086000,6.654000,6.884000,251197.23,1735208.80942000
1772150400000,6.884000,7.024000,6.576000,6.696000,172105.50,1172634.74496000
1772236800000,6.696000,6.846000,6.388000,6.788000,235390.18,1550384.25742000
1772323200000,6.792000,7.023000,6.617000,6.741000,177372.23,1210733.80472000
1772409600000,6.743000,7.205000,6.649000,7.041000,191460.35,1323755.48788000
1772496000000,7.043000,7.182000,6.842000,7.078000,203356.33,1427553.85044000
1772582400000,7.082000,7.712000,7.075000,7.489000,567762.95,4258478.06718000
1772668800000,7.491000,7.493000,6.960000,7.194000,244425.53,1766032.30198000
1772755200000,7.198000,7.209000,6.792000,6.906000,270127.11,1880222.20163000
1772841600000,6.905000,6.958000,6.671000,6.735000,103422.10,705330.57229000
1772928000000,6.737000,6.753000,5.803000,5.895000,967519.94,5856436.43436000
1773014400000,5.896000,6.500000,5.871000,6.250000,712448.84,4424084.94062000
1773100800000,6.252000,6.835000,6.241000,6.545000,541842.90,3553205.77479000
1773187200000,6.545000,6.568000,6.197000,6.329000,311260.29,1967332.96396000
1773273600000,6.329000,6.704000,6.239000,6.363000,319644.84,2057759.23996000
1773360000000,6.362000,7.018000,6.354000,6.635000,322846.03,2151852.92687000
1773446400000,6.635000,6.721000,6.461000,6.679000,131911.33,868055.59521000
1773532800000,6.677000,6.798000,6.482000,6.672000,128048.94,850279.28867000
1773619200000,6.676000,6.943000,6.622000,6.886000,181058.06,1220851.93850000
1773705600000,6.886000,7.072000,6.822000,6.953000,200134.88,1388423.13906000
1773792000000,6.953000,6.974000,6.454000,6.588000,226125.10,1511012.37266000
1773878400000,6.587000,6.629000,6.385000,6.567000,109936.32,717576.48623000
1773964800000,6.567000,6.634000,6.433000,6.567000,119977.06,783662.49659000
1774051200000,6.568000,6.586000,6.243000,6.292000,137576.07,893158.34403000
1774137600000,6.296000,6.500000,6.097000,6.197000,136216.91,855797.81873000
1774224000000,6.201000,6.477000,6.112000,6.366000,149568.77,945804.21505000
1774310400000,6.366000,6.756000,6.246000,6.646000,188166.48,1223040.54934000
1774396800000,6.647000,6.735000,6.505000,6.567000,151234.80,997527.52037000
1774483200000,6.568000,6.581000,6.228000,6.286000,118131.02,753010.86130000
1774569600000,6.286000,6.582000,6.121000,6.368000,198066.37,1263111.34224000
1774656000000,6.367000,6.512000,6.178000,6.192000,190212.58,1202806.18008000
1774742400000,6.190000,6.343000,6.083000,6.193000,123025.71,766495.69237000
1774828800000,6.192000,6.408000,6.136000,6.149000,145467.59,913301.51421000
1774915200000,6.149000,6.467000,6.140000,6.407000,223693.20,1415894.00744000
1775001600000,6.404000,6.496000,6.313000,6.408000,145440.34,931432.50650000
1775088000000,6.408000,6.427000,6.165000,6.205000,135521.30,846837.15007000
1775174400000,6.205000,6.239000,5.940000,5.971000,154795.77,945198.89570000
1775260800000,5.971000,6.087000,5.915000,6.021000,125925.56,757560.12328000
1775347200000,6.020000,6.086000,5.961000,6.082000,108977.77,655316.19696000
1775433600000,6.084000,6.200000,5.926000,6.001000,217365.51,1313156.93232000
1775520000000,6.000000,6.213000,5.839000,6.133000,350918.36,2110530.72467000
1775606400000,6.130000,6.195000,5.724000,5.777000,351438.54,2109042.39797000
1775692800000,5.776000,5.914000,5.629000,5.716000,449029.42,2582093.41636000
1775779200000,5.717000,6.111000,5.661000,5.994000,355614.71,2089820.38133000
1775865600000,5.995000,6.223000,5.965000,6.094000,292236.94,1774265.75901000
1775952000000,6.095000,6.155000,5.881000,5.889000,196432.17,1185633.55459000
1776038400000,5.889000,6.251000,5.808000,6.170000,231588.51,1372300.74684000
1776124800000,6.169000,6.185000,5.949000,6.095000,220900.62,1346361.95795000
1776211200000,6.093000,6.229000,6.025000,6.140000,200284.52,1224608.92274000
1776297600000,6.144000,6.390000,6.070000,6.389000,212067.18,1313766.42797000
1776384000000,6.388000,6.896000,6.282000,6.505000,662675.01,4363432.27797000
1776470400000,6.506000,6.828000,6.469000,6.651000,276811.35,1843280.43318000
1776556800000,6.652000,6.683000,6.058000,6.065000,208652.52,1321703.31000000
1776643200000,6.068000,6.528000,6.057000,6.389000,201923.38,1278215.25295000
1776729600000,6.390000,6.720000,6.300000,6.648000,197960.33,1291376.04148000
1776816000000,6.645000,7.021000,6.611000,6.975000,210387.24,1434245.94975000
1776902400000,6.976000,7.086000,6.795000,6.875000,334676.72,2319955.69600000
1776988800000,6.879000,6.961000,6.727000,6.892000,178556.94,1222142.33679000
1777075200000,6.893000,7.011000,6.849000,6.856000,146429.94,1011479.12642000
1777161600000,6.857000,7.452000,6.835000,7.404000,280020.34,2020255.13300000
1777248000000,7.405000,7.508000,7.030000,7.128000,278144.23,2029796.36317000
1777334400000,7.127000,7.692000,7.071000,7.267000,368676.12,2714438.77465000
1777420800000,7.267000,7.449000,7.045000,7.338000,266003.46,1928188.09005000
1777507200000,7.340000,7.403000,7.159000,7.366000,163308.94,1192763.90167000
1777593600000,7.366000,7.462000,7.035000,7.145000,169454.32,1231795.43942000
1777680000000,7.144000,7.234000,6.993000,7.049000,161124.32,1144075.71236000
1777766400000,7.048000,7.271000,6.986000,7.106000,102814.89,731980.98960000
1777852800000,7.105000,7.467000,7.053000,7.403000,204235.97,1477874.51414000
1777939200000,7.405000,7.435000,7.164000,7.321000,160544.16,1175981.28952000
1778025600000,7.320000,7.497000,7.239000,7.324000,141757.61,1043098.41492000
1778112000000,7.322000,7.335000,7.033000,7.232000,186968.33,1346652.94386000
1778198400000,7.235000,7.540000,7.100000,7.461000,204880.09,1488393.50920000
1778284800000,7.461000,7.655000,7.437000,7.502000,150995.25,1140962.17737000
1778371200000,7.502000,7.845000,7.469000,7.628000,238349.25,1837199.77842000
1778457600000,7.627000,7.679000,7.498000,7.575000,156070.91,1186377.11964000
1778544000000,7.571000,7.578000,7.192000,7.194000,195274.02,1446487.79393000
1778630400000,7.193000,7.383000,7.015000,7.019000,165570.73,1193138.18770000
1778716800000,7.018000,7.202000,6.880000,7.109000,192282.82,1350646.59319000
1778803200000,7.109000,7.305000,6.883000,6.938000,283240.84,2006265.14388000
1778889600000,6.940000,7.006000,6.651000,6.735000,161800.23,1096615.08150000
1778976000000,6.735000,6.814000,6.446000,6.580000,138319.09,926387.26199000
1779062400000,6.581000,6.689000,6.481000,6.656000,167141.51,1099927.38226000
1779148800000,6.656000,6.802000,6.470000,6.519000,243805.35,1616946.71881000
1779235200000,6.521000,6.771000,6.444000,6.609000,240356.90,1594792.90367000
1779321600000,6.607000,7.066000,6.589000,7.061000,490718.73,3382723.60854000
1779408000000,7.060000,7.088000,6.774000,6.798000,222173.23,1543565.67425000
1779494400000,6.801000,7.033000,6.678000,6.963000,193903.12,1324161.41287000
1779580800000,6.965000,6.972000,6.619000,6.716000,173688.43,1184770.96262000
1779667200000,6.717000,6.855000,6.328000,6.465000,238261.67,1572700.62451000
1779753600000,6.465000,6.599000,6.308000,6.439000,284741.91,1838428.63763000
1779840000000,6.440000,6.520000,6.300000,6.332000,161030.38,1034225.76403000
1779926400000,6.332000,6.377000,6.012000,6.229000,258705.01,1597708.46652000
1780012800000,6.227000,6.370000,6.101000,6.289000,183987.35,1149596.95354000
1780099200000,6.290000,6.811000,6.270000,6.788000,326535.51,2149365.14865000
1780185600000,6.788000,6.839000,6.610000,6.765000,203329.85,1367736.40468000
1780272000000,6.763000,7.025000,6.540000,6.934000,238432.03,1611426.40360000
1780358400000,6.934000,6.991000,6.112000,6.213000,280769.49,1851377.35088000
1780444800000,6.213000,6.478000,6.054000,6.155000,250089.03,1573554.25402000
1780531200000,6.155000,6.194000,5.561000,5.684000,362177.10,2096073.85288000
1780617600000,5.683000,5.721000,5.041000,5.414000,425507.72,2301378.41930000
1780704000000,5.414000,5.483000,5.074000,5.413000,239713.98,1279686.81327000
1780790400000,5.412000,5.814000,5.412000,5.724000,187925.57,1053502.15807000
1780876800000,5.721000,5.849000,5.584000,5.699000,157519.33,901004.65995000
1780963200000,5.699000,5.774000,5.396000,5.544000,180445.34,1007609.18278000
1781049600000,5.544000,5.621000,5.306000,5.403000,163783.44,898941.38502000
1781136000000,5.401000,5.570000,5.360000,5.487000,161017.15,880443.12925000
1781222400000,5.489000,5.675000,5.422000,5.549000,211021.83,1174296.39219000
1781308800000,5.554000,5.643000,5.505000,5.582000,108025.08,604454.74906000
1781395200000,5.581000,5.815000,5.538000,5.786000,178859.99,1012892.29455000
1781481600000,5.784000,6.084000,5.748000,5.896000,149169.37,882419.22480000
1781568000000,5.898000,5.966000,5.738000,5.908000,110248.74,647559.03989000
1781654400000,5.908000,6.013000,5.710000,5.820000,170392.58,1000827.35216000
1781740800000,5.823000,5.881000,5.489000,5.617000,122029.66,691649.69928000
1781827200000,5.616000,5.925000,5.535000,5.906000,139489.77,794136.97824000
1781913600000,5.905000,6.303000,5.891000,6.089000,375529.90,2296285.51368000
1782000000000,6.089000,6.098000,5.817000,5.825000,112689.44,673092.67916000
1782086400000,5.826000,6.003000,5.760000,5.775000,133211.36,784664.52595000
1782172800000,5.774000,5.796000,5.484000,5.527000,145681.03,815270.33446000
1782259200000,5.531000,5.600000,5.100000,5.350000,258604.20,1391063.63987000
1782345600000,5.348000,5.479000,5.016000,5.279000,175718.26,929953.78673000
1782432000000,5.284000,5.732000,5.141000,5.693000,246920.63,1335544.29745000
1782518400000,5.686000,5.740000,5.371000,5.405000,143148.67,796612.39988000
1782604800000,5.405000,5.473000,5.316000,5.401000,103568.28,559974.47690000
1782691200000,5.397000,5.542000,5.344000,5.432000,117263.90,635491.10154000
1782777600000,5.432000,5.700000,5.279000,5.291000,230951.19,1267181.71086000
1782864000000,5.292000,5.814000,5.218000,5.585000,210886.29,1161657.37732000
1782950400000,5.582000,5.921000,5.559000,5.908000,140826.05,807266.77665000
1783036800000,5.908000,6.155000,5.863000,6.022000,183368.77,1102493.27959000
1783123200000,6.016000,6.034000,5.839000,5.941000,98071.53,582047.62350000
1783209600000,5.941000,6.020000,5.815000,5.978000,141891.16,836530.07716000
1783296000000,5.978000,6.018000,5.709000,5.935000,156326.46,917936.11540000
1783382400000,5.936000,5.981000,5.724000,5.730000,132149.57,776675.44751000
1783468800000,5.730000,5.801000,5.471000,5.710000,187484.94,1056638.23509000
1783555200000,5.709000,6.029000,5.675000,5.967000,232588.35,1373472.46075000
1783641600000,5.969000,6.364000,5.922000,6.045000,239010.27,1471696.19408000
1783728000000,6.045000,6.133000,5.910000,5.917000,119223.95,718142.64335000
1783814400000,5.915000,5.969000,5.704000,5.751000,106486.28,623582.23744000
1783900800000,5.750000,5.812000,5.537000,5.747000,116100.51,656803.19977000
1783987200000,5.746000,6.014000,5.670000,5.932000,176137.77,1024920.96560000
1784073600000,5.929000,6.026000,5.827000,5.968000,88784.04,528310.13770000
1784160000000,5.968000,6.103000,5.930000,5.992000,103084.38,618902.46630000
1784246400000,5.992000,6.178000,5.817000,6.081000,157396.27,945601.43663000
1784332800000,6.082000,6.483000,6.080000,6.371000,254110.42,1593253.78243000
1784419200000,6.371000,6.590000,6.334000,6.561000,217208.98,1403550.83883000
1784505600000,6.560000,6.612000,6.379000,6.603000,177919.31,1156926.78820000
1784592000000,6.603000,6.628000,6.373000,6.433000,148456.43,962618.72045000
1784678400000,6.433000,6.825000,6.380000,6.577000,278653.56,1841598.48582000
1784764800000,6.579000,6.900000,6.531000,6.820000,208832.80,1404123.78113000
1784851200000,6.820000,7.426000,6.739000,7.042000,675749.55,4806628.21054000
1784937600000,7.042000,7.054000,6.626000,6.721000,256747.06,1737419.43761000
1785024000000,6.722000,7.082000,6.525000,6.897000,249049.52,1699556.43510000
1785110400000,6.897000,7.017000,6.675000,6.780000,195789.05,1340905.09621000
1785196800000,6.781000,7.122000,6.465000,6.934000,265586.95,1775413.26665000
1785283200000,6.934000,6.982000,6.519000,6.622000,178093.28,1196563.01997000
1785369600000,6.619000,6.657000,6.043000,6.149000,335753.04,2137570.66239000
1785456000000,6.148000,6.253000,5.825000,5.983000,230822.34,1399470.90973000
1785542400000,5.983000,6.167000,5.839000,5.960000,144727.74,864732.55812000
1785628800000,5.961000,6.314000,5.949000,6.110000,209676.30,1289030.06789000
1785715200000,6.108000,6.237000,6.051000,6.184000,128577.71,788530.48858000
1785801600000,6.182000,6.310000,6.141000,6.229000,104061.43,648185.49697000
1785888000000,6.224000,6.340000,6.177000,6.280000,79433.94,496782.85551000
1785974400000,6.284000,6.413000,6.275000,6.348000,81033.44,513644.66130000
1786060800000,6.348000,6.523000,6.314000,6.512000,133253.44,855921.09946000
1786147200000,6.516000,6.606000,6.425000,6.450000,78113.42,508252.48610000
1786233600000,6.445000,6.488000,6.346000,6.354000,70108.81,450875.22171000
1786320000000,6.349000,6.424000,6.176000,6.248000,122339.91,768825.49164000
1786406400000,6.247000,6.593000,6.225000,6.380000,196566.36,1267327.77056000
1786492800000,6.379000,6.617000,6.254000,6.542000,209646.89,1351723.05126000
1786579200000,6.539000,6.715000,6.512000,6.680000,124354.07,821094.10132000
1786665600000,6.680000,6.859000,6.614000,6.651000,162386.36,1089210.93488000
1786752000000,6.652000,6.784000,6.574000,6.649000,97806.61,651963.51122000
1786838400000,6.646000,6.754000,6.600000,6.687000,60613.66,404618.45148000
1786924800000,6.686000,6.943000,6.525000,6.529000,139803.02,939398.47828000
1787011200000,6.529000,6.653000,6.388000,6.500000,161646.15,1050680.22982000
1787097600000,6.501000,7.000000,6.427000,6.779000,165217.20,1100674.43566000
1787184000000,6.783000,7.040000,6.748000,6.964000,201705.38,1392034.51010000
1787270400000,6.959000,8.183000,6.922000,7.910000,561985.29,4252258.84028000
1787356800000,7.913000,8.023000,6.702000,7.392000,527845.18,3949132.25837000
1787443200000,7.392000,7.847000,7.116000,7.598000,366145.48,2755965.32055000
1787529600000,7.596000,7.793000,7.230000,7.317000,332444.00,2490543.21634000
1787616000000,7.318000,7.465000,7.107000,7.247000,303084.41,2204020.53061000
1787702400000,7.247000,7.511000,7.188000,7.483000,183637.60,1353464.30223000
1787788800000,7.484000,7.828000,7.438000,7.794000,147656.14,1124576.07239000
1787875200000,7.795000,7.914000,7.482000,7.717000,214037.87,1651762.42467000
1787961600000,7.715000,8.261000,7.576000,7.861000,257318.05,2046092.73385000
1788048000000,7.861000,7.875000,7.555000,7.605000,175903.62,1362336.69333000
1788134400000,7.605000,7.780000,7.329000,7.570000,218925.08,1649974.55262000
