open_time_ms,open,high,low,close,volume,quote_volume
1603065600000,0.15500,0.18237,0.15355,0.17084,26449292,4505660.36816
1603152000000,0.17099,0.17580,0.15503,0.15685,12875504,2123564.94522
1603238400000,0.15694,0.17366,0.15646,0.16449,9683800,1604082.30875
1603324800000,0.16461,0.17379,0.16461,0.16926,4506621,765078.53696
1603411200000,0.16909,0.17104,0.16135,0.16531,3567075,597328.29207
1603497600000,0.16510,0.16732,0.16288,0.16609,2904167,479890.83824
1603584000000,0.16588,0.17000,0.16386,0.16404,6673214,1113379.08912
1603670400000,0.16445,0.16657,0.15036,0.15635,6460015,1028138.00010
1603756800000,0.15650,0.16053,0.15322,0.15611,6512041,1024149.79912
1603843200000,0.15660,0.15789,0.14045,0.14456,8974057,1321408.82751
1603929600000,0.14467,0.14590,0.12964,0.13353,11425735,1572700.22516
1604016000000,0.13364,0.13560,0.11950,0.12765,12317296,1536698.27308
1604102400000,0.12742,0.14340,0.12623,0.14200,25097227,3428236.62797
1604188800000,0.14180,0.15354,0.14018,0.14867,50974095,7466575.47505
1604275200000,0.14857,0.15126,0.13718,0.13884,23532371,3369282.82881
1604361600000,0.13904,0.13904,0.12915,0.13118,14459980,1922539.82619
1604448000000,0.13131,0.13131,0.11756,0.12453,16908654,2097431.21157
1604534400000,0.12459,0.12810,0.11467,0.12003,28896218,3526649.53895
1604620800000,0.12002,0.13984,0.11935,0.13795,35339236,4692253.67962
1604707200000,0.13792,0.16021,0.13436,0.14308,46644931,6913076.64085
1604793600000,0.14292,0.15961,0.13983,0.15593,25052301,3813966.56136
1604880000000,0.15593,0.17012,0.14809,0.15579,26096576,4158046.27505
1604966400000,0.15600,0.24400,0.15346,0.21166,106410444,21569023.01664
1605052800000,0.21158,0.22598,0.18058,0.18524,157882358,31778451.31909
1605139200000,0.18524,0.18959,0.17215,0.17894,61070576,11062264.05217
1605225600000,0.17866,0.19572,0.17760,0.19099,25624088,4786443.94005
1605312000000,0.19050,0.19319,0.17266,0.17894,17269270,3104013.53595
1605398400000,0.17897,0.18876,0.17024,0.17705,25885877,4722794.70963
1605484800000,0.17705,0.19223,0.17295,0.18512,17954184,3311256.11889
1605571200000,0.18484,0.19086,0.18030,0.18700,19624738,3647213.86953
1605657600000,0.18733,0.19066,0.16811,0.17724,21195701,3747297.93168
1605744000000,0.17741,0.18935,0.17340,0.17657,28103059,5100055.07224
1605830400000,0.17661,0.20119,0.17516,0.18785,40697099,7784503.27225
1605916800000,0.18787,0.20735,0.18086,0.20029,30806579,5950023.74580
1606003200000,0.20050,0.20328,0.17823,0.18977,25863611,4939487.90200
1606089600000,0.18958,0.20355,0.18597,0.19931,23191350,4530628.88549
1606176000000,0.19925,0.22900,0.19267,0.22493,38044551,7924163.81140
1606262400000,0.22496,0.23990,0.20076,0.20986,38130435,8550115.73681
1606348800000,0.20985,0.22134,0.16883,0.19020,49167852,9298884.77790
1606435200000,0.19080,0.19563,0.17270,0.18455,11951746,2198808.07554
1606521600000,0.18455,0.20056,0.18277,0.19079,16136152,3109591.04222
1606608000000,0.19082,0.20144,0.18752,0.19664,12140156,2365472.10002
1606694400000,0.19693,0.20355,0.19016,0.20188,15986020,3152797.53841
1606780800000,0.20196,0.20609,0.18198,0.18899,31311367,6085515.54931
1606867200000,0.18880,0.20454,0.18617,0.20078,15561647,3064534.25943
1606953600000,0.20066,0.20266,0.19240,0.19941,12480578,2474105.53602
1607040000000,0.19927,0.20049,0.18000,0.18231,23889042,4548385.81599
1607126400000,0.18202,0.19481,0.17952,0.19452,8366246,1569668.98926
1607212800000,0.19442,0.19587,0.18254,0.18928,7986036,1507301.50646
1607299200000,0.18937,0.19024,0.18120,0.18388,9676292,1795891.99424
1607385600000,0.18380,0.19900,0.17225,0.18640,45880682,8636081.34746
1607472000000,0.18664,0.19888,0.16938,0.18712,54984424,10270582.52538
1607558400000,0.18716,0.18876,0.17400,0.17457,14168064,2541632.18592
1607644800000,0.17470,0.17534,0.16528,0.16685,16954845,2879869.47820
1607731200000,0.16706,0.18380,0.16669,0.17864,11404302,2003434.13325
1607817600000,0.17884,0.18238,0.17448,0.17795,9239994,1649087.86023
1607904000000,0.17777,0.17819,0.17312,0.17750,9002237,1583876.07718
1607990400000,0.17771,0.17986,0.17210,0.17276,11527855,2024312.45562
1608076800000,0.17270,0.17873,0.16873,0.17420,20840722,3607910.51815
1608163200000,0.17435,0.18321,0.16875,0.17209,32283334,5678304.63730
1608249600000,0.17215,0.17631,0.16880,0.17309,16728810,2880317.65417
1608336000000,0.17299,0.17953,0.17100,0.17216,14642684,2574016.31434
1608422400000,0.17213,0.17535,0.16194,0.17108,15961056,2710007.60915
1608508800000,0.17105,0.17517,0.15861,0.16100,20828765,3454160.71797
1608595200000,0.16111,0.16886,0.15489,0.16455,18240136,2967416.28741
1608681600000,0.16440,0.16592,0.12900,0.14084,27416404,4073129.07136
1608768000000,0.14078,0.15055,0.13458,0.14969,23099698,3266078.69260
1608854400000,0.14973,0.15864,0.14537,0.15227,21540120,3281513.69036
1608940800000,0.15230,0.15758,0.14649,0.15253,17739917,2701140.28055
1609027200000,0.15260,0.16625,0.14464,0.16057,31919892,4987376.96981
1609113600000,0.16064,0.18632,0.15681,0.17588,103877931,17948266.69239
1609200000000,0.17579,0.18586,0.16641,0.18328,59589613,10527268.85680
1609286400000,0.18353,0.20028,0.17808,0.17953,42857476,8144549.63531
1609372800000,0.17953,0.17997,0.16687,0.16969,21464488,3713008.68303
1609459200000,0.16977,0.18214,0.16712,0.17545,26803990,4715849.59819
1609545600000,0.17575,0.17990,0.17002,0.17586,16064053,2816366.05393
1609632000000,0.17579,0.27732,0.17528,0.27331,119826369,26637985.70570
1609718400000,0.27386,0.38681,0.24419,0.36258,451342013,140074309.90424
1609804800000,0.36258,0.62090,0.35295,0.49274,724352363,352900465.56636
1609891200000,0.49367,0.51975,0.39870,0.41134,382054846,174934969.08849
1609977600000,0.41135,0.45280,0.35557,0.37060,158929098,65618435.13826
1610064000000,0.37088,0.38964,0.31687,0.35072,106759229,37888654.56931
1610150400000,0.35106,0.43331,0.34721,0.38606,122694346,49269664.46135
1610236800000,0.38626,0.41275,0.32681,0.35248,67138043,25321456.13912
1610323200000,0.35273,0.35322,0.26353,0.31327,85894606,26504113.97506
1610409600000,0.31347,0.35022,0.30095,0.32351,57045894,18705523.27451
1610496000000,0.32384,0.41278,0.30801,0.41194,80468142,28402934.10731
1610582400000,0.41194,0.44960,0.38110,0.40663,84354474,34948661.99241
1610668800000,0.40656,0.41613,0.34390,0.38710,52969559,20447888.66876
1610755200000,0.38748,0.42408,0.37377,0.38847,51824126,20678978.67110
1610841600000,0.38868,0.43900,0.36263,0.42420,42187638,16713383.38644
1610928000000,0.42413,0.43134,0.39247,0.41591,43347804,17822091.90536
1611014400000,0.41617,0.51511,0.41525,0.46738,122970334,57842664.46269
1611100800000,0.46712,0.49201,0.39200,0.45818,79254498,34860771.03395
1611187200000,0.45770,0.46212,0.36531,0.36750,47910641,19397126.11602
1611273600000,0.36763,0.41777,0.33747,0.39917,40165141,15540565.10758
1611360000000,0.39878,0.43203,0.38952,0.40662,49211370,20293147.08989
1611446400000,0.40675,0.42850,0.40053,0.42056,29823981,12389769.97722
1611532800000,0.42084,0.47957,0.41800,0.41898,53062675,23597905.03540
1611619200000,0.41854,0.44214,0.39051,0.43638,41354902,17113748.83121
1611705600000,0.43629,0.46124,0.38331,0.39806,48089149,20053401.58225
1611792000000,0.39783,0.47808,0.38766,0.44893,47362446,20899383.23480
1611878400000,0.44918,0.48300,0.42608,0.44659,48128885,21655104.34268
1611964800000,0.44674,0.51291,0.43400,0.50296,61408701,29687049.05050
1612051200000,0.50250,0.57935,0.47157,0.49515,64799557,33960349.32846
1612137600000,0.49522,0.55200,0.46047,0.53817,33575554,16925203.39588
1612224000000,0.53763,0.55216,0.51100,0.54056,21530282,11451984.78980
1612310400000,0.54068,0.57599,0.52363,0.56831,23948312,13160301.00165
1612396800000,0.56859,0.59759,0.52418,0.54054,31761582,17706268.75419
1612483200000,0.54015,0.79700,0.54005,0.72978,89370441,61155563.03831
1612569600000,0.73130,0.75500,0.61830,0.65886,51231999,34399188.73269
1612656000000,0.65918,0.67723,0.57622,0.63082,40076035,25141969.60474
1612742400000,0.63053,0.69532,0.61463,0.66610,33285935,22041118.50201
1612828800000,0.66694,0.70372,0.64076,0.69861,30450169,20354666.01944
1612915200000,0.69942,0.73321,0.62692,0.69259,53639909,36859927.25112
1613001600000,0.69187,0.77463,0.67442,0.75303,47161166,34681043.69024
1613088000000,0.75364,0.89842,0.70888,0.82053,58433068,46736591.96850
1613174400000,0.82147,0.87481,0.74911,0.83417,44522943,36335894.65592
1613260800000,0.83527,0.84390,0.75048,0.77352,31870056,25317956.81700
1613347200000,0.77448,0.78651,0.60877,0.71994,47161674,33893868.01277
1613433600000,0.72015,0.74442,0.66117,0.69602,30851916,21850041.47592
1613520000000,0.69623,0.76355,0.66007,0.76068,31598126,22515140.70774
1613606400000,0.76122,0.81303,0.75545,0.76294,30821186,24000445.04686
1613692800000,0.76380,0.77585,0.63229,0.74128,29537358,21892354.03864
1613779200000,0.74163,0.79972,0.67820,0.71004,37080510,27844649.10052
1613865600000,0.71052,0.81978,0.69053,0.77311,38822017,29282711.15208
1613952000000,0.77342,0.78052,0.54479,0.68143,63745373,42968078.47146
1614038400000,0.68167,0.68744,0.45500,0.56800,80388075,45068706.56817
1614124800000,0.56896,0.63757,0.54164,0.58491,35422633,21044836.60041
1614211200000,0.58412,0.61624,0.53060,0.53396,23996435,13978954.50320
1614297600000,0.53495,0.55350,0.48349,0.51148,34461448,17956969.58448
1614384000000,0.51167,0.56510,0.50945,0.54007,26175181,14096088.15977
1614470400000,0.53949,0.54658,0.46437,0.51969,32658669,16270168.01918
1614556800000,0.51923,0.59914,0.51625,0.59631,22388722,12498645.28573
1614643200000,0.59621,0.61653,0.54294,0.56791,28152962,16440396.37903
1614729600000,0.56725,0.61295,0.56025,0.57666,22948198,13531512.69374
1614816000000,0.57713,0.59963,0.53704,0.54448,23800467,13497663.24038
1614902400000,0.54518,0.59132,0.51229,0.57288,33315862,18423286.35936
1614988800000,0.57342,0.59851,0.54611,0.58522,21183705,12188948.79528
1615075200000,0.58552,0.59352,0.55952,0.57221,14117666,8150146.75598
1615161600000,0.57243,0.60111,0.54800,0.59261,22993940,13076608.37874
1615248000000,0.59266,0.62888,0.57977,0.62088,38921086,23527118.31407
1615334400000,0.62156,0.62888,0.55801,0.57229,40777145,23985997.13885
1615420800000,0.57306,0.58218,0.53801,0.56039,34116019,19263512.52535
1615507200000,0.56050,0.57018,0.51365,0.52800,38270532,20794530.65416
1615593600000,0.52803,0.60606,0.51110,0.57195,43128293,24371487.24813
1615680000000,0.57223,0.57858,0.54096,0.54203,33924187,18894551.90949
1615766400000,0.54192,0.62946,0.49740,0.56397,85207441,47328230.18315
1615852800000,0.56396,0.57977,0.51699,0.54563,48850567,26398140.98363
1615939200000,0.54620,0.65516,0.54122,0.62840,73549358,44217015.57232
1616025600000,0.62893,0.63484,0.59000,0.59398,37895407,23286851.98371
1616112000000,0.59411,0.60980,0.56000,0.58656,25693251,15189952.41164
1616198400000,0.58647,0.61438,0.57703,0.57956,25331276,15178527.04092
1616284800000,0.57871,0.58463,0.53654,0.55657,33697626,18770321.00233
1616371200000,0.55651,0.56731,0.51005,0.52020,31917230,17337299.33681
1616457600000,0.52009,0.54398,0.49554,0.52026,29662384,15479653.13131
1616544000000,0.52013,0.53695,0.45661,0.46892,36271579,18220456.03014
1616630400000,0.46883,0.47660,0.43785,0.44935,44698033,20451868.73105
1616716800000,0.44950,0.51400,0.44919,0.50244,42804676,20906760.37189
1616803200000,0.50269,0.51311,0.48101,0.48682,34625412,17155473.87052
1616889600000,0.48693,0.50734,0.47332,0.49233,44353929,21743338.40096
1616976000000,0.49250,0.55515,0.48436,0.53946,67619786,35824935.31933
1617062400000,0.53977,0.56336,0.53276,0.54990,46814670,25641954.99672
1617148800000,0.55015,0.56200,0.50350,0.54972,48992097,26053310.73892
1617235200000,0.54995,0.56618,0.52595,0.53766,48629588,26565511.36497
1617321600000,0.53800,0.58278,0.52798,0.57109,68768931,38653090.26949
1617408000000,0.57112,0.60188,0.52337,0.52760,85580831,48627377.53633
1617494400000,0.52763,0.57943,0.51600,0.57243,45586842,25256159.71242
1617580800000,0.57213,0.61590,0.54071,0.58927,60970833,35431732.32708
1617667200000,0.58941,0.61200,0.54904,0.57317,75793798,44422320.25669
1617753600000,0.57340,0.58620,0.48760,0.52139,86674958,46295081.76052
1617840000000,0.52142,0.57652,0.51689,0.56851,70236437,38949921.14910
1617926400000,0.56866,0.57463,0.54693,0.55626,36375555,20367925.80616
1618012800000,0.55627,0.58000,0.54260,0.55423,38594063,21824801.37167
1618099200000,0.55450,0.57879,0.55233,0.57305,31771250,17976270.53845
1618185600000,0.57324,0.62454,0.56203,0.62433,66336120,39111472.33885
1618272000000,0.62433,0.63843,0.58359,0.60084,60534289,36765943.75649
1618358400000,0.60085,0.68120,0.59288,0.65273,85921841,55010379.78879
1618444800000,0.65295,0.70000,0.65144,0.67500,64917114,44114033.99129
1618531200000,0.67540,0.68092,0.60748,0.64134,61763721,39630249.21429
1618617600000,0.64127,0.78558,0.63557,0.75273,146284053,105239357.41787
1618704000000,0.75309,0.77938,0.48095,0.63030,162727333,99742670.60432
1618790400000,0.63005,0.64143,0.53319,0.56109,77816034,45498993.11470
1618876800000,0.56103,0.57868,0.50700,0.57006,63949743,34939279.78706
1618963200000,0.57023,0.60281,0.54470,0.54757,57982576,33218943.77793
1619049600000,0.54786,0.57656,0.48100,0.50160,54301791,29284469.78255
1619136000000,0.50168,0.50929,0.39540,0.47982,85410430,38565777.53510
1619222400000,0.47992,0.48044,0.43133,0.43559,43393876,19676665.84392
1619308800000,0.43616,0.46736,0.41198,0.43882,38260581,16943124.75891
1619395200000,0.43862,0.49935,0.43551,0.49586,45770748,21938820.29517
1619481600000,0.49577,0.54440,0.48717,0.54199,43680194,22584586.20584
1619568000000,0.54179,0.56134,0.49648,0.52285,48674790,25608495.99083
1619654400000,0.52339,0.55911,0.50111,0.53162,40948958,21453203.44462
1619740800000,0.53152,0.57206,0.51672,0.56172,42356631,23509394.86675
1619827200000,0.56184,0.58591,0.54734,0.58237,36236848,20600009.45129
1619913600000,0.58251,0.59464,0.55705,0.57694,54704962,31430998.85031
1620000000000,0.57730,0.60846,0.55814,0.58119,49481335,29003796.27637
1620086400000,0.58125,0.58218,0.49713,0.50950,69409106,37290628.19299
1620172800000,0.50948,0.58477,0.50313,0.57479,73039285,40264346.17635
1620259200000,0.57480,0.59658,0.54388,0.57837,72850030,41795321.49662
1620345600000,0.57822,0.63736,0.56400,0.58185,80948913,48680261.22524
1620432000000,0.58193,0.60237,0.55686,0.57716,35057943,20338496.23113
1620518400000,0.57746,0.59107,0.53500,0.57177,34881037,19611082.96062
1620604800000,0.57180,0.58989,0.48235,0.51022,52775070,28831674.89664
1620691200000,0.51016,0.69378,0.49143,0.65937,206113254,126538205.48900
1620777600000,0.65970,0.91000,0.59502,0.61791,853368952,668745528.29399
1620864000000,0.61782,0.66815,0.56157,0.61241,222116517,138705313.07631
1620950400000,0.61286,0.66379,0.58647,0.61309,142132822,89208076.88771
1621036800000,0.61307,0.65565,0.55645,0.55850,112054808,68532805.12555
1621123200000,0.55835,0.62176,0.52768,0.56772,97010547,55791875.47570
1621209600000,0.56781,0.56837,0.48601,0.51009,91810814,48094017.78669
1621296000000,0.51018,0.57591,0.50462,0.52762,72673616,39216931.14404
1621382400000,0.52778,0.53837,0.25648,0.34011,178157721,72334941.02154
1621468800000,0.34000,0.42815,0.30180,0.40475,156496306,59557121.21193
1621555200000,0.40465,0.43413,0.29768,0.34762,99710879,37106144.32826
1621641600000,0.34761,0.35581,0.30185,0.31312,80681017,26465937.39497
1621728000000,0.31322,0.32837,0.22104,0.27209,111186927,30019304.10011
1621814400000,0.27219,0.34232,0.26286,0.33798,170288074,51004825.57581
1621900800000,0.33794,0.40658,0.28888,0.39108,203274721,70867987.00420
1621987200000,0.39090,0.47814,0.38482,0.42223,184196625,79341595.19568
1622073600000,0.42212,0.44305,0.38000,0.40492,92258433,37609014.15900
1622160000000,0.40488,0.48599,0.33266,0.35074,144614488,57345562.37245
1622246400000,0.35085,0.38409,0.30199,0.32126,85081955,28928281.53955
1622332800000,0.32125,0.35692,0.29872,0.33467,66293723,22191883.10372
1622419200000,0.33461,0.39211,0.31552,0.36849,85668508,30533654.40182
1622505600000,0.36836,0.40720,0.35705,0.37462,98308025,37319207.60591
1622592000000,0.37477,0.40000,0.36022,0.38087,63118728,24176942.25825
1622678400000,0.38097,0.40858,0.37502,0.39192,57580951,22559250.46928
1622764800000,0.39193,0.39249,0.34324,0.36052,57779969,20914828.56519
1622851200000,0.36056,0.37431,0.33908,0.34541,50861636,18255647.47426
1622937600000,0.34540,0.36241,0.34245,0.35508,31921394,11292482.45876
1623024000000,0.35510,0.36944,0.32504,0.32700,54372649,19151295.29182
1623110400000,0.32702,0.33384,0.28324,0.31905,80345921,24673227.60521
1623196800000,0.31906,0.33621,0.30650,0.33177,60828793,19570745.08855
1623283200000,0.33193,0.34256,0.30579,0.31172,52541494,17092503.54619
1623369600000,0.31172,0.31700,0.28599,0.29169,38027903,11618280.98761
1623456000000,0.29170,0.30896,0.27843,0.29012,48777934,14220088.16349
1623542400000,0.29017,0.31491,0.28303,0.30501,50821711,14959761.06762
1623628800000,0.30511,0.32023,0.29836,0.31292,64794260,20068320.21739
1623715200000,0.31299,0.32116,0.30174,0.30613,47566842,14800318.15454
1623801600000,0.30610,0.31169,0.28428,0.28911,66424882,19820103.66682
1623888000000,0.28913,0.29939,0.28269,0.29272,43958732,12838077.88972
1623974400000,0.29291,0.29683,0.25957,0.27025,66577362,18487326.14675
1624060800000,0.27046,0.27432,0.25868,0.26786,32915717,8834608.50744
1624147200000,0.26770,0.27184,0.24501,0.27059,43919060,11341713.05976
1624233600000,0.27050,0.27194,0.21204,0.21250,77201451,18271379.58879
1624320000000,0.21258,0.22205,0.17387,0.19973,115421919,23225711.23012
1624406400000,0.19967,0.22302,0.19297,0.21701,69212451,14777625.27600
1624492800000,0.21705,0.22694,0.20365,0.22318,55737923,12007008.80872
1624579200000,0.22316,0.23294,0.20427,0.20539,70985832,15488904.71126
1624665600000,0.20541,0.21224,0.19676,0.21058,61696674,12572862.90459
1624752000000,0.21063,0.29487,0.20813,0.27795,646469470,170975706.53020
1624838400000,0.27794,0.29900,0.26517,0.27917,448015972,126128305.54294
1624924800000,0.27915,0.29676,0.27548,0.27828,161808204,46381919.48191
1625011200000,0.27828,0.28249,0.25570,0.26776,109389309,29307923.21382
1625097600000,0.26779,0.26984,0.24483,0.24969,79020618,20099980.60191
1625184000000,0.24934,0.25231,0.23832,0.24952,38559830,9404361.33532
1625270400000,0.24942,0.26565,0.24399,0.25861,41340389,10576626.77340
1625356800000,0.25864,0.26738,0.25002,0.25760,40679006,10598190.91260
1625443200000,0.25765,0.25859,0.24230,0.24720,42864612,10782618.59875
1625529600000,0.24724,0.26131,0.24700,0.25892,42385878,10835160.01160
1625616000000,0.25884,0.27181,0.25539,0.25737,49263010,12963924.58301
1625702400000,0.25744,0.25831,0.23165,0.23647,47977736,11618978.02716
1625788800000,0.23641,0.23991,0.22530,0.23747,43252071,10096477.02472
1625875200000,0.23755,0.24165,0.22774,0.23474,30680609,7216288.05085
1625961600000,0.23478,0.23951,0.23007,0.23523,25942079,6105989.07369
1626048000000,0.23538,0.24121,0.22701,0.23173,36362253,8515097.20634
1626134400000,0.23175,0.23334,0.21905,0.22317,24501222,5552406.09386
1626220800000,0.22320,0.24630,0.21100,0.23235,69201662,15984848.82740
1626307200000,0.23221,0.24500,0.21968,0.22281,67452514,15582658.80709
1626393600000,0.22282,0.22562,0.20652,0.20711,42624234,9219273.41962
1626480000000,0.20718,0.21441,0.20573,0.20750,40035137,8381249.38315
1626566400000,0.20746,0.22153,0.20712,0.21129,37673700,8109515.41949
1626652800000,0.21115,0.21239,0.19815,0.20013,29303962,5965447.37663
1626739200000,0.20015,0.20294,0.18280,0.18781,34443535,6532828.68632
1626825600000,0.18784,0.20598,0.18303,0.20243,38261739,7542919.97375
1626912000000,0.20243,0.21521,0.20065,0.21022,32097388,6633172.60228
1626998400000,0.21012,0.21394,0.20292,0.21096,34487175,7183130.66226
1627084800000,0.21104,0.21886,0.20929,0.21522,33947061,7291144.06965
1627171200000,0.21532,0.22792,0.21113,0.22432,53352192,11775188.42189
1627257600000,0.22418,0.25353,0.22340,0.22918,155385250,37382036.83538
1627344000000,0.22919,0.23721,0.22050,0.22941,64989762,14825651.47832
1627430400000,0.22939,0.23975,0.22293,0.23336,55726470,12891029.71227
1627516800000,0.23345,0.24266,0.22716,0.23974,51779178,12277673.92447
1627603200000,0.23973,0.25022,0.23206,0.24763,50224524,12131058.47388
1627689600000,0.24762,0.26478,0.24372,0.25160,80344756,20463247.87676
1627776000000,0.25156,0.27041,0.24750,0.24984,78119868,20440194.94569
1627862400000,0.24983,0.25980,0.24251,0.25277,55274985,13867097.12289
1627948800000,0.25273,0.25630,0.23635,0.24120,46098714,11286223.88811
1628035200000,0.24121,0.25889,0.23781,0.25250,48283769,11973368.82536
1628121600000,0.25250,0.26243,0.24646,0.25668,58386467,14891836.09953
1628208000000,0.25673,0.27038,0.24805,0.26585,59427435,15367175.78832
1628294400000,0.26574,0.28866,0.26200,0.28166,89796075,24932505.44713
1628380800000,0.28172,0.28435,0.25937,0.26083,64253728,17597716.83940
1628467200000,0.26069,0.29698,0.25321,0.28644,132727139,36753036.05484
1628553600000,0.28641,0.29749,0.28000,0.29244,77513383,22364511.92765
1628640000000,0.29246,0.31016,0.28810,0.29659,67935813,20436584.10660
1628726400000,0.29654,0.30497,0.27643,0.28593,87663945,25402150.89779
1628812800000,0.28588,0.34320,0.28300,0.33753,221958572,71272969.48016
1628899200000,0.33766,0.34118,0.31361,0.32815,100486696,32832231.90076
1628985600000,0.32825,0.33032,0.31144,0.32607,65559538,20980523.03754
1629072000000,0.32616,0.36800,0.32341,0.34438,176378985,61177659.32034
1629158400000,0.34435,0.34935,0.30634,0.31461,106237234,35523439.87835
1629244800000,0.31455,0.32652,0.29580,0.31440,120824220,38175515.79208
1629331200000,0.31445,0.32978,0.30547,0.32926,85803837,27312754.05016
1629417600000,0.32923,0.35889,0.32562,0.35315,147742919,51189495.41793
1629504000000,0.35336,0.36563,0.34153,0.35143,124223805,44154885.96039
1629590400000,0.35140,0.60800,0.35060,0.55277,2370556789,1222688401.97339
1629676800000,0.55277,0.57467,0.48168,0.50782,1190289391,615784041.32093
1629763200000,0.50789,0.53995,0.43471,0.45877,697589404,342811293.04514
1629849600000,0.45892,0.49991,0.43701,0.46536,273182515,127170155.32885
1629936000000,0.46535,0.51859,0.44440,0.49413,387058580,186812014.00861
1630022400000,0.49421,0.54060,0.48035,0.49729,337985802,172843256.32234
1630108800000,0.49715,0.57188,0.48701,0.55387,276949820,146761320.15680
1630195200000,0.55409,0.74750,0.51800,0.55527,1613343502,1024741668.82229
1630281600000,0.55519,0.59900,0.52720,0.53585,595091411,334619637.87386
1630368000000,0.53607,0.56314,0.51500,0.55688,244271980,131423832.59883
1630454400000,0.55688,0.56769,0.52120,0.53598,184992804,99848865.19209
1630540800000,0.53610,0.55199,0.52666,0.52952,140268053,75265772.77657
1630627200000,0.52950,0.53244,0.49268,0.51407,135418600,70566622.30962
1630713600000,0.51403,0.52483,0.50318,0.50926,118541501,60932401.50503
1630800000000,0.50934,0.53599,0.50362,0.52455,135310679,70336424.07929
1630886400000,0.52447,0.53489,0.45628,0.50526,129044338,65807371.16269
1630972800000,0.50526,0.50874,0.33883,0.40572,203441752,89616967.49707
1631059200000,0.40561,0.48979,0.39280,0.43673,236766216,103029319.10038
1631145600000,0.43655,0.48000,0.42975,0.44955,106344972,47499278.97682
1631232000000,0.44955,0.47209,0.40362,0.41661,80244001,34831344.18586
1631318400000,0.41662,0.46998,0.41237,0.43930,78599205,34511226.11912
1631404800000,0.43953,0.52849,0.42086,0.48327,294423369,144164476.97332
1631491200000,0.48343,0.48965,0.41000,0.43434,147956472,65635692.72587
1631577600000,0.43444,0.48583,0.42546,0.46931,107045776,48312080.29552
1631664000000,0.46924,0.50950,0.46000,0.49970,126935215,61669334.13438
1631750400000,0.49956,0.51494,0.45754,0.47219,108263912,52706402.86500
1631836800000,0.47204,0.47630,0.44716,0.46445,76106914,35115968.67817
1631923200000,0.46465,0.46840,0.44870,0.46030,50689868,23253218.27311
1632009600000,0.46040,0.47225,0.44500,0.45048,79591496,36658641.59635
1632096000000,0.45057,0.45277,0.38696,0.40096,110569009,45923610.79465
1632182400000,0.40096,0.41541,0.36615,0.37623,94967492,37550395.10348
1632268800000,0.37641,0.41147,0.36863,0.41061,66946578,26244229.38403
1632355200000,0.41057,0.41588,0.39623,0.41097,48217956,19687350.97477
1632441600000,0.41107,0.41236,0.36613,0.37939,82805421,31753132.17414
1632528000000,0.37942,0.39246,0.36913,0.38435,66662579,25412960.14896
1632614400000,0.38435,0.38615,0.35177,0.36925,78167670,28824761.81727
1632700800000,0.36900,0.38379,0.36459,0.36552,57080558,21496820.03725
1632787200000,0.36545,0.37308,0.34783,0.35035,58419150,21097363.17797
1632873600000,0.35032,0.36694,0.34906,0.35474,53259171,19099933.15921
1632960000000,0.35469,0.37207,0.35316,0.36562,48005538,17383336.60598
1633046400000,0.36558,0.39095,0.36348,0.38845,70497485,26833463.16474
1633132800000,0.38851,0.41120,0.38388,0.39717,63493997,25224175.13468
1633219200000,0.39720,0.43037,0.38813,0.41189,115792715,47796759.59697
1633305600000,0.41190,0.41198,0.38183,0.39989,91978031,36747542.47883
1633392000000,0.39998,0.41538,0.39610,0.40951,69442957,28222662.91110
1633478400000,0.40952,0.41345,0.38032,0.39309,83078845,32901674.92777
1633564800000,0.39314,0.40148,0.38340,0.39569,55840589,21966593.24948
1633651200000,0.39568,0.41993,0.38870,0.40235,98138061,39776333.27700
1633737600000,0.40244,0.43058,0.39571,0.41106,84057961,34797002.69964
1633824000000,0.41124,0.41743,0.38035,0.38335,55425193,22314610.24524
1633910400000,0.38335,0.38981,0.36020,0.36937,83839566,31559451.43426
1633996800000,0.36923,0.37682,0.34811,0.37266,72511038,26363399.76404
1634083200000,0.37260,0.38301,0.36305,0.38226,47473527,17736256.06387
1634169600000,0.38226,0.39600,0.37573,0.38004,50094954,19324308.72336
1634256000000,0.38017,0.49290,0.37025,0.41462,416710131,181651354.34412
1634342400000,0.41454,0.45822,0.41300,0.42199,190391648,82027324.74186
1634428800000,0.42189,0.51430,0.41339,0.45187,442665649,206032131.21754
1634515200000,0.45196,0.46189,0.41807,0.43176,150990283,66456095.10086
1634601600000,0.43174,0.43852,0.42025,0.42949,51299688,22089076.02850
1634688000000,0.42948,0.44302,0.42316,0.43676,50354665,21839076.04519
1634774400000,0.43659,0.44487,0.41127,0.41457,69889219,30031761.90338
1634860800000,0.41448,0.43000,0.40573,0.42607,69220175,29015636.69015
1634947200000,0.42612,0.43845,0.42097,0.43383,66859226,28760929.03720
1635033600000,0.43383,0.43683,0.40604,0.41610,47705567,20043711.14150
1635120000000,0.41563,0.43003,0.41338,0.42858,33312450,14080838.51851
1635206400000,0.42850,0.44192,0.42304,0.43078,55328728,23970384.79641
1635292800000,0.43078,0.44771,0.35255,0.37363,86849613,34500755.44244
1635379200000,0.37370,0.58995,0.36973,0.54045,818898695,416276950.81650
1635465600000,0.54070,0.57555,0.50048,0.54926,480231983,255453260.07322
1635552000000,0.54898,0.64559,0.53575,0.55062,444705951,265335580.82858
1635638400000,0.55054,0.63690,0.54132,0.63333,128885124,73858432.57285
1635724800000,0.63271,1.14320,0.61471,1.02036,2457104694,2134404315.41262
1635811200000,1.02085,1.71804,0.92899,1.43640,2451580797,3256589567.68372
1635897600000,1.43598,1.58380,1.15842,1.18615,948390155,1306658373.09547
1635984000000,1.18615,1.36844,1.06247,1.11615,428919616,512136030.93098
1636070400000,1.11624,1.48500,1.08290,1.18453,787014007,1030890752.27509
1636156800000,1.18456,1.35500,1.16700,1.28346,599593684,762563687.74863
1636243200000,1.28390,1.51691,1.24300,1.48004,361272725,492173109.46343
1636329600000,1.48004,2.49480,1.40829,2.04840,1773375627,3325980762.25859
1636416000000,2.04945,3.04000,2.01000,2.91615,2017025059,4980302546.00929
1636502400000,2.91613,3.82760,2.66242,3.03070,1930204127,6285083132.18581
1636588800000,3.02775,3.71578,2.97028,3.20313,939857215,3124756172.03341
1636675200000,3.20301,3.54011,2.85000,3.03409,561717490,1743371342.53925
1636761600000,3.03409,3.08969,2.62000,2.68204,279452285,782487947.01234
1636848000000,2.68193,3.36180,2.65378,3.06100,646316502,2016549931.62808
1636934400000,3.06108,3.11944,2.85000,2.91164,265951073,787049708.81707
1637020800000,2.91165,2.91315,2.34684,2.63124,327950740,864689729.27130
1637107200000,2.63124,2.88337,2.47863,2.52539,279103059,749285634.19304
1637193600000,2.52489,2.59463,2.16344,2.21766,244924532,579056159.18631
1637280000000,2.21884,2.89373,2.17484,2.65938,484784414,1277793795.27466
1637366400000,2.65938,2.75000,2.50000,2.58149,194023587,509452244.88725
1637452800000,2.58096,2.63500,2.35190,2.37655,140337180,349867083.40994
1637539200000,2.37779,2.85799,2.31552,2.64757,362708671,946951122.84030
1637625600000,2.64757,3.48900,2.53156,3.34000,713840144,2177680493.23701
1637712000000,3.33979,3.50000,2.90050,3.41928,394666637,1235767913.06801
1637798400000,3.41935,3.78730,3.12042,3.20547,358052582,1225151712.34736
1637884800000,3.20516,3.65000,2.64000,2.81970,365798486,1101122731.92060
1637971200000,2.81910,3.11966,2.77570,2.89420,129368201,382104319.16755
1638057600000,2.89367,2.97926,2.65000,2.92948,118389893,330595304.76741
1638144000000,2.92999,3.17383,2.85100,2.86527,135742128,405918015.02383
1638230400000,2.86528,2.96072,2.71239,2.77156,104848263,296078778.93724
1638316800000,2.77200,2.96386,2.70201,2.78045,105426184,297222914.90548
1638403200000,2.78059,2.78060,2.56057,2.63316,68462577,181497885.49466
1638489600000,2.63316,2.64900,2.22070,2.38074,94623831,234122768.78424
1638576000000,2.38037,2.38757,1.60943,2.26689,205231364,416026716.74459
1638662400000,2.26802,2.34668,1.96393,2.03494,107032722,231307223.15127
1638748800000,2.03564,2.53880,1.79588,2.45309,237997470,515327402.74230
1638835200000,2.45470,2.65615,2.36276,2.46144,311836248,785594642.20919
1638921600000,2.46134,2.96145,2.26558,2.56940,262445306,680741139.86121
1639008000000,2.56949,2.73500,2.35000,2.49087,249746172,630341309.12608
1639094400000,2.49093,2.60576,2.29169,2.29871,194970138,478658073.15151
1639180800000,2.29854,2.45994,2.26068,2.42260,74190950,175301410.19384
1639267200000,2.42265,2.48875,2.32177,2.45305,66468763,159753655.16522
1639353600000,2.45335,2.47261,2.05790,2.09430,125945819,284099857.93675
1639440000000,2.09420,2.28191,2.03174,2.18484,129864794,280745926.34830
1639526400000,2.18440,2.28310,2.00379,2.24343,108075563,231741009.23908
1639612800000,2.24346,2.36409,2.09386,2.10630,84009357,187306759.91567
1639699200000,2.10666,2.15819,1.99010,2.05236,65789785,136900995.36260
1639785600000,2.05246,2.11938,1.98803,2.07099,48923114,100962766.64928
1639872000000,2.07102,2.12147,2.01706,2.04513,32911104,67981407.78510
1639958400000,2.04458,2.07968,1.87602,2.01374,68312855,135147710.40017
1640044800000,2.01389,2.45300,1.98514,2.39809,218872577,496576837.56013
1640131200000,2.39802,2.41083,2.18453,2.20256,136558824,312861553.99730
1640217600000,2.20257,2.36000,2.15170,2.31817,90618102,204221950.12818
1640304000000,2.31916,2.37813,2.16847,2.21500,80636291,185469656.11706
1640390400000,2.21555,2.32456,2.19746,2.27342,49671792,112583512.23677
1640476800000,2.27416,2.45734,2.20000,2.35116,105748824,246833844.72256
1640563200000,2.35210,2.45043,2.24413,2.26145,102043845,241762144.14950
1640649600000,2.26161,2.26173,2.04078,2.05613,114341716,245494782.31184
1640736000000,2.05654,2.11639,1.91645,1.97221,80102019,162912334.45273
1640822400000,1.97223,2.05097,1.90881,1.99349,57345974,114557905.69772
1640908800000,1.99371,2.14739,1.94364,2.08464,87774607,180273609.88197
1640995200000,2.08502,2.11985,2.03739,2.08785,37938582,78576935.96339
1641081600000,2.08772,2.11816,2.04550,2.09495,35650248,74062219.40334
1641168000000,2.09546,2.09772,2.01777,2.04591,37970076,78415689.24635
1641254400000,2.04588,2.15087,2.00000,2.05436,54611179,112859390.34154
1641340800000,2.05436,2.10886,1.63649,1.80250,91406166,176178254.77586
1641427200000,1.80250,2.09865,1.66136,1.83904,205438188,384521069.64169
1641513600000,1.83937,1.86500,1.64442,1.67377,165876237,289605234.06337
1641600000000,1.67380,1.73304,1.44249,1.51754,117637586,186301186.28992
1641686400000,1.51868,1.62881,1.50529,1.57257,68798959,107293963.90039
1641772800000,1.57255,1.60554,1.37335,1.46711,99710364,147311226.36360
1641859200000,1.46694,1.52671,1.38610,1.49530,100212537,146631053.08609
1641945600000,1.49489,1.65369,1.46377,1.63281,97663147,152897954.38136
1642032000000,1.63275,1.66695,1.49013,1.49896,87223119,137621764.63069
1642118400000,1.49849,1.54675,1.44574,1.47503,70691966,105184100.52310
1642204800000,1.47502,1.48722,1.38271,1.41974,153112017,217587915.69960
1642291200000,1.41982,1.42253,1.30457,1.36216,183541935,247606917.49511
1642377600000,1.36232,1.37430,1.18250,1.22812,236395441,292332188.12129
1642464000000,1.22821,1.23765,1.09320,1.15840,223545528,256637556.28090
1642550400000,1.15850,1.24590,1.10500,1.17470,450511860,537784079.34119
1642636800000,1.17460,1.22350,1.05050,1.06220,226987244,262788716.33843
1642723200000,1.06220,1.08280,0.83120,0.86610,417151487,402874309.63363
1642809600000,0.86600,0.88820,0.64670,0.73650,555180755,414383850.48613
1642896000000,0.73650,0.86790,0.73090,0.85810,348102826,279329877.16790
1642982400000,0.85830,0.89470,0.70470,0.86100,530310945,419896542.35020
1643068800000,0.86090,1.07180,0.83770,1.03010,747543960,713741708.52180
1643155200000,1.03020,1.17530,0.98060,1.07650,731467391,785500979.59462
1643241600000,1.07630,1.12750,0.92340,0.96120,423437015,429427467.10422
1643328000000,0.96120,1.00900,0.91070,0.98730,244758213,234463345.17910
1643414400000,0.98730,1.01520,0.95480,0.97310,141449048,139323956.04050
1643500800000,0.97320,1.05930,0.95180,1.00120,200563482,203266188.12390
1643587200000,1.00120,1.04030,0.92200,0.99760,174860514,171376571.45440
1643673600000,0.99770,1.02280,0.95200,0.96160,149969279,147780273.22880
1643760000000,0.96160,0.96430,0.84350,0.86700,232402847,212267067.93100
1643846400000,0.86690,0.88890,0.80940,0.84970,234648323,197830440.07210
1643932800000,0.84950,0.91910,0.83950,0.91300,176429639,154542899.68030
1644019200000,0.91310,1.03290,0.90780,0.95880,219972221,214723728.00310
1644105600000,0.95890,1.12320,0.95160,1.12110,332442179,341413202.86970
1644192000000,1.12090,1.22990,1.07260,1.16740,391693316,446625669.23300
1644278400000,1.16720,1.20780,1.02430,1.07560,272950311,300344921.90620
1644364800000,1.07590,1.12650,1.04010,1.09880,162502569,177593917.35110
1644451200000,1.09880,1.10500,0.99190,1.01120,196420800,207420916.64100
1644537600000,1.01130,1.10190,0.91500,0.94210,225743878,231242077.52810
1644624000000,0.94190,0.98130,0.90390,0.95140,128049333,120850550.51140
1644710400000,0.95120,0.96640,0.88880,0.90680,91521442,85607017.86380
1644796800000,0.90700,0.94360,0.87600,0.92080,127225086,114955500.32980
1644883200000,0.92090,0.99570,0.92020,0.98740,118712528,115075872.14180
1644969600000,0.98740,0.99070,0.93250,0.95890,109318863,105579933.74610
1645056000000,0.95880,0.97400,0.85820,0.88390,117563412,109019499.67360
1645142400000,0.88410,0.93950,0.86040,0.87150,126337693,113456841.54770
1645228800000,0.87170,0.91380,0.85700,0.88700,89381510,79168818.42190
1645315200000,0.88710,0.89020,0.78680,0.81030,102887053,85332715.35520
1645401600000,0.81050,0.86520,0.73980,0.74110,166026998,134685138.12120
1645488000000,0.74150,0.81160,0.72350,0.80090,147006916,113351054.45790
1645574400000,0.80100,0.82870,0.74840,0.75180,115496768,91826265.56220
1645660800000,0.75180,0.77660,0.62600,0.74010,262181636,180661893.15797
1645747200000,0.74020,0.78490,0.71660,0.77680,102837749,77218976.00560
1646092800000,0.82390,0.87170,0.78930,0.83490,116378160,96019025.67310
1646179200000,0.83500,0.86810,0.78780,0.80990,106818931,87862465.13560
1646265600000,0.80990,0.81660,0.75850,0.78140,67422178,53337529.85800
1646352000000,0.78120,0.78570,0.71860,0.73350,72488560,54699971.96270
1646438400000,0.73350,0.77490,0.71290,0.75930,83704351,63031234.93400
1646524800000,0.75910,0.76750,0.70860,0.71520,64584811,47884035.57450
1646611200000,0.71520,0.73830,0.67340,0.70370,97309427,68548358.61540
1646697600000,0.70360,0.74500,0.69610,0.73340,84510138,61444556.97670
1646784000000,0.73340,0.76480,0.73000,0.73940,70616778,52941089.02590
1646870400000,0.73930,0.74320,0.68720,0.71750,80887118,57189042.27940
1646956800000,0.71710,0.72350,0.69250,0.69680,64953414,45924724.02110
1647043200000,0.69680,0.71100,0.68760,0.68970,37302761,26228112.21240
1647129600000,0.68980,0.72000,0.67000,0.67940,50737228,35444563.50970
1647216000000,0.67940,0.70120,0.66960,0.69730,48401596,33256414.08900
1647302400000,0.69720,0.70200,0.65180,0.67470,81274130,54804803.16620
1647388800000,0.67480,0.71740,0.67000,0.71480,88822055,61480052.38430
1647475200000,0.71490,0.73950,0.70510,0.70630,59383157,42677483.73410
1647561600000,0.70630,0.74380,0.68600,0.72710,79030765,56189800.23090
1647648000000,0.72730,0.95800,0.72540,0.93330,444301300,389236895.65760
1647734400000,0.93330,0.96000,0.81370,0.82230,429602972,372484222.27740
1647820800000,0.82240,0.85550,0.80000,0.80650,152318018,125397528.67300
1647907200000,0.80650,0.85150,0.78300,0.80650,139268246,114947411.86680
1647993600000,0.80650,1.23500,0.80520,1.16970,2595861856,2900511764.92610
1648080000000,1.16970,1.20500,1.01700,1.08170,1027867781,1128722415.84910
1648166400000,1.08160,1.18550,1.03060,1.05700,529823928,587492424.85290
1648252800000,1.05710,1.17640,1.04210,1.06520,562601700,623982909.70790
1648339200000,1.06530,1.14950,1.04730,1.10470,397846487,434458952.84010
1648425600000,1.10460,1.27750,1.07000,1.13030,825449658,979076440.27780
1648512000000,1.13000,1.36400,1.12570,1.28500,850432726,1078381063.44764
1648598400000,1.28480,1.32890,1.21050,1.27060,383229659,483027257.32280
1648684800000,1.27100,1.34500,1.13180,1.16470,349242637,435665316.15910
1648944000000,1.13930,1.20440,1.11320,1.18760,117040148,136774770.44590
1649030400000,1.18760,1.18770,1.07800,1.14110,129952460,148191505.38010
1649116800000,1.14130,1.19470,1.10000,1.10450,141078108,162259455.39900
1649203200000,1.10440,1.10760,0.96160,0.96640,190633290,196500653.23230
1649289600000,0.96630,1.03920,0.95030,1.01800,145682345,146334137.93770
1649376000000,1.01790,1.04860,0.95150,0.96100,127538065,128097618.56540
1649462400000,0.96120,1.02570,0.95880,1.00730,77405170,76560089.37490
1649548800000,1.00710,1.01340,0.95400,0.95920,67070229,66277371.95410
1649635200000,0.95930,0.96330,0.83440,0.85170,157603044,141195578.26340
1649721600000,0.85190,0.92170,0.83750,0.91160,127682913,113305110.34010
1649808000000,0.91180,0.92670,0.88790,0.92080,97828811,88971489.14580
1649894400000,0.92090,0.94770,0.86780,0.88430,91725618,83092258.28010
1649980800000,0.88430,0.90390,0.87040,0.89460,53538357,47602251.10640
1650067200000,0.89480,0.91990,0.88000,0.90270,61840810,55350130.47940
1650153600000,0.90270,0.90800,0.84700,0.85160,62369929,55411843.06900
1650240000000,0.85150,0.99190,0.82220,0.92980,270626173,242957814.20150
1650326400000,0.92970,0.97880,0.92180,0.95970,151615771,143378582.41360
1650412800000,0.95970,1.04110,0.92880,0.95370,206084661,202859657.47650
1650499200000,0.95370,0.98200,0.89270,0.92020,133141214,126136162.44780
1650585600000,0.92030,0.98800,0.91120,0.95840,220913369,210829588.34700
1650672000000,0.95830,0.98440,0.91490,0.92440,89757534,84705149.55000
1650758400000,0.92460,0.94100,0.88300,0.89340,66786828,60996004.51070
1650844800000,0.89350,0.89580,0.83310,0.88980,107876459,93026500.26600
1650931200000,0.89020,0.90290,0.80500,0.81950,93256861,79942866.66070
1651017600000,0.81930,0.86950,0.81250,0.85630,73030436,61959995.04200
1651104000000,0.85660,0.86750,0.82320,0.84150,79106172,66936127.06170
1651190400000,0.84140,0.84620,0.76570,0.78860,72502538,58675466.88850
1651276800000,0.78860,0.79600,0.64250,0.67970,100870236,73846077.59310
1651363200000,0.67950,0.76100,0.66980,0.74320,108543562,78105472.89530
1651449600000,0.74300,0.78150,0.70170,0.74640,136535882,100267581.32250
1651536000000,0.74630,0.78260,0.70850,0.72170,97007718,72002288.17530
1651622400000,0.72210,0.82160,0.71800,0.81550,97245339,74289464.57750
1651708800000,0.81570,0.85460,0.71020,0.74210,209156168,162914986.59620
1651795200000,0.74190,0.75660,0.70220,0.72450,109403580,79396349.90060
1651881600000,0.72450,0.72700,0.67540,0.69370,64145397,45318832.44030
1651968000000,0.69370,0.69900,0.65260,0.66360,97433219,65965709.61010
1652054400000,0.66360,0.67900,0.53870,0.54350,207129341,124312985.19971
1652140800000,0.54290,0.63500,0.52250,0.57260,223853640,130557815.41004
1652227200000,0.57260,0.58860,0.37940,0.41930,345853652,165131219.52860
1652313600000,0.41930,0.44990,0.32600,0.39480,310330451,118915937.54500
1652400000000,0.39480,0.53460,0.38630,0.46440,196743359,94107781.76460
1652486400000,0.46450,0.48670,0.42960,0.47650,92560479,42467201.96810
1652572800000,0.47690,0.51540,0.45200,0.51460,88925127,42988196.28540
1652659200000,0.51460,0.51470,0.45670,0.46580,109450638,51997132.40350
1652745600000,0.46580,0.51240,0.46370,0.50000,93922197,45937337.98350
1652832000000,0.49990,0.50980,0.44570,0.45250,100573430,47664230.38950
1652918400000,0.45260,0.48900,0.44200,0.48450,106105917,49607654.61320
1653004800000,0.48460,0.50930,0.45960,0.48310,124055778,60088272.77990
1653091200000,0.48310,0.49980,0.46670,0.49030,79463583,38533505.53170
1653177600000,0.49020,0.51660,0.48290,0.51240,97513026,48921033.88250
1653264000000,0.51200,0.66600,0.49310,0.55270,1224875153,740384877.49390
1653350400000,0.55270,0.58640,0.51550,0.55440,492919889,273835245.62050
1653436800000,0.55430,0.63700,0.54950,0.61420,611464698,362746236.56430
1653523200000,0.61400,0.62700,0.50110,0.50920,561534281,311667086.38860
1653609600000,0.50920,0.51440,0.46230,0.47920,399444942,194065145.34380
1653696000000,0.47920,0.49380,0.46680,0.48260,150341777,72505393.55370
1653782400000,0.48260,0.50110,0.46480,0.49390,145170129,70093561.70250
1653868800000,0.49380,0.57700,0.48360,0.56930,231505241,124481925.75980
1653955200000,0.56940,0.57680,0.52560,0.56610,168884458,93520350.29980
1654041600000,0.56600,0.60030,0.50440,0.52390,254132411,142091485.07180
1654128000000,0.52400,0.55690,0.51020,0.55020,168144207,89987316.44830
1654214400000,0.55020,0.55310,0.50870,0.51650,125321773,65822694.25030
1654300800000,0.51650,0.52190,0.49640,0.51490,86794526,44285165.83950
1654387200000,0.51480,0.52060,0.49940,0.50850,68168654,34740641.79340
1654473600000,0.50840,0.60000,0.50570,0.55190,284964935,159772805.24020
1654560000000,0.55180,0.55320,0.50770,0.52850,180081374,94829204.10140
1654646400000,0.52840,0.54420,0.51450,0.51780,92286170,48655493.77820
1654732800000,0.51790,0.53880,0.50800,0.51150,77425639,40385367.10240
1654819200000,0.51170,0.51390,0.47180,0.47990,111170747,54531631.76820
1654905600000,0.47980,0.49490,0.43210,0.44090,105154260,48597804.82160
1654992000000,0.44070,0.44860,0.40330,0.40410,170787747,72195253.14620
1655078400000,0.40410,0.40780,0.33740,0.37710,316980053,116056675.28770
1655164800000,0.37710,0.38820,0.33880,0.37950,216658899,80082882.64340
1655251200000,0.37930,0.41310,0.33930,0.41140,243189582,89565035.01630
1655337600000,0.41160,0.41780,0.35450,0.36330,148101060,55839052.90390
1655424000000,0.36340,0.38490,0.35980,0.37330,89929775,33640166.98070
1655510400000,0.37340,0.37980,0.31450,0.34130,115106029,39771812.72240
1655596800000,0.34130,0.37630,0.32660,0.36770,95591550,33456938.77540
1655683200000,0.36770,0.38190,0.34990,0.37290,82354684,30326556.47850
1655769600000,0.37280,0.42000,0.36510,0.39260,106933952,42152088.01920
1655856000000,0.39270,0.40190,0.36760,0.37500,73360776,28056009.36840
1655942400000,0.37510,0.40710,0.37300,0.40340,71188166,28168297.28940
1656028800000,0.40340,0.43580,0.40300,0.42460,87303728,36585263.86190
1656115200000,0.42440,0.44590,0.41280,0.44010,80737217,34713760.19280
1656201600000,0.44020,0.45250,0.39880,0.40130,69439822,30056530.28990
1656288000000,0.40110,0.42870,0.39760,0.40660,56103882,23177144.37720
1656374400000,0.40670,0.42580,0.38420,0.38810,64678043,26264202.19100
1656460800000,0.38790,0.40150,0.37820,0.38940,72333521,28205113.96470
1656547200000,0.38950,0.39320,0.35600,0.38520,76498571,28457550.30820
1656633600000,0.38510,0.39760,0.36820,0.37890,73955868,28040292.04700
1656720000000,0.37910,0.38360,0.36760,0.37880,42092900,15830197.43400
1656806400000,0.37890,0.38670,0.36850,0.38020,35649259,13427153.84550
1656892800000,0.38030,0.40210,0.37170,0.40080,53103431,20576007.71410
1656979200000,0.40050,0.44050,0.38960,0.40830,200889988,83498112.27390
1657065600000,0.40810,0.41840,0.40030,0.40850,70308062,28741668.52060
1657152000000,0.40850,0.42420,0.40380,0.41760,57368084,23779570.50160
1657238400000,0.41780,0.42770,0.39770,0.40150,53611709,21972384.21420
1657324800000,0.40140,0.41290,0.39850,0.40570,37347912,15217392.39100
1657411200000,0.40560,0.40570,0.38250,0.39050,46002402,18143715.12090
1657497600000,0.39060,0.41350,0.37220,0.39150,263500370,104910527.29370
1657584000000,0.39130,0.39940,0.35820,0.35990,180044509,69234169.92640
1657670400000,0.36000,0.37490,0.34380,0.37050,82073570,29622142.33870
1657756800000,0.37050,0.38890,0.35720,0.38200,72312931,26924292.32860
1657843200000,0.38200,0.39270,0.37090,0.37660,71416893,27303323.02840
1657929600000,0.37660,0.39130,0.36750,0.38690,47410323,18011757.12960
1658016000000,0.38710,0.39860,0.37610,0.37760,51529118,19990199.90330
1658102400000,0.37760,0.45980,0.37470,0.43120,266031215,113573263.77140
1658188800000,0.43110,0.47480,0.42020,0.45100,225096603,100753128.55570
1658275200000,0.45090,0.47780,0.41430,0.42290,134698838,60740334.79940
1658361600000,0.42280,0.43540,0.40460,0.43080,80840559,34060966.39930
1658448000000,0.43080,0.44250,0.40130,0.40400,69709942,29615364.46140
1658534400000,0.40410,0.41840,0.39240,0.40610,53322076,21627642.41500
1658620800000,0.40610,0.42040,0.40050,0.40250,61785132,25311055.41360
1658707200000,0.40240,0.40580,0.36140,0.36230,60297307,23024705.61130
1658793600000,0.36230,0.36810,0.35200,0.36730,53319955,19208530.29080
1658880000000,0.36750,0.39650,0.35770,0.39640,83976503,31420299.11630
1658966400000,0.39640,0.43970,0.38800,0.43270,147623274,60904988.80020
1659052800000,0.43280,0.44800,0.41130,0.42130,114506354,49295915.95680
1659139200000,0.42130,0.46840,0.42130,0.43110,127702266,56466869.27540
1659225600000,0.43120,0.45080,0.41470,0.41780,77486423,33785673.77710
1659312000000,0.41790,0.43660,0.40900,0.42210,65266144,27497077.92570
1659398400000,0.42210,0.42840,0.39340,0.40220,71165149,28830557.05440
1659484800000,0.40230,0.42140,0.38930,0.40170,62602266,25657705.90790
1659571200000,0.40160,0.43620,0.40100,0.41600,126626281,52787692.16890
1659657600000,0.41600,0.44150,0.41320,0.43870,93119954,39955494.22810
1659744000000,0.43870,0.44570,0.43010,0.43300,63482172,27843524.69160
1659830400000,0.43320,0.49330,0.42220,0.48070,365457706,172343746.08760
1659916800000,0.48070,0.50020,0.46240,0.47120,222808694,107564777.53770
1660003200000,0.47110,0.47990,0.43510,0.44830,114141155,52252493.26270
1660089600000,0.44820,0.47110,0.43320,0.46500,108169962,49068237.17860
1660176000000,0.46500,0.48800,0.45420,0.45780,105822645,50283816.51940
1660262400000,0.45790,0.47650,0.44880,0.47410,72717439,33525093.07740
1660348800000,0.47430,0.49630,0.47000,0.49600,102529800,49429425.40800
1660435200000,0.49600,0.52390,0.46300,0.48260,209966474,104584602.41030
1660521600000,0.48260,0.49760,0.46000,0.47000,105243023,50084420.86600
1660608000000,0.46990,0.47670,0.45230,0.45450,88641301,40993712.52810
1660694400000,0.45450,0.47300,0.41500,0.42070,101104505,44829094.24310
1660780800000,0.42070,0.43650,0.39540,0.39910,85671110,36026984.48340
1660867200000,0.39920,0.40030,0.36500,0.37210,111538740,42176190.14290
1660953600000,0.37220,0.38750,0.36240,0.37270,77995267,29360302.74410
1661040000000,0.37270,0.38890,0.37090,0.38300,58185466,22102891.58530
1661126400000,0.38310,0.38380,0.35950,0.37670,62970766,23262283.87480
1661212800000,0.37680,0.38690,0.36180,0.38440,56616260,21322193.98150
1661299200000,0.38450,0.39810,0.37250,0.38720,72124553,27835303.02720
1661385600000,0.38730,0.40780,0.38560,0.39380,70829341,27972329.70980
1661472000000,0.39370,0.39780,0.34760,0.35450,101538115,38133588.06540
1661558400000,0.35450,0.36230,0.34890,0.35510,64468633,22936269.91900
1661644800000,0.35510,0.36030,0.33820,0.34090,43924714,15504529.69140
1661731200000,0.34080,0.36730,0.33600,0.36570,57153998,20204219.39340
1661817600000,0.36560,0.37400,0.34510,0.35490,63180542,22726650.81010
1661904000000,0.35490,0.36610,0.35000,0.35130,48197243,17294004.01060
1661990400000,0.35140,0.35470,0.33770,0.35340,52598932,18217926.52800
1662076800000,0.35340,0.36570,0.34800,0.35400,50435595,17947815.18280
1662163200000,0.35400,0.35800,0.34870,0.35380,30019805,10606406.14830
1662249600000,0.35380,0.36950,0.35170,0.36830,51317983,18640869.11380
1662336000000,0.36820,0.37200,0.34980,0.35440,49675269,17721425.69860
1662422400000,0.35450,0.36710,0.32440,0.32540,98580240,34375937.05870
1662508800000,0.32530,0.34820,0.31900,0.34150,58164676,19443487.58190
1662595200000,0.34150,0.34490,0.33050,0.34280,53778764,18236354.88190
1662681600000,0.34280,0.37640,0.34140,0.37190,68030739,24358075.96480
1662768000000,0.37180,0.37660,0.35950,0.36510,51173832,18817147.39390
1662854400000,0.36510,0.37550,0.35380,0.36160,42818918,15621602.67940
1662940800000,0.36160,0.37440,0.34410,0.35070,62949474,22670349.81590
1663027200000,0.35070,0.36000,0.32800,0.33030,72353890,24849360.75490
1663113600000,0.33030,0.33880,0.32550,0.33660,44795429,14873354.59430
1663200000000,0.33660,0.33900,0.31920,0.32240,59587882,19570799.35240
1663286400000,0.32250,0.32670,0.31600,0.32580,54719238,17620129.35250
1663372800000,0.32590,0.33210,0.32240,0.33090,28553883,9345763.24450
1663459200000,0.33090,0.33370,0.28710,0.30190,61306466,19416325.26590
1663545600000,0.30200,0.31150,0.29450,0.30860,56282702,17073384.96040
1663632000000,0.30860,0.31310,0.29820,0.30060,52612413,16062745.31070
1663718400000,0.30080,0.31860,0.28650,0.29180,83855659,25188441.48400
1663804800000,0.29180,0.31310,0.28980,0.30910,44671919,13568625.22540
1663891200000,0.30910,0.31620,0.29550,0.30620,51497956,15711095.45960
1663977600000,0.30630,0.31010,0.29520,0.29610,32123686,9825020.86510
1664064000000,0.29610,0.30100,0.29000,0.29340,39114408,11608574.53430
1664150400000,0.29330,0.29980,0.28610,0.29910,41740449,12286950.76190
1664236800000,0.29920,0.31070,0.29040,0.29340,64565737,19494065.96470
1664323200000,0.29350,0.30880,0.28230,0.30160,78517476,23323879.89840
1664409600000,0.30160,0.30970,0.29350,0.30100,113594731,34316855.71810
1664496000000,0.30120,0.30620,0.29300,0.29600,64386309,19310009.51440
1664582400000,0.29600,0.29870,0.29090,0.29370,24762932,7315913.82860
1664668800000,0.29360,0.29630,0.28370,0.28490,32870916,9545064.90110
1664755200000,0.28480,0.29680,0.28000,0.29450,45528162,13160712.27330
1664841600000,0.29450,0.30110,0.29310,0.29880,41001494,12194331.97440
1664928000000,0.29870,0.30030,0.28880,0.29510,44710120,13169450.13650
1665014400000,0.29520,0.29990,0.28830,0.28920,54554231,16112738.59710
1665100800000,0.28920,0.29240,0.28440,0.28800,41463491,11952790.48140
1665187200000,0.28800,0.29020,0.28410,0.28640,25658469,7393705.84240
1665273600000,0.28640,0.29170,0.28580,0.28990,28962046,8381844.56610
1665360000000,0.28990,0.29370,0.27280,0.27460,70354173,19959134.51680
1665446400000,0.27450,0.27450,0.26390,0.26710,56229378,15154117.65090
1665532800000,0.26710,0.27010,0.26330,0.26500,34988383,9335152.81530
1665619200000,0.26490,0.26540,0.23730,0.25830,98448981,24738775.28340
1665705600000,0.25810,0.26660,0.25140,0.25560,48193253,12487640.66910
1665792000000,0.25550,0.25850,0.25160,0.25260,27305054,6990449.24210
1665878400000,0.25260,0.26240,0.25150,0.25890,33502732,8641776.39330
1665964800000,0.25890,0.26380,0.25550,0.26300,36824216,9591704.86160
1666051200000,0.26310,0.26660,0.25280,0.25760,50324312,13062074.95960
1666137600000,0.25750,0.25880,0.24460,0.24670,40847947,10310617.47680
1666224000000,0.24670,0.25460,0.24350,0.24520,43633656,10868416.62440
1666310400000,0.24520,0.25120,0.23690,0.25100,41026620,10021281.13630
1666396800000,0.25110,0.25170,0.24600,0.24900,24226104,6032736.80710
1666483200000,0.24900,0.25500,0.24430,0.25430,44508572,11076845.24790
1666569600000,0.25430,0.25600,0.24450,0.24510,49690469,12374954.41400
1666656000000,0.24520,0.26690,0.24500,0.25900,119342888,30669907.19780
1666742400000,0.25900,0.26920,0.25820,0.26510,76456133,20176328.09610
1666828800000,0.26510,0.28430,0.26370,0.26740,128135010,34956712.09290
1666915200000,0.26740,0.27650,0.26070,0.27210,68773194,18431249.23820
1667001600000,0.27200,0.28970,0.27100,0.28050,91261686,25472838.47870
1667088000000,0.28050,0.29100,0.27200,0.27700,75916119,21329398.24570
1667174400000,0.27720,0.28200,0.26920,0.27340,60604039,16696579.21450
1667260800000,0.27350,0.28170,0.26540,0.26560,54328177,14806130.10750
1667347200000,0.26570,0.26700,0.24940,0.25470,86769610,22486682.04090
1667433600000,0.25470,0.28450,0.25310,0.27530,108042859,29399806.77580
1667520000000,0.27520,0.42760,0.27210,0.36810,2183804126,822715278.74350
1667606400000,0.36800,0.38680,0.35040,0.36630,581773618,212933032.39370
1667692800000,0.36640,0.38650,0.33150,0.33330,338858564,122605623.14630
1667779200000,0.33330,0.34300,0.31330,0.32300,179513967,59221188.81490
1667865600000,0.32300,0.33190,0.21490,0.25980,382282718,109507888.35570
1667952000000,0.25980,0.26560,0.20680,0.21400,252326814,60482609.85630
1668038400000,0.21410,0.30650,0.21010,0.27090,502625879,134173883.31040
1668124800000,0.27100,0.27890,0.24710,0.26310,172720055,45842789.62190
1668211200000,0.26320,0.26420,0.23900,0.25020,72235292,18017804.17640
1668297600000,0.25000,0.27000,0.23920,0.24390,119859225,30095197.54280
1668384000000,0.24400,0.25660,0.22940,0.24990,121648701,29957637.74040
1668470400000,0.24990,0.26980,0.24140,0.25720,102277848,26245806.87040
1668556800000,0.25730,0.27170,0.24510,0.24940,83689198,21475688.25430
1668643200000,0.24920,0.25070,0.24190,0.24560,49334974,12129185.90140
1668729600000,0.24570,0.25460,0.24060,0.24820,50273796,12442090.32490
1668816000000,0.24810,0.25050,0.24030,0.24740,48076061,11840004.81520
1668902400000,0.24730,0.25190,0.23080,0.23320,56602823,13788108.31670
1668988800000,0.23310,0.23600,0.22140,0.22900,56732825,13025898.93680
1669075200000,0.22910,0.23400,0.21970,0.23300,53646583,12236023.04900
1669161600000,0.23310,0.24560,0.23180,0.24060,57396126,13710315.03790
1669248000000,0.24060,0.24670,0.23560,0.24170,66442663,15991658.66060
1669334400000,0.24170,0.24970,0.23250,0.23870,77861079,18747609.84520
1669420800000,0.23870,0.24950,0.23620,0.23970,76122916,18586265.85090
1669507200000,0.23970,0.24670,0.23640,0.23760,44724869,10854374.49840
1669593600000,0.23780,0.24090,0.22650,0.23670,59001770,13729646.60830
1669680000000,0.23670,0.24430,0.23250,0.23740,50784323,12167197.01350
1669766400000,0.23740,0.25610,0.23740,0.25400,67400936,16619835.87260
1669852800000,0.25390,0.27850,0.24430,0.25700,233030485,60949742.35140
1669939200000,0.25710,0.26550,0.24850,0.25860,132624277,34043783.12630
1670025600000,0.25860,0.26380,0.25160,0.25370,107744503,27751830.43220
1670112000000,0.25370,0.26090,0.25170,0.25510,61712318,15797193.46080
1670198400000,0.25510,0.26470,0.24580,0.25210,95767522,24525025.15240
1670284800000,0.25210,0.25630,0.24840,0.25190,53156581,13394253.45930
1670371200000,0.25180,0.25440,0.23600,0.23990,54112269,13171834.97250
1670457600000,0.24000,0.24720,0.23540,0.24540,58271214,14098504.18750
1670544000000,0.24540,0.24720,0.23960,0.24110,40151800,9781063.72880
1670630400000,0.24110,0.25570,0.24070,0.24470,99725095,24910762.13170
1670716800000,0.24480,0.25200,0.24070,0.24210,54269660,13463443.26870
1670803200000,0.24210,0.25160,0.23460,0.24950,64561758,15672795.63200
1670889600000,0.24960,0.25830,0.23770,0.24770,77386538,19175851.73890
1670976000000,0.24770,0.25490,0.24130,0.24490,52107511,12973294.41420
1671062400000,0.24510,0.24640,0.23710,0.23980,33200547,7996638.56850
1671148800000,0.23980,0.24310,0.20590,0.21270,63352812,14408262.09080
1671235200000,0.21260,0.21710,0.20440,0.21610,44534378,9439032.06110
1671321600000,0.21610,0.21650,0.20810,0.21010,30632445,6475938.53810
1671408000000,0.21010,0.21310,0.19310,0.19870,50948585,10514535.29330
1671494400000,0.19860,0.20980,0.19800,0.20820,35377803,7285787.40260
1671580800000,0.20810,0.20870,0.20270,0.20660,31551643,6504585.66330
1671667200000,0.20650,0.20800,0.20040,0.20720,33791500,6937980.14030
1671753600000,0.20720,0.20900,0.20440,0.20560,26626992,5496544.85470
1671840000000,0.20550,0.20720,0.20430,0.20690,18258033,3760137.85360
1671926400000,0.20680,0.20820,0.20310,0.20760,23748056,4888893.29550
1672012800000,0.20770,0.20950,0.20580,0.20880,24615680,5111247.12350
1672099200000,0.20890,0.21160,0.20280,0.20480,48982896,10185292.00740
1672185600000,0.20480,0.20560,0.19210,0.19400,47397064,9389637.97130
1672272000000,0.19390,0.19620,0.18820,0.19320,38521358,7431455.20770
1672358400000,0.19310,0.19450,0.18610,0.18770,42211704,8021754.47980
1672444800000,0.18760,0.19140,0.18640,0.18750,29664976,5593162.95710
1672531200000,0.18760,0.19020,0.18520,0.18910,23668431,4445739.11270
1672617600000,0.18920,0.19400,0.18540,0.19230,43819829,8346779.40880
1672704000000,0.19230,0.19490,0.19040,0.19400,35187345,6779266.11660
1672790400000,0.19410,0.19960,0.19320,0.19840,42578920,8394256.77490
1672876800000,0.19840,0.20090,0.19620,0.19850,34803766,6915039.29300
1672963200000,0.19840,0.20970,0.19560,0.20610,116400547,23669033.10490
1673049600000,0.20620,0.20910,0.20390,0.20490,46497810,9592646.53060
1673136000000,0.20490,0.21890,0.20180,0.21680,61523394,12777753.05190
1673222400000,0.21680,0.22750,0.21440,0.21990,106749705,23588866.65420
1673308800000,0.21990,0.22750,0.21370,0.22470,64221712,14249139.69320
1673395200000,0.22460,0.23010,0.21450,0.22940,55469619,12259860.63410
1673481600000,0.22940,0.24160,0.22180,0.23680,118709742,27535985.42990
1673568000000,0.23670,0.24960,0.23240,0.24780,75541119,18107140.21110
1673654400000,0.24760,0.27760,0.23950,0.25940,170213596,43961289.48610
1673740800000,0.25910,0.28440,0.24510,0.27540,173221082,45958603.36350
1673827200000,0.27530,0.30670,0.26140,0.29570,473373139,137393075.99110
1673913600000,0.29560,0.29570,0.27560,0.27840,191651015,54853478.83010
1674000000000,0.27840,0.28990,0.24730,0.25200,180987639,48707969.92700
1674086400000,0.25190,0.26290,0.25010,0.25970,71161137,18225971.19360
1674172800000,0.25970,0.28390,0.25300,0.28200,79045068,21024334.25870
1674259200000,0.28200,0.29640,0.27120,0.27270,135915344,38492041.48760
1674345600000,0.27280,0.29030,0.26850,0.27860,96236867,26979687.29510
1674432000000,0.27860,0.29570,0.27830,0.28860,144719184,41752715.89490
1674518400000,0.28870,0.33730,0.28510,0.29700,316909252,99593984.32980
1674604800000,0.29700,0.31140,0.28140,0.30180,152104971,44641586.01770
1674691200000,0.30190,0.33000,0.30190,0.31580,178173396,56408630.12880
1674777600000,0.31590,0.32420,0.30200,0.31630,99760189,31251889.68380
1674864000000,0.31630,0.32730,0.30830,0.31310,90682377,28803585.43330
1674950400000,0.31320,0.32500,0.31030,0.32150,68426812,21800122.57310
1675036800000,0.32160,0.36780,0.29900,0.30800,480548765,161674936.72520
1675123200000,0.30800,0.36330,0.30650,0.34870,293012404,97432719.27680
1675209600000,0.34870,0.40040,0.33530,0.39240,390139665,140274959.72320
1675296000000,0.39220,0.44690,0.39010,0.41050,517960321,220376315.79430
1675382400000,0.41050,0.42330,0.39640,0.41570,194088451,79236692.99170
1675468800000,0.41560,0.41970,0.39280,0.39670,91468601,37150973.56980
1675555200000,0.39660,0.41500,0.35950,0.37120,143598404,55089140.05280
1675641600000,0.37140,0.38000,0.35620,0.36200,113160699,41909576.35190
1675728000000,0.36190,0.39560,0.35880,0.39290,173084702,66120731.91670
1675814400000,0.39300,0.39970,0.35870,0.37370,111152679,42272319.90510
1675900800000,0.37370,0.41860,0.31710,0.33310,471168604,177883864.03160
1675987200000,0.33300,0.42100,0.32850,0.38370,759642213,292736768.10370
1676073600000,0.38360,0.45660,0.37070,0.43340,744447005,310939291.22450
1676160000000,0.43330,0.44640,0.40480,0.41130,407716229,174801448.84160
1676246400000,0.41140,0.41760,0.37200,0.39150,260871685,101875232.26520
1676332800000,0.39140,0.41600,0.37500,0.41490,255069036,101162785.41610
1676419200000,0.41500,0.44990,0.40290,0.43760,267150846,112961242.87650
1676505600000,0.43760,0.49490,0.42830,0.42900,507674477,236892679.79760
1676592000000,0.42890,0.46620,0.42740,0.44920,207702290,93793377.07060
1676678400000,0.44910,0.47400,0.44340,0.45000,110008293,50427391.33850
1676764800000,0.44990,0.45680,0.42400,0.42910,112964263,49916859.17580
1676851200000,0.42910,0.45920,0.41600,0.44390,130396235,58178430.80830
1676937600000,0.44400,0.44610,0.41010,0.42540,99073301,42376244.86530
1677024000000,0.42540,0.42860,0.39340,0.41240,100943101,41171977.49590
1677110400000,0.41240,0.42430,0.39680,0.40350,89673577,36907948.91270
1677196800000,0.40350,0.40690,0.36730,0.37600,98496491,38247743.81260
1677283200000,0.37600,0.37870,0.34610,0.36340,61356697,22239160.26340
1677369600000,0.36340,0.37070,0.35750,0.36990,40386461,14696590.08700
1677456000000,0.36990,0.37560,0.35340,0.36270,72224082,26345485.87240
1677542400000,0.36270,0.37370,0.34540,0.34590,83528689,30238031.39210
1677628800000,0.34600,0.36850,0.34510,0.36420,52943079,19098675.80180
1677715200000,0.36420,0.36710,0.34570,0.36160,49876845,17695572.73370
1677801600000,0.36150,0.36150,0.31460,0.33850,92432071,30712093.21420
1677888000000,0.33850,0.34100,0.31390,0.32240,42965428,14075559.17270
1677974400000,0.32230,0.33280,0.32000,0.32710,31578713,10379824.10400
1678060800000,0.32700,0.33130,0.32030,0.32960,38319249,12486381.75950
1678147200000,0.32970,0.33670,0.31190,0.32070,45952901,14878266.41400
1678233600000,0.32050,0.32170,0.29190,0.29780,60260938,18475748.03320
1678320000000,0.29780,0.30580,0.26950,0.27320,87804344,25308723.83720
1678406400000,0.27330,0.27560,0.25520,0.27230,103055614,27560620.74610
1678492800000,0.27240,0.28050,0.25580,0.27190,90803676,24229937.78720
1678579200000,0.27190,0.31540,0.26770,0.31400,96851985,27794305.87310
1678665600000,0.31400,0.33320,0.30260,0.32310,114592350,36342925.16970
1678752000000,0.32310,0.35840,0.31830,0.34240,125769384,42487343.64460
1678838400000,0.34230,0.36080,0.30360,0.31210,159126323,52696744.27940
1678924800000,0.31210,0.32180,0.30630,0.31760,83005813,26135930.09250
1679011200000,0.31760,0.36090,0.31290,0.36000,132253241,44844778.11870
1679097600000,0.36000,0.37480,0.34460,0.34720,113537884,41045731.24360
1679184000000,0.34730,0.37090,0.34310,0.35860,69110453,24503561.35870
1679270400000,0.35870,0.38330,0.33970,0.34180,168079505,60715784.49060
1679356800000,0.34180,0.36500,0.32800,0.35640,102948409,35749258.83350
1679443200000,0.35640,0.35760,0.32040,0.33250,108704106,37382733.87390
1679529600000,0.33250,0.36970,0.32720,0.36720,81360363,28604228.65520
1679616000000,0.36720,0.37340,0.33360,0.34490,94575066,33298256.30020
1679702400000,0.34490,0.35620,0.33260,0.34610,91262716,31385172.52180
1679788800000,0.34610,0.36930,0.34390,0.35690,134193534,48250976.26580
1679875200000,0.35690,0.35820,0.32720,0.34350,86152054,29565277.18680
1679961600000,0.34350,0.35200,0.33240,0.34890,74538533,25393119.45770
1680048000000,0.34890,0.37610,0.34570,0.36410,88812874,32378453.60170
1680134400000,0.36410,0.37330,0.34420,0.35140,74191611,26459136.36460
1680220800000,0.35150,0.36410,0.34500,0.36010,48875278,17370283.49760
1680307200000,0.36020,0.38260,0.35310,0.37590,75963509,27864007.65320
1680393600000,0.37590,0.38650,0.35070,0.35880,113304633,42003517.83060
1680480000000,0.35890,0.36430,0.34080,0.35440,90424669,32033930.36280
1680566400000,0.35440,0.36250,0.34800,0.35980,51453089,18334793.98710
1680652800000,0.35970,0.37190,0.35320,0.36280,65555189,23824389.32600
1680739200000,0.36290,0.36780,0.35050,0.35590,45832119,16345123.83350
1680825600000,0.35580,0.35840,0.34810,0.35300,26911634,9503672.09330
1680912000000,0.35310,0.35880,0.34560,0.34830,28473663,10029755.79410
1680998400000,0.34840,0.35420,0.34180,0.35120,27214182,9444570.60770
1681084800000,0.35130,0.35980,0.34680,0.35930,37338729,13170148.35110
1681171200000,0.35920,0.36270,0.35420,0.35610,37897429,13591582.02610
1681257600000,0.35610,0.35860,0.34350,0.35250,45005592,15738568.13470
1681344000000,0.35250,0.36510,0.34900,0.36350,47646523,17098242.26040
1681430400000,0.36370,0.46300,0.36230,0.39810,609463284,248476982.55050
1681516800000,0.39810,0.39860,0.38540,0.38920,78337040,30666829.29460
1681603200000,0.38910,0.39510,0.38110,0.39250,64885655,25189864.23440
1681689600000,0.39240,0.42670,0.37790,0.40810,299991445,122193310.72450
1681776000000,0.40810,0.41950,0.39710,0.40910,98346534,40122077.96690
1681862400000,0.40910,0.41090,0.35840,0.37060,98043368,37438257.72810
1681948800000,0.37060,0.37950,0.35300,0.36250,64024630,23538384.06450
1682035200000,0.36260,0.36550,0.33300,0.33910,50515888,17743841.01910
1682121600000,0.33900,0.35190,0.33710,0.35090,28432881,9788168.52420
1682208000000,0.35090,0.35100,0.33330,0.34140,29735760,10206903.40570
1682294400000,0.34140,0.34670,0.33410,0.33900,33530872,11408562.94640
1682380800000,0.33910,0.34860,0.32930,0.34640,35360806,11920319.98780
1682467200000,0.34650,0.36530,0.32870,0.34760,68677178,24010576.91350
1682553600000,0.34750,0.36110,0.34370,0.35420,53940338,19030920.35000
1682640000000,0.35420,0.35520,0.34030,0.34700,29103943,10130176.18580
1682726400000,0.34690,0.35030,0.34130,0.34710,20776312,7198166.85280
1682812800000,0.34720,0.34920,0.33580,0.33840,22145371,7596357.40580
1682899200000,0.33830,0.34090,0.32190,0.32710,31685182,10478923.41690
1682985600000,0.32700,0.33160,0.32240,0.32910,27039082,8840598.06420
1683072000000,0.32910,0.34340,0.31780,0.33790,50652797,16581379.99260
1683158400000,0.33800,0.33820,0.32530,0.32770,28552192,9475422.08110
1683244800000,0.32780,0.33810,0.32250,0.33470,38071555,12623225.24950
1683331200000,0.33480,0.33850,0.31010,0.31590,41902039,13466673.71510
1683417600000,0.31580,0.32030,0.31180,0.31300,28626051,9057220.37010
1683504000000,0.31310,0.31560,0.27900,0.29320,69561471,20595159.65600
1683590400000,0.29320,0.30050,0.29180,0.29680,45709459,13519270.36590
1683676800000,0.29670,0.30440,0.28150,0.30040,61783656,18275367.21980
1683763200000,0.30050,0.30100,0.27710,0.28230,53671334,15385774.27650
1683849600000,0.28230,0.28800,0.27350,0.28740,45693378,12867842.78310
1683936000000,0.28730,0.28820,0.28240,0.28400,21534758,6142926.09690
1684022400000,0.28410,0.29000,0.28110,0.28860,20363500,5819490.72450
1684108800000,0.28850,0.29480,0.28280,0.29200,30216819,8781227.23470
1684195200000,0.29210,0.29740,0.28840,0.29660,29920408,8769923.16810
1684281600000,0.29670,0.30950,0.29090,0.30520,45913155,13754404.17360
1684368000000,0.30510,0.30540,0.29020,0.29610,32935461,9829748.87680
1684454400000,0.29620,0.30220,0.29320,0.29950,25533048,7608239.76380
1684540800000,0.29950,0.29950,0.29320,0.29820,19790063,5870774.76100
1684627200000,0.29820,0.29920,0.28710,0.29070,22776896,6683873.82170
1684713600000,0.29060,0.29200,0.28500,0.28900,21631649,6252741.82180
1684800000000,0.28910,0.29820,0.28640,0.29290,26725643,7871678.18730
1684886400000,0.29300,0.29410,0.27810,0.28330,31788001,9067839.83360
1684972800000,0.28340,0.28670,0.27480,0.28410,24647440,6967889.14160
1685059200000,0.28400,0.28730,0.28160,0.28490,17913123,5099487.74380
1685145600000,0.28490,0.28900,0.28320,0.28760,16454634,4702499.27080
1685232000000,0.28760,0.29980,0.28570,0.29540,28341284,8265021.05820
1685318400000,0.29540,0.29820,0.28790,0.29180,22595931,6612153.96810
1685404800000,0.29180,0.29510,0.28900,0.29060,18255567,5324071.62780
1685491200000,0.29060,0.29230,0.27590,0.27850,27336465,7716665.06810
1685577600000,0.27860,0.28010,0.26850,0.27150,39145053,10677314.61410
1685664000000,0.27160,0.28290,0.26780,0.28090,25312390,7001237.34250
1685750400000,0.28100,0.28110,0.27450,0.27780,18666055,5188326.24000
1685836800000,0.27780,0.28280,0.27460,0.27860,17330848,4853244.26990
1685923200000,0.27850,0.27860,0.24330,0.25420,62688075,16463598.65370
1686009600000,0.25420,0.26500,0.25200,0.26250,37695655,9733837.19310
1686096000000,0.26240,0.26240,0.24120,0.24350,34351039,8642831.40610
1686182400000,0.24360,0.24720,0.23960,0.24540,29351219,7171175.93130
1686268800000,0.24550,0.24930,0.24090,0.24550,27717916,6793316.30830
1686355200000,0.24560,0.24560,0.18940,0.21040,133280763,28467828.74290
1686441600000,0.21050,0.21400,0.20630,0.21010,35379830,7431124.05820
1686528000000,0.21010,0.21510,0.20330,0.21380,39872793,8366604.43120
1686614400000,0.21380,0.22090,0.21270,0.21550,34452699,7433441.50050
1686700800000,0.21540,0.22090,0.20500,0.21150,50511352,10797769.41340
1686787200000,0.21140,0.21600,0.20610,0.21420,35632057,7510385.83720
1686873600000,0.21420,0.21970,0.20840,0.21590,25517578,5454092.75600
1686960000000,0.21590,0.22330,0.21420,0.21720,24667091,5397710.47730
1687046400000,0.21720,0.21800,0.20910,0.21120,27096309,5814298.72860
1687132800000,0.21120,0.21640,0.20940,0.21350,27070243,5754606.77750
1687219200000,0.21350,0.22180,0.20940,0.22170,38155146,8229966.69490
1687305600000,0.22170,0.23100,0.21350,0.22730,99807790,22268404.67370
1687392000000,0.22740,0.23590,0.22020,0.22180,61755302,14066459.74510
1687478400000,0.22180,0.23330,0.21790,0.22980,52418018,11836327.83090
1687564800000,0.22980,0.26370,0.22610,0.24210,229050577,55888331.09780
1687651200000,0.24220,0.25140,0.23970,0.23990,86198858,21150757.63980
1687737600000,0.23990,0.24060,0.22550,0.23050,65046192,15296040.80880
1687824000000,0.23050,0.23790,0.22890,0.23260,45654672,10685056.99520
1687910400000,0.23260,0.23280,0.20880,0.21740,60010264,13383214.16110
1687996800000,0.21750,0.22460,0.21600,0.22070,30033570,6626960.06330
1688083200000,0.22080,0.23330,0.21060,0.23110,77390347,17508156.32010
1688169600000,0.23120,0.23830,0.22980,0.23830,46077952,10775410.31650
1688256000000,0.23830,0.24050,0.22940,0.23950,39724886,9321044.41860
1688342400000,0.23950,0.24780,0.23820,0.24640,50557450,12322366.43010
1688428800000,0.24640,0.25510,0.23950,0.24130,82898625,20555699.02430
1688515200000,0.24130,0.24580,0.23010,0.23380,52764611,12475385.08900
1688601600000,0.23380,0.24260,0.22460,0.22480,53318470,12410378.81610
1688688000000,0.22480,0.22950,0.22200,0.22920,30951158,7015965.48860
1688774400000,0.22920,0.23080,0.22270,0.22790,22616874,5141477.07670
1688860800000,0.22790,0.23030,0.22240,0.22310,21988632,4981043.76340
1688947200000,0.22300,0.23080,0.21620,0.22680,42392861,9461465.80730
1689033600000,0.22690,0.22900,0.22310,0.22680,27688702,6261605.51770
1689120000000,0.22680,0.23020,0.22320,0.22770,28789922,6553255.99620
1689206400000,0.22760,0.24390,0.22490,0.24330,59609064,14064734.57570
1689292800000,0.24340,0.25510,0.22760,0.23640,103600226,25144474.40360
1689379200000,0.23650,0.24220,0.23350,0.23830,30177351,7175032.23410
1689465600000,0.23830,0.23920,0.22820,0.22990,31543637,7382086.45280
1689552000000,0.22990,0.23960,0.22670,0.23670,67825382,15840109.96200
1689638400000,0.23670,0.23950,0.22360,0.22830,49424643,11403253.81660
1689724800000,0.22830,0.23270,0.22470,0.22640,34791803,7944489.81320
1689811200000,0.22650,0.23200,0.22110,0.22530,42682530,9676786.44830
1689897600000,0.22540,0.23610,0.22330,0.22870,100262243,22975373.95100
1689984000000,0.22880,0.23120,0.21950,0.22260,59820879,13549192.31860
1690070400000,0.22260,0.22900,0.22120,0.22620,42321116,9544744.91850
1690156800000,0.22620,0.23000,0.21550,0.21730,72342884,16086887.74040
1690243200000,0.21720,0.22070,0.21470,0.21630,35844482,7811592.84430
1690329600000,0.21620,0.23020,0.21260,0.22360,87232691,19409471.92150
1690416000000,0.22370,0.22790,0.22210,0.22600,50147811,11278755.20330
1690502400000,0.22610,0.22860,0.22410,0.22510,35469678,8027292.39490
1690588800000,0.22510,0.22710,0.22320,0.22490,21816541,4911582.49610
1690675200000,0.22490,0.22580,0.21610,0.22250,34991253,7782166.35450
1690761600000,0.22250,0.22440,0.21490,0.21600,35400427,7802082.15480
1690848000000,0.21600,0.21680,0.20700,0.21580,57861045,12286215.71250
1690934400000,0.21580,0.21670,0.20690,0.21140,39619525,8416541.36420
1691020800000,0.21130,0.21330,0.20790,0.21020,33637988,7105392.16870
1691107200000,0.21020,0.21460,0.20750,0.20980,46092876,9729401.14930
1691193600000,0.20980,0.21350,0.20770,0.21320,29374529,6169461.60590
1691280000000,0.21320,0.22010,0.21230,0.21690,39621495,8580528.13270
1691366400000,0.21680,0.23080,0.21600,0.22020,128617486,28719293.51440
1691452800000,0.22020,0.23730,0.21970,0.22480,205476942,47146488.10640
1691539200000,0.22480,0.22550,0.21750,0.21940,58856162,13059147.80880
1691625600000,0.21940,0.22330,0.21850,0.22150,42467075,9386398.17170
1691712000000,0.22150,0.23010,0.21800,0.22320,70750016,15810266.52130
1691798400000,0.22320,0.22390,0.22030,0.22220,23125095,5133767.70010
1691884800000,0.22220,0.22440,0.22000,0.22160,29114440,6459725.05080
1691971200000,0.22160,0.22590,0.21860,0.22190,31590778,7012543.01420
1692057600000,0.22200,0.22220,0.20310,0.21250,54118409,11601956.34030
1692144000000,0.21240,0.21290,0.19530,0.20120,72446233,14805710.30970
1692230400000,0.20120,0.20310,0.16350,0.18200,93310043,17816551.95150
1692316800000,0.18200,0.18740,0.18100,0.18590,59937889,11042033.99570
1692403200000,0.18590,0.18790,0.18440,0.18700,28669832,5334087.67860
1692489600000,0.18690,0.18870,0.18470,0.18570,25804803,4812788.35040
1692576000000,0.18560,0.18700,0.17690,0.18400,42247152,7710961.23970
1692662400000,0.18410,0.18570,0.17510,0.18340,49294215,8958151.31720
1692748800000,0.18340,0.18790,0.18060,0.18610,36386308,6713793.92790
1692835200000,0.18600,0.18660,0.18030,0.18320,36204496,6670309.00400
1692921600000,0.18320,0.18380,0.17840,0.18250,30588210,5548813.73070
1693008000000,0.18240,0.18470,0.17950,0.17980,14664300,2669218.28140
1693094400000,0.17980,0.18140,0.17830,0.18050,17728797,3184885.57160
1693180800000,0.18050,0.18390,0.17700,0.18250,29382467,5308006.71630
1693267200000,0.18260,0.19250,0.17900,0.18930,56702378,10634872.67260
1693353600000,0.18940,0.18980,0.18450,0.18600,35600675,6676002.07970
1693440000000,0.18600,0.18780,0.17650,0.17910,42278118,7707188.23290
1693526400000,0.17910,0.18050,0.17380,0.17730,32283628,5722865.08230
1693612800000,0.17730,0.17920,0.17530,0.17810,19455724,3446218.18270
1693699200000,0.17810,0.17980,0.17570,0.17960,17337129,3081390.81550
1693785600000,0.17960,0.19800,0.17940,0.18640,152931664,28791431.49130
1693872000000,0.18650,0.18990,0.18460,0.18740,48566519,9111431.25850
1693958400000,0.18740,0.18880,0.18000,0.18490,43727530,8103223.78050
1694044800000,0.18480,0.18690,0.18160,0.18630,23931663,4411586.40230
1694131200000,0.18640,0.18790,0.18260,0.18650,26093564,4839805.23040
1694217600000,0.18640,0.20030,0.18570,0.18770,99806196,19163096.80170
1694304000000,0.18780,0.19430,0.17860,0.18520,103497033,19388226.23000
1694390400000,0.18510,0.18710,0.17250,0.17440,56187962,10068561.10760
1694476800000,0.17440,0.18130,0.17290,0.17390,47245565,8309792.34580
1694563200000,0.17380,0.17840,0.17150,0.17620,28876586,5063051.55810
1694649600000,0.17630,0.18020,0.17470,0.17700,21897567,3883886.55860
1694736000000,0.17700,0.18270,0.17610,0.18160,24860788,4447978.87350
1694822400000,0.18170,0.18550,0.17960,0.18200,27097999,4939237.67940
1694908800000,0.18200,0.18220,0.17260,0.17500,28469741,5041584.26350
1694995200000,0.17500,0.18060,0.17300,0.17580,25770480,4570643.35070
1695081600000,0.17570,0.18040,0.17490,0.17820,24297091,4321224.07990
1695168000000,0.17820,0.17950,0.17430,0.17730,24990129,4420446.34950
1695254400000,0.17740,0.18010,0.17200,0.17260,33192914,5830242.71080
1695340800000,0.17270,0.17560,0.17100,0.17500,24698789,4290312.32570
1695427200000,0.17490,0.17730,0.17270,0.17460,38887648,6791557.33990
1695513600000,0.17460,0.17480,0.16840,0.17050,26132896,4509692.74670
1695600000000,0.17040,0.17350,0.16810,0.17180,24071655,4133506.30740
1695686400000,0.17180,0.17300,0.16920,0.17210,23378416,4005695.59720
1695772800000,0.17210,0.17530,0.17020,0.17220,29812285,5134366.71130
1695859200000,0.17220,0.17670,0.17180,0.17530,32548007,5680748.11750
1695945600000,0.17530,0.17680,0.17250,0.17640,24910922,4360057.78270
1696032000000,0.17630,0.18090,0.17520,0.17960,35758753,6393163.28740
1696118400000,0.17960,0.19050,0.17940,0.18860,41730261,7730022.23910
1696204800000,0.18860,0.19100,0.18040,0.18390,39621757,7398070.42230
1696291200000,0.18390,0.18680,0.17690,0.17810,27663854,5019039.10860
1696377600000,0.17800,0.17810,0.17180,0.17640,31698212,5569450.88030
1696464000000,0.17640,0.17700,0.17150,0.17180,22766967,3960562.52520
1696550400000,0.17170,0.17770,0.17170,0.17570,26856147,4691972.07120
1696636800000,0.17580,0.17670,0.17260,0.17470,16522895,2886871.70500
1696723200000,0.17470,0.17680,0.17220,0.17510,23629620,4127392.96010
1696809600000,0.17520,0.17850,0.16590,0.16860,52765568,9054711.89000
1696896000000,0.16870,0.17150,0.16680,0.16870,23944571,4055700.19410
1696982400000,0.16870,0.16930,0.16410,0.16620,25165100,4182578.12480
1697068800000,0.16620,0.16620,0.16010,0.16380,30096668,4917333.97320
1697155200000,0.16390,0.17010,0.16370,0.16860,29008149,4850129.76540
1697241600000,0.16870,0.16950,0.16680,0.16720,14110807,2368945.96360
1697328000000,0.16710,0.17070,0.16650,0.17000,26943127,4529940.10980
1697414400000,0.17010,0.17750,0.16830,0.16910,53904851,9247927.20880
1697500800000,0.16910,0.17010,0.16240,0.16400,38680406,6448543.43190
1697587200000,0.16390,0.16760,0.16170,0.16260,28847471,4734458.66010
1697673600000,0.16250,0.16330,0.15870,0.16100,33184354,5330537.08000
1697760000000,0.16100,0.16930,0.16000,0.16700,31743165,5267106.10050
1697846400000,0.16710,0.17260,0.16680,0.17030,24854895,4233377.44500
1697932800000,0.17030,0.17420,0.16790,0.17350,31827181,5448902.93350
1698019200000,0.17360,0.18540,0.17110,0.18340,67082476,11858994.58120
1698105600000,0.18340,0.20060,0.18160,0.18870,114706756,21692651.44890
1698192000000,0.18870,0.19560,0.18580,0.19140,49596632,9462539.43780
1698278400000,0.19150,0.19840,0.18320,0.19030,62645051,11944130.24940
1698364800000,0.19040,0.19440,0.18520,0.18910,54110197,10277773.69340
1698451200000,0.18920,0.19580,0.18870,0.19240,29383078,5666325.69740
1698537600000,0.19250,0.20360,0.19000,0.20240,41518776,8158639.26470
1698624000000,0.20240,0.20450,0.19260,0.19810,51151926,10180391.03060
1698710400000,0.19820,0.20720,0.19210,0.19650,71108250,14190744.38350
1698796800000,0.19650,0.20780,0.19310,0.20540,66643197,13315810.30440
1698883200000,0.20550,0.21170,0.19720,0.20650,69268491,14206972.53940
1698969600000,0.20650,0.23410,0.19840,0.21640,123514299,26495577.24520
1699056000000,0.21640,0.21650,0.20860,0.21440,54577881,11627917.94140
1699142400000,0.21450,0.23480,0.21330,0.22110,119068939,26669253.02340
1699228800000,0.22110,0.23090,0.22020,0.22860,74829935,16850857.81030
1699315200000,0.22860,0.22900,0.21580,0.22470,64265495,14367173.65050
1699401600000,0.22480,0.22910,0.22190,0.22610,39729915,8976549.80320
1699488000000,0.22620,0.23840,0.19450,0.22210,126716060,28558642.62830
1699574400000,0.22210,0.23900,0.22140,0.23480,98155685,22769837.29680
1699660800000,0.23490,0.24350,0.22410,0.23840,81339305,19118458.15120
1699747200000,0.23840,0.24800,0.22800,0.24260,82982750,19955448.24960
1699833600000,0.24270,0.24790,0.22630,0.22650,77211938,18350208.67030
1699920000000,0.22650,0.23300,0.21290,0.22530,73006766,16438776.78700
1700006400000,0.22520,0.24040,0.22460,0.23790,77234618,18142087.51710
1700092800000,0.23790,0.24310,0.22230,0.22840,83345614,19497793.12830
1700179200000,0.22830,0.23590,0.21530,0.22190,62795993,14187417.50690
1700265600000,0.22200,0.22210,0.20790,0.21540,53857550,11518527.44920
1700352000000,0.21530,0.22370,0.21030,0.22280,37588975,8177275.77330
1700438400000,0.22290,0.22780,0.21710,0.22020,59021839,13191513.72690
1700524800000,0.22030,0.22590,0.19520,0.19640,88736083,18687671.72070
1700611200000,0.19630,0.21120,0.19570,0.20770,63466587,12892483.89480
1700697600000,0.20780,0.21220,0.20520,0.21110,43297683,9058736.65570
1700784000000,0.21110,0.21950,0.21080,0.21700,43407270,9386614.11660
1700870400000,0.21700,0.22740,0.21510,0.22270,49425121,11027036.77210
1700956800000,0.22260,0.22650,0.21340,0.22020,49339209,10904700.12150
1701043200000,0.22020,0.22200,0.20790,0.21400,52853346,11277505.10020
1701129600000,0.21390,0.21770,0.20730,0.21680,39406322,8406379.09550
1701216000000,0.21680,0.22600,0.21110,0.21950,63007429,13766831.15780
1701302400000,0.21960,0.22210,0.21320,0.21610,51854017,11247042.70190
1701388800000,0.21610,0.22700,0.21380,0.22590,41359885,9165369.59760
1701475200000,0.22600,0.22920,0.22080,0.22790,43466485,9798991.64510
1701561600000,0.22790,0.22960,0.22160,0.22450,33842578,7609408.82360
1701648000000,0.22460,0.24020,0.21500,0.23930,114650081,26222341.43700
1701734400000,0.23940,0.24220,0.23140,0.23960,81670171,19313947.68480
1701820800000,0.23970,0.25470,0.22890,0.24190,146690823,35447596.27090
1701907200000,0.24190,0.25530,0.23330,0.25210,103633137,25401124.66090
1701993600000,0.25210,0.26420,0.25090,0.26200,88890176,22926780.06670
1702080000000,0.26210,0.27060,0.25300,0.25910,101366574,26773827.44260
1702166400000,0.25920,0.26780,0.25460,0.26330,57263267,14964894.20820
1702252800000,0.26320,0.26550,0.22200,0.24370,138005461,33634074.48890
1702339200000,0.24370,0.26060,0.24330,0.25970,88258868,22310841.13150
1702425600000,0.25980,0.26230,0.23820,0.25880,104022706,25950080.96780
1702512000000,0.25890,0.27010,0.25330,0.26670,76794990,20217093.53150
1702598400000,0.26670,0.26720,0.24740,0.24880,57578161,14739977.97630
1702684800000,0.24890,0.26040,0.24580,0.25800,49264703,12556250.26310
1702771200000,0.25810,0.33730,0.25150,0.29040,466134598,139837964.99180
1702857600000,0.29030,0.29320,0.25360,0.26890,305348081,82444787.32550
1702944000000,0.26890,0.27190,0.25590,0.26030,128636639,34023601.55740
1703030400000,0.26040,0.26840,0.25750,0.26120,75427831,19866535.74200
1703116800000,0.26120,0.26840,0.25770,0.26690,72189346,18945453.76050
1703203200000,0.26690,0.29460,0.26580,0.28150,191818532,54012032.61510
1703289600000,0.28150,0.29220,0.27430,0.29170,89333458,25325986.79590
1703376000000,0.29160,0.30170,0.27930,0.28650,121834576,35286093.25570
1703462400000,0.28650,0.31080,0.28300,0.30680,79568514,23640460.54400
1703548800000,0.30670,0.31490,0.26870,0.30220,124778200,37312974.27180
1703635200000,0.30230,0.34040,0.28810,0.32840,193749101,61400919.95630
1703721600000,0.32850,0.35390,0.31170,0.32110,341874902,114000404.76470
1703808000000,0.32100,0.35840,0.30480,0.33710,254726086,85481345.32480
1703894400000,0.33710,0.34470,0.30840,0.31240,142377820,45830897.85390
1703980800000,0.31250,0.32220,0.29010,0.29870,95338084,29433615.27570
1704067200000,0.29870,0.31250,0.29270,0.31140,70764800,21385911.18750
1704153600000,0.31140,0.31830,0.29610,0.30200,78102316,24093638.34650
1704240000000,0.30200,0.31970,0.20510,0.26580,173907518,48263281.84600
1704326400000,0.26590,0.27840,0.26020,0.27380,58563111,15901943.31400
1704412800000,0.27380,0.27650,0.24440,0.25880,84157371,21709813.41600
1704499200000,0.25890,0.25910,0.24100,0.24840,61064020,15203482.11320
1704585600000,0.24840,0.25790,0.23210,0.23480,53594782,13209256.78150
1704672000000,0.23490,0.25450,0.21900,0.25390,78487710,18547723.09420
1704758400000,0.25400,0.25520,0.23230,0.24670,70929741,17176670.13090
1704844800000,0.24680,0.28050,0.23760,0.27330,113644406,29342505.04880
1704931200000,0.27340,0.29130,0.26740,0.28280,96991144,27152158.30080
1705017600000,0.28270,0.29020,0.25560,0.26560,80152738,22059217.93720
1705104000000,0.26570,0.27000,0.25650,0.26390,28925928,7660555.68960
1705190400000,0.26390,0.26500,0.24660,0.24770,44371374,11421791.23180
1705276800000,0.24780,0.25990,0.24710,0.25270,30806119,7860469.94350
1705363200000,0.25270,0.26210,0.25000,0.25830,33919156,8715487.43230
1705449600000,0.25840,0.25990,0.24810,0.25300,39260102,9932038.09830
1705536000000,0.25310,0.25610,0.23560,0.23990,47168147,11643805.61900
1705622400000,0.24010,0.24190,0.22370,0.23730,54940171,12828264.68910
1705708800000,0.23730,0.24160,0.23400,0.24050,25988597,6189751.86560
1705795200000,0.24050,0.24630,0.23770,0.24040,37691853,9135267.59980
1705881600000,0.24030,0.27740,0.22480,0.22780,558016420,140787429.68630
1705968000000,0.22770,0.23530,0.21420,0.22980,116928293,26332172.39600
1706054400000,0.22990,0.23690,0.22590,0.23270,58849193,13601983.97320
1706140800000,0.23270,0.23330,0.22290,0.22970,37922688,8662352.77670
1706227200000,0.22980,0.24080,0.22720,0.23980,47187157,11119330.90520
1706313600000,0.23990,0.24290,0.23600,0.24050,37210601,8930856.92660
1706400000000,0.24060,0.24460,0.23430,0.23580,37600063,9000675.00280
1706486400000,0.23580,0.24310,0.23100,0.24210,43786094,10420013.56840
1706572800000,0.24200,0.24400,0.23470,0.23610,34743828,8363863.95950
1706659200000,0.23620,0.23950,0.22740,0.23010,42594575,9963524.11770
1706745600000,0.23020,0.23330,0.22460,0.23260,27675268,6359727.91370
1706832000000,0.23260,0.23560,0.23040,0.23440,21324890,4976931.85130
1706918400000,0.23450,0.23590,0.22960,0.23020,16901484,3929551.67070
1707004800000,0.23020,0.23040,0.22360,0.22400,23622880,5360845.26710
1707091200000,0.22400,0.23100,0.22140,0.22640,28789044,6513988.27670
1707177600000,0.22640,0.23130,0.22510,0.22890,24456915,5579520.90630
1707264000000,0.22880,0.23690,0.22480,0.23500,31015648,7125512.30430
1707350400000,0.23510,0.23710,0.22940,0.23190,33338882,7762195.15220
1707436800000,0.23180,0.24310,0.23180,0.23910,45872782,10944086.14450
1707523200000,0.23920,0.24370,0.23270,0.24040,35154783,8410771.28810
1707609600000,0.24050,0.24280,0.23670,0.23840,29127782,7001880.47410
1707696000000,0.23850,0.24740,0.23380,0.24580,42933731,10347753.69720
1707782400000,0.24590,0.24710,0.23170,0.23940,61345657,14685062.52240
1707868800000,0.23950,0.25160,0.23680,0.24900,54309116,13360084.51190
1707955200000,0.24900,0.25600,0.24820,0.25260,61597855,15525996.10460
1708041600000,0.25270,0.25810,0.24400,0.25200,84110709,21187664.88860
1708128000000,0.25190,0.25440,0.24170,0.25220,46047052,11459096.54380
1708214400000,0.25210,0.26780,0.24940,0.25870,74538553,19317225.17760
1708300800000,0.25860,0.27000,0.25830,0.26870,56107520,14790337.82870
1708387200000,0.26870,0.27010,0.24680,0.26060,91668168,23933245.85820
1708473600000,0.26060,0.26240,0.24060,0.25130,66662619,16633236.00070
1708560000000,0.25140,0.26400,0.24680,0.25880,48313516,12395852.38860
1708646400000,0.25880,0.26330,0.24940,0.26030,73248516,18833580.82630
1708732800000,0.26030,0.28490,0.25380,0.27220,145698388,39994693.03160
1708819200000,0.27230,0.28350,0.26980,0.27910,61974387,17175898.70820
1708905600000,0.27910,0.28740,0.27330,0.28410,74524097,20932771.71310
1708992000000,0.28420,0.29460,0.27890,0.28540,73524905,21126437.73330
1709078400000,0.28540,0.29830,0.24260,0.28450,118654352,33485730.67080
1709164800000,0.28450,0.30470,0.27690,0.28760,109055241,31898879.24140
1709251200000,0.28780,0.30570,0.28770,0.30370,70261976,20960315.29350
1709337600000,0.30380,0.32890,0.30210,0.32360,90668865,28527526.99150
1709424000000,0.32360,0.35600,0.28250,0.34190,188400985,62231112.18960
1709510400000,0.34190,0.34690,0.31650,0.33060,143317254,47873065.20850
1709596800000,0.33070,0.38360,0.26540,0.32380,303895551,104458872.83390
1709683200000,0.32370,0.35890,0.31460,0.35790,133738381,45674020.01940
1709769600000,0.35780,0.36850,0.34200,0.36530,106324755,38004407.77490
1709856000000,0.36530,0.37250,0.32650,0.35630,107863911,38102780.97300
1709942400000,0.35630,0.38000,0.35160,0.37150,68680224,24874371.67450
1710028800000,0.37160,0.41690,0.36470,0.40250,188064300,73050217.16520
1710115200000,0.40250,0.47500,0.36550,0.43030,333218734,142868942.12570
1710201600000,0.43040,0.43810,0.38910,0.42150,178724186,74746006.18410
1710288000000,0.42150,0.44510,0.41720,0.42720,100886534,43253051.81450
1710374400000,0.42720,0.55500,0.42550,0.53970,704073720,355620700.88870
1710460800000,0.53970,0.55550,0.43410,0.49130,435100793,216758371.16320
1710547200000,0.49130,0.49680,0.41560,0.42640,222987107,101324590.21430
1710633600000,0.42650,0.45530,0.40820,0.43710,148034056,64523507.00720
1710720000000,0.43710,0.43760,0.38370,0.39110,138794592,56681078.47060
1710806400000,0.39110,0.39620,0.33660,0.35440,237007959,85955016.16970
1710892800000,0.35440,0.40360,0.34100,0.39990,189448106,69673485.63540
1710979200000,0.39980,0.40690,0.37650,0.39110,107463725,42122232.54960
1711065600000,0.39100,0.40190,0.36580,0.37800,90478098,34633471.38530
1711152000000,0.37800,0.39490,0.37230,0.37920,55860037,21532034.39240
1711238400000,0.37910,0.40290,0.37320,0.39960,57817588,22393239.24060
1711324800000,0.39970,0.42900,0.39530,0.41560,61785215,25363547.87560
1711411200000,0.41570,0.42940,0.40270,0.41710,63804043,26509437.25450
1711497600000,0.41700,0.42710,0.38540,0.39330,85413688,34362879.39220
1711584000000,0.39320,0.40320,0.38420,0.39390,50841356,20033351.12710
1711670400000,0.39410,0.39490,0.37820,0.38490,45177649,17490236.85560
1711756800000,0.38490,0.38760,0.37000,0.37460,36805593,13991554.70950
1711843200000,0.37460,0.38840,0.37280,0.38290,33089666,12669159.98710
1711929600000,0.38300,0.38780,0.35240,0.36300,68526282,25215862.41720
1712016000000,0.36300,0.36320,0.33210,0.33880,70548973,24207509.12400
1712102400000,0.33880,0.35300,0.32560,0.34080,48487784,16522415.46030
1712188800000,0.34070,0.35900,0.32870,0.34760,41614372,14350373.82690
1712275200000,0.34760,0.34870,0.32350,0.33570,43599061,14573127.36010
1712361600000,0.33570,0.34740,0.33370,0.34350,24185221,8232983.98580
1712448000000,0.34350,0.35240,0.34050,0.35000,26461159,9186539.66200
1712534400000,0.35000,0.36560,0.34010,0.36210,36335876,12974566.41180
1712620800000,0.36210,0.36780,0.33910,0.34040,50304541,17758476.60840
1712707200000,0.34030,0.34460,0.32100,0.34050,48781723,16344133.02880
1712793600000,0.34060,0.35720,0.33560,0.33820,44487035,15266096.73410
1712880000000,0.33820,0.34600,0.24680,0.28320,112468258,33097257.28620
1712966400000,0.28320,0.28790,0.20560,0.24530,159211545,39790113.76990
1713052800000,0.24520,0.27170,0.23560,0.26860,102141014,25934537.30650
1713139200000,0.26850,0.27870,0.24220,0.25120,82053641,21365299.48120
1713225600000,0.25120,0.26050,0.23800,0.25210,71062389,17733500.50770
1713312000000,0.25210,0.25650,0.23620,0.24620,65758276,16255057.53340
1713398400000,0.24620,0.25630,0.23910,0.25150,44848353,11153348.28800
1713484800000,0.25150,0.26100,0.22790,0.25210,66064419,16492118.55710
1713571200000,0.25210,0.27610,0.24850,0.27360,35854019,9404191.10070
1713657600000,0.27360,0.27630,0.26130,0.26720,34821498,9354088.55980
1713744000000,0.26730,0.27970,0.26570,0.27680,37469094,10259686.10420
1713830400000,0.27680,0.28050,0.26940,0.27480,34025531,9351373.72070
1713916800000,0.27470,0.28480,0.25880,0.26250,53084792,14477591.17460
1714003200000,0.26250,0.26910,0.25530,0.26450,41644389,10898356.42360
1714089600000,0.26450,0.26560,0.25440,0.25640,34893651,9066354.11850
1714176000000,0.25640,0.26140,0.24380,0.25960,38445929,9772633.44500
1714262400000,0.25970,0.26700,0.25370,0.25480,24497366,6396398.68290
1714348800000,0.25490,0.25800,0.24240,0.25100,41797703,10388282.44170
1714435200000,0.25100,0.25380,0.22640,0.23590,61627240,14616403.60430
1714521600000,0.23580,0.24160,0.21940,0.23900,68013363,15719656.13980
1714608000000,0.23890,0.24570,0.23130,0.24190,31444126,7498057.02700
1714694400000,0.24190,0.26170,0.23960,0.26020,31172074,7776429.28480
1714780800000,0.26010,0.26280,0.25480,0.25740,27185314,7003398.07440
1714867200000,0.25740,0.26430,0.25210,0.26070,23058073,5956504.61210
1714953600000,0.26070,0.27130,0.25410,0.25490,35304272,9208020.43230
1715040000000,0.25490,0.26130,0.24950,0.25070,31025015,7929279.97450
1715126400000,0.25070,0.25620,0.24490,0.24980,33621432,8406598.34280
1715212800000,0.24990,0.26240,0.24350,0.26020,22297664,5650100.32090
1715299200000,0.26010,0.26390,0.24200,0.24450,35823088,9068635.22870
1715385600000,0.24450,0.24870,0.24100,0.24240,19018145,4657483.56820
1715472000000,0.24250,0.24690,0.23930,0.24130,13706182,3335585.57350
1715558400000,0.24130,0.25530,0.23130,0.24280,54837681,13401392.14090
1715644800000,0.24270,0.27380,0.23790,0.24050,273743931,69522953.32960
1715731200000,0.24050,0.26150,0.23610,0.25570,117869367,29103866.05710
1715817600000,0.25580,0.25880,0.24590,0.25170,48253032,12205927.24720
1715904000000,0.25160,0.26210,0.24830,0.26040,33786648,8652149.83520
1715990400000,0.26050,0.26320,0.25660,0.26000,24440392,6360303.29180
1716076800000,0.26000,0.26350,0.24740,0.24890,28661544,7307435.64880
1716163200000,0.24890,0.27650,0.24510,0.27570,51551474,13471598.13370
1716249600000,0.27570,0.30540,0.27370,0.29280,98779654,28738744.84220
1716336000000,0.29280,0.29430,0.28020,0.28660,45386612,13062525.22900
1716422400000,0.28670,0.29220,0.25750,0.28010,74833538,20927236.32430
1716508800000,0.28000,0.28430,0.26810,0.27860,34051629,9438594.35530
1716595200000,0.27860,0.28350,0.27460,0.27530,25612590,7139333.95640
1716681600000,0.27540,0.27700,0.26590,0.26880,29403968,7961600.47570
1716768000000,0.26870,0.28790,0.26830,0.28270,41698878,11628319.52260
1716854400000,0.28260,0.29110,0.26940,0.28930,66955369,18706156.61720
1716940800000,0.28920,0.29160,0.27800,0.27870,41119719,11713411.74640
1717027200000,0.27860,0.28340,0.26870,0.27350,34421574,9514962.21760
1717113600000,0.27340,0.27660,0.26590,0.27170,27944558,7594461.34460
1717200000000,0.27170,0.27320,0.26600,0.27060,19202191,5174354.15830
1717286400000,0.27060,0.27340,0.25950,0.26230,27990838,7458360.85230
1717372800000,0.26230,0.27060,0.25710,0.26370,34684458,9224472.56710
1717459200000,0.26370,0.27010,0.26050,0.26900,22815197,6056950.28310
1717545600000,0.26900,0.28750,0.26780,0.27710,73985254,20480185.00250
1717632000000,0.27710,0.27770,0.26410,0.26750,31865070,8647746.57980
1717718400000,0.26740,0.27060,0.22800,0.24550,67455762,16871762.79350
1717804800000,0.24550,0.24720,0.22550,0.22730,38685105,9119638.18260
1717891200000,0.22730,0.23080,0.21960,0.22680,63289038,14203107.74250
1717977600000,0.22680,0.22690,0.20800,0.21020,69384664,15106710.67440
1718064000000,0.21010,0.21180,0.19740,0.20170,76723312,15758231.55300
1718150400000,0.20170,0.21660,0.19730,0.20800,58802312,12299163.18380
1718236800000,0.20800,0.20930,0.19830,0.20040,48205293,9760645.98700
1718323200000,0.20030,0.20430,0.18520,0.19340,61719173,12083965.54840
1718409600000,0.19350,0.19840,0.19220,0.19330,24979135,4882267.23740
1718496000000,0.19330,0.19520,0.18930,0.19390,25211082,4857550.42480
1718582400000,0.19390,0.19480,0.17300,0.17680,61933817,11316076.88680
1718668800000,0.17690,0.17830,0.15110,0.16520,99633995,16446454.30280
1718755200000,0.16530,0.16940,0.16310,0.16700,40430888,6735426.45410
1718841600000,0.16690,0.17940,0.16580,0.17280,51098331,8864295.57260
1718928000000,0.17280,0.17766,0.16960,0.17096,48841990,8472228.30020
1719014400000,0.17091,0.17453,0.16829,0.17362,23066100,3943918.64338
1719100800000,0.17362,0.18010,0.16633,0.17012,37538429,6525865.46000
1719187200000,0.17011,0.17610,0.16000,0.17551,63541872,10768070.26940
1719273600000,0.17550,0.18439,0.17490,0.18098,34588717,6229364.29276
1719360000000,0.18099,0.18322,0.17606,0.17936,22297824,4003990.79064
1719446400000,0.17938,0.18599,0.17615,0.18154,26191969,4748199.75579
1719532800000,0.18153,0.18306,0.17107,0.17252,32417887,5743965.26670
1719619200000,0.17254,0.17685,0.16915,0.16975,36753211,6333180.20728
1719705600000,0.16977,0.17965,0.16694,0.17944,41246787,7112298.15085
1719792000000,0.17947,0.18534,0.17310,0.17692,40520628,7247486.54920
1719878400000,0.17693,0.17810,0.17048,0.17289,31602251,5510099.80802
1719964800000,0.17291,0.17358,0.16456,0.16677,35531120,5994009.07977
1720051200000,0.16683,0.16724,0.14483,0.14588,64117892,9958681.91463
1720137600000,0.14588,0.14595,0.12498,0.13479,145042261,19701164.35717
1720224000000,0.13473,0.14553,0.13334,0.14488,50600396,7054048.90016
1720310400000,0.14489,0.14674,0.13682,0.13770,45934148,6529622.10817
1720396800000,0.13775,0.14750,0.13196,0.14048,123004397,17310317.47884
1720483200000,0.14046,0.14718,0.13946,0.14633,39073055,5603024.99611
1720569600000,0.14637,0.14938,0.14334,0.14563,34554535,5056106.83354
1720656000000,0.14562,0.14998,0.14176,0.14242,35108589,5112191.99045
1720742400000,0.14249,0.14733,0.14146,0.14478,33841223,4889420.82987
1720828800000,0.14479,0.15186,0.14420,0.14949,28910868,4282178.21905
1720915200000,0.14949,0.15406,0.14757,0.15320,24480705,3672472.61932
1721001600000,0.15316,0.16459,0.15267,0.16384,32126618,5047342.11922
1721088000000,0.16386,0.16516,0.15525,0.16334,40423126,6512863.30179
1721174400000,0.16330,0.16832,0.16258,0.16525,39963376,6618600.47007
1721260800000,0.16529,0.16826,0.15256,0.15721,80880742,12821015.06122
1721347200000,0.15727,0.16777,0.15436,0.16654,111674412,18167857.93347
1721433600000,0.16654,0.17120,0.16439,0.16774,36824483,6206858.69585
1721520000000,0.16773,0.17372,0.16060,0.17171,34347249,5752401.73573
1721606400000,0.17175,0.17239,0.16352,0.16486,26340257,4402040.55540
1721692800000,0.16488,0.16983,0.15662,0.15796,39141315,6372028.55225
1721779200000,0.15793,0.16235,0.15212,0.15362,26119224,4121970.07221
1721865600000,0.15354,0.15492,0.14052,0.14659,45628183,6721352.77721
1721952000000,0.14658,0.15530,0.14620,0.15447,25217667,3818215.78248
1722038400000,0.15448,0.15739,0.15024,0.15498,25012928,3866994.87188
1722124800000,0.15495,0.15626,0.15061,0.15205,14308555,2193157.50029
1722211200000,0.15202,0.15864,0.14941,0.15012,25394667,3907621.62252
1722297600000,0.15017,0.15318,0.14478,0.14701,25405163,3797006.65925
1722384000000,0.14703,0.15053,0.14334,0.14391,23748355,3501521.81510
1722470400000,0.14389,0.14543,0.13264,0.14198,48300621,6717200.46780
1722556800000,0.14199,0.14308,0.12979,0.13298,52386369,7122257.94474
1722643200000,0.13301,0.13537,0.12335,0.12734,54870761,7079205.38914
1722729600000,0.12734,0.13021,0.11777,0.12211,55028181,6843084.38705
1722816000000,0.12217,0.12310,0.09980,0.11789,214530023,23910586.61272
1722902400000,0.11792,0.12592,0.11757,0.12168,85190442,10403747.17993
1722988800000,0.12167,0.12729,0.11694,0.11879,69314076,8467203.30206
1723075200000,0.11876,0.13357,0.11676,0.13262,57511910,7272062.96758
1723161600000,0.13267,0.13281,0.12748,0.13165,33606771,4386973.97076
1723248000000,0.13166,0.13332,0.12918,0.13139,22686121,2966965.48627
1723334400000,0.13140,0.13434,0.12240,0.12284,42102779,5409382.64999
1723420800000,0.12289,0.13170,0.12185,0.12894,51668036,6567074.62097
1723507200000,0.12896,0.13196,0.12496,0.12970,33421438,4285691.74883
1723593600000,0.12970,0.13097,0.12325,0.12488,34059059,4322107.39138
1723680000000,0.12484,0.12786,0.11872,0.12073,38271116,4732118.86862
1723766400000,0.12070,0.12397,0.11842,0.12232,26553606,3223865.14982
1723852800000,0.12230,0.12249,0.12005,0.12182,21190429,2570436.41468
1723939200000,0.12180,0.12930,0.12029,0.12614,30855858,3861099.80479
1724025600000,0.12613,0.12988,0.12422,0.12940,26864033,3402937.59155
1724112000000,0.12936,0.13356,0.12647,0.13007,32299063,4214453.26006
1724198400000,0.13010,0.13810,0.12989,0.13640,39937553,5331005.88773
1724284800000,0.13638,0.13831,0.13286,0.13518,22949124,3119564.05955
1724371200000,0.13517,0.14965,0.13500,0.14813,34743091,4923696.97216
1724457600000,0.14816,0.15185,0.14540,0.14854,35183340,5223592.88837
1724544000000,0.14854,0.14871,0.14245,0.14625,25109910,3665081.67954
1724630400000,0.14622,0.14809,0.13517,0.13555,33289208,4702599.52074
1724716800000,0.13554,0.13951,0.12498,0.12785,40849332,5441963.89912
1724803200000,0.12779,0.13064,0.12168,0.12500,39935678,5045809.34089
1724889600000,0.12501,0.12871,0.12181,0.12386,22912931,2872117.70504
1724976000000,0.12384,0.12609,0.11723,0.12533,32420419,3970414.85765
1725062400000,0.12537,0.12845,0.12330,0.12545,34286385,4313870.95757
1725148800000,0.12543,0.12544,0.11609,0.11802,35637237,4325871.35665
1725235200000,0.11801,0.12879,0.11774,0.12686,34776673,4290270.16240
1725321600000,0.12684,0.12892,0.11886,0.11915,37168466,4573580.05145
1725408000000,0.11910,0.12625,0.11381,0.12307,49303648,5945088.20568
1725494400000,0.12308,0.12384,0.11726,0.11862,27962142,3347606.59833
1725580800000,0.11866,0.12259,0.11113,0.11541,50328121,5911138.09299
1725667200000,0.11541,0.11778,0.11521,0.11666,28668743,3339378.28184
1725753600000,0.11665,0.12101,0.11609,0.11933,30837751,3650884.31732
1725840000000,0.11932,0.12415,0.11754,0.12290,42900884,5160709.30012
1725926400000,0.12292,0.12407,0.11979,0.12275,31955233,3892974.50640
1726012800000,0.12276,0.12298,0.11692,0.11871,34708539,4148600.24926
1726099200000,0.11874,0.12273,0.11874,0.12226,27682052,3351420.82512
1726185600000,0.12220,0.12456,0.11833,0.12315,33184129,4035421.55398
1726272000000,0.12318,0.12445,0.11982,0.12084,22349925,2729884.48826
1726358400000,0.12086,0.12323,0.11566,0.11714,34962738,4197135.80101
1726444800000,0.11713,0.11767,0.11229,0.11339,35241049,4057208.38898
1726531200000,0.11339,0.11876,0.11232,0.11626,38295341,4448324.97584
1726617600000,0.11624,0.12058,0.11181,0.12045,45459687,5248525.73491
1726704000000,0.12050,0.12675,0.12047,0.12417,50958790,6327589.55174
1726790400000,0.12415,0.12870,0.12172,0.12476,51074885,6390181.97330
1726876800000,0.12475,0.12832,0.12241,0.12737,33690643,4231584.19306
1726963200000,0.12735,0.12759,0.11904,0.12273,53051975,6504208.45818
1727049600000,0.12274,0.12610,0.12004,0.12558,52945732,6578914.34948
1727136000000,0.12565,0.13068,0.12242,0.12875,56097573,7089011.75857
1727222400000,0.12876,0.13609,0.12828,0.13298,84119852,11111969.55777
1727308800000,0.13303,0.13969,0.13041,0.13907,92118553,12548662.89098
1727395200000,0.13906,0.14277,0.13773,0.14141,64978672,9126560.18030
1727481600000,0.14142,0.14366,0.13581,0.13775,35567595,4948935.29756
1727568000000,0.13776,0.14049,0.13349,0.13934,41044739,5630036.32075
1727654400000,0.13934,0.14170,0.12989,0.13162,71060104,9666342.19326
1727740800000,0.13162,0.14044,0.11500,0.11820,115973508,14616241.31129
1727827200000,0.11817,0.12349,0.11434,0.11649,78287630,9319770.00217
1727913600000,0.11648,0.11886,0.11068,0.11568,66880910,7667656.23219
1728000000000,0.11567,0.12198,0.11453,0.12033,35581084,4209585.74134
1728086400000,0.12034,0.12155,0.11646,0.11886,26632997,3178240.21515
1728172800000,0.11887,0.12671,0.11814,0.12450,55835682,6898660.46930
1728259200000,0.12453,0.12840,0.12298,0.12324,43960047,5526822.81097
1728345600000,0.12326,0.12584,0.11971,0.12086,49847954,6109358.88742
1728432000000,0.12086,0.12237,0.11542,0.11819,46231993,5476862.45209
1728518400000,0.11816,0.12059,0.11424,0.11835,40437500,4767755.19363
1728604800000,0.11831,0.12373,0.11766,0.12310,34897738,4213244.47504
1728691200000,0.12312,0.12508,0.12224,0.12348,27235125,3372710.32043
1728777600000,0.12349,0.12411,0.11880,0.12272,38825652,4723323.99275
1728864000000,0.12277,0.12978,0.12142,0.12908,41878182,5257331.84304
1728950400000,0.12912,0.12947,0.12194,0.12687,57169091,7215852.93202
1729036800000,0.12690,0.12721,0.12256,0.12492,31781272,3956708.82500
1729123200000,0.12493,0.12728,0.11930,0.12239,44298710,5414850.95455
1729209600000,0.12238,0.13108,0.12108,0.12929,40797118,5098187.14244
1729296000000,0.12929,0.13146,0.12512,0.12798,37606523,4821852.44831
1729382400000,0.12797,0.13715,0.12569,0.13605,66466188,8835186.93875
1729468800000,0.13600,0.13725,0.12858,0.13043,41627301,5525878.80467
1729555200000,0.13045,0.13358,0.12714,0.13033,36157160,4703967.49042
1729641600000,0.13039,0.13075,0.12171,0.12644,45982157,5778476.24180
1729728000000,0.12651,0.12992,0.12523,0.12824,32442078,4142909.01794
1729814400000,0.12825,0.12904,0.11111,0.11635,61010823,7369013.23029
1729900800000,0.11635,0.11822,0.11427,0.11791,33844706,3938376.32400
1729987200000,0.11795,0.12051,0.11734,0.11985,23178926,2758029.02610
1730073600000,0.11989,0.12191,0.11500,0.12135,34075226,4031929.01438
1730160000000,0.12136,0.12752,0.12136,0.12630,40696686,5092395.05996
1730246400000,0.12633,0.12671,0.12259,0.12480,31400015,3925698.75783
1730332800000,0.12482,0.12522,0.11630,0.11747,45824543,5489802.30597
1730419200000,0.11746,0.12167,0.11540,0.11725,43024862,5087996.10711
1730505600000,0.11728,0.11961,0.11532,0.11713,31551927,3703700.59367
1730592000000,0.11712,0.11760,0.10840,0.11154,56709048,6388562.67371
1730678400000,0.11156,0.11495,0.10677,0.10968,43018038,4774827.95109
1730764800000,0.10968,0.11632,0.10923,0.11494,44270404,5000820.66154
1730851200000,0.11494,0.12628,0.11468,0.12454,90222404,11070754.55656
1730937600000,0.12456,0.12740,0.12291,0.12666,62372983,7810394.57038
1731024000000,0.12667,0.14600,0.12484,0.14039,251698413,34321016.36262
1731110400000,0.14040,0.15426,0.13654,0.14103,324932233,47024405.17319
1731196800000,0.14104,0.15287,0.13896,0.14668,139836661,20473328.90909
1731283200000,0.14667,0.15372,0.14250,0.15347,107862800,15946898.53912
1731369600000,0.15340,0.15782,0.13790,0.14664,160175775,23536322.20989
1731456000000,0.14666,0.14932,0.13414,0.14304,135689415,19251860.87225
1731542400000,0.14306,0.14747,0.13591,0.13882,83195965,11777659.93506
1731628800000,0.13883,0.15538,0.13346,0.15210,152135537,22155584.71803
1731715200000,0.15210,0.17619,0.14987,0.17309,174915700,28096813.76108
1731801600000,0.17310,0.21437,0.16145,0.17295,717600308,135692529.82576
1731888000000,0.17296,0.21241,0.17265,0.18857,430681545,82778290.33236
1731974400000,0.18857,0.19078,0.17598,0.18034,107426760,19765298.88024
1732060800000,0.18034,0.18038,0.16738,0.17242,80263968,14004014.28202
1732147200000,0.17243,0.18630,0.16780,0.18217,83954120,14880677.42536
1732233600000,0.18213,0.18981,0.17505,0.18938,66523363,12057681.49652
1732320000000,0.18938,0.21237,0.18669,0.20700,119637140,24102786.81020
1732406400000,0.20706,0.25991,0.20527,0.23456,368394569,85590269.16119
1732492800000,0.23458,0.23762,0.21526,0.22024,136805555,31152959.37390
1732579200000,0.22016,0.22866,0.20360,0.21531,107537793,23057688.56811
1732665600000,0.21529,0.23769,0.21103,0.23671,83697057,18630227.68988
1732752000000,0.23676,0.23966,0.22399,0.23337,73730094,17089456.16718
1732838400000,0.23332,0.24223,0.22591,0.24055,49407037,11555464.78536
1732924800000,0.24056,0.25251,0.23404,0.24595,94543781,22887443.57036
1733011200000,0.24595,0.24767,0.23588,0.24227,69877698,16919619.49364
1733097600000,0.24231,0.25694,0.22510,0.25591,143533678,34324890.85423
1733184000000,0.25592,0.30000,0.25233,0.29569,174449032,47248032.89626
1733270400000,0.29569,0.33405,0.28504,0.31586,195068761,60487981.35945
1733356800000,0.31594,0.32676,0.29822,0.31115,128883924,39987097.09800
1733443200000,0.31119,0.32894,0.30115,0.32015,103025005,32664686.76087
1733529600000,0.32010,0.32178,0.30330,0.30642,53002689,16514173.62425
1733616000000,0.30644,0.31762,0.29480,0.31636,54562612,16660301.69357
1733702400000,0.31631,0.31752,0.20544,0.24576,144299508,38255887.11876
1733788800000,0.24584,0.25391,0.21423,0.24286,127951993,30460037.44795
1733875200000,0.24286,0.28270,0.23191,0.27226,94104257,24431075.51800
1733961600000,0.27225,0.28653,0.26837,0.27891,74371581,20599388.96803
1734048000000,0.27891,0.28329,0.26321,0.27700,60172433,16349904.78385
1734134400000,0.27704,0.28046,0.25260,0.25815,46195598,12183718.42366
1734220800000,0.25811,0.26968,0.25024,0.26806,50695568,13207055.98897
1734307200000,0.26813,0.27390,0.24706,0.25595,61252641,15876859.39516
1734393600000,0.25598,0.25876,0.23827,0.24155,49485490,12341373.01402
1734480000000,0.24153,0.24331,0.21210,0.21913,80889159,18681239.63180
1734566400000,0.21921,0.22609,0.19235,0.20063,98797871,20805553.42926
1734652800000,0.20056,0.21096,0.17248,0.20659,92595651,17912387.07236
1734739200000,0.20662,0.22292,0.19344,0.19681,57730659,11974338.33882
1734825600000,0.19687,0.20154,0.18690,0.19212,57712556,11248298.58145
1734912000000,0.19214,0.21640,0.18712,0.21323,69412269,13905270.41697
1734998400000,0.21320,0.22572,0.20731,0.22182,48423854,10470855.13856
1735084800000,0.22182,0.22238,0.21113,0.21470,33788679,7351205.30013
1735171200000,0.21472,0.21658,0.19780,0.19974,32530961,6658894.42116
1735257600000,0.19976,0.21081,0.19749,0.20270,42175383,8572489.39294
1735344000000,0.20271,0.21465,0.19965,0.20885,34016814,7036047.92757
1735430400000,0.20884,0.20942,0.19536,0.19844,32271002,6529837.26898
1735516800000,0.19842,0.21253,0.19008,0.19842,62112088,12461240.65176
1735603200000,0.19845,0.20273,0.19090,0.19433,34097263,6693416.24328
1735689600000,0.19433,0.20379,0.18830,0.20307,29881219,5848009.03062
1735776000000,0.20305,0.21289,0.20246,0.20795,30692425,6384742.65239
1735862400000,0.20796,0.21941,0.20372,0.21891,33318266,7070418.66703
1735948800000,0.21894,0.22067,0.21200,0.21479,34131414,7379184.72730
1736035200000,0.21479,0.21805,0.20835,0.21625,31994903,6844544.18954
1736121600000,0.21627,0.22476,0.21244,0.21702,62200888,13647517.90586
1736208000000,0.21700,0.21774,0.19239,0.19248,63452411,13027991.16706
1736294400000,0.19249,0.19526,0.17829,0.18711,53061895,9951052.79007
1736380800000,0.18708,0.19021,0.17834,0.18371,47306537,8731931.71914
1736467200000,0.18373,0.19044,0.18100,0.18730,37206239,6918603.95465
1736553600000,0.18729,0.19085,0.18261,0.18672,25430294,4743267.22152
1736640000000,0.18676,0.18855,0.17974,0.18273,28140973,5195230.36890
1736726400000,0.18273,0.18772,0.16432,0.17717,60073517,10425604.30097
1736812800000,0.17717,0.18431,0.17512,0.18332,27498142,4938767.88411
1736899200000,0.18332,0.19246,0.17854,0.19227,40404339,7510534.81854
1736985600000,0.19224,0.19979,0.18698,0.19520,48056548,9257990.82620
1737072000000,0.19518,0.21329,0.19447,0.21203,68130493,14110213.28524
1737158400000,0.21195,0.21481,0.19315,0.19660,54602966,11071810.75794
1737244800000,0.19660,0.20222,0.17052,0.17365,83763182,15489805.02781
1737331200000,0.17361,0.18717,0.16550,0.17154,97142265,16961484.04028
1737417600000,0.17149,0.18236,0.16247,0.17935,51491986,8845856.14406
1737504000000,0.17937,0.18387,0.17328,0.17410,28218519,5051469.60447
1737590400000,0.17414,0.17630,0.16629,0.17114,44265115,7541858.00502
1737676800000,0.17115,0.17592,0.16477,0.16706,35435245,6006677.70157
1737763200000,0.16706,0.16838,0.16326,0.16458,22274748,3689621.40582
1737849600000,0.16459,0.17412,0.16281,0.16315,32161868,5446991.55626
1737936000000,0.16314,0.16472,0.14850,0.16250,52688722,8224739.34857
1738022400000,0.16253,0.16789,0.15311,0.15452,42143008,6872546.44665
1738108800000,0.15459,0.16642,0.15340,0.16129,36156029,5778660.01684
1738195200000,0.16125,0.17180,0.15861,0.16664,28382319,4740029.28781
1738281600000,0.16670,0.17563,0.16141,0.16421,53649696,9020648.46497
1738368000000,0.16419,0.16871,0.14873,0.14971,34589679,5527037.19629
1738454400000,0.14971,0.15319,0.12323,0.13207,86009721,12030359.94746
1738540800000,0.13221,0.13772,0.09850,0.13619,156514577,18730451.37187
1738627200000,0.13622,0.13769,0.12176,0.12769,80915889,10302176.15162
1738713600000,0.12771,0.13886,0.12670,0.12905,83036297,10950507.54280
1738800000000,0.12903,0.13405,0.12254,0.12435,65818592,8437191.70247
1738886400000,0.12436,0.13243,0.12135,0.12579,52832056,6717891.18901
1738972800000,0.12577,0.13074,0.12233,0.12945,31991811,4036720.45065
1739059200000,0.12945,0.13293,0.12155,0.12761,36801102,4729621.76829
1739145600000,0.12761,0.12945,0.12224,0.12918,39911139,5062650.52790
1739232000000,0.12918,0.13666,0.12479,0.12658,43571102,5681070.24882
1739318400000,0.12656,0.13691,0.12120,0.13460,52520261,6699302.36816
1739404800000,0.13461,0.13559,0.12614,0.13157,49194316,6395201.51343
1739491200000,0.13163,0.16055,0.13093,0.14281,109872092,15853424.19278
1739577600000,0.14281,0.14650,0.13348,0.13726,77397493,10780100.41272
1739664000000,0.13721,0.14140,0.13129,0.13299,63314851,8620701.32553
1739750400000,0.13299,0.14136,0.13056,0.13530,64616075,8764676.62944
1739836800000,0.13530,0.13568,0.12344,0.12993,55404114,7114521.79807
1739923200000,0.12994,0.13223,0.12858,0.13063,44027405,5750249.23479
1740009600000,0.13064,0.13392,0.12866,0.13314,58414727,7662971.04595
1740096000000,0.13315,0.14433,0.13097,0.13349,83996656,11604967.09433
1740182400000,0.13351,0.14284,0.13256,0.14190,38900127,5350783.88782
1740268800000,0.14191,0.14219,0.13352,0.13555,45649362,6259493.93964
1740355200000,0.13557,0.13651,0.11495,0.11948,76597215,9736069.00355
1740441600000,0.11943,0.12059,0.11120,0.11912,142099458,16530840.04511
1740528000000,0.11910,0.12520,0.11659,0.12107,97543754,11802561.73111
1740614400000,0.12107,0.12775,0.11972,0.12348,73680613,9137407.14593
1740700800000,0.12353,0.12495,0.11262,0.12365,71199922,8463104.14512
1740787200000,0.12361,0.12415,0.11790,0.12159,46754001,5650326.86280
1740873600000,0.12167,0.13278,0.11783,0.13225,64784092,8103491.90589
1740960000000,0.13224,0.13278,0.11152,0.11320,73012711,8845047.01129
1741046400000,0.11319,0.11379,0.10337,0.11112,76154639,8295191.97380
1741132800000,0.11114,0.11587,0.10976,0.11443,41484904,4671720.46788
1741219200000,0.11443,0.11750,0.10989,0.11230,41078422,4667682.66218
1741305600000,0.11229,0.11498,0.10657,0.11080,65081960,7263496.92102
1741392000000,0.11080,0.11166,0.10656,0.10782,40196986,4382078.83703
1741478400000,0.10781,0.10827,0.09816,0.10124,64801932,6683612.28657
1741564800000,0.10124,0.11359,0.09952,0.10094,126335043,13510199.81183
1741651200000,0.10095,0.10793,0.09454,0.10522,77124449,7848339.13660
1741737600000,0.10523,0.10759,0.10151,0.10470,63641689,6635397.48566
1741824000000,0.10475,0.10530,0.10027,0.10345,50904277,5236570.87638
1741910400000,0.10343,0.10753,0.10274,0.10481,40708203,4278148.29314
1741996800000,0.10481,0.10826,0.10443,0.10735,33579516,3565125.13753
1742083200000,0.10737,0.10774,0.10174,0.10279,36047228,3774078.23698
1742169600000,0.10279,0.10842,0.10260,0.10692,37569660,3981810.11258
1742256000000,0.10692,0.10705,0.10158,0.10619,45354540,4721186.10810
1742342400000,0.10619,0.11050,0.10610,0.10994,46776118,5065236.75968
1742428800000,0.10995,0.11062,0.10508,0.10583,31634283,3401572.71848
1742515200000,0.10584,0.10650,0.10340,0.10424,31332023,3287366.10692
1742601600000,0.10423,0.10801,0.10355,0.10611,25939451,2758713.37082
1742688000000,0.10610,0.10752,0.10442,0.10545,19636324,2081277.62441
1742774400000,0.10544,0.11240,0.10444,0.11083,45115512,4952267.82547
1742860800000,0.11083,0.11358,0.10883,0.11301,26678768,2970044.86858
1742947200000,0.11300,0.11569,0.10846,0.11030,36338099,4085558.31935
1743033600000,0.11032,0.11263,0.10792,0.10943,28224441,3116123.98066
1743120000000,0.10940,0.10958,0.10049,0.10260,42129051,4381908.49739
1743206400000,0.10260,0.10293,0.09604,0.09799,41467864,4091803.85899
1743292800000,0.09800,0.09995,0.09639,0.09773,24614274,2423102.44487
1743379200000,0.09776,0.09975,0.09557,0.09795,33193767,3247078.36255
1743465600000,0.09793,0.10271,0.09785,0.09924,33228463,3334121.33547
1743552000000,0.09924,0.10141,0.09199,0.09295,59034836,5731821.94501
1743638400000,0.09294,0.09740,0.09051,0.09560,60785328,5706930.90821
1743724800000,0.09561,0.09836,0.09314,0.09710,50077868,4792264.18053
1743811200000,0.09710,0.09773,0.09360,0.09510,23035632,2198850.02738
1743897600000,0.09510,0.09525,0.08042,0.08301,64317843,5623112.49252
1743984000000,0.08302,0.08730,0.07563,0.08304,111811764,9168569.32234
1744070400000,0.08304,0.08544,0.07724,0.07797,49018869,3972170.48105
1744156800000,0.07798,0.08900,0.07553,0.08796,63589487,5239122.51772
1744243200000,0.08795,0.08859,0.08314,0.08672,55013470,4739290.70912
1744329600000,0.08671,0.08943,0.08588,0.08842,28529626,2499218.55917
1744416000000,0.08841,0.09319,0.08732,0.09233,30598654,2768306.16985
1744502400000,0.09233,0.09318,0.08812,0.08952,44295406,4004239.85685
1744588800000,0.08954,0.09242,0.08760,0.08801,41559287,3721588.96456
1744675200000,0.08803,0.08982,0.08590,0.08629,23180710,2035780.32309
1744761600000,0.08628,0.08807,0.08411,0.08595,37766498,3259147.56076
1744848000000,0.08594,0.08904,0.08497,0.08855,24913793,2172780.67810
1744934400000,0.08856,0.09132,0.08811,0.08994,24808371,2230600.69592
1745020800000,0.08992,0.09373,0.08990,0.09311,20805540,1919703.94943
1745107200000,0.09312,0.09761,0.09203,0.09451,40082898,3784881.89781
1745193600000,0.09454,0.10082,0.09248,0.09468,101027742,9739677.86815
1745280000000,0.09469,0.10214,0.09266,0.10176,51923095,5039334.87234
1745366400000,0.10175,0.10463,0.10106,0.10288,43632438,4498080.20273
1745452800000,0.10288,0.10504,0.09985,0.10486,35552684,3639060.75366
1745539200000,0.10487,0.10719,0.10305,0.10565,27626597,2920235.46884
1745625600000,0.10564,0.10964,0.10510,0.10703,22732697,2438861.17952
1745712000000,0.10705,0.10827,0.10299,0.10306,20372347,2138031.86564
1745798400000,0.10307,0.10813,0.10068,0.10684,28478233,2988160.02455
1745884800000,0.10681,0.10766,0.10005,0.10108,31484493,3278316.31589
1745971200000,0.10110,0.10307,0.09565,0.09929,43851057,4373079.37852
1746057600000,0.09930,0.10408,0.09811,0.10362,24806936,2520481.97656
1746144000000,0.10365,0.10897,0.10316,0.10562,60197750,6400627.86209
1746230400000,0.10561,0.10561,0.09532,0.09656,35890784,3588729.55462
1746316800000,0.09654,0.09749,0.09286,0.09344,26708897,2545101.15683
1746403200000,0.09343,0.12480,0.09145,0.10939,727841389,81007892.90769
1746489600000,0.10937,0.11989,0.09794,0.10107,886657877,97100957.23765
1746576000000,0.10105,0.10356,0.09753,0.09930,157904858,15918020.13463
1746662400000,0.09929,0.11162,0.09873,0.11126,119966815,12617873.49267
1746748800000,0.11123,0.11858,0.10984,0.11520,123983242,14181686.33765
1746835200000,0.11520,0.12372,0.11388,0.12289,66397721,7766881.44904
1746921600000,0.12287,0.12350,0.11736,0.12114,64177649,7737130.67917
1747008000000,0.12112,0.12669,0.11298,0.11889,80484192,9686218.28845
1747094400000,0.11890,0.12499,0.11148,0.12311,57731421,6808620.75287
1747180800000,0.12312,0.12496,0.11544,0.11605,48782545,5824906.99390
1747267200000,0.11605,0.11768,0.10900,0.11230,58696400,6594629.21541
1747353600000,0.11231,0.11491,0.10815,0.10917,37376537,4210035.47556
1747440000000,0.10918,0.10962,0.10443,0.10635,41001379,4379721.85981
1747526400000,0.10635,0.11436,0.10519,0.11231,43441002,4737410.67236
1747612800000,0.11230,0.11317,0.10297,0.10813,36794042,3925567.67693
1747699200000,0.10814,0.11131,0.10549,0.11011,35224015,3818597.53247
1747785600000,0.11011,0.11355,0.10722,0.11095,41966081,4623087.78589
1747872000000,0.11104,0.11660,0.11083,0.11581,37257805,4279646.84885
1747958400000,0.11586,0.11820,0.10500,0.10556,73593253,8275353.79410
1748044800000,0.10559,0.10765,0.10138,0.10266,58495263,6133572.33785
1748131200000,0.10267,0.10330,0.09661,0.10181,44281041,4415567.70715
1748217600000,0.10180,0.10384,0.09840,0.09899,78892331,7934122.48679
1748304000000,0.09900,0.10281,0.09655,0.10049,60054104,6044202.13008
1748390400000,0.10050,0.10335,0.09425,0.09706,86161338,8522037.05112
1748476800000,0.09706,0.09935,0.09281,0.09331,82147969,7908963.49743
1748563200000,0.09332,0.09386,0.08392,0.08504,88241715,7907675.69820
1748649600000,0.08500,0.08897,0.08222,0.08620,59660400,5088506.33161
1748736000000,0.08619,0.08826,0.08453,0.08768,31282092,2706986.98110
1748822400000,0.08768,0.09152,0.08509,0.09085,40949547,3575065.10464
1748908800000,0.09085,0.09228,0.08431,0.08717,81747647,7245010.38077
1748995200000,0.08720,0.09540,0.08590,0.08906,194162007,17687891.81108
1749081600000,0.08906,0.09344,0.08346,0.08411,196966595,17730706.85762
1749168000000,0.08411,0.08689,0.08050,0.08078,123574783,10435936.19490
1749254400000,0.08079,0.08458,0.08034,0.08420,52381142,4345921.10709
1749340800000,0.08422,0.08672,0.08222,0.08293,70579974,5909419.09844
1749427200000,0.08294,0.08725,0.08128,0.08725,96365145,8122580.06393
1749513600000,0.08726,0.09265,0.08644,0.09010,102148436,9071233.47282
1749600000000,0.09011,0.09088,0.08468,0.08567,61546734,5437033.35769
1749686400000,0.08568,0.08571,0.07948,0.07975,63434197,5246789.30656
1749772800000,0.07972,0.07975,0.07445,0.07857,84694560,6483480.56004
1749859200000,0.07858,0.08010,0.07725,0.07905,44218553,3484206.72822
1749945600000,0.07901,0.08028,0.07706,0.07911,37859968,2989801.34412
1750032000000,0.07910,0.08289,0.07827,0.07938,48187239,3912016.70952
1750118400000,0.07932,0.08065,0.07624,0.07724,44407867,3478643.79347
1750204800000,0.07725,0.07835,0.07468,0.07796,37336362,2867856.38871
1750291200000,0.07796,0.07890,0.07603,0.07739,23043050,1784997.74829
1750377600000,0.07740,0.07965,0.07373,0.07509,40784659,3135629.86198
1750464000000,0.07509,0.07600,0.06980,0.07195,38829434,2853302.32423
1750550400000,0.07192,0.07390,0.06554,0.06889,85482184,5983245.19370
1750636800000,0.06888,0.07770,0.06839,0.07753,55227311,3979329.62404
1750723200000,0.07754,0.07967,0.07720,0.07874,49314203,3857684.75001
1750809600000,0.07874,0.07939,0.07589,0.07661,34680863,2695733.92413
1750896000000,0.07659,0.07844,0.07384,0.07418,34748320,2631639.27060
1750982400000,0.07418,0.07663,0.07356,0.07594,32217752,2421408.86442
1751068800000,0.07595,0.07796,0.07449,0.07710,31825219,2415420.41171
1751155200000,0.07707,0.08018,0.07590,0.07971,31540109,2438488.06089
1751241600000,0.07970,0.08035,0.07394,0.07430,44079322,3358046.65958
1751328000000,0.07431,0.07477,0.07071,0.07161,41499473,2998814.43016
1751414400000,0.07158,0.08154,0.07114,0.07904,201763707,15675224.05784
1751500800000,0.07903,0.08015,0.07732,0.07762,70176347,5541084.96068
1751587200000,0.07762,0.07810,0.07134,0.07243,70920500,5236929.08732
1751673600000,0.07243,0.07296,0.07120,0.07170,37586389,2707051.27261
1751760000000,0.07169,0.07366,0.07088,0.07229,34858867,2518496.33158
1751846400000,0.07230,0.07301,0.07070,0.07175,33278269,2393764.28128
1751932800000,0.07177,0.07269,0.07047,0.07162,41459115,2967592.81845
1752019200000,0.07164,0.07546,0.07105,0.07527,53863844,3953115.00234
1752105600000,0.07528,0.08065,0.07453,0.08019,60891014,4659020.78366
1752192000000,0.08020,0.08350,0.07836,0.07936,85288280,6942353.79913
1752278400000,0.07937,0.08189,0.07711,0.07881,75828245,6039802.77081
1752364800000,0.07882,0.08241,0.07812,0.08063,48348685,3887987.15016
1752451200000,0.08064,0.08491,0.07900,0.07973,57571377,4718954.69502
1752537600000,0.07974,0.08382,0.07685,0.08374,62045327,4957038.95756
1752624000000,0.08374,0.09041,0.08293,0.08769,93772166,8134243.27431
1752710400000,0.08770,0.09255,0.08605,0.09155,111305722,10000371.39460
1752796800000,0.09154,0.09958,0.09092,0.09257,99234854,9419999.48422
1752883200000,0.09259,0.09689,0.09041,0.09574,73313830,6898661.33695
1752969600000,0.09573,0.10504,0.09510,0.10355,76606383,7661318.22216
1753056000000,0.10354,0.11165,0.09950,0.10260,133329910,14067300.98012
1753142400000,0.10260,0.10311,0.09816,0.10275,58556289,5888412.59983
1753228800000,0.10276,0.10283,0.09008,0.09312,81446181,7811127.46051
1753315200000,0.09312,0.09458,0.08669,0.09067,73063873,6654076.45438
1753401600000,0.09067,0.09301,0.08748,0.09293,46879539,4230217.18145
1753488000000,0.09292,0.09370,0.09097,0.09117,28542154,2631042.15829
1753574400000,0.09119,0.09384,0.09093,0.09372,34494810,3190428.13522
1753660800000,0.09374,0.09639,0.08705,0.08787,60205245,5564104.51709
1753747200000,0.08786,0.09097,0.08578,0.08865,62692002,5551441.64864
1753833600000,0.08866,0.08903,0.08292,0.08704,53778022,4654019.55572
1753920000000,0.08705,0.08922,0.08142,0.08198,38486765,3311207.00441
1754006400000,0.08197,0.08215,0.07690,0.07947,64268440,5142044.15501
1754092800000,0.07947,0.08103,0.07669,0.07854,52849753,4166409.21759
1754179200000,0.07853,0.08090,0.07766,0.08051,32919005,2623612.63570
1754265600000,0.08051,0.08509,0.08039,0.08437,44462586,3671107.01323
1754352000000,0.08439,0.08487,0.07957,0.08142,34707511,2851856.37502
1754438400000,0.08139,0.08334,0.07934,0.08260,36146155,2942761.80740
1754524800000,0.08258,0.08620,0.08126,0.08596,42308588,3551988.00747
1754611200000,0.08596,0.08784,0.08443,0.08728,47424753,4080613.77171
1754697600000,0.08731,0.09199,0.08715,0.09074,38684734,3482124.10115
1754784000000,0.09075,0.09302,0.08807,0.09123,47407695,4294433.22799
1754870400000,0.09124,0.09332,0.08287,0.08448,71072944,6248334.95597
1754956800000,0.08448,0.09355,0.08356,0.09296,65293454,5786588.29057
1755043200000,0.09298,0.09792,0.09185,0.09691,117654374,11260395.36286
1755129600000,0.09690,0.09778,0.08348,0.08527,134652552,12311200.87560
1755216000000,0.08526,0.08735,0.08125,0.08449,62534016,5303539.72936
1755302400000,0.08448,0.10039,0.08431,0.09553,657912544,62781192.89015
1755388800000,0.09555,0.09578,0.09092,0.09138,159977003,14952335.53397
1755475200000,0.09137,0.09151,0.08702,0.08806,104629467,9273203.47227
1755561600000,0.08806,0.09514,0.08607,0.08625,174025779,15715162.09465
1755648000000,0.08627,0.09080,0.08518,0.08926,85912502,7539881.12763
1755734400000,0.08924,0.09024,0.08642,0.08701,54955346,4837592.87831
1755820800000,0.08703,0.09417,0.08300,0.09356,85355340,7596359.14393
1755907200000,0.09356,0.09387,0.09023,0.09277,70917172,6499225.44381
1755993600000,0.09277,0.09383,0.08754,0.09067,76064273,6873653.46809
1756080000000,0.09065,0.09322,0.08178,0.08308,81971548,7129886.68230
1756166400000,0.08307,0.08832,0.08204,0.08773,51998316,4410883.79391
1756252800000,0.08774,0.09149,0.08733,0.09138,68094850,6074320.01860
1756339200000,0.09134,0.09391,0.08789,0.09052,100869558,9198660.31784
1756425600000,0.09052,0.09134,0.08449,0.08650,69230568,6052089.60625
1756512000000,0.08651,0.08909,0.08537,0.08817,60325149,5274793.32015
1756598400000,0.08819,0.11759,0.08811,0.10531,2326100304,247787698.84543
1756684800000,0.10528,0.10565,0.09648,0.10144,937266737,94068435.05347
1756771200000,0.10145,0.11299,0.09842,0.10683,816146967,87943252.63235
1756857600000,0.10683,0.10927,0.10175,0.10734,269294351,28163993.09629
1756944000000,0.10735,0.10850,0.09718,0.09938,158710852,16118287.63203
1757030400000,0.09938,0.10503,0.09864,0.09948,170795202,17282347.14496
1757116800000,0.09947,0.10030,0.09623,0.09629,94806713,9313759.24040
1757203200000,0.09630,0.10028,0.09587,0.09777,108685700,10628422.39459
1757289600000,0.09774,0.10057,0.09633,0.09986,110408706,10849587.16845
1757376000000,0.09986,0.10138,0.09451,0.09596,139179425,13633942.68161
1757462400000,0.09598,0.09907,0.09472,0.09647,86143677,8332864.72710
1757548800000,0.09649,0.09720,0.09456,0.09666,65606979,6306006.87404
1757635200000,0.09666,0.09919,0.09548,0.09848,66785543,6501140.21949
1757721600000,0.09847,0.10167,0.09794,0.10032,72773120,7257791.87324
1757808000000,0.10032,0.10080,0.09362,0.09510,80453632,7776614.62156
1757894400000,0.09509,0.09658,0.08976,0.09235,65579544,6082979.64117
1757980800000,0.09234,0.09433,0.09041,0.09360,45920514,4253076.69115
1758067200000,0.09361,0.09715,0.09002,0.09701,82395965,7707036.67145
1758153600000,0.09701,0.09872,0.09589,0.09735,44201118,4294140.02367
1758240000000,0.09736,0.09882,0.09079,0.09168,60470963,5704549.62521
1758326400000,0.09168,0.09440,0.09084,0.09302,32512853,3014881.71134
1758412800000,0.09304,0.09400,0.09092,0.09105,27158658,2506106.36627
1758499200000,0.09104,0.09146,0.07936,0.08418,87970875,7493269.34215
1758585600000,0.08419,0.08472,0.08189,0.08282,44398918,3711536.15816
1758672000000,0.08282,0.08696,0.08165,0.08489,40183703,3405411.09834
1758758400000,0.08492,0.08513,0.07825,0.07973,77082916,6287546.23081
1758844800000,0.07975,0.08355,0.07920,0.08297,45672238,3703547.62591
1758931200000,0.08298,0.08357,0.08171,0.08282,24325120,2010260.78128
1759017600000,0.08279,0.08454,0.07943,0.08426,49158333,4024041.20909
1759104000000,0.08424,0.09095,0.08353,0.08613,216612878,18877123.43338
1759190400000,0.08613,0.08707,0.08111,0.08368,82106677,6902890.44765
1759276800000,0.08370,0.09017,0.08292,0.08937,86671039,7600568.42021
1759363200000,0.08940,0.09119,0.08784,0.08907,57311771,5138561.88075
1759449600000,0.08910,0.09203,0.08700,0.08930,52990357,4715900.53349
1759536000000,0.08931,0.08985,0.08487,0.08751,50722864,4412645.37188
1759622400000,0.08751,0.09036,0.08450,0.08465,54815865,4789429.27503
1759708800000,0.08466,0.08821,0.08419,0.08657,48015943,4150090.64256
1759795200000,0.08660,0.08737,0.08216,0.08268,64083361,5424034.50408
1759881600000,0.08268,0.09420,0.08138,0.08994,148423519,13117347.72779
1759968000000,0.08996,0.09035,0.08252,0.08576,92722570,7936680.67872
1760054400000,0.08577,0.09002,0.04771,0.06641,211797310,15438565.52246
1760140800000,0.06645,0.07042,0.06282,0.06724,128812481,8652237.21836
1760227200000,0.06724,0.07453,0.06556,0.07251,78758111,5542198.52997
1760313600000,0.07250,0.08164,0.07120,0.07769,120202646,9149893.30851
1760400000000,0.07767,0.07814,0.07039,0.07623,91280195,6762699.09956
1760486400000,0.07622,0.07715,0.07065,0.07202,57950812,4267997.94200
1760572800000,0.07203,0.07373,0.06791,0.06958,66467751,4749259.57489
1760659200000,0.06953,0.07045,0.06418,0.06839,63891120,4327272.29101
1760745600000,0.06838,0.06987,0.06745,0.06866,26014374,1787219.37573
1760832000000,0.06865,0.07077,0.06683,0.06969,48363088,3353568.14771
1760918400000,0.06968,0.07234,0.06811,0.07053,38002018,2685903.63425
1761004800000,0.07052,0.07327,0.06719,0.06812,65988625,4625053.71919
1761091200000,0.06811,0.06896,0.06425,0.06674,65536531,4409455.96248
1761177600000,0.06675,0.06896,0.06656,0.06821,39076657,2640783.88150
1761264000000,0.06820,0.07011,0.06710,0.06888,38159721,2618289.67194
1761350400000,0.06887,0.06908,0.06751,0.06876,22696684,1550079.77303
1761436800000,0.06878,0.07136,0.06803,0.07058,27553664,1924104.37122
1761523200000,0.07058,0.07191,0.06832,0.06867,35360666,2484505.38231
1761609600000,0.06869,0.07520,0.06647,0.06763,133165927,9387569.73299
1761696000000,0.06762,0.06979,0.06551,0.06834,58182451,3934396.56314
1761782400000,0.06835,0.07071,0.06211,0.06427,81197838,5358698.66454
1761868800000,0.06428,0.06685,0.06390,0.06631,44193104,2895668.07096
1761955200000,0.06632,0.06812,0.06589,0.06696,43238931,2895800.66577
1762041600000,0.06698,0.06786,0.06483,0.06757,64286873,4279178.85411
1762128000000,0.06754,0.06788,0.05500,0.06020,101874227,6269602.94885
1762214400000,0.06021,0.06296,0.05583,0.05885,135123240,8034949.82935
1762300800000,0.05886,0.06150,0.05586,0.06044,84703289,5029107.48645
1762387200000,0.06045,0.06235,0.05781,0.06014,74509554,4445891.38677
1762473600000,0.06015,0.06696,0.05907,0.06579,92587809,5856215.37275
1762560000000,0.06579,0.06746,0.06321,0.06557,80742806,5271388.05223
1762646400000,0.06557,0.06633,0.06211,0.06543,65629865,4208143.85830
1762732800000,0.06542,0.06767,0.06404,0.06720,62349770,4095870.89225
1762819200000,0.06721,0.07365,0.06413,0.06458,419015554,28867314.56364
1762905600000,0.06458,0.06734,0.06294,0.06428,124131604,8149339.44030
1762992000000,0.06427,0.06680,0.06226,0.06531,112730277,7300898.70576
1763078400000,0.06532,0.06610,0.05957,0.06058,91330347,5745242.90769
1763164800000,0.06059,0.06215,0.06004,0.06074,59474228,3635522.66373
1763251200000,0.06075,0.06288,0.05781,0.05953,71308726,4317809.09383
1763337600000,0.05954,0.06177,0.05715,0.05830,70698011,4214627.20493
1763424000000,0.05831,0.06042,0.05711,0.05942,57195727,3368838.47174
1763510400000,0.05943,0.05971,0.05550,0.05800,62427997,3592704.67298
1763596800000,0.05799,0.06125,0.05581,0.05691,117358536,6809523.20407
1763683200000,0.05691,0.05797,0.05111,0.05363,102801618,5609550.53229
1763769600000,0.05363,0.05561,0.05204,0.05434,57443856,3080482.21943
1763856000000,0.05433,0.05521,0.05284,0.05301,45665490,2468020.59781
1763942400000,0.05300,0.05623,0.05267,0.05535,46382195,2519704.43222
1764028800000,0.05534,0.05544,0.05357,0.05461,34239167,1869721.32448
1764115200000,0.05465,0.05554,0.05278,0.05532,55523029,3006739.52887
1764201600000,0.05534,0.05617,0.05479,0.05502,28803467,1600482.53535
1764288000000,0.05501,0.05522,0.05348,0.05392,34748384,1888610.99347
1764374400000,0.05394,0.05434,0.05280,0.05287,29308253,1569695.81245
1764460800000,0.05287,0.05363,0.05248,0.05272,33540306,1782080.65675
1764547200000,0.05273,0.05285,0.04789,0.04866,72459335,3579487.51387
1764633600000,0.04866,0.05196,0.04781,0.05150,46994645,2338658.01372
1764720000000,0.05151,0.05300,0.05069,0.05248,42462621,2205772.46012
1764806400000,0.05247,0.05267,0.04976,0.05011,43083342,2206304.88909
1764892800000,0.05010,0.05072,0.04805,0.04877,53493154,2650625.32690
1764979200000,0.04878,0.05121,0.04862,0.04994,50210537,2512412.86989
1765065600000,0.04994,0.05015,0.04771,0.04852,60838371,2987591.20327
1765152000000,0.04851,0.05047,0.04821,0.04902,69514017,3443500.21142
1765238400000,0.04902,0.05199,0.04800,0.05095,56867548,2836379.29453
1765324800000,0.05093,0.06451,0.04950,0.06116,1483019918,88668338.92803
1765411200000,0.06116,0.07049,0.05651,0.05686,5214631875,326350392.94326
1765497600000,0.05685,0.06484,0.05454,0.06254,2237410164,132028419.11356
1765584000000,0.06255,0.07075,0.06100,0.06625,2970547236,194464922.65405
1765670400000,0.06625,0.06808,0.06190,0.06241,963205762,61977696.93892
1765756800000,0.06242,0.06448,0.05680,0.05725,454672224,27581774.53134
1765843200000,0.05724,0.05835,0.05517,0.05662,250244258,14203217.12088
1765929600000,0.05662,0.05663,0.05246,0.05287,231313566,12683708.37724
1766016000000,0.05287,0.06138,0.05233,0.05490,675655877,38911598.69004
1766102400000,0.05491,0.06257,0.05360,0.06194,329904527,18965918.75334
1766188800000,0.06194,0.06411,0.05806,0.05847,204329977,12326947.86995
1766275200000,0.05849,0.05904,0.05540,0.05628,86541878,4936125.47674
1766361600000,0.05629,0.05761,0.05502,0.05554,80311704,4527364.23842
1766448000000,0.05555,0.05946,0.05436,0.05589,165797082,9369734.04758
1766534400000,0.05589,0.05641,0.05426,0.05480,76819002,4234755.35082
1766620800000,0.05481,0.05833,0.05396,0.05436,248433004,14097026.81001
1766707200000,0.05436,0.05615,0.05381,0.05415,87288183,4806057.73598
1766793600000,0.05415,0.05476,0.05314,0.05432,72456638,3915200.46929
1766880000000,0.05432,0.05450,0.05215,0.05270,63235949,3387108.71799
1766966400000,0.05271,0.05378,0.05106,0.05111,75810896,3969217.12046
1767052800000,0.05111,0.05186,0.05053,0.05108,51787126,2648852.00122
1767139200000,0.05108,0.05178,0.04894,0.04934,80831256,4058592.39138
1767225600000,0.04934,0.05114,0.04925,0.05089,52069291,2615096.19576
1767312000000,0.05090,0.05328,0.05075,0.05303,72509449,3749612.24114
1767398400000,0.05301,0.05446,0.05165,0.05338,66951299,3546818.19568
1767484800000,0.05337,0.05479,0.05293,0.05348,62034003,3328905.73197
1767571200000,0.05348,0.05486,0.05241,0.05459,66488871,3563318.03645
1767657600000,0.05459,0.05596,0.05259,0.05500,83410854,4552344.29190
1767744000000,0.05499,0.05512,0.05226,0.05277,61321621,3285732.89318
1767830400000,0.05279,0.05477,0.05123,0.05393,79610016,4211975.90457
1767916800000,0.05393,0.05425,0.05192,0.05268,68776745,3648034.73371
1768003200000,0.05268,0.05286,0.05168,0.05196,34676083,1813103.31637
1768089600000,0.05195,0.05229,0.05018,0.05126,44125206,2280232.38564
1768176000000,0.05128,0.05306,0.05008,0.05067,50249886,2581302.26796
1768262400000,0.05067,0.05642,0.05055,0.05532,94073616,5065442.97380
1768348800000,0.05531,0.05644,0.05435,0.05478,62254869,3445830.29607
1768435200000,0.05479,0.05509,0.05101,0.05176,54180188,2869739.30577
1768521600000,0.05177,0.05343,0.05067,0.05312,47777193,2473149.56891
1768608000000,0.05312,0.05514,0.05281,0.05373,62998344,3421718.77430
1768694400000,0.05374,0.05429,0.05114,0.05117,58640963,3096429.23226
1768780800000,0.05116,0.05117,0.04251,0.04980,109576484,5235030.00661
1768867200000,0.04980,0.05195,0.04772,0.04826,184920997,9125293.88906
1768953600000,0.04827,0.05105,0.04817,0.04958,94521533,4720611.42961
1769040000000,0.04958,0.05026,0.04825,0.04898,36565285,1805284.15312
1769126400000,0.04899,0.05032,0.04794,0.04875,41539435,2045423.18893
1769212800000,0.04874,0.04966,0.04822,0.04867,18974074,925991.83163
1769299200000,0.04866,0.04889,0.04536,0.04647,41534637,1959708.26268
1769385600000,0.04648,0.04795,0.04641,0.04756,37443008,1766976.27813
1769472000000,0.04758,0.04813,0.04609,0.04787,27309458,1290153.70500
1769558400000,0.04787,0.04800,0.04645,0.04721,39061952,1843016.64715
1769644800000,0.04721,0.04812,0.04424,0.04543,84621141,3899972.77282
1769731200000,0.04542,0.04621,0.04329,0.04512,120739485,5414800.40153
1769817600000,0.04512,0.04512,0.03671,0.04091,106337884,4349598.40965
1769904000000,0.04092,0.04221,0.03918,0.04011,59311185,2428299.94796
1769990400000,0.04012,0.04194,0.03888,0.04122,73607111,2982292.17093
1770076800000,0.04121,0.04191,0.03860,0.04028,95885700,3897730.33989
1770163200000,0.04028,0.04139,0.03890,0.04005,86620143,3484505.64379
1770249600000,0.04004,0.04050,0.03398,0.03474,145681203,5396536.41933
1770336000000,0.03474,0.04089,0.03168,0.03994,151606460,5565709.30477
1770422400000,0.03994,0.04040,0.03816,0.03937,68594855,2697912.41612
1770508800000,0.03939,0.03949,0.03811,0.03888,39660381,1544756.47930
1770595200000,0.03887,0.04080,0.03848,0.03969,69102459,2741097.57014
1770681600000,0.03968,0.03981,0.03792,0.03842,50930813,1960777.14177
1770768000000,0.03843,0.03913,0.03730,0.03842,57563566,2191385.71194
1770854400000,0.03842,0.03916,0.03773,0.03846,42369689,1632239.55561
1770940800000,0.03845,0.03862,0.03232,0.03416,608695708,20697914.04189
1771027200000,0.03417,0.03468,0.03307,0.03431,236261927,8012267.47203
1771113600000,0.03431,0.03460,0.03240,0.03322,203338551,6823223.26614
1771200000000,0.03322,0.03749,0.03211,0.03420,292435161,10093896.68287
1771286400000,0.03420,0.03527,0.03315,0.03458,158892658,5428066.66448
1771372800000,0.03457,0.03574,0.03260,0.03272,111819443,3840254.09470
1771459200000,0.03273,0.03281,0.03117,0.03231,87865715,2825457.20131
1771545600000,0.03232,0.03363,0.03182,0.03320,71585241,2344337.67752
1771632000000,0.03319,0.03469,0.03280,0.03287,61858671,2091064.94418
1771718400000,0.03287,0.03337,0.03178,0.03329,62867011,2050815.53906
1771804800000,0.03330,0.03419,0.03133,0.03356,211545291,6954357.70001
1771891200000,0.03354,0.03499,0.03205,0.03294,128156083,4253688.95792
1771977600000,0.03293,0.03624,0.03264,0.03473,180687835,6226245.69109
1772064000000,0.03474,0.03558,0.03238,0.03266,124874565,4255341.88197
1772150400000,0.03267,0.03393,0.03171,0.03236,98542931,3239720.30614
1772236800000,0.03236,0.03253,0.03007,0.03149,88466534,2742624.49282
1772323200000,0.03150,0.03207,0.02991,0.03064,60781326,1885979.85878
1772409600000,0.03064,0.03211,0.03050,0.03105,60331225,1886994.95189
1772496000000,0.03105,0.03155,0.03020,0.03080,58611522,1806985.70510
1772582400000,0.03079,0.03196,0.03012,0.03179,61912253,1930634.61944
1772668800000,0.03180,0.03240,0.03084,0.03221,100364333,3181106.76454
1772755200000,0.03222,0.03429,0.03035,0.03187,197919956,6334351.89334
1772841600000,0.03187,0.03417,0.03052,0.03065,165388298,5394075.77997
1772928000000,0.03066,0.03176,0.03024,0.03041,90616937,2798847.11104
1773014400000,0.03040,0.03130,0.03032,0.03097,63618852,1958304.58430
1773100800000,0.03096,0.03143,0.03020,0.03051,54919849,1695409.99635
1773187200000,0.03053,0.03156,0.03004,0.03122,68480930,2105332.75511
1773273600000,0.03125,0.03154,0.03033,0.03111,48983154,1513423.27665
1773360000000,0.03111,0.03152,0.03045,0.03065,65288401,2024302.90593
1773446400000,0.03063,0.03067,0.02787,0.02997,98303849,2941085.64785
1773532800000,0.02999,0.03016,0.02881,0.02904,72556771,2137413.85333
1773619200000,0.02907,0.03014,0.02892,0.02997,93060533,2753099.14069
1773705600000,0.02995,0.03015,0.02913,0.02927,64685045,1910605.69248
1773792000000,0.02928,0.03014,0.02190,0.02476,817159202,20921064.59182
1773878400000,0.02476,0.02780,0.02374,0.02399,581635158,14794495.11068
1773964800000,0.02396,0.02459,0.02275,0.02301,148264217,3507995.93087
1774051200000,0.02301,0.02558,0.02255,0.02347,388250608,9326807.94007
1774137600000,0.02347,0.02530,0.02269,0.02281,287568740,6905009.01281
1774224000000,0.02282,0.02373,0.02262,0.02320,165690295,3833903.42420
1774310400000,0.02321,0.02576,0.02243,0.02369,51621762,1190210.05863
1774396800000,0.02369,0.02369,0.02369,0.02369,0,0
1774483200000,0.02369,0.02369,0.02369,0.02369,0,0
1774569600000,0.02369,0.02369,0.02369,0.02369,0,0
1774656000000,0.02369,0.02369,0.02369,0.02369,0,0
1774742400000,0.02369,0.02369,0.02369,0.02369,0,0
1774828800000,0.02369,0.02369,0.02369,0.02369,0,0
1774915200000,0.02369,0.02369,0.02369,0.02369,0,0
1775001600000,0.02369,0.02369,0.02369,0.02369,0,0
1775088000000,0.02369,0.02369,0.02369,0.02369,0,0
1775174400000,0.02369,0.02369,0.02369,0.02369,0,0
1775260800000,0.02369,0.02369,0.02369,0.02369,0,0
1775347200000,0.02369,0.02369,0.02369,0.02369,0,0
1775433600000,0.02369,0.02369,0.02369,0.02369,0,0
1775520000000,0.02369,0.02369,0.02369,0.02369,0,0
1775606400000,0.02369,0.02369,0.02369,0.02369,0,0
1775692800000,0.02369,0.02369,0.02369,0.02369,0,0
1775779200000,0.02369,0.02369,0.02369,0.02369,0,0
1775865600000,0.02369,0.02369,0.02369,0.02369,0,0
1775952000000,0.02369,0.02369,0.02369,0.02369,0,0
1776038400000,0.02369,0.02369,0.02369,0.02369,0,0
1776124800000,0.02369,0.02369,0.02369,0.02369,0,0
1776211200000,0.02369,0.02369,0.02369,0.02369,0,0
1776297600000,0.02369,0.02369,0.02369,0.02369,0,0
1776384000000,0.02369,0.02369,0.02369,0.02369,0,0
1776470400000,0.02369,0.02369,0.02369,0.02369,0,0
1776556800000,0.02369,0.02369,0.02369,0.02369,0,0
1776643200000,0.02369,0.02369,0.02369,0.02369,0,0
1776729600000,0.02369,0.02369,0.02369,0.02369,0,0
1776816000000,0.02369,0.02369,0.02369,0.02369,0,0
1776902400000,0.02369,0.02369,0.02369,0.02369,0,0
1776988800000,0.02369,0.02369,0.02369,0.02369,0,0
1777075200000,0.02369,0.02369,0.02369,0.02369,0,0
1777161600000,0.02369,0.02369,0.02369,0.02369,0,0
1777248000000,0.02369,0.02369,0.02369,0.02369,0,0
1777334400000,0.02369,0.02369,0.02369,0.02369,0,0
1777420800000,0.02369,0.02369,0.02369,0.02369,0,0
1777507200000,0.02369,0.02369,0.02369,0.02369,0,0
1777593600000,0.02369,0.02369,0.02369,0.02369,0,0
1777680000000,0.02369,0.02369,0.02369,0.02369,0,0
1777766400000,0.02369,0.02369,0.02369,0.02369,0,0
1777852800000,0.02369,0.02369,0.02369,0.02369,0,0
1777939200000,0.02369,0.02369,0.02369,0.02369,0,0
1778025600000,0.02369,0.02369,0.02369,0.02369,0,0
1778112000000,0.02369,0.02369,0.02369,0.02369,0,0
1778198400000,0.02369,0.02369,0.02369,0.02369,0,0
1778284800000,0.02369,0.02369,0.02369,0.02369,0,0
1778371200000,0.02369,0.02369,0.02369,0.02369,0,0
1778457600000,0.02369,0.02369,0.02369,0.02369,0,0
1778544000000,0.02369,0.02369,0.02369,0.02369,0,0
1778630400000,0.02369,0.02369,0.02369,0.02369,0,0
1778716800000,0.02369,0.02369,0.02369,0.02369,0,0
1778803200000,0.02369,0.02369,0.02369,0.02369,0,0
1778889600000,0.02369,0.02369,0.02369,0.02369,0,0
1778976000000,0.02369,0.02369,0.02369,0.02369,0,0
1779062400000,0.02369,0.02369,0.02369,0.02369,0,0
1779148800000,0.02369,0.02369,0.02369,0.02369,0,0
1779235200000,0.02369,0.02369,0.02369,0.02369,0,0
1779321600000,0.02369,0.02369,0.02369,0.02369,0,0
1779408000000,0.02369,0.02369,0.02369,0.02369,0,0
1779494400000,0.02369,0.02369,0.02369,0.02369,0,0
1779580800000,0.02369,0.02369,0.02369,0.02369,0,0
1779667200000,0.02369,0.02369,0.02369,0.02369,0,0
1779753600000,0.02369,0.02369,0.02369,0.02369,0,0
1779840000000,0.02369,0.02369,0.02369,0.02369,0,0
1779926400000,0.02369,0.02369,0.02369,0.02369,0,0
1780012800000,0.02369,0.02369,0.02369,0.02369,0,0
1780099200000,0.02369,0.02369,0.02369,0.02369,0,0
1780185600000,0.02369,0.02369,0.02369,0.02369,0,0
1780272000000,0.02369,0.02369,0.02369,0.02369,0,0
1780358400000,0.02369,0.02369,0.02369,0.02369,0,0
1780444800000,0.02369,0.02369,0.02369,0.02369,0,0
1780531200000,0.02369,0.02369,0.02369,0.02369,0,0
1780617600000,0.02369,0.02369,0.02369,0.02369,0,0
1780704000000,0.02369,0.02369,0.02369,0.02369,0,0
1780790400000,0.02369,0.02369,0.02369,0.02369,0,0
1780876800000,0.02369,0.02369,0.02369,0.02369,0,0
1780963200000,0.02369,0.02369,0.02369,0.02369,0,0
1781049600000,0.02369,0.02369,0.02369,0.02369,0,0
1781136000000,0.02369,0.02369,0.02369,0.02369,0,0
1781222400000,0.02369,0.02369,0.02369,0.02369,0,0
1781308800000,0.02369,0.02369,0.02369,0.02369,0,0
1781395200000,0.02369,0.02369,0.02369,0.02369,0,0
1781481600000,0.02369,0.02369,0.02369,0.02369,0,0
1781568000000,0.02369,0.02369,0.02369,0.02369,0,0
1781654400000,0.02369,0.02369,0.02369,0.02369,0,0
1781740800000,0.02369,0.02369,0.02369,0.02369,0,0
1781827200000,0.02369,0.02369,0.02369,0.02369,0,0
1781913600000,0.02369,0.02369,0.02369,0.02369,0,0
1782000000000,0.02369,0.02369,0.02369,0.02369,0,0
1782086400000,0.02369,0.02369,0.02369,0.02369,0,0
1782172800000,0.02369,0.02369,0.02369,0.02369,0,0
1782259200000,0.02369,0.02369,0.02369,0.02369,0,0
1782345600000,0.02369,0.02369,0.02369,0.02369,0,0
1782432000000,0.02369,0.02369,0.02369,0.02369,0,0
1782518400000,0.02369,0.02369,0.02369,0.02369,0,0
1782604800000,0.02369,0.02369,0.02369,0.02369,0,0
1782691200000,0.02369,0.02369,0.02369,0.02369,0,0
1782777600000,0.02369,0.02369,0.02369,0.02369,0,0
1782864000000,0.02369,0.02369,0.02369,0.02369,0,0
1782950400000,0.02369,0.02369,0.02369,0.02369,0,0
1783036800000,0.02369,0.02369,0.02369,0.02369,0,0
1783123200000,0.02369,0.02369,0.02369,0.02369,0,0
1783209600000,0.02369,0.02369,0.02369,0.02369,0,0
1783296000000,0.02369,0.02369,0.02369,0.02369,0,0
1783382400000,0.02369,0.02369,0.02369,0.02369,0,0
1783468800000,0.02369,0.02369,0.02369,0.02369,0,0
1783555200000,0.02369,0.02369,0.02369,0.02369,0,0
1783641600000,0.02369,0.02369,0.02369,0.02369,0,0
1783728000000,0.02369,0.02369,0.02369,0.02369,0,0
1783814400000,0.02369,0.02369,0.02369,0.02369,0,0
1783900800000,0.02369,0.02369,0.02369,0.02369,0,0
1783987200000,0.02369,0.02369,0.02369,0.02369,0,0
1784073600000,0.02369,0.02369,0.02369,0.02369,0,0
1784160000000,0.02369,0.02369,0.02369,0.02369,0,0
1784246400000,0.02369,0.02369,0.02369,0.02369,0,0
1784332800000,0.02369,0.02369,0.02369,0.02369,0,0
1784419200000,0.02369,0.02369,0.02369,0.02369,0,0
1784505600000,0.02369,0.02369,0.02369,0.02369,0,0
1784592000000,0.02369,0.02369,0.02369,0.02369,0,0
1784678400000,0.02369,0.02369,0.02369,0.02369,0,0
1784764800000,0.02369,0.02369,0.02369,0.02369,0,0
1784851200000,0.02369,0.02369,0.02369,0.02369,0,0
1784937600000,0.02369,0.02369,0.02369,0.02369,0,0
1785024000000,0.02369,0.02369,0.02369,0.02369,0,0
1785110400000,0.02369,0.02369,0.02369,0.02369,0,0
1785196800000,0.02369,0.02369,0.02369,0.02369,0,0
1785283200000,0.02369,0.02369,0.02369,0.02369,0,0
1785369600000,0.02369,0.02369,0.02369,0.02369,0,0
1785456000000,0.02369,0.02369,0.02369,0.02369,0,0
1785542400000,0.02369,0.02369,0.02369,0.02369,0,0
1785628800000,0.02369,0.02369,0.02369,0.02369,0,0
1785715200000,0.02369,0.02369,0.02369,0.02369,0,0
1785801600000,0.02369,0.02369,0.02369,0.02369,0,0
1785888000000,0.02369,0.02369,0.02369,0.02369,0,0
1785974400000,0.02369,0.02369,0.02369,0.02369,0,0
1786060800000,0.02369,0.02369,0.02369,0.02369,0,0
1786147200000,0.02369,0.02369,0.02369,0.02369,0,0
1786233600000,0.02369,0.02369,0.02369,0.02369,0,0
1786320000000,0.02369,0.02369,0.02369,0.02369,0,0
1786406400000,0.02369,0.02369,0.02369,0.02369,0,0
1786492800000,0.02369,0.02369,0.02369,0.02369,0,0
1786579200000,0.02369,0.02369,0.02369,0.02369,0,0
1786665600000,0.02369,0.02369,0.02369,0.02369,0,0
1786752000000,0.02369,0.02369,0.02369,0.02369,0,0
1786838400000,0.02369,0.02369,0.02369,0.02369,0,0
1786924800000,0.02369,0.02369,0.02369,0.02369,0,0
1787011200000,0.02369,0.02369,0.02369,0.02369,0,0
1787097600000,0.02369,0.02369,0.02369,0.02369,0,0
1787184000000,0.02369,0.02369,0.02369,0.02369,0,0
1787270400000,0.02369,0.02369,0.02369,0.02369,0,0
1787356800000,0.02369,0.02369,0.02369,0.02369,0,0
1787443200000,0.02369,0.02369,0.02369,0.02369,0,0
1787529600000,0.02369,0.02369,0.02369,0.02369,0,0
1787616000000,0.02369,0.02369,0.02369,0.02369,0,0
1787702400000,0.02369,0.02369,0.02369,0.02369,0,0
1787788800000,0.02369,0.02369,0.02369,0.02369,0,0
1787875200000,0.02369,0.02369,0.02369,0.02369,0,0
1787961600000,0.02369,0.02369,0.02369,0.02369,0,0
1788048000000,0.02369,0.02369,0.02369,0.02369,0,0
1788134400000,0.02369,0.02369,0.02369,0.02369,0,0
