open_time_ms,open,high,low,close,volume,quote_volume
1596153600000,1.1255,1.2599,1.1255,1.1805,10125417.1,12125381.82464
1596240000000,1.1808,1.2387,1.1242,1.1437,12050419.9,14311139.02054
1596326400000,1.1432,1.1633,0.9000,1.0882,14280854.1,15449049.53213
1596412800000,1.0882,1.1290,1.0510,1.0715,9708546.4,10612180.01007
1596499200000,1.0709,1.2387,1.0679,1.2137,14329527.5,16698804.13864
1596585600000,1.2157,1.2678,1.1480,1.1727,9448169.7,11275643.61147
1596672000000,1.1726,1.4042,1.1714,1.3665,17007182.6,22215482.15845
1596758400000,1.3670,1.3700,1.2120,1.2936,13017706.7,17014098.90617
1596844800000,1.2932,1.5800,1.2792,1.5253,18425573.3,26845177.31875
1596931200000,1.5250,1.8048,1.4651,1.7213,18989979.3,30989182.94502
1597017600000,1.7203,1.7802,1.4807,1.5990,19494401.7,31202275.53709
1597104000000,1.5992,1.6451,1.3500,1.4727,20688639.7,30440273.52601
1597190400000,1.4732,1.8950,1.4336,1.7857,24126302.7,39211255.30952
1597276800000,1.7880,2.1658,1.7738,1.8813,28372885.6,54894973.56577
1597363200000,1.8853,1.9708,1.8028,1.8510,18217488.8,34075938.24828
1597449600000,1.8524,2.0814,1.8211,1.8602,18516039.8,35505885.97888
1597536000000,1.8602,1.9191,1.7246,1.8767,22381867.4,41189441.29930
1597622400000,1.8794,1.9153,1.6600,1.7037,25067938.9,45364639.20162
1597708800000,1.7017,1.7825,1.4990,1.5704,26420416.7,44043099.70594
1597795200000,1.5706,1.6356,1.3811,1.4946,29567677.1,45011896.79032
1597881600000,1.4948,1.6913,1.4946,1.6865,25065495.0,40360817.55439
1597968000000,1.6861,1.7570,1.4037,1.4153,25596873.3,40433137.76006
1598054400000,1.4156,1.5316,1.3500,1.5162,20515306.8,29915590.71844
1598140800000,1.5161,1.5984,1.4134,1.5654,18614793.1,28006621.06011
1598227200000,1.5672,1.6750,1.5176,1.6176,15957948.5,25198820.67937
1598313600000,1.6169,1.7980,1.4700,1.4838,23564948.0,38434713.22133
1598400000000,1.4840,1.6342,1.4632,1.5821,21666875.2,33535878.29162
1598486400000,1.5843,1.6601,1.3682,1.4579,22758882.2,34537357.14485
1598572800000,1.4593,1.5176,1.4245,1.4719,16120515.5,23729786.52528
1598659200000,1.4716,1.5830,1.4651,1.5705,11881374.8,17975024.50154
1598745600000,1.5693,1.6848,1.5230,1.6284,15494388.8,24626891.99138
1598832000000,1.6279,1.7177,1.5808,1.6039,13841467.1,22730876.30255
1598918400000,1.6035,1.6274,1.4841,1.4906,15893921.3,24845409.76509
1599004800000,1.4911,1.5008,1.2500,1.3974,15360818.2,21752759.61601
1599091200000,1.3980,1.4082,0.9475,1.0517,23109116.1,28258671.97280
1599177600000,1.0513,1.1406,0.9501,1.0845,21284298.1,22350363.34100
1599264000000,1.0847,1.1848,0.8152,0.9243,23213642.2,23816205.01070
1599350400000,0.9259,1.0459,0.8564,0.9959,20045451.6,19284683.27905
1599436800000,0.9950,1.0086,0.8613,0.9822,17792778.9,16806213.59335
1599523200000,0.9822,1.0064,0.8815,0.9081,16825309.6,15931730.07154
1599609600000,0.9084,1.0553,0.8833,1.0253,15199665.2,14746849.35433
1599696000000,1.0253,1.1179,1.0237,1.0352,15723682.4,16746704.75426
1599782400000,1.0352,1.1582,0.9805,1.1338,16837030.8,17964710.31540
1599868800000,1.1331,1.2110,1.1063,1.1941,16937787.1,19734033.13744
1599955200000,1.1952,1.1953,1.0940,1.1325,16105441.5,18421981.81183
1600041600000,1.1322,1.1343,1.0457,1.1080,15517889.6,16911917.57980
1600128000000,1.1077,1.1400,0.9767,0.9819,14421630.1,15556592.42453
1600214400000,0.9816,1.3184,0.9144,1.2039,30424878.4,35069592.62116
1600300800000,1.2062,1.3926,1.1391,1.2553,33558014.1,41530403.68929
1600387200000,1.2561,1.2752,1.0697,1.0985,19574616.7,23092298.29122
1600473600000,1.0989,1.1052,1.0403,1.0533,9772555.5,10509941.65620
1600560000000,1.0530,1.1063,0.9614,0.9896,10412046.9,10847343.81061
1600646400000,0.9904,0.9946,0.8616,0.8863,17610809.6,16431258.43382
1600732800000,0.8868,0.9870,0.8717,0.9415,17933654.0,16685084.06691
1600819200000,0.9421,0.9555,0.8170,0.8202,16481474.5,14851136.18553
1600905600000,0.8209,0.9250,0.8084,0.8866,15525739.6,13353350.85261
1600992000000,0.8864,0.9383,0.8393,0.9296,15545847.9,13810946.62067
1601078400000,0.9299,0.9823,0.8811,0.9823,15039823.7,13964227.39674
1601164800000,0.9806,0.9989,0.8936,0.9549,14543119.7,13742432.68573
1601251200000,0.9557,0.9859,0.8807,0.8965,15168312.7,14338313.43249
1601337600000,0.8956,0.9521,0.8671,0.9424,14202965.1,12806433.35426
1601424000000,0.9418,0.9781,0.8817,0.9042,13821922.2,12705762.45794
1601510400000,0.9046,0.9662,0.8702,0.9134,15068251.5,13867677.31669
1601596800000,0.9128,0.9192,0.7892,0.8694,16388900.2,13909471.97614
1601683200000,0.8695,0.8875,0.8335,0.8365,11045612.8,9587348.92814
1601769600000,0.8363,0.8779,0.8263,0.8651,10813714.5,9238008.78797
1601856000000,0.8657,0.9060,0.8274,0.9005,12683107.9,11058647.70894
1601942400000,0.9009,0.9027,0.7639,0.7744,15779151.7,13227085.80598
1602028800000,0.7746,0.7968,0.7199,0.7945,15781248.8,12037747.37413
1602115200000,0.7945,0.8013,0.7236,0.7896,15198622.6,11730475.35816
1602201600000,0.7896,0.8410,0.7623,0.8320,15850767.2,12735671.28278
1602288000000,0.8324,0.9535,0.8320,0.9168,18360966.6,16138940.11612
1602374400000,0.9166,0.9730,0.8968,0.9251,15484394.6,14424888.70321
1602460800000,0.9246,0.9671,0.8923,0.9338,14708752.4,13737943.95165
1602547200000,0.9338,1.0513,0.9048,1.0392,16359298.7,15879723.76817
1602633600000,1.0396,1.0805,0.9363,0.9656,24262830.2,24544728.97331
1602720000000,0.9669,0.9669,0.8757,0.8927,19500517.8,17780317.83126
1602806400000,0.8927,0.8979,0.8233,0.8335,14837710.8,12614684.20612
1602892800000,0.8335,0.8726,0.8146,0.8710,13210134.2,11206687.34423
1602979200000,0.8712,0.9087,0.8407,0.9054,11430586.0,9880783.60148
1603065600000,0.9049,0.9105,0.8513,0.8545,12065537.8,10575036.82270
1603152000000,0.8546,0.8550,0.7725,0.7842,13284454.0,10744601.43144
1603238400000,0.7841,0.8899,0.7813,0.8599,17041408.6,14279196.56007
1603324800000,0.8607,0.9290,0.8601,0.8902,13409166.6,12071079.45294
1603411200000,0.8902,0.9311,0.8619,0.8874,10646203.1,9556147.15086
1603497600000,0.8872,0.9354,0.8769,0.9283,9798016.2,8941442.27142
1603584000000,0.9279,0.9728,0.9027,0.9048,12520787.2,11768785.26491
1603670400000,0.9054,0.9374,0.8593,0.8830,14040080.5,12710601.91268
1603756800000,0.8827,0.8899,0.8425,0.8615,12334977.7,10724782.81860
1603843200000,0.8614,0.8676,0.7820,0.8041,16874580.0,13890727.50018
1603929600000,0.8048,0.8281,0.7470,0.7542,12594094.5,9973625.06092
1604016000000,0.7532,0.7827,0.7125,0.7689,14659675.8,10948829.51301
1604102400000,0.7693,0.7797,0.7260,0.7282,9516442.3,7182831.41171
1604188800000,0.7280,0.7606,0.7222,0.7538,9004879.0,6647471.59077
1604275200000,0.7538,0.7826,0.7265,0.7291,11991187.6,9033646.89216
1604361600000,0.7288,0.7341,0.6928,0.7077,11699581.6,8351662.37485
1604448000000,0.7075,0.7125,0.6445,0.6745,11769811.9,7990004.02117
1604534400000,0.6749,0.7030,0.6444,0.6851,13767541.3,9351626.12837
1604620800000,0.6851,0.7931,0.6804,0.7879,15675833.3,11654654.30173
1604707200000,0.7885,0.8597,0.6896,0.7346,21495305.0,16780169.79537
1604793600000,0.7345,0.9056,0.7194,0.8844,19871311.1,16247940.48030
1604880000000,0.8843,0.9440,0.8322,0.8850,27770190.9,24712091.47942
1604966400000,0.8852,1.0252,0.8657,1.0021,21338117.0,20526126.93547
1605052800000,1.0021,1.0795,0.9230,0.9270,19960551.5,19969171.40991
1605139200000,0.9272,1.0025,0.9054,0.9172,20670016.6,19542759.49267
1605225600000,0.9170,1.0189,0.9094,0.9887,15266329.5,14871045.12490
1605312000000,0.9885,1.0095,0.9303,0.9963,16539158.7,16039132.21592
1605398400000,0.9965,1.0986,0.9730,1.0121,18379293.3,19006449.13940
1605484800000,1.0131,1.0796,0.9972,1.0240,14044553.3,14510770.33245
1605571200000,1.0241,1.0824,1.0180,1.0395,15286869.2,16014635.27032
1605657600000,1.0393,1.0528,0.9176,0.9793,19219667.1,18704182.35183
1605744000000,0.9791,1.0172,0.9318,0.9644,16622887.7,16216840.90113
1605830400000,0.9644,1.0449,0.9534,0.9764,15563384.7,15490008.57790
1605916800000,0.9772,1.0831,0.9759,1.0429,19530039.5,20010246.12969
1606003200000,1.0438,1.0541,0.9539,1.0276,20161345.8,20402612.72710
1606089600000,1.0275,1.1725,1.0084,1.1650,22037530.2,24572369.31524
1606176000000,1.1658,1.2258,1.0973,1.2114,21964086.2,25826405.86237
1606262400000,1.2126,1.2440,1.0518,1.0869,19319222.0,22770243.67540
1606348800000,1.0881,1.1057,0.8537,0.9398,29430259.3,27702627.64530
1606435200000,0.9401,0.9552,0.8614,0.9230,18347532.5,16651291.03068
1606521600000,0.9231,1.0079,0.9061,0.9911,13072534.9,12467499.93875
1606608000000,0.9910,1.0253,0.9611,0.9726,12502778.0,12339029.95482
1606694400000,0.9731,1.0318,0.9570,1.0309,15271850.6,15120632.96589
1606780800000,1.0309,1.0855,0.9332,0.9365,17010675.0,17037269.16863
1606867200000,0.9364,1.0253,0.9222,0.9933,15215517.2,14912775.05823
1606953600000,0.9932,1.0549,0.9801,1.0547,7364943.6,7495409.35968
1607040000000,1.0548,1.0639,0.9193,0.9295,7710364.5,7706936.01449
1607126400000,0.9294,0.9911,0.9129,0.9813,5565048.5,5366370.16490
1607212800000,0.9813,0.9877,0.9254,0.9776,4726028.1,4511327.62901
1607299200000,0.9777,1.0224,0.9638,0.9751,4764489.2,4700147.66257
1607385600000,0.9753,0.9760,0.8898,0.9275,6999637.7,6568659.41483
1607472000000,0.9280,0.9590,0.8705,0.9244,5844532.5,5405881.79345
1607558400000,0.9243,0.9290,0.8664,0.8685,4791328.3,4286238.09515
1607644800000,0.8688,0.8717,0.8053,0.8374,5767914.1,4822524.40006
1607731200000,0.8368,0.8794,0.8349,0.8746,4848781.9,4162122.91383
1607817600000,0.8749,0.9070,0.8732,0.8947,4329780.7,3861255.26675
1607904000000,0.8942,0.9257,0.8663,0.9238,4334601.7,3872228.02105
1607990400000,0.9232,0.9750,0.8965,0.9610,6867583.6,6465304.62842
1608076800000,0.9604,0.9893,0.9328,0.9409,6894254.2,6591931.02523
1608163200000,0.9414,1.0389,0.9339,1.0182,14779157.7,14559420.51180
1608249600000,1.0181,1.0539,0.9846,1.0081,8883839.8,9088778.34672
1608336000000,1.0082,1.0675,0.9895,0.9972,6081794.5,6281972.92831
1608422400000,0.9973,0.9976,0.9151,0.9262,7093588.9,6827925.54327
1608508800000,0.9266,0.9370,0.8673,0.8973,9173550.5,8266027.80609
1608595200000,0.8972,0.9236,0.8361,0.8879,7909740.2,7001356.04936
1608681600000,0.8875,0.9025,0.6713,0.7295,10426985.3,8264818.79207
1608768000000,0.7304,0.8233,0.6799,0.8151,10017223.5,7439700.05180
1608854400000,0.8148,0.8551,0.7708,0.7822,6467893.4,5242542.87467
1608940800000,0.7829,0.8185,0.7428,0.7753,6483406.2,5056020.69983
1609027200000,0.7749,0.8368,0.7251,0.7987,9399971.9,7384131.23332
1609113600000,0.7985,0.8700,0.7871,0.8067,7681843.2,6406881.41756
1609200000000,0.8067,0.8264,0.7301,0.7669,8537948.1,6568790.95757
1609286400000,0.7669,0.7741,0.7156,0.7521,5584730.3,4152580.22268
1609372800000,0.7520,0.7646,0.7111,0.7332,6203309.3,4565432.68959
1609459200000,0.7333,0.7996,0.7224,0.7483,7065329.8,5395060.40343
1609545600000,0.7480,0.7548,0.7032,0.7160,7758437.6,5650889.51437
1609632000000,0.7161,0.8101,0.7136,0.7963,11707075.2,8870362.26787
1609718400000,0.7965,0.8833,0.7320,0.8258,15007603.1,12034021.59400
1609804800000,0.8260,0.8971,0.7656,0.8541,12450391.3,10474010.75415
1609891200000,0.8542,1.0600,0.8256,1.0369,18386312.2,17575764.30809
1609977600000,1.0370,1.3690,1.0268,1.0954,27701822.8,33551611.49473
1610064000000,1.0956,1.3252,0.9673,1.1633,26680627.6,30797197.72626
1610150400000,1.1652,1.4537,1.1285,1.3386,18587989.7,24627722.34250
1610236800000,1.3390,1.3967,1.0652,1.1694,19145824.9,23648411.33633
1610323200000,1.1702,1.1758,0.8280,0.9600,26777085.1,25887422.17015
1610409600000,0.9596,1.0500,0.9044,0.9363,15182445.4,14707264.42552
1610496000000,0.9367,1.0564,0.8848,1.0226,15749784.4,15339562.68615
1610582400000,1.0234,1.0850,0.9692,1.0434,14055160.0,14521010.70195
1610668800000,1.0432,1.1519,0.9739,1.0831,16925437.0,18166952.91108
1610755200000,1.0833,1.2319,1.0707,1.1355,14068572.4,16147541.78138
1610841600000,1.1350,1.2444,1.0445,1.2105,15409893.3,17607085.82709
1610928000000,1.2103,1.3033,1.1218,1.2751,15543009.4,19082889.09076
1611014400000,1.2760,1.2979,1.1245,1.1325,10878726.4,13222363.20971
1611100800000,1.1321,1.3738,1.0855,1.3558,23114879.4,27801303.53474
1611187200000,1.3544,1.4124,1.1011,1.1235,20804914.2,26959621.79355
1611273600000,1.1218,1.2252,1.0416,1.1845,10716668.2,12468315.67117
1611360000000,1.1838,1.3811,1.1689,1.3321,14930946.5,19306304.00542
1611446400000,1.3318,1.3708,1.2558,1.2983,8141590.9,10729187.19871
1611532800000,1.2975,1.5343,1.2969,1.3620,14324152.5,20437315.52691
1611619200000,1.3605,1.4610,1.2900,1.3465,11630658.3,16064797.27864
1611705600000,1.3469,1.3504,1.1243,1.1587,12968219.1,15717542.61193
1611792000000,1.1576,1.2939,1.1259,1.1810,11121105.7,13609754.09134
1611878400000,1.1815,1.2872,1.1559,1.1995,11146601.2,13538664.60775
1611964800000,1.1997,1.2855,1.1448,1.2695,11611873.3,14286868.33380
1612051200000,1.2691,1.3520,1.1693,1.1966,9416137.3,11886828.90834
1612137600000,1.1955,1.3050,1.1561,1.2564,8321094.3,10226950.60810
1612224000000,1.2561,1.3800,1.2205,1.3052,10672183.2,14077670.13296
1612310400000,1.3061,1.4050,1.2725,1.3663,9552769.9,12873241.60979
1612396800000,1.3667,1.5174,1.3048,1.4628,16815455.9,23523311.64093
1612483200000,1.4629,1.5972,1.4124,1.5605,15194271.4,23075565.02226
1612569600000,1.5606,1.6800,1.4623,1.4967,17335519.1,26880921.24195
1612656000000,1.4957,1.5800,1.3770,1.4834,14699004.8,21727368.46014
1612742400000,1.4821,1.6370,1.4383,1.5479,11181609.6,17318826.01674
1612828800000,1.5482,1.7649,1.5076,1.6981,16458746.1,27350038.13406
1612915200000,1.7003,1.9090,1.5699,1.8045,20422302.7,36169215.93754
1613001600000,1.8041,1.9700,1.7431,1.8468,13220453.0,24698303.02644
1613088000000,1.8505,2.1500,1.7509,2.0267,15271717.3,29728513.43253
1613174400000,2.0265,2.2976,1.8500,2.2401,17767411.2,36422881.97277
1613260800000,2.2439,2.6000,2.0564,2.3149,25326478.8,59437615.42181
1613347200000,2.3151,2.5155,1.9181,2.0873,18355304.0,40354575.56399
1613433600000,2.0879,2.1860,1.8943,1.9797,13934798.4,28720131.38621
1613520000000,1.9803,2.2379,1.7687,2.1246,18987419.1,38532058.97674
1613606400000,2.1246,2.2781,2.0918,2.1292,13450681.5,29145655.62164
1613692800000,2.1307,2.3123,1.9960,2.1513,14177008.0,30545717.14223
1613779200000,2.1517,2.2530,1.8521,1.9689,12909220.0,27348037.50140
1613865600000,1.9716,2.3632,1.9163,2.2023,20575548.2,45084666.01458
1613952000000,2.2042,2.2117,1.5367,1.8452,19980453.4,38120558.52596
1614038400000,1.8456,1.8657,1.1769,1.4294,24859066.5,36219966.50702
1614124800000,1.4309,1.5653,1.3339,1.4367,15385547.0,22602868.49197
1614211200000,1.4375,1.5837,1.3122,1.3282,13042307.1,19056065.02142
1614297600000,1.3300,1.4480,1.1970,1.3344,15463359.3,20570597.95263
1614384000000,1.3343,1.5363,1.3332,1.4386,18005748.4,25829494.89358
1614470400000,1.4369,1.5169,1.2153,1.3029,10603918.9,14014733.94851
1614556800000,1.3038,1.4358,1.2944,1.4059,7864049.9,10723716.10544
1614643200000,1.4057,1.4791,1.3125,1.3642,10621940.0,14899189.53006
1614729600000,1.3652,1.6702,1.3433,1.5828,13725260.1,21000881.74582
1614816000000,1.5818,1.7111,1.5204,1.6240,13045002.6,21215304.64276
1614902400000,1.6250,1.6841,1.4977,1.6395,9408332.3,14970035.23678
1614988800000,1.6383,1.7591,1.5916,1.7432,10235077.8,17230956.99423
1615075200000,1.7431,1.9500,1.7303,1.9463,12403638.0,22592478.73839
1615161600000,1.9472,2.1000,1.7737,2.0729,15627428.5,30284829.57179
1615248000000,2.0729,2.1557,1.9449,2.0000,10342856.1,21013447.47021
1615334400000,2.0002,2.3950,1.8949,2.1442,21662616.1,47519455.19351
1615420800000,2.1429,2.5533,2.0432,2.5360,15162911.6,34666742.22856
1615507200000,2.5353,2.6100,2.2283,2.3057,14083080.1,33899384.59794
1615593600000,2.3055,2.5178,2.2308,2.4087,10727564.6,25592565.50412
1615680000000,2.4082,2.4316,2.2204,2.2215,10700737.0,25059873.01679
1615766400000,2.2218,2.3849,2.0660,2.3039,10387945.3,23151341.12229
1615852800000,2.3035,2.8471,2.1540,2.7640,16087306.9,40207505.87504
1615939200000,2.7638,2.8000,2.3056,2.4517,18746249.9,45697528.26331
1616025600000,2.4520,2.4731,2.2799,2.2844,9874854.3,23617484.95359
1616112000000,2.2846,2.4350,2.2201,2.3215,7955560.1,18688402.36264
1616198400000,2.3203,2.4066,2.1901,2.2077,6385277.3,14833080.44529
1616284800000,2.2081,2.2628,2.0628,2.1668,9428992.8,20470788.51838
1616371200000,2.1685,2.3335,2.0398,2.0690,12095180.5,26699366.01573
1616457600000,2.0674,2.1770,1.9819,1.9945,8699388.1,17997334.68837
1616544000000,1.9943,2.2592,1.8200,1.8997,12171458.4,25330882.12341
1616630400000,1.8997,1.9251,1.7029,1.7946,21102586.2,38088723.30319
1616716800000,1.7941,2.1494,1.7908,2.0960,15257328.7,30606165.04410
1616803200000,2.0960,2.2924,1.9818,2.2234,15085948.7,32226947.45106
1616889600000,2.2233,2.4568,2.1877,2.3687,13897760.1,32386217.36789
1616976000000,2.3684,2.4543,2.2222,2.4258,13172531.5,30902682.43813
1617062400000,2.4255,2.6465,2.3950,2.4946,11237964.7,28345461.97221
1617148800000,2.4956,2.7291,2.1923,2.6736,19115935.2,48217633.30210
1617235200000,2.6730,2.8128,2.5524,2.5907,10639699.9,28566955.38558
1617321600000,2.5915,2.9006,2.5507,2.7825,12659317.7,34993826.11278
1617408000000,2.7822,2.7947,2.4447,2.5354,16271060.2,43012103.96825
1617494400000,2.5361,3.0911,2.4868,3.0596,15883521.9,45089339.75522
1617580800000,3.0595,3.1745,2.8251,2.9805,12979660.1,39020417.72273
1617667200000,2.9808,3.2391,2.8513,2.9890,11063784.3,33801098.11911
1617753600000,2.9912,3.0401,2.6133,2.7025,13910530.7,39004621.65451
1617840000000,2.7041,2.9731,2.6610,2.8547,10535280.5,30086495.24235
1617926400000,2.8548,3.0869,2.8350,2.9075,11373480.6,33576128.96954
1618012800000,2.9079,2.9991,2.6811,2.7377,7821330.8,22347717.50586
1618099200000,2.7388,2.8728,2.6846,2.7568,8362860.6,23335128.19846
1618185600000,2.7571,2.9031,2.6275,2.6591,8187763.2,22465791.44001
1618272000000,2.6591,2.6848,2.5317,2.6243,8884459.9,23121027.47962
1618358400000,2.6243,2.7006,2.4335,2.5552,11097879.3,28389258.37422
1618444800000,2.5554,2.7884,2.5062,2.7300,10851395.0,29014901.09815
1618531200000,2.7320,2.9918,2.4510,2.9082,18665071.9,50694478.60510
1618617600000,2.9082,3.0667,2.7334,2.7727,11201436.8,32429723.02044
1618704000000,2.7738,2.7958,1.8047,2.3679,27339797.3,62331728.97679
1618790400000,2.3689,2.7767,2.1431,2.5800,28093715.8,68122829.66772
1618876800000,2.5806,2.9268,2.3555,2.7594,36463978.7,96848756.08518
1618963200000,2.7591,3.0358,2.5173,2.5427,18952616.5,53311249.78796
1619049600000,2.5431,2.5958,2.1680,2.1991,19065018.2,46946287.79222
1619136000000,2.1998,2.2480,1.7300,2.0209,23920999.8,46109251.40078
1619222400000,2.0212,2.1652,1.8390,1.8526,23651748.7,47368144.74726
1619308800000,1.8532,2.2175,1.8118,2.1358,22916705.3,46876510.62067
1619395200000,2.1367,2.9565,2.1031,2.8665,30990718.1,77375587.66861
1619481600000,2.8685,3.2873,2.8624,2.9875,31741918.7,98352537.06060
1619568000000,2.9861,3.1589,2.7000,2.7395,23297506.6,67409323.39261
1619654400000,2.7414,2.7900,2.5910,2.7549,13578217.2,36777099.45100
1619740800000,2.7534,3.1800,2.6737,3.0455,29584431.5,89957198.66909
1619827200000,3.0451,3.1401,2.8666,3.0726,11972253.8,36119917.61603
1619913600000,3.0740,3.4699,2.8765,3.4310,18798572.2,60438888.98908
1620000000000,3.4316,3.4932,3.2714,3.2943,13205840.4,45027969.68134
1620086400000,3.2953,5.1124,3.1412,4.3189,57819824.7,237604906.54888
1620172800000,4.3230,4.8569,4.0334,4.2594,32656732.8,143835855.08313
1620259200000,4.2596,5.6617,4.0621,4.3530,58899484.1,293191435.80451
1620345600000,4.3537,4.9920,4.0135,4.1935,32511726.0,142106947.20145
1620432000000,4.1950,4.9553,4.1467,4.9248,25018694.8,113937351.44697
1620518400000,4.9283,12.0084,4.9200,10.0193,189459933.0,1391687050.92619
1620604800000,10.0102,16.4000,9.0500,11.5714,197322267.7,2348378720.63386
1620691200000,11.5679,12.5320,9.5790,9.6331,71440988.9,764935912.03463
1620777600000,9.6325,9.9500,6.9000,7.0326,51629250.6,452819552.35477
1620864000000,7.0301,7.7961,6.4100,7.1237,39533262.8,282875370.79072
1620950400000,7.1258,11.4000,6.8749,9.3816,97225237.3,941222712.82129
1621036800000,9.3821,9.9851,8.1084,8.2380,40477335.9,360477286.88371
1621123200000,8.2288,9.2000,7.3000,7.9129,24579720.5,202683859.54334
1621209600000,7.9183,8.6421,6.9169,7.3008,27444299.4,212983653.27010
1621296000000,7.2969,8.1757,7.0372,7.1902,21354320.6,159242673.42762
1621382400000,7.1923,7.3300,2.5962,4.5097,41292376.9,224894750.54295
1621468800000,4.5108,8.0000,4.0520,6.9836,54967977.9,341997138.64413
1621555200000,6.9861,8.9000,5.7992,6.3480,96911659.4,730950208.07126
1621641600000,6.3537,7.2999,5.2916,5.8767,45077727.7,283983883.21080
1621728000000,5.8754,6.2940,4.0000,5.3466,43650467.2,226027286.24680
1621814400000,5.3453,6.1630,4.9739,5.8672,29320539.2,164117235.80820
1621900800000,5.8674,6.3051,5.0826,5.4486,24104442.8,134117477.11374
1621987200000,5.4470,6.2779,5.2915,5.7996,22349813.9,128078670.32169
1622073600000,5.8012,5.8672,5.1684,5.4562,16811615.3,93190826.90754
1622160000000,5.4510,5.5934,4.4500,4.7546,19509237.5,96742250.70434
1622246400000,4.7554,5.1351,4.1849,4.4834,15957938.9,74825355.57018
1622332800000,4.4833,4.8998,4.1608,4.6066,15076075.6,69660919.94831
1622419200000,4.6088,5.0816,4.3467,4.8440,12667631.9,60083081.90075
1622505600000,4.8461,5.8618,4.7699,5.3146,32056250.2,170043597.62962
1622592000000,5.3130,5.7200,5.0200,5.2697,19062606.0,102078629.22334
1622678400000,5.2705,5.6169,5.2117,5.3865,14241392.0,76407297.69618
1622764800000,5.3879,5.3898,4.5113,4.7137,15649291.7,75544626.39999
1622851200000,4.7152,4.9800,4.3624,4.5442,13947227.3,65509101.27610
1622937600000,4.5464,4.7969,4.5286,4.7348,11065399.6,51615943.16463
1623024000000,4.7345,4.9186,4.1642,4.2348,11924971.3,55044444.63764
1623110400000,4.2333,4.3248,3.5657,4.0664,16750720.8,66441293.34424
1623196800000,4.0643,4.2374,3.7888,4.1525,13712010.8,55397910.41181
1623283200000,4.1533,4.2228,3.6856,3.7049,12444814.4,49132530.34096
1623369600000,3.7065,3.8201,3.2763,3.3741,13581753.5,48712213.67907
1623456000000,3.3725,3.3850,3.0180,3.1796,17007487.6,54093068.22174
1623542400000,3.1797,3.4921,3.1280,3.3979,12711984.5,41900537.43745
1623628800000,3.3982,3.7151,3.2801,3.6646,15790562.6,55775455.92600
1623715200000,3.6639,4.5998,3.6275,4.0761,69252573.2,294663682.30547
1623801600000,4.0761,4.0966,3.7001,3.7580,23414654.8,90914522.73377
1623888000000,3.7588,4.0348,3.5300,3.6368,17872232.1,67447449.60304
1623974400000,3.6377,3.6393,3.1780,3.3932,19537110.1,66669628.44541
1624060800000,3.3918,3.6884,3.3192,3.3265,28454842.3,100473817.28031
1624147200000,3.3271,3.5570,3.0968,3.4267,17157516.9,56837417.69265
1624233600000,3.4273,3.4515,2.6470,2.6494,25078065.3,75644810.15992
1624320000000,2.6491,2.8341,2.1900,2.5708,31200184.8,79336182.84140
1624406400000,2.5711,3.1141,2.4414,2.8122,25295083.2,71532633.03696
1624492800000,2.8122,2.9469,2.6620,2.8102,14816884.4,41535184.78477
1624579200000,2.8097,2.8832,2.4851,2.5292,15348518.2,40565688.46775
1624665600000,2.5297,2.7419,2.4703,2.7121,23775278.4,62246076.87077
1624752000000,2.7107,2.9038,2.5818,2.8914,18902839.6,51008493.44780
1624838400000,2.8908,2.9544,2.7705,2.9007,14388870.9,41253195.80959
1624924800000,2.9016,3.1979,2.8638,3.0527,16285328.0,49436491.80004
1625011200000,3.0527,3.1361,2.7467,2.9414,14091214.7,40826282.53894
1625097600000,2.9424,3.0918,2.7251,2.7691,14498443.2,41257082.37694
1625184000000,2.7685,2.8232,2.6600,2.8141,8580077.7,23462071.33500
1625270400000,2.8143,3.0043,2.7359,2.9639,9693162.5,27844746.37965
1625356800000,2.9650,3.0282,2.7872,2.9702,10940225.1,32024558.21671
1625443200000,2.9698,3.0238,2.6644,2.7351,11047532.7,31180165.73770
1625529600000,2.7343,2.9758,2.7302,2.8389,11515716.0,32802103.88867
1625616000000,2.8397,3.7323,2.7911,3.6688,36551847.7,120013411.94641
1625702400000,3.6693,3.6899,2.9135,3.0288,44404445.0,144301514.82361
1625788800000,3.0299,3.1924,2.8115,3.0266,22264031.3,66713650.24958
1625875200000,3.0266,3.1267,2.8610,2.9779,14565997.9,43273632.52360
1625961600000,2.9797,3.1500,2.8760,3.0223,13114546.3,39615478.81927
1626048000000,3.0230,3.0784,2.8481,2.9105,13578729.6,40175323.48446
1626134400000,2.9101,2.9195,2.7207,2.7657,11167730.9,31419895.83195
1626220800000,2.7671,2.8113,2.5195,2.7485,13994787.2,37683729.16554
1626307200000,2.7490,2.7715,2.5477,2.6068,11991824.4,31619318.38212
1626393600000,2.6071,2.6947,2.4478,2.4758,11081506.4,28502594.04189
1626480000000,2.4758,2.5439,2.3921,2.4623,7962875.0,19596658.80796
1626566400000,2.4619,2.5732,2.3909,2.4361,9543273.7,23739577.05632
1626652800000,2.4363,2.4500,2.2251,2.2873,9026173.0,21029714.39901
1626739200000,2.2874,2.3539,2.0704,2.1335,12410405.0,26797622.44506
1626825600000,2.1338,2.4149,2.0604,2.3524,12404344.5,28424613.01359
1626912000000,2.3522,2.4300,2.2658,2.3586,11886299.2,27836707.24149
1626998400000,2.3594,2.4383,2.2730,2.4176,12031208.6,28513510.31967
1627084800000,2.4181,2.6605,2.3858,2.4851,13108594.8,33034658.60553
1627171200000,2.4864,2.5952,2.3908,2.5325,10756192.1,26605935.69583
1627257600000,2.5326,2.8579,2.5138,2.5467,18797044.4,51090774.95166
1627344000000,2.5458,2.6942,2.4503,2.6634,13599314.2,35158697.08687
1627430400000,2.6638,2.6925,2.5101,2.6736,12535497.6,32726556.00160
1627516800000,2.6736,2.8290,2.6021,2.7861,15584555.6,42345881.40554
1627603200000,2.7858,3.5271,2.6602,3.3353,33042056.0,101264122.48442
1627689600000,3.3370,3.8477,3.2800,3.3112,74288050.9,263817370.01433
1627776000000,3.3130,3.7962,3.2551,3.3612,35738164.5,124944424.25038
1627862400000,3.3602,3.5703,3.2549,3.4259,16820808.6,57412250.66170
1627948800000,3.4262,3.4463,3.1665,3.2727,15701864.0,51507619.84481
1628035200000,3.2716,3.4248,3.1477,3.3675,13707202.0,45041037.01011
1628121600000,3.3662,3.5422,3.2700,3.3622,16700865.7,56741779.11543
1628208000000,3.3620,3.5676,3.2570,3.4110,16104055.9,54976337.01337
1628294400000,3.4108,3.9479,3.3620,3.7251,32894584.8,123065877.10558
1628380800000,3.7232,3.7495,3.3447,3.4437,18142465.2,64698217.37275
1628467200000,3.4445,3.7893,3.3094,3.7053,19925429.8,72247531.64838
1628553600000,3.7049,3.8747,3.5550,3.6716,14923143.9,55523425.94797
1628640000000,3.6734,4.2271,3.6625,3.8266,21725011.0,85804165.07187
1628726400000,3.8271,4.1532,3.6308,3.8094,15897980.3,61509204.90022
1628812800000,3.8120,4.1834,3.7426,4.1718,12405537.3,49899542.26147
1628899200000,4.1720,4.3224,3.9654,4.1457,12270390.7,50509257.33820
1628985600000,4.1453,4.1952,3.9046,4.1177,10035127.1,40569077.52798
1629072000000,4.1185,4.5053,4.0656,4.1190,15095156.3,64366924.75232
1629158400000,4.1192,4.8828,3.9671,4.1526,30524648.5,135796724.72406
1629244800000,4.1554,4.5778,3.8819,4.1320,31636589.3,135372325.53571
1629331200000,4.1324,4.4729,4.0279,4.4399,16396912.4,69199703.25118
1629417600000,4.4396,4.9100,4.3717,4.6138,16394729.2,75456215.27351
1629504000000,4.6151,4.8055,4.4428,4.4981,14503478.4,66944127.16706
1629590400000,4.4977,5.2550,4.4832,5.1594,24916322.1,122490052.93936
1629676800000,5.1575,5.4950,4.9227,5.3767,26964577.7,141245320.18552
1629763200000,5.3768,5.5461,4.7161,4.8923,22685431.6,117258969.76588
1629849600000,4.8918,5.1633,4.6700,5.0663,13962088.7,69036929.22940
1629936000000,5.0643,5.1449,4.4544,4.4710,12385058.0,58411444.48892
1630022400000,4.4730,4.8772,4.2219,4.6951,13042491.7,59000366.02098
1630108800000,4.6962,4.7163,4.4343,4.5066,9214069.5,42089442.09631
1630195200000,4.5073,4.6252,4.3040,4.4529,10780281.3,48536730.44878
1630281600000,4.4518,4.9359,4.2700,4.6303,15043343.3,69116527.71815
1630368000000,4.6290,4.7752,4.3608,4.4762,13972803.5,63721361.61028
1630454400000,4.4763,4.9654,4.3402,4.8785,17233711.7,80782193.92570
1630540800000,4.8791,5.3899,4.7700,5.1839,23864670.2,120865784.15565
1630627200000,5.1842,5.6392,5.1308,5.3675,23205334.5,125220874.26084
1630713600000,5.3674,5.8071,5.2685,5.3288,14357034.7,79339642.71799
1630800000000,5.3289,5.5730,5.2554,5.3680,9913449.6,53635069.41691
1630886400000,5.3680,5.7177,4.8091,5.2240,16357047.8,87937293.83543
1630972800000,5.2234,5.2999,3.1466,4.1294,24216559.2,108591092.50807
1631059200000,4.1322,4.2847,3.5922,4.0324,17221126.6,69070405.58498
1631145600000,4.0317,4.2870,3.8841,4.0955,16902017.7,69436937.39610
1631232000000,4.0961,4.4020,3.7401,3.9004,12435614.1,50705554.18934
1631318400000,3.9001,4.1895,3.8200,3.9366,8299934.3,33320981.66077
1631404800000,3.9368,4.3149,3.8245,4.1353,9515412.4,38707377.27460
1631491200000,4.1355,4.1744,3.6000,3.8512,10448246.3,40158359.64231
1631577600000,3.8513,4.0341,3.7913,4.0294,6488056.3,25482325.40537
1631664000000,4.0292,4.5129,3.9723,4.2493,12737274.2,53853153.61291
1631750400000,4.2483,4.3060,3.9317,4.0243,9039869.7,37487256.88299
1631836800000,4.0237,4.0713,3.7889,3.8497,8373354.0,32911174.24134
1631923200000,3.8492,4.1722,3.7854,3.9298,8750052.8,34617119.33804
1632009600000,3.9300,3.9405,3.7357,3.8453,7686989.3,29589879.52616
1632096000000,3.8459,3.8568,3.1298,3.2507,14861529.3,50732320.89610
1632182400000,3.2522,3.4169,2.8806,3.0248,13901929.4,44442629.03606
1632268800000,3.0251,3.4596,2.9337,3.3814,11806733.8,38022047.46138
1632355200000,3.3814,3.5067,3.2670,3.4739,8878898.1,30117681.05342
1632441600000,3.4716,3.4932,2.9001,3.1829,13110043.9,41342383.31983
1632528000000,3.1829,3.5837,3.0708,3.4230,24888775.2,83813554.49080
1632614400000,3.4228,3.4781,3.0048,3.2488,18565771.5,60617523.88628
1632700800000,3.2479,3.6880,3.1926,3.3195,19935390.2,68896404.85973
1632787200000,3.3186,3.3469,3.1403,3.1907,17463623.4,56701230.20640
1632873600000,3.1898,3.4751,3.1599,3.2702,11199973.1,37255749.91586
1632960000000,3.2702,3.5243,3.2491,3.4718,10513673.8,35890778.34549
1633046400000,3.4739,3.8157,3.4554,3.7626,12735214.2,46698684.85945
1633132800000,3.7626,4.0361,3.6977,3.8495,10535452.7,41087582.11008
1633219200000,3.8496,4.0999,3.7502,3.9028,9001946.6,35529866.90507
1633305600000,3.9019,3.9050,3.6300,3.7576,7966743.1,30144603.99558
1633392000000,3.7586,4.0863,3.7226,4.0571,13912165.7,54554585.86491
1633478400000,4.0566,4.2100,3.6938,4.0074,13121050.8,52087442.22150
1633564800000,4.0073,4.0374,3.8207,3.8603,8365135.3,32764238.69219
1633651200000,3.8605,3.9709,3.7662,3.8033,9126226.9,35217013.74795
1633737600000,3.8049,3.9400,3.7613,3.8443,9631574.7,36906175.93985
1633824000000,3.8444,3.8454,3.5461,3.5662,7565614.2,28331113.88547
1633910400000,3.5653,3.8889,3.5199,3.7392,13363054.5,49964571.05948
1633996800000,3.7388,3.9900,3.6134,3.9676,28570222.4,108667286.59350
1634083200000,3.9661,4.7286,3.8643,4.4092,41297556.0,178495141.50044
1634169600000,4.4100,4.5539,4.2373,4.3077,15759192.5,68926850.08730
1634256000000,4.3078,4.9798,4.1707,4.5626,26116171.5,121326707.01673
1634342400000,4.5627,4.8275,4.5075,4.5597,12781675.3,59779097.01366
1634428800000,4.5603,4.7590,4.2282,4.7564,10483256.2,47463653.77301
1634515200000,4.7562,4.7754,4.4125,4.5644,10690222.2,49020737.54366
1634601600000,4.5641,4.5977,4.2780,4.3152,9108978.4,40239797.65572
1634688000000,4.3151,4.5038,4.2966,4.4153,8778724.8,38733341.76816
1634774400000,4.4158,4.5132,4.1542,4.1768,9881062.6,42991710.74656
1634860800000,4.1759,4.2816,4.0586,4.1312,7436912.7,31127210.47158
1634947200000,4.1318,4.2148,3.9897,4.1752,8319703.5,34057231.90445
1635033600000,4.1753,4.2010,3.9200,4.0481,8053412.5,32843490.54874
1635120000000,4.0480,4.3350,4.0221,4.2755,15067466.7,63787912.71453
1635206400000,4.2752,4.4068,4.1590,4.2340,12040826.7,51862781.34797
1635292800000,4.2352,4.3960,3.5496,3.8007,14101744.6,55681103.80260
1635379200000,3.8009,4.0854,3.7746,3.9827,7622383.5,30205412.31346
1635465600000,3.9833,4.2559,3.9546,4.1234,10611696.6,43987986.49024
1635552000000,4.1214,4.3099,3.9702,4.1624,10843918.2,44721450.29632
1635638400000,4.1624,4.5675,4.1605,4.4026,12083285.2,52606885.02226
1635724800000,4.4024,4.5483,4.1716,4.3394,8142527.0,35374083.08799
1635811200000,4.3383,6.5946,4.2803,5.2990,44256329.2,242372225.57737
1635897600000,5.2973,5.5605,4.6556,5.0150,33578474.6,171942461.39105
1635984000000,5.0151,5.3440,4.7443,4.9197,14068563.8,70337573.83452
1636070400000,4.9197,5.3000,4.7913,4.9498,11183448.6,55870007.21099
1636156800000,4.9467,5.1280,4.6469,4.7962,8252361.6,40123026.55084
1636243200000,4.7963,4.9209,4.7553,4.7894,6043962.8,29228058.36363
1636329600000,4.7887,5.1450,4.6756,4.9750,11417591.0,55855946.75365
1636416000000,4.9748,5.1917,4.8218,4.8986,11870539.6,59107635.77284
1636502400000,4.8978,4.9891,4.0669,4.5220,13367684.2,62679144.40625
1636588800000,4.5207,4.6580,4.4560,4.5495,9051634.4,41301281.96874
1636675200000,4.5507,4.6402,4.2189,4.3638,9622029.4,42508616.39765
1636761600000,4.3635,4.5849,4.3181,4.4927,7480541.7,33291484.05180
1636848000000,4.4925,4.6400,4.3172,4.4372,7764304.8,34625574.73894
1636934400000,4.4378,4.8404,4.4157,4.4419,23600373.0,109823760.02947
1637020800000,4.4416,4.4419,3.7750,4.0828,16070335.7,66644883.64254
1637107200000,4.0840,4.2284,3.9215,4.1405,9406993.0,38364466.74774
1637193600000,4.1420,4.1867,3.7937,3.8461,9940685.3,39532803.13694
1637280000000,3.8462,4.0355,3.7363,3.9641,7642738.5,29823221.88503
1637366400000,3.9649,4.3219,3.9022,4.2144,11018572.0,45300671.42132
1637452800000,4.2152,4.3853,4.1468,4.1664,9463702.2,40214304.46601
1637539200000,4.1691,4.1943,3.8737,3.9355,9432083.2,38114514.12354
1637625600000,3.9360,4.0731,3.8251,4.0367,8339663.9,33080914.77616
1637712000000,4.0366,4.1493,3.8512,3.9317,8537442.5,34018968.94507
1637798400000,3.9314,4.2696,3.9001,4.2291,7647185.7,31452638.12372
1637884800000,4.2288,4.2862,3.6409,3.7049,11274916.6,43508808.30162
1637971200000,3.7048,4.5429,3.6854,4.0153,30596677.9,129266021.36410
1638057600000,4.0145,4.0493,3.7312,4.0359,10309972.1,40331813.68350
1638144000000,4.0334,4.4036,3.9621,4.0666,10143847.7,41700343.77089
1638230400000,4.0667,4.1731,3.9219,4.0215,9572726.6,38798704.49748
1638316800000,4.0230,4.2504,3.9836,4.1209,9735276.7,40008124.42248
1638403200000,4.1214,4.2586,3.9018,4.1482,12449796.8,51110504.63742
1638489600000,4.1476,5.6330,4.1000,4.2997,121995148.1,608935945.05975
1638576000000,4.3004,4.5877,3.1375,3.6621,53285822.7,207512541.07034
1638662400000,3.6613,3.6982,3.2342,3.3767,16461458.4,56669153.02529
1638748800000,3.3781,3.4558,2.9646,3.3731,18888492.0,60757280.65751
1638835200000,3.3731,3.4827,3.2407,3.2956,11586262.7,39137265.91457
1638921600000,3.2964,3.4119,3.1287,3.3612,9441259.7,31115940.87922
1639008000000,3.3612,3.4039,3.0120,3.0143,11613348.9,37022398.78657
1639094400000,3.0135,3.1024,2.7879,2.8017,15547659.1,46151641.53283
1639180800000,2.8019,3.0479,2.7363,2.9750,10965054.7,31624199.60961
1639267200000,2.9739,3.0777,2.9178,3.0370,9494600.4,28385210.96446
1639353600000,3.0370,3.1780,2.6823,2.7113,27324669.5,80059164.34556
1639440000000,2.7111,2.8011,2.6480,2.7695,12401558.6,33880187.22373
1639526400000,2.7698,2.9088,2.5380,2.7806,15912029.6,43236612.06909
1639612800000,2.7801,2.9967,2.7688,2.8281,10113251.0,29194322.67854
1639699200000,2.8289,3.0558,2.6587,2.7633,12274872.1,34612208.80716
1639785600000,2.7620,2.9175,2.7072,2.7969,6925376.2,19467803.07428
1639872000000,2.7964,2.8742,2.7098,2.7162,6888517.2,19205992.72847
1639958400000,2.7161,2.7863,2.5509,2.7691,8985718.4,23870824.46670
1640044800000,2.7692,3.0549,2.7252,2.9475,29106825.9,85464269.13895
1640131200000,2.9471,3.2863,2.9344,3.0771,12836346.3,39255358.58764
1640217600000,3.0767,3.2986,2.9994,3.2827,11166738.4,35139456.08034
1640304000000,3.2827,3.2877,3.0405,3.0900,7501407.6,23914802.17034
1640390400000,3.0902,3.1834,3.0608,3.1333,5218783.5,16374428.23491
1640476800000,3.1358,3.1683,2.9449,3.0868,8183364.9,24933268.33394
1640563200000,3.0880,3.4689,3.0688,3.3955,15404083.9,50633830.82237
1640649600000,3.3949,3.4179,2.9865,3.0286,24060260.6,76799822.66764
1640736000000,3.0281,3.2537,2.9314,3.0326,15642611.4,48307781.47246
1640822400000,3.0327,3.1860,2.9536,3.0862,15920504.9,49274918.16757
1640908800000,3.0859,3.1350,2.9073,2.9385,9767876.9,29600950.68351
1640995200000,2.9385,3.1042,2.9385,3.1023,6646853.8,19999133.40163
1641081600000,3.1020,3.3106,3.0584,3.2022,13894662.1,44464360.63330
1641168000000,3.2016,3.2893,3.0993,3.2541,10638082.4,34038625.21042
1641254400000,3.2541,3.6220,3.2408,3.4296,27057073.8,93510090.71998
1641340800000,3.4291,3.6008,2.9343,3.1051,16966088.8,57422234.14530
1641427200000,3.1045,3.1631,2.8991,3.0122,11448286.3,34462782.77661
1641513600000,3.0123,3.0285,2.7652,2.8314,16377974.8,47282461.96905
1641600000000,2.8312,2.9463,2.6445,2.7551,13023784.0,36352685.64513
1641686400000,2.7546,3.0249,2.7276,2.8703,13284487.7,38156231.27000
1641772800000,2.8701,2.9761,2.6122,2.7333,13798268.4,38790220.24640
1641859200000,2.7346,2.8768,2.7009,2.8014,7240350.4,20141607.70026
1641945600000,2.8024,2.9259,2.7801,2.8977,7467925.7,21348506.01139
1642032000000,2.8990,2.9765,2.7235,2.7318,9068416.1,25724601.39997
1642118400000,2.7321,2.8941,2.6533,2.7672,13085517.3,35865234.95692
1642204800000,2.7672,2.8180,2.7139,2.7594,8081297.6,22371723.50919
1642291200000,2.7594,2.7947,2.6964,2.7043,6724601.8,18434906.61969
1642377600000,2.7046,2.7170,2.5612,2.5987,7868708.4,20682300.53271
1642464000000,2.5991,2.6324,2.4910,2.5542,7867354.3,20061701.24378
1642550400000,2.5534,2.5789,2.4300,2.4713,6874982.6,17265851.14697
1642636800000,2.4736,2.6076,2.3208,2.3417,7291045.9,18223447.59788
1642723200000,2.3409,2.3602,1.9335,2.0008,13817145.4,30079192.15237
1642809600000,1.9992,2.0412,1.6244,1.7681,14457261.5,26120226.19498
1642896000000,1.7702,1.8999,1.7155,1.8213,9509573.9,17128611.58898
1642982400000,1.8206,1.8229,1.5167,1.7543,12030787.6,19899808.56002
1643068800000,1.7540,1.8118,1.6878,1.7678,9369469.9,16412685.05408
1643155200000,1.7672,1.9361,1.6993,1.7347,11717201.9,21187695.05144
1643241600000,1.7353,1.8700,1.6335,1.7674,19837937.7,35113048.60528
1643328000000,1.7675,1.8426,1.7244,1.8226,12391617.7,22056918.92138
1643414400000,1.8225,1.9392,1.8159,1.9152,8271940.3,15617268.74795
1643500800000,1.9158,1.9562,1.8463,1.9041,7725108.9,14778722.40998
1643587200000,1.9040,1.9983,1.7820,1.9483,9569423.6,18171479.33183
1643673600000,1.9479,2.0070,1.9154,1.9768,9380527.3,18457700.43526
1643760000000,1.9775,2.0341,1.8520,1.8733,12687308.1,24723373.32564
1643846400000,1.8735,1.8889,1.7754,1.8815,9578471.7,17511940.07901
1643932800000,1.8811,2.1019,1.8680,2.0985,10238835.9,20345857.47638
1644019200000,2.0989,2.2019,2.0779,2.1643,9565391.0,20537894.08688
1644105600000,2.1641,2.2317,2.0954,2.1852,7168627.2,15524487.91432
1644192000000,2.1848,2.3178,2.1462,2.2704,9566200.4,21619305.01002
1644278400000,2.2702,2.3247,2.0852,2.1966,11099824.5,24307267.52517
1644364800000,2.1963,2.4900,2.1600,2.2825,17706114.1,41139300.93661
1644451200000,2.2825,2.2933,2.1221,2.1572,15161193.3,33802061.79093
1644537600000,2.1573,2.2838,2.0104,2.0684,12637515.4,27465287.24154
1644624000000,2.0683,2.1118,1.9669,2.0238,9190051.1,18750525.76069
1644710400000,2.0243,2.0598,1.9291,1.9987,6601332.7,13284647.44673
1644796800000,1.9984,2.0107,1.8662,1.9418,9685045.8,18741680.60911
1644883200000,1.9424,2.1565,1.9417,2.1483,8626741.8,17885241.66890
1644969600000,2.1491,2.1899,2.0862,2.1308,10141977.0,21710372.49082
1645056000000,2.1305,2.1569,1.8776,1.9008,9629783.5,19497640.80064
1645142400000,1.9019,1.9476,1.7974,1.8222,13827168.9,25897241.90146
1645228800000,1.8218,1.8703,1.7619,1.8208,8098337.1,14725004.92667
1645315200000,1.8202,1.8345,1.6932,1.7333,10553620.3,18570260.08061
1645401600000,1.7335,1.8466,1.5602,1.5711,16953743.9,29081246.53469
1645488000000,1.5719,1.7038,1.5088,1.6940,17456391.9,28281009.83952
1645574400000,1.6930,1.7607,1.5832,1.5878,12867942.2,21747026.77205
1645660800000,1.5884,1.6128,1.3600,1.5626,16968487.3,24891806.87901
1645747200000,1.5624,1.6754,1.5277,1.6539,9828467.5,15678699.53160
1646092800000,1.8558,2.0346,1.8201,1.9928,11969163.7,23021837.15013
1646179200000,1.9933,1.9990,1.8812,1.9213,10897950.3,21266312.51811
1646265600000,1.9213,1.9791,1.8069,1.8484,7996393.3,15195515.70282
1646352000000,1.8488,1.9185,1.6978,1.7193,9769840.2,17960566.71529
1646438400000,1.7198,1.8430,1.6667,1.8171,6881262.6,12199725.01322
1646524800000,1.8172,1.8279,1.6891,1.7159,7630545.2,13363885.88270
1646611200000,1.7164,1.8112,1.6320,1.6990,10126002.0,17373425.19617
1646697600000,1.6981,1.8159,1.6691,1.6878,10833728.1,18909207.90529
1646784000000,1.6875,1.8143,1.6835,1.7960,14272249.6,25163230.98365
1646870400000,1.7950,1.8048,1.6128,1.6665,11868208.1,20033946.98203
1646956800000,1.6661,1.7082,1.6007,1.6315,6495688.5,10729876.44200
1647043200000,1.6315,1.6841,1.6210,1.6267,7996240.2,13236273.23709
1647129600000,1.6268,1.6885,1.5889,1.5956,6852772.3,11335980.55539
1647216000000,1.5956,1.7080,1.5749,1.6930,7355417.8,12180742.17583
1647302400000,1.6933,1.7359,1.6033,1.7079,6603992.9,11047991.93548
1647388800000,1.7083,1.8511,1.6967,1.8198,9263768.7,16368132.80374
1647475200000,1.8199,1.8454,1.7585,1.8114,5881638.1,10608055.18191
1647561600000,1.8115,1.8554,1.7438,1.8532,5928089.4,10639301.00971
1647648000000,1.8540,1.9951,1.8290,1.9325,8169391.7,15560738.76620
1647734400000,1.9325,1.9399,1.8084,1.8798,6396422.9,12011074.43912
1647820800000,1.8798,2.0001,1.8216,1.8975,8867089.6,17053906.08053
1647907200000,1.8975,2.0380,1.8832,1.9319,9327613.5,18324449.66109
1647993600000,1.9321,2.1172,1.9008,2.0871,17832425.8,36158281.12131
1648080000000,2.0872,2.1406,2.0243,2.1148,9714665.7,20283484.99256
1648166400000,2.1146,2.1775,2.0166,2.0831,9115508.6,19260880.29869
1648252800000,2.0824,2.2500,2.0622,2.1636,21637010.3,47113726.81185
1648339200000,2.1636,2.3127,2.1182,2.2788,8252945.3,18119930.02835
1648425600000,2.2793,2.3764,2.1699,2.2043,7774366.9,17989412.11234
1648512000000,2.2048,2.4043,2.1943,2.3064,8812142.0,20326030.25437
1648598400000,2.3059,2.4700,2.2022,2.4215,10620910.6,25383793.70076
1648684800000,2.4216,2.4915,2.2070,2.2432,13363856.3,31521968.24876
1648944000000,2.4085,2.5920,2.3373,2.5541,21001431.6,52925469.77983
1649030400000,2.5550,2.6067,2.3302,2.4478,14985373.2,37386953.14151
1649116800000,2.4481,2.5458,2.3205,2.3404,7867705.9,19312434.38372
1649203200000,2.3405,2.3437,1.9853,2.0005,13854240.9,30193562.12454
1649289600000,2.0002,2.2200,1.9500,2.1022,28111573.4,59239122.28442
1649376000000,2.1017,2.1568,1.9555,1.9765,11122920.6,23235595.45763
1649462400000,1.9762,2.0664,1.9682,2.0600,5373403.5,10836686.79528
1649548800000,2.0599,2.0932,1.9551,1.9625,5479867.7,11166948.58358
1649635200000,1.9619,1.9856,1.7831,1.8202,17959337.4,33734794.71196
1649721600000,1.8206,2.0510,1.8132,1.9796,23829025.2,46423704.04808
1649808000000,1.9797,2.0722,1.9406,2.0648,14591121.2,29237456.97269
1649894400000,2.0648,2.1820,1.9800,2.0736,25143087.9,52673427.27801
1649980800000,2.0736,2.1211,2.0255,2.0937,9435163.5,19526612.26891
1650067200000,2.0944,2.1228,2.0131,2.0564,5797330.8,11960399.08988
1650153600000,2.0560,2.1227,1.9279,1.9325,8944014.6,18367420.51534
1650240000000,1.9327,1.9830,1.8160,1.9818,11493604.4,21777530.81226
1650326400000,1.9813,2.0748,1.9578,2.0730,6362642.0,12783832.80060
1650412800000,2.0738,2.1400,1.9923,2.0311,9220687.1,19087544.00820
1650499200000,2.0307,2.1436,1.9174,1.9570,8762196.3,18071465.21777
1650585600000,1.9576,2.0943,1.9400,1.9875,10721198.8,21788645.04472
1650672000000,1.9875,2.0004,1.9131,1.9342,8230561.7,16161231.00428
1650758400000,1.9341,1.9611,1.8752,1.8919,6994213.4,13432890.73289
1650844800000,1.8921,1.9165,1.7560,1.9090,11534268.9,21169230.21829
1650931200000,1.9092,1.9355,1.7100,1.7393,7972371.6,14744198.28421
1651017600000,1.7398,1.8476,1.7236,1.7870,9749704.6,17517754.55588
1651104000000,1.7871,1.8311,1.7374,1.7905,7526738.6,13462180.47456
1651190400000,1.7900,1.8030,1.6030,1.6457,7100598.9,12168670.12721
1651276800000,1.6455,1.6911,1.3870,1.4652,9482267.8,14937469.09444
1651363200000,1.4656,1.6219,1.4372,1.5429,14595300.4,22353494.46916
1651449600000,1.5430,1.5851,1.4514,1.5132,9258628.6,14063972.17846
1651536000000,1.5127,1.5736,1.4509,1.4831,7605427.8,11557365.38560
1651622400000,1.4839,1.6467,1.4755,1.6435,10773677.0,16740133.49451
1651708800000,1.6435,1.6629,1.4084,1.4803,11952673.3,18211660.00068
1651795200000,1.4800,1.5209,1.4271,1.4944,14566931.7,21551928.95297
1651881600000,1.4944,1.4993,1.3320,1.3683,10436175.0,15113330.07848
1651968000000,1.3684,1.3950,1.3096,1.3418,11444074.7,15521339.84726
1652054400000,1.3419,1.3855,1.0801,1.0925,22320117.2,27249141.31509
1652140800000,1.0936,1.2941,1.0506,1.1551,34370141.6,41070299.20998
1652227200000,1.1551,1.2127,0.7583,0.8242,45895899.1,46110374.29870
1652313600000,0.8248,0.8825,0.6199,0.7221,45188270.9,32810669.10016
1652400000000,0.7222,0.9138,0.7147,0.8151,18997287.9,15865816.78974
1652486400000,0.8145,0.8846,0.7456,0.8743,16528602.1,13490650.85891
1652572800000,0.8747,0.8967,0.8180,0.8954,21212235.9,18129644.56529
1652659200000,0.8951,0.8952,0.7846,0.8154,19929323.2,16449472.77936
1652745600000,0.8159,0.9393,0.8142,0.9093,19632112.7,17154009.27802
1652832000000,0.9092,0.9461,0.8178,0.8253,33156295.3,29370435.16331
1652918400000,0.8252,0.9267,0.7795,0.9123,19835052.9,16999363.16014
1653004800000,0.9126,0.9455,0.8356,0.8947,27118059.2,24315444.20633
1653091200000,0.8946,0.9492,0.8719,0.8887,26251867.7,23738198.13354
1653177600000,0.8885,0.9433,0.8740,0.9344,20695877.9,18846909.67442
1653264000000,0.9335,0.9872,0.8598,0.8747,26414644.5,24763215.70844
1653350400000,0.8746,0.9181,0.8232,0.9110,25392800.9,22346966.51779
1653436800000,0.9107,0.9216,0.8411,0.8660,29518045.0,25885278.82706
1653523200000,0.8664,0.8876,0.7630,0.7899,26476018.5,21647692.54490
1653609600000,0.7898,0.8046,0.7379,0.7704,30046531.6,23334506.89347
1653696000000,0.7705,0.8104,0.7540,0.8008,14425987.9,11400230.29375
1653782400000,0.8011,0.8472,0.7744,0.8454,16256662.5,13141242.55354
1653868800000,0.8454,0.9944,0.8296,0.9856,25716420.8,23739559.08677
1653955200000,0.9860,1.0130,0.9140,0.9811,18917095.9,18229908.05193
1654041600000,0.9810,1.0547,0.8635,0.8911,29583474.8,28681877.71977
1654128000000,0.8917,0.9284,0.8580,0.9212,17824171.8,15867098.69634
1654214400000,0.9213,0.9287,0.8533,0.8823,10369937.8,9205167.63813
1654300800000,0.8825,0.8944,0.8491,0.8637,9913787.6,8613868.30328
1654387200000,0.8633,0.8852,0.8325,0.8632,9649373.3,8268479.26530
1654473600000,0.8636,0.9400,0.8588,0.8818,12776045.8,11520360.36206
1654560000000,0.8814,1.1094,0.8061,0.9468,26170529.5,23935511.31834
1654646400000,0.9465,0.9853,0.8895,0.8941,24152586.5,22583803.29701
1654732800000,0.8939,0.9699,0.8753,0.9111,32221079.2,29992679.49828
1654819200000,0.9108,0.9142,0.8440,0.8788,15958833.8,14089885.76147
1654905600000,0.8793,0.9025,0.7563,0.7955,20852803.5,17208283.61291
1654992000000,0.7960,0.8073,0.7047,0.7063,17812191.3,13467867.92804
1655078400000,0.7063,0.7369,0.6235,0.6904,32072730.7,21681750.05154
1655164800000,0.6897,0.7334,0.6272,0.6803,29760475.5,20380441.86751
1655251200000,0.6802,0.7303,0.6123,0.7276,27095252.6,17854481.35905
1655337600000,0.7275,0.7352,0.6040,0.6163,18563957.4,12210400.84319
1655424000000,0.6164,0.6655,0.6121,0.6383,13349769.4,8560594.33081
1655510400000,0.6383,0.6599,0.5621,0.6162,60339125.4,37703448.77276
1655596800000,0.6159,0.6950,0.5845,0.6873,63535499.2,41885908.36394
1655683200000,0.6870,0.7140,0.6605,0.6858,31882270.6,21795468.37069
1655769600000,0.6858,0.7450,0.6686,0.6959,19844307.2,14052712.34912
1655856000000,0.6956,0.7049,0.6616,0.6686,16246113.9,11064791.62242
1655942400000,0.6695,0.7948,0.6671,0.7577,61318035.5,46050842.68398
1656028800000,0.7576,0.8287,0.7422,0.7894,40512026.0,31508077.50190
1656115200000,0.7889,0.8083,0.7490,0.7787,15883286.6,12411666.95760
1656201600000,0.7788,0.8414,0.7213,0.7265,27900169.4,21985220.23232
1656288000000,0.7266,0.8045,0.7256,0.7718,20639284.5,15955204.03331
1656374400000,0.7723,0.7795,0.7156,0.7253,13314090.2,10010744.07011
1656460800000,0.7251,0.8970,0.7213,0.8304,91390405.7,74069300.21107
1656547200000,0.8305,1.1599,0.7810,1.0391,996359327.5,969140699.81588
1656633600000,1.0391,1.4293,1.0172,1.3266,1261673080.2,1504654760.82034
1656720000000,1.3263,1.3800,1.1343,1.1445,532459480.1,658509743.79986
1656806400000,1.1445,1.1568,1.0407,1.0583,207468818.5,225437607.23835
1656892800000,1.0583,1.0727,0.9813,1.0079,191671217.4,194195547.03451
1656979200000,1.0077,1.0983,0.9826,1.0406,169125979.2,177052830.41167
1657065600000,1.0411,1.0570,0.9900,1.0027,93025740.3,94700113.22795
1657152000000,1.0026,1.0231,0.9915,1.0093,63326036.0,63878559.43718
1657238400000,1.0095,1.0311,0.9229,0.9437,87566546.8,84620467.00027
1657324800000,0.9437,1.0438,0.9428,1.0077,64767391.2,64946998.06045
1657411200000,1.0077,1.0145,0.9207,0.9368,52556943.4,50283384.48774
1657497600000,0.9368,0.9369,0.8463,0.8589,47592081.7,42745170.15921
1657584000000,0.8587,0.9200,0.8530,0.8536,58925097.4,52161608.76410
1657670400000,0.8534,0.8848,0.7965,0.8530,69216481.8,57458783.97911
1657756800000,0.8527,0.9525,0.8456,0.9307,60303851.8,53825103.75167
1657843200000,0.9307,0.9344,0.8744,0.8980,38611170.2,35004990.66247
1657929600000,0.8979,0.9700,0.8801,0.9421,41464427.0,38447799.55631
1658016000000,0.9418,0.9757,0.9227,0.9392,33432633.5,31788916.99610
1658102400000,0.9393,1.0076,0.9365,0.9806,33621684.0,32812818.02047
1658188800000,0.9808,1.0283,0.9495,1.0062,32344097.8,32077732.91719
1658275200000,1.0063,1.0412,0.9138,0.9303,33707907.9,33278830.88838
1658361600000,0.9302,0.9525,0.8947,0.9441,25120216.8,23258972.32191
1658448000000,0.9441,0.9790,0.8927,0.9067,19193267.2,18082083.57292
1658534400000,0.9065,0.9329,0.8742,0.9070,14206429.8,12836353.46608
1658620800000,0.9073,0.9466,0.8981,0.9029,15447465.5,14225263.21785
1658707200000,0.9030,0.9116,0.8353,0.8370,22601508.5,19817893.01329
1658793600000,0.8370,0.8562,0.8034,0.8470,14611964.3,12140273.06157
1658880000000,0.8472,0.8908,0.8252,0.8875,19070165.3,16295614.10278
1658966400000,0.8875,0.9593,0.8762,0.9401,21334284.1,19563315.85356
1659052800000,0.9402,1.0180,0.9202,0.9821,22251350.5,21446467.73564
1659139200000,0.9819,1.0878,0.9658,0.9791,27114428.5,27857675.70410
1659225600000,0.9793,1.0848,0.9720,0.9926,25080816.0,25922227.20477
1659312000000,0.9921,1.0805,0.9883,1.0287,22073282.6,22948491.41721
1659398400000,1.0289,1.0438,0.9434,0.9968,17511647.0,17404304.68115
1659484800000,0.9971,1.1454,0.9932,1.0147,74839806.7,81398077.03547
1659571200000,1.0147,1.0586,1.0050,1.0332,24688412.7,25438319.27600
1659657600000,1.0333,1.0791,1.0260,1.0749,14161314.2,14901324.53308
1659744000000,1.0746,1.1000,1.0596,1.0949,8921947.2,9567924.44723
1659830400000,1.0945,1.0951,1.0265,1.0435,14861375.0,15557004.95243
1659916800000,1.0436,1.0971,1.0426,1.0642,12620832.5,13533243.17531
1660003200000,1.0641,1.1472,1.0013,1.0313,37222871.5,40087084.74675
1660089600000,1.0313,1.5600,1.0045,1.4728,372228108.2,513326993.99334
1660176000000,1.4726,1.8291,1.4170,1.4833,519312335.5,808377062.85635
1660262400000,1.4832,1.5900,1.3812,1.4229,114830068.1,167953961.53066
1660348800000,1.4227,1.4500,1.3710,1.4171,41544081.0,58780387.91789
1660435200000,1.4177,1.4694,1.3121,1.4522,40257820.4,56408894.80771
1660521600000,1.4522,1.6636,1.4148,1.4653,198917263.6,309184560.94365
1660608000000,1.4653,1.4953,1.4160,1.4695,56873674.3,82827882.50404
1660694400000,1.4693,1.5452,1.3875,1.4092,60711163.7,88262966.50824
1660780800000,1.4102,1.4496,1.3546,1.3908,36343760.6,51585397.70937
1660867200000,1.3908,1.3980,1.1734,1.2293,54849495.0,68387467.14063
1660953600000,1.2293,1.3983,1.2283,1.3642,120509548.4,161733806.17591
1661040000000,1.3642,1.3685,1.2613,1.2990,44149893.8,57660109.55150
1661126400000,1.2990,1.4170,1.2397,1.3558,67702488.1,89991091.68200
1661212800000,1.3557,1.3687,1.2559,1.3032,40256563.9,52060785.44613
1661299200000,1.3031,1.6945,1.2609,1.5397,178571277.8,269755263.47065
1661385600000,1.5395,1.5850,1.3849,1.3885,88062449.8,129438318.68287
1661472000000,1.3885,1.4089,1.2298,1.2472,56818950.0,75438479.23968
1661558400000,1.2470,1.3881,1.2339,1.3713,89267878.7,119515496.75601
1661644800000,1.3716,1.3731,1.1825,1.1985,57645799.0,74193767.58473
1661731200000,1.1984,1.2667,1.1858,1.2578,35660381.1,43924052.18294
1661817600000,1.2573,1.2951,1.1550,1.1878,44650094.3,54951049.83401
1661904000000,1.1881,1.2481,1.1302,1.1376,31518689.6,37890998.26245
1661990400000,1.1377,1.1484,1.0791,1.1399,33864752.4,37878309.56048
1662076800000,1.1399,1.1529,1.0773,1.1026,25732749.3,28919699.77861
1662163200000,1.1028,1.1371,1.0850,1.1290,17643239.8,19662905.19975
1662249600000,1.1291,1.1427,1.0998,1.1233,14885936.9,16708637.92605
1662336000000,1.1232,1.1442,1.0954,1.1385,18727639.8,20925376.86536
1662422400000,1.1385,1.1737,1.0150,1.0164,28288505.4,31435685.76170
1662508800000,1.0163,1.2727,1.0050,1.2330,78929782.8,92794702.28747
1662595200000,1.2332,1.2700,1.1829,1.2122,72388006.1,88620545.14585
1662681600000,1.2121,1.3618,1.2046,1.3495,38753866.6,49466479.81566
1662768000000,1.3495,1.3748,1.3000,1.3203,23983303.6,31909076.49716
1662854400000,1.3196,1.3841,1.2775,1.3133,18288064.2,24279300.57866
1662940800000,1.3124,1.4399,1.2808,1.3929,40149221.4,54509720.74723
1663027200000,1.3929,1.4498,1.2422,1.2431,55149062.8,74802619.45360
1663113600000,1.2430,1.2710,1.1835,1.2272,22193595.7,27354004.97603
1663200000000,1.2273,1.3200,1.1895,1.2119,30396448.1,37614595.81026
1663286400000,1.2123,1.3022,1.1940,1.2297,43097586.3,54198948.91611
1663372800000,1.2296,1.2649,1.2136,1.2430,15126054.5,18753722.76251
1663459200000,1.2431,1.3327,1.1881,1.2230,56183571.4,72165022.99879
1663545600000,1.2226,1.2552,1.1262,1.1746,34742806.8,40780353.04899
1663632000000,1.1745,1.2492,1.1623,1.2016,48046779.5,58303372.16713
1663718400000,1.2017,1.2935,1.1704,1.2040,44445213.9,54121954.60850
1663804800000,1.2045,1.2540,1.1795,1.2403,28620100.8,34761546.75378
1663891200000,1.2403,1.3077,1.2065,1.2660,35757100.7,44821438.93094
1663977600000,1.2656,1.2789,1.1613,1.1702,21894078.1,26615572.42148
1664064000000,1.1704,1.1930,1.1426,1.1634,17776382.8,20890947.75509
1664150400000,1.1634,1.1968,1.1178,1.1968,25925820.2,29915214.74961
1664236800000,1.1967,1.2336,1.1465,1.1850,26390947.1,31624149.27828
1664323200000,1.1849,1.2016,1.1248,1.1861,18299790.5,21296541.36946
1664409600000,1.1861,1.2131,1.1610,1.2067,15868359.8,18780546.26322
1664496000000,1.2071,1.2313,1.1803,1.1916,16200698.9,19515757.23204
1664582400000,1.1917,1.2158,1.1874,1.1963,7677591.4,9224066.77253
1664668800000,1.1963,1.2065,1.1640,1.1887,9812327.6,11665265.24682
1664755200000,1.1887,1.2530,1.1739,1.2269,21447563.1,26116823.73908
1664841600000,1.2267,1.2994,1.2260,1.2656,19435206.1,24626805.83516
1664928000000,1.2656,1.2952,1.2379,1.2532,14013203.9,17679059.18991
1665014400000,1.2533,1.2778,1.2322,1.2589,11487616.8,14429925.74365
1665100800000,1.2587,1.2951,1.2257,1.2366,21175033.9,26793718.37700
1665187200000,1.2367,1.2420,1.1942,1.2096,9257267.9,11245513.98067
1665273600000,1.2096,1.2350,1.2002,1.2223,8500886.4,10377031.07543
1665360000000,1.2221,1.2437,1.1637,1.1692,17399387.3,21007630.47532
1665446400000,1.1691,1.1693,1.0954,1.1049,14885384.0,16808608.89358
1665532800000,1.1048,1.1241,1.0791,1.0839,13033274.0,14384755.80125
1665619200000,1.0838,1.1142,0.9950,1.0871,22219525.2,23365337.34233
1665705600000,1.0869,1.1215,1.0587,1.0695,12239395.4,13427860.24823
1665792000000,1.0694,1.0848,1.0620,1.0746,7673597.6,8255027.30586
1665878400000,1.0746,1.1120,1.0738,1.1036,7326836.5,8030379.71860
1665964800000,1.1035,1.1498,1.0856,1.1347,13394317.6,15092672.06699
1666051200000,1.1350,1.1441,1.0817,1.0956,11211922.2,12466288.70586
1666137600000,1.0958,1.1013,1.0551,1.0653,9229814.2,10029098.12994
1666224000000,1.0655,1.0903,1.0460,1.0615,9094179.7,9734652.65811
1666310400000,1.0614,1.0667,1.0175,1.0614,9271508.4,9719386.85609
1666396800000,1.0614,1.0804,1.0505,1.0661,7729721.1,8234744.78212
1666483200000,1.0665,1.0889,1.0448,1.0837,7826316.6,8339800.48962
1666569600000,1.0836,1.0883,1.0385,1.0412,6924719.5,7324890.28652
1666656000000,1.0412,1.0951,1.0330,1.0549,12055421.5,12744530.37313
1666742400000,1.0550,1.1021,1.0521,1.0830,10503282.4,11377503.73008
1666828800000,1.0830,1.1226,1.0560,1.0663,13398269.0,14585570.79866
1666915200000,1.0664,1.0778,1.0202,1.0509,15868003.4,16558393.89428
1667001600000,1.0507,1.0944,1.0496,1.0744,16024280.6,17151166.89327
1667088000000,1.0745,1.1798,1.0417,1.0548,44141210.1,49605822.39248
1667174400000,1.0549,1.0681,1.0271,1.0582,19615734.6,20601471.92028
1667260800000,1.0584,1.1262,1.0560,1.0795,35094586.4,38141629.63171
1667347200000,1.0794,1.0797,1.0070,1.0392,16581308.8,17425670.88228
1667433600000,1.0392,1.2666,1.0334,1.1453,44155279.1,51159147.98603
1667520000000,1.1449,1.2957,1.1310,1.2699,29016170.9,35288707.55768
1667606400000,1.2706,1.3480,1.2377,1.2694,23229390.4,30016104.45842
1667692800000,1.2695,1.2863,1.1681,1.1798,15005641.0,18677723.71643
1667779200000,1.1796,1.2511,1.1519,1.1662,21718469.0,26257247.06937
1667865600000,1.1663,1.1890,0.8609,0.9813,40051070.7,42505839.40382
1667952000000,0.9806,0.9910,0.7565,0.7915,30188434.7,26748055.48407
1668038400000,0.7912,0.9536,0.7733,0.9271,28436790.2,24831473.37432
1668124800000,0.9273,0.9361,0.8437,0.8967,14273259.4,12734173.24930
1668211200000,0.8963,0.9041,0.8340,0.8379,10454718.2,8996312.74811
1668297600000,0.8378,0.8499,0.7633,0.7924,14552529.3,11621047.83285
1668384000000,0.7927,0.8788,0.7463,0.8270,23171367.6,18724079.38744
1668470400000,0.8268,0.8863,0.8129,0.8798,16212343.8,13839829.83148
1668556800000,0.8796,0.9203,0.8601,0.8662,28801375.4,25507055.19542
1668643200000,0.8666,0.8965,0.8607,0.8839,13160916.9,11598766.95998
1668729600000,0.8842,0.8972,0.8476,0.8526,9863763.2,8576708.37944
1668816000000,0.8525,0.8664,0.8344,0.8595,8158625.1,6963529.11527
1668902400000,0.8598,1.2300,0.8573,1.0290,486012866.3,520615862.46565
1668988800000,1.0288,1.6560,0.9733,1.1750,708772397.8,805867762.99271
1669075200000,1.1753,1.2000,1.0284,1.0531,268644570.0,300740155.58887
1669161600000,1.0527,1.1987,1.0202,1.0962,122305296.1,136737943.89470
1669248000000,1.0964,1.3434,1.0958,1.1387,248846674.6,307776034.04621
1669334400000,1.1384,1.1579,1.0682,1.0853,88362942.1,97260945.74855
1669420800000,1.0856,1.1825,1.0626,1.1087,72389558.4,79919896.70144
1669507200000,1.1087,1.1233,1.0510,1.0686,36697675.3,39941622.90965
1669593600000,1.0686,1.1224,1.0060,1.0454,67610801.4,71520989.29769
1669680000000,1.0451,1.0795,1.0277,1.0565,36340424.2,38396833.69772
1669766400000,1.0564,1.1000,1.0467,1.0851,30833181.8,33117104.64851
1669852800000,1.0851,1.2281,1.0646,1.0891,70627749.1,78720889.38171
1669939200000,1.0891,1.1015,1.0500,1.1000,22129278.4,23867116.86952
1670025600000,1.1001,1.1345,1.0668,1.0746,24003851.5,26108264.52220
1670112000000,1.0745,1.1051,1.0672,1.0881,13219695.3,14316045.60357
1670198400000,1.0881,1.1030,1.0357,1.0642,16567358.3,17808698.41023
1670284800000,1.0640,1.0815,1.0271,1.0494,17216993.8,18089335.35564
1670371200000,1.0492,1.0582,0.9956,1.0226,17175917.9,17606162.55910
1670457600000,1.0228,1.0514,1.0107,1.0462,14029427.0,14470084.55601
1670544000000,1.0467,1.1475,1.0387,1.1053,161334031.7,179713935.89281
1670630400000,1.1054,1.1276,1.0881,1.1001,53802292.9,59542681.01886
1670716800000,1.1001,1.1272,1.0312,1.0706,36909017.0,40620692.88792
1670803200000,1.0707,1.1662,1.0362,1.1353,65209568.8,72411327.54903
1670889600000,1.1352,1.1794,1.1049,1.1510,93072328.8,106349323.42632
1670976000000,1.1511,1.1888,1.1125,1.1544,46549188.9,54124394.12892
1671062400000,1.1542,1.2092,1.1410,1.1714,61025002.1,72133787.25707
1671148800000,1.1716,1.2340,1.0724,1.0874,119386845.3,140656600.49879
1671235200000,1.0874,1.2222,1.0804,1.2002,110555126.0,127025330.39861
1671321600000,1.2002,1.2003,1.1353,1.1745,57832656.2,67152343.72631
1671408000000,1.1746,1.2315,1.1058,1.1702,154253727.5,180672025.03869
1671494400000,1.1704,1.2290,1.1641,1.2007,94994174.0,114301967.41832
1671580800000,1.2009,1.2852,1.1749,1.2514,102107768.6,125972265.80294
1671667200000,1.2514,1.3034,1.2237,1.2831,116768971.3,148190139.08421
1671753600000,1.2831,1.2831,1.2001,1.2208,54862613.5,67683180.95484
1671840000000,1.2211,1.2999,1.1827,1.2724,145844091.9,184736107.45842
1671926400000,1.2721,1.4240,1.2321,1.3160,192152963.9,248598495.82595
1672012800000,1.3159,1.3499,1.2610,1.3259,105189963.2,138350677.09119
1672099200000,1.3258,1.3850,1.3008,1.3441,91975333.1,123479056.38029
1672185600000,1.3441,1.3830,1.2913,1.3029,156189207.8,209687132.98416
1672272000000,1.3029,1.3268,1.2542,1.2922,70677053.6,90871402.58247
1672358400000,1.2918,1.3165,1.2161,1.2409,55835566.2,70236516.96613
1672444800000,1.2412,1.2599,1.2201,1.2229,30169246.6,37292835.80711
1672531200000,1.2230,1.2251,1.1601,1.1699,48222774.3,57321139.60170
1672617600000,1.1698,1.1987,1.1351,1.1670,64718082.3,75445037.25431
1672704000000,1.1667,1.1982,1.1387,1.1737,51206546.1,59945811.13474
1672790400000,1.1736,1.2179,1.1550,1.1840,43668374.0,51962562.91149
1672876800000,1.1838,1.1982,1.1369,1.1577,28903769.3,33598936.70423
1672963200000,1.1576,1.2633,1.1428,1.2437,108074057.8,130586655.43944
1673049600000,1.2438,1.3039,1.2055,1.2985,62089164.4,78188239.08162
1673136000000,1.2985,1.3499,1.2579,1.3311,107337422.0,139808955.93725
1673222400000,1.3307,1.5330,1.3154,1.3691,89857575.8,126156648.30291
1673308800000,1.3691,1.5185,1.3396,1.4506,75244784.5,109117585.36966
1673395200000,1.4506,1.5388,1.3549,1.4257,103941263.4,151545411.56448
1673481600000,1.4260,1.5199,1.3140,1.4818,91492661.0,130649370.61280
1673568000000,1.4818,1.6333,1.4500,1.5950,100821689.5,156405147.22981
1673654400000,1.5950,1.7364,1.4704,1.6094,68425878.4,111338991.32884
1673740800000,1.6104,1.7962,1.5555,1.6142,63624821.4,104855670.81208
1673827200000,1.6144,1.7264,1.5216,1.6269,42366369.7,69140003.99906
1673913600000,1.6272,1.7291,1.5800,1.6684,53699974.0,88717063.05596
1674000000000,1.6685,1.7220,1.4619,1.5065,46013555.9,73696783.39580
1674086400000,1.5064,1.5715,1.5063,1.5444,19616213.0,30250129.05185
1674172800000,1.5443,1.6446,1.4850,1.6345,30074642.2,46542580.07866
1674259200000,1.6345,1.8023,1.5981,1.7220,61733513.1,105933398.19294
1674345600000,1.7221,1.8018,1.6280,1.6688,44577139.0,77264118.66675
1674432000000,1.6688,1.8175,1.6647,1.7697,39436372.3,69525643.72547
1674518400000,1.7698,1.8200,1.5847,1.6376,24067264.5,42215477.60088
1674604800000,1.6377,1.7200,1.5849,1.6733,27151117.8,44339493.89282
1674691200000,1.6733,1.7971,1.6206,1.7443,51399667.1,88630145.17564
1674777600000,1.7445,1.7778,1.6940,1.7445,24924812.4,43194851.67389
1674864000000,1.7442,1.8426,1.7257,1.8051,42230803.7,75959029.37505
1674950400000,1.8050,1.8697,1.7743,1.8094,33147415.4,60508945.50141
1675036800000,1.8096,1.8284,1.5628,1.6504,32612869.8,55875015.06818
1675123200000,1.6506,1.7545,1.6389,1.7251,22007318.5,37392418.82819
1675209600000,1.7252,1.8092,1.6106,1.7847,22028117.1,37534627.70986
1675296000000,1.7847,1.8628,1.7093,1.7197,21133829.0,38117099.51041
1675382400000,1.7185,1.8469,1.6900,1.8122,22310208.1,39412347.40624
1675468800000,1.8122,1.8707,1.7864,1.8401,21306810.1,38975422.36710
1675555200000,1.8402,2.1161,1.6821,2.0538,106561069.6,208056468.76035
1675641600000,2.0539,2.1395,1.9351,2.0015,55744510.7,112760130.99532
1675728000000,2.0017,2.3265,2.0015,2.2554,82308746.9,181846331.67380
1675814400000,2.2552,2.3382,2.0201,2.0915,38143877.8,82545836.60696
1675900800000,2.0915,2.2210,1.8769,1.9215,45543730.2,94726103.17082
1675987200000,1.9219,2.0452,1.8876,1.9455,28222345.4,55563419.43918
1676073600000,1.9458,2.0338,1.9082,2.0165,16741956.7,33131663.82526
1676160000000,2.0167,2.1378,1.9000,1.9217,24703335.6,50107011.99911
1676246400000,1.9218,1.9331,1.8086,1.8881,21293377.9,39661920.77221
1676332800000,1.8886,2.0612,1.8820,2.0411,40771839.5,80988932.39228
1676419200000,2.0411,2.1536,2.0078,2.1330,24284295.0,50634286.86840
1676505600000,2.1330,2.1787,1.9701,1.9766,24920675.3,52208141.90077
1676592000000,1.9764,2.1096,1.9611,2.0717,15042284.2,30643158.62147
1676678400000,2.0717,2.1294,2.0338,2.0667,10691877.5,22207075.69104
1676764800000,2.0666,2.1412,1.9872,2.0057,12748691.1,26289564.72761
1676851200000,2.0054,2.1110,1.9369,2.0876,12946647.0,26608296.12615
1676937600000,2.0877,2.3140,1.9920,2.1202,48388949.5,102696682.10159
1677024000000,2.1204,2.1529,1.9310,2.0071,18940306.7,38061211.42305
1677110400000,2.0071,2.0774,1.9380,1.9752,13452065.5,27013766.47927
1677196800000,1.9755,1.9976,1.8414,1.9006,13971581.1,27002356.23355
1677283200000,1.9009,1.9183,1.8298,1.9028,9459244.5,17774055.85909
1677369600000,1.9029,1.9500,1.8825,1.9371,8980158.9,17227892.49391
1677456000000,1.9368,1.9700,1.8676,1.9336,13144187.4,25126991.07024
1677542400000,1.9336,1.9877,1.8521,1.8703,12799497.3,24555028.84789
1677628800000,1.8706,2.0052,1.8625,1.9999,16975144.2,33378525.86246
1677715200000,1.9997,2.0161,1.8725,1.9051,8875619.7,17070596.46648
1677801600000,1.9053,1.9080,1.7038,1.8214,11609798.6,20962850.73064
1677888000000,1.8214,1.8436,1.6684,1.7147,7233132.3,12805011.53905
1677974400000,1.7149,1.7919,1.6920,1.7292,9384626.2,16480883.80065
1678060800000,1.7291,1.7396,1.6750,1.7197,9097909.8,15494657.78502
1678147200000,1.7197,1.7408,1.5902,1.6543,12606232.8,20908256.00147
1678233600000,1.6542,1.6670,1.4669,1.5027,14398113.2,22360178.06743
1678320000000,1.5027,1.5564,1.2981,1.3228,21531284.4,30862850.31026
1678406400000,1.3227,1.3325,1.1953,1.3033,40214151.6,51180277.88366
1678492800000,1.3033,1.3425,1.2028,1.2831,18714233.8,23588619.15745
1678579200000,1.2832,1.4343,1.2612,1.4305,15683421.7,20727033.13785
1678665600000,1.4306,1.5093,1.3742,1.4935,18597132.5,26873006.33821
1678752000000,1.4935,1.7037,1.4641,1.6126,22345559.0,35355533.49087
1678838400000,1.6126,1.6488,1.4513,1.4901,15819951.9,24662725.95958
1678924800000,1.4899,1.5493,1.4700,1.5133,12615690.2,18990920.68970
1679011200000,1.5132,1.6630,1.4864,1.6617,10326412.7,16230448.62838
1679097600000,1.6614,1.7014,1.5422,1.5698,13547791.7,22173891.37061
1679184000000,1.5705,1.6472,1.5575,1.6050,8616818.3,13868055.74146
1679270400000,1.6051,1.7088,1.5600,1.7004,23789307.2,38745639.87921
1679356800000,1.7004,1.8849,1.6737,1.8050,163690510.1,296399661.77397
1679443200000,1.8049,2.1740,1.7742,2.0153,147821393.7,296947927.73706
1679529600000,2.0151,2.2500,1.9501,2.1799,69410622.9,145268865.73690
1679616000000,2.1802,2.2798,2.1088,2.1289,55225040.3,121521408.61244
1679702400000,2.1283,2.2434,1.7957,1.8254,88966716.2,172392182.16381
1679788800000,1.8253,1.8557,1.7746,1.8082,45958438.0,83583153.22111
1679875200000,1.8082,1.8188,1.6311,1.6506,49317986.6,85713124.78290
1679961600000,1.6504,1.6957,1.6045,1.6839,32538999.1,53459336.10508
1680048000000,1.6840,1.7972,1.6680,1.7646,24762680.1,43224122.64430
1680134400000,1.7643,1.8000,1.6426,1.6789,19589144.1,33436103.50462
1680220800000,1.6792,1.7396,1.6350,1.7188,14185258.9,23903277.24341
1680307200000,1.7188,1.7598,1.6789,1.7383,8508891.5,14644602.00014
1680393600000,1.7382,1.7525,1.6244,1.6559,14659717.8,24547627.77202
1680480000000,1.6559,1.7146,1.5774,1.6744,26121802.2,43026803.98639
1680566400000,1.6743,1.6923,1.6275,1.6784,10330739.0,17207062.97986
1680652800000,1.6784,1.7200,1.6319,1.6979,10166228.5,17081011.28272
1680739200000,1.6977,1.7093,1.6330,1.6979,10503338.2,17620799.94376
1680825600000,1.6978,1.7062,1.6303,1.6736,8392536.3,13997373.44595
1680912000000,1.6737,1.6920,1.6350,1.6726,7107680.2,11851521.14776
1680998400000,1.6726,1.7225,1.6337,1.7093,7716079.3,12908335.33542
1681084800000,1.7091,1.7440,1.6805,1.7424,8678558.4,14820436.66919
1681171200000,1.7425,1.7689,1.7170,1.7569,8179207.2,14268051.92613
1681257600000,1.7568,1.7793,1.6710,1.7777,14173865.4,24680373.99161
1681344000000,1.7777,1.8080,1.7305,1.7904,10147232.7,17941802.49410
1681430400000,1.7900,1.8634,1.7395,1.8551,11485586.2,20771968.61405
1681516800000,1.8553,1.8805,1.8032,1.8432,10570764.1,19529024.71459
1681603200000,1.8429,1.8645,1.8000,1.8508,6485339.2,11905770.91077
1681689600000,1.8507,1.8558,1.7660,1.8133,12306410.5,22186428.73573
1681776000000,1.8134,1.9411,1.7851,1.8788,19583518.8,36666326.46346
1681862400000,1.8791,1.8834,1.6208,1.6606,15445340.0,26864824.30167
1681948800000,1.6604,1.6976,1.5838,1.6113,10265041.9,16857118.66862
1682035200000,1.6119,1.6324,1.4469,1.5006,12525423.0,19404261.03433
1682121600000,1.5007,1.5574,1.4780,1.5541,13608831.9,20602393.23794
1682208000000,1.5535,1.5543,1.4813,1.5261,7969531.7,12155544.32110
1682294400000,1.5264,1.5548,1.4872,1.5317,6985587.6,10653874.54215
1682380800000,1.5316,1.5676,1.4725,1.5652,8818021.4,13311195.46397
1682467200000,1.5652,1.6663,1.4616,1.5767,17118916.7,27154526.17626
1682553600000,1.5764,1.6578,1.5416,1.6082,12127159.5,19335180.87385
1682640000000,1.6079,1.6094,1.5541,1.6005,5954139.5,9447071.41344
1682726400000,1.6004,1.9010,1.5939,1.8759,109783721.5,196901868.43356
1682812800000,1.8762,1.9900,1.8065,1.8696,387173418.5,736698080.74893
1682899200000,1.8696,1.9400,1.8100,1.8661,150589990.3,283109328.86404
1682985600000,1.8663,2.1200,1.8478,1.9799,235992604.7,470758151.19549
1683072000000,1.9801,2.0118,1.7872,1.8514,144659109.4,269175804.52351
1683158400000,1.8517,1.8517,1.6924,1.7069,70645735.7,125300027.87487
1683244800000,1.7072,1.7493,1.5822,1.6901,70538778.4,120565419.93165
1683331200000,1.6900,1.8206,1.5685,1.8031,129689084.7,224951309.41811
1683417600000,1.8035,1.8414,1.7082,1.7580,193251860.7,343926560.41754
1683504000000,1.7580,1.8597,1.6519,1.6735,227609621.2,401642477.21552
1683590400000,1.6734,1.7100,1.5297,1.5371,84814149.8,136257290.70971
1683676800000,1.5368,1.6011,1.4070,1.5757,101006665.8,153737884.54463
1683763200000,1.5756,1.5807,1.4205,1.4453,58254117.0,87279062.85899
1683849600000,1.4453,1.5350,1.4001,1.5244,51725425.3,76557930.30639
1683936000000,1.5243,1.5394,1.4690,1.4981,31718697.5,47830456.00909
1684022400000,1.4981,1.5096,1.4618,1.4942,25036423.6,37144422.55105
1684108800000,1.4938,1.5468,1.4632,1.5255,24419929.6,37073250.39796
1684195200000,1.5257,1.5555,1.5000,1.5350,23487300.4,35902026.74093
1684281600000,1.5349,1.6289,1.5215,1.6090,31027755.0,48818610.98928
1684368000000,1.6092,1.6348,1.5651,1.5807,27271644.4,43683591.00372
1684454400000,1.5809,1.6413,1.5661,1.6190,24598857.5,39608128.79306
1684540800000,1.6193,1.6203,1.5717,1.5845,13500639.1,21453817.31845
1684627200000,1.5848,1.7488,1.5704,1.6189,135184351.2,226748189.23398
1684713600000,1.6188,1.6700,1.5644,1.5822,59840041.7,96103309.96158
1684800000000,1.5821,1.6219,1.5654,1.6031,28396687.7,45434215.69623
1684886400000,1.6031,1.6215,1.5321,1.5687,28162909.2,44332523.62984
1684972800000,1.5687,1.5737,1.5125,1.5360,19116111.2,29544580.35833
1685059200000,1.5359,1.5641,1.5143,1.5570,17132437.3,26397869.39124
1685145600000,1.5572,1.5976,1.5507,1.5845,15872840.3,25007806.87437
1685232000000,1.5842,1.6351,1.5706,1.5916,18272465.7,29146678.87981
1685318400000,1.5912,1.6028,1.5407,1.5648,18197085.9,28588133.70320
1685404800000,1.5649,1.6160,1.5484,1.5794,19487096.1,30832281.17849
1685491200000,1.5793,1.5997,1.5026,1.5172,16381361.1,25141122.96541
1685577600000,1.5171,1.5349,1.4812,1.5140,11679455.2,17664998.25114
1685664000000,1.5138,1.5435,1.4941,1.5405,10645075.8,16262038.21362
1685750400000,1.5404,1.5481,1.5167,1.5206,10185589.1,15633034.71090
1685836800000,1.5206,1.5851,1.5060,1.5270,15990872.2,24739836.19646
1685923200000,1.5269,1.5305,1.2961,1.3484,25938665.7,37006058.38102
1686009600000,1.3481,1.4196,1.3301,1.4033,9271103.5,12735927.92058
1686096000000,1.4033,1.4087,1.3214,1.3417,8790803.7,11987125.63895
1686182400000,1.3417,1.5165,1.3167,1.3924,110780865.5,160847762.65408
1686268800000,1.3924,1.3994,1.3521,1.3659,23384343.0,32249889.40515
1686355200000,1.3660,1.3728,0.9935,1.1776,38609283.5,45110848.16335
1686441600000,1.1776,1.2449,1.1749,1.2219,16279218.2,19547956.52412
1686528000000,1.2218,1.2586,1.1813,1.2528,14625769.5,17909027.27624
1686614400000,1.2534,1.2779,1.2292,1.2540,12749899.6,15974442.10823
1686700800000,1.2540,1.2553,1.1326,1.1814,14815574.9,17940598.78774
1686787200000,1.1815,1.2301,1.1527,1.2204,12484472.6,14810392.73754
1686873600000,1.2204,1.2495,1.1800,1.2271,9955746.1,12062407.34078
1686960000000,1.2271,1.2735,1.2156,1.2389,6676025.1,8314631.40070
1687046400000,1.2389,1.2583,1.2150,1.2271,7487980.3,9270956.94297
1687132800000,1.2266,1.2446,1.2067,1.2390,6736210.6,8260244.13882
1687219200000,1.2390,1.2873,1.2131,1.2815,8902461.2,11134487.07878
1687305600000,1.2819,1.3653,1.2761,1.3400,16565387.9,21882947.02373
1687392000000,1.3404,1.3922,1.3163,1.3352,11225333.5,15227933.42481
1687478400000,1.3352,1.4146,1.3348,1.3886,15648250.9,21416302.92686
1687564800000,1.3891,1.4300,1.3499,1.3871,15622636.5,21709971.45416
1687651200000,1.3875,1.4352,1.3799,1.3981,8383261.5,11800755.44681
1687737600000,1.3982,1.4150,1.3157,1.3561,15423330.0,21188929.07313
1687824000000,1.3561,1.4056,1.3470,1.3853,7907690.0,10928346.57230
1687910400000,1.3854,1.4016,1.2460,1.2876,11098341.5,14699536.69340
1687996800000,1.2873,1.3173,1.2753,1.2899,6213996.9,8056396.54410
1688083200000,1.2899,1.3576,1.2132,1.3258,12228147.0,16020415.23344
1688169600000,1.3259,1.3556,1.3008,1.3547,5537615.3,7368425.04164
1688256000000,1.3542,1.3662,1.3045,1.3463,6384646.3,8487997.37117
1688342400000,1.3464,1.3812,1.3325,1.3663,15441677.6,21011809.61576
1688428800000,1.3664,1.3768,1.3350,1.3605,8798780.1,11964275.68165
1688515200000,1.3604,1.4058,1.2745,1.2975,12047152.5,16072707.51071
1688601600000,1.2975,1.3263,1.2246,1.2268,11530717.0,14690360.00108
1688688000000,1.2264,1.2552,1.2111,1.2416,6916100.6,8546379.33243
1688774400000,1.2418,1.2549,1.1921,1.2282,6936124.3,8501953.07110
1688860800000,1.2283,1.2384,1.2063,1.2118,4748642.1,5799741.49004
1688947200000,1.2118,1.2419,1.1636,1.2209,16236481.7,19489422.73211
1689033600000,1.2210,1.2305,1.1962,1.2205,5263425.4,6395396.73992
1689120000000,1.2204,1.2410,1.1940,1.2173,5931348.2,7237363.21704
1689206400000,1.2174,1.2907,1.2047,1.2892,9886397.1,12412712.84960
1689292800000,1.2891,1.3351,1.2192,1.2670,12619987.7,16163528.09977
1689379200000,1.2670,1.3022,1.2493,1.2683,6525960.5,8307240.50088
1689465600000,1.2683,1.2734,1.2133,1.2202,5497827.6,6829843.59891
1689552000000,1.2201,1.2748,1.2100,1.2509,11404695.0,14206560.55747
1689638400000,1.2512,1.2602,1.1885,1.2120,6066102.8,7412680.52831
1689724800000,1.2120,1.2259,1.1886,1.2007,5401561.9,6521034.26223
1689811200000,1.2007,1.2455,1.1908,1.2094,7678217.8,9343717.99239
1689897600000,1.2093,1.2323,1.2012,1.2155,4231332.8,5145707.14506
1689984000000,1.2155,1.2323,1.1778,1.1923,4084218.9,4946317.56880
1690070400000,1.1922,1.2187,1.1831,1.2071,3224945.5,3879075.78243
1690156800000,1.2071,1.2208,1.1263,1.1540,8864459.1,10331274.51661
1690243200000,1.1542,1.1633,1.1340,1.1467,4582774.4,5258562.25055
1690329600000,1.1467,1.1860,1.1200,1.1618,9732741.3,11232663.89566
1690416000000,1.1618,1.2135,1.1528,1.1760,7540539.3,8931935.57134
1690502400000,1.1761,1.2414,1.1720,1.2020,13369319.7,16170008.32023
1690588800000,1.2021,1.2098,1.1862,1.1953,4899459.6,5866955.88902
1690675200000,1.1954,1.2119,1.1559,1.1880,5598495.0,6679116.07751
1690761600000,1.1880,1.2254,1.1764,1.1853,7462891.5,8984181.25103
1690848000000,1.1853,1.2200,1.1410,1.2190,8053111.5,9613441.21826
1690934400000,1.2190,1.2265,1.1809,1.1898,5053816.2,6064441.38176
1691020800000,1.1899,1.2016,1.1561,1.1600,4847679.5,5688133.13385
1691107200000,1.1603,1.1784,1.1502,1.1565,3961863.2,4613882.75658
1691193600000,1.1565,1.1631,1.1450,1.1622,1980314.8,2284213.10320
1691280000000,1.1621,1.2113,1.1602,1.2047,5282457.9,6318544.40638
1691366400000,1.2047,1.3351,1.2000,1.2258,38902139.1,48988130.91213
1691452800000,1.2258,1.2420,1.2100,1.2312,10116665.5,12397096.72162
1691539200000,1.2312,1.2960,1.2234,1.2439,20196851.9,25231591.36186
1691625600000,1.2439,1.3145,1.2352,1.2595,29913936.7,37855805.53412
1691712000000,1.2594,1.3088,1.2300,1.2767,13445368.9,17211161.66058
1691798400000,1.2767,1.3146,1.2623,1.2662,8243143.8,10555330.36495
1691884800000,1.2664,1.3020,1.2664,1.2859,4761522.9,6101406.36018
1691971200000,1.2857,1.3043,1.2730,1.2827,5160647.9,6636685.07987
1692057600000,1.2827,1.2834,1.1444,1.2031,7247382.6,8844540.72703
1692144000000,1.2030,1.2110,1.1029,1.1386,6740207.1,7783517.71537
1692230400000,1.1386,1.1440,0.8946,1.0218,13826031.4,14630531.15822
1692316800000,1.0221,1.0508,1.0078,1.0256,10272568.3,10592639.80013
1692403200000,1.0252,1.0647,1.0215,1.0531,6468232.7,6767213.32102
1692489600000,1.0529,1.0637,1.0276,1.0514,4690160.9,4913021.64035
1692576000000,1.0512,1.0570,0.9897,1.0333,6510358.0,6668791.21679
1692662400000,1.0332,1.0408,0.9761,1.0342,8251026.9,8342926.09130
1692748800000,1.0342,1.0612,1.0150,1.0464,5224752.7,5418966.99534
1692835200000,1.0461,1.0494,0.9896,1.0061,5493043.1,5603288.91277
1692921600000,1.0064,1.0120,0.9736,1.0096,6364541.8,6322286.02168
1693008000000,1.0096,1.0198,0.9820,0.9837,3432521.6,3440826.07192
1693094400000,0.9836,0.9867,0.9258,0.9615,32981335.2,31168474.82511
1693180800000,0.9614,0.9885,0.9507,0.9845,16585251.4,16085935.92189
1693267200000,0.9846,1.0690,0.9401,1.0387,17838206.4,18083690.08642
1693353600000,1.0387,1.0472,1.0167,1.0361,6654602.3,6870749.42094
1693440000000,1.0358,1.0470,0.9851,0.9925,7589569.7,7720420.57717
1693526400000,0.9926,1.0031,0.9609,0.9731,6840602.4,6721154.53173
1693612800000,0.9732,1.1604,0.9678,1.1239,95022830.8,103524716.68599
1693699200000,1.1235,1.1813,1.0665,1.1356,74829754.7,83516341.76655
1693785600000,1.1357,1.1876,1.0437,1.0770,31804990.5,34909165.58629
1693872000000,1.0770,1.1142,1.0606,1.1012,12244495.0,13323936.42165
1693958400000,1.1012,1.1231,1.0675,1.1047,8474344.4,9302930.46685
1694044800000,1.1048,1.1072,1.0681,1.0966,4681294.3,5086273.42442
1694131200000,1.0969,1.1230,1.0578,1.0993,7544032.8,8240256.48860
1694217600000,1.0993,1.1073,1.0544,1.0607,6399372.9,6889880.44899
1694304000000,1.0605,1.0606,0.9856,1.0309,8317104.3,8458163.56920
1694390400000,1.0310,1.0506,0.9640,0.9907,10187584.5,10269558.68465
1694476800000,0.9908,1.0395,0.9779,0.9902,6669260.5,6717536.46916
1694563200000,0.9902,1.0275,0.9831,1.0100,7135907.1,7200740.70164
1694649600000,1.0098,1.0347,0.9991,1.0132,4478422.6,4552481.73894
1694736000000,1.0133,1.0473,1.0010,1.0447,4810526.0,4897724.90355
1694822400000,1.0449,1.0683,1.0399,1.0499,4031550.5,4247577.36785
1694908800000,1.0498,1.0525,0.9839,0.9962,4833747.8,4917333.01314
1694995200000,0.9959,1.0492,0.9830,1.0154,6327478.8,6460700.27490
1695081600000,1.0153,1.0639,1.0051,1.0392,7515219.9,7812937.67658
1695168000000,1.0392,1.0567,1.0169,1.0337,6815246.1,7041539.84471
1695254400000,1.0338,1.0474,0.9984,1.0235,5588629.8,5724885.24394
1695340800000,1.0234,1.0346,1.0004,1.0151,5422322.9,5513052.76514
1695427200000,1.0153,1.0304,1.0008,1.0097,6056692.8,6144418.91204
1695513600000,1.0097,1.0155,0.9864,0.9915,5451691.8,5475121.19260
1695600000000,0.9914,1.0123,0.9769,0.9985,4986008.1,4983546.31304
1695686400000,0.9984,1.0059,0.9505,0.9716,7799352.7,7612815.60630
1695772800000,0.9715,0.9818,0.9509,0.9591,5520920.3,5333728.45776
1695859200000,0.9590,1.0064,0.9553,1.0016,7415834.6,7303215.50239
1695945600000,1.0015,1.0086,0.9828,1.0072,4597305.2,4593621.77959
1696032000000,1.0072,1.0125,0.9971,1.0068,2741056.3,2755414.76035
1696118400000,1.0067,1.0620,1.0030,1.0516,6603996.7,6835221.88133
1696204800000,1.0520,1.0739,1.0068,1.0339,8429149.1,8841925.64853
1696291200000,1.0340,1.0681,1.0194,1.0253,10820301.7,11333372.37177
1696377600000,1.0253,1.0298,0.9684,1.0251,6733256.4,6773096.74597
1696464000000,1.0250,1.0342,0.9971,1.0061,4687132.4,4759862.45049
1696550400000,1.0064,1.0220,0.9860,1.0116,5224805.4,5264967.18949
1696636800000,1.0117,1.0172,0.9949,1.0141,2964282.5,2988283.18675
1696723200000,1.0137,1.0196,0.9825,1.0167,6923618.5,6984519.73209
1696809600000,1.0168,1.0181,0.9425,0.9561,6563289.5,6397976.30130
1696896000000,0.9561,0.9815,0.9472,0.9690,5953309.5,5753224.14414
1696982400000,0.9687,0.9762,0.9462,0.9613,5103040.5,4895421.76591
1697068800000,0.9612,0.9612,0.9299,0.9432,6605973.5,6233592.18593
1697155200000,0.9433,0.9544,0.9150,0.9387,8508803.2,7952064.08327
1697241600000,0.9386,0.9594,0.9352,0.9502,4131316.7,3918488.10336
1697328000000,0.9500,0.9997,0.9428,0.9906,6723262.4,6527057.57755
1697414400000,0.9907,1.1456,0.9866,1.0526,67648164.5,73269904.68666
1697500800000,1.0526,1.0838,0.9740,0.9913,23980978.9,24694871.34021
1697587200000,0.9913,1.0145,0.9489,0.9546,6788491.1,6661060.11167
1697673600000,0.9545,0.9702,0.9403,0.9501,4392952.5,4190789.77436
1697760000000,0.9503,0.9921,0.9437,0.9642,4473742.7,4332693.48145
1697846400000,0.9642,1.0139,0.9564,0.9999,4817309.8,4750547.81370
1697932800000,0.9997,1.0153,0.9721,1.0121,4295321.5,4289371.13730
1698019200000,1.0122,1.0792,0.9990,1.0725,7387699.1,7609386.84464
1698105600000,1.0725,1.1294,1.0390,1.0990,8573902.8,9342350.29791
1698192000000,1.0990,1.1477,1.0697,1.1212,6864635.1,7625620.34298
1698278400000,1.1209,1.1495,1.0548,1.1036,7339454.8,8107270.18166
1698364800000,1.1035,1.1188,1.0659,1.0833,4294844.4,4696436.06121
1698451200000,1.0835,1.1559,1.0800,1.1244,6609905.6,7480995.47538
1698537600000,1.1244,1.1865,1.1060,1.1654,7997691.4,9262215.15985
1698624000000,1.1652,1.1821,1.1213,1.1703,6922321.9,8035134.74270
1698710400000,1.1703,1.1954,1.1021,1.1338,11338878.4,13237514.86533
1698796800000,1.1338,1.1799,1.0863,1.1662,12621375.4,14232714.76629
1698883200000,1.1657,1.2225,1.1501,1.1756,12886855.5,15269249.34691
1698969600000,1.1765,1.1946,1.1124,1.1889,6786680.5,7840942.59294
1699056000000,1.1890,1.2145,1.1742,1.2070,6162740.1,7341290.22165
1699142400000,1.2071,1.2403,1.1811,1.2212,7291807.9,8853293.84900
1699228800000,1.2214,1.2618,1.1935,1.2553,9594892.1,11842686.33810
1699315200000,1.2553,1.2606,1.1821,1.2374,6756104.3,8312184.20202
1699401600000,1.2372,1.2475,1.2104,1.2329,5287053.4,6512975.45890
1699488000000,1.2327,1.3190,1.1001,1.2457,14508479.8,18165920.19130
1699574400000,1.2457,1.3125,1.2238,1.2839,9282693.1,11818507.53885
1699660800000,1.2837,1.3400,1.2262,1.3128,9464909,12158601.99773
1699747200000,1.3125,1.3596,1.2503,1.3154,14228990.8,18713708.42471
1699833600000,1.3150,1.3469,1.2301,1.2320,10115237.8,13081266.59033
1699920000000,1.2316,1.2649,1.1500,1.2085,9698531.1,11804251.31143
1700006400000,1.2086,1.4000,1.2044,1.3583,17232305.6,22929651.54650
1700092800000,1.3581,1.5030,1.3415,1.4043,37905961.5,53729620.02180
1700179200000,1.4047,1.4586,1.3245,1.4312,22309157.1,31447503.45443
1700265600000,1.4313,1.4313,1.3105,1.4149,11966510.1,16545588.64579
1700352000000,1.4148,1.5085,1.3630,1.4599,14955822.5,21656663.18115
1700438400000,1.4601,1.6505,1.4225,1.4940,24459335.3,37541628.04408
1700524800000,1.4937,1.5355,1.3155,1.3208,16248411.5,23479618.94470
1700611200000,1.3210,1.4898,1.3151,1.4701,11118222.3,15813928.64083
1700697600000,1.4701,1.4839,1.4010,1.4095,5159648.9,7420150.77531
1700784000000,1.4094,1.6299,1.3811,1.5775,24961201.3,38010598.45375
1700870400000,1.5775,1.6141,1.5277,1.5502,9851792.3,15356715.36312
1700956800000,1.5498,1.5809,1.4486,1.5274,8532564.5,13036407.93258
1701043200000,1.5270,1.5485,1.4307,1.4586,10520718.6,15681042.68619
1701129600000,1.4585,1.4945,1.4200,1.4818,6433612.7,9375936.44515
1701216000000,1.4818,1.5794,1.4692,1.5674,12889928.1,19874179.55823
1701302400000,1.5674,1.5876,1.4646,1.4803,9225558.5,13987075.55882
1701388800000,1.4802,1.5135,1.4673,1.5132,5262226,7841378.54354
1701475200000,1.5131,1.6959,1.5102,1.5846,17604020.7,27884783.09550
1701561600000,1.5847,1.6009,1.5300,1.5548,10378736.3,16262676.10221
1701648000000,1.5548,1.6014,1.4102,1.5183,15895497.9,24092474.57203
1701734400000,1.5183,1.5462,1.4641,1.5384,8573159.4,12930547.15699
1701820800000,1.5385,1.5580,1.4727,1.4984,7236321.7,11013535.18859
1701907200000,1.4980,1.5828,1.4819,1.5638,5997921.7,9237220.51165
1701993600000,1.5637,1.6609,1.5455,1.6095,11655167.7,18591865.46213
1702080000000,1.6094,1.6360,1.5446,1.5630,6191431.4,9915756.93722
1702166400000,1.5631,1.6192,1.5337,1.6015,4681544.1,7422660.91152
1702252800000,1.6018,1.6120,1.3530,1.4672,8455759.4,12445956.15777
1702339200000,1.4672,1.6572,1.4616,1.6405,8337913.7,12854721.99855
1702425600000,1.6403,1.6568,1.5255,1.5708,13571656.3,21394782.32266
1702512000000,1.5710,1.7378,1.5600,1.6999,13839685.4,23249009.44937
1702598400000,1.6995,1.7551,1.6803,1.6974,10275813.9,17685234.93434
1702684800000,1.6977,1.7895,1.6683,1.7259,9960061.3,17280635.95340
1702771200000,1.7258,1.7438,1.6494,1.6533,6345192.8,10712683.81260
1702857600000,1.6535,1.6701,1.5176,1.6306,6341676.9,10127865.25575
1702944000000,1.6306,1.6524,1.5375,1.5966,5481168.8,8735041.95267
1703030400000,1.5965,1.7361,1.5753,1.6935,10042641.2,16766147.50938
1703116800000,1.6933,1.7264,1.6527,1.6846,7945918.1,13482159.71482
1703203200000,1.6846,1.7343,1.6558,1.7103,6508788.3,11087726.25985
1703289600000,1.7104,1.7565,1.6530,1.7430,5541959.2,9467431.08293
1703376000000,1.7429,1.7459,1.6174,1.6673,5845737.1,9907576.14402
1703462400000,1.6666,1.7308,1.6584,1.7031,4348968.8,7396322.03221
1703548800000,1.7035,1.8361,1.6200,1.7612,13451059.5,23584651.56198
1703635200000,1.7615,1.8666,1.7022,1.8211,7930471.7,14284650.37324
1703721600000,1.8211,1.8476,1.7048,1.7786,5915320.1,10528675.33391
1703808000000,1.7787,1.8285,1.6954,1.7818,6532502.5,11623623.61807
1703894400000,1.7818,1.8222,1.7175,1.7503,4890834.6,8629994.62862
1703980800000,1.7502,1.7844,1.6700,1.7231,3921130.6,6857243.06865
1704067200000,1.7234,1.7583,1.6146,1.6880,6476890.3,10841649.24924
1704153600000,1.6880,1.7431,1.6310,1.6786,5413723.8,9160520.57898
1704240000000,1.6786,1.7085,1.2690,1.5215,9878041.7,15149993.13622
1704326400000,1.5213,1.6090,1.4920,1.5579,5671214.9,8844076.22906
1704412800000,1.5584,1.5735,1.4672,1.5256,5261644.0,7977524.61011
1704499200000,1.5257,1.5265,1.3867,1.4441,4417345.6,6370091.55839
1704585600000,1.4436,1.4723,1.3317,1.3524,4005758.7,5656456.50898
1704672000000,1.3526,1.4173,1.2356,1.4139,5968116.7,7957777.46598
1704758400000,1.4139,1.4181,1.2760,1.3331,5413386.3,7228468.84369
1704844800000,1.3328,1.4754,1.3000,1.4431,5928006.8,8087856.24820
1704931200000,1.4432,1.5154,1.4274,1.4872,5484058.0,8076933.10952
1705017600000,1.4876,1.5245,1.3840,1.4453,6264302.3,9222103.55074
1705104000000,1.4451,1.4786,1.3977,1.4590,3183605.7,4614910.51968
1705190400000,1.4590,1.4776,1.4248,1.4331,4810891.4,6997602.30096
1705276800000,1.4331,1.6052,1.4274,1.5138,19387983.8,29811333.73320
1705363200000,1.5139,1.5700,1.4873,1.5395,9074284.4,13783312.27555
1705449600000,1.5398,1.5704,1.5105,1.5421,5501930.6,8494145.13437
1705536000000,1.5423,1.5998,1.4821,1.5601,9576215.2,14847468.73135
1705622400000,1.5599,2.2668,1.5156,2.0653,99897396.8,186431389.00452
1705708800000,2.0653,2.2222,1.7935,1.8479,105126184.0,204494236.90785
1705795200000,1.8479,2.5532,1.8299,2.2336,127262586.8,285347037.41924
1705881600000,2.2337,2.2702,1.9631,2.1842,73397725.5,153788135.50986
1705968000000,2.1849,2.3267,1.9514,2.1362,66082744.8,140688635.68298
1706054400000,2.1363,2.4356,2.1304,2.3185,59648140.3,137186248.74918
1706140800000,2.3190,2.3942,2.0625,2.0798,32978933.4,73671004.41720
1706227200000,2.0795,2.2325,2.0599,2.1968,20488728.7,44453488.14570
1706313600000,2.1969,2.3486,2.1263,2.3466,16930367.9,37043275.10229
1706400000000,2.3472,2.7343,2.1992,2.4807,102140108.0,257247873.04499
1706486400000,2.4808,2.5685,2.3222,2.4991,51948054.9,126581449.79016
1706572800000,2.4994,2.5231,2.3347,2.4242,27795244.6,66908090.56908
1706659200000,2.4254,2.4775,2.2522,2.2777,24702446.7,58419459.95256
1706745600000,2.2776,2.4455,2.2340,2.3880,19155655.7,44660619.12230
1706832000000,2.3876,2.4679,2.3315,2.3997,12927158.3,31011976.12232
1706918400000,2.3998,2.4269,2.3201,2.3318,7037986.1,16741652.32787
1707004800000,2.3318,2.3384,2.1585,2.1688,11275793.2,25156063.81244
1707091200000,2.1689,2.2120,2.1370,2.1721,7329929.2,15947753.00445
1707177600000,2.1730,2.2068,2.1016,2.1472,6874941.6,14805642.62614
1707264000000,2.1472,2.4070,2.0842,2.3228,15302997.6,34328227.44190
1707350400000,2.3227,2.3554,2.1723,2.1873,9195039.9,20729900.76400
1707436800000,2.1873,2.2957,2.1873,2.2252,9414009.5,21068961.03901
1707523200000,2.2252,2.2932,2.2030,2.2346,6060409.6,13603679.21590
1707609600000,2.2345,2.2669,2.1550,2.1696,5595623.7,12375175.16101
1707696000000,2.1696,2.3283,2.1510,2.2791,9281305.1,20726284.50401
1707782400000,2.2791,2.2995,2.1575,2.2150,6452821.1,14377887.02423
1707868800000,2.2149,2.3129,2.1875,2.3088,6966968.0,15841967.85510
1707955200000,2.3090,2.5019,2.3016,2.4287,15413549.2,37001991.94894
1708041600000,2.4290,2.8575,2.4116,2.6635,31668400.7,83833167.55931
1708128000000,2.6625,3.1155,2.5400,3.0278,29823342.5,82622741.07730
1708214400000,3.0278,3.7281,2.9934,3.3358,69160527.8,237233274.52948
1708300800000,3.3359,3.5147,3.2126,3.4125,23356466.0,79003568.36825
1708387200000,3.4121,4.0800,3.2100,4.0010,60149139.3,225107495.86196
1708473600000,4.0010,4.0800,3.5793,3.9841,41933036.3,161389282.09993
1708560000000,3.9845,4.3844,3.7200,4.1135,31598859.2,129480338.84841
1708646400000,4.1134,4.2795,3.6700,3.7576,20103102.0,79925971.44178
1708732800000,3.7580,3.8235,3.6000,3.6799,11349631.6,42044087.67274
1708819200000,3.6812,3.9289,3.6000,3.6520,11905301.6,44479595.30504
1708905600000,3.6520,3.9800,3.5668,3.8981,12790003.5,48014643.66512
1708992000000,3.8982,4.1100,3.7762,3.8260,8253775.3,32434754.21007
1709078400000,3.8264,4.3110,3.4187,4.0405,15775371.3,62873127.11548
1709164800000,4.0405,4.3074,3.9257,4.0889,10214299.9,42210378.02120
1709251200000,4.0893,4.2176,4.0042,4.0550,7822200.7,32110229.92650
1709337600000,4.0551,4.1261,3.8454,3.9285,8394759.7,33086941.63128
1709424000000,3.9283,3.9811,3.3033,3.8306,10372071.2,39422269.81292
1709510400000,3.8304,3.9220,3.6208,3.7264,7837151.2,29608355.47166
1709596800000,3.7271,3.8454,2.8000,3.3329,13137456.4,45627814.34456
1709683200000,3.3323,3.9328,3.2088,3.8467,14690044.6,52819600.83111
1709769600000,3.8464,4.0441,3.8158,3.8750,11515991.3,45186552.78453
1709856000000,3.8750,3.9581,3.5019,3.7093,9157769.0,34302789.09351
1709942400000,3.7095,4.7794,3.6840,4.6164,25426929.9,110957589.73721
1710028800000,4.6160,4.7929,4.1412,4.3281,14268114.8,64065952.79048
1710115200000,4.3281,4.5080,4.1000,4.2715,9079182.1,39076773.67499
1710201600000,4.2721,4.4387,3.9042,4.3982,9623839.3,40585171.69084
1710288000000,4.4002,4.5163,4.2344,4.4381,6748114.8,29724769.53497
1710374400000,4.4383,4.5135,3.9193,4.1759,9838493.2,41143983.79125
1710460800000,4.1765,4.2280,3.5639,3.9335,9264759.8,35917366.06062
1710547200000,3.9330,4.0059,3.3653,3.4674,6658135.0,24736036.68036
1710633600000,3.4691,4.4260,3.3291,4.1781,16053639.5,64794559.97023
1710720000000,4.1785,4.2482,3.7226,3.7758,12130081.7,47652527.18980
1710806400000,3.7760,3.8299,3.2864,3.5225,10939816.2,38747847.55020
1710892800000,3.5214,3.9409,3.3126,3.8756,9217561.1,33582314.84593
1710979200000,3.8751,4.0449,3.8125,3.9186,6805712.7,26796288.35031
1711065600000,3.9177,3.9954,3.5306,3.5896,5843004.2,21990073.50536
1711152000000,3.5896,3.7240,3.5458,3.5928,5006549.5,18284500.93081
1711238400000,3.5925,3.8052,3.5362,3.7815,3857121.9,14036282.26787
1711324800000,3.7817,3.9450,3.7712,3.8660,3657879.0,14118030.68998
1711411200000,3.8656,3.9748,3.6898,3.7293,5445785.4,20867167.68360
1711497600000,3.7300,4.1116,3.6220,3.7197,11208888.7,43365715.67250
1711584000000,3.7198,4.1055,3.6397,3.9857,8762104.6,34255489.66477
1711670400000,3.9854,4.0700,3.8670,4.0070,7114810.0,28338960.75258
1711756800000,4.0071,4.0533,3.7911,3.8556,4732792.7,18607350.35531
1711843200000,3.8552,3.9881,3.8307,3.8934,3333664.5,13037007.88435
1711929600000,3.8933,3.9611,3.5396,3.6416,6049104.8,22523887.04783
1712016000000,3.6426,3.6762,3.1749,3.3094,7155378.2,23920718.06407
1712102400000,3.3086,3.3786,3.1491,3.2578,4823037.6,15817991.74200
1712188800000,3.2569,3.4576,3.1406,3.3432,4513064.2,14981773.11657
1712275200000,3.3432,3.3511,3.1435,3.2759,3203992.2,10434444.78694
1712361600000,3.2753,3.4181,3.2622,3.3671,2508374.4,8420709.20653
1712448000000,3.3658,3.4588,3.3432,3.4045,2339408.5,7971756.41759
1712534400000,3.4044,3.6136,3.3070,3.6035,2721761.4,9479804.78668
1712620800000,3.6035,3.7000,3.4489,3.5035,5203350.7,18591222.89874
1712707200000,3.5026,3.5350,3.2242,3.5035,3668776.9,12497016.04702
1712793600000,3.5032,3.5235,3.2906,3.3105,2679030.9,9098421.78704
1712880000000,3.3116,3.3887,2.3172,2.7174,7579417.5,21746426.48753
1712966400000,2.7174,2.7753,1.9368,2.2800,10240881.1,24458449.63657
1713052800000,2.2811,2.5562,2.1681,2.5183,8234570.6,19678683.08811
1713139200000,2.5183,2.6149,2.2450,2.3455,6192780.4,15195574.29699
1713225600000,2.3453,2.4114,2.2385,2.3846,6156799.7,14346385.24936
1713312000000,2.3841,2.4345,2.2433,2.3606,4845601.9,11383053.14911
1713398400000,2.3606,2.5246,2.2894,2.5048,4481184.4,10856947.27134
1713484800000,2.5054,2.8754,2.3153,2.7168,10914738.4,29243071.32971
1713571200000,2.7168,2.9614,2.6623,2.9584,8775604.6,24729011.77336
1713657600000,2.9578,3.1143,2.9299,3.0057,6101650.6,18397638.44010
1713744000000,3.0057,3.1020,2.9880,3.0336,3593295.8,10921078.50683
1713830400000,3.0336,3.0935,2.9359,2.9680,3500548.9,10567697.37139
1713916800000,2.9680,3.2669,2.7680,2.8173,6137442.3,18706449.85108
1714003200000,2.8176,2.9582,2.7098,2.8730,4197128.5,11942650.61654
1714089600000,2.8724,2.8862,2.7100,2.7423,2694332.0,7489250.59272
1714176000000,2.7428,2.8161,2.5998,2.8046,2632643.4,7145363.81557
1714262400000,2.8052,2.9564,2.7243,2.7525,2673446.2,7607636.73277
1714348800000,2.7525,2.7828,2.6603,2.7264,2666813.3,7253909.64570
1714435200000,2.7259,2.7712,2.3800,2.4995,3223563.0,8130577.75101
1714521600000,2.4991,2.5376,2.3124,2.5219,3762189.4,9152122.69377
1714608000000,2.5217,2.5608,2.4288,2.5244,2550531.5,6344652.68679
1714694400000,2.5241,2.6768,2.4729,2.6389,3329755.0,8622872.95072
1714780800000,2.6387,2.7047,2.6058,2.6429,2536295.1,6726336.91853
1714867200000,2.6424,2.8822,2.5788,2.8241,5579915.2,15282765.24256
1714953600000,2.8235,3.2494,2.7991,2.9867,22389656.5,68666650.14932
1715040000000,2.9869,3.2399,2.9771,3.0925,15781005.4,49212917.37001
1715126400000,3.0929,3.2558,2.8500,2.9379,11637818.3,35691968.52163
1715212800000,2.9370,3.4362,2.9370,3.2748,12625891.0,40711962.10506
1715299200000,3.2749,3.4839,3.2123,3.2855,10501172.0,35040235.92062
1715385600000,3.2841,3.4342,3.2715,3.3827,6126011.0,20638603.50279
1715472000000,3.3828,3.4533,3.2533,3.3182,5531613.5,18575241.10983
1715558400000,3.3183,3.4086,2.9616,3.0046,9794676.1,30502286.45410
1715644800000,3.0044,3.0873,2.8889,2.9393,4905682.6,14689609.24532
1715731200000,2.9394,3.3442,2.8669,3.3179,5375842.3,16819441.04820
1715817600000,3.3186,3.4786,3.2015,3.2952,4455906.4,14870218.42448
1715904000000,3.2942,3.3312,3.2070,3.2674,3417091.4,11175129.54088
1715990400000,3.2663,3.3063,3.1612,3.1895,2340027.8,7545978.09796
1716076800000,3.1895,3.2086,3.0239,3.0525,2254970.8,7032454.17665
1716163200000,3.0527,3.3163,2.9862,3.2975,3503638.8,10991963.02005
1716249600000,3.2977,3.4163,3.2525,3.3293,3947675.5,13174390.02385
1716336000000,3.3298,3.5112,3.2065,3.2793,5832876.9,19453293.41874
1716422400000,3.2788,3.2949,2.9141,3.0700,4632112.8,14387502.23698
1716508800000,3.0690,3.1940,2.9853,3.1538,2303511.2,7143462.72987
1716595200000,3.1542,3.2143,3.1300,3.1818,2073088.4,6575039.41935
1716681600000,3.1823,3.1992,3.0500,3.0902,1805690.4,5649783.78763
1716768000000,3.0902,3.1986,3.0817,3.1581,1974607.2,6212204.90911
1716854400000,3.1581,3.1627,2.9760,3.0881,2704499.5,8309655.32943
1716940800000,3.0881,3.2670,3.0285,3.2015,4836368.8,15226016.51958
1717027200000,3.2014,3.5286,3.1659,3.4068,11113546.2,37272226.60106
1717113600000,3.4070,3.5084,3.2656,3.4087,5253760.8,17874442.40667
1717200000000,3.4093,3.5046,3.3037,3.3069,2445257.3,8293313.84431
1717286400000,3.3083,3.6079,3.2626,3.4628,6250871.0,21670243.38309
1717372800000,3.4627,3.4977,3.3160,3.3489,3104320.0,10602167.97220
1717459200000,3.3485,3.4190,3.2723,3.3979,1945609.9,6507094.36915
1717545600000,3.3977,3.4447,3.3386,3.3877,1458295.5,4948998.16358
1717632000000,3.3870,3.4036,3.2700,3.3095,1537664.5,5136958.35489
1717718400000,3.3093,3.3925,2.7514,3.0470,3478585.2,10949444.30540
1717804800000,3.0467,3.0830,2.8434,2.8672,2316860.3,6882787.76429
1717891200000,2.8670,2.8808,2.7887,2.8678,1472482.9,4186918.58487
1717977600000,2.8684,2.9303,2.7451,2.8071,2426068.8,6911035.11222
1718064000000,2.8071,2.8297,2.5760,2.6520,3007446.1,8096085.18883
1718150400000,2.6520,2.8557,2.5748,2.7233,2404209.3,6596509.84865
1718236800000,2.7245,2.7559,2.5016,2.5161,2319170.1,6070349.05068
1718323200000,2.5156,2.5502,2.3180,2.4270,2736270.6,6727008.76376
1718409600000,2.4267,2.4880,2.4009,2.4111,1453611.9,3561137.49827
1718496000000,2.4114,2.4254,2.3430,2.3956,2117428.5,5045009.70018
1718582400000,2.3953,2.4291,2.1516,2.2260,3522100.1,7972806.91221
1718668800000,2.2240,2.2347,1.9000,2.0345,4777234.2,9801303.29366
1718755200000,2.0341,2.1790,2.0044,2.1426,3466819.4,7357235.16054
1718841600000,2.1421,2.3634,2.1264,2.1856,5549095.7,12427808.32884
1718928000000,2.1857,2.2312,2.1171,2.1659,3369595.1,7346594.93057
1719014400000,2.1655,2.1692,2.0917,2.1054,2194916.7,4659316.24363
1719100800000,2.1049,2.1628,2.0206,2.0522,1841430.0,3883720.13793
1719187200000,2.0515,2.1598,1.9610,2.1447,3778781.7,7763322.85483
1719273600000,2.1449,2.2053,2.1082,2.1507,2815372.2,6077725.31587
1719360000000,2.1502,2.1841,2.0706,2.1165,2160801.2,4597669.55334
1719446400000,2.1163,2.1977,2.0722,2.1938,2904047.5,6216485.00232
1719532800000,2.1939,2.2238,2.0481,2.0567,2306042.5,4914235.82996
1719619200000,2.0567,2.1022,2.0117,2.0156,1651807.9,3404063.20851
1719705600000,2.0155,2.1219,1.9913,2.1094,1992370.2,4082577.35703
1719792000000,2.1101,2.1350,2.0546,2.0643,1779744.1,3738351.34815
1719878400000,2.0638,2.1002,2.0254,2.0797,2030120.2,4188769.14006
1719964800000,2.0805,2.0842,1.9300,1.9613,1947799.1,3896353.51993
1720051200000,1.9609,1.9657,1.7193,1.7330,3715979.2,6787166.36331
1720137600000,1.7328,1.7387,1.5227,1.6782,4123473.4,6679250.13070
1720224000000,1.6783,1.7867,1.6552,1.7756,1757099.9,3023480.57706
1720310400000,1.7756,1.7804,1.6600,1.6700,1788989.7,3089748.58575
1720396800000,1.6699,1.7758,1.5840,1.7062,2414678.0,4103497.97932
1720483200000,1.7062,1.7858,1.6908,1.7703,1671278.2,2914596.28279
1720569600000,1.7695,1.8194,1.7412,1.7913,1527023.1,2717906.13296
1720656000000,1.7908,1.8448,1.7518,1.7568,1404052.2,2520981.81599
1720742400000,1.7567,1.7985,1.7053,1.7965,1223384.3,2149675.91565
1720828800000,1.7965,1.8354,1.7641,1.8036,1035762.8,1856755.27011
1720915200000,1.8031,1.8886,1.7964,1.8807,1176738.3,2167444.89592
1721001600000,1.8803,2.0284,1.8641,1.9940,1825019.2,3526178.18990
1721088000000,1.9946,2.0433,1.9131,2.0235,2450776.5,4861757.41831
1721174400000,2.0231,2.0969,1.9952,2.0333,1969917.3,4036054.39677
1721260800000,2.0333,2.0721,1.8786,1.9429,2257454.8,4436319.32111
1721347200000,1.9429,2.0575,1.8807,2.0496,2326660.1,4576267.96635
1721433600000,2.0497,2.0520,2.0000,2.0157,1226801.4,2488368.87435
1721520000000,2.0158,2.1000,1.9408,2.0869,2238846.0,4526495.51347
1721606400000,2.0860,2.1061,1.9055,1.9198,2008708.4,4001286.20519
1721692800000,1.9200,1.9734,1.7934,1.8135,2604731.4,4885279.97036
1721779200000,1.8137,1.8425,1.7367,1.7539,1779445.7,3203584.40567
1721865600000,1.7544,1.7624,1.6407,1.7228,2458760.2,4187728.92939
1721952000000,1.7228,1.8278,1.7177,1.8092,1461515.6,2607806.01808
1722038400000,1.8094,1.8252,1.7330,1.7877,1412990.8,2531130.00084
1722124800000,1.7872,1.7903,1.7349,1.7563,908463.8,1600613.90159
1722211200000,1.7564,1.8765,1.7463,1.7525,2600251.0,4693760.48908
1722297600000,1.7525,1.7782,1.6535,1.6908,1713449.0,2961392.97690
1722384000000,1.6900,1.7144,1.6230,1.6278,1959573.4,3286111.47209
1722470400000,1.6278,1.6512,1.4956,1.6144,3319251.1,5232388.29254
1722556800000,1.6145,1.6363,1.4874,1.5048,4798282.8,7541327.16690
1722643200000,1.5053,1.5169,1.3532,1.3999,3759901.3,5385016.00503
1722729600000,1.3999,1.4351,1.2825,1.3358,3135990.2,4270011.06500
1722816000000,1.3357,1.3567,1.0900,1.2683,9697691.9,11786061.71617
1722902400000,1.2696,1.3742,1.2681,1.3338,3041064.4,4050930.77146
1722988800000,1.3333,1.3858,1.2767,1.3020,3331441.2,4435499.20889
1723075200000,1.3020,1.4899,1.2782,1.4806,2740961.3,3836924.37464
1723161600000,1.4804,1.4822,1.4089,1.4536,1710840.1,2468135.44580
1723248000000,1.4536,1.4737,1.4290,1.4489,1136748.3,1644344.21027
1723334400000,1.4486,1.4743,1.3528,1.3632,2063011.7,2929678.59637
1723420800000,1.3632,1.4643,1.3587,1.4514,2431953.9,3440363.97564
1723507200000,1.4516,1.4743,1.4020,1.4561,1671486.1,2399345.11236
1723593600000,1.4558,1.4720,1.4012,1.4452,1456202.4,2096202.29099
1723680000000,1.4452,1.4632,1.3604,1.3736,2644440.8,3753296.23927
1723766400000,1.3737,1.4027,1.3409,1.3893,1904617.3,2625848.97488
1723852800000,1.3894,1.4410,1.3713,1.4406,1394545.5,1954928.71092
1723939200000,1.4402,1.4966,1.4202,1.4721,1734360.8,2536737.10105
1724025600000,1.4722,1.6199,1.4330,1.5692,7593800.9,11724498.47639
1724112000000,1.5692,1.6300,1.5108,1.5570,5866919.3,9190153.47517
1724198400000,1.5567,1.6482,1.5552,1.6372,3350893.9,5394561.13459
1724284800000,1.6372,1.6892,1.6105,1.6667,2616137.4,4332984.65934
1724371200000,1.6663,1.7814,1.6392,1.7577,2962840.9,5008691.64154
1724457600000,1.7578,1.8387,1.7427,1.7953,2354996.6,4238876.91178
1724544000000,1.7956,1.7999,1.7178,1.7292,1865833.3,3266896.40694
1724630400000,1.7292,1.7530,1.6482,1.6495,2130436.0,3613377.90610
1724716800000,1.6494,1.7194,1.5305,1.5626,2603523.6,4249309.32042
1724803200000,1.5629,1.5934,1.4794,1.5315,2542070.3,3918814.99369
1724889600000,1.5315,1.6183,1.4904,1.5181,3461317.0,5384110.36769
1724976000000,1.5173,1.5349,1.4269,1.5077,2564256.8,3825146.06698
1725062400000,1.5074,1.5230,1.4718,1.4873,1195588.8,1784372.54033
1725148800000,1.4875,1.4939,1.4253,1.4324,1991245.9,2914744.70070
1725235200000,1.4320,1.5213,1.4200,1.5126,1809689.6,2660881.97789
1725321600000,1.5125,1.5479,1.4694,1.4899,2473654.7,3742713.44536
1725408000000,1.4899,1.5436,1.4162,1.5130,3212796.2,4792591.52049
1725494400000,1.5133,1.5223,1.3993,1.4176,2397269.1,3486475.37573
1725580800000,1.4176,1.4675,1.3071,1.3698,4335246.4,6076158.45167
1725667200000,1.3704,1.3874,1.3139,1.3356,3220731.1,4342404.04186
1725753600000,1.3359,1.4209,1.3248,1.3988,2113461.0,2904328.52373
1725840000000,1.3991,1.4654,1.3925,1.4476,2051424.5,2933646.12156
1725926400000,1.4481,1.5347,1.4398,1.5038,3086959.6,4628234.21626
1726012800000,1.5044,1.5065,1.4325,1.4429,2485789.2,3633712.49014
1726099200000,1.4426,1.5125,1.4424,1.5104,1587176.5,2338763.36462
1726185600000,1.5114,1.5245,1.4507,1.5141,1572200.4,2344805.05096
1726272000000,1.5148,1.5355,1.4826,1.4918,1927123.8,2898152.12053
1726358400000,1.4918,1.5303,1.4155,1.4377,1945492.7,2898990.28922
1726444800000,1.4377,1.4405,1.3883,1.3995,1568612.3,2217205.00004
1726531200000,1.4000,1.4620,1.3894,1.4352,1529058.6,2186264.52602
1726617600000,1.4353,1.4957,1.3965,1.4952,2639688.9,3808623.72149
1726704000000,1.4953,1.5909,1.4899,1.5642,2851800.4,4399782.10188
1726790400000,1.5645,1.6491,1.5456,1.6276,2756048.6,4429543.30176
1726876800000,1.6276,1.6721,1.5960,1.6637,1420477.2,2321941.23867
1726963200000,1.6636,1.6665,1.5707,1.6111,2150188.7,3476320.71485
1727049600000,1.6116,1.7087,1.5740,1.6563,5885246.4,9826222.01643
1727136000000,1.6563,1.7199,1.6223,1.7003,5487662.6,9226753.24234
1727222400000,1.7001,1.7293,1.6344,1.6447,2891765.7,4880691.24107
1727308800000,1.6444,1.7408,1.6079,1.7285,3704712.1,6202363.44870
1727395200000,1.7279,1.7746,1.7083,1.7514,1937448.3,3373368.08398
1727481600000,1.7515,1.7853,1.6699,1.7149,1670935.4,2868917.74966
1727568000000,1.7152,1.7826,1.6435,1.7676,2518778.6,4333051.47077
1727654400000,1.7674,1.7868,1.6060,1.6241,4376497.3,7535295.44519
1727740800000,1.6240,1.7057,1.4206,1.4501,5818806.1,8992972.77190
1727827200000,1.4501,1.5114,1.3543,1.3987,3478870.9,5020347.22799
1727913600000,1.3983,1.4773,1.3351,1.4557,4778464.7,6705252.27726
1728000000000,1.4555,1.5255,1.4290,1.4975,7700703.9,11370599.14881
1728086400000,1.4974,1.5027,1.4303,1.4798,2113795.7,3116178.47689
1728172800000,1.4798,1.5197,1.4522,1.5189,1756474.9,2610957.40833
1728259200000,1.5189,1.5575,1.4799,1.4870,2791344.5,4256052.40223
1728345600000,1.4870,1.5102,1.4392,1.4568,1790347.3,2636785.57159
1728432000000,1.4568,1.4772,1.3612,1.3744,2225170.5,3173268.57610
1728518400000,1.3742,1.4085,1.3378,1.4083,1855262.7,2554301.08435
1728604800000,1.4078,1.4639,1.3976,1.4627,1783426.8,2559402.84189
1728691200000,1.4627,1.5040,1.4508,1.4805,1415300.3,2097526.76190
1728777600000,1.4805,1.4931,1.4143,1.4599,1349241.3,1959059.79461
1728864000000,1.4608,1.5737,1.4439,1.5667,3027869.8,4614884.45133
1728950400000,1.5665,1.5891,1.4840,1.5487,3164781.1,4882980.14541
1729036800000,1.5484,1.5655,1.4963,1.5092,2275688.4,3483788.08420
1729123200000,1.5100,1.5297,1.4285,1.4715,1922577.7,2838260.36735
1729209600000,1.4715,1.5428,1.4698,1.5412,1508225.6,2272599.39141
1729296000000,1.5412,1.5929,1.5408,1.5554,1636381.1,2560656.94213
1729382400000,1.5556,1.8358,1.5244,1.6793,15406114.2,26366617.18614
1729468800000,1.6788,1.8325,1.6279,1.7600,16970269.4,29187792.61796
1729555200000,1.7602,1.7990,1.6448,1.6663,10127727.3,17230579.73061
1729641600000,1.6665,1.6808,1.5459,1.5995,4029705.9,6454443.13539
1729728000000,1.5990,1.6729,1.5675,1.5870,4665666.2,7484284.80043
1729814400000,1.5875,1.6073,1.3545,1.4339,3667054.9,5538939.95403
1729900800000,1.4339,1.4701,1.4078,1.4559,2020638.3,2905278.28798
1729987200000,1.4558,1.5980,1.4392,1.5507,8275135.0,12714088.75441
1730073600000,1.5505,1.6399,1.4715,1.5892,15654261.7,24630536.40040
1730160000000,1.5892,1.6400,1.5682,1.6089,4841267.1,7742312.44022
1730246400000,1.6093,1.6205,1.5459,1.5539,2387200.6,3780867.98521
1730332800000,1.5540,1.5608,1.4891,1.5068,2356274.6,3607747.21716
1730419200000,1.5068,1.5461,1.4624,1.4991,2250752.1,3372361.27224
1730505600000,1.4990,1.5561,1.4574,1.5438,3608382.9,5467334.13991
1730592000000,1.5434,1.5434,1.3830,1.4581,6012826.6,8723085.98236
1730678400000,1.4574,1.4966,1.3862,1.4262,3119259.1,4542189.77518
1730764800000,1.4265,1.5371,1.4245,1.5105,2095018.3,3112584.36735
1730851200000,1.5112,1.6481,1.5108,1.6331,3407442.7,5446355.06259
1730937600000,1.6333,1.6640,1.5989,1.6362,2414627.3,3945554.20591
1731024000000,1.6355,1.6576,1.5953,1.6388,2074086.3,3361608.85917
1731110400000,1.6389,1.7460,1.6303,1.7018,3690162.5,6210642.36996
1731196800000,1.7016,1.8000,1.6346,1.7404,5282470.3,9208049.17285
1731283200000,1.7409,1.8730,1.7138,1.8674,6348445.2,11408003.25675
1731369600000,1.8669,1.9020,1.6800,1.7909,7741143.5,13827037.62326
1731456000000,1.7909,1.8270,1.6445,1.7067,6831075.5,11795188.13888
1731542400000,1.7074,1.7570,1.5548,1.5857,6936120.6,11419555.17468
1731628800000,1.5856,1.6802,1.5397,1.6671,3809609.0,6165707.24000
1731715200000,1.6676,1.7973,1.6571,1.7887,4442103.8,7690829.70366
1731801600000,1.7889,1.9051,1.6848,1.7179,8801170.6,15919418.40223
1731888000000,1.7182,1.8790,1.7069,1.8397,5515741.2,9978227.82013
1731974400000,1.8394,1.8451,1.7242,1.7818,3431530.9,6094841.42477
1732060800000,1.7820,1.8086,1.6783,1.7036,3596104.3,6259256.23519
1732147200000,1.7039,1.8500,1.6775,1.8354,4351314.0,7659783.07470
1732233600000,1.8353,1.8943,1.7770,1.8911,3628483.9,6656134.62517
1732320000000,1.8911,2.0549,1.8614,1.9852,7398155.3,14534431.01056
1732406400000,1.9857,2.1046,1.9250,2.0835,7605058.4,15320052.41536
1732492800000,2.0840,2.1755,1.9876,2.0940,8975488.5,18859248.48588
1732579200000,2.0939,2.2525,1.9977,2.1260,8252547.7,17305649.26640
1732665600000,2.1268,2.2600,2.0628,2.2547,6081710.2,13257309.32668
1732752000000,2.2541,2.3767,2.1304,2.3258,9049525.7,20259645.36792
1732838400000,2.3263,2.3957,2.2472,2.3588,5459488.8,12697164.28156
1732924800000,2.3583,2.4644,2.3000,2.4245,4476901.9,10646905.13331
1733011200000,2.4247,2.4473,2.3306,2.3659,3214795.3,7677865.74929
1733097600000,2.3658,2.3975,2.2024,2.3804,5194498.2,11933230.53113
1733184000000,2.3805,2.5650,2.3047,2.5424,6662247.3,16308771.37416
1733270400000,2.5430,2.8678,2.4898,2.7897,7084143.0,18924631.11710
1733356800000,2.7895,2.9805,2.6440,2.8974,11522905.7,33069964.51688
1733443200000,2.8973,3.0288,2.7751,2.8965,4875940.7,14215044.37682
1733529600000,2.8964,2.9131,2.7826,2.7967,2374852.4,6746569.30725
1733616000000,2.7963,2.8572,2.7154,2.8534,2107575.2,5858789.93128
1733702400000,2.8540,2.8584,2.0771,2.3667,8538128.3,21528342.01125
1733788800000,2.3670,2.4292,2.0966,2.2723,5939846.4,13421962.62091
1733875200000,2.2723,2.5199,2.1742,2.4714,3336410.8,7840582.09252
1733961600000,2.4714,2.6567,2.4547,2.5976,3414655.9,8793302.62073
1734048000000,2.5975,2.6650,2.5216,2.6279,3022045.7,7856494.16082
1734134400000,2.6280,2.6694,2.4558,2.5083,2235810.9,5741545.79182
1734220800000,2.5084,2.5817,2.4225,2.5607,1829311.9,4593071.50547
1734307200000,2.5609,2.6400,2.3578,2.4288,2453772.2,6071063.05230
1734393600000,2.4289,2.4645,2.2623,2.2785,2377169.9,5659527.26104
1734480000000,2.2796,2.3059,2.0141,2.0609,3659446.8,8063338.05797
1734566400000,2.0609,2.1264,1.8124,1.8819,5804800.4,11452579.60459
1734652800000,1.8820,2.0227,1.6535,1.9968,6011060.1,10976070.72061
1734739200000,1.9962,2.1196,1.9026,1.9344,3336585.3,6653529.23056
1734825600000,1.9344,2.0162,1.8738,1.9349,2715222.9,5272879.51563
1734912000000,1.9348,2.2029,1.8777,2.1640,3202439.1,6520405.71363
1734998400000,2.1641,2.4260,2.1005,2.3102,5231741.0,11884902.38248
1735084800000,2.3102,2.3786,2.2253,2.2666,3104398.4,7130398.21692
1735171200000,2.2666,2.2940,2.0538,2.0977,2669870.0,5777387.14801
1735257600000,2.0977,2.2052,2.0533,2.0724,2515641.7,5348969.58405
1735344000000,2.0728,2.7594,2.0636,2.5047,32053181.4,78427715.98469
1735430400000,2.5047,2.5167,2.2837,2.3299,13854968.0,33251666.86619
1735516800000,2.3299,2.4428,2.1953,2.3160,6642843.6,15426519.64999
1735603200000,2.3168,2.3327,2.1774,2.1861,5014177.6,11393167.99262
1735689600000,2.1863,2.2306,2.1240,2.2035,2667542.3,5796888.57737
1735776000000,2.2035,2.6132,2.1871,2.5295,10474294.2,25641799.61706
1735862400000,2.5294,2.5769,2.4031,2.5326,7016610.9,17333331.19913
1735948800000,2.5325,2.5564,2.4016,2.4536,2937754.8,7277925.94483
1736035200000,2.4536,2.5040,2.3975,2.4652,2450169.7,6002450.43911
1736121600000,2.4651,2.5287,2.4115,2.4650,3487311.9,8611337.43009
1736208000000,2.4652,2.4658,2.1846,2.1861,3878196.4,9094270.05274
1736294400000,2.1862,2.2071,1.9891,2.1127,4277746.5,8987705.17439
1736380800000,2.1136,2.1399,1.9643,2.0202,2848141.5,5846597.95896
1736467200000,2.0205,2.1325,2.0090,2.1060,2624533.8,5431532.90687
1736553600000,2.1058,2.1197,2.0501,2.0772,1713701.0,3563503.59979
1736640000000,2.0781,2.1102,2.0339,2.0860,2002780.5,4156198.06252
1736726400000,2.0859,2.1216,1.7413,1.9568,4333350.0,8360695.44110
1736812800000,1.9571,2.0596,1.9402,2.0518,3200740.5,6433670.00722
1736899200000,2.0511,2.1436,1.9764,2.1315,3529800.4,7271275.98217
1736985600000,2.1316,2.1576,2.0563,2.1050,3141751.9,6640886.64025
1737072000000,2.1055,2.2355,2.0990,2.1916,2733776.3,5993740.70695
1737158400000,2.1915,2.2034,1.9926,2.0500,3344008.1,6913549.52384
1737244800000,2.0498,2.0973,1.8369,1.8694,5328808.6,10372254.92613
1737331200000,1.8686,2.0067,1.7938,1.8618,5869212.6,11071047.29465
1737417600000,1.8623,1.9494,1.7958,1.9186,3098702.6,5793722.54569
1737504000000,1.9185,1.9588,1.8494,1.8560,2486202.2,4750936.37386
1737590400000,1.8559,1.9061,1.7936,1.8821,2993951.4,5510307.08050
1737676800000,1.8821,1.9147,1.7971,1.8089,2619000.8,4871299.31624
1737763200000,1.8089,1.8358,1.7480,1.8182,1867219.1,3346297.03579
1737849600000,1.8187,1.9108,1.8094,1.8253,2318441.9,4307573.23225
1737936000000,1.8251,1.8423,1.6543,1.7484,4354832.9,7473020.41712
1738022400000,1.7485,1.7647,1.5536,1.5609,3526704.2,5877289.84712
1738108800000,1.5610,1.6732,1.5479,1.5788,2760626.1,4446937.49160
1738195200000,1.5790,1.7613,1.5636,1.6145,4733158.6,7894569.19725
1738281600000,1.6145,1.7793,1.5709,1.6211,6617770.8,10980652.14824
1738368000000,1.6211,1.8793,1.5798,1.7699,18982961.3,33027029.43828
1738454400000,1.7700,1.8788,1.3366,1.4049,32805985.4,55080521.25075
1738540800000,1.4056,1.4996,1.0463,1.4866,19724149.5,25108359.88155
1738627200000,1.4866,1.4972,1.2683,1.3119,6451559.5,8702365.20493
1738713600000,1.3121,1.3434,1.2511,1.2749,4307231.4,5603560.58792
1738800000000,1.2748,1.2916,1.1570,1.1794,4103054.7,4986059.20491
1738886400000,1.1794,1.3080,1.1623,1.2009,4925247.2,6093566.70795
1738972800000,1.2009,1.3542,1.1906,1.2986,3332428.3,4141777.02278
1739059200000,1.2987,1.4803,1.2700,1.3340,13189619.7,18245707.79612
1739145600000,1.3342,1.3720,1.2704,1.3264,5433072.2,7197307.63804
1739232000000,1.3261,1.4074,1.2867,1.3077,2930090.0,3950541.83081
1739318400000,1.3079,1.3910,1.2387,1.3747,3917755.4,5139556.36944
1739404800000,1.3745,1.4065,1.2978,1.3289,2802964.6,3758186.09326
1739491200000,1.3290,1.3886,1.2991,1.3411,3170679.6,4237704.99518
1739577600000,1.3412,1.3504,1.2538,1.2743,2239372.7,2909138.31324
1739664000000,1.2742,1.3523,1.2658,1.3033,4501613.4,5918058.43756
1739750400000,1.3030,1.3265,1.2409,1.2644,3453388.3,4448145.28333
1739836800000,1.2648,1.2717,1.1620,1.2412,5049006.2,6143539.97563
1739923200000,1.2413,1.3445,1.2287,1.3090,5824539.1,7598589.74818
1740009600000,1.3095,1.3396,1.2901,1.3135,3520501.0,4630730.77645
1740096000000,1.3135,1.3985,1.2422,1.2581,5256973.3,6951617.29051
1740182400000,1.2583,1.3472,1.2287,1.3222,3469631.2,4477854.51524
1740268800000,1.3217,1.3442,1.2573,1.3073,3794527.8,4937246.21292
1740355200000,1.3072,1.3236,1.1580,1.1938,7023300.8,8785690.21671
1740441600000,1.1940,1.2094,1.1130,1.1889,5516028.0,6407786.54064
1740528000000,1.1885,1.2173,1.1220,1.1840,4150447.3,4859904.83894
1740614400000,1.1843,1.2657,1.1666,1.2005,4170023.6,5057208.39651
1740700800000,1.2005,1.2343,1.0993,1.2144,4882941.4,5662528.26629
1740787200000,1.2144,1.2205,1.1439,1.1856,2136287.8,2521539.10043
1740873600000,1.1855,1.2926,1.1690,1.2823,4975111.0,6109312.60530
1740960000000,1.2828,1.2893,1.0884,1.0965,3816236.3,4553217.55424
1741046400000,1.0965,1.2935,0.9881,1.2441,17222970.2,20326204.85187
1741132800000,1.2440,1.2865,1.2065,1.2431,13245273.5,16450595.78445
1741219200000,1.2430,1.2552,1.1688,1.2063,5577286.1,6771304.98543
1741305600000,1.2063,1.2453,1.1495,1.1600,6083519.9,7266030.06145
1741392000000,1.1599,1.1900,1.1407,1.1452,4804498.3,5567149.76140
1741478400000,1.1453,1.1576,1.0896,1.0967,5478859.9,6163160.20582
1741564800000,1.0963,1.2278,1.0658,1.1133,10169938.0,11665481.70617
1741651200000,1.1134,1.2411,1.0870,1.2131,8441131.1,9817134.33914
1741737600000,1.2129,1.2182,1.1307,1.1949,3994057.4,4677384.22380
1741824000000,1.1948,1.2354,1.1310,1.1679,4138769.5,4911852.91814
1741910400000,1.1682,1.2628,1.1649,1.2354,6334215.9,7793461.14795
1741996800000,1.2354,1.2867,1.2161,1.2647,2172676.2,2693715.56357
1742083200000,1.2647,1.2960,1.2265,1.2435,4656566.5,5856777.16462
1742169600000,1.2436,1.4856,1.2402,1.3578,11883859.7,16305384.17989
1742256000000,1.3578,1.3980,1.2568,1.2778,11063225.8,14623160.00424
1742342400000,1.2780,1.3928,1.2748,1.3867,4392906.9,5873739.98860
1742428800000,1.3868,1.3973,1.3086,1.3166,2660261.3,3572857.58075
1742515200000,1.3167,1.3895,1.2962,1.3231,2771260.3,3676957.54406
1742601600000,1.3227,1.3847,1.3035,1.3505,2502182.2,3380815.33144
1742688000000,1.3507,1.3840,1.3132,1.3586,2510723.5,3391398.84237
1742774400000,1.3587,1.4713,1.3321,1.4096,4807496.2,6739351.21301
1742860800000,1.4100,1.4490,1.3855,1.4205,2016316.5,2853864.28874
1742947200000,1.4203,1.4475,1.3671,1.3961,2071675.4,2915761.21333
1743033600000,1.3964,1.4216,1.3635,1.3786,1672680.4,2330758.85037
1743120000000,1.3787,1.3976,1.2412,1.2666,2846119.9,3698943.38663
1743206400000,1.2663,1.2780,1.2057,1.2203,1847716.0,2277803.23795
1743292800000,1.2204,1.2492,1.1920,1.2124,2459307.8,2994365.91580
1743379200000,1.2126,1.2253,1.1665,1.1984,1808177.7,2170831.95662
1743465600000,1.1985,1.2536,1.1844,1.1984,1783497.8,2168620.27688
1743552000000,1.1986,1.2060,1.0827,1.0907,3035436.2,3519078.19398
1743638400000,1.0904,1.1335,1.0531,1.1103,2618303.3,2872301.23749
1743724800000,1.1105,1.1507,1.0809,1.1375,2499645.2,2797618.84551
1743811200000,1.1376,1.1631,1.1297,1.1479,1687991.0,1927924.11726
1743897600000,1.1481,1.1520,1.0065,1.0289,3242879.9,3497221.64456
1743984000000,1.0296,1.1094,0.9554,1.0578,5418609.2,5602175.82460
1744070400000,1.0580,1.0911,0.9912,0.9978,2305511.2,2393835.41257
1744156800000,0.9983,1.1220,0.9558,1.1031,3431744.8,3599109.15788
1744243200000,1.1031,1.1066,1.0334,1.0642,2472164.4,2659529.98247
1744329600000,1.0643,1.1225,1.0232,1.0652,4563690.2,4875370.91548
1744416000000,1.0654,1.1257,1.0630,1.1165,2417858.2,2646757.06642
1744502400000,1.1165,1.1193,1.0564,1.0734,2077977.4,2261386.31311
1744588800000,1.0733,1.1056,1.0472,1.0617,1891533.7,2039216.20084
1744675200000,1.0616,1.1048,1.0435,1.0490,2222632.0,2376050.69311
1744761600000,1.0489,1.0643,1.0139,1.0401,2375928.2,2481737.76738
1744848000000,1.0404,1.1189,1.0338,1.0688,2485997.8,2650772.57894
1744934400000,1.0690,1.0973,1.0598,1.0663,1555497.2,1678470.81721
1745020800000,1.0663,1.1215,1.0657,1.1086,1792245.8,1964764.36136
1745107200000,1.1089,1.1521,1.1041,1.1411,1505919.5,1698630.18826
1745193600000,1.1413,1.1660,1.1220,1.1338,1583877.5,1818132.87820
1745280000000,1.1339,1.2153,1.1194,1.1931,1957033.7,2280528.20453
1745366400000,1.1934,1.2384,1.1780,1.2088,2633032.1,3177651.85526
1745452800000,1.2087,1.2430,1.1755,1.2399,1989968.8,2404842.96479
1745539200000,1.2401,1.2739,1.2093,1.2631,1766561.5,2200707.83858
1745625600000,1.2632,1.2966,1.2396,1.2885,2623625.7,3346762.98641
1745712000000,1.2885,1.3007,1.2160,1.2186,1564609.9,1959304.16793
1745798400000,1.2185,1.2701,1.1890,1.2501,1603261.0,1977766.53775
1745884800000,1.2502,1.2654,1.1970,1.2109,1279844.9,1583483.56312
1745971200000,1.2100,1.2575,1.1914,1.2189,1512215.4,1849639.39319
1746057600000,1.2189,1.2892,1.2177,1.2270,1897307.6,2365837.44816
1746144000000,1.2268,1.2320,1.1636,1.1640,1853037.0,2216287.37555
1746230400000,1.1643,1.1741,1.0924,1.1199,1697240.4,1934491.44553
1746316800000,1.1200,1.1384,1.0963,1.1092,1614730.0,1798354.96077
1746403200000,1.1094,1.1401,1.0804,1.1004,2158169.2,2393511.95290
1746489600000,1.1006,1.1077,1.0397,1.0948,2076764.7,2236748.88286
1746576000000,1.0947,1.1120,1.0471,1.0649,2046532.9,2217349.86566
1746662400000,1.0647,1.2306,1.0645,1.2279,3364025.5,3887148.80903
1746748800000,1.2280,1.2786,1.2198,1.2742,2648222.0,3297309.57159
1746835200000,1.2745,1.3469,1.2661,1.3445,2461960.8,3195216.94446
1746921600000,1.3445,1.4460,1.3146,1.3561,4381186.0,5997726.88019
1747008000000,1.3564,1.4162,1.2729,1.3571,3571093.8,4857864.57515
1747094400000,1.3568,1.4160,1.2808,1.4044,2482900.4,3370790.99038
1747180800000,1.4044,1.4158,1.3087,1.3220,1826043.9,2484001.88297
1747267200000,1.3222,1.3511,1.2393,1.2644,2923707.4,3770176.33999
1747353600000,1.2643,1.3095,1.2467,1.2561,2270343.3,2900511.94623
1747440000000,1.2563,1.2600,1.1866,1.1966,1710454.9,2074403.77195
1747526400000,1.1970,1.2605,1.1462,1.2211,2327487.7,2821375.75466
1747612800000,1.2201,1.2371,1.1356,1.1940,3254036.8,3813288.37372
1747699200000,1.1942,1.2427,1.1611,1.2109,2006675.6,2407247.46082
1747785600000,1.2109,1.2662,1.1787,1.2243,4625940.5,5604222.35924
1747872000000,1.2243,1.3128,1.2106,1.2988,2236742.1,2838745.27084
1747958400000,1.2988,1.3285,1.1830,1.1868,3662166.4,4631688.74152
1748044800000,1.1865,1.1978,1.1520,1.1594,2128089.8,2503701.11921
1748131200000,1.1593,1.1726,1.1180,1.1675,1515127.7,1732690.31370
1748217600000,1.1678,1.1892,1.1480,1.1568,1569790.0,1835537.73898
1748304000000,1.1571,1.2109,1.1275,1.1927,1559381.4,1840197.92135
1748390400000,1.1925,1.1979,1.1180,1.1572,2147407.8,2487433.47434
1748476800000,1.1572,1.1900,1.0870,1.0932,2470889.7,2812200.01977
1748563200000,1.0931,1.2496,1.0313,1.0355,23387052.2,27079461.52205
1748649600000,1.0349,1.0516,0.9935,1.0317,5044120.6,5170120.47805
1748736000000,1.0314,1.0495,0.9795,1.0384,4580867.7,4640311.93714
1748822400000,1.0386,1.0395,0.9880,1.0309,3071402.8,3099171.04029
1748908800000,1.0309,1.1257,1.0101,1.0234,8890851.0,9492348.30821
1748995200000,1.0235,1.0851,1.0023,1.0126,8769566.1,9149262.47428
1749081600000,1.0131,1.0745,0.9399,0.9468,16442905.0,16873516.48206
1749168000000,0.9468,1.0215,0.9424,1.0024,7280556.9,7190767.76058
1749254400000,1.0024,1.1080,0.9891,1.0902,13231105.8,14037748.90057
1749340800000,1.0901,1.1098,1.0664,1.0730,7165137.3,7770248.76088
1749427200000,1.0729,1.1240,1.0540,1.1230,3193615.8,3458613.87073
1749513600000,1.1233,1.1499,1.0765,1.1100,6251336.6,6925958.86331
1749600000000,1.1101,1.1159,1.0520,1.0672,4551438.0,4965893.61201
1749686400000,1.0671,1.0693,0.9910,0.9945,3926308.3,4053154.37784
1749772800000,0.9942,0.9942,0.9204,0.9562,3356830.0,3186284.53290
1749859200000,0.9563,0.9725,0.9270,0.9429,5869017.3,5576254.82858
1749945600000,0.9429,0.9607,0.9324,0.9462,2334633.9,2213631.39515
1750032000000,0.9460,0.9909,0.9388,0.9447,2161671.4,2094586.51048
1750118400000,0.9449,0.9492,0.8822,0.9003,2732523.0,2503094.66435
1750204800000,0.9004,0.9113,0.8613,0.9018,2138297.1,1903216.61806
1750291200000,0.9020,0.9214,0.8845,0.9148,2066525.8,1871460.59124
1750377600000,0.9147,0.9281,0.8622,0.8832,3339281.6,3011701.37088
1750464000000,0.8832,0.9022,0.8018,0.8290,2690854.2,2308387.75451
1750550400000,0.8290,0.8462,0.7712,0.8146,2842298.6,2309593.06056
1750636800000,0.8146,0.9204,0.8140,0.9162,9604890.2,8269091.81012
1750723200000,0.9166,0.9353,0.9088,0.9260,1779002.7,1634628.50941
1750809600000,0.9260,0.9393,0.8949,0.9020,2103349.9,1920687.51570
1750896000000,0.9021,0.9243,0.8836,0.8867,2096972.1,1896636.05332
1750982400000,0.8865,0.9269,0.8743,0.8953,1942992.3,1740194.61690
1751068800000,0.8953,0.9251,0.8800,0.9209,1445311.5,1297425.55702
1751155200000,0.9209,0.9705,0.9145,0.9620,3126148.0,2943118.14408
1751241600000,0.9618,0.9633,0.8959,0.9228,2127518.6,1981036.62525
1751328000000,0.9227,0.9322,0.8779,0.8865,1869019.4,1681066.38035
1751414400000,0.8865,0.9450,0.8688,0.9300,2596470.2,2355973.22153
1751500800000,0.9298,0.9615,0.9281,0.9492,1854181.1,1756363.36398
1751587200000,0.9492,0.9531,0.8715,0.8803,2385308.7,2151282.09894
1751673600000,0.8803,0.8989,0.8796,0.8897,1264729.9,1124951.14853
1751760000000,0.8897,0.9197,0.8590,0.9089,1913720.9,1705058.46357
1751846400000,0.9092,0.9209,0.8909,0.9007,1438337.5,1303801.01905
1751932800000,0.9006,0.9224,0.8899,0.9183,1151033.5,1041424.20669
1752019200000,0.9180,0.9612,0.9064,0.9564,2037375.3,1908431.60215
1752105600000,0.9567,1.0198,0.9452,1.0149,1997709.8,1944208.94362
1752192000000,1.0147,1.0629,0.9946,1.0316,2379531.9,2468704.79153
1752278400000,1.0316,1.0726,1.0092,1.0387,2931447.3,3058028.57000
1752364800000,1.0387,1.1438,1.0278,1.0620,3220141.1,3454261.55999
1752451200000,1.0621,1.1150,1.0515,1.0647,2435252.1,2639804.08705
1752537600000,1.0650,1.1115,1.0310,1.1112,2087147.0,2223279.32316
1752624000000,1.1107,1.1479,1.0899,1.1222,1976898.2,2212201.82744
1752710400000,1.1220,1.1559,1.0868,1.1280,2750054.4,3088979.73716
1752796800000,1.1275,1.1910,1.1057,1.1312,3698703.4,4279977.35660
1752883200000,1.1311,1.1545,1.1040,1.1452,1607952.1,1812793.54463
1752969600000,1.1457,1.2155,1.1369,1.1926,2601747.2,3069861.76330
1753056000000,1.1922,1.3455,1.1693,1.2567,18375368.9,23459302.88874
1753142400000,1.2572,1.2663,1.1513,1.2305,6915956.3,8358535.07866
1753228800000,1.2304,1.2316,1.0750,1.1105,5205712.7,6023948.20351
1753315200000,1.1106,1.1278,1.0078,1.0648,3600923.4,3854873.23179
1753401600000,1.0652,1.0932,1.0323,1.0921,2207357.6,2347805.89025
1753488000000,1.0918,1.0965,1.0634,1.0681,1503338.6,1626838.81655
1753574400000,1.0683,1.1050,1.0619,1.0970,1769579.2,1920684.46034
1753660800000,1.0966,1.1300,1.0358,1.0434,2551798.4,2776941.70446
1753747200000,1.0436,1.0737,1.0110,1.0320,2002106.6,2082423.18709
1753833600000,1.0317,1.0352,0.9560,1.0191,2439043.6,2435500.88118
1753920000000,1.0189,1.0432,0.9487,0.9575,2163956.6,2167533.57512
1754006400000,0.9574,0.9796,0.9078,0.9275,2989965.9,2827037.04689
1754092800000,0.9276,0.9493,0.8900,0.9139,1668656.2,1532506.79305
1754179200000,0.9143,0.9518,0.9044,0.9448,1168371.1,1097836.61629
1754265600000,0.9448,0.9887,0.9432,0.9833,1845602.3,1783258.73984
1754352000000,0.9836,0.9852,0.9144,0.9360,1761317.1,1682588.65508
1754438400000,0.9358,0.9611,0.9159,0.9436,1586103.7,1490996.72586
1754524800000,0.9438,0.9878,0.9384,0.9873,2434300.8,2346378.99360
1754611200000,0.9875,1.0184,0.9774,1.0107,2283605.3,2273155.75904
1754697600000,1.0109,1.0597,1.0080,1.0423,3379036.8,3519958.19667
1754784000000,1.0421,1.0663,0.9939,1.0341,2828819.3,2910294.69000
1754870400000,1.0340,1.0545,0.9419,0.9474,3803182.0,3790433.43773
1754956800000,0.9474,1.0505,0.9447,1.0267,4393034.7,4410918.34362
1755043200000,1.0270,1.0598,1.0233,1.0504,3341111.9,3483015.94748
1755129600000,1.0506,1.0711,0.9154,0.9385,5281382.9,5177149.60350
1755216000000,0.9385,0.9671,0.9148,0.9454,2884774.2,2729533.73806
1755302400000,0.9454,1.0212,0.9428,0.9983,4978949.7,4905819.73301
1755388800000,0.9983,1.0493,0.9792,0.9900,4414351.9,4473552.77742
1755475200000,0.9902,0.9982,0.9282,0.9584,3547474.7,3389998.73100
1755561600000,0.9581,1.0480,0.9323,0.9784,21493857.1,21461430.08940
1755648000000,0.9784,1.0665,0.9600,1.0370,16544736.4,16901895.58820
1755734400000,1.0366,1.0684,0.9830,0.9983,6621354.5,6778133.45985
1755820800000,0.9985,1.1030,0.9530,1.0718,7308997.7,7578144.69861
1755907200000,1.0718,1.0815,1.0419,1.0667,4167325.5,4414121.13815
1755993600000,1.0665,1.0750,1.0064,1.0180,4385356.8,4536165.09830
1756080000000,1.0181,1.0416,0.9237,0.9440,4632476.8,4535427.99889
1756166400000,0.9435,1.0332,0.9326,1.0295,6963741.8,6916680.44061
1756252800000,1.0295,1.6380,1.0145,1.6204,114195145.6,141107868.21084
1756339200000,1.6203,1.7318,1.2500,1.2988,250330479.8,370947516.35613
1756425600000,1.2989,1.3198,1.1768,1.1940,33838202.2,42527253.45097
1756512000000,1.1940,1.2682,1.1675,1.1832,15692363.4,18937987.97933
1756598400000,1.1833,1.3980,1.1767,1.2184,43031478.0,54522594.63503
1756684800000,1.2183,1.3170,1.1429,1.1724,28659236.1,34921988.44205
1756771200000,1.1724,1.3190,1.1673,1.2730,23200427.9,28392639.67674
1756857600000,1.2730,1.3539,1.2307,1.2865,34189512.0,44315172.33127
1756944000000,1.2866,1.2947,1.2161,1.2579,13799442.9,17358324.42079
1757030400000,1.2576,1.3176,1.2349,1.2371,10841026.7,13893753.52669
1757116800000,1.2367,1.3899,1.2344,1.3053,21486642.1,28314750.43454
1757203200000,1.3053,1.3532,1.2821,1.2921,11438783.6,15025911.20910
1757289600000,1.2921,1.3778,1.2486,1.2662,12285185.4,16149996.25008
1757376000000,1.2662,1.3495,1.2572,1.2686,12326524.3,16103127.57398
1757462400000,1.2688,1.2878,1.2336,1.2376,6636131.4,8402988.27846
1757548800000,1.2380,1.3179,1.2242,1.2672,8320213.2,10570579.12394
1757635200000,1.2671,1.3067,1.2453,1.2735,5541731.8,7051762.40367
1757721600000,1.2735,1.2986,1.2485,1.2662,7590630.4,9675115.31833
1757808000000,1.2662,1.2884,1.1947,1.2447,8178453.3,10163442.20841
1757894400000,1.2447,1.2576,1.1833,1.2327,10113756.8,12386082.23234
1757980800000,1.2327,1.2644,1.2105,1.2343,6278588.8,7778368.28886
1758067200000,1.2343,1.2849,1.1915,1.2351,8885256.5,10983225.83066
1758153600000,1.2353,1.2519,1.2127,1.2337,5061193.4,6247986.36442
1758240000000,1.2331,1.2513,1.1778,1.1869,4043108.5,4886445.87392
1758326400000,1.1869,1.2046,1.1601,1.1906,2879817.4,3412315.36001
1758412800000,1.1906,1.2237,1.1800,1.1807,3016480.1,3619576.35750
1758499200000,1.1807,1.1883,1.0108,1.0779,5285440.7,5810573.10349
1758585600000,1.0779,1.1155,1.0479,1.0855,4644226.8,5051390.77390
1758672000000,1.0855,1.0982,1.0207,1.0653,3950466.9,4219391.21608
1758758400000,1.0653,1.0672,0.9520,0.9787,5115723.1,5167597.76911
1758844800000,0.9790,1.0159,0.9782,1.0043,3247222.5,3242266.29818
1758931200000,1.0043,1.0324,0.9781,1.0189,3277301.2,3306233.88716
1759017600000,1.0189,1.1600,1.0040,1.0605,31916126.1,34483630.61034
1759104000000,1.0604,1.0750,1.0104,1.0257,7674567.2,8009756.80115
1759190400000,1.0256,1.0496,0.9968,1.0221,4605113.4,4709192.66601
1759276800000,1.0220,1.1418,1.0088,1.1368,5217139.4,5593704.80151
1759363200000,1.1370,1.1872,1.0959,1.1111,8229364.0,9422325.82078
1759449600000,1.1113,1.1387,1.0811,1.1212,3397938.5,3755362.34155
1759536000000,1.1213,1.1272,1.0647,1.0855,2969558.6,3241748.61315
1759622400000,1.0856,1.1306,1.0611,1.1022,4619184.6,5066736.18061
1759708800000,1.1022,1.2087,1.0964,1.1135,9293436.2,10563812.00436
1759795200000,1.1136,1.1577,1.0540,1.0666,4874300.3,5360364.82171
1759881600000,1.0664,1.0913,1.0500,1.0808,2182198.3,2344051.97541
1759968000000,1.0812,1.1093,1.0297,1.0911,3370321.4,3585217.10461
1760054400000,1.0913,1.1534,0.7185,0.8586,17122585.7,16314613.16483
1760140800000,0.8589,0.8854,0.7564,0.8049,10707679.5,8773014.73331
1760227200000,0.8050,0.9000,0.7874,0.8805,5367090.5,4525993.73528
1760313600000,0.8808,1.1024,0.8577,0.9824,18795941.4,18539900.66612
1760400000000,0.9825,1.0118,0.8759,0.9291,10944646.3,10148629.25461
1760486400000,0.9291,0.9518,0.8665,0.8815,5515854.5,5040369.61202
1760572800000,0.8816,0.9050,0.8278,0.8534,3752109.2,3276748.88524
1760659200000,0.8533,0.8987,0.8006,0.8637,11271064.0,9686310.11871
1760745600000,0.8639,0.8849,0.8467,0.8564,2725206.0,2359926.11092
1760832000000,0.8567,0.9241,0.8329,0.8917,5758143.6,5093345.27610
1760918400000,0.8913,0.9037,0.8715,0.8843,2578986.5,2298250.97527
1761004800000,0.8849,0.9115,0.8470,0.8585,3445005.8,3024323.83707
1761091200000,0.8581,0.8729,0.8116,0.8365,2993676.7,2544903.70635
1761177600000,0.8368,0.8882,0.8351,0.8587,6317668.3,5448879.51131
1761264000000,0.8589,0.8859,0.8456,0.8711,2575355.6,2227124.57700
1761350400000,0.8712,0.8728,0.8559,0.8660,1423096.7,1232173.77431
1761436800000,0.8658,0.9009,0.8580,0.8942,2476867.2,2181198.14268
1761523200000,0.8938,0.9085,0.8676,0.8717,2143159.6,1906219.41233
1761609600000,0.8717,0.9362,0.8256,0.8507,11426517.3,10164762.30759
1761696000000,0.8504,0.8812,0.8431,0.8557,4139084.2,3567735.47700
1761782400000,0.8562,0.8682,0.7625,0.7973,7795184.9,6321199.01166
1761868800000,0.7974,0.8429,0.7958,0.8318,2252699.6,1853374.09176
1761955200000,0.8320,0.9258,0.8245,0.8924,11777290.4,10314158.02325
1762041600000,0.8924,0.9280,0.8684,0.8995,5363361.7,4818922.89264
1762128000000,0.8994,0.9001,0.7400,0.7874,5275104.2,4265014.65189
1762214400000,0.7874,0.8498,0.7256,0.7665,9883996.8,7821750.41699
1762300800000,0.7663,0.7832,0.7313,0.7690,3610868.2,2768326.80609
1762387200000,0.7692,0.7698,0.7250,0.7584,3683539.8,2776084.55715
1762473600000,0.7586,0.9091,0.7534,0.8726,12462249.5,10586024.31114
1762560000000,0.8732,1.0346,0.8579,0.9149,32494613.4,30409415.61934
1762646400000,0.9148,0.9157,0.8509,0.8844,8458374.9,7482859.47468
1762732800000,0.8848,0.8976,0.8566,0.8697,5691192.9,4987638.65427
1762819200000,0.8696,0.8890,0.8271,0.8286,4719761.2,4054580.73737
1762905600000,0.8293,0.8562,0.7835,0.8168,3640101.7,2998185.94668
1762992000000,0.8169,0.8400,0.7710,0.7893,2432379.1,1971260.52026
1763078400000,0.7889,0.7953,0.7345,0.7496,3497543.6,2678665.83047
1763164800000,0.7496,0.7866,0.7481,0.7725,2781580.3,2144089.28568
1763251200000,0.7731,0.8144,0.7462,0.7771,11870328.3,9374265.40081
1763337600000,0.7764,0.8173,0.7482,0.7651,8623998.1,6736583.64557
1763424000000,0.7651,0.8041,0.7495,0.7739,5881296.6,4570990.50514
1763510400000,0.7741,0.7815,0.7266,0.7658,3999059.3,3004579.74999
1763596800000,0.7658,0.7950,0.7293,0.7335,5813586.6,4432238.18191
1763683200000,0.7335,0.7495,0.6499,0.7035,5920589.0,4140736.56771
1763769600000,0.7035,0.7288,0.6859,0.7210,2799477.7,1974080.86140
1763856000000,0.7208,0.7339,0.7108,0.7124,2138388.3,1542971.14578
1763942400000,0.7127,0.7388,0.6993,0.7296,2678642.2,1922216.16571
1764028800000,0.7297,0.7365,0.7101,0.7323,2005057.2,1452971.14052
1764115200000,0.7326,0.7375,0.7060,0.7270,2746511.9,1986557.36210
1764201600000,0.7267,0.7277,0.7077,0.7143,1832381.3,1315042.00989
1764288000000,0.7143,0.7190,0.6845,0.7050,2254929.6,1585777.36915
1764374400000,0.7051,0.7675,0.7045,0.7223,9270146.7,6824656.36043
1764460800000,0.7222,0.7284,0.7113,0.7129,2369995.3,1706991.98162
1764547200000,0.7124,0.7154,0.6535,0.6870,6693750.4,4524905.12810
1764633600000,0.6868,0.7162,0.6682,0.7040,2891435.5,1993757.81747
1764720000000,0.7039,0.7451,0.6900,0.7424,3677079.1,2643911.66570
1764806400000,0.7421,0.7845,0.7165,0.7359,7321727.5,5494761.99652
1764892800000,0.7356,0.7747,0.7233,0.7295,5036654.6,3779926.74234
1764979200000,0.7295,0.7389,0.7192,0.7323,1482450.7,1080358.41828
1765065600000,0.7322,0.7472,0.7140,0.7225,2444687.7,1792516.72188
1765152000000,0.7230,0.7740,0.7217,0.7335,2433490.3,1814269.36901
1765238400000,0.7336,0.7650,0.7236,0.7585,1844043.6,1375051.08365
1765324800000,0.7587,0.7622,0.7319,0.7366,1958479.4,1457778.51855
1765411200000,0.7365,0.7440,0.7105,0.7319,5703528.7,4164642.35014
1765497600000,0.7319,0.7400,0.7092,0.7225,2003671.0,1457300.51237
1765584000000,0.7226,0.7297,0.7191,0.7236,1098713.6,797017.26615
1765670400000,0.7236,0.7270,0.6758,0.6833,1878200.7,1315977.83388
1765756800000,0.6834,0.7495,0.6630,0.6785,5348358.3,3778596.17991
1765843200000,0.6785,0.7069,0.6633,0.6879,2789820.2,1917227.49427
1765929600000,0.6879,0.6942,0.6350,0.6377,5597044.0,3746590.05980
1766016000000,0.6379,0.6383,0.5873,0.5977,3566718.6,2189301.86353
1766102400000,0.5976,0.6346,0.5875,0.6310,1961333.5,1209645.27332
1766188800000,0.6312,0.6459,0.6289,0.6428,1151255.8,733645.33390
1766275200000,0.6428,0.6490,0.6185,0.6291,1463355.5,929066.38539
1766361600000,0.6294,0.6539,0.6192,0.6429,2137097.7,1362601.14556
1766448000000,0.6432,0.6505,0.6287,0.6462,1180956.6,754377.88871
1766534400000,0.6461,0.6472,0.6210,0.6383,1262089.2,796605.28807
1766620800000,0.6384,0.6593,0.6329,0.6356,1773447.2,1147813.85767
1766707200000,0.6358,0.6508,0.6309,0.6444,1227435.2,788801.99438
1766793600000,0.6443,0.6666,0.6388,0.6655,1080188.2,703452.80193
1766880000000,0.6655,0.6736,0.6535,0.6592,1237784.3,820726.68657
1766966400000,0.6597,0.6726,0.6424,0.6472,1352895.6,887796.91701
1767052800000,0.6473,0.6495,0.6330,0.6398,1511420.8,965920.92384
1767139200000,0.6397,0.6588,0.6220,0.6348,2755892.5,1761552.38478
1767225600000,0.6347,0.6552,0.6294,0.6532,1611983.3,1033085.07825
1767312000000,0.6533,0.6801,0.6450,0.6798,2085417.2,1371431.40778
1767398400000,0.6798,0.6994,0.6646,0.6785,1737206.2,1180222.57629
1767484800000,0.6783,0.7042,0.6778,0.6909,1709648.2,1181360.22328
1767571200000,0.6915,0.7290,0.6810,0.7186,2413889.8,1696687.42902
1767657600000,0.7185,0.7416,0.6944,0.7285,2445875.5,1765382.84565
1767744000000,0.7282,0.7307,0.6920,0.7004,1454411.8,1032179.14735
1767830400000,0.7007,0.7273,0.6581,0.6955,8433062.9,5808050.25153
1767916800000,0.6957,0.7161,0.6900,0.7002,3211596.1,2258738.49252
1768003200000,0.7001,0.7060,0.6824,0.6954,2052713.9,1423387.32756
1768089600000,0.6953,0.7523,0.6853,0.7032,10803136.1,7779648.96190
1768176000000,0.7033,0.7118,0.6618,0.6623,3502802.6,2409176.19142
1768262400000,0.6622,0.7056,0.6583,0.6957,2936024.6,1999725.08840
1768348800000,0.6953,0.7053,0.6815,0.6872,2693235.3,1872014.34305
1768435200000,0.6871,0.6874,0.6499,0.6616,1915775.7,1280408.05574
1768521600000,0.6616,0.6786,0.6482,0.6780,1374880.3,911173.04467
1768608000000,0.6780,0.6921,0.6700,0.6859,1680876.5,1149158.06963
1768694400000,0.6855,0.7023,0.6632,0.6637,1797850.5,1233478.24980
1768780800000,0.6637,0.6637,0.6060,0.6402,3538925.8,2262786.95537
1768867200000,0.6402,0.6451,0.5842,0.5941,2887537.2,1772649.76532
1768953600000,0.5940,0.6244,0.5916,0.6130,2304662.9,1401813.63395
1769040000000,0.6130,0.6236,0.5917,0.6001,1236613.2,752562.51023
1769126400000,0.6006,0.6218,0.5978,0.6050,1614446.1,986380.96894
1769212800000,0.6051,0.6238,0.6006,0.6066,1443723.0,882189.06835
1769299200000,0.6066,0.6118,0.5602,0.5776,2762939.3,1625129.59598
1769385600000,0.5775,0.5925,0.5743,0.5902,1710088.0,998546.38185
1769472000000,0.5901,0.5995,0.5732,0.5982,1650147.6,968273.07318
1769558400000,0.5986,0.5991,0.5778,0.5908,1381713.6,813211.63193
1769644800000,0.5910,0.5932,0.5368,0.5546,2933531.0,1642931.91669
1769731200000,0.5546,0.5613,0.5310,0.5580,2838018.0,1549629.59802
1769817600000,0.5581,0.5587,0.4560,0.5064,4549712.8,2301442.61043
1769904000000,0.5058,0.5198,0.4871,0.4960,2741055.2,1386185.05200
1769990400000,0.4963,0.5175,0.4817,0.5140,2858994.1,1435339.25268
1770076800000,0.5140,0.5200,0.4790,0.5014,3102304.5,1561510.64553
1770163200000,0.5014,0.5154,0.4822,0.5025,2606098.0,1304543.17141
1770249600000,0.5025,0.5054,0.4150,0.4163,6108529.4,2766096.72077
1770336000000,0.4169,0.4739,0.3828,0.4664,4357689.1,1880262.27336
1770422400000,0.4664,0.4716,0.4480,0.4596,2515918.5,1159865.87861
1770508800000,0.4597,0.4598,0.4399,0.4446,2100503.9,947371.03033
1770595200000,0.4445,0.4551,0.4340,0.4435,1886017.6,841788.68223
1770681600000,0.4436,0.4445,0.4262,0.4397,1852667.7,808307.00369
1770768000000,0.4399,0.4409,0.4172,0.4320,2577049.2,1103454.99215
1770854400000,0.4314,0.4478,0.4235,0.4385,2485096.1,1080976.08438
1770940800000,0.4386,0.4595,0.4290,0.4506,2831836.9,1262997.41250
1771027200000,0.4506,0.4656,0.4460,0.4601,1945494.6,885132.55153
1771113600000,0.4602,0.4649,0.4398,0.4518,2112840.2,952749.33530
1771200000000,0.4518,0.4532,0.4331,0.4501,2265265.0,1006719.75067
1771286400000,0.4501,0.4558,0.4407,0.4428,2037671.2,910697.61542
1771372800000,0.4430,0.4446,0.4171,0.4217,2454429.4,1057650.56082
1771459200000,0.4221,0.4293,0.4068,0.4211,2932010.2,1228650.34643
1771545600000,0.4212,0.4296,0.4119,0.4279,2481988.3,1049841.39741
1771632000000,0.4279,0.4330,0.4201,0.4206,1604692.7,685788.38158
1771718400000,0.4204,0.4211,0.4022,0.4039,1681817.8,690531.40852
1771804800000,0.4039,0.4048,0.3831,0.3899,2922240.5,1147049.11617
1771891200000,0.3899,0.3980,0.3817,0.3941,2197642.0,857536.16088
1771977600000,0.3942,0.4225,0.3933,0.4093,2309548.9,938734.47777
1772064000000,0.4094,0.4112,0.3904,0.3970,2359131.8,946884.82775
1772150400000,0.3970,0.4055,0.3743,0.3840,2643360.9,1035485.02073
1772236800000,0.3840,0.3942,0.3606,0.3941,3056840.9,1140101.89587
1772323200000,0.3937,0.4041,0.3700,0.3802,2410075.6,933205.72418
1772409600000,0.3802,0.3995,0.3745,0.3862,2034088.4,785334.35811
1772496000000,0.3865,0.3964,0.3551,0.3586,5599885.3,2107920.65597
1772582400000,0.3586,0.4011,0.3513,0.3850,7567285.5,2833415.36479
1772668800000,0.3849,0.4164,0.3735,0.3747,8602324.6,3373835.14327
1772755200000,0.3748,0.3927,0.3693,0.3722,5296648.9,2016609.23401
1772841600000,0.3722,0.3852,0.3609,0.3686,4586904.4,1713262.08429
1772928000000,0.3687,0.3806,0.3584,0.3724,3700345.1,1356585.73906
1773014400000,0.3725,0.3905,0.3708,0.3760,3926650.6,1490879.68106
1773100800000,0.3762,0.3991,0.3754,0.3891,2326472.7,903887.78552
1773187200000,0.3891,0.4054,0.3853,0.3963,3074604.1,1211735.84887
1773273600000,0.3963,0.4031,0.3887,0.3988,2224098.0,882573.49242
1773360000000,0.3987,0.4172,0.3980,0.4074,2650772.5,1077395.97543
1773446400000,0.4074,0.4075,0.3885,0.3955,2597862.9,1033157.70093
1773532800000,0.3953,0.4092,0.3918,0.4059,2055700.6,817273.31019
1773619200000,0.4062,0.4439,0.4018,0.4416,5653362.8,2416348.03487
1773705600000,0.4418,0.4890,0.4279,0.4620,14820429.9,6839926.02829
1773792000000,0.4621,0.4759,0.4251,0.4352,7246764.8,3270694.61473
1773878400000,0.4352,0.4414,0.4125,0.4175,3036345.3,1287747.11806
1773964800000,0.4176,0.4260,0.4019,0.4124,2598795.5,1079366.01868
1774051200000,0.4124,0.4154,0.3861,0.3898,2026846.6,816886.35794
1774137600000,0.3896,0.4000,0.3828,0.3880,2869999.4,1119767.70280
1774224000000,0.3881,0.4355,0.3847,0.4206,5065407.4,2081056.13451
1774310400000,0.4205,0.4326,0.4160,0.4267,2812786.1,1191077.71629
1774396800000,0.4267,0.4307,0.4150,0.4220,2814734.3,1191426.87509
1774483200000,0.4220,0.4237,0.3987,0.4069,1944573.0,795150.27241
1774569600000,0.4070,0.4103,0.3887,0.3911,2180163.8,867927.36309
1774656000000,0.3913,0.4157,0.3852,0.4011,3645639.1,1472818.33012
1774742400000,0.4008,0.4060,0.3552,0.3866,3522967.0,1360302.25728
1774828800000,0.3866,0.4090,0.3864,0.3916,2445847.5,973415.48588
1774915200000,0.3915,0.4246,0.3845,0.4197,5335246.9,2162245.88707
1775001600000,0.4200,0.4289,0.4075,0.4231,2652050.8,1104573.95489
1775088000000,0.4229,0.4402,0.4066,0.4308,4188993.0,1774632.27993
1775174400000,0.4309,0.4444,0.4186,0.4208,2913685.8,1261264.94570
1775260800000,0.4207,0.4254,0.4110,0.4142,1696490.7,708761.66072
1775347200000,0.4146,0.4205,0.3995,0.4192,2005321.3,822467.35082
1775433600000,0.4191,0.4329,0.4162,0.4214,1946471.7,825179.34951
1775520000000,0.4214,0.4344,0.4036,0.4341,1436817.8,595634.43401
1775606400000,0.4344,0.4393,0.4193,0.4233,1764156.4,754452.76664
1775692800000,0.4233,0.4436,0.4085,0.4263,3817636.1,1628568.30044
1775779200000,0.4263,0.4394,0.4193,0.4318,2190747.4,939926.02267
1775865600000,0.4318,0.4320,0.4208,0.4219,1696764.4,722014.38722
1775952000000,0.4218,0.4237,0.4057,0.4063,1470663.5,607441.71539
1776038400000,0.4060,0.4187,0.4032,0.4176,1451253.5,593934.66063
1776124800000,0.4176,0.4213,0.4023,0.4061,2210703.3,914618.38404
1776211200000,0.4061,0.4325,0.4061,0.4168,5061253.1,2108988.36947
1776297600000,0.4171,0.4408,0.4162,0.4402,2625445.4,1119369.86068
1776384000000,0.4406,0.4604,0.4305,0.4535,2826353.2,1260665.87262
1776470400000,0.4532,0.4795,0.4302,0.4365,6386125.8,2915108.63394
1776556800000,0.4368,0.4731,0.4271,0.4493,6807537.0,3068067.32862
1776643200000,0.4494,0.4838,0.4424,0.4617,9719350.8,4495658.30687
1776729600000,0.4617,0.4627,0.4470,0.4541,3030835.7,1374248.69255
1776816000000,0.4543,0.4631,0.4465,0.4491,2251396.1,1028851.53680
1776902400000,0.4491,0.4535,0.4355,0.4463,2647570.6,1173128.87274
1776988800000,0.4460,0.4597,0.4402,0.4500,2257384.2,1009604.41869
1777075200000,0.4501,0.4871,0.4495,0.4601,7943714.1,3729461.38948
1777161600000,0.4602,0.4750,0.4467,0.4573,3330634.8,1530615.28745
1777248000000,0.4574,0.4634,0.4381,0.4441,2507521.4,1123814.71016
1777334400000,0.4442,0.4484,0.4392,0.4439,1602889.9,710678.44594
1777420800000,0.4438,0.4517,0.4232,0.4346,2390665.4,1052379.19134
1777507200000,0.4346,0.4361,0.4244,0.4260,1253944.8,538637.85752
1777593600000,0.4258,0.4450,0.4255,0.4389,2019890.3,882061.88430
1777680000000,0.4387,0.4681,0.4344,0.4575,3010864.6,1361543.37605
1777766400000,0.4577,0.5227,0.4511,0.4885,23627370.2,11633734.23021
1777852800000,0.4887,0.4949,0.4541,0.4562,9720688.0,4622416.29812
1777939200000,0.4562,0.4716,0.4532,0.4632,3846756.7,1780795.24667
1778025600000,0.4632,0.4878,0.4622,0.4747,3627242.3,1723407.84211
1778112000000,0.4745,0.4839,0.4652,0.4758,3676371.4,1743846.13546
1778198400000,0.4758,0.4967,0.4689,0.4951,2596557.2,1253596.20483
1778284800000,0.4954,0.5035,0.4891,0.4919,3698722.3,1836702.41493
1778371200000,0.4915,0.5087,0.4819,0.4991,2432505.4,1200881.06020
1778457600000,0.4991,0.5264,0.4859,0.5137,3540115.1,1798003.42521
1778544000000,0.5135,0.5165,0.4889,0.4897,2975321.2,1493208.93819
1778630400000,0.4897,0.5016,0.4578,0.4647,2602333.6,1253806.02444
1778716800000,0.4647,0.4785,0.4587,0.4659,1842003.9,861738.49065
1778803200000,0.4659,0.4723,0.4366,0.4468,2441316.8,1103713.10415
1778889600000,0.4468,0.4504,0.4239,0.4302,1704960.8,738719.81782
1778976000000,0.4302,0.4370,0.4075,0.4191,1836411.2,783847.07410
1779062400000,0.4190,0.4242,0.4076,0.4179,1910606.8,794980.82720
1779148800000,0.4178,0.4205,0.4092,0.4129,1551520.9,643574.16809
1779235200000,0.4128,0.4264,0.4121,0.4229,1916769.0,803730.79898
1779321600000,0.4229,0.4379,0.4207,0.4337,3109454.2,1337926.46040
1779408000000,0.4336,0.4426,0.4148,0.4186,2453003.8,1064919.17494
1779494400000,0.4186,0.4398,0.4094,0.4329,2322689.1,977613.87578
1779580800000,0.4326,0.4339,0.4111,0.4179,1108752.0,470581.13724
1779667200000,0.4181,0.4450,0.4173,0.4323,2237996.0,967775.08792
1779753600000,0.4321,0.4553,0.4234,0.4404,6130681.1,2704979.46974
1779840000000,0.4405,0.4600,0.4268,0.4480,3958073.0,1741504.60189
1779926400000,0.4478,0.4660,0.4149,0.4537,6127924.0,2670504.23314
1780012800000,0.4538,0.4812,0.4520,0.4588,6851350.0,3199648.68524
1780099200000,0.4586,0.4613,0.4430,0.4474,2405262.7,1092806.70274
1780185600000,0.4475,0.4547,0.4334,0.4475,1786343.5,795756.68181
1780272000000,0.4475,0.4555,0.4259,0.4378,2441574.2,1068336.33104
1780358400000,0.4379,0.4386,0.3945,0.4019,3207245.2,1334901.32865
1780444800000,0.4020,0.4122,0.3897,0.3981,2965012.5,1195772.63824
1780531200000,0.3977,0.4047,0.3626,0.3682,4217892.0,1597228.18467
1780617600000,0.3682,0.3704,0.3287,0.3411,3803350.5,1316530.23980
1780704000000,0.3411,0.3466,0.3173,0.3384,3068430.1,1028124.07359
1780790400000,0.3384,0.3496,0.3313,0.3431,2772213.9,946973.31991
1780876800000,0.3433,0.3526,0.3357,0.3458,1870751.2,646314.91211
1780963200000,0.3458,0.3458,0.3290,0.3374,2249828.2,761276.78815
1781049600000,0.3375,0.3407,0.3240,0.3303,1871422.7,623770.59151
1781136000000,0.3299,0.3659,0.3280,0.3573,5142834.4,1770550.15478
1781222400000,0.3575,0.3743,0.3475,0.3508,8400621.7,3047238.42251
1781308800000,0.3507,0.3567,0.3444,0.3545,2608741.8,917153.36082
1781395200000,0.3546,0.3567,0.3369,0.3531,2673038.7,927417.53204
1781481600000,0.3531,0.3623,0.3496,0.3540,3083213.7,1098460.92142
1781568000000,0.3540,0.3568,0.3432,0.3485,2311965.5,810791.95299
1781654400000,0.3482,0.3544,0.3366,0.3441,2983371.9,1031703.89963
1781740800000,0.3441,0.3458,0.3200,0.3284,2915918.7,969899.79778
1781827200000,0.3284,0.3327,0.3198,0.3248,2084939.3,677745.25766
1781913600000,0.3248,0.3425,0.3213,0.3363,2262371.7,748366.66953
1782000000000,0.3361,0.3390,0.3232,0.3249,1772265.6,587903.69963
1782086400000,0.3252,0.3333,0.3168,0.3188,1913258.8,624337.87145
1782172800000,0.3188,0.3218,0.2991,0.3063,4188799.4,1294876.87851
1782259200000,0.3062,0.3083,0.2830,0.2938,3313453.2,985363.30439
1782345600000,0.2939,0.2997,0.2769,0.2860,2954642.2,855263.15452
1782432000000,0.2861,0.2999,0.2766,0.2927,3082863.0,890386.64239
1782518400000,0.2927,0.2967,0.2854,0.2865,3677694.9,1069121.70344
1782604800000,0.2867,0.2922,0.2818,0.2858,2289880.6,661250.00186
1782691200000,0.2855,0.2982,0.2833,0.2920,2256602.9,657255.58202
1782777600000,0.2920,0.2931,0.2800,0.2835,2244729.4,643111.57818
1782864000000,0.2834,0.3002,0.2771,0.2944,2944705.7,851335.78340
1782950400000,0.2944,0.3029,0.2923,0.2976,1923659.3,572354.76870
1783036800000,0.2978,0.3097,0.2960,0.3061,1830898.4,553747.22524
1783123200000,0.3060,0.3089,0.3001,0.3026,1279216.1,389009.79769
1783209600000,0.3026,0.3030,0.2937,0.3000,1953804.6,582888.48521
1783296000000,0.3001,0.3052,0.2903,0.3011,2317955.4,689447.88003
1783382400000,0.3011,0.3024,0.2913,0.2925,1983019.0,588117.59477
1783468800000,0.2926,0.2943,0.2851,0.2901,2229422.3,642700.18877
1783555200000,0.2902,0.2941,0.2880,0.2905,1384180.7,403255.90723
1783641600000,0.2905,0.3290,0.2895,0.3181,13952426.7,4399688.51577
1783728000000,0.3181,0.3185,0.2982,0.2986,5548101.6,1707485.12014
1783814400000,0.2985,0.3035,0.2933,0.2954,2597068.5,775571.26784
1783900800000,0.2954,0.2983,0.2818,0.2861,2649502.2,764406.87703
1783987200000,0.2862,0.2956,0.2833,0.2927,2091733.7,606383.24603
1784073600000,0.2927,0.2974,0.2898,0.2925,1616079.6,473008.51082
1784160000000,0.2924,0.2944,0.2856,0.2875,1495372.6,434121.18300
1784246400000,0.2875,0.2972,0.2851,0.2881,2393255.8,694169.09169
1784332800000,0.2880,0.2884,0.2830,0.2871,1671301.8,477698.10010
1784419200000,0.2870,0.2885,0.2765,0.2781,1890687.2,533335.57622
1784505600000,0.2780,0.2849,0.2744,0.2810,1929137.4,541228.89740
1784592000000,0.2809,0.2980,0.2799,0.2881,3117840.5,899294.29682
1784678400000,0.2879,0.2922,0.2834,0.2860,1918788.6,551498.06409
1784764800000,0.2860,0.2884,0.2780,0.2790,1820960.9,516139.28333
1784851200000,0.2791,0.2847,0.2739,0.2763,2038846.0,567711.19310
1784937600000,0.2764,0.2771,0.2691,0.2734,1751054.1,478051.62002
1785024000000,0.2735,0.2764,0.2694,0.2728,2479395.8,676998.17086
1785110400000,0.2729,0.2749,0.2571,0.2596,3522544.0,935086.50975
1785196800000,0.2597,0.2607,0.2529,0.2574,2853211.8,734520.19899
1785283200000,0.2575,0.2589,0.2424,0.2478,2970701.5,745344.54095
1785369600000,0.2478,0.3002,0.2475,0.2906,33617552.1,9436992.88171
1785456000000,0.2903,0.3713,0.2768,0.2813,71480764.3,22899396.96343
1785542400000,0.2812,0.2823,0.2616,0.2646,13070355.6,3566883.55282
1785628800000,0.2646,0.2692,0.2548,0.2558,6949049.1,1826129.05086
1785715200000,0.2558,0.2707,0.2472,0.2698,8249008.4,2121542.42608
1785801600000,0.2699,0.2747,0.2576,0.2585,5436757.8,1434943.09432
1785888000000,0.2585,0.2792,0.2572,0.2722,4986387.4,1342668.42918
1785974400000,0.2723,0.2798,0.2683,0.2759,2817553.3,771523.05426
1786060800000,0.2759,0.2795,0.2734,0.2743,2506683.9,692332.51095
1786147200000,0.2741,0.2803,0.2721,0.2787,1762077.4,485767.98222
1786233600000,0.2786,0.2807,0.2741,0.2752,2454700.0,681378.22555
1786320000000,0.2752,0.2821,0.2683,0.2715,5006171.7,1378665.76437
1786406400000,0.2715,0.2865,0.2638,0.2655,4275597.7,1175816.06558
1786492800000,0.2654,0.2742,0.2629,0.2634,2678359.2,718863.11410
1786579200000,0.2633,0.2693,0.2629,0.2653,1752406.2,466401.26246
1786665600000,0.2653,0.2933,0.2627,0.2758,8197167.6,2289491.61336
1786752000000,0.2758,0.2920,0.2706,0.2848,6619334.9,1860913.74369
1786838400000,0.2848,0.2880,0.2770,0.2864,3601450.6,1018054.97137
1786924800000,0.2863,0.2930,0.2823,0.2871,3520145.0,1010834.65448
1787011200000,0.2871,0.2938,0.2794,0.2812,3711056.7,1065659.61197
1787097600000,0.2811,0.2944,0.2779,0.2918,2841178.7,809143.35344
1787184000000,0.2918,0.3171,0.2897,0.3029,4809865.7,1446806.48125
1787270400000,0.3029,0.3299,0.3028,0.3293,4916957.6,1557988.21448
1787356800000,0.3292,0.3423,0.3081,0.3139,6211199.2,2022059.07209
1787443200000,0.3139,0.3288,0.2982,0.3216,3396610.6,1065669.67891
1787529600000,0.3218,0.3322,0.3092,0.3208,3713914.7,1192370.04094
1787616000000,0.3209,0.3276,0.3014,0.3086,3460707.4,1096436.32399
1787702400000,0.3086,0.3258,0.3067,0.3208,2622353.4,829166.34007
1787788800000,0.3208,0.3335,0.3177,0.3222,2741110.1,889153.73802
1787875200000,0.3223,0.3265,0.3050,0.3127,2529811.5,795794.04166
1787961600000,0.3126,0.3203,0.3072,0.3115,2982795.3,936311.67369
1788048000000,0.3115,0.3159,0.2957,0.3004,2130806.0,660171.61709
1788134400000,0.3004,0.3151,0.2998,0.3043,1958626.9,600815.97029
