funding_time_ms,interval_hours,rate
1710777600001,4,-0.00113783
1710792000001,4,-0.00120440
1710806400000,4,-0.00011469
1710820800000,4,-0.00076120
1710835200000,4,-0.00012508
1710849600000,4,0.00005000
1710864000001,4,0.00005000
1710878400000,4,0.00005000
1710892800000,4,0.00005000
1710907200000,4,0.00005000
1710921600004,4,0.00005000
1710936000001,4,0.00005000
1710950400000,4,0.00005000
1710964800000,4,0.00012498
1710979200000,4,0.00032313
1710993600000,4,0.00024227
1711008000000,4,0.00019190
1711022400013,4,0.00010874
1711036800000,4,0.00021254
1711051200000,4,0.00007758
1711065600000,4,0.00005000
1711080000000,4,0.00005000
1711094400000,4,0.00005000
1711108800000,4,0.00005492
1711123200000,4,0.00005000
1711137600000,4,0.00005000
1711152000000,4,0.00014898
1711166400000,4,0.00005000
1711180800000,4,0.00005000
1711195200000,4,0.00005000
1711209600000,4,0.00010070
1711224000000,4,0.00009935
1711238400000,4,0.00007842
1711252800001,4,0.00011423
1711267200000,4,0.00016543
1711281600000,4,0.00005000
1711296000000,4,0.00005000
1711310400000,4,0.00005000
1711324800000,4,0.00005000
1711339200000,4,0.00005000
1711353600001,4,0.00015094
1711368000000,4,0.00011527
1711382400000,4,0.00016292
1711396800000,4,0.00016011
1711411200000,4,0.00019946
1711425600000,4,0.00016467
1711440000000,4,0.00032248
1711454400000,4,0.00022320
1711468800000,4,0.00017495
1711483200000,4,0.00026108
1711497600000,4,0.00015149
1711512000000,4,0.00005000
1711526400001,4,0.00062522
1711540800001,4,0.00026722
1711555200000,4,0.00010934
1711569600000,4,0.00006273
1711584000000,4,0.00005000
1711598400000,4,0.00027553
1711612800000,4,0.00005394
1711627200000,4,0.00023836
1711641600000,4,0.00053374
1711656000000,4,0.00058917
1711670400000,4,0.00077928
1711684800000,4,0.00034847
1711699200000,4,0.00050695
1711713600000,4,0.00051530
1711728000000,4,0.00071854
1711742400000,4,0.00052471
1711756800000,4,0.00055545
1711771200000,4,0.00025703
1711785600000,4,0.00061676
1711800000001,4,0.00055158
1711814400000,4,0.00064385
1711828800000,4,0.00056390
1711843200000,4,0.00055937
1711857600000,4,0.00043521
1711872000000,4,0.00042927
1711886400000,4,0.00042705
1711900800001,4,0.00042222
1711915200000,4,0.00075967
1711929600000,4,0.00055890
1711944000000,4,0.00046853
1711958400000,4,0.00022262
1711972800000,4,0.00027908
1711987200000,4,0.00020704
1712001600000,4,0.00005000
1712016000007,4,0.00005000
1712030400000,4,0.00005000
1712044800015,4,0.00018583
1712059200000,4,0.00016357
1712073600000,4,0.00012411
1712088000000,4,0.00005000
1712102400000,4,0.00005000
1712116800000,4,0.00005000
1712131200000,4,0.00005000
1712145600000,4,0.00005000
1712160000000,4,0.00012516
1712174400000,4,0.00014977
1712188800000,4,0.00005000
1712203200000,4,0.00011706
1712217600000,4,0.00016723
1712232000000,4,0.00008388
1712246400000,4,0.00005000
1712260800000,4,0.00005000
1712275200000,4,0.00006916
1712289600000,4,0.00007610
1712304000000,4,0.00005000
1712318400000,4,0.00005000
1712332800000,4,0.00005000
1712347200000,4,0.00009775
1712361600000,4,0.00005000
1712376000000,4,0.00005000
1712390400000,4,0.00005000
1712404800000,4,0.00005000
1712419200000,4,0.00002194
1712433600000,4,0.00005000
1712448000000,4,0.00005000
1712462400000,4,-0.00012685
1712476800000,4,0.00001782
1712491200001,4,0.00005000
1712505600000,4,-0.00040639
1712520000000,4,0.00004894
1712534400001,4,-0.00001278
1712548800000,4,-0.00019118
1712563200000,4,0.00005000
1712577600000,4,-0.00006887
1712592000006,4,0.00005000
1712606400001,4,0.00007870
1712620800000,4,-0.00029997
1712635200000,4,-0.00034841
1712649600001,4,0.00005000
1712664000000,4,0.00005000
1712678400001,4,0.00005000
1712692800000,4,0.00005000
1712707200000,4,0.00008060
1712721600000,4,0.00005000
1712736000001,4,0.00005000
1712750400002,4,0.00005000
1712764800000,4,-0.00016630
1712779200000,4,0.00005000
1712793600000,4,0.00005000
1712808000001,4,0.00005000
1712822400000,4,-0.00003379
1712836800000,4,0.00005000
1712851200000,4,0.00005000
1712865600000,4,0.00005000
1712880000000,4,0.00005000
1712894400000,4,-0.00003196
1712908800001,4,0.00005000
1712923200000,4,0.00006159
1712937600000,4,0.00006852
1712952000000,4,0.00005000
1712966400000,4,-0.00062440
1712980800000,4,-0.00009592
1712995200000,4,-0.00014387
1713009600000,4,-0.00070547
1713024000001,4,0.00005000
1713038400001,4,0.00005000
1713052800000,4,-0.00102513
1713067200000,4,-0.00012246
1713081600000,4,-0.00044345
1713096000000,4,0.00005000
1713110400000,4,0.00005000
1713124800000,4,-0.00015918
1713139200000,4,-0.00131026
1713153600000,4,-0.00047971
1713168000001,4,-0.00092806
1713182400000,4,-0.00036643
1713196800000,4,-0.00001359
1713211200000,4,-0.00012710
1713225600001,4,-0.00086301
1713240000000,4,-0.00083920
1713254400000,4,0.00000117
1713268800000,4,-0.00004180
1713283200000,4,0.00005000
1713297600000,4,0.00005000
1713312000000,4,0.00005000
1713326400001,4,-0.00002082
1713340800000,4,0.00004808
1713355200000,4,0.00005000
1713369600000,4,0.00005000
1713384000000,4,0.00005000
1713398400000,4,0.00005000
1713412800000,4,0.00005000
1713427200000,4,0.00005000
1713441600002,4,0.00005000
1713456000000,4,0.00001770
1713470400000,4,0.00005000
1713484800001,4,-0.00000130
1713499200000,4,-0.00010515
1713513600000,4,0.00005000
1713528000001,4,-0.00003853
1713542400000,4,0.00001222
1713556800000,4,0.00005000
1713571200000,4,0.00005000
1713585600001,4,-0.00026989
1713600000000,4,-0.00059936
1713614400001,4,-0.00020731
1713628800000,4,-0.00023328
1713643200001,4,-0.00009139
1713657600000,4,0.00003050
1713672000000,4,-0.00004085
1713686400000,4,0.00005000
1713700800000,4,-0.00009426
1713715200000,4,0.00004012
1713729600000,4,0.00005000
1713744000000,4,0.00005000
1713758400000,4,0.00005000
1713772800000,4,-0.00021595
1713787200000,4,-0.00013793
1713801600000,4,-0.00000755
1713816000000,4,-0.00002472
1713830400000,4,-0.00008931
1713844800000,4,-0.00000430
1713859200000,4,-0.00009332
1713873600000,4,-0.00006083
1713888000001,4,0.00005000
1713902400000,4,0.00005000
1713916800000,4,0.00005000
1713931200000,4,0.00005000
1713945600000,4,-0.00011254
1713960000000,4,0.00005000
1713974400000,4,-3.2E-7
1713988800000,4,-0.00007741
1714003200000,4,-0.00004246
1714017600000,4,-0.00006125
1714032000000,4,0.00002344
1714046400000,4,0.00005000
1714060800010,4,0.00005000
1714075200000,4,0.00005000
1714089600001,4,0.00005000
1714104000000,4,0.00005000
1714118400000,4,0.00000450
1714132800000,4,-0.00002116
1714147200000,4,0.00001091
1714161600000,4,0.00001573
1714176000000,4,0.00005000
1714190400000,4,-0.00008908
1714204800001,4,-0.00000367
1714219200000,4,0.00005000
1714233600000,4,-0.00004495
1714248000000,4,-0.00031344
1714262400000,4,-0.00031296
1714276800000,4,-0.00050008
1714291200000,4,-0.00113906
1714305600000,4,0.00003437
1714320000000,4,-0.00048248
1714334400000,4,-0.00073182
1714348800000,4,0.00005000
1714363200000,4,-0.00031957
1714377600000,4,0.00002193
1714392000000,4,0.00000653
1714406400000,4,0.00002781
1714420800000,4,0.00002007
1714435200000,4,-0.00003580
1714449600000,4,-0.00031833
1714464000000,4,-0.00015112
1714478400000,4,0.00005000
1714492800000,4,0.00005000
1714507200000,4,0.00005000
1714521600000,4,-0.00005569
1714536000000,4,-0.00001932
1714550400000,4,0.00005000
1714564800000,4,-0.00015519
1714579200000,4,0.00005000
1714593600000,4,-0.00021339
1714608000000,4,-0.00034289
1714622400000,4,-0.00016844
1714636800000,4,-0.00021183
1714651200000,4,-0.00071964
1714665600002,4,-0.00014901
1714680000000,4,-0.00007374
1714694400000,4,-0.00019871
1714708800000,4,-0.00039251
1714723200000,4,-0.00019816
1714737600000,4,-0.00017062
1714752000000,4,-0.00002873
1714766400000,4,-0.00003039
1714780800000,4,-0.00009790
1714795200000,4,-0.00007174
1714809600000,4,-0.00028798
1714824000000,4,-0.00043063
1714838400000,4,-0.00030477
1714852800000,4,-0.00016293
1714867200000,4,-0.00006157
1714881600000,4,-0.00006678
1714896000000,4,-0.00022793
1714910400000,4,-0.00022274
1714924800000,4,-0.00004534
1714939200000,4,-0.00002732
1714953600000,4,-0.00005315
1714968000002,4,-0.00005711
1714982400000,4,-0.00023248
1714996800000,4,-0.00022992
1715011200000,4,-0.00016210
1715025600000,4,-0.00005196
1715040000000,4,-0.00030907
1715054400000,4,-0.00027337
1715068800000,4,-0.00001144
1715083200000,4,-0.00015391
1715097600000,4,-0.00014977
1715112000000,4,-0.00027453
1715126400000,4,-0.00058560
1715140800000,4,-0.00021364
1715155200000,4,0.00005000
1715169600000,4,0.00004711
1715184000000,4,-0.00002295
1715198400001,4,7.6E-7
1715212800000,4,-0.00014838
1715227200000,4,-0.00019572
1715241600000,4,-0.00011564
1715256000000,4,-0.00002472
1715270400000,4,-0.00018097
1715284800000,4,0.00002630
1715299200000,4,-0.00002559
1715313600001,4,0.00004047
1715328000000,4,-0.00004717
1715342400001,4,-0.00066704
1715356800000,4,-0.00015072
1715371200000,4,-0.00002313
1715385600000,4,-0.00003960
1715400000000,4,0.00001887
1715414400000,4,0.00000481
1715428800000,4,-0.00001558
1715443200000,4,0.00003244
1715457600000,4,0.00005000
1715472000000,4,-0.00004067
1715486400001,4,-0.00007023
1715500800000,4,-0.00004879
1715515200001,4,-0.00003030
1715529600000,4,-0.00012765
1715544000000,4,-0.00009419
1715558400001,4,0.00001793
1715572800000,4,-0.00032001
1715587200001,4,-0.00002737
1715601600000,4,0.00005000
1715616000000,4,0.00005000
1715630400000,4,0.00002113
1715644800000,4,-0.00003082
1715659200000,4,0.00005000
1715673600000,4,0.00005000
1715688000000,4,0.00005000
1715702400000,4,0.00001674
1715716800000,4,0.00003916
1715731200000,4,0.00001080
1715745600000,4,-0.00002277
1715760000000,4,0.00001796
1715774400000,4,0.00005000
1715788800000,4,-0.00004973
1715803200000,4,-0.00009243
1715817600004,4,-6.4E-7
1715832000000,4,0.00005000
1715846400000,4,0.00005000
1715860800000,4,0.00005000
1715875200000,4,0.00005000
1715889600000,4,-0.00010271
1715904000000,4,-0.00001602
1715918400002,4,-0.00000502
1715932800000,4,-0.00001950
1715947200000,4,0.00005000
1715961600000,4,-0.00004092
1715976000000,4,0.00005000
1715990400000,4,0.00005000
1716004800000,4,0.00005000
1716019200000,4,0.00005000
1716033600000,4,0.00005000
1716048000000,4,0.00005000
1716062400000,4,0.00005000
1716076800000,4,0.00005000
1716091200000,4,0.00005000
1716105600000,4,0.00005000
1716120000000,4,0.00005000
1716134400000,4,0.00005000
1716148800001,4,0.00003206
1716163200000,4,-0.00000512
1716177600000,4,0.00005000
1716192000000,4,0.00005000
1716206400001,4,0.00005000
1716220800003,4,0.00000313
1716235200004,4,0.00000967
1716249600000,4,0.00005000
1716264000000,4,0.00005000
1716278400001,4,0.00005000
1716292800001,4,-0.00006146
1716307200000,4,0.00002631
1716321600000,4,-0.00005854
1716336000000,4,0.00005000
1716350400000,4,0.00005000
1716364800000,4,0.00005000
1716379200000,4,0.00005000
1716393600000,4,-0.00028450
1716408000000,4,0.00005000
1716422400000,4,-0.00010101
1716436800000,4,-0.00024473
1716451200000,4,-0.00011508
1716465600000,4,-0.00111109
1716480000000,4,-0.00003416
1716494400000,4,-0.00032824
1716508800000,4,-0.00081595
1716523200000,4,-0.00023696
1716537600000,4,0.00005000
1716552000000,4,-0.00056656
1716566400000,4,-0.00027030
1716580800000,4,-0.00016740
1716595200000,4,-0.00023426
1716609600000,4,-0.00013276
1716624000000,4,0.00005000
1716638400001,4,-0.00031130
1716652800000,4,0.00005000
1716667200006,4,0.00005000
1716681600000,4,0.00005000
1716696000000,4,-0.00019574
1716710400000,4,0.00005000
1716724800000,4,-0.00012345
1716739200000,4,0.00005000
1716753600000,4,0.00005000
1716768000000,4,-0.00003124
1716782400000,4,0.00005000
1716796800000,4,-0.00021691
1716811200000,4,-0.00004449
1716825600000,4,0.00000203
1716840000000,4,-0.00011024
1716854400000,4,0.00005000
1716868800000,4,0.00005000
1716883200000,4,-0.00018678
1716897600000,4,0.00005000
1716912000000,4,0.00005000
1716926400000,4,0.00005000
1716940800001,4,0.00005000
1716955200000,4,0.00005000
1716969600000,4,0.00005000
1716984000000,4,0.00005000
1716998400000,4,0.00005000
1717012800000,4,0.00006880
1717027200000,4,0.00005000
1717041600000,4,0.00010646
1717056000000,4,0.00011743
1717070400001,4,0.00005000
1717084800000,4,0.00005000
1717099200001,4,0.00005000
1717113600000,4,0.00005000
1717128000000,4,0.00005000
1717142400000,4,0.00005000
1717156800001,4,0.00005000
1717171200000,4,0.00005000
1717185600000,4,0.00005000
1717200000000,4,0.00005000
1717214400000,4,0.00005000
1717228800000,4,0.00005000
1717243200000,4,0.00012297
1717257600001,4,0.00008135
1717272000000,4,0.00005000
1717286400000,4,0.00005000
1717300800000,4,0.00005000
1717315200000,4,0.00005000
1717329600000,4,0.00014991
1717344000000,4,0.00010460
1717358400001,4,0.00005000
1717372800000,4,0.00005000
1717387200000,4,0.00005000
1717401600000,4,0.00005000
1717416000000,4,0.00005000
1717430400000,4,0.00005000
1717444800000,4,0.00005000
1717459200000,4,0.00005000
1717473600000,4,0.00005000
1717488000000,4,0.00005000
1717502400001,4,0.00005000
1717516800000,4,0.00017420
1717531200000,4,0.00012369
1717545600000,4,0.00005000
1717560000000,4,0.00015230
1717574400000,4,0.00005000
1717588800001,4,0.00005000
1717603200000,4,0.00005000
1717617600000,4,0.00011599
1717632000000,4,0.00007937
1717646400000,4,0.00005000
1717660800008,4,0.00005000
1717675200000,4,0.00005000
1717689600000,4,0.00005000
1717704000000,4,0.00005000
1717718400000,4,0.00005000
1717732800002,4,0.00005000
1717747200000,4,0.00005000
1717761600000,4,0.00005000
1717776000000,4,0.00005000
1717790400000,4,-0.00035611
1717804800000,4,-0.00016316
1717819200000,4,-0.00009243
1717833600000,4,0.00005000
1717848000000,4,0.00005000
1717862400000,4,0.00005000
1717876800000,4,0.00005000
1717891200000,4,0.00005000
1717905600000,4,0.00005000
1717920000000,4,0.00005000
1717934400000,4,0.00005000
1717948800001,4,0.00005000
1717963200000,4,0.00005000
1717977600000,4,0.00005000
1717992000000,4,0.00005000
1718006400000,4,0.00005000
1718020800000,4,0.00005000
1718035200001,4,0.00005000
1718049600000,4,0.00005000
1718064000001,4,0.00005000
1718078400000,4,0.00005000
1718092800000,4,0.00005000
1718107200001,4,0.00005000
1718121600000,4,0.00005000
1718136000000,4,0.00005000
1718150400000,4,-0.00003243
1718164800000,4,0.00005000
1718179200000,4,-0.00007887
1718193600001,4,0.00005000
1718208000000,4,-0.00024604
1718222400000,4,0.00005000
1718236800000,4,-0.00011138
1718251200000,4,0.00005000
1718265600001,4,0.00005000
1718280000000,4,0.00005000
1718294400000,4,0.00005000
1718308800000,4,0.00005000
1718323200000,4,0.00005000
1718337600000,4,0.00005000
1718352000000,4,0.00004028
1718366400001,4,0.00005000
1718380800000,4,0.00005000
1718395200000,4,-0.00003032
1718409600000,4,-0.00003529
1718424000000,4,-0.00005716
1718438400000,4,-0.00014097
1718452800000,4,-0.00011723
1718467200000,4,-0.00005047
1718481600000,4,-0.00015115
1718496000001,4,-0.00017329
1718510400000,4,-0.00014243
1718524800000,4,-0.00021989
1718539200000,4,-0.00001761
1718553600000,4,-0.00009330
1718568000000,4,-0.00004442
1718582400000,4,0.00000407
1718596800000,4,0.00005000
1718611200000,4,0.00003317
1718625600000,4,0.00005000
1718640000000,4,0.00005000
1718654400000,4,0.00005000
1718668800000,4,0.00005000
1718683200000,4,0.00005000
1718697600000,4,0.00005000
1718712000000,4,0.00005000
1718726400000,4,0.00005000
1718740800000,4,0.00005000
1718755200001,4,0.00005000
1718769600000,4,-0.00001197
1718784000001,4,0.00005000
1718798400000,4,0.00005000
1718812800000,4,0.00005000
1718827200000,4,-0.00002867
1718841600000,4,0.00001700
1718856000001,4,0.00000529
1718870400000,4,0.00005000
1718884800000,4,0.00005000
1718899200000,4,0.00005000
1718913600000,4,0.00005000
1718928000000,4,0.00005000
1718942400001,4,0.00005000
1718956800000,4,0.00005000
1718971200001,4,0.00005000
1718985600000,4,0.00005000
1719000000000,4,0.00005000
1719014400000,4,0.00005000
1719028800000,4,0.00005000
1719043200000,4,0.00005000
1719057600001,4,0.00005000
1719072000000,4,0.00005000
1719086400000,4,0.00005000
1719100800000,4,0.00005000
1719115200000,4,0.00005000
1719129600000,4,0.00005000
1719144000000,4,0.00005000
1719158400000,4,0.00005000
1719172800000,4,0.00005000
1719187200002,4,0.00005000
1719201600000,4,0.00005000
1719216000000,4,0.00005000
1719230400001,4,0.00005000
1719244800000,4,-0.00000663
1719259200000,4,0.00005000
1719273600000,4,0.00005000
1719288000000,4,0.00005000
1719302400000,4,0.00003795
1719316800007,4,0.00005000
1719331200000,4,0.00005000
1719345600004,4,0.00005000
1719360000002,4,0.00005000
1719374400000,4,0.00005000
1719388800000,4,0.00005000
1719403200002,4,0.00005000
1719417600000,4,0.00005000
1719432000000,4,0.00005000
1719446400000,4,0.00005000
1719460800000,4,0.00005000
1719475200001,4,0.00005000
1719489600000,4,0.00005000
1719504000000,4,0.00005000
1719518400000,4,0.00005000
1719532800000,4,-0.00000652
1719547200000,4,0.00005000
1719561600000,4,0.00005000
1719576000000,4,-0.00005565
1719590400000,4,0.00005000
1719604800000,4,0.00004599
1719619200001,4,0.00005000
1719633600000,4,-0.00002746
1719648000000,4,0.00005000
1719662400000,4,0.00005000
1719676800000,4,0.00005000
1719691200000,4,0.00003664
1719705600000,4,-0.00007293
1719720000000,4,0.00003793
1719734400000,4,0.00001436
1719748800000,4,0.00000965
1719763200000,4,0.00005000
1719777600004,4,0.00004387
1719792000000,4,-0.00008502
1719806400001,4,0.00005000
1719820800000,4,0.00000442
1719835200000,4,0.00005000
1719849600001,4,0.00005000
1719864000000,4,0.00005000
1719878400000,4,-0.00025012
1719892800001,4,-0.00005940
1719907200000,4,-0.00011713
1719921600000,4,-0.00012025
1719936000000,4,-0.00008127
1719950400000,4,-0.00004723
1719964800000,4,0.00002821
1719979200000,4,0.00005000
1719993600001,4,0.00005000
1720008000001,4,0.00005000
1720022400000,4,0.00005000
1720036800000,4,0.00005000
1720051200000,4,0.00005000
1720065600000,4,0.00005000
1720080000000,4,0.00005000
1720094400000,4,0.00005000
1720108800000,4,0.00005000
1720123200000,4,0.00005000
1720137600000,4,0.00005000
1720152000000,4,0.00005000
1720166400000,4,0.00005000
1720180800001,4,0.00004466
1720195200000,4,-0.00014438
1720209600001,4,-0.00009380
1720224000000,4,-0.00010303
1720238400003,4,-0.00016218
1720252800000,4,-0.00012489
1720267200000,4,-0.00015382
1720281600000,4,-0.00021045
1720296000000,4,-0.00023421
1720310400001,4,-0.00013434
1720324800000,4,-0.00002705
1720339200000,4,0.00005000
1720353600000,4,-0.00004661
1720368000000,4,0.00005000
1720382400000,4,0.00005000
1720396800000,4,0.00005000
1720411200000,4,0.00005000
1720425600000,4,-0.00006543
1720440000000,4,0.00005000
1720454400000,4,-0.00001172
1720468800000,4,-0.00016872
1720483200000,4,-0.00057029
1720497600000,4,-0.00077634
1720512000001,4,-0.00025460
1720526400000,4,0.00002852
1720540800000,4,0.00004976
1720555200000,4,0.00005000
1720569600000,4,-0.00002431
1720584000000,4,-0.00000831
1720598400000,4,-0.00012290
1720612800000,4,0.00001943
1720627200000,4,0.00005000
1720641600002,4,-0.00017304
1720656000002,4,-0.00017012
1720670400000,4,-0.00031705
1720684800002,4,0.00001803
1720699200000,4,-0.00000129
1720713600004,4,-0.00009071
1720728000000,4,-0.00013307
1720742400000,4,0.00005000
1720756800003,4,0.00005000
1720771200000,4,0.00005000
1720785600000,4,0.00003698
1720800000000,4,-0.00012397
1720814400000,4,-0.00004650
1720828800000,4,-0.00020167
1720843200001,4,-0.00005687
1720857600000,4,-0.00030829
1720872000000,4,-0.00031560
1720886400000,4,-0.00013796
1720900800000,4,-0.00006513
1720915200000,4,-0.00008113
1720929600001,4,-0.00004749
1720944000000,4,-0.00031286
1720958400000,4,-0.00039264
1720972800000,4,-0.00041061
1720987200000,4,-0.00032028
1721001600000,4,-0.00002924
1721016000000,4,-0.00062747
1721030400000,4,-0.00020925
1721044800000,4,-0.00000481
1721059200000,4,-0.00013344
1721073600000,4,-0.00050308
1721088000000,4,-0.00013862
1721102400001,4,-0.00010405
1721116800000,4,0.00005000
1721131200000,4,-0.00034138
1721145600000,4,-0.00010782
1721160000000,4,-0.00019593
1721174400000,4,-0.00003601
1721188800000,4,-0.00008362
1721203200001,4,-0.00050989
1721217600000,4,-0.00035427
1721232000000,4,-0.00209598
1721246400000,4,-0.00100123
1721260800000,4,-0.00167537
1721275200001,4,-0.00318454
1721289600000,4,0.00005000
1721304000000,4,0.00005000
1721318400000,4,0.00005000
1721332800000,4,0.00005000
1721347200000,4,0.00005000
1721361600000,4,0.00005000
1721376000000,4,0.00005000
1721390400000,4,0.00005000
1721404800000,4,0.00005000
1721419200000,4,0.00005000
1721433600001,4,0.00005000
1721448000000,4,0.00005000
1721462400000,4,0.00005000
1721476800000,4,0.00005000
1721491200000,4,0.00005000
1721505600000,4,0.00005000
1721520000000,4,0.00005000
1721534400000,4,0.00005000
1721548800000,4,0.00005000
1721563200000,4,0.00005000
1721577600000,4,0.00005000
1721592000000,4,0.00005000
1721606400000,4,0.00005000
1721620800000,4,0.00005000
1721635200000,4,0.00005000
1721649600000,4,0.00005000
1721664000000,4,0.00005000
1721678400000,4,0.00004651
1721692800000,4,0.00005000
1721707200000,4,0.00005000
1721721600000,4,0.00005000
1721736000000,4,0.00005000
1721750400000,4,-0.00008466
1721764800000,4,-0.00004302
1721779200000,4,0.00002114
1721793600000,4,-0.00007027
1721808000000,4,-0.00010826
1721822400000,4,-0.00012674
1721836800000,4,-0.00022703
1721851200000,4,-0.00018719
1721865600000,4,-0.00021063
1721880000000,4,-0.00016374
1721894400000,4,-0.00013175
1721908800001,4,0.00000579
1721923200000,4,-0.00009871
1721937600001,4,-0.00001543
1721952000000,4,0.00001054
1721966400000,4,-0.00018776
1721980800000,4,-0.00003830
1721995200000,4,0.00005000
1722009600000,4,0.00005000
1722024000000,4,0.00005000
1722038400000,4,0.00005000
1722052800000,4,0.00005000
1722067200000,4,0.00005000
1722081600000,4,0.00005000
1722096000000,4,0.00005000
1722110400000,4,0.00005000
1722124800000,4,0.00005000
1722139200000,4,0.00005000
1722153600000,4,0.00005000
1722168000000,4,0.00005000
1722182400001,4,0.00005000
1722196800000,4,0.00005000
1722211200001,4,0.00005000
1722225600001,4,0.00005000
1722240000000,4,0.00005000
1722254400000,4,0.00005000
1722268800001,4,0.00005000
1722283200000,4,0.00005000
1722297600000,4,0.00005000
1722312000000,4,0.00005000
1722326400001,4,0.00005000
1722340800000,4,0.00005000
1722355200000,4,0.00005000
1722369600000,4,0.00005000
1722384000000,4,0.00005000
1722398400000,4,0.00005000
1722412800000,4,0.00005000
1722427200000,4,0.00005000
1722441600000,4,0.00005000
1722456000000,4,0.00005000
1722470400000,4,0.00005000
1722484800000,4,0.00005000
1722499200000,4,0.00001351
1722513600000,4,0.00005000
1722528000000,4,0.00005000
1722542400001,4,0.00000160
1722556800000,4,0.00005000
1722571200000,4,0.00005000
1722585600001,4,0.00005000
1722600000000,4,0.00005000
1722614400000,4,0.00005000
1722628800000,4,0.00005000
1722643200000,4,0.00005000
1722657600000,4,0.00001941
1722672000000,4,0.00002381
1722686400000,4,0.00004476
1722700800001,4,0.00005000
1722715200000,4,0.00005000
1722729600000,4,-0.00004489
1722744000000,4,0.00001490
1722758400000,4,0.00005000
1722772800000,4,0.00005000
1722787200000,4,-0.00004252
1722801600000,4,-0.00011395
1722816000000,4,-0.00016788
1722830400000,4,-0.00010171
1722844800000,4,0.00003217
1722859200000,4,0.00001181
1722873600000,4,-0.00005685
1722888000000,4,-0.00000789
1722902400000,4,0.00000326
1722916800001,4,-0.00009512
1722931200000,4,-0.00009884
1722945600000,4,0.00005000
1722960000000,4,0.00005000
1722974400000,4,0.00005000
1722988800000,4,0.00005000
1723003200000,4,0.00000543
1723017600001,4,0.00003007
1723032000000,4,-0.00014615
1723046400000,4,0.00005000
1723060800000,4,0.00005000
1723075200001,4,0.00005000
1723089600000,4,0.00005000
1723104000000,4,0.00005000
1723118400000,4,0.00005000
1723132800000,4,-0.00000241
1723147200000,4,-0.00007302
1723161600000,4,-0.00007263
1723176000000,4,0.00000428
1723190400000,4,0.00005000
1723204800000,4,0.00005000
1723219200000,4,0.00005000
1723233600001,4,-0.00004193
1723248000000,4,-0.00003038
1723262400000,4,-0.00010351
1723276800000,4,-0.00002809
1723291200000,4,-0.00000212
1723305600000,4,-0.00018379
1723320000001,4,0.00005000
1723334400000,4,0.00002617
1723348800000,4,-0.00001233
1723363200000,4,-0.00007775
1723377600000,4,-0.00003772
1723392000001,4,0.00005000
1723406400000,4,0.00005000
1723420800000,4,0.00005000
1723435200000,4,0.00005000
1723449600000,4,0.00001825
1723464000000,4,0.00001139
1723478400000,4,0.00005000
1723492800000,4,0.00005000
1723507200000,4,0.00005000
1723521600001,4,0.00005000
1723536000000,4,0.00005000
1723550400000,4,0.00005000
1723564800000,4,0.00003591
1723579200000,4,0.00005000
1723593600000,4,0.00005000
1723608000000,4,-0.00004642
1723622400000,4,0.00005000
1723636800000,4,0.00005000
1723651200000,4,0.00005000
1723665600000,4,0.00005000
1723680000000,4,0.00005000
1723694400000,4,0.00005000
1723708800000,4,0.00005000
1723723200000,4,0.00000738
1723737600000,4,0.00005000
1723752000000,4,0.00001067
1723766400000,4,0.00005000
1723780800001,4,0.00004569
1723795200000,4,-0.00002049
1723809600000,4,0.00005000
1723824000000,4,0.00001227
1723838400000,4,0.00004957
1723852800000,4,-0.00010002
1723867200000,4,0.00005000
1723881600000,4,0.00005000
1723896000000,4,0.00005000
1723910400000,4,0.00000936
1723924800000,4,0.00005000
1723939200000,4,-0.00005154
1723953600001,4,0.00005000
1723968000000,4,0.00005000
1723982400000,4,0.00005000
1723996800000,4,0.00005000
1724011200000,4,0.00005000
1724025600000,4,0.00005000
1724040000000,4,0.00005000
1724054400000,4,-4.9E-7
1724068800000,4,-0.00001471
1724083200002,4,0.00001304
1724097600001,4,0.00005000
1724112000000,4,0.00005000
1724126400000,4,0.00005000
1724140800000,4,0.00005000
1724155200000,4,0.00005000
1724169600001,4,0.00005000
1724184000000,4,0.00005000
1724198400001,4,0.00005000
1724212800001,4,0.00005000
1724227200000,4,0.00005000
1724241600000,4,0.00005000
1724256000001,4,0.00005000
1724270400001,4,0.00005000
1724284800000,4,0.00005000
1724299200000,4,0.00005000
1724313600000,4,0.00005000
1724328000001,4,0.00000959
1724342400008,4,0.00005000
1724356800000,4,0.00005000
1724371200000,4,0.00005000
1724385600000,4,0.00005000
1724400000000,4,-0.00007653
1724414400001,4,0.00005000
1724428800000,4,0.00005000
1724443200000,4,0.00005000
1724457600000,4,0.00005000
1724472000000,4,0.00004721
1724486400005,4,0.00005000
1724500800000,4,0.00005000
1724515200000,4,0.00005000
1724529600000,4,0.00005000
1724544000000,4,0.00005000
1724558400001,4,0.00005000
1724572800000,4,0.00005000
1724587200001,4,0.00005000
1724601600000,4,0.00001688
1724616000001,4,0.00005000
1724630400000,4,-0.00003271
1724644800000,4,0.00005000
1724659200001,4,0.00005000
1724673600001,4,0.00005000
1724688000000,4,0.00005000
1724702400001,4,0.00005000
1724716800001,4,-0.00006612
1724731200000,4,0.00005000
1724745600000,4,0.00005000
1724760000000,4,0.00005000
1724774400000,4,0.00000508
1724788800000,4,-0.00011345
1724803200000,4,-0.00007145
1724817600000,4,0.00005000
1724832000000,4,0.00005000
1724846400000,4,-0.00010031
1724860800001,4,-0.00001989
1724875200000,4,-0.00003444
1724889600000,4,0.00000406
1724904000000,4,-0.00001699
1724918400001,4,0.00005000
1724932800001,4,0.00004098
1724947200000,4,0.00005000
1724961600000,4,0.00005000
1724976000000,4,0.00005000
1724990400000,4,0.00003029
1725004800000,4,0.00005000
1725019200001,4,0.00005000
1725033600000,4,-0.00007182
1725048000000,4,-0.00007237
1725062400000,4,0.00005000
1725076800002,4,0.00005000
1725091200000,4,0.00005000
1725105600004,4,0.00005000
1725120000000,4,0.00005000
1725134400001,4,0.00005000
1725148800000,4,-0.00004224
1725163200000,4,0.00003393
1725177600001,4,0.00005000
1725192000000,4,0.00005000
1725206400000,4,0.00005000
1725220800000,4,0.00002023
1725235200001,4,-0.00004277
1725249600001,4,0.00005000
1725264000001,4,-0.00001510
1725278400000,4,-0.00000501
1725292800000,4,0.00001018
1725307200000,4,0.00005000
1725321600000,4,-0.00010144
1725336000000,4,0.00005000
1725350400001,4,0.00005000
1725364800000,4,0.00005000
1725379200000,4,0.00005000
1725393600000,4,0.00001987
1725408000000,4,-0.00001209
1725422400000,4,0.00003179
1725436800000,4,-0.00007159
1725451200000,4,-0.00000756
1725465600000,4,0.00005000
1725480000001,4,0.00005000
1725494400000,4,0.00005000
1725508800002,4,-0.00007922
1725523200000,4,-0.00009233
1725537600000,4,0.00005000
1725552000005,4,0.00000207
1725566400000,4,-0.00010531
1725580800000,4,0.00004363
1725595200001,4,-0.00009576
1725609600001,4,0.00005000
1725624000009,4,0.00005000
1725638400000,4,0.00005000
1725652800000,4,0.00003612
1725667200000,4,-0.00012340
1725681600000,4,-0.00009355
1725696000000,4,0.00005000
1725710400000,4,0.00005000
1725724800000,4,-0.00000430
1725739200000,4,0.00005000
1725753600000,4,-0.00003649
1725768000000,4,0.00005000
1725782400000,4,0.00005000
1725796800000,4,0.00005000
1725811200000,4,0.00005000
1725825600000,4,-0.00014429
1725840000000,4,0.00005000
1725854400000,4,0.00003690
1725868800000,4,0.00005000
1725883200000,4,0.00003495
1725897600001,4,0.00005000
1725912000000,4,0.00005000
1725926400000,4,0.00004086
1725940800000,4,0.00005000
1725955200000,4,0.00005000
1725969600000,4,0.00005000
1725984000000,4,0.00005000
1725998400000,4,0.00005000
1726012800000,4,0.00005000
1726027200000,4,0.00005000
1726041600000,4,0.00005000
1726056000000,4,0.00001911
1726070400000,4,-0.00014370
1726084800000,4,0.00005000
1726099200000,4,0.00005000
1726113600001,4,0.00005000
1726128000000,4,0.00005000
1726142400000,4,0.00005000
1726156800000,4,0.00005000
1726171200000,4,0.00005000
1726185600000,4,0.00005000
1726200000000,4,0.00005000
1726214400001,4,0.00005000
1726228800000,4,0.00001927
1726243200001,4,0.00005000
1726257600000,4,0.00005000
1726272000000,4,0.00005000
1726286400000,4,0.00005000
1726300800000,4,0.00005000
1726315200000,4,0.00005000
1726329600001,4,0.00005000
1726344000000,4,0.00005000
1726358400000,4,0.00005000
1726372800000,4,-0.00001926
1726387200000,4,0.00005000
1726401600000,4,-0.00002862
1726416000000,4,-0.00010472
1726430400000,4,0.00003650
1726444800000,4,-0.00007798
1726459200000,4,0.00005000
1726473600001,4,0.00005000
1726488000000,4,-0.00013179
1726502400000,4,0.00005000
1726516800000,4,0.00005000
1726531200001,4,-0.00000747
1726545600000,4,0.00005000
1726560000000,4,0.00001270
1726574400000,4,0.00004927
1726588800000,4,0.00005000
1726603200000,4,0.00005000
1726617600000,4,0.00005000
1726632000000,4,-0.00005537
1726646400000,4,0.00005000
1726660800000,4,0.00005000
1726675200004,4,0.00004474
1726689600000,4,0.00001021
1726704000000,4,-8.6E-7
1726718400000,4,-0.00006268
1726732800000,4,0.00005000
1726747200000,4,0.00005000
1726761600001,4,0.00005000
1726776000001,4,-0.00002265
1726790400000,4,0.00005000
1726804800000,4,0.00005000
1726819200001,4,0.00005000
1726833600000,4,0.00005000
1726848000000,4,0.00005000
1726862400001,4,0.00005000
1726876800001,4,0.00005000
1726891200000,4,0.00005000
1726905600000,4,0.00005000
1726920000000,4,0.00002696
1726934400000,4,0.00001784
1726948800000,4,0.00001537
1726963200000,4,0.00005000
1726977600000,4,-0.00007802
1726992000000,4,0.00002844
1727006400000,4,0.00002094
1727020800000,4,0.00005000
1727035200000,4,-0.00003060
1727049600000,4,-0.00000396
1727064000000,4,-0.00008971
1727078400000,4,0.00002783
1727092800001,4,-0.00003137
1727107200000,4,0.00001442
1727121600001,4,0.00005000
1727136000000,4,0.00005000
1727150400000,4,0.00005000
1727164800000,4,0.00005000
1727179200001,4,0.00002215
1727193600001,4,0.00005000
1727208000006,4,0.00004897
1727222400000,4,-0.00000753
1727236800015,4,0.00000789
1727251200003,4,-0.00013319
1727265600002,4,-0.00007742
1727280000000,4,-0.00008422
1727294400000,4,0.00002214
1727308800005,4,0.00000801
1727323200000,4,0.00005000
1727337600000,4,0.00005000
1727352000005,4,0.00005000
1727366400000,4,0.00005000
1727380800000,4,0.00005000
1727395200000,4,0.00005000
1727409600000,4,0.00005000
1727424000000,4,0.00005000
1727438400000,4,0.00005000
1727452800000,4,0.00005000
1727467200000,4,0.00005000
1727481600000,4,0.00005000
1727496000001,4,0.00005000
1727510400001,4,0.00005000
1727524800000,4,0.00005000
1727539200000,4,0.00005000
1727553600000,4,0.00005000
1727568000001,4,0.00005000
1727582400000,4,0.00005000
1727596800000,4,0.00005000
1727611200000,4,0.00005000
1727625600000,4,0.00005000
1727640000000,4,0.00005000
1727654400000,4,0.00005000
1727668800001,4,0.00005000
1727683200001,4,0.00005000
1727697600000,4,0.00005000
1727712000000,4,0.00005000
1727726400000,4,0.00005000
1727740800000,4,0.00005000
1727755200001,4,0.00005000
1727769600000,4,0.00001175
1727784000000,4,0.00005000
1727798400001,4,-0.00013326
1727812800000,4,-0.00006089
1727827200000,4,0.00004968
1727841600000,4,-0.00020962
1727856000000,4,-0.00009513
1727870400000,4,0.00005000
1727884800000,4,0.00005000
1727899200000,4,-0.00018002
1727913600000,4,-0.00017956
1727928000000,4,-0.00003358
1727942400000,4,-0.00014949
1727956800000,4,0.00005000
1727971200000,4,0.00005000
1727985600000,4,-0.00003588
1728000000000,4,0.00000739
1728014400000,4,0.00002149
1728028800000,4,-0.00000186
1728043200000,4,0.00005000
1728057600001,4,0.00005000
1728072000000,4,0.00005000
1728086400000,4,0.00005000
1728100800000,4,-0.00004764
1728115200000,4,0.00005000
1728129600000,4,0.00005000
1728144000000,4,0.00005000
1728158400000,4,0.00005000
1728172800000,4,0.00005000
1728187200001,4,0.00005000
1728201600001,4,0.00005000
1728216000000,4,0.00005000
1728230400000,4,0.00005000
1728244800000,4,0.00005000
1728259200000,4,0.00005000
1728273600000,4,0.00005000
1728288000000,4,0.00005000
1728302400000,4,0.00005000
1728316800001,4,0.00005000
1728331200000,4,0.00005000
1728345600000,4,0.00005000
1728360000000,4,0.00005000
1728374400000,4,0.00005000
1728388800000,4,0.00005000
1728403200000,4,0.00005000
1728417600000,4,0.00005000
1728432000000,4,0.00005000
1728446400000,4,0.00005000
1728460800000,4,0.00005000
1728475200000,4,0.00005000
1728489600000,4,0.00005000
1728504000000,4,0.00005000
1728518400000,4,0.00002516
1728532800000,4,-0.00001321
1728547200000,4,0.00002617
1728561600000,4,0.00005000
1728576000000,4,0.00003912
1728590400000,4,0.00004304
1728604800000,4,0.00003029
1728619200000,4,-0.00008142
1728633600000,4,0.00005000
1728648000000,4,0.00003439
1728662400001,4,0.00005000
1728676800000,4,0.00005000
1728691200000,4,0.00005000
1728705600001,4,0.00005000
1728720000001,4,0.00005000
1728734400000,4,0.00005000
1728748800000,4,0.00005000
1728763200000,4,0.00005000
1728777600000,4,0.00005000
1728792000001,4,0.00005000
1728806400000,4,0.00005000
1728820800000,4,0.00005000
1728835200000,4,0.00005000
1728849600000,4,0.00005000
1728864000000,4,0.00005000
1728878400000,4,0.00005000
1728892800000,4,0.00005000
1728907200000,4,0.00005000
1728921600000,4,0.00005000
1728936000000,4,0.00005000
1728950400000,4,0.00005000
1728964800000,4,0.00005000
1728979200000,4,0.00005000
1728993600000,4,0.00005000
1729008000000,4,0.00005000
1729022400000,4,0.00005000
1729036800000,4,0.00005000
1729051200000,4,0.00005000
1729065600001,4,0.00005000
1729080000000,4,0.00005000
1729094400000,4,0.00005000
1729108800000,4,0.00005000
1729123200000,4,0.00005000
1729137600001,4,0.00005000
1729152000000,4,0.00005000
1729166400000,4,0.00005000
1729180800001,4,0.00005000
1729195200007,4,0.00005000
1729209600010,4,0.00005000
1729224000000,4,0.00005000
1729238400001,4,0.00005000
1729252800000,4,0.00005000
1729267200000,4,0.00005000
1729281600000,4,0.00005000
1729296000000,4,0.00005000
1729310400000,4,0.00005000
1729324800000,4,0.00005000
1729339200000,4,0.00005000
1729353600000,4,0.00005000
1729368000000,4,0.00005000
1729382400000,4,0.00005000
1729396800000,4,0.00005000
1729411200000,4,0.00005000
1729425600000,4,0.00005000
1729440000000,4,0.00005000
1729454400000,4,0.00005000
1729468800000,4,0.00005000
1729483200000,4,0.00005000
1729497600000,4,0.00005000
1729512000000,4,0.00005000
1729526400000,4,0.00005000
1729540800000,4,0.00005000
1729555200000,4,0.00005000
1729569600000,4,0.00005000
1729584000000,4,0.00005000
1729598400000,4,0.00005000
1729612800000,4,0.00005000
1729627200000,4,0.00005000
1729641600000,4,0.00005000
1729656000000,4,0.00005000
1729670400000,4,0.00005000
1729684800000,4,0.00005000
1729699200000,4,0.00005000
1729713600001,4,0.00005000
1729728000000,4,0.00005000
1729742400001,4,0.00005000
1729756800000,4,0.00005000
1729771200000,4,0.00005000
1729785600000,4,0.00005000
1729800000000,4,0.00005000
1729814400000,4,0.00005000
1729828800001,4,0.00005000
1729843200000,4,0.00005000
1729857600000,4,0.00005000
1729872000000,4,0.00005000
1729886400000,4,0.00005000
1729900800000,4,0.00005000
1729915200001,4,-0.00004583
1729929600001,4,-0.00001977
1729944000000,4,0.00003908
1729958400000,4,0.00000883
1729972800001,4,0.00005000
1729987200000,4,0.00005000
1730001600000,4,0.00005000
1730016000000,4,0.00005000
1730030400000,4,0.00005000
1730044800000,4,0.00005000
1730059200000,4,0.00005000
1730073600000,4,0.00005000
1730088000000,4,0.00005000
1730102400001,4,0.00005000
1730116800001,4,0.00005000
1730131200000,4,0.00005000
1730145600000,4,0.00005000
1730160000000,4,0.00005000
1730174400000,4,0.00005000
1730188800000,4,0.00005000
1730203200001,4,0.00005000
1730217600004,4,0.00005000
1730232000000,4,0.00005000
1730246400000,4,0.00005000
1730260800000,4,0.00005000
1730275200000,4,0.00005000
1730289600006,4,0.00005000
1730304000013,4,0.00005000
1730318400000,4,0.00005000
1730332800000,4,0.00005000
1730347200000,4,0.00005000
1730361600000,4,0.00005000
1730376000000,4,0.00005000
1730390400000,4,0.00005000
1730404800000,4,0.00005000
1730419200000,4,0.00005000
1730433600000,4,0.00005000
1730448000000,4,0.00005000
1730462400000,4,0.00005000
1730476800000,4,0.00005000
1730491200001,4,0.00005000
1730505600000,4,0.00005000
1730520000000,4,0.00005000
1730534400000,4,0.00005000
1730548800000,4,0.00005000
1730563200000,4,0.00005000
1730577600001,4,0.00005000
1730592000000,4,0.00005000
1730606400000,4,0.00005000
1730620800000,4,0.00005000
1730635200000,4,0.00001131
1730649600000,4,0.00005000
1730664000000,4,0.00005000
1730678400000,4,0.00005000
1730692800000,4,-0.00012058
1730707200000,4,0.00005000
1730721600000,4,0.00005000
1730736000000,4,0.00005000
1730750400000,4,0.00005000
1730764800000,4,0.00005000
1730779200000,4,0.00003981
1730793600003,4,0.00005000
1730808000001,4,0.00005000
1730822400001,4,0.00005000
1730836800000,4,0.00005000
1730851200000,4,0.00005000
1730865600000,4,0.00005000
1730880000000,4,0.00005000
1730894400001,4,0.00005000
1730908800000,4,0.00005000
1730923200001,4,0.00005000
1730937600000,4,0.00005000
1730952000000,4,0.00005000
1730966400000,4,0.00005000
1730980800000,4,0.00005000
1730995200000,4,0.00005000
1731009600000,4,0.00005000
1731024000000,4,0.00005000
1731038400000,4,0.00005000
1731052800000,4,0.00005000
1731067200000,4,0.00005000
1731081600000,4,0.00005000
1731096000000,4,0.00005000
1731110400000,4,0.00005000
1731124800000,4,0.00005000
1731139200000,4,0.00005000
1731153600000,4,0.00005000
1731168000000,4,0.00005000
1731182400000,4,0.00005000
1731196800000,4,0.00005000
1731211200000,4,0.00005000
1731225600000,4,0.00020206
1731240000000,4,0.00009719
1731254400000,4,0.00016376
1731268800000,4,0.00008784
1731283200001,4,0.00011410
1731297600000,4,0.00007181
1731312000000,4,0.00009618
1731326400000,4,0.00011984
1731340800000,4,0.00008950
1731355200000,4,0.00005000
1731369600002,4,0.00013334
1731384000000,4,0.00022743
1731398400000,4,0.00027365
1731412800000,4,0.00016458
1731427200000,4,0.00007191
1731441600000,4,0.00006112
1731456000000,4,0.00022470
1731470400000,4,0.00005000
1731484800010,4,0.00005000
1731499200001,4,0.00005000
1731513600000,4,0.00014247
1731528000000,4,0.00021525
1731542400001,4,0.00010987
1731556800000,4,0.00014647
1731571200000,4,0.00007080
1731585600001,4,0.00011466
1731600000000,4,0.00005000
1731614400000,4,0.00005000
1731628800000,4,0.00005000
1731643200001,4,0.00005000
1731657600000,4,0.00005000
1731672000000,4,0.00005000
1731686400000,4,0.00005000
1731700800000,4,0.00005000
1731715200001,4,0.00005000
1731729600001,4,0.00005000
1731744000001,4,0.00005065
1731758400000,4,0.00005000
1731772800000,4,0.00005000
1731787200000,4,0.00005000
1731801600000,4,0.00005000
1731816000000,4,0.00008289
1731830400000,4,0.00024390
1731844800000,4,0.00005000
1731859200001,4,0.00019337
1731873600001,4,0.00013244
1731888000000,4,0.00005000
1731902400000,4,0.00005000
1731916800000,4,0.00022848
1731931200000,4,0.00020970
1731945600000,4,0.00005000
1731960000000,4,0.00012850
1731974400000,4,0.00018929
1731988800000,4,0.00005000
1732003200000,4,0.00017152
1732017600000,4,0.00008616
1732032000000,4,0.00005000
1732046400001,4,0.00005000
1732060800003,4,0.00005000
1732075200000,4,0.00005000
1732089600000,4,0.00005000
1732104000000,4,0.00005000
1732118400000,4,0.00005000
1732132800000,4,0.00005000
1732147200001,4,0.00005000
1732161600000,4,0.00005000
1732176000000,4,0.00005000
1732190400000,4,0.00005000
1732204800001,4,0.00005000
1732219200000,4,0.00005000
1732233600000,4,0.00005000
1732248000000,4,0.00006387
1732262400000,4,0.00005000
1732276800000,4,0.00005000
1732291200001,4,0.00005000
1732305600000,4,0.00005000
1732320000000,4,0.00005000
1732334400000,4,0.00005000
1732348800000,4,0.00005000
1732363200000,4,0.00005000
1732377600000,4,0.00005000
1732392000000,4,0.00005000
1732406400001,4,0.00005000
1732420800000,4,0.00005000
1732435200000,4,0.00020470
1732449600000,4,0.00020531
1732464000000,4,0.00018503
1732478400000,4,0.00005000
1732492800000,4,0.00005000
1732507200000,4,0.00008290
1732521600000,4,0.00021924
1732536000008,4,0.00009874
1732550400000,4,0.00011844
1732564800000,4,0.00005000
1732579200000,4,0.00005000
1732593600000,4,0.00005000
1732608000000,4,0.00005000
1732622400000,4,0.00005000
1732636800000,4,0.00005000
1732651200000,4,0.00005000
1732665600000,4,0.00005000
1732680000000,4,0.00009634
1732694400000,4,0.00005000
1732708800000,4,0.00011326
1732723200001,4,0.00005000
1732737600000,4,0.00009028
1732752000000,4,0.00005000
1732766400000,4,0.00019656
1732780800000,4,0.00010349
1732795200000,4,0.00007245
1732809600000,4,0.00013930
1732824000000,4,0.00005168
1732838400000,4,0.00011311
1732852800000,4,0.00008596
1732867200000,4,0.00028794
1732881600000,4,0.00007944
1732896000000,4,0.00005000
1732910400000,4,0.00015917
1732924800000,4,0.00027763
1732939200000,4,0.00012733
1732953600000,4,0.00011997
1732968000001,4,0.00026145
1732982400000,4,0.00024757
1732996800000,4,0.00019764
1733011200000,4,0.00029115
1733025600000,4,0.00023270
1733040000000,4,0.00016517
1733054400000,4,0.00012431
1733068800000,4,0.00012757
1733083200000,4,0.00022047
1733097600001,4,0.00031655
1733112000000,4,0.00026829
1733126400001,4,0.00019279
1733140800000,4,0.00019252
1733155200000,4,0.00018496
1733169600001,4,0.00015540
1733184000000,4,0.00017813
1733198400000,4,0.00038877
1733212800000,4,0.00021954
1733227200001,4,0.00023970
1733241600000,4,0.00017601
1733256000000,4,0.00026575
1733270400000,4,0.00036234
1733284800000,4,0.00022434
1733299200000,4,0.00027931
1733313600000,4,0.00034841
1733328000000,4,0.00017057
1733342400000,4,0.00018008
1733356800001,4,0.00018393
1733371200000,4,0.00021945
1733385600000,4,0.00038601
1733400000000,4,0.00042863
1733414400000,4,0.00043972
1733428800000,4,0.00032168
1733443200000,4,0.00015034
1733457600001,4,0.00044747
1733472000000,4,0.00038900
1733486400001,4,0.00012733
1733500800000,4,0.00008492
1733515200001,4,0.00008486
1733529600000,4,0.00029173
1733544000000,4,0.00013542
1733558400000,4,0.00032612
1733572800000,4,0.00024338
1733587200000,4,0.00022229
1733601600000,4,0.00032315
1733616000000,4,0.00026504
1733630400000,4,0.00030912
1733644800000,4,0.00029033
1733659200001,4,0.00026566
1733673600000,4,0.00016344
1733688000000,4,0.00014922
1733702400000,4,0.00012308
1733716800000,4,0.00020180
1733731200000,4,0.00017426
1733745600000,4,0.00012223
1733760000001,4,0.00005000
1733774400012,4,0.00009963
1733788800007,4,0.00005000
1733803200002,4,0.00005000
1733817600000,4,0.00001034
1733832000000,4,0.00005000
1733846400000,4,0.00005000
1733860800001,4,0.00005000
1733875200000,4,0.00005000
1733889600000,4,0.00005000
1733904000000,4,0.00005000
1733918400000,4,0.00005000
1733932800001,4,0.00005000
1733947200000,4,0.00005000
1733961600001,4,0.00004400
1733976000000,4,0.00005000
1733990400000,4,0.00005000
1734004800000,4,0.00005000
1734019200001,4,0.00005000
1734033600000,4,0.00005000
1734048000000,4,0.00005000
1734062400000,4,0.00005000
1734076800000,4,0.00005000
1734091200000,4,0.00005000
1734105600001,4,0.00005000
1734120000001,4,0.00005000
1734134400000,4,0.00005000
1734148800000,4,0.00005000
1734163200000,4,0.00005000
1734177600000,4,0.00005000
1734192000000,4,0.00005000
1734206400000,4,0.00005000
1734220800000,4,0.00005000
1734235200000,4,0.00005000
1734249600000,4,0.00005000
1734264000000,4,0.00005000
1734278400000,4,0.00005000
1734292800001,4,0.00005000
1734307200000,4,0.00005000
1734321600000,4,0.00005000
1734336000001,4,0.00005000
1734350400000,4,0.00005000
1734364800000,4,0.00005000
1734379200000,4,0.00005000
1734393600000,4,0.00005000
1734408000000,4,0.00005000
1734422400000,4,0.00001417
1734436800000,4,0.00005000
1734451200000,4,0.00005000
1734465600000,4,0.00005000
1734480000000,4,0.00005000
1734494400000,4,0.00002816
1734508800000,4,0.00005000
1734523200000,4,-0.00003944
1734537600000,4,-0.00002771
1734552000000,4,0.00001018
1734566400000,4,0.00005000
1734580800000,4,0.00005000
1734595200000,4,0.00005000
1734609600000,4,0.00002725
1734624000000,4,0.00005000
1734638400000,4,0.00003615
1734652800000,4,-0.00008847
1734667200001,4,-0.00005944
1734681600001,4,0.00005000
1734696000000,4,0.00003451
1734710400014,4,-0.00020381
1734724800000,4,-0.00015194
1734739200000,4,0.00001578
1734753600000,4,-0.00002516
1734768000000,4,0.00002681
1734782400000,4,0.00005000
1734796800001,4,0.00005000
1734811200000,4,0.00005000
1734825600000,4,0.00005000
1734840000000,4,0.00005000
1734854400000,4,0.00005000
1734868800000,4,-7.8E-7
1734883200000,4,0.00005000
1734897600000,4,0.00003659
1734912000000,4,0.00002193
1734926400000,4,0.00005000
1734940800000,4,0.00005000
1734955200000,4,0.00005000
1734969600001,4,-0.00004352
1734984000000,4,0.00005000
1734998400000,4,0.00005000
1735012800000,4,0.00005000
1735027200000,4,0.00005000
1735041600000,4,0.00005000
1735056000001,4,0.00005000
1735070400000,4,0.00005000
1735084800001,4,0.00005000
1735099200001,4,0.00005000
1735113600000,4,0.00005000
1735128000000,4,0.00005000
1735142400000,4,0.00005000
1735156800000,4,0.00005000
1735171200000,4,0.00005000
1735185600001,4,0.00000349
1735200000000,4,0.00005000
1735214400000,4,0.00005000
1735228800000,4,0.00005000
1735243200001,4,0.00000297
1735257600000,4,-0.00007192
1735272000000,4,0.00005000
1735286400000,4,-0.00007757
1735300800000,4,0.00005000
1735315200000,4,0.00005000
1735329600001,4,0.00005000
1735344000001,4,0.00005000
1735358400000,4,0.00005000
1735372800000,4,-0.00015932
1735387200000,4,0.00005000
1735401600000,4,0.00005000
1735416000000,4,0.00005000
1735430400000,4,0.00005000
1735444800000,4,0.00005000
1735459200000,4,0.00005000
1735473600000,4,0.00005000
1735488000000,4,0.00005000
1735502400000,4,0.00005000
1735516800000,4,0.00005000
1735531200001,4,0.00005000
1735545600001,4,0.00005000
1735560000000,4,0.00005000
1735574400000,4,0.00005000
1735588800000,4,0.00005000
1735603200000,4,0.00005000
1735617600000,4,-0.00002183
1735632000000,4,0.00005000
1735646400001,4,-0.00000575
1735660800000,4,0.00005000
1735675200000,4,0.00005000
1735689600015,4,0.00005000
1735704000004,4,0.00005000
1735718400000,4,0.00005000
1735732800002,4,0.00005000
1735747200001,4,0.00005000
1735761600000,4,0.00005000
1735776000000,4,0.00005000
1735790400000,4,0.00005000
1735804800006,4,0.00005000
1735819200007,4,0.00005000
1735833600000,4,0.00005000
1735848000001,4,0.00005000
1735862400000,4,0.00005000
1735876800001,4,0.00005000
1735891200000,4,0.00005000
1735905600000,4,0.00005000
1735920000000,4,0.00005000
1735934400001,4,0.00005000
1735948800000,4,0.00005000
1735963200000,4,0.00005000
1735977600000,4,0.00005000
1735992000000,4,0.00005000
1736006400000,4,0.00005000
1736020800001,4,0.00005000
1736035200000,4,0.00005000
1736049600000,4,0.00005000
1736064000000,4,0.00005000
1736078400000,4,0.00005000
1736092800000,4,0.00005000
1736107200000,4,0.00005000
1736121600000,4,0.00005000
1736136000000,4,0.00005000
1736150400001,4,0.00005000
1736164800000,4,0.00005000
1736179200000,4,0.00005000
1736193600000,4,0.00005000
1736208000000,4,0.00005000
1736222400000,4,0.00005000
1736236800000,4,0.00005000
1736251200001,4,0.00005000
1736265600008,4,0.00005000
1736280000000,4,0.00005000
1736294400001,4,0.00005000
1736308800006,4,0.00005000
1736323200000,4,0.00005000
1736337600000,4,0.00005000
1736352000000,4,0.00005000
1736366400000,4,0.00001979
1736380800000,4,0.00005000
1736395200001,4,0.00003305
1736409600000,4,0.00003425
1736424000000,4,0.00005000
1736438400000,4,0.00005000
1736452800000,4,0.00001657
1736467200000,4,0.00005000
1736481600000,4,-0.00001997
1736496000000,4,0.00005000
1736510400000,4,0.00005000
1736524800000,4,0.00005000
1736539200001,4,0.00005000
1736553600000,4,0.00005000
1736568000000,4,0.00003694
1736582400000,4,0.00005000
1736596800000,4,0.00005000
1736611200000,4,0.00005000
1736625600000,4,0.00005000
1736640000000,4,0.00005000
1736654400000,4,0.00005000
1736668800000,4,0.00005000
1736683200000,4,0.00005000
1736697600000,4,0.00005000
1736712000000,4,0.00005000
1736726400000,4,0.00005000
1736740800000,4,0.00005000
1736755200000,4,0.00005000
1736769600000,4,0.00005000
1736784000000,4,0.00005000
1736798400000,4,0.00005000
1736812800000,4,-0.00005762
1736827200000,4,0.00005000
1736841600000,4,-0.00001175
1736856000000,4,0.00001714
1736870400000,4,0.00005000
1736884800000,4,0.00005000
1736899200000,4,0.00003569
1736913600000,4,0.00005000
1736928000000,4,0.00005000
1736942400000,4,0.00005000
1736956800000,4,0.00005000
1736971200000,4,0.00005000
1736985600000,4,0.00005000
1737000000000,4,0.00005000
1737014400000,4,0.00005000
1737028800000,4,0.00005000
1737043200000,4,0.00005000
1737057600000,4,0.00005000
1737072000004,4,0.00005000
1737086400000,4,0.00005000
1737100800000,4,0.00005000
1737115200013,4,-0.00002566
1737129600008,4,0.00005000
1737144000005,4,0.00005000
1737158400000,4,0.00005000
1737172800003,4,-0.00010699
1737187200007,4,0.00005000
1737201600000,4,0.00005000
1737216000000,4,0.00005000
1737230400000,4,0.00005000
1737244800000,4,0.00005000
1737259200000,4,-0.00014192
1737273600000,4,0.00005000
1737288000000,4,0.00005000
1737302400000,4,0.00005000
1737316800000,4,0.00003097
1737331200000,4,0.00005000
1737345600000,4,0.00000215
1737360000009,4,0.00005000
1737374400002,4,0.00005000
1737388800000,4,0.00005000
1737403200001,4,0.00005000
1737417600000,4,0.00005000
1737432000000,4,0.00005000
1737446400000,4,0.00005000
1737460800000,4,0.00004185
1737475200000,4,0.00005000
1737489600000,4,0.00005000
1737504000000,4,0.00005000
1737518400000,4,0.00005000
1737532800000,4,0.00005000
1737547200000,4,0.00005000
1737561600000,4,0.00005000
1737576000000,4,0.00005000
1737590400001,4,0.00005000
1737604800001,4,0.00005000
1737619200000,4,0.00005000
1737633600000,4,0.00005000
1737648000000,4,0.00005000
1737662400000,4,0.00005000
1737676800000,4,0.00005000
1737691200000,4,0.00005000
1737705600000,4,0.00005000
1737720000001,4,0.00005000
1737734400000,4,0.00005000
1737748800000,4,0.00005000
1737763200000,4,0.00005000
1737777600000,4,0.00005000
1737792000000,4,0.00005000
1737806400000,4,0.00005000
1737820800001,4,0.00005000
1737835200001,4,0.00005000
1737849600000,4,0.00005000
1737864000000,4,0.00005000
1737878400000,4,0.00005000
1737892800000,4,0.00005000
1737907200000,4,0.00005000
1737921600000,4,0.00005000
1737936000000,4,0.00005000
1737950400000,4,0.00005000
1737964800000,4,0.00003388
1737979200001,4,0.00005000
1737993600000,4,0.00005000
1738008000000,4,0.00005000
1738022400000,4,0.00005000
1738036800000,4,0.00005000
1738051200000,4,-0.00000873
1738065600000,4,0.00005000
1738080000000,4,0.00005000
1738094400000,4,0.00005000
1738108800000,4,0.00005000
1738123200001,4,0.00005000
1738137600000,4,0.00005000
1738152000000,4,0.00005000
1738166400000,4,0.00005000
1738180800000,4,0.00005000
1738195200000,4,-0.00020855
1738209600000,4,0.00005000
1738224000000,4,0.00005000
1738238400000,4,0.00005000
1738252800000,4,0.00005000
1738267200000,4,0.00005000
1738281600000,4,0.00005000
1738296000000,4,-0.00005323
1738310400000,4,0.00005000
1738324800001,4,0.00005000
1738339200000,4,0.00005000
1738353600000,4,0.00005000
1738368000000,4,0.00005000
1738382400000,4,0.00005000
1738396800000,4,-0.00003798
1738411200000,4,-0.00003410
1738425600000,4,-0.00009160
1738440000000,4,-0.00007865
1738454400001,4,0.00005000
1738468800000,4,0.00005000
1738483200000,4,-0.00006041
1738497600000,4,0.00003779
1738512000000,4,0.00005000
1738526400000,4,-0.00010723
1738540800000,4,0.00003131
1738555200000,4,-0.00007648
1738569600000,4,-0.00041046
1738584000000,4,-0.00010635
1738598400000,4,-0.00016389
1738612800000,4,0.00005000
1738627200000,4,-0.00014912
1738641600001,4,-0.00009689
1738656000001,4,-0.00044666
1738670400001,4,-0.00021552
1738684800000,4,-0.00036764
1738699200000,4,-0.00041427
1738713600001,4,0.00003254
1738728000000,4,0.00005000
1738742400001,4,-0.00030824
1738756800000,4,-0.00016297
1738771200000,4,-0.00015774
1738785600000,4,-0.00025740
1738800000001,4,-0.00020939
1738814400001,4,-0.00030412
1738828800001,4,-0.00037313
1738843200000,4,0.00000251
1738857600000,4,-0.00003204
1738872000000,4,-0.00014984
1738886400000,4,-0.00016692
1738900800000,4,-0.00004122
1738915200000,4,-0.00000440
1738929600000,4,0.00005000
1738944000000,4,-0.00010026
1738958400000,4,-0.00004358
1738972800000,4,0.00005000
1738987200000,4,0.00005000
1739001600000,4,0.00005000
1739016000000,4,0.00005000
1739030400000,4,0.00001344
1739044800000,4,0.00005000
1739059200000,4,0.00005000
1739073600000,4,-0.00006180
1739088000000,4,0.00005000
1739102400000,4,-0.00001832
1739116800000,4,-0.00005676
1739131200007,4,-0.00011267
1739145600000,4,0.00005000
1739160000000,4,0.00005000
1739174400000,4,-0.00006856
1739188800000,4,-0.00007470
1739203200000,4,-0.00011352
1739217600001,4,-0.00009443
1739232000000,4,0.00005000
1739246400000,4,0.00005000
1739260800000,4,0.00005000
1739275200000,4,0.00003722
1739289600000,4,0.00005000
1739304000000,4,-0.00005991
1739318400000,4,0.00005000
1739332800000,4,0.00005000
1739347200000,4,-0.00003610
1739361600001,4,0.00003143
1739376000001,4,0.00000561
1739390400000,4,0.00005000
1739404800001,4,0.00005000
1739419200000,4,-0.00013779
1739433600000,4,-0.00010143
1739448000000,4,0.00005000
1739462400001,4,0.00004263
1739476800000,4,0.00005000
1739491200000,4,0.00005000
1739505600000,4,0.00005000
1739520000001,4,0.00005000
1739534400000,4,0.00001387
1739548800000,4,0.00005000
1739563200000,4,0.00000835
1739577600000,4,0.00005000
1739592000000,4,0.00005000
1739606400000,4,0.00005000
1739620800000,4,0.00003522
1739635200000,4,-0.00003738
1739649600001,4,-0.00009870
1739664000000,4,-0.00014481
1739678400000,4,0.00005000
1739692800000,4,-0.00008520
1739707200000,4,0.00005000
1739721600000,4,-9.8E-7
1739736000000,4,0.00002248
1739750400000,4,0.00005000
1739764800001,4,0.00005000
1739779200000,4,0.00001284
1739793600004,4,0.00005000
1739808000000,4,-0.00018034
1739822400001,4,0.00005000
1739836800000,4,0.00005000
1739851200000,4,-0.00009802
1739865600000,4,-0.00021905
1739880000000,4,-0.00010060
1739894400000,4,-0.00016161
1739908800000,4,-0.00016190
1739923200000,4,0.00005000
1739937600000,4,-0.00022270
1739952000000,4,0.00000160
1739966400000,4,0.00005000
1739980800000,4,0.00000423
1739995200000,4,0.00005000
1740009600000,4,0.00005000
1740024000000,4,-0.00004953
1740038400000,4,0.00005000
1740052800000,4,0.00005000
1740067200000,4,0.00005000
1740081600000,4,0.00005000
1740096000001,4,0.00005000
1740110400000,4,0.00005000
1740124800000,4,0.00005000
1740139200000,4,0.00000698
1740153600000,4,0.00002829
1740168000000,4,0.00005000
1740182400000,4,-0.00009322
1740196800000,4,-0.00036518
1740211200000,4,-0.00027669
1740225600000,4,-0.00011499
1740240000000,4,0.00005000
1740254400000,4,0.00005000
1740268800000,4,0.00005000
1740283200000,4,0.00000784
1740297600000,4,0.00005000
1740312000000,4,-0.00051141
1740326400000,4,0.00005000
1740340800000,4,-0.00043789
1740355200000,4,-0.00009372
1740369600000,4,-0.00009631
1740384000000,4,-0.00017280
1740398400001,4,0.00005000
1740412800000,4,-0.00017442
1740427200000,4,-0.00035705
1740441600000,4,-0.00009806
1740456000000,4,-0.00039263
1740470400000,4,0.00001698
1740484800000,4,-0.00005355
1740499200000,4,0.00005000
1740513600000,4,0.00005000
1740528000000,4,-0.00030145
1740542400000,4,0.00005000
1740556800000,4,0.00004593
1740571200001,4,-0.00034821
1740585600000,4,0.00005000
1740600000000,4,-0.00014716
1740614400001,4,0.00005000
1740628800001,4,-0.00018349
1740643200000,4,0.00005000
1740657600006,4,0.00005000
1740672000000,4,0.00005000
1740686400001,4,0.00005000
1740700800001,4,0.00005000
1740715200000,4,-0.00029620
1740729600000,4,-0.00012840
1740744000000,4,-0.00022289
1740758400000,4,-0.00004837
1740772800000,4,0.00005000
1740787200000,4,0.00005000
1740801600000,4,0.00005000
1740816000000,4,0.00004561
1740830400001,4,0.00005000
1740844800001,4,0.00002756
1740859200000,4,0.00003506
1740873600000,4,0.00005000
1740888000000,4,0.00005000
1740902400000,4,0.00005000
1740916800000,4,0.00005000
1740931200000,4,0.00002320
1740945600000,4,0.00005000
1740960000001,4,0.00005000
1740974400000,4,0.00005000
1740988800000,4,-0.00001728
1741003200001,4,0.00005000
1741017600000,4,0.00005000
1741032000000,4,-0.00020773
1741046400001,4,-0.00006572
1741060800000,4,-0.00030783
1741075200005,4,-0.00004695
1741089600000,4,-0.00018696
1741104000000,4,0.00005000
1741118400000,4,-0.00014581
1741132800000,4,0.00001448
1741147200000,4,-0.00036181
1741161600000,4,0.00005000
1741176000000,4,0.00002387
1741190400000,4,0.00005000
1741204800000,4,0.00005000
1741219200000,4,0.00005000
1741233600000,4,0.00005000
1741248000001,4,0.00005000
1741262400001,4,0.00005000
1741276800000,4,0.00002986
1741291200000,4,0.00005000
1741305600000,4,-0.00004150
1741320000000,4,0.00005000
1741334400001,4,0.00000495
1741348800000,4,0.00000446
1741363200000,4,0.00005000
1741377600000,4,0.00002353
1741392000000,4,-0.00002121
1741406400000,4,0.00005000
1741420800001,4,-0.00024730
1741435200001,4,0.00005000
1741449600001,4,-0.00063141
1741464000001,4,0.00005000
1741478400001,4,0.00005000
1741492800000,4,-0.00061780
1741507200000,4,0.00005000
1741521600000,4,0.00005000
1741536000000,4,-0.00018054
1741550400000,4,-0.00000379
1741564800000,4,-0.00005645
1741579200000,4,-0.00012260
1741593600000,4,0.00005000
1741608000000,4,0.00005000
1741622400000,4,0.00005000
1741636800000,4,-0.00004357
1741651200000,4,0.00005000
1741665600000,4,-0.00008451
1741680000000,4,-0.00021077
1741694400000,4,0.00005000
1741708800001,4,0.00005000
1741723200001,4,0.00005000
1741737600000,4,-0.00014035
1741752000001,4,-0.00004587
1741766400000,4,-0.00004138
1741780800000,4,-0.00004719
1741795200001,4,0.00005000
1741809600000,4,0.00005000
1741824000000,4,0.00005000
1741838400000,4,0.00005000
1741852800000,4,0.00005000
1741867200000,4,0.00005000
1741881600000,4,-1.3E-7
1741896000000,4,-0.00011088
1741910400000,4,0.00005000
1741924800000,4,0.00005000
1741939200000,4,0.00005000
1741953600000,4,0.00003887
1741968000000,4,0.00002448
1741982400000,4,0.00005000
1741996800000,4,0.00005000
1742011200000,4,0.00003987
1742025600000,4,0.00002258
1742040000000,4,0.00005000
1742054400000,4,0.00001040
1742068800000,4,0.00005000
1742083200000,4,0.00005000
1742097600000,4,0.00005000
1742112000000,4,0.00005000
1742126400000,4,0.00005000
1742140800000,4,-0.00004480
1742155200000,4,0.00005000
1742169600000,4,-0.00002998
1742184000000,4,0.00005000
1742198400000,4,0.00002068
1742212800000,4,0.00005000
1742227200000,4,0.00005000
1742241600000,4,0.00005000
1742256000000,4,0.00004119
1742270400000,4,0.00005000
1742284800000,4,0.00005000
1742299200001,4,-0.00005738
1742313600000,4,-0.00006478
1742328000000,4,0.00005000
1742342400000,4,-0.00003145
1742356800000,4,-0.00012632
1742371200000,4,-6.7E-7
1742385600000,4,0.00005000
1742400000000,4,0.00005000
1742414400000,4,0.00005000
1742428800000,4,0.00005000
1742443200000,4,0.00005000
1742457600000,4,0.00001776
1742472000000,4,-0.00013059
1742486400000,4,-0.00023042
1742500800000,4,-0.00016786
1742515200000,4,-0.00002288
1742529600000,4,-0.00006681
1742544000000,4,-0.00008000
1742558400000,4,-0.00017122
1742572800000,4,-0.00011675
1742587200000,4,-0.00009450
1742601600000,4,0.00001252
1742616000001,4,0.00003420
1742630400004,4,0.00004814
1742644800013,4,0.00000755
1742659200000,4,0.00005000
1742673600001,4,0.00005000
1742688000000,4,0.00005000
1742702400000,4,0.00005000
1742716800000,4,0.00005000
1742731200000,4,0.00005000
1742745600000,4,0.00005000
1742760000000,4,0.00005000
1742774400000,4,0.00005000
1742788800000,4,0.00005000
1742803200000,4,0.00000276
1742817600000,4,0.00005000
1742832000000,4,-0.00001898
1742846400004,4,0.00005000
1742860800001,4,0.00005000
1742875200000,4,0.00005000
1742889600000,4,0.00005000
1742904000000,4,0.00005000
1742918400000,4,0.00005000
1742932800000,4,0.00005000
1742947200000,4,0.00005000
1742961600001,4,0.00005000
1742976000000,4,0.00005000
1742990400000,4,0.00005000
1743004800001,4,-0.00001953
1743019200000,4,0.00005000
1743033600001,4,0.00004497
1743048000000,4,0.00004809
1743062400001,4,0.00005000
1743076800000,4,-0.00004146
1743091200002,4,-0.00010920
1743105600000,4,0.00005000
1743120000001,4,0.00002024
1743134400000,4,-0.00001333
1743148800001,4,-0.00004653
1743163200000,4,-0.00001499
1743177600000,4,-0.00008554
1743192000000,4,-0.00017243
1743206400000,4,-0.00006677
1743220800001,4,-0.00016146
1743235200000,4,-0.00000418
1743249600000,4,0.00005000
1743264000000,4,-0.00007983
1743278400000,4,-0.00007994
1743292800000,4,-0.00001436
1743307200000,4,-0.00008674
1743321600000,4,-0.00001046
1743336000000,4,0.00005000
1743350400000,4,0.00005000
1743364800000,4,-0.00001850
1743379200000,4,0.00005000
1743393600000,4,0.00005000
1743408000000,4,0.00005000
1743422400000,4,0.00005000
1743436800000,4,-0.00000361
1743451200000,4,0.00001862
1743465600000,4,-0.00003671
1743480000001,4,0.00000565
1743494400001,4,0.00005000
1743508800000,4,-0.00003271
1743523200000,4,0.00005000
1743537600003,4,0.00005000
1743552000001,4,0.00005000
1743566400001,4,0.00005000
1743580800000,4,-0.00011970
1743595200002,4,-0.00003136
1743609600000,4,0.00001962
1743624000000,4,-0.00003710
1743638400000,4,-0.00018179
1743652800000,4,-0.00009647
1743667200000,4,-0.00023506
1743681600000,4,-0.00016050
1743696000000,4,-0.00016054
1743710400000,4,-0.00021356
1743724800000,4,-0.00017675
1743739200000,4,-0.00015718
1743753600000,4,-0.00004288
1743768000000,4,-0.00007325
1743782400000,4,0.00005000
1743796800001,4,0.00005000
1743811200000,4,-0.00007513
1743825600000,4,-0.00001598
1743840000000,4,-0.00010320
1743854400000,4,-0.00004303
1743868800000,4,-0.00001936
1743883200000,4,-0.00014952
1743897600000,4,-0.00019738
1743912000000,4,-0.00022309
1743926400000,4,-0.00025313
1743940800001,4,-0.00002306
1743955200002,4,0.00005000
1743969600001,4,-0.00015599
1743984000000,4,-0.00013160
1743998400000,4,-0.00019652
1744012800000,4,-0.00009250
1744027200000,4,-0.00020855
1744041600000,4,-0.00013956
1744056000000,4,-0.00005695
1744070400000,4,-0.00001790
1744084800000,4,-0.00004279
1744099200000,4,-0.00007322
1744113600000,4,-0.00000836
1744128000000,4,0.00002519
1744142400000,4,0.00003534
1744156800000,4,-4E-8
1744171200000,4,-0.00006220
1744185600001,4,-0.00011422
1744200000000,4,0.00000179
1744214400000,4,0.00001012
1744228800000,4,0.00000335
1744243200000,4,-0.00002917
1744257600000,4,0.00003310
1744272000000,4,0.00004402
1744286400000,4,-0.00010073
1744300800000,4,-0.00006776
1744315200000,4,-0.00026775
1744329600001,4,-0.00015694
1744344000001,4,-0.00007776
1744358400000,4,0.00005000
1744372800000,4,0.00005000
1744387200000,4,-0.00007313
1744401600001,4,-0.00012569
1744416000000,4,-0.00006542
1744430400000,4,-0.00001110
1744444800001,4,0.00004331
1744459200001,4,-0.00001929
1744473600000,4,-0.00005709
1744488000000,4,0.00001854
1744502400000,4,0.00005000
1744516800000,4,0.00000455
1744531200000,4,0.00005000
1744545600000,4,0.00003916
1744560000000,4,0.00003558
1744574400000,4,-0.00010738
1744588800000,4,-0.00008312
1744603200000,4,-0.00009059
1744617600000,4,0.00004314
1744632000002,4,-0.00007033
1744646400000,4,-0.00007610
1744660800000,4,0.00005000
1744675200000,4,0.00004885
1744689600001,4,0.00005000
1744704000000,4,0.00002949
1744718400000,4,0.00005000
1744732800001,4,0.00005000
1744747200000,4,0.00005000
1744761600000,4,0.00005000
1744776000000,4,-0.00001681
1744790400000,4,-0.00003371
1744804800000,4,0.00001229
1744819200000,4,-0.00014405
1744833600000,4,-0.00008606
1744848000001,4,-0.00000901
1744862400000,4,0.00002578
1744876800000,4,-0.00005265
1744891200000,4,-0.00001935
1744905600001,4,-0.00006533
1744920000001,4,-0.00018414
1744934400000,4,-0.00006659
1744948800000,4,0.00005000
1744963200000,4,-0.00011483
1744977600000,4,0.00005000
1744992000000,4,-0.00000318
1745006400000,4,0.00005000
1745020800000,4,0.00005000
1745035200000,4,0.00005000
1745049600000,4,0.00005000
1745064000000,4,0.00001132
1745078400000,4,0.00002391
1745092800000,4,0.00003772
1745107200000,4,0.00000210
1745121600000,4,0.00005000
1745136000000,4,0.00005000
1745150400001,4,0.00005000
1745164800000,4,0.00005000
1745179200000,4,0.00005000
1745193600000,4,0.00005000
1745208000000,4,0.00005000
1745222400005,4,0.00000735
1745236800002,4,0.00005000
1745251200003,4,0.00005000
1745265600006,4,0.00005000
1745280000008,4,0.00005000
1745294400000,4,-0.00011895
1745308800000,4,-0.00003908
1745323200001,4,-0.00019016
1745337600000,4,-0.00009218
1745352000004,4,0.00004773
1745366400000,4,-0.00016994
1745380800000,4,0.00003676
1745395200002,4,0.00005000
1745409600005,4,-0.00000416
1745424000000,4,0.00005000
1745438400001,4,-0.00027497
1745452800000,4,-0.00009835
1745467200003,4,-0.00018684
1745481600001,4,0.00005000
1745496000001,4,0.00005000
1745510400001,4,-0.00015434
1745524800006,4,-0.00012542
1745539200007,4,2.4E-7
1745553600001,4,0.00005000
1745568000002,4,0.00005000
1745582400000,4,-0.00007910
1745596800003,4,-0.00005190
1745611200001,4,0.00005000
1745625600002,4,0.00005000
1745640000001,4,0.00005000
1745654400000,4,0.00005000
1745668800000,4,0.00005000
1745683200002,4,0.00005000
1745697600000,4,0.00005000
1745712000001,4,0.00005000
1745726400001,4,-0.00004548
1745740800000,4,0.00005000
1745755200000,4,0.00005000
1745769600000,4,0.00005000
1745784000003,4,0.00005000
1745798400001,4,0.00002963
1745812800001,4,0.00005000
1745827200003,4,-0.00032714
1745841600000,4,-0.00001584
1745856000005,4,-0.00007454
1745870400002,4,0.00005000
1745884800000,4,0.00005000
1745899200000,4,0.00005000
1745913600000,4,0.00005000
1745928000001,4,0.00005000
1745942400010,4,0.00005000
1745956800002,4,-0.00005341
1745971200001,4,6.7E-7
1745985600001,4,-0.00001265
1746000000000,4,0.00000928
1746014400001,4,-0.00008813
1746028800003,4,0.00005000
1746043200002,4,-0.00001499
1746057600000,4,0.00005000
1746072000008,4,-0.00007503
1746086400000,4,-0.00004691
1746100800001,4,0.00001732
1746115200001,4,-0.00002317
1746129600000,4,-0.00012359
1746144000000,4,0.00005000
1746158400000,4,-0.00003059
1746172800000,4,-0.00007258
1746187200005,4,-0.00000803
1746201600003,4,0.00005000
1746216000003,4,0.00000858
1746230400000,4,0.00005000
1746244800001,4,0.00004738
1746259200000,4,0.00000880
1746273600006,4,-0.00024708
1746288000000,4,-0.00013919
1746302400000,4,-0.00021521
1746316800001,4,-0.00006142
1746331200004,4,-0.00004343
1746345600001,4,0.00005000
1746360000006,4,0.00005000
1746374400002,4,0.00005000
1746388800000,4,-0.00010732
1746403200000,4,-0.00000203
1746417600000,4,-0.00000577
1746432000000,4,-0.00001129
1746446400000,4,0.00004435
1746460800006,4,0.00002031
1746475200000,4,-0.00005387
1746489600002,4,-0.00016115
1746504000000,4,-0.00002522
1746518400005,4,0.00003562
1746532800000,4,0.00003596
1746547200000,4,-0.00013718
1746561600000,4,-0.00014581
1746576000002,4,-0.00010095
1746590400004,4,-0.00032563
1746604800000,4,-0.00012193
1746619200000,4,-0.00007332
1746633600006,4,-0.00004711
1746648000000,4,-0.00016524
1746662400000,4,-0.00030695
1746676800005,4,-0.00019758
1746691200001,4,0.00005000
1746705600000,4,-0.00019339
1746720000002,4,-0.00005075
1746734400006,4,0.00005000
1746748800001,4,0.00005000
1746763200000,4,0.00005000
1746777600006,4,0.00005000
1746792000000,4,-0.00019736
1746806400000,4,0.00005000
1746820800000,4,-0.00018223
1746835200001,4,0.00002438
1746849600003,4,0.00005000
1746864000000,4,-0.00006595
1746878400000,4,0.00003246
1746892800001,4,-0.00036242
1746907200000,4,-0.00062237
1746921600000,4,-0.00046930
1746936000000,4,-0.00048912
1746950400001,4,0.00005000
1746964800001,4,-0.00006060
1746979200001,4,-0.00002426
1746993600000,4,-0.00011478
1747008000004,4,0.00005000
1747022400003,4,0.00005000
1747036800000,4,0.00003414
1747051200000,4,0.00002811
1747065600000,4,0.00005000
1747080000004,4,0.00005000
1747094400000,4,0.00005000
1747108800000,4,0.00005000
1747123200008,4,0.00005000
1747137600000,4,0.00005000
1747152000001,4,-0.00002047
1747166400006,4,-0.00022310
1747180800007,4,0.00005000
1747195200000,4,-0.00000706
1747209600000,4,0.00005000
1747224000000,4,0.00005000
1747238400002,4,0.00005000
1747252800007,4,0.00005000
1747267200000,4,0.00002479
1747281600000,4,-0.00006885
1747296000003,4,-0.00004298
1747310400000,4,-0.00035766
1747324800000,4,-0.00021389
1747339200001,4,0.00002405
1747353600001,4,0.00000634
1747368000001,4,-0.00020129
1747382400000,4,-0.00065637
1747396800006,4,-0.00022688
1747411200000,4,-0.00023363
1747425600002,4,-0.00034688
1747440000000,4,-0.00014800
1747454400000,4,-0.00046780
1747468800001,4,-0.00005930
1747483200002,4,-0.00037319
1747497600004,4,-0.00012470
1747512000003,4,-0.00001458
1747526400000,4,0.00003554
1747540800003,4,-0.00013348
1747555200000,4,-0.00075948
1747569600010,4,-0.00036604
1747584000000,4,-0.00008941
1747598400001,4,-0.00019191
1747612800000,4,-0.00018846
1747627200004,4,-0.00012114
1747641600006,4,-0.00019188
1747656000000,4,-0.00027651
1747670400010,4,-0.00026456
1747684800000,4,0.00003392
1747699200000,4,0.00001179
1747713600000,4,0.00003084
1747728000002,4,-0.00013852
1747742400003,4,-0.00010311
1747756800000,4,-0.00022747
1747771200000,4,-0.00025582
1747785600000,4,-0.00000184
1747800000000,4,0.00005000
1747814400001,4,-0.00005204
1747828800007,4,-0.00003344
1747843200004,4,-0.00003993
1747857600001,4,-0.00057330
1747872000001,4,0.00000996
1747886400000,4,0.00005000
1747900800000,4,0.00005000
1747915200000,4,0.00005000
1747929600002,4,0.00005000
1747944000001,4,-0.00007135
1747958400006,4,-0.00003350
1747972800000,4,0.00005000
1747987200000,4,-0.00014549
1748001600003,4,-0.00004035
1748016000007,4,-0.00032987
1748030400006,4,-0.00054232
1748044800010,4,-0.00010174
1748059200000,4,-0.00036833
1748073600000,4,-0.00019015
1748088000007,4,-0.00032628
1748102400003,4,-0.00011777
1748116800000,4,-0.00019789
1748131200004,4,-0.00006430
1748145600001,4,-0.00003415
1748160000000,4,2.0E-7
1748174400000,4,0.00005000
1748188800000,4,0.00005000
1748203200010,4,0.00001314
1748217600000,4,-0.00002726
1748232000000,4,0.00001483
1748246400000,4,-0.00010998
1748260800000,4,0.00002282
1748275200002,4,0.00003902
1748289600000,4,0.00000138
1748304000003,4,0.00003304
1748318400000,4,0.00004165
1748332800001,4,-0.00001033
1748347200005,4,0.00005000
1748361600005,4,0.00005000
1748376000005,4,0.00005000
1748390400002,4,0.00005000
1748404800010,4,0.00004525
1748419200003,4,0.00001323
1748433600000,4,-0.00001037
1748448000002,4,-0.00006411
1748462400000,4,-0.00007863
1748476800000,4,-0.00003592
1748491200000,4,0.00005000
1748505600006,4,0.00005000
1748520000001,4,0.00002758
1748534400000,4,-0.00005815
1748548800010,4,-0.00006672
1748563200003,4,-0.00022238
1748577600000,4,-0.00033990
1748592000003,4,-0.00003676
1748606400006,4,-0.00003115
1748620800000,4,-0.00008056
1748635200005,4,-0.00024865
1748649600000,4,-0.00004845
1748664000004,4,-0.00024221
1748678400000,4,-0.00046059
1748692800000,4,-8.9E-7
1748707200000,4,-0.00016582
1748721600004,4,-0.00012450
1748736000001,4,-0.00014082
1748750400001,4,-0.00000732
1748764800002,4,-0.00015200
1748779200008,4,0.00004426
1748793600000,4,-0.00010879
1748808000003,4,-0.00032986
1748822400001,4,-0.00035729
1748836800004,4,-0.00015668
1748851200000,4,-0.00012880
1748865600002,4,-0.00015668
1748880000000,4,-0.00019244
1748894400002,4,-0.00003886
1748908800000,4,-0.00016103
1748923200001,4,-0.00013095
1748937600000,4,-0.00005513
1748952000000,4,-0.00006096
1748966400001,4,-0.00003874
1748980800000,4,0.00005000
1748995200000,4,0.00004257
1749009600001,4,0.00004566
1749024000000,4,-0.00002808
1749038400000,4,-0.00011125
1749052800000,4,-0.00001138
1749067200001,4,-0.00010989
1749081600016,4,-0.00012371
1749096000001,4,-0.00002880
1749110400000,4,0.00005000
1749124800003,4,0.00005000
1749139200000,4,-0.00006124
1749153600002,4,-0.00001944
1749168000002,4,-0.00013295
1749182400000,4,0.00002557
1749196800000,4,-0.00006884
1749211200002,4,0.00005000
1749225600006,4,-0.00000140
1749240000000,4,0.00005000
1749254400000,4,0.00003670
1749268800000,4,-0.00001558
1749283200000,4,0.00003451
1749297600000,4,-0.00001336
1749312000002,4,0.00004978
1749326400002,4,0.00001111
1749340800000,4,0.00004338
1749355200000,4,0.00005000
1749369600000,4,0.00001525
1749384000020,4,0.00004955
1749398400000,4,0.00001638
1749412800001,4,0.00005000
1749427200000,4,0.00004670
1749441600003,4,0.00001351
1749456000001,4,-0.00004988
1749470400000,4,-0.00000941
1749484800001,4,0.00005000
1749499200012,4,0.00005000
1749513600000,4,0.00005000
1749528000000,4,0.00005000
1749542400001,4,0.00005000
1749556800005,4,0.00005000
1749571200003,4,0.00005000
1749585600010,4,0.00005000
1749600000000,4,0.00005000
1749614400006,4,0.00005000
1749628800000,4,0.00005000
1749643200007,4,0.00005000
1749657600010,4,0.00005000
1749672000012,4,0.00005000
1749686400002,4,0.00005000
1749700800000,4,0.00003990
1749715200003,4,-0.00003510
1749729600001,4,-0.00000728
1749744000001,4,-0.00004216
1749758400003,4,-0.00009785
1749772800000,4,0.00000204
1749787200002,4,-0.00044766
1749801600001,4,-0.00027267
1749816000000,4,-0.00014335
1749830400004,4,-0.00021536
1749844800001,4,-0.00008306
1749859200000,4,-0.00005903
1749873600000,4,0.00002816
1749888000000,4,0.00005000
1749902400007,4,0.00005000
1749916800000,4,0.00005000
1749931200005,4,-0.00004144
1749945600005,4,-0.00003992
1749960000004,4,0.00005000
1749974400009,4,0.00001890
1749988800000,4,0.00003731
1750003200000,4,-0.00003471
1750017600000,4,0.00004523
1750032000000,4,-0.00000986
1750046400009,4,0.00003193
1750060800000,4,-0.00024640
1750075200000,4,-0.00002959
1750089600003,4,-0.00002085
1750104000000,4,0.00005000
1750118400000,4,0.00001912
1750132800000,4,0.00005000
1750147200006,4,0.00005000
1750161600001,4,0.00004372
1750176000001,4,0.00000523
1750190400000,4,-0.00008129
1750204800001,4,-0.00006375
1750219200001,4,-0.00006988
1750233600001,4,0.00002704
1750248000003,4,0.00005000
1750262400001,4,0.00005000
1750276800000,4,0.00005000
1750291200005,4,-0.00003837
1750305600005,4,0.00005000
1750320000003,4,0.00005000
1750334400000,4,0.00002368
1750348800000,4,0.00005000
1750363200000,4,0.00005000
1750377600000,4,0.00004104
1750392000017,4,0.00005000
1750406400002,4,0.00005000
1750420800002,4,0.00005000
1750435200001,4,-0.00001812
1750449600000,4,0.00003756
1750464000002,4,0.00005000
1750478400003,4,0.00005000
1750492800005,4,0.00003944
1750507200000,4,-0.00000598
1750521600000,4,0.00005000
1750536000002,4,0.00005000
1750550400005,4,0.00005000
1750564800000,4,0.00005000
1750579200000,4,-0.00001816
1750593600003,4,0.00005000
1750608000003,4,0.00005000
1750622400005,4,0.00005000
1750636800000,4,0.00005000
1750651200007,4,-0.00001164
1750665600004,4,-0.00012827
1750680000001,4,0.00005000
1750694400013,4,0.00001863
1750708800000,4,0.00002304
1750723200003,4,0.00003430
1750737600001,4,0.00005000
1750752000000,4,0.00005000
1750766400001,4,0.00005000
1750780800000,4,0.00005000
1750795200000,4,0.00005000
1750809600005,4,0.00005000
1750824000000,4,0.00005000
1750838400000,4,0.00005000
1750852800003,4,0.00002163
1750867200005,4,0.00002597
1750881600002,4,-0.00005102
1750896000000,4,0.00000147
1750910400000,4,-0.00014211
1750924800006,4,-0.00013728
1750939200005,4,-0.00007207
1750953600007,4,-0.00009902
1750968000000,4,-0.00006712
1750982400000,4,-0.00010618
1750996800001,4,0.00003130
1751011200000,4,-0.00003876
1751025600003,4,-0.00006420
1751040000009,4,-0.00000554
1751054400002,4,0.00002063
1751068800001,4,0.00000517
1751083200000,4,-0.00013294
1751097600002,4,-0.00019480
1751112000000,4,-0.00009480
1751126400000,4,-0.00015130
1751140800007,4,-0.00006106
1751155200004,4,0.00002587
1751169600003,4,-0.00015211
1751184000001,4,0.00005000
1751198400003,4,-0.00006883
1751212800001,4,0.00003411
1751227200003,4,0.00005000
1751241600000,4,0.00005000
1751256000003,4,0.00005000
1751270400005,4,0.00005000
1751284800000,4,0.00002903
1751299200002,4,0.00005000
1751313600000,4,-0.00006945
1751328000007,4,0.00005000
1751342400000,4,0.00000324
1751356800002,4,-0.00003106
1751371200000,4,-0.00006651
1751385600000,4,-0.00009745
1751400000000,4,-0.00013371
1751414400001,4,-0.00006981
1751428800001,4,-0.00027918
1751443200000,4,-0.00000456
1751457600001,4,0.00001043
1751472000003,4,0.00005000
1751486400000,4,0.00005000
1751500800006,4,0.00005000
1751515200002,4,0.00005000
1751529600003,4,0.00005000
1751544000001,4,0.00005000
1751558400003,4,0.00005000
1751572800000,4,0.00005000
1751587200005,4,0.00005000
1751601600002,4,0.00005000
1751616000003,4,0.00005000
1751630400000,4,0.00005000
1751644800001,4,0.00000724
1751659200000,4,-0.00006582
1751673600004,4,-0.00021806
1751688000005,4,-0.00015002
1751702400009,4,-0.00004287
1751716800000,4,-0.00001919
1751731200006,4,0.00002168
1751745600000,4,-0.00008829
1751760000001,4,-0.00000496
1751774400000,4,-0.00001896
1751788800002,4,0.00001920
1751803200001,4,-0.00005192
1751817600004,4,0.00005000
1751832000006,4,0.00005000
1751846400000,4,0.00005000
1751860800000,4,0.00005000
1751875200007,4,0.00005000
1751889600000,4,0.00005000
1751904000000,4,0.00005000
1751918400013,4,0.00005000
1751932800010,4,0.00005000
1751947200000,4,0.00003303
1751961600003,4,-0.00005762
1751976000004,4,0.00000136
1751990400000,4,-0.00008972
1752004800002,4,-0.00006055
1752019200002,4,-0.00007178
1752033600010,4,0.00001145
1752048000006,4,0.00003658
1752062400000,4,0.00005000
1752076800001,4,0.00005000
1752091200007,4,0.00005000
1752105600003,4,0.00005000
1752120000001,4,0.00005000
1752134400000,4,0.00005000
1752148800001,4,0.00005000
1752163200004,4,0.00005000
1752177600000,4,0.00005000
1752192000004,4,0.00005000
1752206400001,4,0.00005000
1752220800007,4,0.00005000
1752235200000,4,0.00005000
1752249600001,4,0.00005000
1752264000006,4,0.00005000
1752278400000,4,0.00005000
1752292800005,4,0.00005000
1752307200001,4,0.00005000
1752321600007,4,0.00005000
1752336000002,4,0.00005000
1752350400003,4,0.00005000
1752364800006,4,0.00005000
1752379200001,4,0.00005000
1752393600001,4,0.00005000
1752408000003,4,0.00005000
1752422400003,4,0.00005000
1752436800008,4,0.00005000
1752451200000,4,0.00005000
1752465600000,4,0.00005000
1752480000000,4,0.00005000
1752494400001,4,0.00005000
1752508800000,4,0.00005000
1752523200003,4,0.00005000
1752537600002,4,0.00005000
1752552000008,4,0.00005000
1752566400000,4,-0.00001274
1752580800000,4,0.00005000
1752595200000,4,0.00005000
1752609600005,4,0.00005000
1752624000000,4,0.00005000
1752638400000,4,0.00005000
1752652800000,4,0.00005000
1752667200005,4,0.00005000
1752681600008,4,0.00005000
1752696000000,4,0.00005000
1752710400003,4,0.00005000
1752724800000,4,0.00005000
1752739200000,4,0.00005000
1752753600000,4,0.00005000
1752768000000,4,0.00005000
1752782400000,4,0.00005000
1752796800004,4,0.00005000
1752811200000,4,0.00005000
1752825600000,4,0.00010252
1752840000000,4,0.00005000
1752854400000,4,0.00005000
1752868800010,4,0.00005000
1752883200009,4,0.00005000
1752897600000,4,0.00005000
1752912000000,4,0.00005000
1752926400000,4,0.00005000
1752940800002,4,0.00005000
1752955200002,4,0.00005000
1752969600000,4,0.00005000
1752984000007,4,0.00005000
1752998400000,4,0.00005000
1753012800003,4,0.00005000
1753027200000,4,0.00005000
1753041600013,4,0.00005000
1753056000001,4,0.00007374
1753070400001,4,0.00010382
1753084800000,4,0.00005000
1753099200001,4,0.00005000
1753113600001,4,0.00005000
1753128000003,4,0.00005000
1753142400000,4,0.00009660
1753156800001,4,0.00005000
1753171200010,4,0.00005000
1753185600001,4,0.00005000
1753200000007,4,0.00005000
1753214400001,4,0.00005000
1753228800000,4,0.00005856
1753243200010,4,0.00005000
1753257600004,4,0.00005000
1753272000002,4,0.00005000
1753286400002,4,0.00005000
1753300800005,4,0.00005000
1753315200000,4,-0.00003548
1753329600001,4,0.00005000
1753344000001,4,0.00003579
1753358400000,4,0.00005000
1753372800000,4,-0.00002261
1753387200001,4,-0.00002087
1753401600000,4,0.00005000
1753416000001,4,0.00005000
1753430400000,4,-0.00000868
1753444800000,4,0.00003113
1753459200000,4,0.00005000
1753473600000,4,0.00002025
1753488000001,4,0.00005000
1753502400001,4,0.00005000
1753516800005,4,0.00005000
1753531200004,4,0.00005000
1753545600001,4,0.00005000
1753560000000,4,0.00005000
1753574400001,4,0.00005000
1753588800000,4,0.00005000
1753603200000,4,0.00005000
1753617600000,4,0.00005000
1753632000008,4,0.00005000
1753646400002,4,0.00005000
1753660800005,4,0.00005000
1753675200001,4,0.00005000
1753689600000,4,0.00005000
1753704000000,4,0.00005000
1753718400000,4,0.00005000
1753732800005,4,0.00005000
1753747200001,4,0.00005000
1753761600001,4,-0.00002084
1753776000000,4,0.00002034
1753790400001,4,0.00005000
1753804800000,4,0.00005000
1753819200000,4,0.00005000
1753833600011,4,0.00000593
1753848000000,4,-0.00003181
1753862400000,4,0.00001908
1753876800003,4,0.00001938
1753891200008,4,-0.00006528
1753905600000,4,-0.00000947
1753920000000,4,0.00005000
1753934400010,4,0.00005000
1753948800009,4,0.00005000
1753963200003,4,-0.00001176
1753977600000,4,-0.00001990
1753992000000,4,-0.00001680
1754006400001,4,-0.00002906
1754020800000,4,-0.00014530
1754035200003,4,0.00003862
1754049600001,4,0.00002480
1754064000000,4,0.00001721
1754078400004,4,-0.00011211
1754092800004,4,-0.00019568
1754107200000,4,-0.00003752
1754121600000,4,0.00005000
1754136000005,4,0.00002857
1754150400000,4,0.00005000
1754164800001,4,0.00004672
1754179200000,4,0.00000144
1754193600000,4,0.00002624
1754208000000,4,-0.00031959
1754222400001,4,-0.00035228
1754236800003,4,0.00005000
1754251200002,4,-0.00010573
1754265600004,4,0.00002450
1754280000000,4,-0.00004699
1754294400000,4,0.00005000
1754308800006,4,0.00005000
1754323200002,4,-0.00003049
1754337600007,4,0.00001454
1754352000000,4,0.00005000
1754366400000,4,0.00005000
1754380800000,4,0.00005000
1754395200004,4,0.00005000
1754409600000,4,0.00004081
1754424000003,4,0.00005000
1754438400005,4,0.00002009
1754452800000,4,-0.00007152
1754467200000,4,-0.00005734
1754481600000,4,-0.00004312
1754496000000,4,-0.00006898
1754510400000,4,-0.00011615
1754524800003,4,-0.00009668
1754539200004,4,-0.00012559
1754553600002,4,0.00005000
1754568000001,4,-0.00005035
1754582400002,4,0.00000187
1754596800001,4,-0.00019042
1754611200002,4,-0.00014852
1754625600010,4,0.00005000
1754640000004,4,0.00005000
1754654400003,4,0.00005000
1754668800000,4,-0.00001022
1754683200004,4,0.00005000
1754697600005,4,0.00005000
1754712000015,4,0.00005000
1754726400000,4,0.00005000
1754740800003,4,0.00003877
1754755200007,4,0.00005000
1754769600000,4,0.00005000
1754784000003,4,0.00005000
1754798400006,4,0.00005000
1754812800005,4,0.00005000
1754827200006,4,0.00005000
1754841600002,4,0.00005000
1754856000000,4,0.00005000
1754870400000,4,0.00005000
1754884800000,4,0.00001783
1754899200000,4,0.00004673
1754913600000,4,0.00005000
1754928000000,4,-0.00026301
1754942400000,4,-0.00047239
1754956800000,4,-0.00024628
1754971200001,4,-0.00015958
1754985600001,4,-0.00019428
1755000000000,4,-0.00006174
1755014400005,4,-0.00033070
1755028800000,4,-0.00024101
1755043200000,4,0.00005000
1755057600000,4,-0.00006300
1755072000002,4,0.00005000
1755086400000,4,0.00005000
1755100800006,4,0.00005000
1755115200001,4,0.00005000
1755129600002,4,0.00005000
1755144000009,4,0.00002943
1755158400003,4,0.00005000
1755172800001,4,-0.00002649
1755187200000,4,-0.00050745
1755201600002,4,-0.00051721
1755216000000,4,-0.00019928
1755230400000,4,-0.00023409
1755244800000,4,-0.00015902
1755259200001,4,-0.00011104
1755273600000,4,-0.00003845
1755288000007,4,-0.00018675
1755302400004,4,-0.00023167
1755316800000,4,-0.00006457
1755331200000,4,0.00002606
1755345600004,4,0.00005000
1755360000002,4,0.00002112
1755374400006,4,0.00001627
1755388800000,4,0.00005000
1755403200000,4,0.00005000
1755417600001,4,-0.00012340
1755432000002,4,-0.00014981
1755446400007,4,0.00005000
1755460800001,4,0.00005000
1755475200000,4,-0.00000229
1755489600010,4,0.00003947
1755504000001,4,-0.00003478
1755518400002,4,-0.00012104
1755532800002,4,-0.00002430
1755547200007,4,-0.00017742
1755561600000,4,-0.00004536
1755576000000,4,-0.00010087
1755590400001,4,-0.00012811
1755604800001,4,-0.00006389
1755619200000,4,-0.00004394
1755633600000,4,-0.00003056
1755648000000,4,0.00005000
1755662400000,4,0.00003445
1755676800000,4,0.00002649
1755691200002,4,-0.00009967
1755705600000,4,0.00005000
1755720000001,4,0.00005000
1755734400006,4,0.00005000
1755748800003,4,-0.00003878
1755763200000,4,0.00003312
1755777600009,4,0.00002884
1755792000003,4,-0.00015828
1755806400000,4,0.00000679
1755820800010,4,0.00004769
1755835200003,4,-0.00003987
1755849600007,4,-0.00007907
1755864000001,4,-0.00013080
1755878400001,4,0.00005000
1755892800004,4,0.00005000
1755907200004,4,0.00005000
1755921600000,4,0.00005000
1755936000006,4,0.00005000
1755950400000,4,0.00005000
1755964800000,4,0.00005000
1755979200005,4,0.00005000
1755993600001,4,0.00005000
1756008000000,4,0.00005000
1756022400002,4,0.00005000
1756036800003,4,0.00005000
1756051200001,4,0.00005000
1756065600008,4,0.00005000
1756080000000,4,0.00005000
1756094400001,4,0.00005000
1756108800002,4,0.00005000
1756123200000,4,-0.00010525
1756137600002,4,-0.00020440
1756152000003,4,0.00002141
1756166400000,4,-0.00064113
1756180800007,4,-0.00038102
1756195200000,4,-0.00018684
1756209600001,4,-0.00018221
1756224000000,4,-0.00028135
1756238400000,4,-0.00006559
1756252800003,4,-0.00031632
1756267200000,4,-0.00013205
1756281600000,4,-0.00029498
1756296000003,4,-0.00023786
1756310400009,4,-0.00027761
1756324800001,4,-0.00010252
1756339200000,4,0.00005000
1756353600000,4,-0.00002992
1756368000005,4,-0.00012128
1756382400000,4,0.00005000
1756396800004,4,0.00005000
1756411200003,4,0.00005000
1756425600000,4,0.00005000
1756440000008,4,0.00005000
1756454400000,4,-0.00008880
1756468800010,4,-0.00033239
1756483200005,4,-0.00014286
1756497600000,4,-0.00053711
1756512000000,4,-0.00020790
1756526400000,4,-0.00005721
1756540800002,4,-0.00011134
1756555200006,4,0.00005000
1756569600003,4,0.00005000
1756584000000,4,0.00001771
1756598400016,4,-0.00001408
1756612800000,4,-0.00013237
1756627200000,4,-0.00004184
1756641600003,4,2.8E-7
1756656000001,4,-0.00004175
1756670400000,4,-0.00004171
1756684800000,4,-0.00018426
1756699200005,4,-0.00043803
1756713600000,4,-0.00006909
1756728000014,4,0.00005000
1756742400001,4,0.00004428
1756756800008,4,-0.00014511
1756771200000,4,-0.00013675
1756785600009,4,-0.00011240
1756800000005,4,0.00005000
1756814400003,4,0.00005000
1756828800007,4,0.00005000
1756843200001,4,0.00003075
1756857600006,4,0.00005000
1756872000003,4,-0.00002779
1756886400002,4,0.00005000
1756900800000,4,-0.00021003
1756915200002,4,-0.00011796
1756929600006,4,0.00005000
1756944000002,4,0.00005000
1756958400000,4,0.00005000
1756972800000,4,-0.00012989
1756987200002,4,-0.00014379
1757001600000,4,0.00005000
1757016000000,4,-0.00015772
1757030400001,4,-0.00016051
1757044800000,4,-0.00007438
1757059200006,4,0.00005000
1757073600001,4,-0.00016468
1757088000000,4,-0.00013509
1757102400000,4,-0.00010938
1757116800000,4,0.00005000
1757131200000,4,0.00004114
1757145600005,4,0.00005000
1757160000000,4,0.00005000
1757174400000,4,-0.00002521
1757188800001,4,0.00003431
1757203200000,4,0.00001626
1757217600008,4,0.00005000
1757232000000,4,-0.00000263
1757246400000,4,0.00000494
1757260800000,4,-0.00009368
1757275200003,4,0.00002027
1757289600007,4,-0.00010094
1757304000008,4,6.1E-7
1757318400000,4,-0.00001967
1757332800005,4,-0.00000350
1757347200000,4,-0.00001016
1757361600001,4,-0.00028039
1757376000000,4,-0.00001998
1757390400000,4,6.7E-7
1757404800000,4,0.00005000
1757419200004,4,0.00005000
1757433600000,4,0.00005000
1757448000000,4,0.00005000
1757462400000,4,0.00003025
1757476800001,4,0.00003918
1757491200002,4,0.00005000
1757505600004,4,0.00004096
1757520000000,4,-0.00001919
1757534400007,4,-0.00000378
1757548800000,4,0.00004902
1757563200003,4,-0.00027520
1757577600000,4,0.00005000
1757592000005,4,0.00005000
1757606400001,4,0.00005000
1757620800001,4,0.00005000
1757635200002,4,0.00003167
1757649600004,4,0.00005000
1757664000001,4,0.00005000
1757678400001,4,0.00005000
1757692800005,4,0.00005000
1757707200000,4,0.00005000
1757721600005,4,0.00005000
1757736000002,4,0.00005000
1757750400002,4,0.00005000
1757764800005,4,0.00005000
1757779200000,4,0.00005000
1757793600001,4,0.00005000
1757808000006,4,0.00005000
1757822400001,4,0.00005000
1757836800000,4,0.00005000
1757851200004,4,0.00005000
1757865600001,4,0.00005000
1757880000000,4,0.00005000
1757894400006,4,0.00005000
1757908800000,4,0.00005000
1757923200002,4,0.00005000
1757937600003,4,0.00005000
1757952000001,4,0.00002447
1757966400001,4,0.00005000
1757980800001,4,0.00005000
1757995200000,4,0.00005000
1758009600000,4,0.00005000
1758024000002,4,0.00005000
1758038400000,4,0.00005000
1758052800004,4,0.00005000
1758067200001,4,0.00004740
1758081600004,4,0.00000498
1758096000000,4,0.00005000
1758110400000,4,0.00005000
1758124800003,4,0.00001537
1758139200000,4,0.00005000
1758153600006,4,0.00005000
1758168000001,4,0.00005000
1758182400002,4,0.00005000
1758196800000,4,0.00005000
1758211200000,4,0.00003471
1758225600008,4,0.00005000
1758240000000,4,0.00005000
1758254400003,4,0.00005000
1758268800005,4,0.00004567
1758283200000,4,0.00005000
1758297600000,4,0.00005000
1758312000004,4,0.00005000
1758326400000,4,0.00005000
1758340800000,4,0.00005000
1758355200000,4,0.00005000
1758369600008,4,0.00005000
1758384000002,4,0.00002640
1758398400000,4,0.00005000
1758412800000,4,0.00005000
1758427200002,4,0.00005000
1758441600000,4,0.00005000
1758456000002,4,0.00005000
1758470400000,4,0.00005000
1758484800000,4,0.00005000
1758499200005,4,0.00005000
1758513600000,4,0.00005000
1758528000003,4,-0.00005103
1758542400005,4,0.00005000
1758556800000,4,0.00005000
1758571200001,4,-0.00000112
1758585600000,4,0.00003112
1758600000012,4,0.00002984
1758614400001,4,0.00002946
1758628800000,4,0.00005000
1758643200000,4,0.00005000
1758657600001,4,0.00005000
1758672000003,4,0.00005000
1758686400000,4,0.00003760
1758700800001,4,0.00004756
1758715200001,4,0.00005000
1758729600002,4,0.00005000
1758744000001,4,0.00005000
1758758400000,4,0.00000695
1758772800000,4,0.00005000
1758787200001,4,0.00005000
1758801600000,4,0.00005000
1758816000000,4,0.00005000
1758830400000,4,0.00003295
1758844800000,4,0.00003102
1758859200002,4,0.00001464
1758873600000,4,0.00001285
1758888000000,4,0.00005000
1758902400008,4,0.00005000
1758916800005,4,0.00005000
1758931200000,4,0.00005000
1758945600000,4,0.00005000
1758960000010,4,0.00005000
1758974400003,4,0.00005000
1758988800003,4,0.00005000
1759003200002,4,0.00005000
1759017600000,4,0.00005000
1759032000002,4,0.00004441
1759046400000,4,0.00002863
1759060800000,4,0.00003516
1759075200000,4,0.00002756
1759089600004,4,0.00005000
1759104000000,4,0.00005000
1759118400000,4,-0.00002000
1759132800002,4,-0.00003968
1759147200000,4,-0.00005557
1759161600001,4,-0.00000261
1759176000000,4,0.00005000
1759190400002,4,0.00004855
1759204800000,4,0.00003203
1759219200005,4,0.00004973
1759233600000,4,0.00005000
1759248000000,4,0.00005000
1759262400000,4,0.00005000
1759276800000,4,0.00005000
1759291200008,4,0.00005000
1759305600000,4,0.00005000
1759320000007,4,-0.00001708
1759334400000,4,-0.00005420
1759348800001,4,-0.00004841
1759363200000,4,-0.00001866
1759377600001,4,0.00005000
1759392000013,4,0.00005000
1759406400000,4,0.00005000
1759420800000,4,0.00005000
1759435200000,4,0.00005000
1759449600006,4,0.00005000
1759464000000,4,0.00005000
1759478400006,4,0.00005000
1759492800000,4,0.00005000
1759507200000,4,0.00005000
1759521600002,4,0.00005000
1759536000001,4,0.00005000
1759550400006,4,0.00005000
1759564800000,4,0.00005000
1759579200000,4,0.00005000
1759593600000,4,0.00005000
1759608000003,4,0.00005000
1759622400000,4,0.00005000
1759636800000,4,0.00005000
1759651200003,4,0.00005000
1759665600000,4,0.00005000
1759680000009,4,0.00005000
1759694400004,4,0.00005000
1759708800004,4,0.00005000
1759723200003,4,0.00005000
1759737600002,4,0.00005000
1759752000000,4,0.00005000
1759766400004,4,0.00005000
1759780800002,4,0.00005000
1759795200000,4,0.00005000
1759809600001,4,0.00005000
1759824000003,4,0.00005000
1759838400005,4,0.00005000
1759852800000,4,0.00005000
1759867200002,4,0.00005000
1759881600000,4,0.00005000
1759896000002,4,0.00005000
1759910400006,4,0.00005000
1759924800003,4,0.00005000
1759939200002,4,0.00005000
1759953600000,4,0.00005000
1759968000001,4,0.00005000
1759982400003,4,0.00005000
1759996800000,4,0.00005000
1760011200002,4,0.00005000
1760025600000,4,0.00005000
1760040000010,4,0.00005000
1760054400005,4,0.00005000
1760068800001,4,0.00005000
1760083200002,4,0.00005000
1760097600004,4,0.00005000
1760112000014,4,0.00005000
1760126400003,4,0.00002413
1760140800000,4,0.00005000
1760155200000,4,0.00003708
1760169600003,4,0.00002844
1760184000003,4,-0.00010132
1760198400000,4,0.00001762
1760212800001,4,0.00005000
1760227200004,4,0.00003122
1760241600001,4,0.00005000
1760256000002,4,0.00002288
1760270400001,4,-0.00003079
1760284800000,4,-0.00002827
1760299200000,4,-0.00003467
1760313600003,4,-0.00001747
1760328000000,4,0.00003442
1760342400002,4,-0.00008654
1760356800001,4,0.00005000
1760371200003,4,0.00005000
1760385600002,4,0.00004178
1760400000000,4,0.00001804
1760414400000,4,0.00002015
1760428800000,4,0.00001991
1760443200000,4,0.00000657
1760457600000,4,0.00003650
1760472000000,4,0.00001967
1760486400006,4,0.00001273
1760500800001,4,0.00003514
1760515200002,4,-0.00001159
1760529600005,4,-0.00000130
1760544000000,4,-0.00004189
1760558400004,4,-0.00005327
1760572800000,4,0.00005000
1760587200000,4,0.00003545
1760601600003,4,-0.00000784
1760616000000,4,0.00002591
1760630400002,4,0.00005000
1760644800003,4,0.00002849
1760659200001,4,-0.00006275
1760673600001,4,0.00005000
1760688000005,4,0.00004649
1760702400000,4,-0.00005415
1760716800003,4,0.00002194
1760731200004,4,-0.00013553
1760745600000,4,-0.00001220
1760760000000,4,-0.00000767
1760774400002,4,-0.00006064
1760788800007,4,-0.00008620
1760803200001,4,0.00002837
1760817600000,4,-0.00005282
1760832000001,4,-0.00001164
1760846400000,4,0.00005000
1760860800001,4,0.00005000
1760875200000,4,-0.00000242
1760889600001,4,-0.00008282
1760904000000,4,-0.00012948
1760918400004,4,0.00001452
1760932800000,4,0.00003941
1760947200001,4,0.00005000
1760961600000,4,0.00005000
1760976000000,4,0.00004753
1760990400000,4,0.00005000
1761004800009,4,0.00002896
1761019200003,4,-0.00005593
1761033600000,4,0.00003419
1761048000000,4,0.00002999
1761062400000,4,0.00005000
1761076800001,4,0.00005000
1761091200004,4,-0.00006628
1761105600000,4,-0.00014528
1761120000000,4,-0.00012754
1761134400000,4,-0.00002433
1761148800000,4,0.00001459
1761163200004,4,0.00001766
1761177600000,4,0.00005000
1761192000000,4,-0.00001957
1761206400001,4,-0.00001977
1761220800000,4,0.00002768
1761235200004,4,0.00005000
1761249600000,4,-0.00000242
1761264000000,4,0.00005000
1761278400002,4,-0.00003575
1761292800000,4,0.00002923
1761307200002,4,-0.00005551
1761321600009,4,-0.00013471
1761336000000,4,0.00005000
1761350400000,4,0.00005000
1761364800000,4,0.00005000
1761379200001,4,0.00005000
1761393600000,4,0.00005000
1761408000001,4,0.00005000
1761422400002,4,0.00005000
1761436800001,4,0.00005000
1761451200000,4,-0.00001976
1761465600001,4,0.00005000
1761480000002,4,0.00004681
1761494400000,4,0.00005000
1761508800000,4,0.00005000
1761523200000,4,0.00005000
1761537600000,4,0.00005000
1761552000005,4,0.00001816
1761566400003,4,-0.00022800
1761580800000,4,-0.00012175
1761595200001,4,-0.00007703
1761609600000,4,0.00000972
1761624000004,4,0.00005000
1761638400000,4,-0.00002828
1761652800000,4,-0.00010545
1761667200004,4,0.00005000
1761681600004,4,-0.00000595
1761696000004,4,-0.00020068
1761710400005,4,-0.00011815
1761724800005,4,0.00004575
1761739200011,4,0.00001563
1761753600000,4,0.00005000
1761768000008,4,-0.00008744
1761782400004,4,-0.00008231
1761796800001,4,-0.00016813
1761811200008,4,0.00002838
1761825600006,4,-0.00013124
1761840000001,4,-0.00014758
1761854400000,4,0.00003294
1761868800000,4,-0.00004731
1761883200000,4,-0.00011349
1761897600008,4,0.00002464
1761912000008,4,0.00005000
1761926400007,4,0.00001814
1761940800001,4,0.00002110
1761955200001,4,-0.00035231
1761969600000,4,-0.00000327
1761984000000,4,-0.00009190
1761998400000,4,0.00003486
1762012800000,4,0.00003084
1762027200003,4,-0.00023284
1762041600007,4,-0.00012855
1762056000002,4,-0.00000181
1762070400000,4,-0.00015052
1762084800001,4,0.00002977
1762099200001,4,0.00000349
1762113600001,4,0.00002362
1762128000000,4,-0.00004128
1762142400003,4,-0.00007532
1762156800010,4,-0.00021581
1762171200002,4,-0.00039147
1762185600000,4,-0.00036657
1762200000008,4,-0.00031323
1762214400002,4,-0.00027607
1762228800000,4,-0.00025285
1762243200004,4,-0.00006628
1762257600000,4,0.00002297
1762272000000,4,0.00001699
1762286400001,4,0.00005000
1762300800000,4,0.00000170
1762315200005,4,0.00001858
1762329600000,4,-0.00012256
1762344000000,4,0.00004026
1762358400004,4,0.00002606
1762372800001,4,-0.00015701
1762387200001,4,-0.00012046
1762401600009,4,-0.00018575
1762416000000,4,0.00005000
1762430400001,4,0.00001753
1762444800001,4,0.00002067
1762459200006,4,0.00004646
1762473600005,4,-0.00005638
1762488000000,4,-0.00010765
1762502400003,4,-0.00012260
1762516800005,4,0.00005000
1762531200005,4,0.00004638
1762545600000,4,0.00005000
1762560000011,4,0.00005000
1762574400001,4,0.00005000
1762588800015,4,0.00005000
1762603200000,4,0.00004917
1762617600001,4,0.00005000
1762632000006,4,0.00001116
1762646400004,4,-0.00002194
1762660800000,4,-0.00012837
1762675200000,4,-0.00007183
1762689600000,4,-0.00008338
1762704000005,4,-0.00003090
1762718400010,4,-0.00008212
1762732800000,4,-0.00004698
1762747200005,4,-0.00003924
1762761600000,4,0.00003783
1762776000003,4,0.00002791
1762790400003,4,-0.00003394
1762804800000,4,-0.00017341
1762819200007,4,0.00005000
1762833600003,4,-0.00005118
1762848000000,4,-0.00015823
1762862400002,4,-0.00011498
1762876800009,4,-0.00001113
1762891200000,4,-0.00006353
1762905600000,4,-0.00018350
1762920000000,4,-0.00015050
1762934400002,4,-0.00026729
1762948800000,4,-0.00006941
1762963200000,4,-0.00004633
1762977600001,4,-0.00022809
1762992000002,4,-0.00034695
1763006400000,4,-0.00031663
1763020800000,4,-0.00023479
1763035200001,4,-0.00026123
1763049600001,4,-0.00017379
1763064000004,4,-0.00061678
1763078400000,4,-0.00138471
1763092800000,4,-0.00127975
1763107200000,4,-0.00021409
1763121600001,4,-0.00025195
1763136000001,4,-0.00009935
1763150400000,4,-0.00007981
1763164800005,4,-0.00043650
1763179200015,4,-0.00044601
1763193600000,4,-0.00017077
1763208000008,4,-0.00049377
1763222400001,4,-0.00010396
1763236800003,4,-0.00003904
1763251200001,4,-0.00002906
1763265600003,4,-0.00005929
1763280000000,4,-0.00003938
1763294400003,4,-0.00005380
1763308800000,4,-0.00030322
1763323200000,4,-0.00055814
1763337600003,4,-0.00020723
1763352000001,4,0.00000159
1763366400003,4,-0.00000573
1763380800000,4,0.00001557
1763395200000,4,-0.00004907
1763409600003,4,-0.00005222
1763424000002,4,-0.00006413
1763438400000,4,-0.00003996
1763452800004,4,0.00002276
1763467200000,4,0.00003186
1763481600000,4,0.00003252
1763496000002,4,0.00005000
1763510400000,4,0.00005000
1763524800000,4,0.00000286
1763539200000,4,-0.00001084
1763553600000,4,-0.00012780
1763568000008,4,-0.00009199
1763582400000,4,-0.00009503
1763596800000,4,0.00004064
1763611200006,4,-0.00002652
1763625600000,4,0.00002062
1763640000003,4,0.00005000
1763654400000,4,0.00005000
1763668800002,4,-0.00017327
1763683200001,4,-0.00009894
1763697600000,4,-0.00004285
1763712000000,4,-0.00003359
1763726400001,4,-0.00016939
1763740800001,4,-0.00028306
1763755200000,4,-0.00025658
1763769600004,4,-0.00013738
1763784000000,4,-0.00004328
1763798400000,4,-0.00006056
1763812800000,4,-0.00003188
1763827200000,4,-0.00001830
1763841600001,4,0.00002132
1763856000000,4,-0.00005406
1763870400000,4,-0.00003439
1763884800008,4,-0.00007363
1763899200000,4,0.00004201
1763913600003,4,-0.00004213
1763928000003,4,-0.00002936
1763942400004,4,-0.00007067
1763956800000,4,-0.00007247
1763971200000,4,-0.00005890
1763985600000,4,0.00005000
1764000000006,4,-0.00002077
1764014400003,4,-0.00005073
1764028800000,4,-0.00008391
1764043200000,4,0.00004681
1764057600009,4,0.00005000
1764072000002,4,0.00003163
1764086400007,4,-0.00001670
1764100800009,4,-0.00004523
1764115200001,4,0.00004319
1764129600006,4,0.00003717
1764144000001,4,0.00003784
1764158400001,4,0.00002982
1764172800000,4,0.00002233
1764187200001,4,0.00004882
1764201600013,4,-1.9E-7
1764216000007,4,-0.00002522
1764230400000,4,0.00005000
1764244800002,4,0.00002457
1764259200004,4,0.00003329
1764273600004,4,0.00005000
1764288000008,4,0.00002604
1764302400000,4,-0.00001879
1764316800000,4,0.00002840
1764331200004,4,-0.00010371
1764345600008,4,-0.00021330
1764360000010,4,0.00002004
1764374400000,4,-0.00007241
1764388800002,4,-0.00014184
1764403200005,4,-0.00015919
1764417600003,4,-0.00010416
1764432000001,4,-0.00003119
1764446400000,4,-0.00012391
1764460800003,4,-0.00008923
1764475200004,4,-0.00001363
1764489600000,4,-0.00004881
1764504000000,4,-0.00008849
1764518400004,4,-0.00000674
1764532800006,4,-0.00000817
1764547200000,4,0.00005000
1764561600000,4,-0.00006840
1764576000004,4,0.00003946
1764590400000,4,0.00000487
1764604800000,4,-0.00002242
1764619200000,4,-0.00004981
1764633600004,4,0.00003965
1764648000000,4,0.00003516
1764662400000,4,-0.00005220
1764676800004,4,-0.00003732
1764691200000,4,0.00004801
1764705600000,4,0.00004534
1764720000000,4,0.00003633
1764734400004,4,-0.00004312
1764748800000,4,0.00001446
1764763200001,4,-0.00004661
1764777600005,4,0.00005000
1764792000002,4,-0.00004254
1764806400012,4,0.00005000
1764820800000,4,-0.00001186
1764835200000,4,0.00003012
1764849600005,4,0.00004423
1764864000011,4,0.00005000
1764878400000,4,0.00005000
1764892800000,4,0.00005000
1764907200000,4,-0.00001175
1764921600000,4,0.00002085
1764936000001,4,0.00005000
1764950400010,4,0.00004116
1764964800001,4,0.00000640
1764979200001,4,0.00002977
1764993600000,4,0.00005000
1765008000001,4,0.00000550
1765022400000,4,0.00002020
1765036800008,4,-0.00000679
1765051200000,4,0.00000864
1765065600000,4,0.00005000
1765080000000,4,-0.00001857
1765094400004,4,-0.00005113
1765108800004,4,0.00004119
1765123200000,4,0.00003865
1765137600000,4,0.00002645
1765152000000,4,-0.00001084
1765166400000,4,0.00005000
1765180800000,4,0.00005000
1765195200001,4,0.00005000
1765209600001,4,0.00004248
1765224000000,4,0.00003422
1765238400001,4,0.00002298
1765252800004,4,0.00004493
1765267200001,4,0.00005000
1765281600000,4,0.00005000
1765296000007,4,0.00002367
1765310400001,4,0.00005000
1765324800007,4,-0.00001139
1765339200012,4,-0.00002673
1765353600002,4,-0.00002447
1765368000000,4,-0.00006105
1765382400012,4,-0.00006223
1765396800000,4,-0.00001473
1765411200001,4,-0.00003113
1765425600000,4,0.00002886
1765440000000,4,-0.00003231
1765454400000,4,0.00001114
1765468800000,4,-0.00007151
1765483200001,4,-0.00005027
1765497600005,4,0.00000204
1765512000000,4,-0.00001757
1765526400007,4,0.00001803
1765540800000,4,0.00003930
1765555200002,4,-0.00000934
1765569600004,4,-0.00007517
1765584000001,4,0.00005000
1765598400006,4,0.00005000
1765612800006,4,0.00005000
1765627200002,4,0.00005000
1765641600000,4,0.00005000
1765656000000,4,0.00005000
1765670400000,4,0.00005000
1765684800001,4,0.00004385
1765699200003,4,0.00004361
1765713600000,4,0.00005000
1765728000005,4,0.00002777
1765742400000,4,0.00001249
1765756800000,4,0.00001818
1765771200001,4,0.00005000
1765785600000,4,0.00005000
1765800000000,4,0.00005000
1765814400000,4,0.00002560
1765828800000,4,-0.00003191
1765843200002,4,-0.00000867
1765857600000,4,0.00004657
1765872000000,4,0.00001670
1765886400008,4,0.00001546
1765900800002,4,0.00001842
1765915200000,4,-0.00000612
1765929600004,4,0.00003021
1765944000002,4,0.00002572
1765958400000,4,0.00005000
1765972800000,4,9.0E-7
1765987200000,4,0.00002185
1766001600001,4,0.00000537
1766016000005,4,-0.00002684
1766030400000,4,-0.00004685
1766044800007,4,-0.00005739
1766059200000,4,-0.00013563
1766073600001,4,0.00005000
1766088000000,4,-0.00005829
1766102400000,4,-0.00003069
1766116800000,4,-0.00001364
1766131200001,4,-0.00009530
1766145600000,4,-0.00013527
1766160000000,4,0.00003034
1766174400000,4,0.00004007
1766188800005,4,0.00003438
1766203200001,4,0.00005000
1766217600000,4,0.00005000
1766232000000,4,0.00005000
1766246400002,4,0.00005000
1766260800009,4,0.00005000
1766275200000,4,0.00005000
1766289600003,4,0.00005000
1766304000009,4,0.00005000
1766318400000,4,0.00000360
1766332800000,4,-0.00004587
1766347200009,4,-6.3E-7
1766361600000,4,0.00005000
1766376000000,4,0.00004368
1766390400005,4,0.00002272
1766404800002,4,0.00000393
1766419200009,4,-0.00000907
1766433600001,4,-0.00036797
1766448000000,4,-0.00017954
1766462400000,4,-0.00011455
1766476800000,4,-0.00013693
1766491200000,4,-0.00025429
1766505600001,4,-0.00003930
1766520000005,4,0.00003014
1766534400001,4,0.00001684
1766548800000,4,0.00000954
1766563200001,4,-0.00005179
1766577600002,4,-0.00013334
1766592000000,4,0.00001085
1766606400003,4,0.00003433
1766620800000,4,0.00002090
1766635200000,4,0.00002758
1766649600001,4,-0.00002492
1766664000008,4,-0.00000525
1766678400005,4,-0.00004297
1766692800001,4,0.00004905
1766707200004,4,-0.00001422
1766721600005,4,0.00004721
1766736000001,4,0.00005000
1766750400000,4,-0.00000219
1766764800007,4,0.00005000
1766779200000,4,0.00005000
1766793600000,4,0.00005000
1766808000000,4,0.00005000
1766822400000,4,0.00005000
1766836800000,4,0.00005000
1766851200011,4,0.00005000
1766865600003,4,0.00005000
1766880000008,4,0.00005000
1766894400000,4,0.00005000
1766908800000,4,0.00005000
1766923200010,4,0.00005000
1766937600000,4,0.00005000
1766952000002,4,0.00005000
1766966400016,4,0.00005000
1766980800000,4,0.00005000
1766995200001,4,0.00005000
1767009600001,4,0.00001193
1767024000000,4,0.00001032
1767038400000,4,0.00002173
1767052800005,4,0.00000550
1767067200012,4,-0.00008310
1767081600001,4,-0.00010440
1767096000000,4,-0.00016551
1767110400003,4,0.00001446
1767124800001,4,-1.9E-7
1767139200004,4,-0.00002260
1767153600008,4,0.00005000
1767168000001,4,0.00005000
1767182400007,4,0.00005000
1767196800001,4,0.00004979
1767211200009,4,-0.00012840
1767225600008,4,2E-8
1767240000000,4,0.00004350
1767254400002,4,0.00005000
1767268800007,4,0.00005000
1767283200001,4,0.00005000
1767297600005,4,0.00005000
1767312000006,4,0.00005000
1767326400000,4,0.00005000
1767340800007,4,0.00005000
1767355200000,4,0.00005000
1767369600000,4,0.00005000
1767384000000,4,0.00005000
1767398400001,4,0.00005000
1767412800000,4,0.00005000
1767427200000,4,0.00005000
1767441600008,4,0.00005000
1767456000000,4,0.00005000
1767470400001,4,0.00005000
1767484800000,4,0.00005000
1767499200000,4,0.00005000
1767513600000,4,0.00005000
1767528000001,4,0.00005000
1767542400001,4,0.00005000
1767556800002,4,0.00005000
1767571200000,4,0.00005000
1767585600001,4,0.00002433
1767600000000,4,0.00001406
1767614400000,4,0.00005000
1767628800000,4,0.00005000
1767643200000,4,0.00005000
1767657600010,4,0.00005000
1767672000000,4,0.00005000
1767686400000,4,0.00005000
1767700800000,4,0.00004003
1767715200000,4,0.00003450
1767729600002,4,-0.00006872
1767744000001,4,0.00005000
1767758400003,4,0.00005000
1767772800001,4,0.00005000
1767787200000,4,-0.00002475
1767801600001,4,0.00001177
1767816000001,4,0.00001543
1767830400001,4,0.00000516
1767844800000,4,-0.00000166
1767859200000,4,0.00000473
1767873600002,4,-0.00000991
1767888000000,4,0.00002886
1767902400000,4,0.00002193
1767916800003,4,-0.00003220
1767931200000,4,-0.00007080
1767945600000,4,-0.00009039
1767960000000,4,-0.00002394
1767974400001,4,0.00003223
1767988800005,4,0.00002210
1768003200000,4,0.00003110
1768017600000,4,-0.00001743
1768032000002,4,-0.00001436
1768046400000,4,0.00005000
1768060800001,4,0.00005000
1768075200014,4,0.00005000
1768089600003,4,0.00005000
1768104000000,4,-0.00001980
1768118400006,4,-0.00000705
1768132800000,4,0.00003132
1768147200000,4,0.00005000
1768161600002,4,0.00005000
1768176000005,4,0.00000819
1768190400008,4,-0.00001233
1768204800000,4,-0.00001787
1768219200000,4,-0.00009475
1768233600000,4,-0.00006516
1768248000000,4,-0.00002400
1768262400007,4,-0.00001285
1768276800000,4,-0.00001928
1768291200009,4,0.00005000
1768305600000,4,0.00005000
1768320000002,4,0.00005000
1768334400003,4,0.00005000
1768348800000,4,0.00005000
1768363200001,4,0.00005000
1768377600001,4,0.00005000
1768392000000,4,0.00005000
1768406400004,4,0.00005000
1768420800007,4,0.00005000
1768435200000,4,0.00005000
1768449600008,4,0.00005000
1768464000004,4,0.00005000
1768478400000,4,0.00003239
1768492800002,4,0.00002789
1768507200000,4,0.00000542
1768521600000,4,-0.00005032
1768536000000,4,0.00005000
1768550400000,4,0.00003165
1768564800001,4,-0.00008560
1768579200001,4,0.00001260
1768593600003,4,-0.00001581
1768608000000,4,0.00005000
1768622400000,4,0.00005000
1768636800000,4,0.00003477
1768651200000,4,0.00004054
1768665600002,4,0.00005000
1768680000002,4,0.00003009
1768694400001,4,0.00005000
1768708800002,4,0.00005000
1768723200000,4,-0.00000980
1768737600000,4,-0.00004842
1768752000000,4,-0.00002616
1768766400011,4,0.00005000
1768780800007,4,0.00003315
1768795200002,4,-0.00001497
1768809600007,4,-0.00024178
1768824000000,4,-0.00014538
1768838400007,4,-0.00021895
1768852800000,4,-0.00015896
1768867200005,4,-0.00004548
1768881600008,4,0.00004363
1768896000001,4,0.00005000
1768910400007,4,-0.00000401
1768924800009,4,0.00003683
1768939200002,4,0.00005000
1768953600001,4,0.00004153
1768968000009,4,0.00002935
1768982400011,4,0.00005000
1768996800000,4,0.00005000
1769011200011,4,0.00000771
1769025600000,4,0.00003442
1769040000010,4,0.00001417
1769054400011,4,0.00002428
1769068800003,4,0.00004817
1769083200000,4,0.00005000
1769097600005,4,-0.00000513
1769112000000,4,-0.00000364
1769126400005,4,-0.00002144
1769140800000,4,0.00004042
1769155200000,4,0.00005000
1769169600002,4,0.00005000
1769184000011,4,0.00003530
1769198400000,4,-0.00002748
1769212800011,4,0.00003078
1769227200008,4,-0.00002450
1769241600002,4,-0.00005095
1769256000000,4,-0.00001709
1769270400001,4,0.00000632
1769284800008,4,-0.00004855
1769299200002,4,0.00004133
1769313600000,4,-0.00001985
1769328000011,4,0.00005000
1769342400000,4,0.00004388
1769356800005,4,-0.00001432
1769371200001,4,0.00001251
1769385600000,4,0.00004703
1769400000000,4,0.00000463
1769414400003,4,0.00005000
1769428800000,4,0.00002119
1769443200000,4,0.00003781
1769457600000,4,0.00003150
1769472000002,4,0.00005000
1769486400002,4,0.00005000
1769500800000,4,0.00005000
1769515200006,4,0.00005000
1769529600000,4,0.00005000
1769544000000,4,0.00000748
1769558400000,4,0.00002571
1769572800008,4,0.00005000
1769587200000,4,0.00003695
1769601600005,4,0.00002185
1769616000000,4,-0.00000498
1769630400004,4,0.00005000
1769644800000,4,0.00001259
1769659200000,4,-0.00000679
1769673600009,4,0.00002459
1769688000000,4,0.00002166
1769702400000,4,-0.00006573
1769716800004,4,-0.00008018
1769731200008,4,0.00000498
1769745600005,4,0.00000998
1769760000000,4,-0.00005646
1769774400005,4,0.00002068
1769788800001,4,0.00000140
1769803200004,4,0.00005000
1769817600000,4,0.00005000
1769832000002,4,-0.00007609
1769846400001,4,-0.00019225
1769860800010,4,0.00003563
1769875200009,4,-0.00008107
1769889600012,4,-0.00013945
1769904000001,4,-0.00010098
1769918400000,4,-0.00023174
1769932800004,4,-0.00004429
1769947200004,4,0.00000887
1769961600000,4,0.00005000
1769976000004,4,-0.00000145
1769990400000,4,-0.00000158
1770004800000,4,-0.00004255
1770019200014,4,4.6E-7
1770033600009,4,-0.00000602
1770048000000,4,-0.00002486
1770062400000,4,-0.00005769
1770076800000,4,-0.00016201
1770091200001,4,-0.00004593
1770105600007,4,0.00005000
1770120000006,4,0.00004983
1770134400000,4,-0.00000658
1770148800009,4,-0.00010527
1770163200002,4,0.00005000
1770177600004,4,0.00002151
1770192000007,4,-0.00002299
1770206400010,4,0.00005000
1770220800000,4,0.00005000
1770235200001,4,0.00005000
1770249600011,4,0.00005000
1770264000001,4,-0.00000925
1770278400000,4,0.00005000
1770292800006,4,0.00003099
1770307200007,4,0.00002586
1770321600000,4,0.00003145
1770336000000,4,-0.00000313
1770350400001,4,-0.00004071
1770364800001,4,-0.00001824
1770379200003,4,-0.00004388
1770393600000,4,0.00001203
1770408000005,4,-0.00000125
1770422400003,4,0.00003838
1770436800024,4,0.00002718
1770451200000,4,-0.00005116
1770465600007,4,0.00002380
1770480000010,4,0.00004524
1770494400000,4,0.00001150
1770508800003,4,0.00004680
1770523200002,4,-0.00008068
1770537600000,4,-0.00008031
1770552000005,4,0.00004095
1770566400000,4,0.00003743
1770580800000,4,0.00005000
1770595200002,4,0.00005000
1770609600012,4,0.00005000
1770624000001,4,0.00005000
1770638400003,4,-0.00007371
1770652800007,4,0.00003625
1770667200006,4,0.00005000
1770681600000,4,0.00003151
1770696000000,4,0.00003698
1770710400007,4,-0.00003130
1770724800000,4,0.00005000
1770739200000,4,0.00003659
1770753600007,4,-0.00002956
1770768000000,4,0.00005000
1770782400000,4,-0.00000903
1770796800006,4,-0.00015698
1770811200000,4,-0.00013861
1770825600000,4,0.00002409
1770840000003,4,0.00000512
1770854400000,4,0.00004132
1770868800000,4,-0.00009438
1770883200001,4,-0.00014157
1770897600002,4,-0.00003138
1770912000001,4,-0.00009575
1770926400006,4,0.00005000
1770940800007,4,0.00004792
1770955200000,4,0.00005000
1770969600003,4,0.00005000
1770984000000,4,0.00005000
1770998400005,4,0.00005000
1771012800006,4,0.00005000
1771027200002,4,0.00005000
1771041600007,4,0.00005000
1771056000004,4,0.00005000
1771070400000,4,0.00001991
1771084800002,4,0.00005000
1771099200000,4,0.00005000
1771113600000,4,0.00005000
1771128000000,4,0.00005000
1771142400002,4,0.00005000
1771156800005,4,0.00002521
1771171200000,4,0.00005000
1771185600009,4,0.00002870
1771200000001,4,0.00004488
1771214400004,4,0.00000579
1771228800003,4,0.00003557
1771243200000,4,0.00001732
1771257600000,4,-0.00003078
1771272000009,4,0.00002294
1771286400008,4,-0.00001092
1771300800003,4,-0.00000286
1771315200001,4,0.00002539
1771329600000,4,-0.00003524
1771344000002,4,0.00005000
1771358400002,4,0.00005000
1771372800000,4,0.00005000
1771387200000,4,0.00003226
1771401600000,4,-0.00000888
1771416000007,4,0.00003885
1771430400011,4,-0.00000154
1771444800004,4,0.00002146
1771459200013,4,0.00004189
1771473600003,4,0.00004733
1771488000000,4,0.00000505
1771502400011,4,0.00005000
1771516800003,4,0.00000317
1771531200000,4,0.00002840
1771545600000,4,0.00001249
1771560000003,4,-0.00004900
1771574400000,4,0.00002629
1771588800000,4,0.00005000
1771603200000,4,0.00004130
1771617600000,4,0.00001716
1771632000004,4,0.00005000
1771646400000,4,0.00005000
1771660800000,4,-0.00001833
1771675200013,4,0.00005000
1771689600005,4,0.00005000
1771704000000,4,0.00005000
1771718400001,4,0.00002331
1771732800008,4,-0.00004444
1771747200004,4,-0.00003394
1771761600008,4,-0.00001173
1771776000000,4,-0.00001690
1771790400000,4,0.00005000
1771804800001,4,0.00003050
1771819200000,4,-0.00003250
1771833600000,4,0.00005000
1771848000003,4,0.00005000
1771862400000,4,0.00005000
1771876800000,4,0.00005000
1771891200007,4,0.00005000
1771905600000,4,0.00005000
1771920000000,4,0.00005000
1771934400000,4,0.00005000
1771948800001,4,0.00005000
1771963200002,4,0.00005000
1771977600001,4,0.00005000
1771992000000,4,0.00005000
1772006400007,4,0.00005000
1772020800000,4,0.00004041
1772035200000,4,0.00005000
1772049600006,4,0.00005000
1772064000000,4,0.00005000
1772078400000,4,-0.00001953
1772092800006,4,0.00005000
1772107200004,4,0.00005000
1772121600002,4,0.00005000
1772136000001,4,0.00005000
1772150400007,4,0.00000716
1772164800000,4,0.00005000
1772179200000,4,0.00003375
1772193600000,4,0.00003599
1772208000001,4,0.00005000
1772222400007,4,0.00005000
1772236800000,4,0.00005000
1772251200002,4,0.00005000
1772265600000,4,0.00003846
1772280000001,4,0.00003675
1772294400004,4,0.00005000
1772308800000,4,0.00002246
1772323200005,4,0.00002560
1772337600000,4,0.00003822
1772352000000,4,0.00002532
1772366400000,4,0.00005000
1772380800002,4,0.00002226
1772395200001,4,0.00004241
1772409600001,4,0.00005000
1772424000001,4,0.00005000
1772438400007,4,0.00000822
1772452800002,4,0.00001012
1772467200000,4,0.00003055
1772481600000,4,0.00003433
1772496000000,4,0.00004345
1772510400009,4,0.00002716
1772524800000,4,-0.00001922
1772539200017,4,0.00001313
1772553600007,4,0.00000438
1772568000000,4,0.00005000
1772582400001,4,0.00004045
1772596800000,4,0.00005000
1772611200005,4,0.00005000
1772625600008,4,0.00005000
1772640000000,4,0.00005000
1772654400000,4,0.00005000
1772668800000,4,0.00005000
1772683200000,4,0.00005000
1772697600000,4,0.00004350
1772712000000,4,0.00005000
1772726400004,4,0.00005000
1772740800000,4,0.00005000
1772755200001,4,0.00003494
1772769600003,4,0.00005000
1772784000001,4,0.00005000
1772798400005,4,0.00005000
1772812800004,4,0.00005000
1772827200010,4,0.00005000
1772841600001,4,0.00005000
1772856000006,4,0.00005000
1772870400012,4,0.00005000
1772884800000,4,0.00005000
1772899200001,4,0.00005000
1772913600000,4,0.00005000
1772928000001,4,0.00005000
1772942400010,4,0.00005000
1772956800000,4,0.00005000
1772971200002,4,0.00005000
1772985600002,4,0.00005000
1773000000000,4,0.00005000
1773014400000,4,0.00003292
1773028800006,4,0.00005000
1773043200004,4,0.00005000
1773057600001,4,0.00005000
1773072000003,4,0.00005000
1773086400000,4,0.00005000
1773100800012,4,0.00005000
1773115200000,4,0.00005000
1773129600002,4,0.00005000
1773144000004,4,0.00005000
1773158400001,4,0.00005000
1773172800004,4,0.00000536
1773187200000,4,0.00005000
1773201600000,4,0.00005000
1773216000007,4,0.00005000
1773230400003,4,0.00005000
1773244800010,4,0.00005000
1773259200004,4,-0.00000517
1773273600000,4,0.00000528
1773288000001,4,-0.00001079
1773302400000,4,0.00005000
1773316800006,4,0.00000351
1773331200000,4,0.00005000
1773345600006,4,0.00004338
1773360000006,4,0.00004133
1773374400005,4,-0.00002450
1773388800001,4,0.00000938
1773403200003,4,0.00004760
1773417600000,4,0.00005000
1773432000000,4,0.00005000
1773446400001,4,0.00005000
1773460800002,4,0.00005000
1773475200000,4,0.00005000
1773489600000,4,0.00005000
1773504000007,4,0.00005000
1773518400000,4,0.00005000
1773532800000,4,0.00005000
1773547200000,4,0.00005000
1773561600000,4,0.00005000
1773576000002,4,0.00005000
1773590400000,4,0.00005000
1773604800000,4,0.00005000
1773619200000,4,0.00005000
1773633600006,4,0.00005000
1773648000010,4,0.00005000
1773662400002,4,0.00005000
1773676800000,4,0.00005000
1773691200001,4,0.00005000
1773705600000,4,0.00005000
1773720000008,4,0.00005000
1773734400002,4,0.00005000
1773748800012,4,0.00005000
1773763200011,4,0.00005000
1773777600000,4,0.00005000
1773792000002,4,0.00005000
1773806400000,4,0.00005000
1773820800002,4,0.00005000
1773835200001,4,0.00005000
1773849600005,4,0.00005000
1773864000008,4,0.00005000
1773878400000,4,0.00003678
1773892800000,4,-0.00160420
1773907200003,4,0.00005000
1773921600002,4,0.00005000
1773936000003,4,0.00005000
1773950400000,4,0.00005000
1773964800002,4,0.00004906
1773979200008,4,0.00003119
1773993600000,4,0.00005000
1774008000000,4,0.00005000
1774022400000,4,0.00001513
1774036800007,4,0.00003049
1774051200000,4,0.00003420
1774065600002,4,0.00002994
1774080000000,4,-0.00000848
1774094400003,4,-0.00000228
1774108800014,4,0.00005000
1774123200000,4,0.00003097
1774137600012,4,0.00004138
1774152000003,4,0.00001760
1774166400007,4,0.00005000
1774180800000,4,0.00001431
1774195200002,4,0.00002662
1774209600000,4,0.00004867
1774224000000,4,-0.00003725
1774238400000,4,0.00002122
1774252800003,4,0.00001048
1774267200000,4,0.00004774
1774281600002,4,-0.00001764
1774296000000,4,0.00000242
1774310400000,4,0.00005000
1774324800001,4,0.00000926
1774339200000,4,0.00002867
1774353600000,4,0.00002956
1774368000003,4,0.00005000
1774382400000,4,0.00005000
1774396800000,4,0.00005000
1774411200000,4,0.00003003
1774425600000,4,0.00005000
1774440000005,4,0.00005000
1774454400013,4,0.00005000
1774468800001,4,0.00005000
1774483200001,4,0.00005000
1774497600002,4,0.00003453
1774512000001,4,0.00004553
1774526400000,4,0.00000143
1774540800000,4,0.00002332
1774555200003,4,0.00005000
1774569600006,4,0.00005000
1774584000001,4,0.00003089
1774598400000,4,-0.00003864
1774612800002,4,-0.00000212
1774627200000,4,-0.00006853
1774641600000,4,-0.00011838
1774656000005,4,-0.00004577
1774670400003,4,0.00005000
1774684800005,4,0.00000448
1774699200006,4,0.00003815
1774713600000,4,-0.00000449
1774728000003,4,0.00001191
1774742400003,4,0.00005000
1774756800000,4,0.00004185
1774771200001,4,0.00004175
1774785600000,4,0.00003182
1774800000000,4,0.00005000
1774814400000,4,0.00003315
1774828800000,4,0.00005000
1774843200012,4,0.00005000
1774857600005,4,0.00005000
1774872000005,4,0.00001047
1774886400000,4,0.00005000
1774900800000,4,0.00005000
1774915200000,4,0.00003086
1774929600000,4,0.00002654
1774944000000,4,0.00005000
1774958400001,4,0.00005000
1774972800000,4,0.00002067
1774987200002,4,0.00001102
1775001600000,4,0.00003143
1775016000004,4,0.00003072
1775030400000,4,0.00001597
1775044800000,4,0.00002667
1775059200000,4,-0.00001833
1775073600000,4,0.00001757
1775088000003,4,0.00003702
1775102400003,4,0.00000885
1775116800001,4,0.00000789
1775131200003,4,0.00000289
1775145600001,4,-3E-8
1775160000003,4,-0.00000493
1775174400000,4,0.00003088
1775188800000,4,0.00001931
1775203200008,4,0.00003008
1775217600006,4,-0.00000803
1775232000008,4,0.00000580
1775246400001,4,-0.00000403
1775260800000,4,3E-8
1775275200001,4,0.00003688
1775289600003,4,0.00005000
1775304000000,4,0.00001525
1775318400000,4,0.00005000
1775332800000,4,0.00003889
1775347200008,4,0.00005000
1775361600002,4,-0.00002601
1775376000000,4,-0.00010393
1775390400003,4,0.00005000
1775404800001,4,-0.00000528
1775419200003,4,0.00005000
1775433600004,4,0.00005000
1775448000005,4,0.00005000
1775462400001,4,0.00004974
1775476800002,4,0.00001035
1775491200003,4,0.00005000
1775505600000,4,-0.00002004
1775520000000,4,-0.00002254
1775534400003,4,0.00005000
1775548800000,4,0.00004309
1775563200008,4,-0.00004237
1775577600000,4,0.00004525
1775592000000,4,-0.00006367
1775606400000,4,0.00005000
1775620800002,4,0.00005000
1775635200000,4,0.00005000
1775649600013,4,0.00005000
1775664000006,4,0.00000426
1775678400005,4,0.00002499
1775692800000,4,-0.00001622
1775707200005,4,-0.00008901
1775721600010,4,-0.00007824
1775736000001,4,-0.00002454
1775750400001,4,0.00005000
1775764800001,4,0.00002594
1775779200000,4,0.00005000
1775793600000,4,0.00003924
1775808000005,4,-6.8E-7
1775822400000,4,0.00005000
1775836800000,4,0.00005000
1775851200002,4,0.00005000
1775865600000,4,0.00005000
1775880000009,4,0.00005000
1775894400000,4,0.00001093
1775908800002,4,0.00000568
1775923200003,4,0.00003610
1775937600001,4,0.00005000
1775952000000,4,0.00005000
1775966400000,4,-0.00007219
1775980800000,4,-0.00004200
1775995200000,4,-0.00003343
1776009600000,4,-0.00004514
1776024000013,4,-0.00003114
1776038400011,4,0.00005000
1776052800003,4,0.00002129
1776067200006,4,-0.00005359
1776081600010,4,-0.00011626
1776096000000,4,-0.00003579
1776110400000,4,0.00005000
1776124800005,4,0.00005000
1776139200000,4,0.00005000
1776153600003,4,0.00005000
1776168000000,4,0.00005000
1776182400001,4,0.00005000
1776196800009,4,0.00005000
1776211200000,4,0.00005000
1776225600000,4,0.00005000
1776240000000,4,0.00005000
1776254400000,4,0.00005000
1776268800000,4,0.00005000
1776283200009,4,0.00005000
1776297600013,4,0.00005000
1776312000008,4,0.00005000
1776326400000,4,0.00005000
1776340800004,4,0.00005000
1776355200000,4,0.00005000
1776369600000,4,0.00005000
1776384000001,4,0.00005000
1776398400003,4,0.00005000
1776412800011,4,0.00005000
1776427200003,4,0.00005000
1776441600001,4,0.00005000
1776456000005,4,0.00005000
1776470400001,4,0.00005000
1776484800003,4,0.00005000
1776499200006,4,0.00005000
1776513600000,4,0.00005000
1776528000000,4,0.00005000
1776542400002,4,0.00005000
1776556800002,4,0.00004253
1776571200000,4,0.00002038
1776585600010,4,0.00005000
1776600000003,4,0.00001117
1776614400001,4,-0.00001223
1776628800005,4,0.00005000
1776643200000,4,0.00005000
1776657600001,4,0.00000375
1776672000000,4,0.00001831
1776686400009,4,0.00005000
1776700800001,4,0.00005000
1776715200000,4,0.00002977
1776729600000,4,0.00004001
1776744000000,4,0.00000712
1776758400004,4,0.00001494
1776772800000,4,0.00005000
1776787200004,4,0.00005000
1776801600003,4,0.00001541
1776816000004,4,0.00002325
1776830400003,4,0.00003368
1776844800000,4,0.00005000
1776859200000,4,0.00005000
1776873600000,4,0.00003731
1776888000003,4,0.00003323
1776902400000,4,0.00005000
1776916800000,4,0.00000872
1776931200000,4,0.00001408
1776945600000,4,-0.00000748
1776960000004,4,0.00002093
1776974400006,4,0.00004168
1776988800006,4,0.00003945
1777003200000,4,0.00005000
1777017600000,4,0.00000178
1777032000002,4,0.00005000
1777046400000,4,0.00005000
1777060800003,4,0.00005000
1777075200000,4,0.00005000
1777089600005,4,0.00005000
1777104000002,4,0.00005000
1777118400001,4,0.00001028
1777132800002,4,-0.00002874
1777147200001,4,0.00005000
1777161600003,4,0.00005000
1777176000001,4,0.00005000
1777190400007,4,0.00005000
1777204800001,4,0.00005000
1777219200004,4,0.00005000
1777233600014,4,0.00005000
1777248000004,4,0.00005000
1777262400000,4,0.00005000
1777276800000,4,0.00005000
1777291200004,4,0.00005000
1777305600002,4,0.00005000
1777320000000,4,0.00005000
1777334400001,4,0.00005000
1777348800006,4,0.00005000
1777363200000,4,0.00005000
1777377600000,4,0.00005000
1777392000004,4,0.00005000
1777406400001,4,0.00005000
1777420800006,4,0.00005000
1777435200003,4,0.00005000
1777449600011,4,0.00005000
1777464000000,4,0.00005000
1777478400003,4,0.00004094
1777492800004,4,0.00005000
1777507200002,4,7.2E-7
1777521600000,4,-0.00002724
1777536000000,4,-0.00003034
1777550400000,4,-0.00002925
1777564800000,4,0.00001868
1777579200002,4,0.00002763
1777593600000,4,0.00005000
1777608000003,4,0.00002600
1777622400005,4,0.00005000
1777636800000,4,0.00002382
1777651200000,4,0.00005000
1777665600009,4,0.00004084
1777680000006,4,-0.00003127
1777694400000,4,0.00005000
1777708800000,4,0.00003689
1777723200009,4,0.00005000
1777737600010,4,0.00000215
1777752000000,4,0.00005000
1777766400005,4,0.00003167
1777780800014,4,0.00000236
1777795200003,4,0.00005000
1777809600004,4,0.00003770
1777824000000,4,0.00002406
1777838400000,4,0.00005000
1777852800000,4,0.00005000
1777867200003,4,0.00005000
1777881600000,4,0.00005000
1777896000000,4,0.00004901
1777910400003,4,0.00005000
1777924800007,4,0.00000399
1777939200000,4,0.00005000
1777953600000,4,0.00005000
1777968000011,4,0.00005000
1777982400006,4,0.00005000
1777996800000,4,0.00005000
1778011200000,4,0.00005000
1778025600010,4,0.00005000
1778040000000,4,0.00005000
1778054400000,4,0.00005000
1778068800000,4,0.00005000
1778083200002,4,0.00003789
1778097600000,4,0.00004152
1778112000000,4,0.00005000
1778126400001,4,0.00001849
1778140800000,4,0.00005000
1778155200000,4,0.00005000
1778169600004,4,0.00004427
1778184000005,4,0.00005000
1778198400003,4,0.00005000
1778212800000,4,0.00005000
1778227200002,4,0.00005000
1778241600000,4,0.00005000
1778256000003,4,0.00005000
1778270400000,4,0.00005000
1778284800000,4,0.00005000
1778299200000,4,0.00005000
1778313600001,4,0.00005000
1778328000000,4,0.00005000
1778342400002,4,-7.1E-7
1778356800000,4,0.00005000
1778371200003,4,-0.00000642
1778385600005,4,0.00003754
1778400000000,4,0.00005000
1778414400007,4,0.00005000
1778428800000,4,0.00005000
1778443200002,4,0.00005000
1778457600000,4,0.00005000
1778472000000,4,0.00005000
1778486400000,4,2.7E-7
1778500800001,4,0.00001283
1778515200000,4,0.00005000
1778529600014,4,0.00005000
1778544000002,4,0.00005000
1778558400000,4,0.00005000
1778572800008,4,0.00005000
1778587200003,4,0.00001185
1778601600000,4,0.00003328
1778616000000,4,0.00005000
1778630400010,4,0.00005000
1778644800003,4,0.00005000
1778659200003,4,0.00005000
1778673600004,4,0.00005000
1778688000001,4,-0.00001074
1778702400004,4,-0.00001637
1778716800005,4,0.00005000
1778731200005,4,0.00005000
1778745600000,4,0.00005000
1778760000001,4,0.00005000
1778774400000,4,0.00005000
1778788800000,4,0.00005000
1778803200000,4,0.00005000
1778817600006,4,0.00005000
1778832000016,4,-0.00003109
1778846400001,4,0.00002392
1778860800012,4,-0.00003601
1778875200001,4,0.00000504
1778889600005,4,-0.00012156
1778904000000,4,0.00003101
1778918400000,4,-0.00000825
1778932800002,4,-0.00001462
1778947200005,4,0.00000897
1778961600000,4,0.00005000
1778976000000,4,0.00005000
1778990400012,4,0.00005000
1779004800010,4,0.00005000
1779019200014,4,0.00004135
1779033600009,4,0.00003671
1779048000002,4,0.00003904
1779062400007,4,0.00002684
1779076800000,4,0.00001522
1779091200002,4,0.00005000
1779105600001,4,-0.00000164
1779120000007,4,0.00005000
1779134400000,4,0.00005000
1779148800001,4,-0.00000933
1779163200003,4,0.00005000
1779177600001,4,0.00005000
1779192000000,4,-0.00005751
1779206400009,4,0.00004576
1779220800001,4,0.00005000
1779235200001,4,0.00005000
1779249600001,4,0.00005000
1779264000006,4,0.00005000
1779278400001,4,0.00005000
1779292800000,4,0.00004559
1779307200019,4,0.00005000
1779321600001,4,0.00005000
1779336000000,4,0.00005000
1779350400000,4,0.00005000
1779364800000,4,0.00000294
1779379200000,4,0.00005000
1779393600001,4,0.00005000
1779408000000,4,0.00005000
1779422400000,4,-0.00000248
1779436800004,4,0.00001403
1779451200000,4,0.00005000
1779465600001,4,0.00003218
1779480000002,4,0.00000633
1779494400009,4,0.00001153
1779508800006,4,0.00005000
1779523200001,4,0.00005000
1779537600000,4,-0.00001606
1779552000003,4,-0.00003369
1779566400007,4,0.00003664
1779580800011,4,0.00005000
1779595200001,4,0.00003475
1779609600008,4,0.00004938
1779624000001,4,0.00005000
1779638400000,4,0.00002928
1779652800002,4,0.00005000
1779667200001,4,0.00003238
1779681600000,4,0.00003246
1779696000001,4,0.00005000
1779710400008,4,0.00005000
1779724800001,4,0.00005000
1779739200000,4,0.00005000
1779753600000,4,0.00005000
1779768000003,4,0.00005000
1779782400003,4,0.00005000
1779796800000,4,0.00002783
1779811200000,4,0.00004438
1779825600000,4,0.00003955
1779840000000,4,-0.00001806
1779854400002,4,0.00005000
1779868800004,4,0.00005000
1779883200007,4,0.00005000
1779897600009,4,0.00005000
1779912000001,4,0.00005000
1779926400001,4,0.00005000
1779940800000,4,0.00001419
1779955200000,4,-0.00001536
1779969600000,4,0.00005000
1779984000001,4,0.00005000
1779998400005,4,0.00005000
1780012800000,4,0.00005000
1780027200000,4,0.00005000
1780041600001,4,0.00005000
1780056000001,4,0.00005000
1780070400008,4,0.00005000
1780084800000,4,0.00005000
1780099200000,4,0.00005000
1780113600004,4,0.00005000
1780128000001,4,0.00005000
1780142400000,4,0.00005000
1780156800000,4,0.00005000
1780171200000,4,0.00005000
1780185600000,4,0.00005000
1780200000006,4,0.00005000
1780214400000,4,-0.00002478
1780228800005,4,0.00004743
1780243200004,4,0.00004156
1780257600010,4,-0.00004774
1780272000001,4,0.00005000
1780286400006,4,0.00005000
1780300800001,4,0.00005000
1780315200000,4,0.00005000
1780329600000,4,0.00005000
1780344000000,4,0.00005000
1780358400000,4,0.00005000
1780372800008,4,0.00005000
1780387200000,4,0.00005000
1780401600002,4,0.00005000
1780416000000,4,0.00005000
1780430400000,4,0.00003040
1780444800013,4,0.00001934
1780459200000,4,5.0E-7
1780473600000,4,0.00002716
1780488000000,4,0.00005000
1780502400001,4,0.00005000
1780516800002,4,0.00005000
1780531200009,4,0.00005000
1780545600000,4,0.00005000
1780560000000,4,0.00005000
1780574400002,4,0.00005000
1780588800003,4,0.00005000
1780603200001,4,0.00005000
1780617600000,4,0.00005000
1780632000001,4,0.00005000
1780646400004,4,0.00000931
1780660800000,4,0.00002834
1780675200009,4,0.00001370
1780689600000,4,0.00005000
1780704000000,4,0.00005000
1780718400000,4,0.00005000
1780732800000,4,0.00005000
1780747200002,4,0.00005000
1780761600000,4,0.00005000
1780776000003,4,0.00005000
1780790400001,4,0.00005000
1780804800000,4,0.00005000
1780819200000,4,0.00005000
1780833600000,4,0.00005000
1780848000000,4,0.00005000
1780862400000,4,0.00005000
1780876800000,4,0.00005000
1780891200009,4,0.00005000
1780905600005,4,0.00005000
1780920000001,4,0.00005000
1780934400004,4,0.00005000
1780948800000,4,0.00005000
1780963200000,4,0.00005000
1780977600003,4,0.00005000
1780992000000,4,0.00005000
1781006400000,4,0.00005000
1781020800001,4,0.00003318
1781035200000,4,0.00005000
1781049600001,4,0.00005000
1781064000002,4,0.00005000
1781078400011,4,0.00005000
1781092800002,4,0.00005000
1781107200009,4,0.00005000
1781121600003,4,0.00005000
1781136000000,4,0.00005000
1781150400000,4,0.00005000
1781164800004,4,0.00005000
1781179200005,4,0.00005000
1781193600000,4,0.00005000
1781208000014,4,0.00005000
1781222400000,4,0.00005000
1781236800000,4,0.00005000
1781251200000,4,0.00005000
1781265600000,4,0.00005000
1781280000000,4,0.00005000
1781294400000,4,0.00005000
1781308800000,4,0.00005000
1781323200000,4,0.00005000
1781337600007,4,0.00005000
1781352000004,4,0.00005000
1781366400002,4,0.00005000
1781380800004,4,0.00005000
1781395200005,4,0.00005000
1781409600012,4,0.00005000
1781424000009,4,0.00003269
1781438400000,4,0.00005000
1781452800000,4,0.00005000
1781467200010,4,0.00001432
1781481600013,4,0.00005000
1781496000001,4,0.00005000
1781510400013,4,0.00005000
1781524800000,4,0.00005000
1781539200004,4,0.00005000
1781553600002,4,0.00005000
1781568000000,4,0.00005000
1781582400000,4,0.00005000
1781596800000,4,0.00005000
1781611200000,4,0.00005000
1781625600001,4,0.00002388
1781640000000,4,0.00001824
1781654400012,4,0.00005000
1781668800000,4,8.3E-7
1781683200000,4,-0.00000231
1781697600000,4,0.00003385
1781712000000,4,0.00005000
1781726400000,4,0.00005000
1781740800002,4,0.00005000
1781755200000,4,0.00005000
1781769600000,4,0.00005000
1781784000004,4,0.00005000
1781798400001,4,0.00005000
1781812800000,4,0.00005000
1781827200005,4,0.00005000
1781841600000,4,0.00005000
1781856000001,4,0.00005000
1781870400000,4,0.00005000
1781884800001,4,-0.00006836
1781899200000,4,0.00003574
1781913600001,4,0.00005000
1781928000000,4,0.00005000
1781942400000,4,0.00005000
1781956800001,4,0.00005000
1781971200001,4,0.00005000
1781985600000,4,-0.00000461
1782000000000,4,0.00005000
1782014400000,4,0.00003762
1782028800000,4,0.00005000
1782043200001,4,0.00005000
1782057600000,4,0.00005000
1782072000004,4,0.00005000
1782086400000,4,0.00005000
1782100800000,4,0.00005000
1782115200000,4,0.00005000
1782129600000,4,0.00005000
1782144000002,4,0.00005000
1782158400000,4,0.00005000
1782172800003,4,0.00005000
1782187200000,4,0.00005000
1782201600005,4,0.00005000
1782216000000,4,0.00005000
1782230400002,4,0.00005000
1782244800000,4,0.00005000
1782259200005,4,0.00005000
1782288000005,4,0.00005000
1782302400005,4,0.00005000
1782316800003,4,0.00005000
1782331200006,4,0.00005000
1782345600000,4,0.00005000
1782360000008,4,0.00005000
1782374400000,4,0.00005000
1782388800006,4,0.00005000
1782403200000,4,0.00005000
1782417600011,4,0.00005000
1782432000010,4,0.00005000
1782446400001,4,0.00005000
1782460800002,4,0.00005000
1782475200004,4,0.00005000
1782489600000,4,0.00005000
1782504000000,4,0.00005000
1782518400000,4,0.00005000
1782532800000,4,0.00001762
1782547200000,4,0.00002155
1782561600001,4,0.00001467
1782576000009,4,0.00005000
1782590400000,4,0.00005000
1782604800000,4,0.00001467
1782619200002,4,0.00000411
1782633600013,4,-0.00003928
1782648000008,4,-0.00001983
1782662400000,4,0.00003254
1782676800003,4,0.00005000
1782691200006,4,0.00005000
1782705600000,4,0.00005000
1782720000013,4,0.00005000
1782734400001,4,0.00005000
1782748800004,4,0.00005000
1782763200000,4,0.00005000
1782777600000,4,0.00005000
1782792000000,4,-0.00009268
1782806400000,4,0.00005000
1782820800002,4,-0.00000452
1782835200005,4,0.00000533
1782849600003,4,0.00003407
1782864000000,4,0.00005000
1782878400001,4,0.00001046
1782892800000,4,0.00001315
1782907200000,4,0.00005000
1782921600000,4,0.00000251
1782936000000,4,0.00002625
1782950400000,4,0.00005000
1782964800003,4,0.00005000
1782979200000,4,0.00005000
1782993600005,4,0.00005000
1783008000000,4,0.00005000
1783022400008,4,0.00005000
1783036800000,4,0.00005000
1783051200000,4,0.00005000
1783065600007,4,0.00005000
1783080000002,4,0.00005000
1783094400000,4,0.00005000
1783108800001,4,0.00005000
1783123200000,4,0.00005000
1783137600006,4,0.00005000
1783152000000,4,0.00005000
1783166400000,4,0.00005000
1783180800007,4,0.00005000
1783195200000,4,0.00005000
1783209600003,4,0.00005000
1783224000002,4,0.00005000
1783238400001,4,0.00005000
1783252800000,4,0.00005000
1783267200000,4,0.00005000
1783281600000,4,0.00005000
1783296000000,4,0.00005000
1783310400000,4,0.00005000
1783324800000,4,0.00005000
1783339200002,4,0.00005000
1783353600000,4,0.00005000
1783368000003,4,0.00005000
1783382400000,4,0.00005000
1783396800000,4,0.00005000
1783411200000,4,0.00005000
1783425600010,4,0.00005000
1783440000000,4,0.00005000
1783454400000,4,0.00005000
1783468800000,4,0.00005000
1783483200003,4,0.00005000
1783497600000,4,0.00005000
1783512000005,4,0.00005000
1783526400000,4,0.00005000
1783540800006,4,0.00005000
1783555200000,4,0.00005000
1783569600002,4,0.00005000
1783584000001,4,0.00005000
1783598400002,4,0.00005000
1783612800001,4,0.00005000
1783627200000,4,0.00005000
1783641600000,4,0.00005000
1783656000000,4,0.00005000
1783670400005,4,0.00005000
1783684800002,4,0.00005000
1783699200005,4,0.00005000
1783713600000,4,0.00005000
1783728000000,4,0.00005000
1783742400000,4,0.00005000
1783756800000,4,0.00005000
1783771200008,4,0.00005000
1783785600000,4,0.00005000
1783800000000,4,0.00005000
1783814400000,4,0.00005000
1783828800000,4,0.00005000
1783843200003,4,0.00005000
1783857600000,4,0.00005000
1783872000000,4,0.00005000
1783886400002,4,0.00005000
1783900800000,4,0.00005000
1783915200000,4,0.00005000
1783929600001,4,0.00005000
1783944000000,4,3.4E-7
1783958400004,4,-0.00002633
1783972800000,4,0.00003265
1783987200000,4,-0.00001288
1784001600000,4,-0.00003214
1784016000002,4,-0.00002140
1784030400001,4,0.00005000
1784044800001,4,-0.00000768
1784059200000,4,0.00000124
1784073600005,4,0.00002236
1784088000003,4,0.00004250
1784102400002,4,-0.00001464
1784116800003,4,0.00005000
1784131200000,4,0.00005000
1784145600002,4,0.00005000
1784160000000,4,0.00005000
1784174400003,4,0.00005000
1784188800003,4,0.00005000
1784203200001,4,0.00005000
1784217600002,4,0.00005000
1784232000002,4,0.00005000
1784246400000,4,0.00002900
1784260800000,4,0.00005000
1784275200010,4,0.00004389
1784289600004,4,0.00005000
1784304000004,4,0.00005000
1784318400000,4,0.00005000
1784332800000,4,0.00005000
1784347200000,4,0.00005000
1784361600000,4,0.00005000
1784376000002,4,0.00005000
1784390400001,4,0.00005000
1784404800004,4,0.00005000
1784419200003,4,0.00005000
1784433600000,4,0.00005000
1784448000000,4,0.00005000
1784462400000,4,0.00005000
1784476800001,4,0.00005000
1784491200004,4,0.00005000
1784505600000,4,0.00005000
1784520000000,4,0.00005000
1784534400001,4,0.00005000
1784548800000,4,0.00005000
1784563200004,4,0.00005000
1784577600002,4,0.00004102
1784592000001,4,0.00005000
1784606400000,4,0.00005000
1784620800000,4,0.00005000
1784635200000,4,0.00005000
1784649600002,4,0.00005000
1784664000000,4,0.00005000
1784678400000,4,0.00005000
1784692800008,4,0.00005000
1784707200000,4,0.00005000
1784721600000,4,0.00005000
1784736000001,4,0.00005000
1784750400000,4,0.00001948
1784764800000,4,0.00004630
1784779200006,4,0.00005000
1784793600000,4,0.00003368
1784808000000,4,0.00005000
1784822400000,4,0.00004345
1784836800000,4,0.00005000
1784851200000,4,0.00003863
1784865600001,4,0.00005000
1784880000000,4,0.00004619
1784894400000,4,0.00000174
1784908800008,4,0.00001846
1784923200001,4,0.00002925
1784937600002,4,0.00004401
1784952000000,4,0.00002781
1784966400000,4,-0.00000277
1784980800000,4,-0.00007797
1784995200000,4,-0.00002386
1785009600003,4,-0.00003684
1785024000000,4,0.00003975
1785038400000,4,0.00001269
1785052800002,4,0.00005000
1785067200000,4,0.00005000
1785081600000,4,0.00005000
1785096000000,4,0.00005000
1785110400010,4,0.00005000
1785124800000,4,0.00002691
1785139200000,4,0.00003060
1785153600000,4,0.00001762
1785168000001,4,0.00001817
1785182400004,4,0.00001468
1785196800000,4,0.00004023
1785211200012,4,0.00005000
1785225600000,4,0.00005000
1785240000001,4,0.00004564
1785254400000,4,0.00005000
1785268800000,4,0.00002207
1785283200000,4,0.00002242
1785297600000,4,0.00003958
1785312000002,4,-0.00000792
1785326400007,4,0.00005000
1785340800000,4,0.00003575
1785355200003,4,0.00004375
1785369600000,4,0.00004716
1785384000001,4,-0.00002682
1785398400000,4,0.00005000
1785412800000,4,0.00005000
1785427200000,4,-0.00000195
1785441600003,4,0.00005000
1785456000003,4,0.00004194
1785470400000,4,0.00005000
1785484800000,4,0.00005000
1785499200000,4,0.00005000
1785513600000,4,0.00005000
1785528000001,4,0.00005000
1785542400001,4,0.00005000
1785556800000,4,0.00005000
1785571200000,4,0.00005000
1785585600000,4,0.00005000
1785600000000,4,0.00005000
1785614400000,4,0.00004835
1785628800000,4,0.00005000
1785643200000,4,0.00005000
1785657600000,4,0.00005000
1785672000007,4,0.00005000
1785686400000,4,0.00002179
1785700800002,4,0.00001525
1785715200000,4,0.00005000
1785729600000,4,-8.7E-7
1785744000000,4,0.00005000
1785758400000,4,0.00001652
1785772800000,4,0.00003956
1785787200003,4,-0.00000555
1785801600004,4,0.00001354
1785816000002,4,-0.00000486
1785830400002,4,-0.00000636
1785844800002,4,0.00005000
1785859200000,4,0.00003488
1785873600000,4,0.00000717
1785888000003,4,-0.00007063
1785902400001,4,-0.00000391
1785916800004,4,0.00005000
1785931200008,4,0.00003971
1785945600000,4,0.00005000
1785960000000,4,0.00002866
1785974400002,4,0.00005000
1785988800000,4,0.00004501
1786003200000,4,0.00005000
1786017600000,4,-0.00006376
1786032000000,4,0.00002584
1786046400001,4,-0.00003322
1786060800000,4,-0.00000975
1786075200000,4,0.00005000
1786089600000,4,0.00005000
1786104000000,4,0.00005000
1786118400000,4,0.00005000
1786132800000,4,0.00005000
1786147200001,4,0.00005000
1786161600000,4,0.00005000
1786176000000,4,0.00005000
1786190400001,4,0.00005000
1786204800002,4,0.00005000
1786219200000,4,0.00005000
1786233600000,4,0.00005000
1786248000000,4,0.00005000
1786262400005,4,0.00005000
1786276800000,4,0.00005000
1786291200000,4,0.00005000
1786305600000,4,0.00005000
1786320000001,4,0.00005000
1786334400000,4,0.00005000
1786348800005,4,0.00005000
1786363200000,4,0.00005000
1786377600000,4,0.00005000
1786392000000,4,0.00005000
1786406400000,4,0.00005000
1786420800000,4,0.00005000
1786435200006,4,0.00005000
1786449600001,4,0.00005000
1786464000000,4,0.00005000
1786478400003,4,0.00005000
1786492800001,4,0.00005000
1786507200000,4,0.00005000
1786521600000,4,0.00005000
1786536000000,4,0.00005000
1786550400000,4,0.00005000
1786564800001,4,0.00005000
1786579200000,4,0.00005000
1786593600000,4,0.00005000
1786608000000,4,0.00005000
1786622400000,4,0.00005000
1786636800000,4,0.00005000
1786651200002,4,0.00005000
1786665600000,4,0.00005000
1786680000001,4,0.00005000
1786694400001,4,0.00005000
1786708800002,4,0.00005000
1786723200001,4,0.00005000
1786737600000,4,0.00005000
1786752000003,4,0.00005000
1786766400000,4,0.00005000
1786780800002,4,0.00005000
1786795200001,4,0.00005000
1786809600000,4,0.00005000
1786824000003,4,0.00005000
1786838400000,4,0.00005000
1786852800001,4,0.00005000
1786867200002,4,0.00005000
1786881600008,4,0.00005000
1786896000000,4,0.00005000
1786910400000,4,0.00005000
1786924800001,4,0.00005000
1786939200001,4,0.00005000
1786953600003,4,0.00005000
1786968000002,4,0.00005000
1786982400005,4,0.00005000
1786996800000,4,0.00005000
1787011200006,4,0.00005000
1787025600001,4,0.00005000
1787040000001,4,0.00005000
1787054400000,4,0.00005000
1787068800003,4,0.00005000
1787083200008,4,0.00005000
1787097600000,4,0.00005000
1787112000001,4,0.00005000
1787126400000,4,0.00005000
1787140800000,4,0.00000608
1787155200004,4,0.00002538
1787169600009,4,0.00004768
1787184000001,4,0.00005000
1787198400011,4,0.00002104
1787212800000,4,0.00005000
1787227200002,4,0.00005000
1787241600005,4,0.00005000
1787256000001,4,0.00005000
1787270400004,4,0.00005000
1787284800000,4,0.00005000
1787299200000,4,0.00005000
1787313600000,4,0.00005000
1787328000001,4,0.00005000
1787342400000,4,0.00005000
1787356800000,4,0.00005000
1787371200004,4,0.00005000
1787385600000,4,0.00005000
1787400000002,4,0.00005000
1787414400000,4,0.00005000
1787428800001,4,0.00005000
1787443200000,4,0.00005000
1787457600004,4,0.00005000
1787472000000,4,0.00005000
1787486400002,4,0.00005000
1787500800006,4,0.00005000
1787515200000,4,0.00005000
1787529600001,4,0.00005000
1787544000000,4,0.00005000
1787558400002,4,0.00005000
1787572800000,4,0.00005000
1787587200000,4,0.00005000
1787601600000,4,0.00005000
1787616000001,4,0.00005000
1787630400001,4,0.00005000
1787644800000,4,0.00005000
1787659200001,4,0.00005000
1787673600005,4,0.00005000
1787688000000,4,0.00005000
1787702400000,4,0.00005000
1787716800000,4,0.00005000
1787731200005,4,0.00005000
1787745600000,4,0.00005000
1787760000000,4,0.00005000
1787774400000,4,0.00005000
1787788800000,4,0.00005000
1787803200000,4,0.00005000
1787817600000,4,0.00005000
1787832000000,4,0.00005000
1787846400013,4,0.00005000
1787860800000,4,0.00004099
1787875200026,4,0.00005000
1787889600008,4,-0.00004820
1787904000000,4,0.00005000
1787918400004,4,0.00005000
1787932800001,4,0.00005000
1787947200000,4,0.00001280
1787961600000,4,0.00005000
1787976000000,4,0.00000950
1787990400000,4,0.00005000
1788004800000,4,0.00005000
1788019200002,4,0.00005000
1788033600002,4,0.00004756
1788048000000,4,0.00005000
1788062400000,4,0.00005000
1788076800000,4,0.00005000
1788091200000,4,-0.00000692
1788105600001,4,0.00003590
1788120000000,4,-0.00000989
1788134400002,4,0.00003161
1788148800002,4,0.00003440
1788163200002,4,0.00005000
1788177600003,4,0.00003806
1788192000001,4,0.00005000
1788206400000,4,0.00005000
