funding_time_ms,interval_hours,rate
1612137600001,8,0.00010000
1612166400014,8,0.00010000
1612195200000,8,0.00010000
1612224000000,8,0.00010000
1612252800006,8,0.00010000
1612281600000,8,0.00010000
1612310400009,8,0.00010000
1612339200006,8,0.00010000
1612368000006,8,0.00010000
1612396800005,8,0.00010000
1612425600000,8,0.00010000
1612454400011,8,0.00010000
1612483200009,8,0.00010000
1612512000004,8,0.00010000
1612540800000,8,0.00010000
1612569600008,8,0.00010000
1612598400009,8,0.00010000
1612627200000,8,0.00010000
1612656000000,8,0.00010000
1612684800005,8,0.00010000
1612713600001,8,0.00010000
1612742400000,8,0.00010000
1612771200001,8,0.00010000
1612800000000,8,0.00010000
1612828800010,8,0.00010000
1612857600006,8,0.00010000
1612886400007,8,0.00010000
1612915200009,8,0.00010000
1612944000014,8,0.00010000
1612972800005,8,0.00010000
1613001600000,8,0.00010000
1613030400000,8,0.00010000
1613059200000,8,0.00010000
1613088000000,8,0.00010000
1613116800000,8,0.00010000
1613145600000,8,0.00010000
1613174400001,8,0.00010000
1613203200003,8,0.00010000
1613232000000,8,0.00010000
1613260800013,8,0.00010000
1613289600000,8,0.00010000
1613318400008,8,0.00010000
1613347200000,8,0.00010000
1613376000006,8,0.00010000
1613404800000,8,0.00010000
1613433600001,8,0.00010000
1613462400000,8,0.00010000
1613491200010,8,0.00010000
1613520000005,8,0.00010000
1613548800010,8,0.00010000
1613577600008,8,0.00010000
1613606400012,8,0.00010000
1613635200000,8,0.00010000
1613664000009,8,0.00010000
1613692800010,8,0.00010000
1613721600002,8,0.00145994
1613750400008,8,0.00415303
1613779200000,8,0.00155533
1613808000009,8,0.00300687
1613836800000,8,0.00445130
1613865600007,8,0.00027022
1613894400012,8,0.00029722
1613923200001,8,0.00055848
1613952000006,8,0.00050167
1613980800002,8,0.00010000
1614009600000,8,0.00010000
1614038400000,8,0.00010000
1614067200006,8,0.00010000
1614096000000,8,0.00010000
1614124800012,8,0.00010000
1614153600016,8,0.00010000
1614182400011,8,0.00010000
1614211200007,8,0.00010835
1614240000000,8,0.00085321
1614268800010,8,0.00033497
1614297600000,8,0.00010000
1614326400025,8,0.00010000
1614355200010,8,0.00010000
1614384000001,8,0.00011280
1614412800000,8,0.00020362
1614441600000,8,0.00030251
1614470400021,8,0.00015580
1614499200009,8,0.00026297
1614528000000,8,0.00010000
1614556800000,8,0.00010000
1614585600003,8,0.00016355
1614614400001,8,0.00061384
1614643200000,8,0.00039381
1614672000000,8,0.00043429
1614700800004,8,0.00082421
1614729600000,8,0.00015532
1614758400016,8,0.00074615
1614787200000,8,0.00037900
1614816000000,8,0.00070260
1614844800015,8,0.00060003
1614873600001,8,0.00052287
1614902400000,8,0.00067832
1614931200002,8,0.00010000
1614960000008,8,0.00010000
1614988800000,8,0.00010000
1615017600000,8,0.00116251
1615046400000,8,0.00041935
1615075200006,8,0.00024203
1615104000005,8,0.00033531
1615132800008,8,0.00051336
1615161600000,8,0.00065110
1615190400000,8,0.00079143
1615219200006,8,0.00134626
1615248000000,8,0.00115002
1615276800000,8,0.00180664
1615305600000,8,0.00227497
1615334400009,8,0.00239921
1615363200006,8,0.00090740
1615392000008,8,0.00167264
1615420800000,8,0.00061449
1615449600000,8,0.00077787
1615478400014,8,0.00145986
1615507200002,8,0.00143139
1615536000005,8,0.00148312
1615564800011,8,0.00034524
1615593600000,8,0.00012283
1615622400002,8,0.00096093
1615651200000,8,0.00058048
1615680000011,8,0.00063247
1615708800000,8,0.00010000
1615737600000,8,0.00010000
1615766400012,8,0.00068920
1615795200016,8,0.00082693
1615824000030,8,0.00015076
1615852800005,8,0.00028061
1615881600008,8,0.00034872
1615910400012,8,0.00103935
1615939200010,8,0.00048971
1615968000000,8,0.00064141
1615996800009,8,0.00031632
1616025600001,8,0.00131428
1616054400000,8,0.00179282
1616083200000,8,0.00232137
1616112000011,8,0.00093119
1616140800001,8,0.00123051
1616169600000,8,0.00102521
1616198400000,8,0.00150862
1616227200000,8,0.00215739
1616256000007,8,0.00183694
1616284800000,8,0.00138671
1616313600000,8,0.00057945
1616342400000,8,0.00101620
1616371200007,8,0.00116808
1616400000001,8,0.00115177
1616428800000,8,0.00106738
1616457600000,8,0.00016019
1616486400010,8,0.00010000
1616515200023,8,0.00010000
1616544000002,8,0.00014322
1616572800000,8,0.00019908
1616601600000,8,0.00050256
1616630400000,8,0.00010000
1616659200000,8,0.00010000
1616688000000,8,0.00010000
1616716800008,8,0.00010000
1616745600000,8,0.00010000
1616774400012,8,0.00010000
1616803200018,8,0.00010000
1616832000000,8,0.00010000
1616860800001,8,0.00010000
1616889600000,8,0.00010000
1616918400000,8,0.00037133
1616947200005,8,0.00010000
1616976000003,8,0.00013124
1617004800000,8,0.00010000
1617033600000,8,0.00159289
1617062400018,8,0.00107925
1617091200012,8,0.00055590
1617120000001,8,0.00113435
1617148800000,8,0.00067843
1617177600000,8,0.00133502
1617206400000,8,0.00062085
1617235200025,8,0.00123188
1617264000011,8,0.00152467
1617292800004,8,0.00247419
1617321600000,8,0.00079337
1617350400000,8,0.00272630
1617379200000,8,0.00247980
1617408000003,8,0.00255477
1617436800000,8,0.00291912
1617465600000,8,0.00300152
1617494400000,8,0.00010000
1617523200000,8,0.00029499
1617552000016,8,0.00030726
1617580800000,8,0.00042733
1617609600001,8,0.00051032
1617638400001,8,0.00137470
1617667200010,8,0.00205735
1617696000000,8,0.00222000
1617724800003,8,0.00181964
1617753600000,8,0.00115505
1617782400006,8,0.00092856
1617811200004,8,0.00022644
1617840000013,8,0.00104481
1617868800003,8,0.00141300
1617897600005,8,0.00134815
1617926400000,8,0.00084123
1617955200004,8,0.00137096
1617984000004,8,0.00124427
1618012800011,8,0.00132172
1618041600005,8,0.00185314
1618070400000,8,0.00202813
1618099200004,8,0.00128438
1618128000000,8,0.00152198
1618156800000,8,0.00154085
1618185600001,8,0.00136286
1618214400001,8,0.00205832
1618243200008,8,0.00149544
1618272000003,8,0.00171631
1618300800008,8,0.00215712
1618329600008,8,0.00208454
1618358400008,8,0.00099229
1618387200000,8,0.00236100
1618416000012,8,0.00062602
1618444800006,8,0.00010000
1618473600000,8,0.00228787
1618502400008,8,0.00246213
1618531200008,8,0.00305093
1618560000000,8,0.00244218
1618588800002,8,0.00213117
1618617600008,8,0.00236822
1618646400000,8,0.00246332
1618675200001,8,0.00187382
1618704000006,8,0.00170838
1618732800004,8,0.00010000
1618761600000,8,0.00010000
1618790400000,8,0.00010000
1618819200000,8,0.00010000
1618848000009,8,0.00010000
1618876800004,8,0.00010000
1618905600000,8,0.00002105
1618934400001,8,0.00010000
1618963200013,8,0.00010000
1618992000001,8,0.00010000
1619020800002,8,0.00010143
1619049600000,8,0.00010000
1619078400000,8,0.00010000
1619107200001,8,0.00010000
1619136000002,8,0.00010000
1619164800009,8,-0.00004818
1619193600001,8,0.00000953
1619222400019,8,0.00010000
1619251200001,8,0.00010000
1619280000011,8,0.00010000
1619308800000,8,0.00010000
1619337600010,8,0.00010000
1619366400000,8,0.00010000
1619395200003,8,0.00010000
1619424000002,8,-0.00008408
1619452800004,8,0.00004605
1619481600000,8,0.00004461
1619510400000,8,0.00010000
1619539200009,8,-0.00016561
1619568000000,8,0.00010000
1619596800000,8,0.00010000
1619625600001,8,0.00010000
1619654400004,8,0.00010000
1619683200013,8,0.00010000
1619712000003,8,0.00016345
1619740800004,8,0.00010000
1619769600019,8,0.00010000
1619798400003,8,0.00010000
1619827200002,8,0.00028675
1619856000006,8,0.00063030
1619884800000,8,0.00064960
1619913600010,8,0.00060149
1619942400011,8,0.00010000
1619971200007,8,0.00013843
1620000000003,8,0.00010000
1620028800000,8,0.00010000
1620057600043,8,0.00040406
1620086400004,8,0.00110186
1620115200003,8,0.00036260
1620144000011,8,0.00074259
1620172800001,8,0.00036217
1620201600007,8,0.00059270
1620230400001,8,0.00029269
1620259200003,8,0.00094075
1620288000001,8,0.00098141
1620316800000,8,0.00191743
1620345600000,8,0.00071040
1620374400000,8,0.00050706
1620403200001,8,0.00091862
1620432000006,8,0.00054855
1620460800000,8,0.00060069
1620489600000,8,0.00097513
1620518400005,8,0.00087474
1620547200016,8,0.00038488
1620576000000,8,0.00065293
1620604800004,8,0.00065736
1620633600000,8,0.00079698
1620662400013,8,0.00089869
1620691200000,8,0.00010000
1620720000000,8,0.00010000
1620748800002,8,0.00010000
1620777600004,8,0.00010000
1620806400007,8,0.00011733
1620835200012,8,0.00010000
1620864000016,8,0.00021292
1620892800000,8,0.00010000
1620921600008,8,0.00010000
1620950400007,8,0.00010000
1620979200001,8,0.00010000
1621008000004,8,0.00011282
1621036800022,8,0.00010000
1621065600014,8,0.00010000
1621094400002,8,0.00010000
1621123200000,8,0.00010000
1621152000003,8,0.00010000
1621180800002,8,0.00010000
1621209600005,8,0.00010000
1621238400001,8,0.00010000
1621267200000,8,0.00010000
1621296000019,8,0.00010000
1621324800001,8,0.00010000
1621353600006,8,0.00010000
1621382400000,8,0.00010000
1621411200003,8,0.00010000
1621440000018,8,-0.00750000
1621468800005,8,0.00010569
1621497600000,8,0.00010000
1621526400005,8,0.00010000
1621555200000,8,0.00010000
1621584000000,8,0.00010000
1621612800001,8,0.00010000
1621641600001,8,0.00010000
1621670400002,8,0.00010000
1621699200005,8,0.00010000
1621728000006,8,0.00010000
1621756800004,8,0.00010000
1621785600002,8,0.00010000
1621814400007,8,-0.00106409
1621843200005,8,0.00010000
1621872000005,8,0.00010000
1621900800000,8,0.00010000
1621929600014,8,0.00010000
1621958400000,8,-0.00026963
1621987200022,8,-0.00001946
1622016000018,8,-0.00019655
1622044800004,8,-0.00059347
1622073600000,8,0.00010000
1622102400017,8,-0.00043420
1622131200000,8,0.00009541
1622160000005,8,0.00001928
1622188800009,8,0.00010000
1622217600000,8,0.00010000
1622246400006,8,0.00010000
1622275200000,8,0.00010000
1622304000000,8,0.00010000
1622332800003,8,0.00010000
1622361600004,8,0.00010000
1622390400018,8,0.00010000
1622419200002,8,0.00010000
1622448000000,8,0.00008743
1622476800000,8,0.00005860
1622505600001,8,-0.00007508
1622534400010,8,0.00010000
1622563200010,8,0.00010000
1622592000008,8,0.00010000
1622620800000,8,0.00010000
1622649600007,8,0.00010000
1622678400019,8,0.00010000
1622707200002,8,0.00010000
1622736000003,8,0.00010000
1622764800003,8,0.00010000
1622793600006,8,0.00010000
1622822400002,8,0.00010000
1622851200000,8,0.00010000
1622880000004,8,0.00010000
1622908800020,8,0.00010000
1622937600000,8,0.00010000
1622966400004,8,0.00010000
1622995200000,8,0.00010000
1623024000007,8,0.00008200
1623052800007,8,0.00010000
1623081600003,8,0.00010000
1623110400000,8,0.00010000
1623139200000,8,0.00010000
1623168000002,8,0.00010000
1623196800009,8,-0.00016768
1623225600002,8,-0.00001107
1623254400000,8,-0.00022905
1623283200007,8,0.00000838
1623312000003,8,-0.00003866
1623340800000,8,0.00010000
1623369600010,8,0.00010000
1623398400007,8,0.00010000
1623427200006,8,0.00010000
1623456000005,8,0.00006889
1623484800000,8,-0.00012099
1623513600018,8,0.00007055
1623542400002,8,0.00009476
1623571200000,8,-0.00035323
1623600000003,8,-0.00035216
1623628800000,8,-0.00014947
1623657600015,8,-0.00000129
1623686400000,8,-0.00002298
1623715200000,8,0.00010000
1623744000000,8,0.00010000
1623772800004,8,0.00010000
1623801600004,8,-0.00019710
1623830400001,8,0.00010000
1623859200000,8,0.00010000
1623888000004,8,0.00010000
1623916800000,8,0.00010000
1623945600002,8,0.00010000
1623974400009,8,0.00010000
1624003200014,8,0.00010000
1624032000007,8,0.00010000
1624060800003,8,0.00010000
1624089600001,8,0.00010000
1624118400000,8,0.00010000
1624147200005,8,0.00010000
1624176000000,8,0.00010000
1624204800002,8,0.00010000
1624233600019,8,0.00010000
1624262400000,8,0.00010000
1624291200024,8,0.00010000
1624320000008,8,0.00010000
1624348800009,8,0.00010000
1624377600001,8,0.00010000
1624406400003,8,-0.00003754
1624435200000,8,0.00010000
1624464000000,8,0.00010000
1624492800009,8,0.00010000
1624521600018,8,0.00010000
1624550400001,8,0.00010000
1624579200009,8,0.00010000
1624608000004,8,0.00010000
1624636800000,8,0.00010000
1624665600007,8,0.00010000
1624694400000,8,0.00010000
1624723200002,8,0.00010000
1624752000005,8,0.00010000
1624780800010,8,0.00010000
1624809600001,8,0.00009513
1624838400025,8,0.00010000
1624867200017,8,0.00010000
1624896000007,8,0.00010000
1624924800008,8,0.00010000
1624953600000,8,0.00010000
1624982400000,8,0.00010000
1625011200011,8,0.00010000
1625040000044,8,0.00010000
1625068800005,8,0.00010000
1625097600000,8,0.00010000
1625126400004,8,0.00010000
1625155200028,8,0.00010000
1625184000002,8,0.00010000
1625212800016,8,0.00010000
1625241600007,8,0.00010000
1625270400008,8,0.00010000
1625299200000,8,0.00010000
1625328000004,8,0.00010000
1625356800012,8,0.00010000
1625385600002,8,0.00010000
1625414400003,8,0.00010000
1625443200004,8,0.00010000
1625472000000,8,0.00010000
1625500800009,8,0.00010000
1625529600008,8,0.00010000
1625558400019,8,0.00010000
1625587200000,8,0.00010000
1625616000007,8,0.00007901
1625644800001,8,0.00010000
1625673600008,8,0.00010000
1625702400002,8,0.00010000
1625731200010,8,0.00010000
1625760000003,8,0.00010000
1625788800000,8,0.00010000
1625817600006,8,0.00010000
1625846400000,8,0.00010000
1625875200002,8,0.00010000
1625904000000,8,0.00010000
1625932800001,8,0.00010000
1625961600001,8,0.00010000
1625990400025,8,0.00010000
1626019200006,8,-0.00020559
1626048000000,8,0.00010000
1626076800021,8,0.00010000
1626105600000,8,0.00010000
1626134400000,8,0.00010000
1626163200013,8,0.00010000
1626192000005,8,0.00010000
1626220800000,8,-0.00040769
1626249600000,8,0.00010000
1626278400005,8,-0.00152702
1626307200005,8,-0.00012951
1626336000001,8,-0.00006501
1626364800000,8,0.00010000
1626393600000,8,0.00010000
1626422400000,8,0.00010000
1626451200001,8,0.00010000
1626480000004,8,0.00010000
1626508800009,8,0.00010000
1626537600006,8,0.00010000
1626566400000,8,0.00010000
1626595200001,8,0.00010000
1626624000003,8,0.00010000
1626652800002,8,0.00010000
1626681600006,8,0.00010000
1626710400006,8,0.00010000
1626739200002,8,0.00010000
1626768000011,8,0.00010000
1626796800001,8,0.00010000
1626825600022,8,0.00010000
1626854400000,8,0.00010000
1626883200018,8,0.00010000
1626912000002,8,0.00010000
1626940800006,8,0.00010000
1626969600010,8,0.00010000
1626998400013,8,-0.00038903
1627027200000,8,0.00010000
1627056000005,8,0.00010000
1627084800000,8,0.00010000
1627113600002,8,0.00010000
1627142400001,8,0.00010000
1627171200003,8,0.00010000
1627200000015,8,0.00010000
1627228800000,8,-0.00053847
1627257600000,8,0.00010000
1627286400000,8,0.00010000
1627315200000,8,0.00010000
1627344000046,8,0.00010000
1627372800014,8,0.00010000
1627401600007,8,0.00010000
1627430400000,8,0.00010000
1627459200002,8,0.00010000
1627488000005,8,0.00010000
1627516800004,8,0.00010000
1627545600000,8,0.00010000
1627574400007,8,0.00010000
1627603200004,8,0.00010000
1627632000000,8,0.00010000
1627660800000,8,0.00010000
1627689600000,8,0.00010000
1627718400014,8,0.00010000
1627747200003,8,0.00010000
1627776000005,8,0.00010000
1627804800016,8,0.00010000
1627833600001,8,0.00010000
1627862400000,8,0.00010000
1627891200014,8,0.00010000
1627920000021,8,0.00010000
1627948800000,8,0.00010000
1627977600000,8,0.00010000
1628006400009,8,0.00010000
1628035200000,8,0.00010000
1628064000000,8,0.00010000
1628092800003,8,0.00010000
1628121600000,8,0.00010000
1628150400000,8,0.00010000
1628179200001,8,0.00016453
1628208000000,8,0.00010000
1628236800004,8,0.00010105
1628265600003,8,0.00027326
1628294400015,8,0.00024921
1628323200001,8,0.00056573
1628352000002,8,0.00074600
1628380800000,8,0.00052889
1628409600002,8,0.00050521
1628438400018,8,0.00045849
1628467200000,8,0.00010000
1628496000000,8,0.00013309
1628524800002,8,0.00010000
1628553600000,8,0.00027304
1628582400003,8,0.00044348
1628611200000,8,0.00028598
1628640000006,8,0.00024268
1628668800003,8,0.00046395
1628697600000,8,0.00083530
1628726400013,8,0.00040573
1628755200001,8,0.00041964
1628784000000,8,0.00022456
1628812800000,8,0.00010000
1628841600000,8,0.00011409
1628870400002,8,0.00036725
1628899200006,8,0.00010000
1628928000000,8,0.00054835
1628956800000,8,0.00065203
1628985600003,8,0.00046729
1629014400000,8,0.00073602
1629043200007,8,0.00092388
1629072000012,8,0.00073395
1629100800003,8,0.00098879
1629129600010,8,0.00060592
1629158400018,8,0.00014025
1629187200015,8,0.00010000
1629216000006,8,0.00044090
1629244800000,8,0.00010000
1629273600000,8,0.00010000
1629302400011,8,0.00010000
1629331200000,8,0.00010000
1629360000014,8,0.00010000
1629388800000,8,0.00010000
1629417600000,8,0.00015078
1629446400001,8,0.00039294
1629475200001,8,0.00045812
1629504000005,8,0.00028990
1629532800001,8,0.00040599
1629561600000,8,0.00044260
1629590400005,8,0.00021349
1629619200007,8,0.00054291
1629648000002,8,0.00028421
1629676800003,8,0.00011401
1629705600005,8,0.00070560
1629734400002,8,0.00058129
1629763200006,8,0.00057794
1629792000004,8,0.00074514
1629820800000,8,0.00041587
1629849600015,8,0.00010000
1629878400000,8,0.00027719
1629907200000,8,0.00010000
1629936000001,8,0.00010000
1629964800016,8,0.00010000
1629993600004,8,0.00010000
1630022400013,8,0.00010000
1630051200001,8,0.00010000
1630080000004,8,0.00010000
1630108800000,8,0.00010000
1630137600000,8,0.00010000
1630166400000,8,0.00029835
1630195200000,8,0.00039673
1630224000002,8,0.00010000
1630252800005,8,0.00021707
1630281600013,8,0.00012128
1630310400008,8,0.00039850
1630339200000,8,0.00039704
1630368000000,8,0.00048626
1630396800007,8,0.00040466
1630425600003,8,0.00049701
1630454400000,8,0.00025668
1630483200006,8,0.00029635
1630512000000,8,0.00056904
1630540800009,8,0.00057014
1630569600006,8,0.00087431
1630598400007,8,0.00099126
1630627200011,8,0.00066532
1630656000000,8,0.00073754
1630684800002,8,0.00062052
1630713600003,8,0.00055991
1630742400008,8,0.00087491
1630771200009,8,0.00122812
1630800000002,8,0.00062836
1630828800002,8,0.00083690
1630857600000,8,0.00089454
1630886400003,8,0.00120703
1630915200008,8,0.00124092
1630944000009,8,0.00044222
1630972800004,8,0.00019951
1631001600002,8,0.00045790
1631030400001,8,-0.00425623
1631059200005,8,0.00010000
1631088000000,8,0.00010000
1631116800000,8,0.00010000
1631145600006,8,0.00010000
1631174400014,8,0.00010000
1631203200002,8,0.00010000
1631232000001,8,0.00010000
1631260800018,8,0.00010000
1631289600006,8,0.00010000
1631318400000,8,0.00010000
1631347200001,8,0.00010000
1631376000000,8,0.00010000
1631404800000,8,0.00010000
1631433600002,8,0.00010000
1631462400000,8,0.00010000
1631491200000,8,0.00010000
1631520000007,8,0.00010000
1631548800005,8,0.00010000
1631577600002,8,0.00010000
1631606400000,8,0.00010000
1631635200007,8,0.00010000
1631664000012,8,0.00010000
1631692800003,8,0.00010000
1631721600006,8,0.00010000
1631750400008,8,0.00010000
1631779200005,8,0.00014856
1631808000002,8,0.00017346
1631836800000,8,0.00011966
1631865600047,8,0.00010000
1631894400013,8,0.00010000
1631923200000,8,0.00010000
1631952000010,8,0.00010000
1631980800005,8,0.00010000
1632009600006,8,0.00010000
1632038400015,8,0.00010000
1632067200007,8,-0.00075721
1632096000018,8,0.00010000
1632124800000,8,0.00010000
1632153600005,8,0.00010000
1632182400005,8,0.00010000
1632211200007,8,0.00010000
1632240000000,8,0.00010000
1632268800005,8,0.00010000
1632297600006,8,0.00010000
1632326400000,8,0.00010000
1632355200003,8,0.00010000
1632384000000,8,0.00010000
1632412800007,8,0.00010000
1632441600000,8,0.00010000
1632470400017,8,0.00010000
1632499200000,8,0.00010000
1632528000007,8,0.00010000
1632556800002,8,0.00010000
1632585600004,8,0.00010000
1632614400013,8,0.00010000
1632643200000,8,0.00010000
1632672000005,8,0.00010000
1632700800000,8,0.00010000
1632729600001,8,0.00010000
1632758400000,8,0.00010000
1632787200000,8,0.00010000
1632816000014,8,0.00010000
1632844800000,8,0.00010000
1632873600000,8,0.00010000
1632902400002,8,0.00010000
1632931200000,8,0.00010000
1632960000000,8,0.00010000
1632988800004,8,0.00010000
1633017600005,8,0.00010000
1633046400012,8,0.00010000
1633075200008,8,0.00010000
1633104000000,8,0.00010000
1633132800000,8,0.00010000
1633161600002,8,0.00010000
1633190400011,8,0.00010000
1633219200019,8,0.00010000
1633248000011,8,0.00010000
1633276800004,8,0.00010000
1633305600004,8,0.00010000
1633334400000,8,0.00010000
1633363200000,8,0.00010000
1633392000007,8,0.00010000
1633420800007,8,0.00010000
1633449600004,8,0.00010000
1633478400002,8,0.00010000
1633507200000,8,0.00010000
1633536000003,8,0.00010000
1633564800007,8,0.00010000
1633593600002,8,0.00010000
1633622400000,8,0.00010000
1633651200011,8,0.00010000
1633680000003,8,0.00030144
1633708800002,8,0.00041854
1633737600006,8,0.00020619
1633766400003,8,0.00015137
1633795200000,8,0.00016161
1633824000000,8,0.00016052
1633852800008,8,0.00018669
1633881600000,8,0.00014294
1633910400002,8,0.00010000
1633939200001,8,0.00010000
1633968000006,8,0.00010000
1633996800008,8,0.00010000
1634025600013,8,0.00010000
1634054400003,8,0.00010000
1634083200003,8,0.00010000
1634112000015,8,0.00010000
1634140800000,8,0.00010000
1634169600011,8,0.00010000
1634198400017,8,0.00010000
1634227200000,8,0.00033910
1634256000005,8,0.00016560
1634284800002,8,0.00027868
1634313600005,8,0.00015613
1634342400009,8,0.00031118
1634371200000,8,0.00040137
1634400000003,8,0.00043216
1634428800001,8,0.00036293
1634457600002,8,0.00049805
1634486400002,8,0.00049779
1634515200006,8,0.00012393
1634544000004,8,0.00019394
1634572800001,8,0.00010218
1634601600002,8,0.00010000
1634630400000,8,0.00019924
1634659200000,8,0.00022853
1634688000017,8,0.00010000
1634716800004,8,0.00014319
1634745600020,8,0.00047348
1634774400000,8,0.00046565
1634803200000,8,0.00079372
1634832000008,8,0.00074837
1634860800005,8,0.00020721
1634889600005,8,0.00028695
1634918400018,8,0.00027910
1634947200005,8,0.00028122
1634976000001,8,0.00040053
1635004800004,8,0.00018424
1635033600006,8,0.00051693
1635062400012,8,0.00059879
1635091200001,8,0.00050539
1635120000012,8,0.00027936
1635148800002,8,0.00044881
1635177600022,8,0.00058580
1635206400005,8,0.00042647
1635235200016,8,0.00081078
1635264000000,8,0.00088016
1635292800004,8,0.00057030
1635321600000,8,0.00064930
1635350400002,8,0.00010000
1635379200002,8,0.00010000
1635408000000,8,0.00010000
1635436800005,8,0.00010000
1635465600000,8,0.00010000
1635494400007,8,0.00013403
1635523200001,8,0.00012057
1635552000000,8,0.00020928
1635580800001,8,0.00032549
1635609600013,8,0.00013816
1635638400008,8,0.00018060
1635667200010,8,0.00058964
1635696000001,8,0.00032435
1635724800009,8,0.00050584
1635753600014,8,0.00027371
1635782400001,8,0.00063814
1635811200000,8,0.00026555
1635840000007,8,0.00049966
1635868800010,8,0.00074657
1635897600019,8,0.00039178
1635926400000,8,0.00039504
1635955200005,8,0.00028644
1635984000006,8,0.00056457
1636012800004,8,0.00049972
1636041600004,8,0.00068585
1636070400000,8,0.00045109
1636099200013,8,0.00058857
1636128000016,8,0.00034826
1636156800010,8,0.00032786
1636185600000,8,0.00017456
1636214400007,8,0.00010000
1636243200013,8,0.00010000
1636272000005,8,0.00013371
1636300800004,8,0.00041506
1636329600001,8,0.00033453
1636358400000,8,0.00066791
1636387200000,8,0.00066679
1636416000000,8,0.00060800
1636444800014,8,0.00073105
1636473600001,8,0.00042419
1636502400000,8,0.00054961
1636531200003,8,0.00062343
1636560000001,8,0.00069823
1636588800008,8,0.00010000
1636617600012,8,0.00010000
1636646400007,8,0.00010000
1636675200000,8,0.00010000
1636704000000,8,0.00010000
1636732800004,8,0.00010000
1636761600000,8,0.00010000
1636790400004,8,0.00012292
1636819200006,8,0.00010000
1636848000010,8,0.00010000
1636876800001,8,0.00010000
1636905600000,8,0.00011731
1636934400008,8,0.00020762
1636963200000,8,0.00030932
1636992000000,8,0.00033776
1637020800000,8,0.00017684
1637049600001,8,0.00010000
1637078400018,8,0.00010000
1637107200005,8,0.00010000
1637136000007,8,0.00010000
1637164800003,8,0.00010000
1637193600017,8,0.00010000
1637222400007,8,0.00010000
1637251200011,8,0.00010000
1637280000000,8,0.00010000
1637308800000,8,0.00010000
1637337600005,8,0.00010000
1637366400012,8,0.00010000
1637395200000,8,0.00010000
1637424000007,8,0.00010000
1637452800000,8,0.00010000
1637481600006,8,0.00010000
1637510400000,8,0.00010000
1637539200004,8,0.00010000
1637568000000,8,0.00010000
1637596800000,8,0.00010000
1637625600004,8,0.00010000
1637654400010,8,0.00010000
1637683200005,8,0.00010000
1637712000001,8,0.00010000
1637740800003,8,0.00011676
1637769600010,8,0.00018295
1637798400000,8,0.00018588
1637827200010,8,0.00027825
1637856000000,8,0.00041419
1637884800000,8,0.00050808
1637913600000,8,0.00031012
1637942400016,8,0.00010000
1637971200005,8,0.00010000
1638000000008,8,0.00010000
1638028800007,8,0.00010000
1638057600018,8,0.00010000
1638086400000,8,0.00010000
1638115200004,8,0.00010000
1638144000002,8,0.00010000
1638172800004,8,0.00010000
1638201600000,8,0.00010000
1638230400000,8,0.00010000
1638259200006,8,0.00010000
1638288000000,8,0.00010000
1638316800000,8,0.00010000
1638345600000,8,0.00010000
1638374400001,8,0.00014190
1638403200000,8,0.00010000
1638432000007,8,0.00010000
1638460800008,8,0.00010000
1638489600004,8,0.00010000
1638518400002,8,0.00010000
1638547200006,8,0.00010000
1638576000006,8,0.00010000
1638604800004,8,0.00010000
1638633600000,8,0.00010000
1638662400003,8,0.00010000
1638691200008,8,0.00010000
1638720000007,8,0.00010000
1638748800009,8,0.00010000
1638777600001,8,0.00010000
1638806400000,8,0.00010000
1638835200018,8,0.00010000
1638864000000,8,0.00010000
1638892800000,8,0.00010000
1638921600000,8,0.00010000
1638950400018,8,0.00010000
1638979200010,8,0.00010000
1639008000010,8,0.00010000
1639036800000,8,0.00010000
1639065600000,8,0.00010000
1639094400000,8,0.00010000
1639123200008,8,0.00010000
1639152000012,8,0.00010000
1639180800009,8,0.00010000
1639209600008,8,0.00010000
1639238400000,8,0.00010000
1639267200001,8,0.00010000
1639296000015,8,0.00010000
1639324800011,8,0.00010000
1639353600006,8,0.00010000
1639382400019,8,0.00010000
1639411200000,8,0.00010000
1639440000004,8,0.00001311
1639468800000,8,0.00010000
1639497600015,8,0.00010000
1639526400000,8,0.00010000
1639555200008,8,0.00010000
1639584000005,8,0.00010000
1639612800006,8,0.00010000
1639641600009,8,0.00010000
1639670400000,8,0.00010000
1639699200000,8,0.00010000
1639728000005,8,0.00010000
1639756800006,8,0.00010000
1639785600014,8,0.00010000
1639814400012,8,0.00010000
1639843200000,8,0.00010000
1639872000031,8,0.00010000
1639900800000,8,0.00010000
1639929600003,8,0.00010000
1639958400015,8,0.00010000
1639987200007,8,0.00010000
1640016000005,8,0.00010000
1640044800003,8,0.00010000
1640073600012,8,0.00010000
1640102400005,8,0.00010000
1640131200000,8,0.00010000
1640160000001,8,0.00010000
1640188800006,8,0.00010000
1640217600011,8,0.00010000
1640246400000,8,0.00010000
1640275200000,8,0.00010000
1640304000005,8,0.00010000
1640332800000,8,0.00010000
1640361600011,8,0.00010000
1640390400000,8,0.00010000
1640419200001,8,0.00010000
1640448000005,8,0.00010000
1640476800004,8,0.00010000
1640505600002,8,0.00010000
1640534400000,8,0.00010000
1640563200002,8,0.00010000
1640592000005,8,0.00010000
1640620800000,8,0.00010000
1640649600000,8,0.00010000
1640678400012,8,0.00010000
1640707200000,8,0.00010000
1640736000006,8,0.00010000
1640764800003,8,0.00010000
1640793600004,8,0.00010000
1640822400003,8,0.00010000
1640851200001,8,0.00010000
1640880000017,8,0.00010000
1640908800006,8,0.00010000
1640937600009,8,0.00010000
1640966400000,8,0.00010000
1640995200006,8,0.00010000
1641024000009,8,0.00010000
1641052800000,8,0.00010000
1641081600028,8,0.00010000
1641110400000,8,0.00010000
1641139200000,8,0.00010000
1641168000010,8,0.00010000
1641196800013,8,0.00010000
1641225600018,8,0.00010000
1641254400000,8,0.00010000
1641283200010,8,0.00010000
1641312000002,8,0.00010000
1641340800001,8,0.00010000
1641369600017,8,0.00010000
1641398400000,8,0.00010000
1641427200002,8,0.00010000
1641456000021,8,0.00010000
1641484800006,8,0.00010000
1641513600005,8,0.00010000
1641542400000,8,0.00010000
1641571200001,8,0.00010000
1641600000014,8,0.00010000
1641628800013,8,0.00010000
1641657600000,8,0.00010000
1641686400003,8,0.00010000
1641715200000,8,0.00010000
1641744000000,8,0.00010000
1641772800000,8,0.00010000
1641801600010,8,0.00010000
1641830400007,8,0.00010000
1641859200013,8,0.00010000
1641888000004,8,0.00010000
1641916800000,8,0.00010000
1641945600012,8,0.00010000
1641974400015,8,0.00010000
1642003200000,8,0.00010000
1642032000007,8,0.00010000
1642060800000,8,0.00010000
1642089600014,8,0.00010000
1642118400000,8,0.00010000
1642147200006,8,0.00010000
1642176000014,8,0.00010000
1642204800000,8,0.00010000
1642233600002,8,0.00010000
1642262400000,8,0.00010000
1642291200000,8,0.00010000
1642320000017,8,0.00010000
1642348800011,8,0.00010000
1642377600005,8,0.00010000
1642406400006,8,0.00010000
1642435200012,8,0.00010000
1642464000020,8,0.00010000
1642492800000,8,0.00010000
1642521600013,8,0.00010000
1642550400001,8,0.00010000
1642579200000,8,0.00010000
1642608000000,8,0.00010000
1642636800015,8,0.00010000
1642665600000,8,0.00010000
1642694400000,8,0.00010000
1642723200007,8,0.00010000
1642752000015,8,0.00010000
1642780800000,8,0.00010000
1642809600017,8,0.00010000
1642838400003,8,0.00010000
1642867200021,8,0.00010000
1642896000026,8,0.00010000
1642924800010,8,0.00010000
1642953600009,8,0.00010000
1642982400010,8,0.00010000
1643011200000,8,0.00010000
1643040000021,8,0.00010000
1643068800000,8,-0.00750000
1643097600000,8,-0.00269231
1643126400012,8,-0.00104838
1643155200000,8,-0.00124493
1643184000001,8,-0.00001101
1643212800005,8,-0.00047025
1643241600004,8,-0.00009964
1643270400004,8,-0.00012900
1643299200019,8,0.00009205
1643328000000,8,0.00010000
1643356800000,8,0.00010000
1643385600025,8,0.00010000
1643414400017,8,-0.00002822
1643443200000,8,0.00010000
1643472000013,8,0.00010000
1643500800025,8,0.00010000
1643529600009,8,0.00010000
1643558400000,8,0.00010000
1643587200000,8,0.00010000
1643616000000,8,0.00002578
1643644800000,8,0.00010000
1643673600010,8,0.00010000
1643702400000,8,0.00010000
1643731200004,8,0.00010000
1643760000004,8,0.00010000
1643788800000,8,0.00010000
1643817600002,8,0.00010000
1643846400002,8,0.00010000
1643875200000,8,0.00010000
1643904000000,8,0.00010000
1643932800018,8,0.00010000
1643961600005,8,0.00010000
1643990400010,8,0.00010000
1644019200014,8,0.00010000
1644048000000,8,0.00010000
1644076800000,8,0.00010000
1644105600000,8,0.00010000
1644134400000,8,0.00010000
1644163200000,8,0.00010000
1644192000003,8,0.00010000
1644220800014,8,0.00010000
1644249600003,8,0.00010000
1644278400001,8,0.00010000
1644307200003,8,0.00010000
1644336000002,8,0.00010000
1644364800000,8,0.00010000
1644393600005,8,0.00010000
1644422400001,8,0.00010000
1644451200012,8,0.00010000
1644480000000,8,0.00010000
1644508800006,8,0.00010000
1644537600000,8,0.00010000
1644566400009,8,0.00010000
1644595200015,8,0.00010000
1644624000020,8,0.00010000
1644652800001,8,0.00004966
1644681600007,8,0.00010000
1644710400022,8,0.00010000
1644739200001,8,0.00010000
1644768000007,8,0.00008837
1644796800005,8,0.00010000
1644825600013,8,0.00010000
1644854400019,8,0.00010000
1644883200012,8,0.00010000
1644912000005,8,0.00010000
1644940800011,8,0.00010000
1644969600009,8,0.00010000
1644998400001,8,0.00010000
1645027200014,8,0.00010000
1645056000018,8,0.00010000
1645084800000,8,0.00010000
1645113600010,8,0.00010000
1645142400000,8,0.00010000
1645171200002,8,0.00010000
1645200000000,8,0.00010000
1645228800007,8,0.00010000
1645257600000,8,0.00010000
1645286400023,8,-0.00014490
1645315200001,8,-0.00027676
1645344000003,8,-0.00015181
1645372800001,8,-0.00002413
1645401600000,8,-0.00004843
1645430400001,8,-0.00006864
1645459200005,8,0.00008549
1645488000005,8,0.00010000
1645516800000,8,0.00010000
1645545600000,8,0.00010000
1645574400002,8,0.00010000
1645603200005,8,0.00010000
1645632000010,8,0.00010000
1645660800008,8,0.00010000
1645689600003,8,0.00010000
1645718400001,8,0.00010000
1645747200000,8,0.00010000
1645776000006,8,0.00010000
1645804800001,8,0.00010000
1645833600004,8,0.00010000
1645862400004,8,0.00010000
1645891200007,8,0.00010000
1645920000012,8,0.00010000
1645948800000,8,0.00010000
1645977600000,8,0.00010000
1646006400000,8,0.00010000
1646035200001,8,0.00010000
1646064000002,8,0.00010000
1646092800002,8,0.00010000
1646121600001,8,0.00007625
1646150400000,8,0.00010000
1646179200000,8,0.00010000
1646208000000,8,0.00010000
1646236800002,8,0.00010000
1646265600000,8,0.00010000
1646294400000,8,0.00010000
1646323200005,8,0.00010000
1646352000018,8,0.00010000
1646380800000,8,0.00010000
1646409600000,8,0.00010000
1646438400006,8,0.00010000
1646467200004,8,0.00010000
1646496000000,8,-0.00021318
1646524800004,8,-0.00039465
1646553600000,8,-0.00007496
1646582400013,8,0.00010000
1646611200008,8,0.00010000
1646640000006,8,0.00010000
1646668800000,8,0.00010000
1646697600008,8,0.00010000
1646726400002,8,0.00010000
1646755200000,8,0.00010000
1646784000008,8,0.00010000
1646812800000,8,0.00010000
1646841600004,8,0.00010000
1646870400000,8,0.00010000
1646899200017,8,0.00010000
1646928000000,8,0.00010000
1646956800008,8,0.00010000
1646985600000,8,0.00010000
1647014400001,8,0.00010000
1647043200010,8,0.00010000
1647072000001,8,0.00010000
1647100800002,8,0.00010000
1647129600008,8,0.00005889
1647158400000,8,0.00010000
1647187200002,8,0.00010000
1647216000014,8,0.00010000
1647244800005,8,0.00010000
1647273600002,8,0.00010000
1647302400008,8,0.00010000
1647331200000,8,0.00010000
1647360000006,8,0.00010000
1647388800013,8,0.00010000
1647417600000,8,0.00010000
1647446400008,8,0.00010000
1647475200004,8,0.00010000
1647504000000,8,0.00010000
1647532800004,8,0.00010000
1647561600000,8,0.00010000
1647590400000,8,0.00010000
1647619200017,8,0.00010000
1647648000008,8,0.00010000
1647676800015,8,0.00010000
1647705600000,8,0.00010000
1647734400000,8,0.00010000
1647763200001,8,0.00010000
1647792000002,8,0.00010000
1647820800013,8,0.00010000
1647849600004,8,0.00010000
1647878400010,8,0.00010000
1647907200012,8,0.00010000
1647936000001,8,0.00010000
1647964800022,8,0.00010000
1647993600007,8,0.00010000
1648022400000,8,0.00010000
1648051200006,8,0.00010000
1648080000013,8,0.00010000
1648108800006,8,0.00010000
1648137600020,8,0.00010000
1648166400010,8,0.00010000
1648195200001,8,0.00010000
1648224000014,8,0.00010000
1648252800020,8,0.00010000
1648281600006,8,0.00010000
1648310400000,8,0.00010000
1648339200004,8,0.00010000
1648368000001,8,0.00010000
1648396800006,8,0.00010000
1648425600012,8,0.00010000
1648454400007,8,0.00010000
1648483200000,8,0.00010000
1648512000000,8,0.00010000
1648540800015,8,0.00010000
1648569600000,8,0.00010000
1648598400000,8,0.00010000
1648627200002,8,0.00010000
1648656000028,8,0.00010000
1648684800017,8,0.00010000
1648713600000,8,0.00010000
1648742400015,8,0.00010000
1648771200000,8,0.00010000
1648800000000,8,0.00010000
1648828800018,8,0.00010000
1648857600000,8,0.00010000
1648886400002,8,0.00010000
1648915200006,8,0.00010000
1648944000018,8,0.00010000
1648972800018,8,0.00010000
1649001600015,8,0.00010000
1649030400006,8,0.00010000
1649059200000,8,0.00010000
1649088000016,8,0.00010000
1649116800000,8,0.00010000
1649145600010,8,0.00010000
1649174400008,8,0.00010000
1649203200001,8,0.00010000
1649232000021,8,0.00010000
1649260800000,8,0.00010000
1649289600009,8,0.00010000
1649318400000,8,0.00010000
1649347200000,8,0.00010000
1649376000000,8,0.00010000
1649404800004,8,0.00010000
1649433600008,8,0.00010000
1649462400008,8,0.00010000
1649491200000,8,0.00010000
1649520000001,8,0.00010000
1649548800004,8,0.00010000
1649577600007,8,0.00010000
1649606400016,8,0.00010000
1649635200000,8,0.00010000
1649664000000,8,0.00010000
1649692800009,8,0.00010000
1649721600000,8,0.00010000
1649750400006,8,0.00010000
1649779200013,8,0.00010000
1649808000005,8,0.00010000
1649836800008,8,0.00010000
1649865600013,8,0.00010000
1649894400007,8,0.00010000
1649923200000,8,0.00010000
1649952000006,8,0.00010000
1649980800008,8,0.00010000
1650009600002,8,0.00010000
1650038400000,8,0.00010000
1650067200011,8,0.00010000
1650096000007,8,0.00010000
1650124800007,8,0.00010000
1650153600000,8,0.00010000
1650182400004,8,0.00010000
1650211200000,8,0.00010000
1650240000008,8,0.00010000
1650268800012,8,0.00010000
1650297600000,8,0.00010000
1650326400021,8,0.00010000
1650355200031,8,0.00010000
1650384000000,8,0.00010000
1650412800025,8,0.00010000
1650441600003,8,0.00010000
1650470400000,8,0.00010000
1650499200000,8,0.00010000
1650528000000,8,0.00010000
1650556800024,8,0.00010000
1650585600008,8,0.00010000
1650614400008,8,0.00010000
1650643200008,8,0.00010000
1650672000000,8,0.00010000
1650700800000,8,0.00010000
1650729600012,8,0.00010000
1650758400004,8,0.00010000
1650787200003,8,0.00010000
1650816000000,8,0.00010000
1650844800008,8,0.00010000
1650873600018,8,0.00010000
1650902400000,8,0.00010000
1650931200014,8,0.00010000
1650960000000,8,0.00010000
1650988800017,8,0.00010000
1651017600012,8,0.00010000
1651046400000,8,0.00010000
1651075200002,8,0.00010000
1651104000000,8,0.00010000
1651132800004,8,0.00010000
1651161600030,8,0.00010000
1651190400000,8,0.00010000
1651219200016,8,0.00010000
1651248000010,8,0.00010000
1651276800000,8,0.00010000
1651305600005,8,0.00010000
1651334400015,8,0.00010000
1651363200000,8,0.00010000
1651392000000,8,0.00010000
1651420800010,8,0.00010000
1651449600018,8,0.00010000
1651478400007,8,0.00010000
1651507200000,8,0.00010000
1651536000006,8,0.00010000
1651564800000,8,0.00010000
1651593600021,8,0.00010000
1651622400007,8,0.00009420
1651651200011,8,0.00010000
1651680000000,8,0.00010000
1651708800005,8,0.00010000
1651737600019,8,0.00010000
1651766400005,8,0.00010000
1651795200005,8,0.00010000
1651824000001,8,0.00003277
1651852800010,8,0.00009061
1651881600004,8,0.00002344
1651910400016,8,-0.00005469
1651939200011,8,0.00004523
1651968000000,8,-0.00001344
1651996800007,8,0.00001067
1652025600015,8,0.00008091
1652054400000,8,0.00010000
1652083200001,8,0.00005328
1652112000000,8,-0.00008439
1652140800000,8,-0.00003905
1652169600007,8,0.00010000
1652198400008,8,0.00010000
1652227200004,8,0.00009980
1652256000007,8,0.00001357
1652284800008,8,-0.00013132
1652313600014,8,0.00010000
1652342400000,8,0.00006023
1652371200007,8,0.00010000
1652400000014,8,0.00008269
1652428800001,8,0.00010000
1652457600000,8,0.00010000
1652486400000,8,0.00010000
1652515200000,8,0.00010000
1652544000001,8,0.00010000
1652572800000,8,0.00010000
1652601600000,8,0.00005905
1652630400000,8,0.00010000
1652659200021,8,0.00006933
1652688000013,8,0.00007710
1652716800006,8,0.00008190
1652745600000,8,-0.00006226
1652774400010,8,0.00010000
1652803200023,8,-0.00003843
1652832000003,8,0.00010000
1652860800024,8,0.00007056
1652889600014,8,-0.00007619
1652918400000,8,-0.00019184
1652947200008,8,-0.00019950
1652976000015,8,-0.00028875
1653004800001,8,-0.00018606
1653033600003,8,-0.00005578
1653062400012,8,0.00010000
1653091200008,8,-0.00011918
1653120000001,8,-0.00017341
1653148800007,8,0.00002230
1653177600003,8,-0.00018815
1653206400016,8,-0.00002966
1653235200000,8,-0.00002777
1653264000011,8,0.00010000
1653292800000,8,0.00008982
1653321600023,8,0.00009407
1653350400011,8,0.00005281
1653379200000,8,-0.00001789
1653408000009,8,0.00010000
1653436800001,8,0.00004797
1653465600000,8,0.00002157
1653494400015,8,-0.00000809
1653523200005,8,0.00000632
1653552000001,8,-0.00019830
1653580800000,8,-0.00013003
1653609600007,8,-0.00008797
1653638400008,8,-0.00010183
1653667200000,8,-0.00017129
1653696000018,8,-0.00018602
1653724800016,8,-0.00019682
1653753600013,8,-0.00013856
1653782400000,8,-0.00025510
1653811200025,8,-0.00112141
1653840000002,8,-0.00017949
1653868800000,8,0.00007438
1653897600013,8,0.00010000
1653926400005,8,0.00010000
1653955200016,8,0.00010000
1653984000000,8,0.00010000
1654012800000,8,0.00010000
1654041600000,8,0.00010000
1654070400011,8,0.00009359
1654099200000,8,0.00010000
1654128000000,8,-0.00009127
1654156800006,8,-0.00011719
1654185600021,8,-0.00012390
1654214400016,8,-0.00016850
1654243200016,8,-0.00012320
1654272000012,8,-0.00003372
1654300800005,8,-0.00019807
1654329600000,8,-0.00015866
1654358400007,8,-0.00024214
1654387200005,8,-0.00013009
1654416000015,8,-0.00046855
1654444800000,8,-0.00013847
1654473600000,8,0.00001341
1654502400017,8,0.00010000
1654531200000,8,0.00000824
1654560000000,8,-0.00039405
1654588800011,8,0.00001671
1654617600000,8,-0.00000662
1654646400008,8,0.00486058
1654675200020,8,-0.00093958
1654704000012,8,0.00000516
1654732800000,8,0.00010000
1654761600000,8,0.00009633
1654790400000,8,0.00006697
1654819200009,8,0.00010000
1654848000000,8,0.00010000
1654876800006,8,0.00007760
1654905600018,8,0.00010000
1654934400014,8,0.00007126
1654963200000,8,0.00009075
1654992000015,8,0.00008363
1655020800019,8,-0.00022278
1655049600010,8,0.00004733
1655078400009,8,-0.00006838
1655107200000,8,-0.00010495
1655136000007,8,-0.00038116
1655164800013,8,-0.00095303
1655193600008,8,-0.00019090
1655222400006,8,-0.00045048
1655251200000,8,0.00001675
1655280000016,8,0.00003132
1655308800008,8,0.00006157
1655337600009,8,0.00009623
1655366400016,8,0.00002321
1655395200000,8,-0.00005097
1655424000008,8,0.00000700
1655452800003,8,0.00007499
1655481600000,8,-0.00008285
1655510400020,8,-0.00005135
1655539200025,8,-0.00002444
1655568000014,8,0.00003992
1655596800012,8,-0.00000789
1655625600012,8,0.00000961
1655654400008,8,0.00001539
1655683200016,8,0.00002618
1655712000000,8,-0.00015176
1655740800013,8,0.00005210
1655769600012,8,0.00006704
1655798400018,8,0.00008304
1655827200010,8,0.00008864
1655856000000,8,-0.00002189
1655884800001,8,-0.00025764
1655913600012,8,-0.00005363
1655942400000,8,-0.00008021
1655971200000,8,-0.00004846
1656000000016,8,0.00002940
1656028800005,8,0.00010000
1656057600004,8,0.00009485
1656086400018,8,0.00010000
1656115200001,8,0.00010000
1656144000010,8,0.00010000
1656172800000,8,0.00010000
1656201600002,8,0.00010000
1656230400016,8,0.00010000
1656259200006,8,0.00010000
1656288000008,8,0.00001308
1656316800000,8,0.00010000
1656345600016,8,0.00010000
1656374400016,8,0.00001743
1656403200001,8,0.00002796
1656432000005,8,-0.00032287
1656460800000,8,0.00002558
1656489600013,8,-0.00006290
1656518400000,8,0.00010000
1656547200000,8,0.00010000
1656576000000,8,0.00010000
1656604800000,8,0.00010000
1656633600001,8,0.00000922
1656662400017,8,-0.00004845
1656691200005,8,-0.00021783
1656720000000,8,0.00000592
1656748800000,8,-0.00011643
1656777600008,8,-0.00033460
1656806400015,8,0.00010000
1656835200004,8,0.00010000
1656864000005,8,0.00010000
1656892800021,8,0.00010000
1656921600001,8,0.00010000
1656950400000,8,0.00004727
1656979200000,8,0.00010000
1657008000000,8,0.00010000
1657036800015,8,0.00010000
1657065600006,8,0.00010000
1657094400000,8,0.00008550
1657123200000,8,0.00000535
1657152000010,8,0.00010000
1657180800010,8,0.00010000
1657209600011,8,0.00010000
1657238400008,8,0.00010000
1657267200009,8,0.00010000
1657296000000,8,0.00008555
1657324800000,8,-0.00024258
1657353600000,8,0.00010000
1657382400009,8,0.00007494
1657411200001,8,0.00010000
1657440000002,8,0.00010000
1657468800001,8,0.00010000
1657497600000,8,0.00010000
1657526400003,8,0.00007622
1657555200001,8,0.00008587
1657584000000,8,0.00010000
1657612800021,8,0.00010000
1657641600000,8,0.00005622
1657670400012,8,0.00008932
1657699200022,8,-0.00003521
1657728000005,8,-0.00003301
1657756800017,8,-0.00020409
1657785600001,8,0.00007556
1657814400000,8,-0.00007354
1657843200004,8,0.00010000
1657872000019,8,0.00010000
1657900800017,8,0.00010000
1657929600021,8,0.00010000
1657958400014,8,0.00010000
1657987200005,8,0.00010000
1658016000000,8,0.00010000
1658044800003,8,0.00010000
1658073600007,8,0.00010000
1658102400001,8,0.00010000
1658131200004,8,0.00010000
1658160000019,8,0.00010000
1658188800000,8,0.00010000
1658217600000,8,0.00010000
1658246400001,8,0.00010000
1658275200004,8,0.00010000
1658304000000,8,0.00007998
1658332800003,8,0.00010000
1658361600000,8,0.00010000
1658390400018,8,0.00002449
1658419200011,8,0.00010000
1658448000014,8,0.00010000
1658476800000,8,0.00010000
1658505600000,8,0.00010000
1658534400004,8,0.00010000
1658563200002,8,0.00010000
1658592000001,8,0.00010000
1658620800000,8,0.00010000
1658649600011,8,0.00010000
1658678400000,8,0.00010000
1658707200000,8,0.00010000
1658736000014,8,0.00010000
1658764800006,8,0.00010000
1658793600010,8,0.00010000
1658822400000,8,-0.00011449
1658851200000,8,0.00010000
1658880000008,8,-0.00005426
1658908800000,8,0.00010000
1658937600003,8,0.00010000
1658966400009,8,0.00010000
1658995200008,8,0.00010000
1659024000013,8,0.00010000
1659052800000,8,0.00010000
1659081600000,8,0.00010000
1659110400000,8,0.00010000
1659139200005,8,0.00010000
1659168000009,8,0.00010000
1659196800000,8,0.00010000
1659225600022,8,0.00010000
1659254400011,8,0.00010000
1659283200019,8,0.00010000
1659312000010,8,0.00010000
1659340800019,8,0.00010000
1659369600017,8,0.00010000
1659398400000,8,0.00010000
1659427200007,8,0.00010000
1659456000014,8,0.00010000
1659484800001,8,0.00010000
1659513600020,8,0.00010000
1659542400008,8,0.00010000
1659571200001,8,0.00010000
1659600000009,8,0.00010000
1659628800015,8,0.00010000
1659657600005,8,0.00010000
1659686400000,8,0.00010000
1659715200000,8,0.00010000
1659744000021,8,0.00010000
1659772800000,8,0.00010000
1659801600015,8,0.00010000
1659830400013,8,0.00010000
1659859200000,8,0.00010000
1659888000014,8,0.00010000
1659916800009,8,0.00010000
1659945600006,8,0.00010000
1659974400000,8,0.00010000
1660003200020,8,0.00010000
1660032000000,8,0.00010000
1660060800000,8,0.00010000
1660089600000,8,0.00010000
1660118400016,8,0.00010000
1660147200018,8,0.00010000
1660176000012,8,0.00010000
1660204800000,8,0.00010000
1660233600000,8,0.00010000
1660262400006,8,0.00010000
1660291200000,8,0.00010000
1660320000005,8,0.00010000
1660348800012,8,0.00010000
1660377600006,8,0.00010000
1660406400018,8,0.00010000
1660435200000,8,0.00010000
1660464000000,8,0.00010000
1660492800000,8,0.00010000
1660521600010,8,0.00010000
1660550400002,8,0.00010000
1660579200010,8,0.00010000
1660608000010,8,0.00010000
1660636800002,8,0.00010000
1660665600000,8,0.00010000
1660694400020,8,0.00010000
1660723200016,8,0.00010000
1660752000001,8,0.00010000
1660780800005,8,0.00005933
1660809600012,8,0.00010000
1660838400013,8,0.00005490
1660867200000,8,0.00010000
1660896000000,8,0.00010000
1660924800009,8,0.00010000
1660953600000,8,0.00010000
1660982400005,8,0.00010000
1661011200000,8,0.00007760
1661040000010,8,-0.00001322
1661068800013,8,0.00010000
1661097600000,8,0.00009407
1661126400011,8,0.00008810
1661155200005,8,-0.00019204
1661184000005,8,0.00010000
1661212800000,8,0.00002712
1661241600021,8,0.00006613
1661270400005,8,0.00003161
1661299200017,8,0.00007720
1661328000021,8,0.00004074
1661356800000,8,0.00005571
1661385600003,8,0.00010000
1661414400000,8,0.00009216
1661443200004,8,-0.00000752
1661472000001,8,0.00000917
1661500800004,8,0.00006726
1661529600000,8,-0.00009563
1661558400010,8,-0.00009378
1661587200007,8,-0.00001560
1661616000008,8,-0.00009802
1661644800019,8,-0.00006984
1661673600000,8,-0.00004619
1661702400000,8,-0.00004571
1661731200000,8,-0.00017797
1661760000000,8,-0.00012243
1661788800001,8,-0.00014718
1661817600001,8,-0.00000713
1661846400005,8,-0.00000685
1661875200010,8,0.00010000
1661904000000,8,-0.00031287
1661932800005,8,-0.00019550
1661961600013,8,-0.00012906
1661990400012,8,-0.00006417
1662019200000,8,0.00003101
1662048000013,8,0.00007638
1662076800002,8,0.00001897
1662105600013,8,-0.00007281
1662134400000,8,-0.00001089
1662163200000,8,-0.00021857
1662192000002,8,0.00010000
1662220800007,8,0.00010000
1662249600008,8,0.00008671
1662278400009,8,0.00007523
1662307200000,8,-0.00001171
1662336000015,8,-0.00010377
1662364800013,8,0.00009453
1662393600007,8,-0.00011081
1662422400018,8,-0.00001728
1662451200020,8,0.00002482
1662480000028,8,0.00009746
1662508800013,8,-0.00041105
1662537600022,8,-0.00013566
1662566400021,8,0.00010000
1662595200010,8,-0.00004437
1662624000000,8,0.00007491
1662652800003,8,-0.00003649
1662681600011,8,0.00010000
1662710400000,8,0.00010000
1662739200000,8,0.00010000
1662768000003,8,0.00010000
1662796800000,8,0.00010000
1662825600012,8,0.00010000
1662854400009,8,0.00010000
1662883200012,8,0.00010000
1662912000005,8,0.00010000
1662940800007,8,0.00010000
1662969600013,8,0.00010000
1662998400000,8,0.00009189
1663027200004,8,0.00010000
1663056000000,8,0.00010000
1663084800000,8,0.00010000
1663113600000,8,0.00003356
1663142400000,8,-0.00002920
1663171200000,8,0.00004012
1663200000019,8,0.00000444
1663228800012,8,0.00003048
1663257600007,8,0.00003730
1663286400000,8,0.00010000
1663315200000,8,0.00010000
1663344000000,8,0.00010000
1663372800000,8,0.00010000
1663401600012,8,0.00010000
1663430400017,8,0.00010000
1663459200000,8,0.00010000
1663488000004,8,0.00010000
1663516800000,8,0.00010000
1663545600018,8,0.00010000
1663574400006,8,0.00000280
1663603200010,8,0.00010000
1663632000007,8,0.00008172
1663660800001,8,0.00010000
1663689600000,8,0.00010000
1663718400001,8,0.00010000
1663747200005,8,0.00010000
1663776000000,8,0.00010000
1663804800000,8,0.00007750
1663833600000,8,0.00010000
1663862400011,8,0.00010000
1663891200023,8,0.00010000
1663920000004,8,0.00010000
1663948800005,8,0.00010000
1663977600000,8,0.00010000
1664006400005,8,0.00010000
1664035200000,8,0.00010000
1664064000010,8,0.00003256
1664092800000,8,0.00010000
1664121600003,8,0.00009382
1664150400001,8,0.00010000
1664179200006,8,0.00010000
1664208000000,8,0.00010000
1664236800026,8,0.00010000
1664265600004,8,0.00010000
1664294400006,8,0.00010000
1664323200011,8,0.00010000
1664352000000,8,0.00010000
1664380800000,8,0.00005403
1664409600010,8,0.00010000
1664438400000,8,0.00010000
1664467200000,8,0.00010000
1664496000006,8,0.00010000
1664524800002,8,0.00010000
1664553600007,8,0.00010000
1664582400008,8,0.00010000
1664611200011,8,0.00010000
1664640000000,8,0.00010000
1664668800000,8,0.00010000
1664697600000,8,0.00010000
1664726400006,8,0.00010000
1664755200000,8,0.00010000
1664784000014,8,0.00010000
1664812800010,8,0.00010000
1664841600006,8,0.00010000
1664870400004,8,0.00010000
1664899200013,8,0.00010000
1664928000000,8,0.00010000
1664956800000,8,0.00010000
1664985600012,8,0.00010000
1665014400008,8,0.00010000
1665043200002,8,0.00010000
1665072000006,8,0.00010000
1665100800000,8,0.00010000
1665129600000,8,0.00010000
1665158400007,8,0.00010000
1665187200010,8,0.00010000
1665216000004,8,0.00010000
1665244800018,8,0.00010000
1665273600000,8,0.00010000
1665302400007,8,0.00010000
1665331200011,8,0.00010000
1665360000018,8,0.00010000
1665388800000,8,0.00010000
1665417600026,8,0.00010000
1665446400020,8,0.00010000
1665475200027,8,0.00009465
1665504000000,8,0.00010000
1665532800014,8,0.00010000
1665561600000,8,0.00010000
1665590400000,8,-0.00000446
1665619200013,8,0.00010000
1665648000016,8,0.00006893
1665676800009,8,-0.00002109
1665705600020,8,0.00010000
1665734400000,8,0.00010000
1665763200009,8,0.00007908
1665792000001,8,0.00003249
1665820800005,8,0.00010000
1665849600004,8,0.00010000
1665878400012,8,0.00010000
1665907200000,8,0.00005225
1665936000010,8,0.00010000
1665964800012,8,-0.00002986
1665993600010,8,0.00009453
1666022400017,8,0.00010000
1666051200010,8,0.00010000
1666080000008,8,0.00009630
1666108800000,8,0.00010000
1666137600007,8,0.00006630
1666166400022,8,0.00010000
1666195200016,8,0.00010000
1666224000000,8,0.00010000
1666252800013,8,0.00010000
1666281600000,8,0.00010000
1666310400005,8,0.00009115
1666339200018,8,0.00010000
1666368000000,8,0.00010000
1666396800000,8,0.00010000
1666425600015,8,0.00010000
1666454400000,8,0.00010000
1666483200025,8,0.00010000
1666512000000,8,0.00010000
1666540800004,8,0.00010000
1666569600009,8,0.00010000
1666598400012,8,0.00010000
1666627200002,8,0.00008272
1666656000013,8,0.00004426
1666684800013,8,0.00010000
1666713600000,8,0.00010000
1666742400006,8,0.00010000
1666771200013,8,0.00010000
1666800000000,8,0.00010000
1666828800009,8,0.00010000
1666857600006,8,0.00010000
1666886400009,8,0.00010000
1666915200000,8,0.00008904
1666944000000,8,0.00010000
1666972800007,8,0.00001235
1667001600000,8,0.00010000
1667030400003,8,0.00009074
1667059200010,8,0.00010000
1667088000000,8,0.00010000
1667116800013,8,0.00010000
1667145600009,8,0.00010000
1667174400012,8,0.00009598
1667203200000,8,0.00010000
1667232000010,8,0.00010000
1667260800000,8,0.00010000
1667289600000,8,0.00010000
1667318400000,8,0.00010000
1667347200000,8,-0.00008003
1667376000000,8,0.00010000
1667404800019,8,0.00001837
1667433600011,8,0.00001419
1667462400016,8,0.00010000
1667491200005,8,0.00010000
1667520000000,8,0.00010000
1667548800004,8,0.00010000
1667577600020,8,0.00010000
1667606400009,8,0.00010000
1667635200007,8,0.00010000
1667664000018,8,0.00010000
1667692800009,8,0.00010000
1667721600000,8,0.00010000
1667750400010,8,0.00010000
1667779200012,8,0.00005328
1667808000014,8,0.00007581
1667836800006,8,0.00010000
1667865600000,8,0.00000984
1667894400001,8,0.00002176
1667923200005,8,-0.00007386
1667952000000,8,-0.00035711
1667980800013,8,0.00001805
1668009600004,8,-0.00024928
1668038400006,8,-0.00020263
1668067200000,8,0.00010000
1668096000015,8,0.00010000
1668124800000,8,0.00010000
1668153600015,8,0.00007050
1668182400027,8,0.00009687
1668211200007,8,0.00010000
1668240000016,8,0.00003571
1668268800000,8,0.00009405
1668297600004,8,0.00003049
1668326400000,8,0.00005817
1668355200017,8,0.00010000
1668384000000,8,0.00010000
1668412800000,8,0.00006416
1668441600000,8,0.00001179
1668470400014,8,0.00006533
1668499200009,8,0.00010000
1668528000010,8,0.00006637
1668556800011,8,0.00002602
1668585600004,8,0.00010000
1668614400008,8,0.00010000
1668643200000,8,0.00000338
1668672000000,8,0.00010000
1668700800006,8,0.00010000
1668729600004,8,0.00010000
1668758400016,8,0.00004013
1668787200000,8,0.00010000
1668816000000,8,0.00010000
1668844800004,8,0.00009985
1668873600024,8,0.00010000
1668902400015,8,0.00010000
1668931200004,8,0.00001935
1668960000000,8,-0.00006874
1668988800006,8,-0.00031160
1669017600015,8,-0.00025277
1669046400000,8,-0.00005802
1669075200000,8,0.00001496
1669104000000,8,0.00000850
1669132800000,8,-0.00006055
1669161600000,8,0.00010000
1669190400011,8,0.00010000
1669219200014,8,0.00010000
1669248000007,8,0.00010000
1669276800014,8,0.00010000
1669305600013,8,0.00010000
1669334400004,8,0.00010000
1669363200015,8,0.00010000
1669392000000,8,0.00010000
1669420800011,8,0.00010000
1669449600000,8,0.00010000
1669478400000,8,0.00010000
1669507200012,8,0.00006058
1669536000000,8,0.00010000
1669564800003,8,0.00010000
1669593600015,8,0.00010000
1669622400004,8,0.00010000
1669651200011,8,0.00006789
1669680000000,8,0.00007533
1669708800015,8,0.00010000
1669737600000,8,0.00010000
1669766400007,8,0.00007558
1669795200000,8,0.00010000
1669824000015,8,0.00008861
1669852800001,8,0.00007879
1669881600006,8,0.00010000
1669910400000,8,0.00010000
1669939200001,8,0.00010000
1669968000016,8,0.00010000
1669996800017,8,0.00010000
1670025600006,8,0.00009274
1670054400000,8,-0.00012214
1670083200011,8,0.00007307
1670112000006,8,-0.00010025
1670140800000,8,-0.00001223
1670169600006,8,0.00005674
1670198400002,8,0.00009150
1670227200011,8,0.00005333
1670256000008,8,0.00004130
1670284800014,8,-0.00001506
1670313600027,8,-0.00002106
1670342400009,8,-0.00015415
1670371200000,8,0.00000976
1670400000000,8,-6.9E-7
1670428800000,8,-0.00004153
1670457600006,8,-0.00025306
1670486400000,8,-0.00030427
1670515200014,8,-0.00007372
1670544000017,8,-0.00001244
1670572800005,8,-0.00004051
1670601600000,8,0.00003154
1670630400009,8,0.00009007
1670659200010,8,-0.00000328
1670688000001,8,-0.00001511
1670716800011,8,0.00002080
1670745600007,8,-0.00006509
1670774400011,8,-0.00007609
1670803200000,8,0.00003896
1670832000004,8,0.00000626
1670860800000,8,0.00006855
1670889600000,8,0.00006864
1670918400018,8,0.00009838
1670947200011,8,0.00004927
1670976000010,8,0.00010000
1671004800015,8,0.00005753
1671033600004,8,0.00010000
1671062400000,8,0.00004679
1671091200023,8,0.00004474
1671120000010,8,0.00010000
1671148800016,8,0.00010000
1671177600011,8,0.00004545
1671206400001,8,0.00010000
1671235200001,8,0.00010000
1671264000011,8,-4.2E-7
1671292800011,8,0.00010000
1671321600008,8,0.00002033
1671350400001,8,0.00007858
1671379200012,8,0.00010000
1671408000000,8,0.00009352
1671436800000,8,0.00007658
1671465600000,8,0.00005629
1671494400005,8,0.00010000
1671523200016,8,0.00010000
1671552000000,8,0.00010000
1671580800007,8,0.00010000
1671609600012,8,0.00007718
1671638400017,8,0.00010000
1671667200004,8,0.00010000
1671696000000,8,0.00008467
1671724800001,8,0.00010000
1671753600018,8,0.00010000
1671782400000,8,0.00006143
1671811200000,8,0.00010000
1671840000001,8,0.00010000
1671868800007,8,0.00003707
1671897600008,8,0.00002934
1671926400000,8,0.00000214
1671955200013,8,0.00002170
1671984000000,8,0.00010000
1672012800001,8,0.00010000
1672041600000,8,0.00010000
1672070400005,8,0.00010000
1672099200005,8,0.00009298
1672128000010,8,0.00005012
1672156800006,8,0.00008012
1672185600010,8,0.00000699
1672214400010,8,-0.00006671
1672243200010,8,-0.00002448
1672272000011,8,0.00010000
1672300800000,8,0.00004173
1672329600008,8,0.00001957
1672358400000,8,0.00006225
1672387200000,8,-0.00000407
1672416000000,8,0.00008405
1672444800014,8,0.00004608
1672473600000,8,0.00010000
1672502400000,8,0.00010000
1672531200000,8,0.00010000
1672560000008,8,0.00010000
1672588800000,8,0.00003746
1672617600000,8,0.00007565
1672646400008,8,0.00002381
1672675200015,8,0.00009959
1672704000003,8,0.00010000
1672732800018,8,-0.00013845
1672761600000,8,0.00008783
1672790400000,8,0.00003622
1672819200016,8,0.00010000
1672848000011,8,0.00010000
1672876800009,8,0.00010000
1672905600011,8,0.00005318
1672934400000,8,0.00008889
1672963200005,8,0.00010000
1672992000001,8,0.00010000
1673020800000,8,0.00010000
1673049600006,8,0.00010000
1673078400017,8,0.00010000
1673107200000,8,0.00010000
1673136000015,8,0.00009402
1673164800000,8,0.00006937
1673193600010,8,0.00010000
1673222400003,8,0.00009796
1673251200000,8,0.00010000
1673280000006,8,0.00010000
1673308800003,8,0.00010000
1673337600021,8,0.00010000
1673366400000,8,0.00010000
1673395200011,8,0.00010000
1673424000006,8,0.00010000
1673452800004,8,0.00010000
1673481600000,8,0.00010000
1673510400000,8,0.00010000
1673539200000,8,0.00010000
1673568000004,8,0.00010000
1673596800000,8,0.00010000
1673625600018,8,0.00010000
1673654400000,8,0.00010000
1673683200001,8,0.00028574
1673712000000,8,0.00012486
1673740800010,8,0.00014442
1673769600002,8,0.00015673
1673798400000,8,0.00012796
1673827200010,8,0.00024757
1673856000007,8,0.00023730
1673884800000,8,0.00010000
1673913600004,8,0.00010000
1673942400005,8,0.00010000
1673971200001,8,0.00010000
1674000000008,8,0.00010000
1674028800009,8,0.00010000
1674057600017,8,0.00010000
1674086400000,8,0.00010000
1674115200015,8,0.00010000
1674144000012,8,0.00010000
1674172800000,8,0.00010000
1674201600000,8,0.00010000
1674230400000,8,0.00010000
1674259200013,8,0.00010000
1674288000001,8,0.00030265
1674316800016,8,0.00011205
1674345600000,8,0.00010000
1674374400000,8,0.00019393
1674403200023,8,0.00010000
1674432000014,8,0.00010000
1674460800014,8,0.00016549
1674489600016,8,0.00018580
1674518400008,8,0.00020909
1674547200008,8,0.00010000
1674576000000,8,0.00010000
1674604800012,8,0.00010000
1674633600000,8,0.00010000
1674662400010,8,0.00010000
1674691200010,8,0.00010000
1674720000003,8,0.00010000
1674748800020,8,0.00010000
1674777600008,8,0.00010000
1674806400000,8,0.00010000
1674835200000,8,0.00010000
1674864000009,8,0.00012876
1674892800018,8,0.00029328
1674921600005,8,0.00010000
1674950400011,8,0.00010000
1674979200000,8,0.00010000
1675008000008,8,0.00010000
1675036800001,8,0.00023658
1675065600000,8,0.00021718
1675094400000,8,0.00010000
1675123200005,8,0.00010000
1675152000000,8,0.00010000
1675180800007,8,0.00010000
1675209600013,8,0.00010000
1675238400000,8,0.00010000
1675267200012,8,0.00010000
1675296000004,8,0.00010000
1675324800023,8,0.00047068
1675353600003,8,0.00043901
1675382400010,8,0.00049525
1675411200000,8,0.00034835
1675440000000,8,0.00027281
1675468800010,8,0.00040331
1675497600000,8,0.00034082
1675526400000,8,0.00039435
1675555200016,8,0.00033462
1675584000009,8,0.00018807
1675612800018,8,0.00010000
1675641600001,8,0.00010000
1675670400000,8,0.00010000
1675699200012,8,0.00010000
1675728000004,8,0.00010000
1675756800011,8,0.00010000
1675785600018,8,0.00024385
1675814400009,8,0.00034562
1675843200010,8,0.00024077
1675872000000,8,0.00032265
1675900800014,8,0.00014641
1675929600006,8,0.00010000
1675958400001,8,0.00013932
1675987200012,8,0.00010000
1676016000005,8,0.00010000
1676044800020,8,0.00010000
1676073600007,8,0.00010000
1676102400002,8,0.00010000
1676131200021,8,0.00010000
1676160000004,8,0.00010000
1676188800000,8,0.00010000
1676217600002,8,0.00010000
1676246400006,8,0.00010000
1676275200008,8,0.00010000
1676304000002,8,0.00010000
1676332800013,8,0.00010000
1676361600014,8,0.00010000
1676390400016,8,0.00010000
1676419200011,8,0.00010000
1676448000000,8,0.00010000
1676476800005,8,0.00010000
1676505600019,8,0.00010000
1676534400000,8,0.00010000
1676563200001,8,0.00010000
1676592000003,8,0.00010000
1676620800016,8,0.00010000
1676649600000,8,0.00010000
1676678400011,8,0.00010000
1676707200000,8,0.00010000
1676736000007,8,0.00010000
1676764800019,8,0.00010000
1676793600005,8,0.00010000
1676822400003,8,0.00014946
1676851200006,8,0.00010000
1676880000008,8,0.00010000
1676908800006,8,0.00011841
1676937600001,8,0.00010000
1676966400004,8,0.00010000
1676995200011,8,0.00010000
1677024000009,8,0.00010000
1677052800010,8,0.00010000
1677081600000,8,0.00010000
1677110400006,8,0.00010000
1677139200005,8,0.00010000
1677168000002,8,0.00010000
1677196800015,8,0.00010000
1677225600011,8,0.00010000
1677254400014,8,0.00010000
1677283200015,8,0.00010000
1677312000015,8,0.00010000
1677340800015,8,0.00010000
1677369600007,8,0.00010000
1677398400012,8,0.00010000
1677427200000,8,0.00010000
1677456000011,8,0.00010000
1677484800003,8,0.00010000
1677513600000,8,0.00010000
1677542400011,8,0.00010000
1677571200018,8,0.00010000
1677600000005,8,0.00010000
1677628800016,8,0.00010000
1677657600000,8,0.00010000
1677686400008,8,0.00010000
1677715200009,8,0.00010000
1677744000013,8,0.00010000
1677772800000,8,0.00010000
1677801600000,8,0.00010000
1677830400013,8,0.00010000
1677859200000,8,0.00010000
1677888000001,8,0.00010000
1677916800008,8,0.00010000
1677945600012,8,0.00010000
1677974400000,8,0.00010000
1678003200000,8,0.00010000
1678032000015,8,0.00010000
1678060800007,8,0.00010000
1678089600017,8,0.00010000
1678118400000,8,0.00010000
1678147200009,8,0.00010000
1678176000016,8,0.00010000
1678204800017,8,0.00010000
1678233600000,8,0.00010000
1678262400014,8,0.00010000
1678291200021,8,0.00010000
1678320000010,8,0.00010000
1678348800013,8,0.00008035
1678377600002,8,0.00010000
1678406400000,8,0.00005987
1678435200000,8,0.00010000
1678464000005,8,0.00010000
1678492800011,8,0.00010000
1678521600003,8,0.00010000
1678550400011,8,0.00010000
1678579200001,8,0.00010000
1678608000000,8,0.00010000
1678636800005,8,0.00004748
1678665600010,8,0.00007460
1678694400018,8,0.00010000
1678723200003,8,0.00010000
1678752000010,8,0.00010000
1678780800009,8,0.00010000
1678809600010,8,0.00010000
1678838400011,8,0.00010000
1678867200000,8,0.00010000
1678896000012,8,0.00010000
1678924800004,8,0.00010000
1678953600018,8,0.00010000
1678982400005,8,0.00010000
1679011200017,8,0.00010000
1679040000010,8,0.00010000
1679068800003,8,0.00010000
1679097600012,8,0.00010000
1679126400000,8,0.00010000
1679155200016,8,0.00010000
1679184000013,8,0.00010000
1679212800024,8,0.00010000
1679241600000,8,0.00010000
1679270400005,8,0.00010000
1679299200012,8,0.00010000
1679328000015,8,0.00010000
1679356800006,8,0.00009761
1679385600004,8,0.00010000
1679414400003,8,0.00010000
1679443200000,8,0.00010000
1679472000003,8,0.00010000
1679500800000,8,0.00010000
1679529600016,8,0.00010000
1679558400001,8,0.00010000
1679587200013,8,0.00010000
1679616000013,8,0.00010000
1679644800012,8,0.00010000
1679673600027,8,0.00010000
1679702400015,8,0.00010000
1679731200011,8,0.00010000
1679760000011,8,0.00010000
1679788800000,8,0.00010000
1679817600015,8,0.00010000
1679846400000,8,0.00010000
1679875200019,8,0.00010000
1679904000009,8,0.00010000
1679932800000,8,0.00010000
1679961600007,8,0.00010000
1679990400000,8,0.00008965
1680019200013,8,0.00010000
1680048000010,8,0.00010000
1680076800006,8,0.00010000
1680105600014,8,0.00010000
1680134400000,8,0.00010000
1680163200000,8,0.00010000
1680192000006,8,0.00010000
1680220800003,8,0.00010000
1680249600006,8,0.00010000
1680278400011,8,0.00010000
1680307200000,8,0.00010000
1680336000000,8,0.00010000
1680364800018,8,0.00010000
1680393600013,8,0.00010000
1680422400014,8,0.00010000
1680451200001,8,0.00010000
1680480000000,8,0.00010000
1680508800013,8,0.00010000
1680537600011,8,0.00010000
1680566400002,8,0.00010000
1680595200017,8,0.00010000
1680624000008,8,0.00010000
1680652800000,8,0.00010000
1680681600016,8,0.00010000
1680710400004,8,0.00010000
1680739200000,8,0.00010000
1680768000011,8,0.00010000
1680796800000,8,0.00010000
1680825600006,8,0.00010000
1680854400005,8,0.00010000
1680883200000,8,0.00010000
1680912000000,8,0.00010000
1680940800014,8,0.00010000
1680969600018,8,0.00010000
1680998400013,8,0.00004136
1681027200024,8,-0.00010681
1681056000010,8,0.00006574
1681084800000,8,0.00010000
1681113600010,8,0.00010000
1681142400006,8,0.00010000
1681171200008,8,0.00010000
1681200000007,8,0.00010000
1681228800016,8,0.00010000
1681257600006,8,0.00010000
1681286400008,8,0.00010000
1681315200014,8,0.00010000
1681344000027,8,0.00010000
1681372800010,8,0.00010000
1681401600000,8,0.00010000
1681430400001,8,0.00010000
1681459200008,8,0.00018701
1681488000007,8,0.00014782
1681516800007,8,0.00020272
1681545600007,8,0.00021042
1681574400011,8,0.00034189
1681603200014,8,0.00024280
1681632000007,8,0.00039806
1681660800002,8,0.00024344
1681689600017,8,0.00031646
1681718400006,8,0.00011191
1681747200000,8,0.00027415
1681776000013,8,0.00024600
1681804800017,8,0.00022100
1681833600000,8,0.00022598
1681862400022,8,0.00029876
1681891200014,8,0.00012862
1681920000000,8,0.00010000
1681948800010,8,0.00010000
1681977600012,8,0.00010000
1682006400012,8,0.00010000
1682035200009,8,0.00010000
1682064000009,8,0.00010000
1682092800003,8,0.00010000
1682121600000,8,0.00010000
1682150400000,8,0.00010000
1682179200016,8,0.00010000
1682208000009,8,0.00010000
1682236800020,8,0.00010000
1682265600007,8,0.00008676
1682294400000,8,0.00010000
1682323200008,8,0.00010000
1682352000006,8,0.00010000
1682380800014,8,0.00010000
1682409600009,8,0.00009950
1682438400015,8,0.00010000
1682467200015,8,0.00010000
1682496000013,8,0.00010000
1682524800001,8,0.00010000
1682553600014,8,0.00010000
1682582400008,8,0.00010000
1682611200005,8,0.00010000
1682640000011,8,0.00010000
1682668800007,8,0.00010000
1682697600006,8,0.00010000
1682726400004,8,0.00010000
1682755200016,8,0.00010000
1682784000001,8,0.00010000
1682812800008,8,0.00010000
1682841600000,8,0.00010000
1682870400010,8,0.00010000
1682899200004,8,0.00010000
1682928000008,8,0.00010000
1682956800014,8,0.00010000
1682985600015,8,0.00010000
1683014400018,8,0.00010000
1683043200000,8,0.00010000
1683072000009,8,0.00010000
1683100800003,8,0.00010000
1683129600011,8,0.00010000
1683158400000,8,0.00010000
1683187200000,8,0.00010000
1683216000011,8,0.00010000
1683244800002,8,0.00010000
1683273600000,8,0.00010000
1683302400000,8,0.00010000
1683331200009,8,0.00010000
1683360000000,8,0.00010000
1683388800000,8,0.00010000
1683417600000,8,0.00010000
1683446400000,8,0.00010000
1683475200006,8,0.00010000
1683504000000,8,0.00010000
1683532800007,8,0.00009995
1683561600015,8,0.00010000
1683590400015,8,-0.00007177
1683619200000,8,0.00008916
1683648000000,8,0.00004226
1683676800007,8,0.00007758
1683705600003,8,0.00010000
1683734400000,8,0.00010000
1683763200011,8,0.00010000
1683792000000,8,0.00010000
1683820800005,8,0.00010000
1683849600020,8,0.00010000
1683878400001,8,0.00010000
1683907200010,8,0.00002763
1683936000000,8,0.00008348
1683964800000,8,0.00010000
1683993600026,8,0.00010000
1684022400029,8,0.00009187
1684051200010,8,-0.00004774
1684080000008,8,0.00010000
1684108800006,8,0.00010000
1684137600005,8,0.00008789
1684166400008,8,0.00008663
1684195200021,8,0.00010000
1684224000000,8,0.00010000
1684252800000,8,0.00010000
1684281600010,8,0.00010000
1684310400000,8,0.00010000
1684339200001,8,0.00010000
1684368000000,8,0.00010000
1684396800026,8,0.00010000
1684425600019,8,0.00010000
1684454400000,8,0.00010000
1684483200002,8,0.00010000
1684512000000,8,0.00010000
1684540800005,8,0.00010000
1684569600014,8,0.00010000
1684598400020,8,0.00010000
1684627200014,8,0.00010000
1684656000001,8,0.00010000
1684684800015,8,0.00010000
1684713600028,8,0.00010000
1684742400000,8,0.00010000
1684771200012,8,0.00010000
1684800000006,8,0.00010000
1684828800014,8,0.00010000
1684857600008,8,0.00010000
1684886400000,8,0.00010000
1684915200025,8,0.00010000
1684944000008,8,0.00010000
1684972800000,8,0.00010000
1685001600025,8,0.00010000
1685030400016,8,0.00010000
1685059200000,8,0.00010000
1685088000024,8,0.00010000
1685116800012,8,0.00010000
1685145600012,8,0.00010000
1685174400018,8,0.00010000
1685203200008,8,0.00010000
1685232000017,8,0.00010000
1685260800015,8,0.00010000
1685289600000,8,0.00010000
1685318400000,8,0.00010000
1685347200020,8,0.00010000
1685376000011,8,0.00010000
1685404800003,8,0.00010000
1685433600000,8,0.00010000
1685462400003,8,0.00010000
1685491200013,8,0.00010000
1685520000000,8,0.00010000
1685548800000,8,0.00010000
1685577600008,8,0.00010000
1685606400012,8,0.00010000
1685635200000,8,0.00010000
1685664000000,8,0.00010000
1685692800006,8,0.00010000
1685721600012,8,0.00010000
1685750400000,8,0.00010000
1685779200011,8,0.00010000
1685808000003,8,0.00010000
1685836800000,8,0.00010000
1685865600000,8,0.00010000
1685894400000,8,0.00010000
1685923200005,8,0.00010000
1685952000000,8,0.00010000
1685980800000,8,0.00010000
1686009600000,8,0.00009141
1686038400009,8,0.00010000
1686067200013,8,0.00010000
1686096000000,8,0.00010000
1686124800016,8,0.00010000
1686153600000,8,0.00010000
1686182400006,8,0.00010000
1686211200000,8,0.00010000
1686240000000,8,0.00010000
1686268800000,8,0.00010000
1686297600000,8,0.00010000
1686326400000,8,0.00010000
1686355200000,8,0.00010000
1686384000000,8,0.00010000
1686412800000,8,-0.00007357
1686441600001,8,-0.00003671
1686470400000,8,-0.00015964
1686499200000,8,-0.00015483
1686528000000,8,0.00004568
1686556800000,8,0.00010000
1686585600001,8,0.00010000
1686614400000,8,0.00010000
1686643200000,8,0.00010000
1686672000000,8,0.00010000
1686700800000,8,0.00010000
1686729600000,8,0.00010000
1686758400000,8,0.00010000
1686787200000,8,0.00000334
1686816000000,8,0.00010000
1686844800000,8,0.00010000
1686873600000,8,-0.00021186
1686902400000,8,0.00000579
1686931200000,8,0.00010000
1686960000000,8,-0.00010266
1686988800000,8,0.00010000
1687017600000,8,0.00010000
1687046400000,8,0.00010000
1687075200000,8,0.00005717
1687104000000,8,0.00002074
1687132800000,8,0.00010000
1687161600000,8,0.00010000
1687190400000,8,0.00010000
1687219200001,8,0.00010000
1687248000000,8,0.00010000
1687276800000,8,0.00004987
1687305600000,8,0.00010000
1687334400000,8,0.00010000
1687363200000,8,0.00010000
1687392000000,8,0.00010000
1687420800001,8,0.00010000
1687449600000,8,-0.00005968
1687478400000,8,0.00010000
1687507200000,8,0.00005997
1687536000000,8,0.00010000
1687564800000,8,0.00010000
1687593600000,8,-0.00008066
1687622400000,8,0.00010000
1687651200000,8,0.00010000
1687680000000,8,0.00010000
1687708800000,8,0.00010000
1687737600000,8,0.00010000
1687766400000,8,0.00010000
1687795200000,8,0.00010000
1687824000000,8,0.00010000
1687852800000,8,0.00010000
1687881600000,8,0.00005810
1687910400000,8,0.00010000
1687939200000,8,0.00010000
1687968000000,8,0.00010000
1687996800000,8,0.00010000
1688025600000,8,0.00010000
1688054400000,8,0.00010000
1688083200000,8,0.00010000
1688112000000,8,0.00010000
1688140800001,8,0.00010000
1688169600000,8,0.00010000
1688198400000,8,0.00010000
1688227200000,8,0.00010000
1688256000000,8,0.00010000
1688284800000,8,0.00010000
1688313600001,8,0.00010000
1688342400000,8,0.00010000
1688371200000,8,0.00010000
1688400000000,8,0.00010000
1688428800001,8,0.00010000
1688457600000,8,0.00010000
1688486400000,8,0.00010000
1688515200000,8,0.00010000
1688544000000,8,0.00010000
1688572800000,8,0.00010000
1688601600000,8,0.00010000
1688630400000,8,0.00010000
1688659200000,8,0.00010000
1688688000000,8,0.00005725
1688716800000,8,0.00010000
1688745600000,8,0.00008312
1688774400000,8,0.00010000
1688803200000,8,0.00010000
1688832000000,8,0.00010000
1688860800000,8,0.00010000
1688889600000,8,0.00010000
1688918400000,8,-0.00001101
1688947200000,8,0.00010000
1688976000000,8,0.00010000
1689004800000,8,0.00010000
1689033600000,8,0.00010000
1689062400000,8,0.00010000
1689091200000,8,0.00010000
1689120000000,8,0.00010000
1689148800000,8,0.00010000
1689177600000,8,0.00010000
1689206400000,8,0.00010000
1689235200000,8,0.00010000
1689264000000,8,0.00010000
1689292800000,8,0.00010000
1689321600000,8,0.00010000
1689350400000,8,0.00010000
1689379200000,8,0.00010000
1689408000000,8,0.00010000
1689436800000,8,0.00010000
1689465600001,8,0.00010000
1689494400000,8,0.00010000
1689523200000,8,0.00010000
1689552000000,8,0.00010000
1689580800000,8,0.00010000
1689609600000,8,0.00010000
1689638400000,8,0.00010000
1689667200000,8,0.00010000
1689696000000,8,0.00010000
1689724800000,8,0.00010000
1689753600000,8,0.00010000
1689782400001,8,-0.00014525
1689811200000,8,0.00009580
1689840000000,8,0.00010000
1689868800000,8,0.00010000
1689897600001,8,0.00010000
1689926400000,8,0.00002918
1689955200000,8,0.00010000
1689984000000,8,0.00010000
1690012800000,8,0.00009988
1690041600000,8,0.00010000
1690070400000,8,0.00002305
1690099200000,8,-0.00011964
1690128000000,8,0.00010000
1690156800000,8,0.00010000
1690185600000,8,0.00002885
1690214400000,8,0.00005942
1690243200000,8,0.00010000
1690272000000,8,-0.00006133
1690300800000,8,0.00005543
1690329600000,8,0.00009280
1690358400001,8,-0.00003742
1690387200000,8,0.00003068
1690416000000,8,-0.00000279
1690444800000,8,-0.00006938
1690473600001,8,-0.00010036
1690502400000,8,-0.00010435
1690531200000,8,-0.00005765
1690560000000,8,0.00010000
1690588800000,8,0.00010000
1690617600000,8,0.00009285
1690646400001,8,-0.00010293
1690675200000,8,0.00010000
1690704000000,8,0.00003948
1690732800000,8,-0.00001625
1690761600000,8,0.00005780
1690790400000,8,0.00010000
1690819200001,8,0.00010000
1690848000000,8,0.00010000
1690876800000,8,0.00009535
1690905600000,8,0.00010000
1690934400000,8,0.00010000
1690963200000,8,0.00010000
1690992000000,8,0.00005352
1691020800000,8,0.00010000
1691049600000,8,0.00010000
1691078400001,8,0.00010000
1691107200000,8,0.00010000
1691136000000,8,0.00010000
1691164800000,8,0.00010000
1691193600000,8,0.00009303
1691222400000,8,0.00010000
1691251200001,8,0.00010000
1691280000000,8,0.00010000
1691308800001,8,0.00010000
1691337600005,8,0.00010000
1691366400000,8,0.00010000
1691395200000,8,0.00010000
1691424000000,8,0.00010000
1691452800000,8,0.00010000
1691481600000,8,0.00010000
1691510400000,8,0.00010000
1691539200000,8,0.00010000
1691568000000,8,-0.00000619
1691596800000,8,0.00010000
1691625600001,8,0.00010000
1691654400000,8,0.00010000
1691683200000,8,0.00007146
1691712000000,8,0.00010000
1691740800000,8,0.00010000
1691769600000,8,0.00010000
1691798400000,8,0.00010000
1691827200000,8,0.00010000
1691856000000,8,0.00010000
1691884800000,8,0.00010000
1691913600000,8,0.00010000
1691942400000,8,0.00010000
1691971200001,8,-0.00000440
1692000000000,8,0.00009509
1692028800000,8,0.00010000
1692057600001,8,0.00010000
1692086400000,8,0.00010000
1692115200000,8,0.00010000
1692144000000,8,0.00005232
1692172800001,8,0.00007122
1692201600000,8,-0.00011119
1692230400000,8,0.00007824
1692259200000,8,-0.00013059
1692288000000,8,0.00010000
1692316800000,8,-0.00016720
1692345600000,8,0.00010000
1692374400000,8,0.00010000
1692403200000,8,0.00006298
1692432000000,8,0.00010000
1692460800000,8,0.00004044
1692489600000,8,0.00010000
1692518400000,8,0.00004985
1692547200000,8,0.00004806
1692576000000,8,0.00007553
1692604800000,8,-0.00001417
1692633600000,8,1.3E-7
1692662400000,8,-0.00000248
1692691200000,8,-0.00011030
1692720000000,8,-0.00012632
1692748800000,8,-0.00018939
1692777600000,8,0.00005179
1692806400000,8,-0.00004583
1692835200000,8,-0.00000375
1692864000000,8,-0.00010803
1692892800000,8,-0.00005977
1692921600000,8,-0.00030882
1692950400000,8,-0.00175172
1692979200000,8,-0.00046222
1693008000000,8,-0.00015704
1693036800000,8,-0.00014461
1693065600000,8,-0.00002368
1693094400000,8,-0.00001784
1693123200000,8,-0.00007911
1693152000000,8,-0.00018503
1693180800000,8,-0.00007259
1693209600001,8,-0.00182810
1693238400001,8,-0.00051369
1693267200000,8,-0.00161632
1693296000000,8,-0.00048338
1693324800000,8,-0.00126936
1693353600000,8,-0.00006139
1693382400000,8,-0.00444617
1693411200000,8,-0.00293544
1693440000000,8,-0.00076273
1693468800000,8,-0.00589658
1693497600000,8,-0.01171113
1693526400000,8,-0.01084857
1693555200000,8,-0.01216571
1693584000001,8,-0.00397815
1693612800000,8,-0.00181439
1693641600000,8,-0.00072622
1693670400000,8,-0.00042038
1693699200000,8,-0.00008466
1693728000000,8,-0.00372776
1693756800000,8,-0.00128180
1693785600000,8,-0.00136977
1693814400000,8,-0.00667137
1693843200000,8,-0.00266092
1693872000000,8,-0.00124789
1693900800000,8,-0.00191886
1693929600000,8,-0.00098371
1693958400000,8,-0.00061034
1693987200000,8,-0.00190816
1694016000001,8,-0.00312618
1694044800000,8,-0.01500000
1694073600000,8,-0.01474747
1694102400000,8,-0.02000000
1694131200000,8,-0.01198972
1694160000000,8,-0.02500000
1694188800000,8,-0.01538654
1694217600000,8,-0.00271634
1694246400000,8,-0.00320460
1694275200000,8,-0.00175387
1694304000000,8,-0.00163285
1694332800000,8,-0.00089485
1694361600000,8,-0.00054987
1694390400000,8,-0.00033083
1694419200000,8,-0.00324335
1694448000001,8,-0.00083314
1694476800000,8,-0.00046385
1694505600000,8,-0.00056402
1694534400000,8,-0.00055506
1694563200000,8,-0.00038168
1694592000000,8,-0.00058638
1694620800000,8,-0.00038879
1694649600000,8,-0.00057622
1694678400001,8,-0.00052946
1694707200000,8,-0.00031328
1694736000000,8,-0.00023220
1694764800000,8,-0.00016019
1694793600000,8,-0.00003748
1694822400000,8,-0.00004527
1694851200000,8,-0.00009054
1694880000000,8,0.00003104
1694908800000,8,0.00006855
1694937600000,8,0.00003489
1694966400000,8,-0.00010581
1694995200000,8,-0.00011261
1695024000000,8,-0.00007162
1695052800000,8,-0.00009477
1695081600000,8,-0.00013207
1695110400001,8,0.00001208
1695139200000,8,0.00004075
1695168000000,8,-0.00002521
1695196800000,8,0.00004814
1695225600000,8,0.00009773
1695254400001,8,0.00010000
1695283200000,8,0.00003053
1695312000000,8,0.00010000
1695340800000,8,0.00010000
1695369600000,8,0.00010000
1695398400000,8,0.00010000
1695427200000,8,0.00010000
1695456000000,8,0.00010000
1695484800000,8,0.00010000
1695513600000,8,0.00010000
1695542400000,8,0.00000207
1695571200000,8,0.00010000
1695600000000,8,0.00010000
1695628800000,8,0.00010000
1695657600000,8,0.00010000
1695686400000,8,-0.00003561
1695715200000,8,0.00006063
1695744000000,8,0.00003763
1695772800000,8,0.00010000
1695801600001,8,0.00010000
1695830400000,8,0.00010000
1695859200000,8,0.00008507
1695888000000,8,-0.00025720
1695916800000,8,-0.00015797
1695945600000,8,-0.00007167
1695974400000,8,0.00010000
1696003200000,8,0.00010000
1696032000000,8,-0.00004812
1696060800000,8,-0.00023349
1696089600000,8,-0.00009796
1696118400000,8,-0.00001080
1696147200000,8,0.00002006
1696176000000,8,-0.00001438
1696204800000,8,0.00010000
1696233600000,8,0.00010000
1696262400000,8,0.00010000
1696291200000,8,0.00010000
1696320000000,8,0.00010000
1696348800000,8,0.00010000
1696377600000,8,0.00010000
1696406400000,8,0.00010000
1696435200000,8,0.00010000
1696464000000,8,0.00010000
1696492800000,8,0.00010000
1696521600001,8,0.00010000
1696550400000,8,0.00010000
1696579200000,8,0.00010000
1696608000000,8,0.00010000
1696636800000,8,0.00010000
1696665600000,8,0.00010000
1696694400000,8,0.00010000
1696723200000,8,0.00010000
1696752000001,8,0.00010000
1696780800000,8,0.00010000
1696809600000,8,0.00007458
1696838400000,8,0.00010000
1696867200000,8,0.00010000
1696896000000,8,0.00005959
1696924800000,8,0.00010000
1696953600000,8,0.00010000
1696982400000,8,0.00002995
1697011200000,8,-0.00006021
1697040000000,8,0.00004677
1697068800000,8,0.00010000
1697097600000,8,0.00002033
1697112000001,4,0.00002148
1697126400000,4,-0.00010412
1697140800000,4,0.00005000
1697155200000,4,-0.00006569
1697169600000,4,-0.00000820
1697184000000,4,0.00005000
1697198400000,4,0.00005000
1697212800000,4,0.00005000
1697227200000,4,0.00004914
1697241600000,4,0.00005000
1697256000000,4,0.00005000
1697270400000,4,1.2E-7
1697284800000,4,0.00005000
1697299200000,4,-0.00000933
1697313600000,4,-0.00029413
1697328000000,4,-0.00034651
1697342400000,4,0.00005000
1697356800000,4,0.00005000
1697371200003,4,0.00005000
1697385600000,4,0.00005000
1697400000000,4,0.00005000
1697414400000,4,0.00005000
1697428800000,4,0.00005000
1697443200000,4,0.00005000
1697457600000,4,0.00005000
1697472000000,4,0.00005000
1697486400000,4,0.00005000
1697500800000,4,0.00005000
1697515200000,4,0.00005000
1697529600000,4,-0.00010555
1697544000000,4,0.00005000
1697558400000,4,-0.00012211
1697572800000,4,-0.00001868
1697587200000,4,-0.00014346
1697601600000,4,0.00005000
1697616000000,4,-0.00002548
1697630400000,4,0.00001311
1697644800000,4,0.00005000
1697659200000,4,-0.00005077
1697673600000,4,-0.00000448
1697688000000,4,0.00005000
1697702400001,4,3.2E-7
1697716800000,4,0.00005000
1697731200000,4,0.00003743
1697745600000,4,0.00005000
1697760000000,4,0.00003495
1697774400000,4,0.00005000
1697788800005,4,0.00005000
1697803200000,4,0.00005000
1697817600000,4,0.00005000
1697832000000,4,0.00005000
1697846400000,4,0.00005000
1697860800000,4,0.00005000
1697875200000,4,0.00005000
1697889600000,4,0.00005000
1697904000000,4,0.00005000
1697918400000,4,0.00005000
1697932800000,4,0.00005000
1697947200000,4,0.00005000
1697961600000,4,0.00005000
1697976000000,4,0.00005000
1697990400000,4,0.00005000
1698004800000,4,0.00005000
1698019200000,4,0.00005000
1698033600000,4,0.00005000
1698048000001,4,0.00005000
1698062400000,4,0.00005000
1698076800001,4,0.00005000
1698091200001,4,0.00005000
1698105600000,4,0.00005000
1698120000000,4,0.00005000
1698134400000,4,0.00005000
1698148800001,4,0.00005000
1698163200000,4,0.00005000
1698177600001,4,0.00005000
1698192000000,4,0.00005000
1698206400000,4,0.00005000
1698220800000,4,0.00005000
1698235200000,4,0.00008445
1698249600001,4,0.00005000
1698264000000,4,0.00013208
1698278400001,4,0.00024595
1698292800000,4,0.00012577
1698307200000,4,0.00021990
1698321600000,4,0.00009749
1698336000000,4,0.00005000
1698350400000,4,0.00005000
1698364800000,4,0.00005000
1698379200000,4,0.00005000
1698393600000,4,0.00005000
1698408000000,4,0.00005000
1698422400000,4,0.00005000
1698436800000,4,0.00005000
1698451200000,4,0.00005000
1698465600000,4,0.00005000
1698480000001,4,0.00005000
1698494400000,4,0.00005000
1698508800000,4,0.00005000
1698523200000,4,0.00005000
1698537600000,4,0.00005000
1698552000000,4,0.00005000
1698566400000,4,0.00005000
1698580800000,4,0.00005000
1698595200000,4,0.00016412
1698609600000,4,0.00005000
1698624000000,4,0.00027006
1698638400000,4,0.00009966
1698652800000,4,0.00005000
1698667200000,4,0.00006877
1698681600000,4,0.00030196
1698696000001,4,0.00005000
1698710400001,4,0.00005000
1698724800000,4,0.00022446
1698739200000,4,0.00005000
1698753600000,4,0.00017885
1698768000000,4,0.00008875
1698782400000,4,0.00011395
1698796800000,4,0.00010310
1698811200000,4,0.00011863
1698825600000,4,0.00016527
1698840000000,4,0.00021028
1698854400000,4,0.00015625
1698868800000,4,0.00009146
1698883200001,4,0.00041964
1698897600000,4,0.00027717
1698912000000,4,0.00019480
1698926400001,4,0.00036324
1698940800000,4,0.00005000
1698955200000,4,0.00021459
1698969600000,4,0.00016339
1698984000000,4,0.00005000
1698998400000,4,0.00005000
1699012800000,4,0.00005000
1699027200000,4,0.00005000
1699041600001,4,0.00013679
1699056000000,4,0.00021658
1699070400000,4,0.00023299
1699084800000,4,0.00022779
1699099200000,4,0.00007398
1699113600000,4,0.00005000
1699128000001,4,0.00005128
1699142400000,4,0.00010763
1699156800000,4,-0.00021328
1699171200000,4,-0.00001791
1699185600000,4,0.00002229
1699200000000,4,0.00005000
1699214400001,4,-0.00009952
1699228800000,4,-0.00008432
1699243200000,4,0.00005000
1699257600001,4,-0.00004254
1699272000000,4,-0.00011947
1699286400000,4,-0.00100802
1699300800000,4,-0.00015908
1699315200001,4,-0.00042933
1699329600000,4,-0.00367505
1699344000000,4,-0.00254152
1699358400000,4,-0.00234781
1699372800000,4,-0.00121515
1699387200001,4,-0.00006379
1699401600000,4,-0.00023183
1699416000000,4,0.00005000
1699430400000,4,-0.00069720
1699444800000,4,0.00005000
1699459200000,4,-0.00026791
1699473600001,4,-0.00056361
1699488000000,4,-0.00024038
1699502400000,4,0.00003041
1699516800000,4,-0.00016410
1699531200000,4,0.00005000
1699545600000,4,0.00005000
1699560000000,4,-0.00036705
1699574400000,4,-0.00063731
1699588800000,4,-0.00057889
1699603200000,4,0.00005000
1699617600000,4,-0.00017864
1699632000000,4,-0.00055081
1699646400000,4,-0.00042877
1699660800000,4,-0.00002321
1699675200000,4,0.00005000
1699689600000,4,0.00005000
1699704000000,4,0.00005000
1699718400000,4,-0.00013062
1699732800000,4,0.00005000
1699747200000,4,0.00005000
1699761600000,4,-0.00028712
1699776000000,4,0.00005000
1699790400000,4,0.00005000
1699804800001,4,0.00005000
1699819200000,4,0.00017032
1699833600000,4,0.00015684
1699848000000,4,0.00005000
1699862400000,4,0.00005000
1699876800000,4,0.00005000
1699891200000,4,0.00005000
1699905600000,4,0.00005000
1699920000000,4,0.00005000
1699934400000,4,0.00005000
1699948800000,4,0.00005000
1699963200000,4,0.00005000
1699977600001,4,0.00005000
1699992000001,4,0.00005000
1700006400000,4,0.00005000
1700020800000,4,0.00005000
1700035200000,4,0.00005000
1700049600000,4,0.00005000
1700064000000,4,0.00005000
1700078400000,4,0.00005000
1700092800000,4,0.00005000
1700107200000,4,0.00010134
1700121600000,4,0.00005000
1700136000000,4,0.00005000
1700150400001,4,0.00005000
1700164800000,4,0.00005000
1700179200000,4,0.00005000
1700193600000,4,0.00005000
1700208000001,4,0.00005000
1700222400000,4,0.00005000
1700236800001,4,0.00005000
1700251200000,4,0.00005000
1700265600000,4,0.00005654
1700280000000,4,0.00005000
1700294400000,4,0.00005000
1700308800000,4,0.00005000
1700323200000,4,0.00005000
1700337600000,4,0.00018874
1700352000000,4,0.00005000
1700366400000,4,0.00006433
1700380800000,4,0.00012040
1700395200000,4,0.00014281
1700409600000,4,0.00025781
1700424000000,4,0.00010343
1700438400000,4,0.00005831
1700452800000,4,0.00008978
1700467200000,4,0.00005000
1700481600000,4,0.00005739
1700496000000,4,0.00011834
1700510400000,4,0.00005000
1700524800000,4,0.00005559
1700539200000,4,0.00006903
1700553600000,4,0.00018827
1700568000000,4,0.00007810
1700582400000,4,0.00007064
1700596800000,4,0.00005000
1700611200000,4,0.00005000
1700625600000,4,0.00005000
1700640000000,4,0.00005000
1700654400000,4,0.00005000
1700668800000,4,0.00005000
1700683200000,4,0.00010955
1700697600000,4,0.00010590
1700712000000,4,0.00005000
1700726400000,4,0.00007991
1700740800001,4,0.00015922
1700755200001,4,0.00005000
1700769600000,4,0.00005000
1700784000000,4,0.00005000
1700798400000,4,0.00005000
1700812800000,4,0.00005000
1700827200001,4,0.00005185
1700841600000,4,0.00005000
1700856000000,4,0.00005000
1700870400000,4,0.00005845
1700884800001,4,0.00005000
1700899200000,4,0.00005000
1700913600000,4,0.00005000
1700928000000,4,0.00005000
1700942400000,4,0.00005000
1700956800000,4,0.00005000
1700971200001,4,0.00005000
1700985600000,4,-0.00017869
1701000000000,4,-0.00220642
1701014400000,4,-0.00056175
1701028800000,4,0.00005000
1701043200000,4,-0.00175552
1701057600001,4,-0.00645511
1701072000001,4,-0.00599396
1701086400000,4,-0.00361804
1701100800000,4,-0.00223657
1701115200000,4,-0.00099307
1701129600000,4,-0.00210113
1701144000000,4,-0.00090443
1701158400000,4,-0.00002579
1701172800000,4,-0.00077356
1701187200000,4,-0.00086069
1701201600000,4,-0.00039703
1701216000001,4,-0.00057335
1701230400000,4,-0.00103615
1701244800000,4,-0.00106547
1701259200000,4,-0.00012522
1701273600000,4,-0.00028924
1701288000000,4,-0.00088286
1701302400000,4,-0.00145810
1701316800001,4,-0.00074383
1701331200000,4,-0.00023892
1701345600000,4,-0.00007075
1701360000000,4,0.00005000
1701374400000,4,0.00005000
1701388800000,4,-0.00016902
1701403200000,4,-0.00048234
1701417600000,4,-0.00035266
1701432000000,4,0.00005000
1701446400000,4,-0.00040593
1701460800000,4,-0.00055665
1701475200000,4,-0.00028852
1701489600000,4,0.00005000
1701504000000,4,0.00005000
1701518400000,4,0.00005000
1701532800000,4,0.00005000
1701547200000,4,0.00005000
1701561600000,4,0.00005000
1701576000000,4,0.00005000
1701590400000,4,0.00005000
1701604800000,4,0.00005000
1701619200000,4,0.00005000
1701633600000,4,0.00005000
1701648000000,4,0.00005000
1701662400000,4,0.00005000
1701676800000,4,0.00005000
1701691200000,4,0.00005000
1701705600000,4,0.00005000
1701720000000,4,0.00005000
1701734400000,4,0.00005000
1701748800000,4,0.00005000
1701763200000,4,0.00005000
1701777600000,4,0.00005000
1701792000000,4,0.00005000
1701806400000,4,0.00012520
1701820800000,4,0.00017192
1701835200000,4,0.00005000
1701849600000,4,0.00015140
1701864000000,4,0.00009509
1701878400000,4,0.00022501
1701892800000,4,0.00017459
1701907200000,4,0.00005000
1701921600001,4,0.00012130
1701936000000,4,0.00016038
1701950400000,4,0.00024279
1701964800000,4,0.00016257
1701979200000,4,0.00032860
1701993600000,4,0.00017101
1702008000000,4,0.00038552
1702022400000,4,0.00016408
1702036800000,4,0.00044976
1702051200000,4,0.00035015
1702065600000,4,0.00017719
1702080000000,4,0.00048677
1702094400000,4,0.00070444
1702108800000,4,0.00077494
1702123200000,4,0.00037693
1702137600000,4,0.00031667
1702152000000,4,0.00023883
1702166400000,4,0.00009239
1702180800000,4,0.00040755
1702195200000,4,0.00038824
1702209600000,4,0.00021394
1702224000000,4,0.00030627
1702238400000,4,0.00014611
1702252800000,4,0.00018575
1702267200001,4,0.00005000
1702281600000,4,0.00005000
1702296000000,4,0.00005000
1702310400000,4,0.00014826
1702324800000,4,0.00005000
1702339200000,4,0.00021227
1702353600000,4,0.00008918
1702368000000,4,0.00011098
1702382400000,4,0.00022063
1702396800000,4,0.00044378
1702411200000,4,0.00035782
1702425600000,4,0.00056281
1702440000000,4,0.00018384
1702454400000,4,0.00026044
1702468800001,4,0.00014416
1702483200001,4,0.00010105
1702497600000,4,0.00019401
1702512000000,4,0.00025464
1702526400000,4,0.00027014
1702540800000,4,0.00005809
1702555200000,4,0.00029238
1702569600000,4,0.00034322
1702584000000,4,0.00034725
1702598400000,4,0.00055565
1702612800000,4,0.00031981
1702627200000,4,0.00038356
1702641600000,4,0.00049318
1702656000000,4,0.00048929
1702670400001,4,0.00045507
1702684800000,4,0.00029881
1702699200000,4,0.00026598
1702713600000,4,0.00023664
1702728000000,4,0.00005692
1702742400001,4,0.00014766
1702756800000,4,0.00014903
1702771200000,4,0.00022468
1702785600000,4,0.00009788
1702800000000,4,0.00009448
1702814400000,4,0.00013273
1702828800000,4,0.00027732
1702843200001,4,0.00021465
1702857600000,4,0.00018996
1702872000000,4,0.00031942
1702886400001,4,0.00011744
1702900800000,4,0.00014902
1702915200000,4,0.00010238
1702929600001,4,0.00017041
1702944000000,4,0.00016024
1702958400000,4,0.00017159
1702972800000,4,0.00005000
1702987200000,4,0.00022040
1703001600000,4,0.00008166
1703016000001,4,0.00017109
1703030400000,4,0.00015551
1703044800000,4,0.00026922
1703059200000,4,0.00017122
1703073600000,4,0.00009887
1703088000000,4,0.00013482
1703102400000,4,0.00026411
1703116800000,4,0.00005000
1703131200007,4,0.00034010
1703145600000,4,0.00036009
1703160000000,4,0.00035153
1703174400000,4,0.00020512
1703188800000,4,0.00043408
1703203200000,4,0.00036973
1703217600001,4,0.00036438
1703232000000,4,0.00033449
1703246400000,4,0.00049520
1703260800000,4,0.00050845
1703275200000,4,0.00034963
1703289600000,4,0.00036855
1703304000000,4,0.00016195
1703318400001,4,0.00013205
1703332800000,4,0.00031354
1703347200000,4,0.00023358
1703361600000,4,0.00030846
1703376000000,4,0.00039704
1703390400000,4,0.00025246
1703404800000,4,0.00025440
1703419200000,4,0.00051267
1703433600000,4,0.00034196
1703448000000,4,0.00011356
1703462400000,4,0.00025266
1703476800000,4,0.00031312
1703491200000,4,0.00018869
1703505600000,4,0.00030394
1703520000000,4,0.00048443
1703534400000,4,0.00024504
1703548800000,4,0.00045363
1703563200000,4,0.00064070
1703577600000,4,0.00031758
1703592000001,4,0.00059949
1703606400000,4,0.00017281
1703620800000,4,0.00011108
1703635200000,4,0.00035357
1703649600000,4,0.00007012
1703664000000,4,0.00014893
1703678400001,4,0.00031875
1703692800000,4,0.00035100
1703707200000,4,0.00033017
1703721600000,4,0.00023208
1703736000000,4,0.00053041
1703750400000,4,0.00041240
1703764800000,4,0.00059842
1703779200000,4,0.00053627
1703793600000,4,0.00039654
1703808000001,4,0.00051391
1703822400000,4,0.00032097
1703836800000,4,0.00028345
1703851200000,4,0.00075105
1703865600000,4,0.00035507
1703880000000,4,0.00025997
1703894400001,4,0.00020838
1703908800000,4,0.00019685
1703923200000,4,0.00027686
1703937600000,4,0.00015747
1703952000000,4,0.00047414
1703966400000,4,0.00037132
1703980800000,4,0.00025779
1703995200001,4,0.00032021
1704009600001,4,0.00039368
1704024000000,4,0.00036838
1704038400000,4,0.00028478
1704052800000,4,0.00026110
1704067200000,4,0.00026501
1704081600000,4,0.00013253
1704096000000,4,0.00026855
1704110400000,4,0.00019020
1704124800000,4,0.00055993
1704139200000,4,0.00050621
1704153600000,4,0.00061249
1704168000000,4,0.00048993
1704182400000,4,0.00033580
1704196800000,4,0.00061081
1704211200000,4,0.00044539
1704225600000,4,0.00042417
1704240000000,4,0.00039877
1704254400000,4,0.00034135
1704268800000,4,0.00036787
1704283200000,4,0.00039722
1704297600000,4,0.00005000
1704312000000,4,0.00005000
1704326400000,4,0.00005000
1704340800000,4,0.00005000
1704355200000,4,0.00005000
1704369600000,4,0.00005000
1704384000000,4,0.00005000
1704398400000,4,0.00005000
1704412800001,4,0.00005000
1704427200000,4,0.00005000
1704441600000,4,0.00005000
1704456000000,4,0.00005000
1704470400000,4,0.00005000
1704484800000,4,0.00005000
1704499200000,4,0.00005000
1704513600000,4,0.00005000
1704528000000,4,0.00005000
1704542400000,4,0.00005000
1704556800000,4,0.00005000
1704571200000,4,0.00005000
1704585600000,4,0.00005000
1704600000000,4,0.00005000
1704614400001,4,0.00005000
1704628800000,4,0.00005000
1704643200001,4,0.00005000
1704657600000,4,0.00005000
1704672000000,4,0.00005000
1704686400000,4,0.00005000
1704700800000,4,0.00005000
1704715200000,4,0.00005000
1704729600000,4,0.00005000
1704744000000,4,0.00005000
1704758400001,4,0.00005000
1704772800000,4,0.00005000
1704787200000,4,0.00005000
1704801600000,4,0.00005000
1704816000000,4,0.00005000
1704830400000,4,0.00005000
1704844800000,4,0.00005000
1704859200000,4,0.00005000
1704873600000,4,0.00005000
1704888000000,4,0.00005000
1704902400000,4,0.00005000
1704916800000,4,0.00005000
1704931200000,4,0.00005000
1704945600000,4,0.00005000
1704960000000,4,0.00005000
1704974400000,4,0.00005000
1704988800000,4,0.00008097
1705003200000,4,0.00005000
1705017600001,4,0.00076655
1705032000000,4,0.00005000
1705046400000,4,0.00005000
1705060800001,4,0.00005000
1705075200000,4,0.00005000
1705089600000,4,0.00005000
1705104000000,4,0.00005000
1705118400000,4,0.00005000
1705132800000,4,0.00005000
1705147200000,4,0.00005000
1705161600001,4,0.00005000
1705176000000,4,0.00005000
1705190400000,4,0.00005000
1705204800000,4,0.00005000
1705219200000,4,0.00005000
1705233600000,4,0.00005000
1705248000001,4,0.00005000
1705262400000,4,0.00005000
1705276800000,4,0.00005000
1705291200000,4,0.00005000
1705305600000,4,0.00005000
1705320000000,4,0.00005000
1705334400000,4,0.00005000
1705348800000,4,0.00005000
1705363200000,4,0.00005000
1705377600000,4,0.00005000
1705392000000,4,0.00005000
1705406400001,4,0.00005000
1705420800001,4,0.00005000
1705435200000,4,0.00005000
1705449600000,4,0.00005000
1705464000000,4,0.00005000
1705478400000,4,0.00005000
1705492800000,4,0.00005000
1705507200000,4,0.00005000
1705521600000,4,0.00005000
1705536000001,4,0.00005000
1705550400000,4,0.00005000
1705564800000,4,0.00005000
1705579200000,4,0.00005000
1705593600000,4,0.00012905
1705608000000,4,0.00005000
1705622400000,4,0.00005000
1705636800000,4,0.00005000
1705651200000,4,0.00005000
1705665600000,4,0.00005000
1705680000002,4,0.00005000
1705694400000,4,0.00005000
1705708800000,4,0.00005000
1705723200000,4,0.00005000
1705737600003,4,0.00005000
1705752000000,4,0.00005000
1705766400000,4,0.00005000
1705780800000,4,0.00005000
1705795200000,4,0.00011905
1705809600000,4,0.00005000
1705824000000,4,0.00005000
1705838400000,4,0.00005000
1705852800000,4,0.00005000
1705867200000,4,0.00005000
1705881600000,4,0.00005000
1705896000001,4,0.00005000
1705910400000,4,0.00005000
1705924800000,4,0.00005000
1705939200000,4,0.00005000
1705953600000,4,0.00005000
1705968000000,4,0.00005000
1705982400000,4,0.00005000
1705996800000,4,0.00005000
1706011200000,4,0.00005000
1706025600000,4,0.00005000
1706040000000,4,0.00005000
1706054400000,4,0.00005000
1706068800000,4,0.00005000
1706083200000,4,0.00005000
1706097600000,4,0.00005000
1706112000000,4,0.00005000
1706126400000,4,0.00005000
1706140800000,4,0.00005000
1706155200000,4,0.00005000
1706169600001,4,0.00005000
1706184000000,4,0.00005000
1706198400000,4,0.00005000
1706212800000,4,0.00005000
1706227200001,4,0.00005000
1706241600001,4,0.00005000
1706256000000,4,0.00005000
1706270400000,4,0.00005000
1706284800000,4,0.00005000
1706299200000,4,0.00005000
1706313600000,4,0.00005000
1706328000000,4,0.00005000
1706342400000,4,0.00005000
1706356800000,4,0.00005000
1706371200000,4,0.00005000
1706385600000,4,0.00005000
1706400000000,4,0.00005000
1706414400000,4,0.00005000
1706428800000,4,0.00005000
1706443200000,4,0.00005000
1706457600000,4,0.00005000
1706472000000,4,0.00005000
1706486400000,4,0.00005000
1706500800001,4,0.00005000
1706515200001,4,0.00005000
1706529600000,4,0.00005000
1706544000000,4,0.00005000
1706558400000,4,0.00005000
1706572800000,4,0.00005000
1706587200000,4,0.00005000
1706601600000,4,0.00005000
1706616000000,4,0.00005000
1706630400001,4,0.00005000
1706644800000,4,0.00005000
1706659200000,4,0.00005000
1706673600001,4,0.00005000
1706688000000,4,0.00005000
1706702400000,4,0.00005000
1706716800000,4,0.00005000
1706731200000,4,0.00005000
1706745600000,4,0.00005000
1706760000000,4,0.00023928
1706774400000,4,0.00005000
1706788800000,4,0.00005000
1706803200002,4,0.00005000
1706817600000,4,0.00005000
1706832000000,4,0.00005000
1706846400000,4,0.00005000
1706860800000,4,0.00005000
1706875200000,4,0.00005000
1706889600000,4,0.00005000
1706904000000,4,0.00005000
1706918400000,4,0.00005000
1706932800000,4,0.00005000
1706947200000,4,0.00005000
1706961600000,4,0.00005000
1706976000001,4,0.00005000
1706990400000,4,0.00010566
1707004800000,4,0.00005000
1707019200000,4,0.00005000
1707033600004,4,0.00005000
1707048000001,4,0.00005000
1707062400000,4,0.00005000
1707076800000,4,0.00005000
1707091200000,4,0.00005000
1707105600000,4,0.00005000
1707120000000,4,0.00005000
1707134400000,4,0.00005000
1707148800000,4,0.00005000
1707163200000,4,0.00005000
1707177600000,4,0.00005000
1707192000000,4,0.00005000
1707206400001,4,0.00005000
1707220800000,4,0.00005000
1707235200000,4,0.00005000
1707249600000,4,0.00005000
1707264000000,4,0.00005000
1707278400000,4,0.00005000
1707292800000,4,0.00005000
1707307200000,4,0.00005000
1707321600000,4,0.00005000
1707336000000,4,0.00005000
1707350400000,4,0.00005000
1707364800001,4,0.00005000
1707379200000,4,0.00005000
1707393600000,4,0.00005000
1707408000000,4,0.00005000
1707422400000,4,0.00005000
1707436800000,4,0.00005000
1707451200000,4,0.00008385
1707465600000,4,0.00007510
1707480000000,4,0.00005000
1707494400001,4,0.00005000
1707508800000,4,0.00007356
1707523200001,4,0.00005000
1707537600000,4,0.00009734
1707552000000,4,0.00005000
1707566400001,4,0.00006430
1707580800000,4,0.00013800
1707595200000,4,0.00005953
1707609600000,4,0.00005000
1707624000000,4,0.00005000
1707638400001,4,0.00022750
1707652800001,4,0.00005000
1707667200000,4,0.00005000
1707681600001,4,0.00005000
1707696000000,4,0.00005000
1707710400001,4,0.00005000
1707724800000,4,0.00011407
1707739200000,4,0.00005000
1707753600000,4,0.00006215
1707768000000,4,0.00021397
1707782400000,4,0.00005000
1707796800000,4,0.00005330
1707811200000,4,0.00012777
1707825600000,4,0.00008328
1707840000000,4,0.00031307
1707854400000,4,0.00027510
1707868800000,4,0.00020492
1707883200000,4,0.00033347
1707897600000,4,0.00028813
1707912000000,4,0.00022101
1707926400000,4,0.00025925
1707940800000,4,0.00050343
1707955200000,4,0.00011247
1707969600000,4,0.00027768
1707984000000,4,0.00031325
1707998400000,4,0.00025413
1708012800000,4,0.00025196
1708027200000,4,0.00024269
1708041600000,4,0.00049626
1708056000000,4,0.00030647
1708070400000,4,0.00041285
1708084800000,4,0.00040908
1708099200000,4,0.00023003
1708113600000,4,0.00024590
1708128000000,4,0.00010364
1708142400000,4,0.00022961
1708156800000,4,0.00037124
1708171200000,4,0.00021409
1708185600000,4,0.00009003
1708200000000,4,0.00029927
1708214400000,4,0.00029917
1708228800000,4,0.00026354
1708243200000,4,0.00017278
1708257600000,4,0.00022254
1708272000000,4,0.00043343
1708286400000,4,0.00012927
1708300800000,4,0.00016741
1708315200000,4,0.00015444
1708329600000,4,0.00038488
1708344000000,4,0.00028861
1708358400000,4,0.00029974
1708372800000,4,0.00040994
1708387200000,4,0.00035327
1708401600000,4,0.00016067
1708416000000,4,0.00034949
1708430400000,4,0.00028542
1708444800000,4,0.00005700
1708459200000,4,0.00019216
1708473600000,4,0.00019491
1708488000000,4,0.00008887
1708502400000,4,0.00029470
1708516800000,4,0.00005000
1708531200000,4,0.00012809
1708545600000,4,0.00010594
1708560000001,4,0.00010589
1708574400000,4,0.00021053
1708588800001,4,0.00012538
1708603200000,4,0.00025818
1708617600000,4,0.00016136
1708632000000,4,0.00025837
1708646400000,4,0.00009972
1708660800001,4,0.00011341
1708675200000,4,0.00015320
1708689600001,4,0.00040056
1708704000000,4,0.00026545
1708718400000,4,0.00018971
1708732800000,4,0.00014353
1708747200000,4,0.00017103
1708761600001,4,0.00025937
1708776000000,4,0.00015884
1708790400000,4,0.00024160
1708804800000,4,0.00019061
1708819200001,4,0.00014370
1708833600000,4,0.00015882
1708848000000,4,0.00019090
1708862400001,4,0.00035527
1708876800000,4,0.00005000
1708891200000,4,0.00040972
1708905600000,4,0.00049886
1708920000000,4,0.00033157
1708934400000,4,0.00035915
1708948800000,4,0.00047342
1708963200000,4,0.00021964
1708977600001,4,0.00023968
1708992000000,4,0.00040333
1709006400000,4,0.00066927
1709020800000,4,0.00028409
1709035200000,4,0.00046587
1709049600000,4,0.00030768
1709064000000,4,0.00037645
1709078400000,4,0.00038358
1709092800000,4,0.00031189
1709107200000,4,0.00029760
1709121600000,4,0.00082383
1709136000000,4,0.00051309
1709150400000,4,0.00013177
1709164800000,4,0.00030907
1709179200001,4,0.00054760
1709193600000,4,0.00055302
1709208000000,4,0.00072627
1709222400000,4,0.00045179
1709236800000,4,0.00066956
1709251200000,4,0.00045936
1709265600000,4,0.00048168
1709280000000,4,0.00033598
1709294400000,4,0.00033819
1709308800000,4,0.00024324
1709323200000,4,0.00054737
1709337600000,4,0.00051962
1709352000001,4,0.00088549
1709366400001,4,0.00057766
1709380800000,4,0.00099219
1709395200000,4,0.00044134
1709409600000,4,0.00071948
1709424000000,4,0.00053646
1709438400000,4,0.00068755
1709452800000,4,0.00052269
1709467200000,4,0.00047534
1709481600000,4,0.00038786
1709496000000,4,0.00032730
1709510400000,4,0.00092874
1709524800001,4,0.00044301
1709539200000,4,0.00045650
1709553600000,4,0.00056813
1709568000000,4,0.00039227
1709582400000,4,0.00033626
1709596800000,4,0.00041011
1709611200000,4,0.00089092
1709625600000,4,0.00119843
1709640000000,4,0.00074283
1709654400000,4,0.00050979
1709668800000,4,0.00033885
1709683200000,4,0.00005000
1709697600000,4,0.00012275
1709712000001,4,0.00016475
1709726400000,4,0.00019699
1709740800000,4,0.00011364
1709755200000,4,0.00022657
1709769600000,4,0.00022753
1709784000000,4,0.00025353
1709798400000,4,0.00022381
1709812800001,4,0.00013019
1709827200000,4,0.00023342
1709841600000,4,0.00045446
1709856000000,4,0.00045793
1709870400000,4,0.00054298
1709884800000,4,0.00072835
1709899200000,4,0.00041264
1709913600000,4,0.00044373
1709928000000,4,0.00039611
1709942400000,4,0.00047569
1709956800000,4,0.00055965
1709971200001,4,0.00068971
1709985600001,4,0.00065588
1710000000000,4,0.00067022
1710014400000,4,0.00059439
1710028800000,4,0.00061441
1710043200000,4,0.00078004
1710057600000,4,0.00079538
1710072000000,4,0.00038532
1710086400000,4,0.00033292
1710100800000,4,0.00043484
1710115200000,4,0.00048958
1710129600000,4,0.00023196
1710144000000,4,0.00044310
1710158400000,4,0.00042389
1710172800000,4,0.00028819
1710187200001,4,0.00053267
1710201600000,4,0.00060383
1710216000000,4,0.00056803
1710230400000,4,0.00024234
1710244800000,4,0.00016659
1710259200000,4,0.00034478
1710273600000,4,0.00024427
1710288000000,4,0.00022972
1710302400000,4,0.00036239
1710316800001,4,0.00038559
1710331200000,4,0.00062258
1710345600000,4,0.00053326
1710360000000,4,0.00057010
1710374400001,4,0.00031543
1710388800000,4,0.00051628
1710403200000,4,0.00045435
1710417600000,4,0.00080353
1710432000000,4,0.00027007
1710446400001,4,0.00031115
1710460800000,4,0.00043615
1710475200000,4,0.00027856
1710489600000,4,0.00036008
1710504000000,4,0.00009086
1710518400000,4,0.00009070
1710532800000,4,0.00012435
1710547200000,4,0.00011054
1710561600000,4,0.00022727
1710576000000,4,0.00034441
1710590400000,4,0.00019624
1710604800000,4,0.00024202
1710619200000,4,0.00005000
1710633600000,4,0.00005000
1710648000000,4,0.00021662
1710662400000,4,0.00005000
1710676800000,4,0.00005000
1710691200000,4,0.00016350
1710705600000,4,0.00018410
1710720000000,4,0.00013399
1710734400001,4,0.00018408
1710748800000,4,0.00022157
1710763200000,4,0.00024875
1710777600001,4,0.00013399
1710792000001,4,0.00018491
1710806400000,4,0.00018980
1710820800000,4,0.00012847
1710835200000,4,0.00005000
1710849600000,4,0.00005000
1710864000001,4,0.00005000
1710878400000,4,0.00009786
1710892800000,4,0.00011039
1710907200000,4,0.00012353
1710921600004,4,0.00023606
1710936000001,4,0.00021773
1710950400000,4,0.00005000
1710964800000,4,0.00014906
1710979200000,4,0.00005000
1710993600000,4,0.00014364
1711008000000,4,0.00013978
1711022400013,4,0.00005000
1711036800000,4,0.00030078
1711051200000,4,0.00028181
1711065600000,4,0.00007770
1711080000000,4,0.00020827
1711094400000,4,0.00005000
1711108800000,4,0.00008693
1711123200000,4,0.00008727
1711137600000,4,0.00007422
1711152000000,4,0.00022792
1711166400000,4,0.00007481
1711180800000,4,0.00008478
1711195200000,4,0.00005000
1711209600000,4,0.00005000
1711224000000,4,0.00017661
1711238400000,4,0.00005000
1711252800001,4,0.00010079
1711267200000,4,0.00019379
1711281600000,4,0.00015972
1711296000000,4,0.00005000
1711310400000,4,0.00005000
1711324800000,4,0.00006046
1711339200000,4,0.00012770
1711353600001,4,0.00005000
1711368000000,4,0.00033019
1711382400000,4,0.00005000
1711396800000,4,0.00016141
1711411200000,4,0.00030011
1711425600000,4,0.00011650
1711440000000,4,0.00023697
1711454400000,4,0.00014866
1711468800000,4,0.00012610
1711483200000,4,0.00034263
1711497600000,4,0.00005341
1711512000000,4,0.00034550
1711526400001,4,0.00007207
1711540800001,4,0.00025030
1711555200000,4,0.00032932
1711569600000,4,0.00050513
1711584000000,4,0.00007237
1711598400000,4,0.00014834
1711612800000,4,0.00023802
1711627200000,4,0.00025430
1711641600000,4,0.00035474
1711656000000,4,0.00045747
1711670400000,4,0.00034775
1711684800000,4,0.00024119
1711699200000,4,0.00028521
1711713600000,4,0.00035746
1711728000000,4,0.00043356
1711742400000,4,0.00041771
1711756800000,4,0.00050447
1711771200000,4,0.00028664
1711785600000,4,0.00035469
1711800000001,4,0.00005000
1711814400000,4,0.00066907
1711828800000,4,0.00051799
1711843200000,4,0.00033048
1711857600000,4,0.00044647
1711872000000,4,0.00011449
1711886400000,4,0.00019348
1711900800001,4,0.00028103
1711915200000,4,0.00063594
1711929600000,4,0.00057962
1711944000000,4,0.00036364
1711958400000,4,0.00027086
1711972800000,4,0.00030849
1711987200000,4,0.00014771
1712001600000,4,0.00013097
1712016000007,4,0.00025109
1712030400000,4,0.00005000
1712044800015,4,0.00007594
1712059200000,4,0.00017420
1712073600000,4,0.00005048
1712088000000,4,0.00005103
1712102400000,4,0.00005000
1712116800000,4,0.00005921
1712131200000,4,0.00028146
1712145600000,4,0.00013356
1712160000000,4,0.00010036
1712174400000,4,0.00010461
1712188800000,4,0.00009911
1712203200000,4,0.00005000
1712217600000,4,0.00015575
1712232000000,4,0.00005000
1712246400000,4,0.00005000
1712260800000,4,0.00016630
1712275200000,4,0.00014874
1712289600000,4,0.00005000
1712304000000,4,0.00005000
1712318400000,4,0.00005000
1712332800000,4,0.00005000
1712347200000,4,0.00005000
1712361600000,4,0.00005000
1712376000000,4,0.00012346
1712390400000,4,0.00005000
1712404800000,4,0.00005000
1712419200000,4,0.00008252
1712433600000,4,0.00010334
1712448000000,4,0.00010163
1712462400000,4,0.00007038
1712476800000,4,0.00036569
1712491200001,4,0.00014115
1712505600000,4,0.00010741
1712520000000,4,0.00021335
1712534400001,4,0.00005152
1712548800000,4,0.00007283
1712563200000,4,0.00011260
1712577600000,4,0.00020646
1712592000006,4,0.00005000
1712606400001,4,0.00006939
1712620800000,4,0.00014164
1712635200000,4,0.00008074
1712649600001,4,0.00007915
1712664000000,4,0.00020577
1712678400001,4,0.00017213
1712692800000,4,0.00010123
1712707200000,4,0.00006853
1712721600000,4,0.00015687
1712736000001,4,0.00015116
1712750400002,4,0.00008298
1712764800000,4,0.00017796
1712779200000,4,0.00005000
1712793600000,4,0.00005000
1712808000001,4,0.00005000
1712822400000,4,0.00011422
1712836800000,4,0.00018699
1712851200000,4,0.00008910
1712865600000,4,0.00006899
1712880000000,4,0.00009925
1712894400000,4,0.00005000
1712908800001,4,0.00005000
1712923200000,4,0.00013377
1712937600000,4,0.00010231
1712952000000,4,0.00005000
1712966400000,4,0.00005000
1712980800000,4,0.00005000
1712995200000,4,0.00005000
1713009600000,4,0.00005000
1713024000001,4,0.00005000
1713038400001,4,0.00005000
1713052800000,4,0.00005000
1713067200000,4,0.00005000
1713081600000,4,0.00005000
1713096000000,4,0.00005000
1713110400000,4,0.00005000
1713124800000,4,0.00005000
1713139200000,4,0.00005000
1713153600000,4,0.00005000
1713168000001,4,0.00005000
1713182400000,4,0.00005000
1713196800000,4,0.00005000
1713211200000,4,0.00005000
1713225600001,4,0.00005000
1713240000000,4,0.00005000
1713254400000,4,0.00005000
1713268800000,4,0.00005000
1713283200000,4,0.00005000
1713297600000,4,0.00005000
1713312000000,4,0.00005000
1713326400001,4,0.00005000
1713340800000,4,0.00005000
1713355200000,4,0.00005000
1713369600000,4,0.00005000
1713384000000,4,0.00005000
1713398400000,4,0.00005000
1713412800000,4,0.00004716
1713427200000,4,0.00005000
1713441600002,4,0.00005000
1713456000000,4,0.00005000
1713470400000,4,0.00005000
1713484800001,4,-0.00002875
1713499200000,4,0.00005000
1713513600000,4,0.00005000
1713528000001,4,0.00004817
1713542400000,4,0.00005000
1713556800000,4,0.00005000
1713571200000,4,0.00005000
1713585600001,4,0.00002655
1713600000000,4,-0.00001652
1713614400001,4,0.00005000
1713628800000,4,0.00005000
1713643200001,4,0.00005000
1713657600000,4,-0.00012465
1713672000000,4,0.00005000
1713686400000,4,0.00005000
1713700800000,4,-0.00000811
1713715200000,4,0.00004972
1713729600000,4,0.00005000
1713744000000,4,0.00003703
1713758400000,4,0.00005000
1713772800000,4,-0.00007837
1713787200000,4,0.00005000
1713801600000,4,0.00005000
1713816000000,4,0.00000300
1713830400000,4,0.00001403
1713844800000,4,0.00005000
1713859200000,4,0.00005000
1713873600000,4,-0.00008255
1713888000001,4,0.00000268
1713902400000,4,0.00005000
1713916800000,4,0.00005000
1713931200000,4,0.00005000
1713945600000,4,-0.00001475
1713960000000,4,0.00005000
1713974400000,4,0.00005000
1713988800000,4,0.00005000
1714003200000,4,0.00000600
1714017600000,4,0.00005000
1714032000000,4,0.00005000
1714046400000,4,0.00005000
1714060800010,4,0.00005000
1714075200000,4,0.00002019
1714089600001,4,0.00005000
1714104000000,4,-0.00017946
1714118400000,4,-0.00014494
1714132800000,4,0.00005000
1714147200000,4,0.00005000
1714161600000,4,0.00005000
1714176000000,4,0.00005000
1714190400000,4,0.00005000
1714204800001,4,0.00005000
1714219200000,4,0.00004112
1714233600000,4,-0.00022521
1714248000000,4,0.00005000
1714262400000,4,0.00005000
1714276800000,4,0.00005000
1714291200000,4,0.00005000
1714305600000,4,-0.00013861
1714320000000,4,0.00005000
1714334400000,4,-0.00007956
1714348800000,4,0.00004353
1714363200000,4,0.00005000
1714377600000,4,0.00003678
1714392000000,4,0.00005000
1714406400000,4,0.00005000
1714420800000,4,0.00005000
1714435200000,4,0.00002770
1714449600000,4,0.00005000
1714464000000,4,0.00005000
1714478400000,4,0.00005000
1714492800000,4,0.00005000
1714507200000,4,0.00005000
1714521600000,4,0.00005000
1714536000000,4,0.00005000
1714550400000,4,0.00005000
1714564800000,4,-0.00001338
1714579200000,4,0.00005000
1714593600000,4,0.00005000
1714608000000,4,0.00005000
1714622400000,4,0.00005000
1714636800000,4,0.00005000
1714651200000,4,0.00005000
1714665600002,4,0.00005000
1714680000000,4,0.00005000
1714694400000,4,0.00004265
1714708800000,4,0.00005000
1714723200000,4,-0.00006950
1714737600000,4,0.00005000
1714752000000,4,0.00005000
1714766400000,4,0.00005000
1714780800000,4,0.00005000
1714795200000,4,0.00005000
1714809600000,4,0.00005000
1714824000000,4,0.00005000
1714838400000,4,0.00005000
1714852800000,4,0.00005000
1714867200000,4,0.00005000
1714881600000,4,0.00005000
1714896000000,4,0.00005000
1714910400000,4,0.00005000
1714924800000,4,0.00005000
1714939200000,4,0.00005000
1714953600000,4,0.00005000
1714968000002,4,0.00005000
1714982400000,4,0.00005000
1714996800000,4,0.00005000
1715011200000,4,0.00005000
1715025600000,4,0.00005000
1715040000000,4,0.00005000
1715054400000,4,0.00005000
1715068800000,4,-0.00026428
1715083200000,4,0.00005000
1715097600000,4,0.00005000
1715112000000,4,0.00005000
1715126400000,4,0.00005000
1715140800000,4,0.00005000
1715155200000,4,0.00005000
1715169600000,4,0.00005000
1715184000000,4,0.00005000
1715198400001,4,0.00005000
1715212800000,4,0.00005000
1715227200000,4,0.00005000
1715241600000,4,0.00005000
1715256000000,4,0.00005000
1715270400000,4,0.00005000
1715284800000,4,0.00005000
1715299200000,4,0.00005000
1715313600001,4,0.00005000
1715328000000,4,0.00005000
1715342400001,4,0.00005000
1715356800000,4,0.00005000
1715371200000,4,-0.00011395
1715385600000,4,0.00005000
1715400000000,4,0.00005000
1715414400000,4,0.00005000
1715428800000,4,0.00005000
1715443200000,4,0.00005000
1715457600000,4,0.00005000
1715472000000,4,0.00005000
1715486400001,4,0.00005000
1715500800000,4,0.00005000
1715515200001,4,0.00005000
1715529600000,4,-0.00002311
1715544000000,4,0.00005000
1715558400001,4,0.00005000
1715572800000,4,0.00005000
1715587200001,4,0.00005000
1715601600000,4,0.00005000
1715616000000,4,0.00005000
1715630400000,4,0.00005000
1715644800000,4,0.00005000
1715659200000,4,0.00005000
1715673600000,4,0.00005000
1715688000000,4,0.00005000
1715702400000,4,0.00005000
1715716800000,4,0.00005000
1715731200000,4,0.00000904
1715745600000,4,0.00005000
1715760000000,4,0.00005000
1715774400000,4,0.00005000
1715788800000,4,0.00005000
1715803200000,4,0.00005000
1715817600004,4,0.00005000
1715832000000,4,0.00005000
1715846400000,4,0.00005000
1715860800000,4,0.00005000
1715875200000,4,0.00005000
1715889600000,4,-0.00057151
1715904000000,4,0.00005000
1715918400002,4,0.00005000
1715932800000,4,0.00005000
1715947200000,4,0.00005000
1715961600000,4,0.00005000
1715976000000,4,0.00005000
1715990400000,4,0.00005000
1716004800000,4,0.00005000
1716019200000,4,0.00005000
1716033600000,4,0.00005000
1716048000000,4,0.00005000
1716062400000,4,-0.00007164
1716076800000,4,-0.00017750
1716091200000,4,-0.00002166
1716105600000,4,-0.00008028
1716120000000,4,0.00005000
1716134400000,4,0.00005000
1716148800001,4,-0.00011920
1716163200000,4,-0.00015761
1716177600000,4,0.00005000
1716192000000,4,0.00004102
1716206400001,4,-0.00071418
1716220800003,4,-0.00009240
1716235200004,4,0.00005000
1716249600000,4,0.00005000
1716264000000,4,0.00005000
1716278400001,4,0.00005803
1716292800001,4,0.00005000
1716307200000,4,0.00005877
1716321600000,4,0.00005000
1716336000000,4,0.00005000
1716350400000,4,0.00005000
1716364800000,4,0.00005000
1716379200000,4,0.00005000
1716393600000,4,0.00005000
1716408000000,4,0.00007433
1716422400000,4,0.00015883
1716436800000,4,0.00005000
1716451200000,4,0.00005000
1716465600000,4,0.00007445
1716480000000,4,0.00006884
1716494400000,4,0.00009973
1716508800000,4,0.00005000
1716523200000,4,0.00005000
1716537600000,4,0.00005000
1716552000000,4,0.00006098
1716566400000,4,0.00005000
1716580800000,4,0.00005000
1716595200000,4,0.00026040
1716609600000,4,0.00005000
1716624000000,4,0.00007959
1716638400001,4,0.00008250
1716652800000,4,0.00005000
1716667200006,4,0.00005000
1716681600000,4,0.00005000
1716696000000,4,0.00007803
1716710400000,4,0.00005000
1716724800000,4,0.00016741
1716739200000,4,0.00016562
1716753600000,4,0.00005147
1716768000000,4,0.00005000
1716782400000,4,0.00012345
1716796800000,4,0.00005000
1716811200000,4,0.00016647
1716825600000,4,0.00005000
1716840000000,4,0.00006891
1716854400000,4,0.00005000
1716868800000,4,0.00027337
1716883200000,4,0.00005000
1716897600000,4,0.00009581
1716912000000,4,0.00005000
1716926400000,4,0.00005000
1716940800001,4,0.00007408
1716955200000,4,0.00015615
1716969600000,4,0.00005000
1716984000000,4,0.00011720
1716998400000,4,0.00005000
1717012800000,4,0.00005000
1717027200000,4,0.00005000
1717041600000,4,0.00005000
1717056000000,4,0.00005000
1717070400001,4,0.00005000
1717084800000,4,0.00005000
1717099200001,4,0.00005000
1717113600000,4,0.00012883
1717128000000,4,0.00005000
1717142400000,4,0.00005000
1717156800001,4,0.00005000
1717171200000,4,0.00018951
1717185600000,4,0.00005000
1717200000000,4,0.00005000
1717214400000,4,0.00005000
1717228800000,4,0.00011847
1717243200000,4,0.00012810
1717257600001,4,0.00005000
1717272000000,4,0.00005000
1717286400000,4,0.00010436
1717300800000,4,0.00017115
1717315200000,4,0.00009699
1717329600000,4,0.00014139
1717344000000,4,0.00016135
1717358400001,4,0.00005000
1717372800000,4,0.00005000
1717387200000,4,0.00005000
1717401600000,4,0.00005000
1717416000000,4,0.00007540
1717430400000,4,0.00014398
1717444800000,4,0.00009195
1717459200000,4,0.00031739
1717473600000,4,0.00005000
1717488000000,4,0.00005000
1717502400001,4,0.00005000
1717516800000,4,0.00005000
1717531200000,4,0.00005000
1717545600000,4,0.00005000
1717560000000,4,0.00005000
1717574400000,4,0.00005000
1717588800001,4,0.00005000
1717603200000,4,0.00005000
1717617600000,4,0.00016694
1717632000000,4,0.00005000
1717646400000,4,0.00005000
1717660800008,4,0.00005000
1717675200000,4,0.00011679
1717689600000,4,0.00005000
1717704000000,4,0.00005000
1717718400000,4,0.00009737
1717732800002,4,0.00006099
1717747200000,4,0.00029571
1717761600000,4,0.00018390
1717776000000,4,0.00016817
1717790400000,4,0.00005000
1717804800000,4,0.00005000
1717819200000,4,0.00005000
1717833600000,4,0.00005000
1717848000000,4,0.00005000
1717862400000,4,0.00005000
1717876800000,4,0.00005000
1717891200000,4,0.00005000
1717905600000,4,0.00005000
1717920000000,4,0.00005000
1717934400000,4,0.00005000
1717948800001,4,0.00005000
1717963200000,4,0.00005000
1717977600000,4,0.00005000
1717992000000,4,0.00005000
1718006400000,4,0.00005000
1718020800000,4,0.00005000
1718035200001,4,0.00005000
1718049600000,4,0.00005000
1718064000001,4,0.00005000
1718078400000,4,0.00005000
1718092800000,4,0.00005000
1718107200001,4,0.00005000
1718121600000,4,0.00005000
1718136000000,4,0.00005000
1718150400000,4,0.00005000
1718164800000,4,0.00005000
1718179200000,4,0.00005000
1718193600001,4,0.00005000
1718208000000,4,0.00005000
1718222400000,4,0.00005000
1718236800000,4,0.00005000
1718251200000,4,0.00005000
1718265600001,4,0.00005000
1718280000000,4,0.00005000
1718294400000,4,0.00005000
1718308800000,4,0.00005000
1718323200000,4,0.00005000
1718337600000,4,0.00005000
1718352000000,4,0.00005000
1718366400001,4,0.00005000
1718380800000,4,0.00005000
1718395200000,4,0.00001487
1718409600000,4,0.00005000
1718424000000,4,0.00005000
1718438400000,4,0.00005000
1718452800000,4,0.00005000
1718467200000,4,0.00005000
1718481600000,4,0.00005000
1718496000001,4,0.00005000
1718510400000,4,0.00005000
1718524800000,4,0.00005000
1718539200000,4,0.00005000
1718553600000,4,0.00005000
1718568000000,4,0.00005000
1718582400000,4,0.00005000
1718596800000,4,0.00005000
1718611200000,4,0.00005000
1718625600000,4,0.00005000
1718640000000,4,0.00005000
1718654400000,4,0.00005000
1718668800000,4,0.00005000
1718683200000,4,0.00005000
1718697600000,4,0.00005000
1718712000000,4,0.00005000
1718726400000,4,0.00003171
1718740800000,4,0.00005000
1718755200001,4,0.00005000
1718769600000,4,0.00005000
1718784000001,4,0.00005000
1718798400000,4,0.00005000
1718812800000,4,0.00005000
1718827200000,4,0.00005000
1718841600000,4,0.00005000
1718856000001,4,0.00003850
1718870400000,4,0.00005000
1718884800000,4,0.00005000
1718899200000,4,0.00005000
1718913600000,4,0.00004353
1718928000000,4,0.00005000
1718942400001,4,0.00005000
1718956800000,4,0.00005000
1718971200001,4,0.00005000
1718985600000,4,-0.00000444
1719000000000,4,0.00005000
1719014400000,4,0.00005000
1719028800000,4,0.00005000
1719043200000,4,0.00005000
1719057600001,4,0.00005000
1719072000000,4,0.00005000
1719086400000,4,0.00005000
1719100800000,4,0.00005000
1719115200000,4,0.00005000
1719129600000,4,0.00005000
1719144000000,4,0.00005000
1719158400000,4,0.00005000
1719172800000,4,0.00005000
1719187200002,4,0.00005000
1719201600000,4,0.00005000
1719216000000,4,0.00005000
1719230400001,4,0.00005000
1719244800000,4,0.00005000
1719259200000,4,0.00005000
1719273600000,4,0.00005000
1719288000000,4,0.00005000
1719302400000,4,0.00005000
1719316800007,4,0.00005000
1719331200000,4,0.00005000
1719345600004,4,0.00005000
1719360000002,4,0.00005000
1719374400000,4,0.00005000
1719388800000,4,0.00005000
1719403200002,4,0.00005000
1719417600000,4,0.00005000
1719432000000,4,0.00005000
1719446400000,4,0.00005000
1719460800000,4,0.00005000
1719475200001,4,0.00005000
1719489600000,4,0.00005000
1719504000000,4,0.00001342
1719518400000,4,0.00000400
1719532800000,4,0.00005000
1719547200000,4,0.00005000
1719561600000,4,0.00005000
1719576000000,4,0.00005000
1719590400000,4,0.00005000
1719604800000,4,0.00005000
1719619200001,4,0.00005000
1719633600000,4,0.00005000
1719648000000,4,0.00005000
1719662400000,4,0.00005000
1719676800000,4,0.00005000
1719691200000,4,0.00005000
1719705600000,4,0.00005000
1719720000000,4,0.00005000
1719734400000,4,0.00005000
1719748800000,4,0.00005000
1719763200000,4,0.00005000
1719777600004,4,0.00005000
1719792000000,4,0.00005000
1719806400001,4,0.00005000
1719820800000,4,0.00005000
1719835200000,4,0.00005000
1719849600001,4,0.00005000
1719864000000,4,0.00005000
1719878400000,4,0.00005000
1719892800001,4,0.00005000
1719907200000,4,0.00005000
1719921600000,4,0.00005000
1719936000000,4,0.00005000
1719950400000,4,0.00005000
1719964800000,4,0.00005000
1719979200000,4,0.00005000
1719993600001,4,0.00005000
1720008000001,4,0.00005000
1720022400000,4,0.00005000
1720036800000,4,0.00005000
1720051200000,4,0.00005000
1720065600000,4,0.00005000
1720080000000,4,0.00005000
1720094400000,4,0.00005000
1720108800000,4,0.00005000
1720123200000,4,0.00005000
1720137600000,4,0.00005000
1720152000000,4,0.00005000
1720166400000,4,0.00005000
1720180800001,4,-0.00002473
1720195200000,4,0.00005000
1720209600001,4,0.00005000
1720224000000,4,0.00005000
1720238400003,4,0.00003585
1720252800000,4,-0.00024885
1720267200000,4,0.00005000
1720281600000,4,0.00004479
1720296000000,4,0.00005000
1720310400001,4,0.00005000
1720324800000,4,0.00005000
1720339200000,4,0.00005000
1720353600000,4,0.00005000
1720368000000,4,0.00001973
1720382400000,4,0.00004342
1720396800000,4,-0.00001539
1720411200000,4,-0.00000540
1720425600000,4,0.00001229
1720440000000,4,-0.00003766
1720454400000,4,0.00004701
1720468800000,4,0.00005000
1720483200000,4,-0.00002738
1720497600000,4,-0.00009423
1720512000001,4,-0.00000166
1720526400000,4,0.00005000
1720540800000,4,0.00005000
1720555200000,4,1.0E-7
1720569600000,4,0.00005000
1720584000000,4,0.00005000
1720598400000,4,0.00005000
1720612800000,4,0.00005000
1720627200000,4,0.00005000
1720641600002,4,0.00005000
1720656000002,4,0.00003084
1720670400000,4,0.00005000
1720684800002,4,0.00005000
1720699200000,4,0.00005000
1720713600004,4,0.00005000
1720728000000,4,0.00005000
1720742400000,4,0.00005000
1720756800003,4,0.00005000
1720771200000,4,0.00005000
1720785600000,4,0.00005000
1720800000000,4,0.00005000
1720814400000,4,0.00001161
1720828800000,4,0.00005000
1720843200001,4,0.00005000
1720857600000,4,0.00005000
1720872000000,4,0.00005000
1720886400000,4,0.00005000
1720900800000,4,0.00005000
1720915200000,4,0.00005000
1720929600001,4,0.00005000
1720944000000,4,0.00005000
1720958400000,4,0.00005000
1720972800000,4,0.00005000
1720987200000,4,0.00005000
1721001600000,4,0.00005000
1721016000000,4,0.00005000
1721030400000,4,0.00005000
1721044800000,4,0.00005000
1721059200000,4,0.00005000
1721073600000,4,0.00005000
1721088000000,4,0.00005000
1721102400001,4,0.00005000
1721116800000,4,0.00005000
1721131200000,4,0.00005000
1721145600000,4,0.00005000
1721160000000,4,0.00005000
1721174400000,4,0.00005000
1721188800000,4,0.00005000
1721203200001,4,0.00005000
1721217600000,4,0.00005000
1721232000000,4,0.00005000
1721246400000,4,0.00005000
1721260800000,4,0.00005000
1721275200001,4,0.00005000
1721289600000,4,0.00005000
1721304000000,4,0.00005000
1721318400000,4,0.00005000
1721332800000,4,0.00001758
1721347200000,4,0.00005000
1721361600000,4,0.00005000
1721376000000,4,0.00005000
1721390400000,4,0.00005000
1721404800000,4,0.00005000
1721419200000,4,0.00005000
1721433600001,4,0.00005000
1721448000000,4,0.00005000
1721462400000,4,0.00005000
1721476800000,4,0.00005000
1721491200000,4,0.00005000
1721505600000,4,0.00005000
1721520000000,4,0.00005000
1721534400000,4,0.00005000
1721548800000,4,0.00005000
1721563200000,4,0.00005000
1721577600000,4,0.00005000
1721592000000,4,0.00005000
1721606400000,4,0.00005000
1721620800000,4,0.00003947
1721635200000,4,-0.00012926
1721649600000,4,0.00005000
1721664000000,4,0.00005000
1721678400000,4,0.00005000
1721692800000,4,0.00005000
1721707200000,4,0.00005000
1721721600000,4,0.00005000
1721736000000,4,0.00005000
1721750400000,4,0.00005000
1721764800000,4,0.00005000
1721779200000,4,0.00005000
1721793600000,4,0.00005000
1721808000000,4,0.00005000
1721822400000,4,0.00005000
1721836800000,4,0.00005000
1721851200000,4,0.00005000
1721865600000,4,0.00005000
1721880000000,4,0.00005000
1721894400000,4,0.00005000
1721908800001,4,0.00005000
1721923200000,4,0.00005000
1721937600001,4,0.00005000
1721952000000,4,0.00005000
1721966400000,4,0.00005000
1721980800000,4,0.00005000
1721995200000,4,0.00005000
1722009600000,4,4E-8
1722024000000,4,0.00005000
1722038400000,4,0.00005000
1722052800000,4,0.00005000
1722067200000,4,0.00005000
1722081600000,4,0.00005000
1722096000000,4,0.00005000
1722110400000,4,0.00005000
1722124800000,4,0.00005000
1722139200000,4,0.00005000
1722153600000,4,0.00005000
1722168000000,4,0.00005000
1722182400001,4,0.00005000
1722196800000,4,0.00005000
1722211200001,4,0.00005000
1722225600001,4,0.00005000
1722240000000,4,0.00005000
1722254400000,4,0.00005000
1722268800001,4,0.00005000
1722283200000,4,0.00005000
1722297600000,4,0.00005000
1722312000000,4,0.00005000
1722326400001,4,0.00005000
1722340800000,4,0.00005000
1722355200000,4,0.00005000
1722369600000,4,0.00005000
1722384000000,4,0.00005000
1722398400000,4,-0.00001645
1722412800000,4,0.00005000
1722427200000,4,0.00005000
1722441600000,4,0.00005000
1722456000000,4,0.00005000
1722470400000,4,0.00005000
1722484800000,4,0.00005000
1722499200000,4,-0.00005661
1722513600000,4,-0.00002427
1722528000000,4,0.00005000
1722542400001,4,0.00005000
1722556800000,4,0.00005000
1722571200000,4,0.00005000
1722585600001,4,0.00005000
1722600000000,4,0.00005000
1722614400000,4,0.00005000
1722628800000,4,0.00005000
1722643200000,4,0.00005000
1722657600000,4,0.00005000
1722672000000,4,0.00001592
1722686400000,4,0.00005000
1722700800001,4,0.00005000
1722715200000,4,0.00004566
1722729600000,4,-0.00004124
1722744000000,4,-0.00012688
1722758400000,4,0.00005000
1722772800000,4,0.00005000
1722787200000,4,-0.00005129
1722801600000,4,0.00005000
1722816000000,4,-0.00009509
1722830400000,4,0.00005000
1722844800000,4,-0.00005431
1722859200000,4,0.00003388
1722873600000,4,0.00005000
1722888000000,4,0.00005000
1722902400000,4,0.00001973
1722916800001,4,0.00005000
1722931200000,4,0.00005000
1722945600000,4,0.00005000
1722960000000,4,0.00005000
1722974400000,4,0.00005000
1722988800000,4,0.00005000
1723003200000,4,0.00005000
1723017600001,4,0.00005000
1723032000000,4,-0.00004863
1723046400000,4,0.00005000
1723060800000,4,0.00005000
1723075200001,4,0.00005000
1723089600000,4,0.00003545
1723104000000,4,0.00005000
1723118400000,4,0.00005000
1723132800000,4,0.00005000
1723147200000,4,0.00005000
1723161600000,4,0.00005000
1723176000000,4,0.00005000
1723190400000,4,0.00005000
1723204800000,4,0.00005000
1723219200000,4,0.00003135
1723233600001,4,0.00005000
1723248000000,4,0.00005000
1723262400000,4,0.00005000
1723276800000,4,0.00005000
1723291200000,4,0.00005000
1723305600000,4,0.00005000
1723320000001,4,0.00005000
1723334400000,4,0.00005000
1723348800000,4,0.00005000
1723363200000,4,-0.00001455
1723377600000,4,-0.00006647
1723392000001,4,0.00005000
1723406400000,4,0.00005000
1723420800000,4,0.00005000
1723435200000,4,0.00005000
1723449600000,4,0.00005000
1723464000000,4,0.00005000
1723478400000,4,0.00005000
1723492800000,4,-0.00005403
1723507200000,4,0.00005000
1723521600001,4,0.00000606
1723536000000,4,0.00005000
1723550400000,4,0.00005000
1723564800000,4,0.00005000
1723579200000,4,0.00005000
1723593600000,4,-0.00022759
1723608000000,4,0.00003804
1723622400000,4,0.00005000
1723636800000,4,0.00005000
1723651200000,4,0.00005000
1723665600000,4,0.00005000
1723680000000,4,0.00005000
1723694400000,4,0.00005000
1723708800000,4,0.00005000
1723723200000,4,-0.00008934
1723737600000,4,-0.00017930
1723752000000,4,0.00005000
1723766400000,4,0.00005000
1723780800001,4,-0.00001425
1723795200000,4,0.00005000
1723809600000,4,0.00005000
1723824000000,4,0.00004795
1723838400000,4,-0.00005249
1723852800000,4,0.00005000
1723867200000,4,0.00005000
1723881600000,4,0.00005000
1723896000000,4,0.00005000
1723910400000,4,0.00002193
1723924800000,4,0.00005000
1723939200000,4,0.00005000
1723953600001,4,0.00005000
1723968000000,4,0.00005000
1723982400000,4,-0.00003322
1723996800000,4,0.00005000
1724011200000,4,0.00005000
1724025600000,4,0.00005000
1724040000000,4,0.00005000
1724054400000,4,0.00005000
1724068800000,4,0.00005000
1724083200002,4,0.00003739
1724097600001,4,0.00005000
1724112000000,4,0.00005000
1724126400000,4,0.00005000
1724140800000,4,-0.00012786
1724155200000,4,-0.00010163
1724169600001,4,0.00005000
1724184000000,4,0.00001686
1724198400001,4,0.00005000
1724212800001,4,0.00005000
1724227200000,4,0.00005000
1724241600000,4,0.00005000
1724256000001,4,0.00005000
1724270400001,4,0.00005000
1724284800000,4,0.00005000
1724299200000,4,0.00000527
1724313600000,4,0.00005000
1724328000001,4,0.00005000
1724342400008,4,0.00005000
1724356800000,4,0.00005000
1724371200000,4,0.00005000
1724385600000,4,0.00005000
1724400000000,4,0.00004722
1724414400001,4,0.00005000
1724428800000,4,0.00005000
1724443200000,4,-0.00002422
1724457600000,4,0.00005000
1724472000000,4,0.00005000
1724486400005,4,0.00005000
1724500800000,4,0.00005000
1724515200000,4,0.00005000
1724529600000,4,0.00005000
1724544000000,4,0.00005000
1724558400001,4,0.00005000
1724572800000,4,0.00005000
1724587200001,4,0.00005000
1724601600000,4,0.00005000
1724616000001,4,0.00005000
1724630400000,4,0.00005000
1724644800000,4,0.00005000
1724659200001,4,0.00005000
1724673600001,4,0.00005000
1724688000000,4,0.00005000
1724702400001,4,0.00005000
1724716800001,4,0.00005000
1724731200000,4,0.00005000
1724745600000,4,0.00005000
1724760000000,4,0.00005000
1724774400000,4,0.00005000
1724788800000,4,-0.00028550
1724803200000,4,0.00005000
1724817600000,4,0.00003972
1724832000000,4,-0.00010500
1724846400000,4,0.00005000
1724860800001,4,0.00005000
1724875200000,4,0.00005000
1724889600000,4,0.00005000
1724904000000,4,0.00002208
1724918400001,4,-0.00012721
1724932800001,4,0.00005000
1724947200000,4,0.00005000
1724961600000,4,0.00005000
1724976000000,4,0.00005000
1724990400000,4,0.00005000
1725004800000,4,0.00001600
1725019200001,4,0.00005000
1725033600000,4,0.00005000
1725048000000,4,0.00005000
1725062400000,4,0.00005000
1725076800002,4,0.00005000
1725091200000,4,0.00005000
1725105600004,4,0.00005000
1725120000000,4,0.00000321
1725134400001,4,0.00005000
1725148800000,4,0.00001757
1725163200000,4,0.00005000
1725177600001,4,0.00005000
1725192000000,4,0.00005000
1725206400000,4,0.00001342
1725220800000,4,0.00005000
1725235200001,4,-0.00000302
1725249600001,4,0.00005000
1725264000001,4,0.00005000
1725278400000,4,0.00005000
1725292800000,4,0.00005000
1725307200000,4,0.00005000
1725321600000,4,-0.00015499
1725336000000,4,-0.00003509
1725350400001,4,0.00005000
1725364800000,4,0.00005000
1725379200000,4,0.00005000
1725393600000,4,0.00005000
1725408000000,4,-0.00008891
1725422400000,4,0.00005000
1725436800000,4,0.00005000
1725451200000,4,0.00000569
1725465600000,4,0.00003244
1725480000001,4,0.00005000
1725494400000,4,0.00005000
1725508800002,4,-0.00001357
1725523200000,4,0.00005000
1725537600000,4,0.00005000
1725552000005,4,0.00005000
1725566400000,4,0.00005000
1725580800000,4,0.00005000
1725595200001,4,-0.00009148
1725609600001,4,0.00005000
1725624000009,4,0.00005000
1725638400000,4,0.00005000
1725652800000,4,0.00005000
1725667200000,4,0.00005000
1725681600000,4,0.00005000
1725696000000,4,0.00005000
1725710400000,4,0.00005000
1725724800000,4,0.00005000
1725739200000,4,0.00005000
1725753600000,4,0.00002602
1725768000000,4,0.00005000
1725782400000,4,0.00005000
1725796800000,4,0.00005000
1725811200000,4,0.00005000
1725825600000,4,-0.00015860
1725840000000,4,0.00005000
1725854400000,4,0.00005000
1725868800000,4,0.00005000
1725883200000,4,0.00005000
1725897600001,4,0.00005000
1725912000000,4,0.00005000
1725926400000,4,0.00005000
1725940800000,4,0.00005000
1725955200000,4,0.00005000
1725969600000,4,-0.00003301
1725984000000,4,0.00005000
1725998400000,4,0.00005000
1726012800000,4,0.00005000
1726027200000,4,0.00005000
1726041600000,4,0.00005000
1726056000000,4,0.00005000
1726070400000,4,0.00003799
1726084800000,4,0.00003953
1726099200000,4,-0.00001857
1726113600001,4,0.00005000
1726128000000,4,0.00005000
1726142400000,4,0.00005000
1726156800000,4,0.00005000
1726171200000,4,0.00005000
1726185600000,4,0.00005000
1726200000000,4,0.00005000
1726214400001,4,0.00005000
1726228800000,4,0.00005000
1726243200001,4,0.00005000
1726257600000,4,0.00005000
1726272000000,4,0.00005000
1726286400000,4,0.00005000
1726300800000,4,0.00005000
1726315200000,4,0.00005000
1726329600001,4,0.00005000
1726344000000,4,0.00005000
1726358400000,4,0.00005000
1726372800000,4,0.00005000
1726387200000,4,-0.00001497
1726401600000,4,0.00005000
1726416000000,4,0.00005000
1726430400000,4,0.00004922
1726444800000,4,0.00005000
1726459200000,4,0.00005000
1726473600001,4,0.00005000
1726488000000,4,0.00005000
1726502400000,4,-0.00003519
1726516800000,4,0.00005000
1726531200001,4,0.00005000
1726545600000,4,0.00005000
1726560000000,4,-0.00050459
1726574400000,4,-0.00000747
1726588800000,4,0.00005000
1726603200000,4,0.00005000
1726617600000,4,0.00005000
1726632000000,4,0.00005000
1726646400000,4,0.00005000
1726660800000,4,0.00005000
1726675200004,4,-0.00002877
1726689600000,4,0.00005000
1726704000000,4,0.00005000
1726718400000,4,0.00005000
1726732800000,4,0.00005000
1726747200000,4,0.00005000
1726761600001,4,0.00005000
1726776000001,4,0.00005000
1726790400000,4,0.00005000
1726804800000,4,0.00005000
1726819200001,4,0.00005000
1726833600000,4,0.00005000
1726848000000,4,0.00005000
1726862400001,4,0.00005000
1726876800001,4,0.00005000
1726891200000,4,0.00005000
1726905600000,4,0.00005000
1726920000000,4,0.00005000
1726934400000,4,0.00005000
1726948800000,4,0.00005000
1726963200000,4,0.00005000
1726977600000,4,0.00005000
1726992000000,4,0.00005000
1727006400000,4,0.00005000
1727020800000,4,0.00005000
1727035200000,4,0.00005000
1727049600000,4,0.00005000
1727064000000,4,0.00005000
1727078400000,4,0.00005000
1727092800001,4,0.00005000
1727107200000,4,0.00005000
1727121600001,4,0.00005000
1727136000000,4,0.00005000
1727150400000,4,0.00005000
1727164800000,4,0.00005000
1727179200001,4,0.00005000
1727193600001,4,0.00005000
1727208000006,4,0.00005000
1727222400000,4,0.00005000
1727236800015,4,0.00005000
1727251200003,4,0.00005000
1727265600002,4,0.00005000
1727280000000,4,0.00005000
1727294400000,4,0.00005000
1727308800005,4,0.00005000
1727323200000,4,0.00005000
1727337600000,4,0.00005000
1727352000005,4,0.00005000
1727366400000,4,0.00005000
1727380800000,4,0.00005000
1727395200000,4,0.00005000
1727409600000,4,0.00005000
1727424000000,4,0.00005000
1727438400000,4,0.00005000
1727452800000,4,0.00005000
1727467200000,4,0.00005000
1727481600000,4,0.00005000
1727496000001,4,0.00005000
1727510400001,4,0.00005000
1727524800000,4,0.00005000
1727539200000,4,0.00005000
1727553600000,4,0.00005000
1727568000001,4,0.00005000
1727582400000,4,0.00005000
1727596800000,4,0.00005000
1727611200000,4,0.00005000
1727625600000,4,0.00005000
1727640000000,4,0.00005000
1727654400000,4,0.00005000
1727668800001,4,0.00005000
1727683200001,4,0.00005000
1727697600000,4,0.00005000
1727712000000,4,0.00005000
1727726400000,4,0.00005000
1727740800000,4,0.00005000
1727755200001,4,0.00005000
1727769600000,4,0.00005000
1727784000000,4,0.00005000
1727798400001,4,0.00005000
1727812800000,4,-0.00005930
1727827200000,4,0.00005000
1727841600000,4,0.00005000
1727856000000,4,0.00005000
1727870400000,4,0.00005000
1727884800000,4,0.00005000
1727899200000,4,0.00005000
1727913600000,4,0.00005000
1727928000000,4,0.00005000
1727942400000,4,0.00005000
1727956800000,4,0.00005000
1727971200000,4,0.00005000
1727985600000,4,0.00005000
1728000000000,4,-0.00009782
1728014400000,4,-0.00002450
1728028800000,4,-0.00017715
1728043200000,4,-0.00004727
1728057600001,4,0.00005000
1728072000000,4,0.00005000
1728086400000,4,0.00005000
1728100800000,4,0.00005000
1728115200000,4,0.00005000
1728129600000,4,0.00005000
1728144000000,4,0.00005000
1728158400000,4,0.00005000
1728172800000,4,0.00005000
1728187200001,4,-0.00001516
1728201600001,4,0.00005000
1728216000000,4,-0.00034167
1728230400000,4,0.00005000
1728244800000,4,0.00005000
1728259200000,4,0.00005000
1728273600000,4,0.00005000
1728288000000,4,0.00005000
1728302400000,4,0.00005000
1728316800001,4,0.00005000
1728331200000,4,0.00005000
1728345600000,4,0.00005000
1728360000000,4,0.00005000
1728374400000,4,0.00005000
1728388800000,4,0.00002559
1728403200000,4,0.00003257
1728417600000,4,0.00005000
1728432000000,4,0.00005000
1728446400000,4,-0.00010720
1728460800000,4,-0.00025902
1728475200000,4,0.00005000
1728489600000,4,0.00005000
1728504000000,4,0.00005000
1728518400000,4,0.00005000
1728532800000,4,0.00005000
1728547200000,4,0.00005000
1728561600000,4,0.00005000
1728576000000,4,-0.00032322
1728590400000,4,0.00005000
1728604800000,4,0.00005000
1728619200000,4,0.00005000
1728633600000,4,0.00005000
1728648000000,4,0.00005000
1728662400001,4,0.00005000
1728676800000,4,0.00005000
1728691200000,4,0.00005000
1728705600001,4,0.00005000
1728720000001,4,0.00005000
1728734400000,4,0.00005000
1728748800000,4,0.00005000
1728763200000,4,0.00005000
1728777600000,4,0.00005000
1728792000001,4,0.00005000
1728806400000,4,0.00005000
1728820800000,4,0.00005000
1728835200000,4,0.00005000
1728849600000,4,0.00005000
1728864000000,4,0.00005000
1728878400000,4,0.00005000
1728892800000,4,0.00005000
1728907200000,4,0.00005000
1728921600000,4,0.00005000
1728936000000,4,0.00005000
1728950400000,4,0.00005000
1728964800000,4,0.00006553
1728979200000,4,0.00005000
1728993600000,4,0.00005000
1729008000000,4,0.00005000
1729022400000,4,0.00005000
1729036800000,4,0.00005000
1729051200000,4,0.00005000
1729065600001,4,0.00005000
1729080000000,4,0.00005000
1729094400000,4,0.00005000
1729108800000,4,0.00005000
1729123200000,4,0.00005000
1729137600001,4,0.00046477
1729152000000,4,0.00005000
1729166400000,4,0.00005000
1729180800001,4,0.00005000
1729195200007,4,0.00005000
1729209600010,4,0.00005000
1729224000000,4,0.00005000
1729238400001,4,0.00005000
1729252800000,4,0.00005000
1729267200000,4,0.00005000
1729281600000,4,0.00005000
1729296000000,4,0.00005000
1729310400000,4,0.00005000
1729324800000,4,0.00005000
1729339200000,4,0.00005000
1729353600000,4,0.00005000
1729368000000,4,0.00005000
1729382400000,4,0.00005000
1729396800000,4,0.00005000
1729411200000,4,0.00005000
1729425600000,4,0.00005000
1729440000000,4,0.00005000
1729454400000,4,0.00005000
1729468800000,4,0.00005000
1729483200000,4,0.00005000
1729497600000,4,0.00005000
1729512000000,4,0.00005000
1729526400000,4,0.00005000
1729540800000,4,0.00005000
1729555200000,4,0.00005000
1729569600000,4,0.00005000
1729584000000,4,0.00005000
1729598400000,4,0.00005000
1729612800000,4,0.00005000
1729627200000,4,0.00005000
1729641600000,4,0.00005000
1729656000000,4,0.00005000
1729670400000,4,0.00000561
1729684800000,4,-0.00017872
1729699200000,4,-0.00009993
1729713600001,4,0.00005000
1729728000000,4,0.00005000
1729742400001,4,-0.00001514
1729756800000,4,-0.00001183
1729771200000,4,-0.00344553
1729785600000,4,-0.00148062
1729800000000,4,0.00005000
1729814400000,4,0.00005000
1729828800001,4,-0.00174156
1729843200000,4,0.00005000
1729857600000,4,0.00005000
1729872000000,4,0.00005000
1729886400000,4,0.00005000
1729900800000,4,0.00005000
1729915200001,4,0.00005000
1729929600001,4,0.00005000
1729944000000,4,0.00005000
1729958400000,4,0.00005000
1729972800001,4,0.00005000
1729987200000,4,0.00037257
1730001600000,4,0.00005000
1730016000000,4,0.00005000
1730030400000,4,0.00005000
1730044800000,4,0.00005000
1730059200000,4,0.00005000
1730073600000,4,0.00005000
1730088000000,4,0.00005000
1730102400001,4,0.00005699
1730116800001,4,0.00005000
1730131200000,4,0.00005000
1730145600000,4,0.00005000
1730160000000,4,0.00005000
1730174400000,4,0.00005000
1730188800000,4,0.00005000
1730203200001,4,0.00005000
1730217600004,4,0.00058733
1730232000000,4,0.00067914
1730246400000,4,0.00020495
1730260800000,4,0.00008227
1730275200000,4,0.00048449
1730289600006,4,0.00099568
1730304000013,4,0.00005000
1730318400000,4,0.00005000
1730332800000,4,0.00005000
1730347200000,4,0.00005000
1730361600000,4,0.00005000
1730376000000,4,0.00005000
1730390400000,4,0.00005000
1730404800000,4,0.00005000
1730419200000,4,0.00005000
1730433600000,4,0.00005000
1730448000000,4,0.00005000
1730462400000,4,0.00005000
1730476800000,4,0.00005000
1730491200001,4,0.00005000
1730505600000,4,0.00005000
1730520000000,4,0.00005000
1730534400000,4,0.00005000
1730548800000,4,0.00005000
1730563200000,4,0.00005000
1730577600001,4,0.00005000
1730592000000,4,0.00005000
1730606400000,4,0.00005000
1730620800000,4,0.00005000
1730635200000,4,0.00005000
1730649600000,4,0.00005000
1730664000000,4,0.00005000
1730678400000,4,0.00005000
1730692800000,4,0.00005000
1730707200000,4,0.00005000
1730721600000,4,0.00005000
1730736000000,4,0.00005000
1730750400000,4,0.00005000
1730764800000,4,0.00005000
1730779200000,4,0.00005000
1730793600003,4,0.00005000
1730808000001,4,0.00005000
1730822400001,4,0.00005000
1730836800000,4,0.00005000
1730851200000,4,0.00005000
1730865600000,4,0.00005000
1730880000000,4,0.00005000
1730894400001,4,0.00005000
1730908800000,4,0.00005000
1730923200001,4,0.00005000
1730937600000,4,0.00005000
1730952000000,4,0.00005000
1730966400000,4,0.00005000
1730980800000,4,0.00005000
1730995200000,4,0.00005000
1731009600000,4,0.00005000
1731024000000,4,0.00005000
1731038400000,4,0.00005000
1731052800000,4,0.00005000
1731067200000,4,0.00005000
1731081600000,4,0.00005000
1731096000000,4,0.00005000
1731110400000,4,0.00005000
1731124800000,4,0.00005000
1731139200000,4,0.00005000
1731153600000,4,0.00005000
1731168000000,4,0.00005000
1731182400000,4,0.00005000
1731196800000,4,0.00005000
1731211200000,4,0.00005000
1731225600000,4,0.00005000
1731240000000,4,0.00005000
1731254400000,4,0.00005000
1731268800000,4,0.00005000
1731283200001,4,0.00005000
1731297600000,4,0.00005000
1731312000000,4,0.00005000
1731326400000,4,0.00005000
1731340800000,4,0.00005000
1731355200000,4,0.00005000
1731369600002,4,0.00005000
1731384000000,4,0.00005000
1731398400000,4,0.00005000
1731412800000,4,0.00005000
1731427200000,4,0.00005000
1731441600000,4,0.00005000
1731456000000,4,0.00005000
1731470400000,4,0.00005000
1731484800010,4,0.00005000
1731499200001,4,0.00005000
1731513600000,4,0.00005000
1731528000000,4,0.00005000
1731542400001,4,0.00005000
1731556800000,4,0.00005000
1731571200000,4,0.00005000
1731585600001,4,0.00005000
1731600000000,4,0.00005000
1731614400000,4,0.00005000
1731628800000,4,0.00005000
1731643200001,4,0.00005000
1731657600000,4,0.00005000
1731672000000,4,0.00005000
1731686400000,4,0.00005000
1731700800000,4,0.00005000
1731715200001,4,0.00005000
1731729600001,4,0.00005000
1731744000001,4,0.00005000
1731758400000,4,0.00005000
1731772800000,4,0.00005000
1731787200000,4,0.00005000
1731801600000,4,0.00005000
1731816000000,4,0.00005000
1731830400000,4,0.00005000
1731844800000,4,0.00005000
1731859200001,4,0.00005000
1731873600001,4,0.00005000
1731888000000,4,0.00005000
1731902400000,4,0.00005000
1731916800000,4,0.00005000
1731931200000,4,0.00005000
1731945600000,4,0.00005000
1731960000000,4,0.00005000
1731974400000,4,0.00005000
1731988800000,4,0.00005000
1732003200000,4,0.00005000
1732017600000,4,0.00005000
1732032000000,4,0.00005000
1732046400001,4,0.00005000
1732060800003,4,0.00005000
1732075200000,4,0.00005000
1732089600000,4,0.00005000
1732104000000,4,0.00005000
1732118400000,4,0.00005000
1732132800000,4,0.00005000
1732147200001,4,0.00005000
1732161600000,4,0.00005000
1732176000000,4,0.00005000
1732190400000,4,0.00005000
1732204800001,4,0.00005000
1732219200000,4,0.00005000
1732233600000,4,0.00005000
1732248000000,4,0.00005000
1732262400000,4,0.00005000
1732276800000,4,0.00005000
1732291200001,4,0.00005000
1732305600000,4,0.00005000
1732320000000,4,0.00005000
1732334400000,4,0.00005000
1732348800000,4,0.00005000
1732363200000,4,0.00005000
1732377600000,4,0.00005000
1732392000000,4,0.00005000
1732406400001,4,0.00005000
1732420800000,4,0.00005000
1732435200000,4,0.00005000
1732449600000,4,0.00005000
1732464000000,4,0.00005000
1732478400000,4,0.00005000
1732492800000,4,0.00005000
1732507200000,4,0.00005000
1732521600000,4,0.00005000
1732536000008,4,0.00005000
1732550400000,4,0.00005000
1732564800000,4,0.00005000
1732579200000,4,0.00005000
1732593600000,4,0.00005000
1732608000000,4,0.00005000
1732622400000,4,0.00005000
1732636800000,4,0.00005000
1732651200000,4,0.00005000
1732665600000,4,0.00005000
1732680000000,4,0.00005000
1732694400000,4,0.00005000
1732708800000,4,0.00005000
1732723200001,4,0.00005000
1732737600000,4,0.00005000
1732752000000,4,0.00005000
1732766400000,4,0.00005000
1732780800000,4,0.00005000
1732795200000,4,0.00005000
1732809600000,4,0.00005000
1732824000000,4,0.00005000
1732838400000,4,0.00005000
1732852800000,4,0.00005000
1732867200000,4,0.00005000
1732881600000,4,0.00005000
1732896000000,4,0.00005000
1732910400000,4,0.00005000
1732924800000,4,0.00005000
1732939200000,4,0.00005000
1732953600000,4,0.00005000
1732968000001,4,0.00005000
1732982400000,4,0.00005000
1732996800000,4,0.00005000
1733011200000,4,0.00005000
1733025600000,4,0.00005000
1733040000000,4,0.00005000
1733054400000,4,0.00005000
1733068800000,4,0.00005000
1733083200000,4,0.00005000
1733097600001,4,0.00005000
1733112000000,4,0.00005000
1733126400001,4,0.00005000
1733140800000,4,0.00005000
1733155200000,4,0.00005000
1733169600001,4,0.00005000
1733184000000,4,0.00005000
1733198400000,4,0.00005000
1733212800000,4,0.00005000
1733227200001,4,0.00005000
1733241600000,4,0.00005000
1733256000000,4,0.00005000
1733270400000,4,0.00005000
1733284800000,4,0.00005000
1733299200000,4,0.00005000
1733313600000,4,0.00005000
1733328000000,4,0.00005000
1733342400000,4,0.00005000
1733356800001,4,0.00005000
1733371200000,4,0.00005000
1733385600000,4,0.00005000
1733400000000,4,0.00005000
1733414400000,4,0.00005000
1733428800000,4,0.00005000
1733443200000,4,0.00005000
1733457600001,4,0.00005000
1733472000000,4,0.00005000
1733486400001,4,0.00005000
1733500800000,4,0.00005000
1733515200001,4,0.00005000
1733529600000,4,0.00005000
1733544000000,4,0.00005000
1733558400000,4,0.00005000
1733572800000,4,0.00005000
1733587200000,4,0.00005000
1733601600000,4,0.00005000
1733616000000,4,0.00005000
1733630400000,4,0.00005000
1733644800000,4,0.00005000
1733659200001,4,0.00005000
1733673600000,4,0.00005000
1733688000000,4,0.00005000
1733702400000,4,0.00005000
1733716800000,4,0.00005000
1733731200000,4,0.00005000
1733745600000,4,0.00005000
1733760000001,4,0.00005000
1733774400012,4,0.00005000
1733788800007,4,0.00005000
1733803200002,4,0.00005000
1733817600000,4,0.00005000
1733832000000,4,0.00005000
1733846400000,4,0.00005000
1733860800001,4,0.00005000
1733875200000,4,0.00005000
1733889600000,4,0.00005000
1733904000000,4,0.00005000
1733918400000,4,0.00005000
1733932800001,4,0.00005000
1733947200000,4,0.00005000
1733961600001,4,0.00005000
1733976000000,4,0.00005000
1733990400000,4,0.00005000
1734004800000,4,0.00005000
1734019200001,4,0.00005000
1734033600000,4,0.00005000
1734048000000,4,0.00005000
1734062400000,4,0.00005000
1734076800000,4,0.00005000
1734091200000,4,0.00005000
1734105600001,4,0.00005000
1734120000001,4,0.00005000
1734134400000,4,0.00005000
1734148800000,4,0.00005000
1734163200000,4,0.00005000
1734177600000,4,0.00005000
1734192000000,4,0.00005000
1734206400000,4,0.00005000
1734220800000,4,0.00005000
1734235200000,4,0.00005000
1734249600000,4,0.00005000
1734264000000,4,0.00005000
1734278400000,4,0.00005000
1734292800001,4,0.00005000
1734307200000,4,0.00005000
1734321600000,4,0.00005000
1734336000001,4,0.00005000
1734350400000,4,0.00005000
1734364800000,4,0.00005000
1734379200000,4,0.00005000
1734393600000,4,0.00005000
1734408000000,4,0.00005000
1734422400000,4,0.00005000
1734436800000,4,0.00005000
1734451200000,4,0.00005000
1734465600000,4,0.00005000
1734480000000,4,0.00005000
1734494400000,4,0.00005000
1734508800000,4,0.00005000
1734523200000,4,0.00005000
1734537600000,4,0.00005000
1734552000000,4,0.00005000
1734566400000,4,0.00005000
1734580800000,4,0.00005000
1734595200000,4,0.00005000
1734609600000,4,0.00005000
1734624000000,4,0.00005000
1734638400000,4,0.00005000
1734652800000,4,0.00005000
1734667200001,4,0.00005000
1734681600001,4,0.00005000
1734696000000,4,0.00005000
1734710400014,4,0.00005000
1734724800000,4,0.00005000
1734739200000,4,0.00005000
1734753600000,4,0.00005000
1734768000000,4,0.00005000
1734782400000,4,0.00005000
1734796800001,4,0.00005000
1734811200000,4,0.00005000
1734825600000,4,0.00005000
1734840000000,4,0.00005000
1734854400000,4,0.00005000
1734868800000,4,0.00005000
1734883200000,4,0.00005000
1734897600000,4,0.00005000
1734912000000,4,0.00005000
1734926400000,4,0.00005000
1734940800000,4,0.00005000
1734955200000,4,0.00005000
1734969600001,4,0.00005000
1734984000000,4,0.00005000
1734998400000,4,0.00005000
1735012800000,4,0.00005000
1735027200000,4,0.00005000
1735041600000,4,0.00005000
1735056000001,4,0.00005000
1735070400000,4,0.00005000
1735084800001,4,0.00005000
1735099200001,4,0.00005000
1735113600000,4,0.00005000
1735128000000,4,0.00005000
1735142400000,4,0.00005000
1735156800000,4,0.00005000
1735171200000,4,0.00005000
1735185600001,4,0.00005000
1735200000000,4,0.00005000
1735214400000,4,0.00005000
1735228800000,4,0.00005000
1735243200001,4,0.00005000
1735257600000,4,0.00005000
1735272000000,4,0.00005000
1735286400000,4,0.00005000
1735300800000,4,0.00005000
1735315200000,4,0.00005000
1735329600001,4,0.00005000
1735344000001,4,0.00005000
1735358400000,4,0.00005000
1735372800000,4,0.00005000
1735387200000,4,0.00005000
1735401600000,4,0.00005000
1735416000000,4,0.00005000
1735430400000,4,0.00005000
1735444800000,4,0.00005000
1735459200000,4,0.00005000
1735473600000,4,0.00005000
1735488000000,4,0.00005000
1735502400000,4,0.00005000
1735516800000,4,0.00005000
1735531200001,4,0.00005000
1735545600001,4,0.00005000
1735560000000,4,0.00005000
1735574400000,4,0.00005000
1735588800000,4,0.00005000
1735603200000,4,0.00005000
1735617600000,4,0.00005000
1735632000000,4,0.00005000
1735646400001,4,0.00005000
1735660800000,4,0.00005000
1735675200000,4,0.00005000
1735689600015,4,0.00005000
1735704000004,4,0.00005000
1735718400000,4,0.00005000
1735732800002,4,0.00005000
1735747200001,4,0.00005000
1735761600000,4,0.00005000
1735776000000,4,0.00005000
1735790400000,4,0.00005000
1735804800006,4,0.00005000
1735819200007,4,0.00005000
1735833600000,4,0.00005000
1735848000001,4,0.00005000
1735862400000,4,0.00005000
1735876800001,4,0.00005000
1735891200000,4,0.00005000
1735905600000,4,0.00005000
1735920000000,4,0.00005000
1735934400001,4,0.00005000
1735948800000,4,0.00005000
1735963200000,4,0.00005000
1735977600000,4,0.00005000
1735992000000,4,0.00005000
1736006400000,4,0.00005000
1736020800001,4,0.00005000
1736035200000,4,0.00005000
1736049600000,4,0.00005000
1736064000000,4,0.00005000
1736078400000,4,0.00005000
1736092800000,4,0.00005000
1736107200000,4,0.00005000
1736121600000,4,0.00005000
1736136000000,4,0.00005000
1736150400001,4,0.00005000
1736164800000,4,0.00005000
1736179200000,4,0.00005000
1736193600000,4,0.00005000
1736208000000,4,0.00005000
1736222400000,4,0.00005000
1736236800000,4,0.00005000
1736251200001,4,0.00005000
1736265600008,4,0.00005000
1736280000000,4,0.00005000
1736294400001,4,0.00005000
1736308800006,4,0.00005000
1736323200000,4,0.00005000
1736337600000,4,0.00005000
1736352000000,4,0.00005000
1736366400000,4,0.00005000
1736380800000,4,0.00005000
1736395200001,4,0.00005000
1736409600000,4,0.00005000
1736424000000,4,0.00005000
1736438400000,4,0.00005000
1736452800000,4,0.00005000
1736467200000,4,0.00005000
1736481600000,4,0.00005000
1736496000000,4,0.00005000
1736510400000,4,0.00005000
1736524800000,4,0.00005000
1736539200001,4,0.00005000
1736553600000,4,0.00005000
1736568000000,4,0.00005000
1736582400000,4,0.00005000
1736596800000,4,0.00005000
1736611200000,4,0.00005000
1736625600000,4,0.00005000
1736640000000,4,0.00005000
1736654400000,4,0.00005000
1736668800000,4,0.00005000
1736683200000,4,0.00005000
1736697600000,4,0.00005000
1736712000000,4,0.00005000
1736726400000,4,0.00005000
1736740800000,4,0.00005000
1736755200000,4,0.00005000
1736769600000,4,0.00005000
1736784000000,4,0.00005000
1736798400000,4,0.00005000
1736812800000,4,0.00005000
1736827200000,4,0.00005000
1736841600000,4,0.00005000
1736856000000,4,0.00005000
1736870400000,4,0.00005000
1736884800000,4,0.00005000
1736899200000,4,0.00005000
1736913600000,4,0.00005000
1736928000000,4,0.00005000
1736942400000,4,0.00005000
1736956800000,4,0.00005000
1736971200000,4,0.00005000
1736985600000,4,0.00005000
1737000000000,4,0.00005000
1737014400000,4,0.00005000
1737028800000,4,0.00005000
1737043200000,4,0.00005000
1737057600000,4,0.00005000
1737072000004,4,0.00005000
1737086400000,4,0.00005000
1737100800000,4,0.00005000
1737115200013,4,0.00005000
1737129600008,4,0.00005000
1737144000005,4,0.00005000
1737158400000,4,0.00005000
1737172800003,4,0.00005000
1737187200007,4,0.00005000
1737201600000,4,0.00005000
1737216000000,4,0.00005000
1737230400000,4,0.00005000
1737244800000,4,0.00005000
1737259200000,4,0.00005000
1737273600000,4,0.00005000
1737288000000,4,0.00005000
1737302400000,4,0.00005000
1737316800000,4,0.00005000
1737331200000,4,0.00005000
1737345600000,4,0.00005000
1737360000009,4,0.00005000
1737374400002,4,0.00005000
1737388800000,4,0.00005000
1737403200001,4,0.00005000
1737417600000,4,0.00005000
1737432000000,4,0.00005000
1737446400000,4,0.00005000
1737460800000,4,0.00005000
1737475200000,4,0.00005000
1737489600000,4,0.00005000
1737504000000,4,0.00005000
1737518400000,4,0.00005000
1737532800000,4,0.00005000
1737547200000,4,0.00005000
1737561600000,4,0.00005000
1737576000000,4,0.00005000
1737590400001,4,0.00005000
1737604800001,4,0.00005000
1737619200000,4,0.00005000
1737633600000,4,0.00005000
1737648000000,4,0.00005000
1737662400000,4,0.00005000
1737676800000,4,0.00005000
1737691200000,4,0.00005000
1737705600000,4,0.00005000
1737720000001,4,0.00005000
1737734400000,4,0.00005000
1737748800000,4,0.00005000
1737763200000,4,0.00005000
1737777600000,4,0.00005000
1737792000000,4,0.00005000
1737806400000,4,0.00005000
1737820800001,4,0.00005000
1737835200001,4,0.00005000
1737849600000,4,0.00005000
1737864000000,4,0.00005000
1737878400000,4,0.00005000
1737892800000,4,0.00005000
1737907200000,4,0.00005000
1737921600000,4,0.00005000
1737936000000,4,0.00005000
1737950400000,4,0.00005000
1737964800000,4,0.00005000
1737979200001,4,0.00005000
1737993600000,4,0.00005000
1738008000000,4,0.00005000
1738022400000,4,0.00005000
1738036800000,4,0.00005000
1738051200000,4,0.00005000
1738065600000,4,0.00005000
1738080000000,4,0.00005000
1738094400000,4,0.00005000
1738108800000,4,0.00005000
1738123200001,4,0.00005000
1738137600000,4,0.00005000
1738152000000,4,0.00005000
1738166400000,4,0.00005000
1738180800000,4,0.00005000
1738195200000,4,0.00005000
1738209600000,4,0.00005000
1738224000000,4,0.00005000
1738238400000,4,0.00005000
1738252800000,4,0.00005000
1738267200000,4,0.00005000
1738281600000,4,0.00005000
1738296000000,4,0.00005000
1738310400000,4,0.00005000
1738324800001,4,0.00005000
1738339200000,4,0.00005000
1738353600000,4,0.00005000
1738368000000,4,0.00005000
1738382400000,4,0.00005000
1738396800000,4,0.00005000
1738411200000,4,0.00005000
1738425600000,4,0.00005000
1738440000000,4,0.00005000
1738454400001,4,0.00005000
1738468800000,4,0.00005000
1738483200000,4,0.00005000
1738497600000,4,0.00005000
1738512000000,4,0.00005000
1738526400000,4,0.00005000
1738540800000,4,0.00005000
1738555200000,4,0.00005000
1738569600000,4,0.00005000
1738584000000,4,0.00005000
1738598400000,4,0.00005000
1738612800000,4,0.00005000
1738627200000,4,0.00005000
1738641600001,4,0.00005000
1738656000001,4,0.00005000
1738670400001,4,0.00005000
1738684800000,4,0.00005000
1738699200000,4,0.00005000
1738713600001,4,0.00005000
1738728000000,4,0.00005000
1738742400001,4,0.00005000
1738756800000,4,0.00005000
1738771200000,4,0.00005000
1738785600000,4,0.00005000
1738800000001,4,0.00005000
1738814400001,4,0.00005000
1738828800001,4,0.00005000
1738843200000,4,0.00005000
1738857600000,4,0.00005000
1738872000000,4,0.00005000
1738886400000,4,0.00005000
1738900800000,4,0.00005000
1738915200000,4,0.00005000
1738929600000,4,0.00005000
1738944000000,4,0.00005000
1738958400000,4,0.00005000
1738972800000,4,0.00005000
1738987200000,4,0.00005000
1739001600000,4,0.00005000
1739016000000,4,0.00005000
1739030400000,4,0.00005000
1739044800000,4,0.00005000
1739059200000,4,0.00005000
1739073600000,4,0.00005000
1739088000000,4,0.00005000
1739102400000,4,0.00005000
1739116800000,4,0.00005000
1739131200007,4,0.00005000
1739145600000,4,0.00005000
1739160000000,4,0.00005000
1739174400000,4,0.00005000
1739188800000,4,0.00005000
1739203200000,4,0.00005000
1739217600001,4,0.00005000
1739232000000,4,0.00005000
1739246400000,4,0.00005000
1739260800000,4,0.00005000
1739275200000,4,0.00005000
1739289600000,4,0.00005000
1739304000000,4,0.00005000
1739318400000,4,0.00005000
1739332800000,4,0.00005000
1739347200000,4,0.00005000
1739361600001,4,0.00005000
1739376000001,4,0.00005000
1739390400000,4,0.00005000
1739404800001,4,0.00005000
1739419200000,4,0.00005000
1739433600000,4,0.00005000
1739448000000,4,0.00005000
1739462400001,4,0.00005000
1739476800000,4,0.00005000
1739491200000,4,0.00005000
1739505600000,4,0.00005000
1739520000001,4,0.00005000
1739534400000,4,0.00005000
1739548800000,4,0.00005000
1739563200000,4,0.00005000
1739577600000,4,0.00005000
1739592000000,4,0.00005000
1739606400000,4,0.00005000
1739620800000,4,0.00005000
1739635200000,4,0.00005000
1739649600001,4,0.00005000
1739664000000,4,0.00005000
1739678400000,4,0.00005000
1739692800000,4,0.00005000
1739707200000,4,0.00005000
1739721600000,4,0.00005000
1739736000000,4,0.00005000
1739750400000,4,0.00005000
1739764800001,4,0.00005000
1739779200000,4,0.00005000
1739793600004,4,0.00005000
1739808000000,4,0.00005000
1739822400001,4,0.00005000
1739836800000,4,0.00005000
1739851200000,4,0.00005000
1739865600000,4,0.00005000
1739880000000,4,0.00005000
1739894400000,4,0.00005000
1739908800000,4,0.00005000
1739923200000,4,0.00005000
1739937600000,4,0.00005000
1739952000000,4,0.00005000
1739966400000,4,0.00005000
1739980800000,4,0.00005000
1739995200000,4,0.00005000
1740009600000,4,0.00005000
1740024000000,4,0.00005000
1740038400000,4,0.00005000
1740052800000,4,0.00005000
1740067200000,4,0.00005000
1740081600000,4,0.00005000
1740096000001,4,0.00005000
1740110400000,4,0.00005000
1740124800000,4,0.00005000
1740139200000,4,0.00005000
1740153600000,4,0.00005000
1740168000000,4,0.00005000
1740182400000,4,0.00005000
1740196800000,4,0.00005000
1740211200000,4,0.00005000
1740225600000,4,0.00005000
1740240000000,4,0.00005000
1740254400000,4,0.00005000
1740268800000,4,0.00005000
1740283200000,4,0.00005000
1740297600000,4,0.00005000
1740312000000,4,0.00005000
1740326400000,4,0.00005000
1740340800000,4,0.00005000
1740355200000,4,0.00005000
1740369600000,4,0.00005000
1740384000000,4,0.00005000
1740398400001,4,0.00005000
1740412800000,4,0.00005000
1740427200000,4,0.00005000
1740441600000,4,0.00005000
1740456000000,4,0.00005000
1740470400000,4,0.00005000
1740484800000,4,0.00005000
1740499200000,4,0.00005000
1740513600000,4,0.00005000
1740528000000,4,0.00005000
1740542400000,4,0.00005000
1740556800000,4,0.00005000
1740571200001,4,0.00005000
1740585600000,4,0.00005000
1740600000000,4,0.00005000
1740614400001,4,0.00005000
1740628800001,4,0.00005000
1740643200000,4,0.00005000
1740657600006,4,0.00005000
1740672000000,4,0.00005000
1740686400001,4,0.00005000
1740700800001,4,0.00005000
1740715200000,4,0.00005000
1740729600000,4,0.00005000
1740744000000,4,0.00005000
1740758400000,4,0.00005000
1740772800000,4,0.00005000
1740787200000,4,0.00005000
1740801600000,4,0.00005000
1740816000000,4,0.00005000
1740830400001,4,0.00005000
1740844800001,4,0.00005000
1740859200000,4,0.00005000
1740873600000,4,0.00005000
1740888000000,4,0.00005000
1740902400000,4,0.00005000
1740916800000,4,0.00005000
1740931200000,4,0.00005000
1740945600000,4,0.00005000
1740960000001,4,0.00005000
1740974400000,4,0.00005000
1740988800000,4,0.00005000
1741003200001,4,0.00005000
1741017600000,4,0.00005000
1741032000000,4,0.00005000
1741046400001,4,0.00005000
1741060800000,4,0.00005000
1741075200005,4,0.00005000
1741089600000,4,0.00005000
1741104000000,4,0.00005000
1741118400000,4,0.00005000
1741132800000,4,0.00005000
1741147200000,4,0.00005000
1741161600000,4,0.00005000
1741176000000,4,0.00005000
1741190400000,4,0.00005000
1741204800000,4,0.00005000
1741219200000,4,0.00005000
1741233600000,4,0.00005000
1741248000001,4,0.00005000
1741262400001,4,0.00005000
1741276800000,4,0.00005000
1741291200000,4,0.00005000
1741305600000,4,0.00005000
1741320000000,4,0.00005000
1741334400001,4,0.00005000
1741348800000,4,0.00005000
1741363200000,4,0.00005000
1741377600000,4,0.00005000
1741392000000,4,0.00005000
1741406400000,4,0.00005000
1741420800001,4,0.00005000
1741435200001,4,0.00005000
1741449600001,4,0.00005000
1741464000001,4,0.00005000
1741478400001,4,0.00005000
1741492800000,4,0.00005000
1741507200000,4,0.00005000
1741521600000,4,0.00005000
1741536000000,4,0.00005000
1741550400000,4,0.00005000
1741564800000,4,0.00005000
1741579200000,4,0.00005000
1741593600000,4,0.00005000
1741608000000,4,0.00005000
1741622400000,4,0.00005000
1741636800000,4,0.00005000
1741651200000,4,0.00005000
1741665600000,4,0.00005000
1741680000000,4,0.00005000
1741694400000,4,0.00005000
1741708800001,4,0.00005000
1741723200001,4,0.00005000
1741737600000,4,0.00005000
1741752000001,4,0.00005000
1741766400000,4,0.00005000
1741780800000,4,0.00005000
1741795200001,4,0.00005000
1741809600000,4,0.00005000
1741824000000,4,0.00005000
1741838400000,4,0.00005000
1741852800000,4,0.00005000
1741867200000,4,0.00005000
1741881600000,4,0.00005000
1741896000000,4,0.00005000
1741910400000,4,0.00005000
1741924800000,4,0.00005000
1741939200000,4,0.00005000
1741953600000,4,0.00005000
1741968000000,4,0.00005000
1741982400000,4,0.00005000
1741996800000,4,0.00005000
1742011200000,4,0.00005000
1742025600000,4,0.00005000
1742040000000,4,0.00005000
1742054400000,4,0.00005000
1742068800000,4,0.00005000
1742083200000,4,0.00005000
1742097600000,4,0.00005000
1742112000000,4,0.00005000
1742126400000,4,0.00005000
1742140800000,4,0.00005000
1742155200000,4,0.00005000
1742169600000,4,0.00005000
1742184000000,4,0.00005000
1742198400000,4,0.00005000
1742212800000,4,0.00005000
1742227200000,4,0.00005000
1742241600000,4,0.00005000
1742256000000,4,0.00005000
1742270400000,4,0.00005000
1742284800000,4,0.00005000
1742299200001,4,0.00005000
1742313600000,4,0.00005000
1742328000000,4,0.00005000
1742342400000,4,0.00005000
1742356800000,4,0.00005000
1742371200000,4,0.00005000
1742385600000,4,0.00005000
1742400000000,4,0.00005000
1742414400000,4,0.00005000
1742428800000,4,0.00005000
1742443200000,4,0.00005000
1742457600000,4,0.00005000
1742472000000,4,0.00005000
1742486400000,4,0.00005000
1742500800000,4,0.00005000
1742515200000,4,0.00005000
1742529600000,4,0.00005000
1742544000000,4,0.00005000
1742558400000,4,0.00005000
1742572800000,4,0.00005000
1742587200000,4,0.00005000
1742601600000,4,0.00005000
1742616000001,4,0.00005000
1742630400004,4,0.00005000
1742644800013,4,0.00005000
1742659200000,4,0.00005000
1742673600001,4,0.00005000
1742688000000,4,0.00005000
1742702400000,4,0.00005000
1742716800000,4,0.00005000
1742731200000,4,0.00005000
1742745600000,4,0.00005000
1742760000000,4,0.00005000
1742774400000,4,0.00005000
1742788800000,4,0.00005000
1742803200000,4,0.00005000
1742817600000,4,0.00005000
1742832000000,4,0.00005000
1742846400004,4,0.00005000
1742860800001,4,0.00005000
1742875200000,4,0.00005000
1742889600000,4,0.00005000
1742904000000,4,0.00005000
1742918400000,4,0.00005000
1742932800000,4,0.00005000
1742947200000,4,0.00005000
1742961600001,4,0.00005000
1742976000000,4,0.00005000
1742990400000,4,0.00005000
1743004800001,4,0.00005000
1743019200000,4,0.00005000
1743033600001,4,0.00005000
1743048000000,4,0.00005000
1743062400001,4,0.00005000
1743076800000,4,0.00005000
1743091200002,4,0.00005000
1743105600000,4,0.00005000
1743120000001,4,0.00005000
1743134400000,4,0.00005000
1743148800001,4,0.00005000
1743163200000,4,0.00005000
1743177600000,4,0.00005000
1743192000000,4,0.00005000
1743206400000,4,0.00005000
1743220800001,4,0.00005000
1743235200000,4,0.00005000
1743249600000,4,0.00005000
1743264000000,4,0.00005000
1743278400000,4,0.00005000
1743292800000,4,0.00005000
1743307200000,4,0.00005000
1743321600000,4,0.00005000
1743336000000,4,0.00005000
1743350400000,4,0.00005000
1743364800000,4,0.00005000
1743379200000,4,0.00005000
1743393600000,4,0.00005000
1743408000000,4,0.00005000
1743422400000,4,0.00005000
1743436800000,4,0.00005000
1743451200000,4,0.00005000
1743465600000,4,0.00005000
1743480000001,4,0.00005000
1743494400001,4,0.00005000
1743508800000,4,0.00005000
1743523200000,4,0.00005000
1743537600003,4,0.00005000
1743552000001,4,0.00005000
1743566400001,4,0.00005000
1743580800000,4,0.00005000
1743595200002,4,0.00005000
1743609600000,4,0.00005000
1743624000000,4,0.00005000
1743638400000,4,0.00005000
1743652800000,4,0.00005000
1743667200000,4,0.00005000
1743681600000,4,0.00005000
1743696000000,4,0.00005000
1743710400000,4,0.00005000
1743724800000,4,0.00005000
1743739200000,4,0.00005000
1743753600000,4,0.00005000
1743768000000,4,0.00005000
1743782400000,4,0.00005000
1743796800001,4,0.00005000
1743811200000,4,0.00005000
1743825600000,4,0.00005000
1743840000000,4,0.00005000
1743854400000,4,0.00005000
1743868800000,4,0.00005000
1743883200000,4,0.00005000
1743897600000,4,0.00005000
1743912000000,4,0.00005000
1743926400000,4,0.00005000
1743940800001,4,0.00005000
1743955200002,4,0.00005000
1743969600001,4,0.00005000
1743984000000,4,0.00005000
1743998400000,4,0.00005000
1744012800000,4,0.00005000
1744027200000,4,0.00005000
1744041600000,4,0.00005000
1744056000000,4,0.00005000
1744070400000,4,0.00005000
1744084800000,4,0.00005000
1744099200000,4,0.00005000
1744113600000,4,0.00005000
1744128000000,4,0.00005000
1744142400000,4,0.00005000
1744156800000,4,0.00005000
1744171200000,4,0.00005000
1744185600001,4,0.00005000
1744200000000,4,0.00005000
1744214400000,4,0.00005000
1744228800000,4,0.00005000
1744243200000,4,0.00005000
1744257600000,4,0.00005000
1744272000000,4,0.00005000
1744286400000,4,0.00005000
1744300800000,4,0.00005000
1744315200000,4,0.00005000
1744329600001,4,0.00005000
1744344000001,4,0.00005000
1744358400000,4,0.00005000
1744372800000,4,0.00005000
1744387200000,4,0.00005000
1744401600001,4,0.00005000
1744416000000,4,0.00005000
1744430400000,4,0.00005000
1744444800001,4,0.00005000
1744459200001,4,0.00005000
1744473600000,4,0.00005000
1744488000000,4,0.00005000
1744502400000,4,0.00005000
1744516800000,4,0.00005000
1744531200000,4,0.00005000
1744545600000,4,0.00005000
1744560000000,4,0.00005000
1744574400000,4,0.00005000
1744588800000,4,0.00005000
1744603200000,4,0.00005000
1744617600000,4,0.00005000
1744632000002,4,0.00005000
1744646400000,4,0.00005000
1744660800000,4,0.00005000
1744675200000,4,0.00005000
1744689600001,4,0.00005000
1744704000000,4,0.00005000
1744718400000,4,0.00005000
1744732800001,4,0.00005000
1744747200000,4,0.00005000
1744761600000,4,0.00005000
1744776000000,4,0.00005000
1744790400000,4,0.00005000
1744804800000,4,0.00005000
1744819200000,4,0.00005000
1744833600000,4,0.00005000
1744848000001,4,0.00005000
1744862400000,4,0.00005000
1744876800000,4,0.00005000
1744891200000,4,0.00005000
1744905600001,4,0.00005000
1744920000001,4,0.00005000
1744934400000,4,0.00005000
1744948800000,4,0.00005000
1744963200000,4,0.00005000
1744977600000,4,0.00005000
1744992000000,4,0.00005000
1745006400000,4,0.00005000
1745020800000,4,0.00005000
1745035200000,4,0.00005000
1745049600000,4,0.00005000
1745064000000,4,0.00005000
1745078400000,4,0.00005000
1745092800000,4,0.00005000
1745107200000,4,0.00005000
1745121600000,4,0.00005000
1745136000000,4,0.00005000
1745150400001,4,0.00005000
1745164800000,4,0.00005000
1745179200000,4,0.00005000
1745193600000,4,0.00005000
1745208000000,4,0.00005000
1745222400005,4,0.00005000
1745236800002,4,0.00005000
1745251200003,4,0.00005000
1745265600006,4,0.00005000
1745280000008,4,0.00005000
1745294400000,4,0.00005000
1745308800000,4,0.00005000
1745323200001,4,0.00005000
1745337600000,4,0.00005000
1745352000004,4,0.00005000
1745366400000,4,0.00005000
1745380800000,4,0.00005000
1745395200002,4,0.00005000
1745409600005,4,0.00005000
1745424000000,4,0.00005000
1745438400001,4,0.00005000
1745452800000,4,0.00005000
1745467200003,4,0.00005000
1745481600001,4,0.00005000
1745496000001,4,0.00005000
1745510400001,4,0.00005000
1745524800006,4,0.00005000
1745539200007,4,0.00005000
1745553600001,4,0.00005000
1745568000002,4,0.00005000
1745582400000,4,0.00005000
1745596800003,4,0.00005000
1745611200001,4,0.00005000
1745625600002,4,0.00005000
1745640000001,4,0.00005000
1745654400000,4,0.00005000
1745668800000,4,0.00005000
1745683200002,4,0.00005000
1745697600000,4,0.00005000
1745712000001,4,0.00005000
1745726400001,4,0.00005000
1745740800000,4,0.00005000
1745755200000,4,0.00005000
1745769600000,4,0.00005000
1745784000003,4,0.00005000
1745798400001,4,0.00005000
1745812800001,4,0.00005000
1745827200003,4,0.00005000
1745841600000,4,0.00005000
1745856000005,4,0.00005000
1745870400002,4,0.00005000
1745884800000,4,0.00005000
1745899200000,4,0.00005000
1745913600000,4,0.00005000
1745928000001,4,0.00005000
1745942400010,4,0.00005000
1745956800002,4,0.00005000
1745971200001,4,0.00005000
1745985600001,4,0.00005000
1746000000000,4,0.00005000
1746014400001,4,0.00005000
1746028800003,4,0.00005000
1746043200002,4,0.00005000
1746057600000,4,0.00005000
1746072000008,4,0.00005000
1746086400000,4,0.00005000
1746100800001,4,0.00005000
1746115200001,4,0.00005000
1746129600000,4,0.00005000
1746144000000,4,0.00005000
1746158400000,4,0.00005000
1746172800000,4,0.00005000
1746187200005,4,0.00005000
1746201600003,4,0.00005000
1746216000003,4,0.00005000
1746230400000,4,0.00005000
1746244800001,4,0.00005000
1746259200000,4,0.00005000
1746273600006,4,0.00005000
1746288000000,4,0.00005000
1746302400000,4,0.00005000
1746316800001,4,0.00005000
1746331200004,4,0.00005000
1746345600001,4,0.00005000
1746360000006,4,0.00005000
1746374400002,4,0.00005000
1746388800000,4,0.00005000
1746403200000,4,0.00005000
1746417600000,4,0.00005000
1746432000000,4,0.00005000
1746446400000,4,0.00005000
1746460800006,4,0.00005000
1746475200000,4,0.00005000
1746489600002,4,0.00005000
1746504000000,4,0.00005000
1746518400005,4,0.00005000
1746532800000,4,0.00005000
1746547200000,4,0.00005000
1746561600000,4,0.00005000
1746576000002,4,0.00005000
1746590400004,4,0.00005000
1746604800000,4,0.00005000
1746619200000,4,0.00005000
1746633600006,4,0.00005000
1746648000000,4,0.00005000
1746662400000,4,0.00005000
1746676800005,4,0.00005000
1746691200001,4,0.00005000
1746705600000,4,0.00005000
1746720000002,4,0.00005000
1746734400006,4,0.00005000
1746748800001,4,0.00005000
1746763200000,4,0.00005000
1746777600006,4,0.00005000
1746792000000,4,0.00005000
1746806400000,4,0.00005000
1746820800000,4,0.00005000
1746835200001,4,0.00005000
1746849600003,4,0.00005000
1746864000000,4,0.00005000
1746878400000,4,0.00005000
1746892800001,4,0.00005000
1746907200000,4,0.00005000
1746921600000,4,0.00005000
1746936000000,4,0.00005000
1746950400001,4,0.00005000
1746964800001,4,0.00005000
1746979200001,4,0.00005000
1746993600000,4,0.00005000
1747008000004,4,0.00005000
1747022400003,4,0.00005000
1747036800000,4,0.00005000
1747051200000,4,0.00005000
1747065600000,4,0.00005000
1747080000004,4,0.00005000
1747094400000,4,0.00005000
1747108800000,4,0.00005000
1747123200008,4,0.00005000
1747137600000,4,0.00005000
1747152000001,4,0.00005000
1747166400006,4,0.00005000
1747180800007,4,0.00005000
1747195200000,4,0.00005000
1747209600000,4,0.00005000
1747224000000,4,0.00005000
1747238400002,4,0.00005000
1747252800007,4,0.00005000
1747267200000,4,0.00005000
1747281600000,4,0.00005000
1747296000003,4,0.00005000
1747310400000,4,0.00005000
1747324800000,4,0.00005000
1747339200001,4,0.00005000
1747353600001,4,0.00005000
1747368000001,4,0.00005000
1747382400000,4,0.00005000
1747396800006,4,0.00005000
1747411200000,4,0.00005000
1747425600002,4,0.00005000
1747440000000,4,0.00005000
1747454400000,4,0.00005000
1747468800001,4,0.00005000
1747483200002,4,0.00005000
1747497600004,4,0.00005000
1747512000003,4,0.00005000
1747526400000,4,0.00005000
1747540800003,4,0.00005000
1747555200000,4,0.00005000
1747569600010,4,0.00005000
1747584000000,4,0.00005000
1747598400001,4,0.00005000
1747612800000,4,0.00005000
1747627200004,4,0.00005000
1747641600006,4,0.00005000
1747656000000,4,0.00005000
1747670400010,4,0.00005000
1747684800000,4,0.00005000
1747699200000,4,0.00005000
1747713600000,4,0.00005000
1747728000002,4,0.00005000
1747742400003,4,0.00005000
1747756800000,4,0.00005000
1747771200000,4,0.00005000
1747785600000,4,0.00005000
1747800000000,4,0.00005000
1747814400001,4,0.00005000
1747828800007,4,0.00005000
1747843200004,4,0.00005000
1747857600001,4,0.00005000
1747872000001,4,0.00005000
1747886400000,4,0.00005000
1747900800000,4,0.00005000
1747915200000,4,0.00005000
1747929600002,4,0.00005000
1747944000001,4,0.00005000
1747958400006,4,0.00005000
1747972800000,4,0.00005000
1747987200000,4,0.00005000
1748001600003,4,0.00005000
1748016000007,4,0.00005000
1748030400006,4,0.00005000
1748044800010,4,0.00005000
1748059200000,4,0.00005000
1748073600000,4,0.00005000
1748088000007,4,0.00005000
1748102400003,4,0.00005000
1748116800000,4,0.00005000
1748131200004,4,0.00005000
1748145600001,4,0.00005000
1748160000000,4,0.00005000
1748174400000,4,0.00005000
1748188800000,4,0.00005000
1748203200010,4,0.00005000
1748217600000,4,0.00005000
1748232000000,4,0.00005000
1748246400000,4,0.00005000
1748260800000,4,0.00005000
1748275200002,4,0.00005000
1748289600000,4,0.00005000
1748304000003,4,0.00005000
1748318400000,4,0.00005000
1748332800001,4,0.00005000
1748347200005,4,0.00005000
1748361600005,4,0.00005000
1748376000005,4,0.00005000
1748390400002,4,0.00005000
1748404800010,4,0.00005000
1748419200003,4,0.00005000
1748433600000,4,0.00005000
1748448000002,4,0.00005000
1748462400000,4,0.00005000
1748476800000,4,0.00005000
1748491200000,4,0.00005000
1748505600006,4,0.00005000
1748520000001,4,0.00005000
1748534400000,4,0.00005000
1748548800010,4,0.00005000
1748563200003,4,0.00005000
1748577600000,4,0.00005000
1748592000003,4,0.00005000
1748606400006,4,0.00005000
1748620800000,4,0.00005000
1748635200005,4,0.00005000
1748649600000,4,0.00005000
1748664000004,4,0.00005000
1748678400000,4,0.00005000
1748692800000,4,0.00005000
1748707200000,4,0.00005000
1748721600004,4,0.00005000
1748736000001,4,0.00005000
1748750400001,4,0.00005000
1748764800002,4,0.00005000
1748779200008,4,0.00005000
1748793600000,4,0.00005000
1748808000003,4,0.00005000
1748822400001,4,0.00005000
1748836800004,4,0.00005000
1748851200000,4,0.00005000
1748865600002,4,0.00005000
1748880000000,4,0.00005000
1748894400002,4,0.00005000
1748908800000,4,0.00005000
1748923200001,4,0.00005000
1748937600000,4,0.00005000
1748952000000,4,0.00005000
1748966400001,4,0.00005000
1748980800000,4,0.00005000
1748995200000,4,0.00005000
1749009600001,4,0.00005000
1749024000000,4,0.00005000
1749038400000,4,0.00005000
1749052800000,4,0.00005000
1749067200001,4,0.00005000
1749081600016,4,0.00005000
1749096000001,4,0.00005000
1749110400000,4,0.00005000
1749124800003,4,0.00005000
1749139200000,4,0.00005000
1749153600002,4,0.00005000
1749168000002,4,0.00005000
1749182400000,4,0.00005000
1749196800000,4,0.00005000
1749211200002,4,0.00005000
1749225600006,4,0.00005000
1749240000000,4,0.00005000
1749254400000,4,0.00005000
1749268800000,4,0.00005000
1749283200000,4,0.00005000
1749297600000,4,0.00005000
1749312000002,4,0.00005000
1749326400002,4,0.00005000
1749340800000,4,0.00005000
1749355200000,4,0.00005000
1749369600000,4,0.00005000
1749384000020,4,0.00005000
1749398400000,4,0.00005000
1749412800001,4,0.00005000
1749427200000,4,0.00005000
1749441600003,4,0.00005000
1749456000001,4,0.00005000
1749470400000,4,0.00005000
1749484800001,4,0.00005000
1749499200012,4,0.00005000
1749513600000,4,0.00005000
1749528000000,4,0.00005000
1749542400001,4,0.00005000
1749556800005,4,0.00005000
1749571200003,4,0.00005000
1749585600010,4,0.00005000
1749600000000,4,0.00005000
1749614400006,4,0.00005000
1749628800000,4,0.00005000
1749643200007,4,0.00005000
1749657600010,4,0.00005000
1749672000012,4,0.00005000
1749686400002,4,0.00005000
1749700800000,4,0.00005000
1749715200003,4,0.00005000
1749729600001,4,0.00005000
1749744000001,4,0.00005000
1749758400003,4,0.00005000
1749772800000,4,0.00005000
1749787200002,4,0.00005000
1749801600001,4,0.00005000
1749816000000,4,0.00005000
1749830400004,4,0.00005000
1749844800001,4,0.00005000
1749859200000,4,0.00005000
1749873600000,4,0.00005000
1749888000000,4,0.00005000
1749902400007,4,0.00005000
1749916800000,4,0.00005000
1749931200005,4,0.00005000
1749945600005,4,0.00005000
1749960000004,4,0.00005000
1749974400009,4,0.00005000
1749988800000,4,0.00005000
1750003200000,4,0.00005000
1750017600000,4,0.00005000
1750032000000,4,0.00005000
1750046400009,4,0.00005000
1750060800000,4,0.00005000
1750075200000,4,0.00005000
1750089600003,4,0.00005000
1750104000000,4,0.00005000
1750118400000,4,0.00005000
1750132800000,4,0.00005000
1750147200006,4,0.00005000
1750161600001,4,0.00005000
1750176000001,4,0.00005000
1750190400000,4,0.00005000
1750204800001,4,0.00005000
1750219200001,4,0.00005000
1750233600001,4,0.00005000
1750248000003,4,0.00005000
1750262400001,4,0.00005000
1750276800000,4,0.00005000
1750291200005,4,0.00005000
1750305600005,4,0.00005000
1750320000003,4,0.00005000
